"scenario_id","scenario_set","targeted_class","pair_id","pair_arm","family_id","tau_family_level","candidate_id","J","J0","J1","minority_prop","mean_n_target","n_cv_target","N_total","sigma_log_n","mean_k_target","k_cv_target","K_total","sigma_log_k","nk_relationship","alignment_direction","alignment_strength","rho_true","tau","omega","scenario_seed","outcome_scenario_id","tau_true","omega_true","tau_plan_near_correct","omega_plan_near_correct","rho_plan_near_correct","I_C_S_star","T_C_S","B_C_S","J0_star_S","J1_star_S","J_min_star_S","B_J_S","nu_C_star_S","predicted_variance_S","predicted_se_S","predicted_power_S_0.05","predicted_power_S_0.10","predicted_power_S_0.20","sampling_status","I_C_H_star","T_C","B_C","R_H","J0_star","J1_star","J_min_star","B_J","nu_C_star","predicted_variance_H","predicted_se_H","predicted_power_H_0.05","predicted_power_H_0.10","predicted_power_H_0.20","R_H_status","near_correct_info_status","I_C_H_star_oracle","T_C_oracle","B_C_oracle","R_H_oracle","J0_star_oracle","J1_star_oracle","J_min_star_oracle","B_J_oracle","nu_C_star_oracle","predicted_variance_oracle","predicted_se_oracle","predicted_power_oracle_0.05","predicted_power_oracle_0.10","predicted_power_oracle_0.20","oracle_info_status","primary_status","F_I","F_I_status","I_C_H_star_tau_L","I_C_H_star_tau_U","predicted_se_tau_L","predicted_se_tau_U","nu_C_star_tau_L","nu_C_star_tau_U","delta_P_H_0.05","delta_P_H_0.10","delta_P_H_0.20","predicted_power_tau_L_0.10","predicted_power_tau_U_0.10","fragility_tau_L","fragility_tau_U","fragility_omega_plan","fragility_rho_plan","minority_study_count","N","K","mean_n","mean_k","n_cv","k_cv","J_prec","J_prec_over_J","J_k","J_k_over_J","minority_precision_share","minority_effect_share","largest_precision_share","largest_effect_share","spearman_n_k"
1,"broad",NA,NA,NA,NA,NA,NA,120,82,38,0.316666666666667,174.062107981497,0.533161827976437,20887,0.50018383827741,6.58552286104532,0.569216427799256,790,0.52977637034164,"positive","independent",0,0.625521914777346,0.207124644766154,0.245467648261547,8252123,1,0.207124644766154,0.245467648261547,0.2,0.25,0.5,31873.0334944493,35688.9208371866,0.893079217493142,61.4070745293819,26.4096867835707,26.4096867835707,0.841175891632506,52.0844199342362,0.000125497938584873,0.0112025862453664,0.99223152736423,0.999999999994573,1,"ok",1860.54389025819,2149.32524759817,0.865640922581311,0.0583736057185208,80.5206940633665,36.8621492617428,36.8621492617428,0.861665895885891,70.0289437646949,0.00214990897067466,0.0463671108726288,0.186279303382064,0.566376754221145,0.989092696250338,"ok","ok",1759.27594937747,2032.45257368556,0.86559262053888,0.0551963762622047,80.6653738903253,36.9652670731419,36.9652670731419,0.861985705384452,70.2188849855767,0.00227366264025573,0.0476829386705112,0.178684268504874,0.543224673647043,0.985237054704866,"ok","ok",0.902054307559759,"ok",10706.0625425935,1048.61270904284,0.0193292546484205,0.0617621544603183,62.2281236026772,71.7189073182906,0.595617047994374,0.640464081385048,0.108488143919279,0.999132722856714,0.358668641471666,0.05,0.3,0.15,0.5,38,20887,790,174.058333333333,6.58333333333333,0.529092536438779,0.561690001945688,93.2090441309685,0.776742034424738,91.4030462800234,0.761692052333529,0.334047839430993,0.332911392405063,0.0290349296049106,0.0240506329113924,0.993877453185616
2,"broad",NA,NA,NA,NA,NA,NA,96,71,25,0.260416666666667,218.326494772691,0.292200013811089,20959,0.286235807419854,7.39496952982154,0.588070858545325,710,0.54498526829609,"positive","independent",0,0.24322170758096,0.143791636744718,0.123568530064222,8252220,2,0.143791636744718,0.123568530064222,0.15,0.1,0.5,27738.2637941832,36127.0967615718,0.767796647963373,63.1701366736144,21.0114795511516,21.0114795511516,0.749193366695474,35.0715020165306,0.000144205132292339,0.0120085441370859,0.981567200735095,0.999999999549298,1,"ok",2711.5528593708,3534.58631320075,0.767148576693081,0.0977549597008092,70.654742342216,24.8384618179452,24.8384618179452,0.769805614538526,41.646840311456,0.00147516947205233,0.0384079350141651,0.246319376314838,0.720135364422429,0.999108073770433,"ok","ok",2924.86002398292,3817.13430420153,0.766244986654914,0.105444956673758,70.5126071196755,24.7722205625325,24.7722205625325,0.769563030418595,41.4880637324945,0.00136758681345476,0.0369808979536024,0.26189024516043,0.752092296673722,0.999549156393798,"ok","ok",0.910722192935197,"ok",8532.70078039948,761.7808140142,0.0216514375907546,0.072462778151261,37.265660816846,41.9516268898669,0.510435229775498,0.72348592917114,0.230740371971133,0.99440550905829,0.270919579887149,0.05,0.3,0.15,0.5,25,20959,710,218.322916666667,7.39583333333333,0.311178300818765,0.53816236067117,87.3909436126356,0.910322329298287,74.6151568975725,0.777241217683047,0.259735861835422,0.257746478873239,0.0223501523874026,0.0323943661971831,0.994128761375716
3,"broad",NA,NA,NA,NA,NA,NA,72,48,24,0.333333333333333,157.560415904905,0.468225999991773,11344,0.445223645365575,4.2673509970773,0.499422161325492,307,0.471891344205403,"positive","minority_favored",0.317660002969205,0.441058502608212,0.129738403260708,0.182619391885819,8252317,3,0.129738403260708,0.182619391885819,0.15,0.2,0.5,17590.9275699285,18045.6914141414,0.974799311715117,37.980118253303,18.7608604532904,18.7608604532904,0.885269316859939,42.2225880090342,0.0002273899420084,0.0150794543007498,0.899638839002827,0.999996837004315,1,"ok",1715.01528394745,1855.65538166091,0.924210012751626,0.0974943064900827,45.5951983171636,22.7730611272012,22.7730611272012,0.888569629039297,46.256587217582,0.00233234073039466,0.0482943136445136,0.173534168030004,0.526975772211144,0.981865853600502,"ok","ok",2170.33683960265,2339.75266074312,0.927592422915906,0.123378192023985,45.1982936606105,22.5649656035663,22.5649656035663,0.888440062121064,46.0976726169871,0.0018430318865768,0.0429305472429225,0.207227288079546,0.62577520972841,0.995334840203751,"ok","ok",0.886701085968146,"ok",5558.13790727283,629.730988933294,0.0268265816441245,0.0796989248937273,43.8496838388335,46.4949616505652,0.351338109969965,0.720911767773148,0.309457592135424,0.953992702784377,0.233080935011229,0.05,0.3,0.15,0.5,24,11344,307,157.555555555556,4.26388888888889,0.456842447964481,0.604685502117262,59.3142536357601,0.823809078274446,52.9191465468838,0.734988146484497,0.403846153846154,0.436482084690554,0.0288461538461538,0.0423452768729642,0.98514431329812
4,"broad",NA,NA,NA,NA,NA,NA,48,31,17,0.354166666666667,200.904848955246,0.784566356498181,9643,0.692583547085021,3.83731230828562,0.517450037345407,184,0.487080340129245,"positive","majority_favored",0.64397649914099,0.460859402833739,0.126480112338468,0.0700832255042042,8252414,4,0.126480112338468,0.0700832255042042,0.15,0.05,0.5,10605.964317315,15497.4055555556,0.684370314714581,20.6349493170706,7.49767093838793,7.49767093838793,0.781932754704222,10.384687067664,0.000377146281123131,0.0194202544041815,0.645265724754373,0.996224449027984,0.999999999999664,"ok",1434.28919049822,1685.72629053706,0.850843460501089,0.135234208562877,30.8541589220528,16.1947022240736,16.1947022240736,0.90291826727869,28.7598710562508,0.00278883786233553,0.0528094486085164,0.150142622855522,0.448487282191961,0.955245761407864,"ok","ok",1797.97075212849,2155.19512811163,0.834249636460464,0.169524495683355,30.7198386571539,15.7557807418657,15.7557807418657,0.8963311244989,27.3950425805782,0.00222473029400766,0.0471670466958412,0.175865148531662,0.534119616711966,0.98330892514955,"ok","ok",0.86056967757349,"ok",2973.44892928794,414.588942929378,0.0366775023713362,0.0982247965663167,19.1260775790968,31.3427691128712,0.175346661180162,0.567963479460971,0.493842639618643,0.734878739303375,0.166915259842405,0.05,0.3,0.15,0.5,17,9643,184,200.895833333333,3.83333333333333,0.756314299147041,0.479310932019239,30.4335907157498,0.634033139911454,39.1851851851852,0.816358024691358,0.226550163175071,0.277173913043478,0.090956942836088,0.0489130434782609,0.976016616674175
5,"broad",NA,NA,NA,NA,NA,NA,96,82,14,0.145833333333333,110.917166529192,0.25325062005104,10648,0.249325262050094,6.46795876781107,0.177517313009957,621,0.176142190609668,"positive","minority_favored",0.823961908408819,0.299319207173539,0.156681609446823,0.219456530443567,8252511,5,0.156681609446823,0.219456530443567,0.15,0.2,0.5,12028.7726771033,17984.4976190476,0.668841183773931,78.6142439587595,13.4874887272557,13.4874887272557,0.499984714223619,19.8917860610458,0.000332536004077456,0.0182355697491868,0.741403153685679,0.999410907038006,1,"ok",1501.31623370195,2789.19751488093,0.53826099646659,0.124810425302965,81.6777880988522,13.958480685381,13.958480685381,0.498605266743508,18.2689804094534,0.00266432874713997,0.0516171361772422,0.150818253001332,0.450480775759905,0.95581599752381,"ok","ok",1418.10751399475,2656.45230346901,0.533835112395158,0.117892951514008,81.7347683421928,13.9657331676856,13.9657331676856,0.498542445976032,18.2112417275153,0.00282066060614273,0.0531098917918567,0.145052016478469,0.430064205832488,0.945287263123233,"ok","ok",0.902659947634569,"ok",5058.80626225218,492.424466474199,0.0281193949667663,0.0901280934399996,19.0924932280318,17.8879790841602,0.311054769328748,0.738185693628724,0.444622175556757,0.921090209946599,0.182904516317876,0.05,0.3,0.15,0.5,14,10648,621,110.916666666667,6.46875,0.252701492738681,0.167781858827707,89.9925376262944,0.937422266940567,93.39815936062,0.972897493339792,0.206853281853282,0.181964573268921,0.0201737451737452,0.0144927536231884,0.951167730398091
6,"broad",NA,NA,NA,NA,NA,NA,96,72,24,0.25,119.89572563312,0.455395076163404,11510,0.43411587746053,4.94197210756829,0.38672014841577,474,0.373326549937163,"independent","independent",0,0.500328270043246,0.0730223961803131,0.169398776532034,8252608,6,0.0730223961803131,0.169398776532034,0.05,0.15,0.5,14018.0384887467,18237.4872849373,0.768638698398132,57.3982550552486,17.8581068800726,17.8581068800726,0.723948478247802,29.6552657536331,0.000285346627005704,0.0168922061023924,0.816716753695754,0.999914975156769,1,"ok",5475.67764545883,7129.42688931969,0.768038964486994,0.390616536675553,68.2827381097282,21.7749185002991,21.7749185002991,0.733307578556494,36.4763625667059,0.000730503192297549,0.02702782255931,0.437012182834948,0.949587828667375,0.999999917715787,"ok","ok",4108.98366848156,5384.82213343208,0.763067668098194,0.293121157555684,69.3616889560833,22.4537532238034,22.4537532238034,0.738987574329191,37.4229146667805,0.000973476733597767,0.0312005886738979,0.345344470976213,0.877350607816437,0.999990621233501,"ok","ok",0.870645615529719,"ok",5475.67764545883,708.302911386004,0.02702782255931,0.0751485287107801,36.4763625667059,39.4447227395872,0.337493151161948,0.694900176942947,0.262333189808965,0.949587828667375,0.254687651724428,0.05,0.3,0.15,0.5,24,11510,474,119.895833333333,4.9375,0.524198977073633,0.386307965364333,74.6466831608635,0.777569616258994,83.6470588235294,0.871323529411765,0.255302085189806,0.253164556962025,0.030030297629656,0.0253164556962025,-0.0908466613194465
7,"broad",NA,NA,NA,NA,NA,NA,72,43,29,0.402777777777778,137.107979086957,0.182028319700476,9872,0.180546947485422,8.65651341495686,0.396990590636051,623,0.382557469168681,"independent","majority_favored",0.530402594249608,0.578588784462772,0.13645446776427,0.147420094427653,8252705,7,0.13645446776427,0.147420094427653,0.15,0.15,0.5,16056.2109601045,17093.390139599,0.93932279255174,41.5867374638262,27.8502586653404,27.8502586653404,0.960864670862191,55.6739156743962,0.000249124778563197,0.0157836871029299,0.875497301738462,0.999989937838903,1,"ok",2310.47990854597,2417.28658155635,0.955815469367472,0.143899448897808,42.9068841938864,28.8892072762403,28.8892072762403,0.961880211031044,59.3476873179556,0.00173124206153226,0.0416081970473639,0.219220021037879,0.65703936786358,0.99717736253316,"ok","ok",2612.83008483214,2736.23727931113,0.954898942642116,0.162730179076766,42.8839220013036,28.8569229835015,28.8569229835015,0.961770681337826,59.1931553807577,0.00153090705102509,0.0391268073195998,0.241752553716546,0.710274987388215,0.99891951494564,"ok","ok",0.899605559132761,"ok",7073.85179371764,710.175395608002,0.023779461601434,0.0750493931230359,56.4679360095524,60.0026015145924,0.442064551641704,0.726330722320317,0.253957284239031,0.985103071460427,0.258772349140109,0.05,0.3,0.15,0.5,29,9872,623,137.111111111111,8.65277777777778,0.183534068952152,0.393310513170201,69.5840673225179,0.966445379479415,62.47046515371,0.867645349357083,0.380281690140845,0.362760834670947,0.0252692626346313,0.0337078651685393,0.280849747448622
8,"broad",NA,NA,NA,NA,NA,NA,72,57,15,0.208333333333333,278.138443223241,0.567703808558872,20026,0.52854827377971,5.05162947333883,0.431387043561335,364,0.41311767597839,"independent","majority_favored",0.24002188164377,0.557002630486386,0.221667807970371,0.21495810108594,8252802,8,0.221667807970371,0.21495810108594,0.2,0.2,0.5,18345.2695742198,32220.1155844156,0.569373177019054,48.5478639699276,11.4663753258543,11.4663753258543,0.618226560982579,15.1188935890441,0.000218039859475333,0.0147661728106959,0.885812711741437,0.999992897467729,1,"ok",898.132661457826,1385.64378012152,0.648169951283627,0.0489571798236179,56.6224493121436,14.8451983141957,14.8451983141957,0.658287595884586,21.4709435233157,0.0044536850419261,0.0667359351618459,0.11051386714326,0.299012385524481,0.816096325666317,"ok","ok",744.722813917928,1147.42141461167,0.64904036514777,0.040594814423685,56.6642776508858,14.8629392016679,14.8629392016679,0.658463029414793,21.5165415029018,0.00537112590784793,0.0732879656413516,0.0999815004538472,0.256461472727361,0.740728972793236,"ok","ok",0.893807479868154,"ok",4524.66814355774,480.485912924677,0.0297328561505248,0.0912409221584762,19.35870745045,21.816884242223,0.276994732659536,0.70883197486262,0.446266104071783,0.891099312889962,0.182267338027342,0.05,0.3,0.15,0.5,15,20026,364,278.138888888889,5.05555555555556,0.439639024522928,0.452630330080135,60.2622888288232,0.836976233733656,59.8987341772152,0.831926863572433,0.173548712771328,0.200549450549451,0.0292276627965674,0.0384615384615385,0.100369955055999
9,"broad",NA,NA,NA,NA,NA,NA,120,67,53,0.441666666666667,149.281407268853,0.135078556327426,17914,0.134468404216236,7.83071555048809,0.865465272392976,940,0.74770410409988,"independent","minority_favored",0.372292255451612,0.489758916155552,0.183357676997257,0.173289380139031,8252899,9,0.183357676997257,0.173289380139031,0.2,0.15,0.5,29449.4338339312,29693.1179069952,0.991793247383882,65.9422752751731,50.9528736285364,50.9528736285364,0.983557205969643,109.454142144994,0.000135826040750273,0.0116544429618182,0.989056267703471,0.99999999996998,1,"ok",2447.72719849486,2482.58732483268,0.985958146974685,0.0831162735520785,66.8230519717191,52.4469491069247,52.4469491069247,0.985471529468321,110.735468650987,0.001634169037489,0.0404248566786451,0.232252087968322,0.688737314984,0.998380908018787,"ok","ok",2742.07934980259,2780.71457743536,0.986106007446332,0.093111445376692,66.6545057762579,52.0423937832619,52.0423937832619,0.984845303815626,110.088037339323,0.00145874699077835,0.0381935464545825,0.254467258498574,0.737411593190789,0.999381844788918,"ok","ok",0.897788710799382,"ok",11750.9586040911,1201.08062826725,0.018449871574975,0.0577090485873465,105.15634218048,111.351619808662,0.627997459688925,0.595198439896132,0.070018319474863,0.999675260128926,0.404476820232793,0.05,0.3,0.15,0.5,53,17914,940,149.283333333333,7.83333333333333,0.128479859241979,0.658746300695495,117.988552760456,0.983237939670464,83.8966957842765,0.699139131535637,0.455850518400365,0.502127659574468,0.0117352170445483,0.0319148936170213,-0.0172824371969161
10,"broad",NA,NA,NA,NA,NA,NA,72,50,22,0.305555555555556,272.204863303935,0.660790170155087,19599,0.601921584363852,5.50539827477769,0.797812915795657,396,0.701828429448708,"negative","minority_favored",0.105101033717801,0.529230835314957,0.109806730358541,0.264594740937173,8252996,10,0.109806730358541,0.264594740937173,0.1,0.25,0.5,23279.4886342149,27668.6846315291,0.841365932072078,40.2997914940766,18.7311832146642,18.7311832146642,0.866499055734707,33.4777461861849,0.000171825080131744,0.0131082065947918,0.959324409050947,0.999999973048191,1,"ok",2108.54547268914,2485.05378514222,0.848490879873841,0.0905752487015593,46.2534262969354,20.2041774341621,20.2041774341621,0.846361147802203,36.7844445752795,0.00189704232221209,0.0435550493308422,0.200988381207819,0.608647800086339,0.993948236576006,"ok","ok",1848.20258605782,2178.24626736411,0.848481925000302,0.0793918893622703,46.2967053843796,20.2237701309242,20.2237701309242,0.846372429637589,36.8213367380283,0.00216426490806504,0.0465216606331399,0.181922633038123,0.553055038665466,0.986943465023999,"ok","ok",0.881788835506965,"ok",5165.23101208526,610.587972814135,0.0278282003061563,0.0809386344487267,38.1703879525561,40.0956568848349,0.324946722125891,0.712212285524208,0.325800538767974,0.938428976564342,0.226216691040134,0.05,0.3,0.15,0.5,22,19599,396,272.208333333333,5.5,0.669814672781186,0.864730757502328,49.5753103267544,0.688545976760478,41.4418604651163,0.575581395348837,0.301965639993809,0.30050505050505,0.0627353866790487,0.0757575757575758,-0.991725020124446
11,"broad",NA,NA,NA,NA,NA,NA,48,31,17,0.354166666666667,493.210237281394,0.558162736446684,23674,0.520774730415645,6.81539099986549,0.0951205119050428,327,0.094906399517485,"independent","minority_favored",0.706593396520475,0.375154195047799,0.173708511845762,0.235718285636685,8253093,11,0.173708511845762,0.235718285636685,0.15,0.25,0.5,39609.540523335,40924.4761904762,0.967869212032891,23.6443519363979,14.9747518707394,14.9747518707394,0.949604269522734,30.9457267952041,0.000100985771285165,0.0100491676911655,0.997855772352926,0.99999999999999,1,"ok",1337.44196986573,1445.32646579277,0.925356313275659,0.0337656522190105,30.9814148926402,16.9764911086427,16.9764911086427,0.914721201062341,33.5897537734791,0.00299078396680012,0.0546880605507283,0.144140581728929,0.427208837403002,0.944163474801816,"ok","ok",1118.2504631754,1212.20713780797,0.922491237922864,0.0282318463784404,30.9903756650955,16.9870576949708,16.9870576949708,0.914810145020657,33.447683079769,0.00357701617993658,0.0598081614826654,0.128316957745092,0.368635713425865,0.90088545942703,"ok","ok",0.925719366288107,"ok",6251.13612183487,464.338352549199,0.0252959222458539,0.0928138349562318,34.3925499631665,33.1762880450191,0.402718217109644,0.788185414049652,0.447356237331301,0.969988800533123,0.181803386483471,0.05,0.3,0.15,0.5,17,23674,327,493.208333333333,6.8125,0.502784699189674,0.107723901972128,38.3826554437479,0.799638655078081,47.4607190412783,0.988764980026631,0.40692732681683,0.376146788990826,0.0502762430939227,0.0275229357798165,-0.125490181733799
12,"broad",NA,NA,NA,NA,NA,NA,120,86,34,0.283333333333333,161.66827395179,0.759644394947463,19400,0.674953409385538,2.10271229528007,0.622445015912672,252,0.572240102792534,"positive","independent",0,0.474144223716576,0.154923161969928,0.251786684838007,8253190,12,0.154923161969928,0.251786684838007,0.15,0.25,0.5,20624.4424269567,26915.2833333333,0.766272536370229,49.8001783006359,20.3452843457216,20.3452843457216,0.823674242171102,33.5505097696276,0.000193944637008557,0.013926400719804,0.93647020299754,0.999999720172897,1,"ok",1511.30896533695,1921.89092587015,0.786365628243283,0.0732775671725131,75.7849351781203,30.2438699696264,30.2438699696264,0.815516030562839,51.9626878374597,0.00264671228169959,0.0514462076512894,0.159002301388486,0.47925682396731,0.968186904154599,"ok","ok",1463.75049594452,1860.15714409986,0.786896150460904,0.0709716396517641,76.1350521835962,30.3689226724876,30.3689226724876,0.815346842825835,52.2192943828028,0.00273270616206958,0.0522752920801938,0.155499284419929,0.4672925110315,0.963646964917149,"ok","ok",0.822387665756206,"ok",4870.25732720957,865.017772253631,0.0286585386687387,0.0680013415190409,44.1483605101808,59.4513603442035,0.288386547900825,0.622564153997865,0.175322710511801,0.926823807567918,0.304259653570053,0.05,0.3,0.15,0.5,34,19400,252,161.666666666667,2.1,0.680972259857545,0.627743886357729,81.2230635558929,0.676858862965774,86.2826086956522,0.719021739130435,0.268539915966387,0.253968253968254,0.025577731092437,0.0357142857142857,0.94623464082498
13,"broad",NA,NA,NA,NA,NA,NA,72,51,21,0.291666666666667,61.1705963307788,0.67735628053706,4404,0.614509629065651,5.9444955578947,0.891051167630576,428,0.764481692475003,"positive","minority_favored",0.891619588255708,0.743866826387239,0.270380752430792,0.189794866225566,8253287,13,0.270380752430792,0.189794866225566,0.25,0.2,0.5,7014.67052369195,7160.06205692574,0.979694095934104,38.6354282860221,19.2494928699013,19.2494928699013,0.887838804173484,53.3512412130408,0.000570233482312542,0.023879562020953,0.538310894382967,0.984270800408518,0.999999999805823,"ok",748.524038963025,813.043804828765,0.920644170114144,0.106708367333134,48.5378437273969,20.9477391686845,20.9477391686845,0.842341539094139,42.9153876926372,0.00534384975202859,0.0731016398723626,0.102605348203423,0.267283251137891,0.762474403428238,"ok","ok",644.499312929838,705.773172512488,0.913181937244058,0.0918787718900056,49.1353231282181,20.9525998117966,20.9525998117966,0.838311350244587,42.3994885666262,0.00620636813686634,0.0787805060714029,0.0951293817635652,0.236674155182912,0.69878321312448,"ok","ok",0.860677482795451,"ok",4088.41918568286,569.608852336707,0.0312789587151134,0.08379953921899,53.0277173394216,41.0663452383586,0.258606296508846,0.666373874238951,0.355452518918904,0.880733735105942,0.21435986086699,0.05,0.3,0.15,0.5,21,4404,428,61.1666666666667,5.94444444444444,0.614171801155876,0.798526591360876,51.0158288782497,0.708553178864579,44.2046332046332,0.613953238953239,0.530085959885387,0.58411214953271,0.0379656160458453,0.0514018691588785,0.994294866879328
14,"broad",NA,NA,NA,NA,NA,NA,36,19,17,0.472222222222222,71.1938867373181,0.481286915437522,2563,0.456447429556037,8.52654715743847,0.282173402142871,307,0.276786598969338,"negative","independent",0,0.788331347546773,0.0827037209059927,0.242110003204289,8253384,14,0.0827037209059927,0.242110003204289,0.1,0.25,0.5,4207.38829322163,4297.55492546669,0.97901908554775,13.4618748826039,14.943451006278,13.4618748826039,0.99727950214003,26.1983727896363,0.0009507085444061,0.0308335619805124,0.34564655645774,0.877443406203657,0.999990460460705,"ok",1287.81727086392,1292.08186729477,0.996699437908084,0.306084720761019,18.8715511059732,16.9183520734171,16.9183520734171,0.997021675912113,33.345468477545,0.00310603071607872,0.0557317747436659,0.140515186988841,0.414075797216212,0.936184734090288,"ok","ok",1260.63524852282,1266.17127962366,0.995627739161414,0.299624175537539,18.5932288044173,16.7607236378706,16.7607236378706,0.997313329116274,32.8707223778515,0.00317300345574748,0.0563294190964853,0.138477088788113,0.406612480459784,0.931236741114404,"ok","ok",0.855561846145917,"ok",2414.98181072564,348.815514332402,0.0406979996425187,0.10708585270141,32.1309261960988,33.5083305370643,0.148180421715625,0.51563068985516,0.555380418600314,0.663940339168975,0.148309649313814,0.05,0.3,0.15,0.5,17,2563,307,71.1944444444444,8.52777777777778,0.58627051384723,0.287900713928135,26.3888341586651,0.733023171074031,33.3153057617533,0.925425160048702,0.424032586558045,0.478827361563518,0.109164969450102,0.0521172638436482,-0.985002034566979
15,"broad",NA,NA,NA,NA,NA,NA,72,44,28,0.388888888888889,73.2284817963739,0.590875436356146,5272,0.547231891449571,4.00989511772059,0.252738106374818,289,0.248836010539236,"independent","independent",0,0.168304370567785,0.219822092989489,0.289165628047922,8253481,15,0.219822092989489,0.289165628047922,0.2,0.3,0.5,7362.07420644152,8023.96190476191,0.917511111571009,32.6814864357231,24.0943598410733,24.0943598410733,0.977124610462662,45.5674688032542,0.000543325140148704,0.0233093359010656,0.555601185677797,0.987393783196319,0.999999999936544,"ok",914.543271198739,963.093066029214,0.949589716152102,0.124223587749027,43.1776075332769,27.7285776200665,27.7285776200665,0.952528365261322,56.8527027696265,0.00437376789701486,0.066134468297665,0.115304305110104,0.31824618837708,0.844403669584578,"ok","ok",887.172815090626,933.165285009463,0.950713479532867,0.120505823523809,43.46072374301,27.8241861028206,27.8241861028206,0.951884391794939,57.2043337711042,0.00450870442822506,0.0671468869585557,0.113316953936199,0.310374982162456,0.833534807351217,"ok","ok",0.827051697238583,"ok",3679.39688457886,636.34544637356,0.0329717256495498,0.0792836298576527,52.5800173180015,57.4427856747078,0.223946463452701,0.608908121334159,0.301402445261253,0.84544855155593,0.236540430221771,0.05,0.3,0.15,0.5,28,5272,289,73.2222222222222,4.01388888888889,0.512361902926043,0.252595489512673,56.1859271079227,0.780360098721148,67.7380373073804,0.940806073713616,0.35878164556962,0.387543252595156,0.0425237341772152,0.0207612456747405,0.0704077922668094
16,"broad",NA,NA,NA,NA,NA,NA,120,87,33,0.275,478.110328421258,0.0663934533095016,57373,0.0663204604050148,3.10665632243035,0.355979072047194,373,0.345415305153869,"independent","minority_favored",0.776311868536141,0.546067580685485,0.239884652257751,0.228283947333402,8253578,16,0.239884652257751,0.228283947333402,0.25,0.25,0.5,71738.244198992,84441.4404761905,0.849562060931678,86.3595949930413,32.7555089960625,32.7555089960625,0.797482703069387,61.4950624632592,5.57582645723047e-05,0.00746714567772082,0.999998160619204,1,1,"ok",1146.82608983959,1398.4101464429,0.820092798065534,0.0159862581339244,86.3271233125349,32.8669795360572,32.8669795360572,0.798835794381485,59.2307110979948,0.00348788716566387,0.0590583369700153,0.132480950509855,0.384457245397296,0.914830782490939,"ok","ok",1270.50416648374,1551.94539656976,0.818652620956844,0.017710276863754,86.4184560192069,32.8851931079085,32.8851931079085,0.798655405470916,59.1535231846958,0.00314835645999528,0.0561102170731434,0.141624486740509,0.418224293796527,0.938948271228641,"ok","ok",0.892085583268965,"ok",9002.27720743802,971.475494091762,0.0210791844766959,0.0641673450813466,60.6433706938455,58.3309830967346,0.52640327255888,0.661747154527297,0.134540807734063,0.996612697031063,0.334865542503766,0.05,0.3,0.15,0.5,33,57373,373,478.108333333333,3.10833333333333,0.0703839447126181,0.345935394453158,119.40597283671,0.995049773639246,107.269853508096,0.893915445900797,0.292547313770544,0.32171581769437,0.0100152596776174,0.0187667560321716,-0.00235080623431248
17,"broad",NA,NA,NA,NA,NA,NA,48,33,15,0.3125,185.010090880198,0.444732127356838,8880,0.424823972913715,6.90055080354796,0.235285097706219,331,0.232122955688522,"positive","majority_favored",0.748428314411285,0.640972957728081,0.284310390600294,0.0751315619554953,8253675,17,0.284310390600294,0.0751315619554953,0.3,0.1,0.5,9828.88711955461,15356.746969697,0.640037055956556,29.2218954694624,12.0775808975253,12.0775808975253,0.827673858931284,16.8948385774392,0.000406963672625966,0.0201733406412018,0.646577375293232,0.996528484073022,0.999999999999868,"ok",426.285205178926,502.949520290434,0.847570557245512,0.0433706481714323,32.9944905212441,14.9853701962559,14.9853701962559,0.859114261216778,26.6934544829834,0.00938338922253017,0.0968678957267586,0.0788428943164946,0.168969310114634,0.512077563331926,"ok","ok",469.95070625422,555.779688869833,0.84557013447155,0.047813216342596,32.992285017164,14.9804826215437,14.9804826215437,0.85903061710255,26.6116909883736,0.00851153098988258,0.0922579589514237,0.081835816847594,0.181462042185174,0.551460887802078,"ok","ok",0.891005088738019,"ok",3825.28857500624,416.936988784275,0.0323368635428051,0.0979478219078557,21.5514590226565,26.6095715186225,0.236865739520363,0.673172538829762,0.496713495440465,0.839436092688748,0.166263553858986,0.05,0.3,0.15,0.5,15,8880,331,185,6.89583333333333,0.428624696309164,0.241621124834393,40.4765772923365,0.843262026923677,45.4044757563199,0.945926578256665,0.206387362637363,0.24773413897281,0.0417811355311355,0.0332326283987915,0.982002227297032
18,"broad",NA,NA,NA,NA,NA,NA,96,82,14,0.145833333333333,121.29665956753,0.324772070666586,11644,0.316665160163722,9.7607309470186,0.475247847110586,937,0.451268278938388,"positive","majority_favored",0.634734294988448,0.419262444239575,0.0930182372682611,0.088618385548034,8253772,18,0.0930182372682611,0.088618385548034,0.1,0.1,0.5,8527.83284287557,20590.1477953445,0.414170550286372,73.8847420761765,10.3630240339263,10.3630240339263,0.431503646499434,11.989697066415,0.000469052345853815,0.0216576163474611,0.564385015859218,0.988187955088735,0.999999999926966,"ok",2669.410725165,5943.03554424284,0.449166205601937,0.313023340671495,81.1101057116608,13.4102397372074,13.4102397372074,0.486990960817312,16.2998021196126,0.00149845805379116,0.0387099219037079,0.229298561779933,0.680502268458425,0.998034011874641,"ok","ok",3085.41117427546,6893.33838079007,0.447593169497336,0.36180483730437,81.0802216366747,13.3767604444341,13.3767604444341,0.486247897882738,16.2367284055167,0.00129642364471546,0.0360058834736139,0.257509324373554,0.742240620696107,0.999409791623157,"ok","ok",0.885730411751687,"ok",4170.1973484096,476.526733916971,0.0309707478057429,0.0916191715706196,14.0903494031667,17.5184178428476,0.243774040686683,0.673215847760465,0.459076960219145,0.851416263400876,0.178200415640411,0.05,0.3,0.15,0.5,14,11644,937,121.291666666667,9.76041666666667,0.331471390145675,0.382988206216835,86.1516861739084,0.897413397644879,83.8316623699036,0.873246483019829,0.120112715744981,0.115261472785486,0.0236879182810849,0.0245464247598719,0.992717511590056
19,"broad",NA,NA,NA,NA,NA,NA,96,71,25,0.260416666666667,51.5040671426118,0.219773924005131,4944,0.217187374248178,3.98981854409794,0.116331952574183,383,0.115941228037421,"positive","minority_favored",0.290547805780079,0.300669443584047,0.107143747881491,0.164756764356716,8253869,19,0.107143747881491,0.164756764356716,0.1,0.15,0.5,6413.49287895837,7465.2,0.859118694604078,67.5190096795338,23.2828729113085,23.2828729113085,0.762663420711762,44.0748617825403,0.000623685108176132,0.0249736883174298,0.499421222550452,0.974742367577768,0.999999997768895,"ok",2704.09492482557,3317.16815278962,0.815181745475134,0.421625933927092,69.8447622468947,24.542844417244,24.542844417244,0.769642037863915,43.6833813950519,0.0014792380116826,0.0384608633767185,0.24620620344507,0.719910093060859,0.999104679269264,"ok","ok",2725.61270914764,3368.37977640186,0.809176188576682,0.424981014337746,70.0501751382083,24.6481781411012,24.6481781411012,0.770139124188379,43.5287161377592,0.00146755993123135,0.0383087448401974,0.247755381898918,0.723228491947799,0.999162904285115,"ok","ok",0.817469517984839,"ok",3761.05629317301,686.507418079025,0.0326118231703346,0.0763321295093605,43.9090181893734,42.6419299589633,0.224790252142629,0.601461131567655,0.273965904999976,0.850527903888867,0.249066772321213,0.05,0.3,0.15,0.5,25,4944,383,51.5,3.98958333333333,0.239510740518375,0.117818249305832,90.2248969908853,0.939842676988388,94.6991607488702,0.986449591134065,0.308634020618557,0.276762402088773,0.0176116838487973,0.0130548302872063,0.719578471016252
20,"broad",NA,NA,NA,NA,NA,NA,48,42,6,0.125,55.2368177778021,0.605653897923912,2651,0.559003057759915,2.94429184871842,0.522232611304207,141,0.491082237718866,"independent","minority_favored",0.229076923042157,0.807595528892125,0.168028744660405,0.0771535591207794,8253966,20,0.168028744660405,0.0771535591207794,0.15,0.1,0.5,1629.11753530064,3562.80476190476,0.457257033200346,30.6767501523362,3.91642522984576,3.91642522984576,0.401585776911155,3.85901056583317,0.00245531701263153,0.0495511555125764,0.122237860855166,0.335187301146837,0.840498131334971,"ok",484.425493196694,1108.13130909378,0.437155316541733,0.297354538699566,40.0892360212835,5.40477698775731,5.40477698775731,0.418752155129588,5.73849865247823,0.00825720375202437,0.090869157319876,0.0750666927272331,0.152449843078998,0.449781123301716,"ok","ok",398.500311788659,932.179694909383,0.427493018743985,0.244611148768416,40.3081762760156,5.49125920706975,5.49125920706975,0.422089778229622,5.80911974063456,0.0100376333008275,0.100187989803307,0.0706687577742656,0.134331751510127,0.386047261804677,"ok","ok",0.800456083194526,"ok",891.570868914555,177.90754329287,0.0669810668724045,0.149945285125063,4.64390162468584,6.33595866145872,0.0334044742083253,0.1359668696311,0.445334992851866,0.224180881678947,0.0882140120478468,0.05,0.3,0.15,0.5,6,2651,141,55.2291666666667,2.9375,0.560784639243729,0.532068787153798,35.7058395777824,0.743871657870468,37.5822306238185,0.782963137996219,0.117670522536897,0.148936170212766,0.0602313522138014,0.0425531914893617,0.0884987830968898
21,"broad",NA,NA,NA,NA,NA,NA,24,20,4,0.166666666666667,102.293572081158,0.0404108371039911,2455,0.0403943535960585,6.70352301606908,0.106889488648085,161,0.106586050944942,"positive","independent",0,0.321579732676037,0.121456272733631,0.157898658394843,8254063,21,0.121456272733631,0.157898658394843,0.1,0.15,0.5,2311.43450653581,4143.21507936508,0.557884266749198,19.9378900424325,3.99012400779328,3.99012400779328,0.55579197399479,4.28740875916174,0.00173052707688217,0.0415996042875671,0.158437963313164,0.463636828145721,0.950340162666096,"ok",692.613215950972,1250.86231715515,0.553708594824561,0.299646481002399,19.9732357963527,3.99465210595309,3.99465210595309,0.555556014195261,4.27840403956548,0.00577522910028206,0.0759949281220929,0.0820196906222248,0.180042348668703,0.530828332960565,"ok","ok",582.869118968387,1053.43131310477,0.55330529073652,0.252167698163313,19.980528521875,3.99594839532205,3.99594839532205,0.555540975492714,4.27876429557049,0.00686260409039949,0.0828408358866537,0.0769082126837332,0.159281057362657,0.466320978331599,"ok","ok",0.881799090285403,"ok",1136.30715812457,134.312539805533,0.0593310623172109,0.172572549377963,4.2601878778478,4.29129175581889,0.0465303717918245,0.187696337130489,0.580557861282358,0.262515701184972,0.0748193640544831,0.05,0.3,0.15,0.5,4,2455,161,102.291666666667,6.70833333333333,0.0404081603420545,0.128000902404301,23.9602075905572,0.998341982939882,23.6289881494986,0.984541172895776,0.168275283256399,0.161490683229814,0.0449013848090642,0.0559006211180124,0.915327821195732
22,"broad",NA,NA,NA,NA,NA,NA,144,111,33,0.229166666666667,431.673535119813,0.509195251831989,62161,0.480145783911134,3.41730481784907,0.615532193256149,492,0.566808158988619,"negative","minority_favored",0.110810512167518,0.6762395954167,0.250034918225429,0.194339877459279,8254160,22,0.250034918225429,0.194339877459279,0.25,0.2,0.5,59765.4100225206,83542.4722222222,0.715389531010587,100.305194340438,28.4617297842429,28.4617297842429,0.688709482560283,45.546141826516,6.69283453170109e-05,0.00818097459457068,0.999970772971388,1,1,"ok",1291.83876541205,1805.76997860983,0.715394973177351,0.0216151577463496,109.776844774633,32.7653330370091,32.7653330370091,0.708106437042521,52.6106033220008,0.00309636164132615,0.0556449606103388,0.142816378824988,0.422530823566045,0.941547776733877,"ok","ok",1297.21519128738,1814.54469395963,0.714898451168295,0.0217051165682386,109.946634961716,32.8018349412112,32.8018349412112,0.707941136075191,52.6432872974363,0.00308352849000351,0.0555295280909491,0.143215418226691,0.423973012351877,0.942403210784618,"ok","ok",0.881305681527494,"ok",8551.99241153363,1015.07291086903,0.021627003087589,0.0627742274558161,50.8470463586527,52.6679728801957,0.498552515588998,0.648713811323693,0.121514247414114,0.994987509256127,0.346273697932434,0.05,0.3,0.15,0.5,33,62161,492,431.673611111111,3.41666666666667,0.521233135610536,0.580742444117187,113.066501795859,0.785184040249024,107.871657754011,0.749108734402852,0.226084984367153,0.24390243902439,0.0222909815483808,0.0223577235772358,-0.978075217532898
23,"broad",NA,NA,NA,NA,NA,NA,48,37,11,0.229166666666667,44.6567924024083,0.816820933474082,2144,0.714942959735473,7.89606846796232,0.559993458754616,379,0.522269932644542,"positive","independent",0,0.667628906777827,0.208461783167295,0.0842068301206746,8254257,23,0.208461783167295,0.0842068301206746,0.2,0.1,0.5,2403.0617927859,3566.90272814893,0.673711052959661,26.4814434311866,7.5573061959375,7.5573061959375,0.690909981291224,10.4248223813503,0.00166454313077099,0.0407988128598246,0.200094966689591,0.603453870696837,0.99293950528655,"ok",563.875755177129,810.619332674717,0.695611037694557,0.234648878722099,35.7213219630407,10.5981691731591,10.5981691731591,0.705814867955637,15.5854263976814,0.007093761282117,0.0842244696161216,0.0863490865943167,0.200140676669566,0.605232712759174,"ok","ok",504.06855111248,724.746177235591,0.695510465519329,0.209760961047991,35.6497747436268,10.5778511966331,10.5778511966331,0.705847781127941,15.5508110101749,0.00793542860623222,0.0890810227053564,0.0824268079467499,0.183823973373073,0.557870897245917,"ok","ok",0.817819408670556,"ok",1645.25691092031,299.733876920317,0.0493075170760957,0.115521303347704,11.8636234994443,16.0789730007359,0.0850624022859324,0.332807883869457,0.589816884736912,0.461650817605481,0.128842933736023,0.05,0.3,0.15,0.5,11,2144,379,44.6666666666667,7.89583333333333,0.551463670294141,0.620032822945913,35.7621814930711,0.745045447772314,34.87278465647,0.726516347009792,0.216,0.20844327176781,0.052,0.079155672823219,0.985056721493872
24,"broad",NA,NA,NA,NA,NA,NA,36,23,13,0.361111111111111,79.2734211206657,0.323154110387986,2854,0.315163573709681,2.63507531955838,0.0100240003026556,95,0.0100237485120157,"positive","majority_favored",0.880509788472409,0.847493010142352,0.0409501492245181,0.139555180827883,8254354,24,0.0409501492245181,0.139555180827883,0.05,0.15,0.5,2735.91314944057,4012,0.68193248989047,20.9329279978071,12.4309896585591,12.4309896585591,0.935064555092065,17.8955626165845,0.00146203471437604,0.0382365625334711,0.235881151706906,0.696072847940852,0.998528945856043,"ok",1348.98684081967,1748.54985675863,0.771488920150298,0.493066397628708,22.5834401316925,12.6901321141141,12.6901321141141,0.921334524320394,20.050516310409,0.00296518830203675,0.0544535426031837,0.141220129716548,0.416347819347467,0.937234179391196,"ok","ok",1291.72097446967,1679.81686610693,0.768965356005331,0.472135226490577,22.3826193414716,12.685695479863,12.685695479863,0.923539316175091,19.97763560476,0.00309664399592353,0.0556474976609329,0.137215194649913,0.401689871525105,0.927385174539546,"ok","ok",0.781229993027119,"ok",1348.98684081967,295.117860572444,0.0544535426031837,0.116421247533295,20.050516310409,23.9675309493064,0.071506825937065,0.285490888307181,0.55911467510484,0.416347819347467,0.130856931040286,0.05,0.3,0.15,0.5,13,2854,95,79.2777777777778,2.63888888888889,0.391751552281987,0.184598946027746,31.0031165456504,0.861197681823622,34.8455598455598,0.967932217932218,0.235979606700655,0.284210526315789,0.062272396212673,0.0315789473684211,0.832639584128594
25,"broad",NA,NA,NA,NA,NA,NA,144,80,64,0.444444444444444,323.911373139797,0.854700732955462,46643,0.74055256025652,5.79092309676344,0.877631174913768,834,0.755720280076102,"positive","majority_favored",0.557026705100725,0.519550208479632,0.194609377265297,0.110704396414803,8254451,25,0.194609377265297,0.110704396414803,0.2,0.1,0.5,62852.0084660925,79636.0137998686,0.789241016307577,45.2430554087388,26.8521438990757,26.8521438990757,0.934928050817087,44.962306671782,6.36415621015186e-05,0.0079775661765678,0.999984733044006,1,1,"ok",3024.53194331322,3112.4944549167,0.971738901746627,0.0481214843745988,79.799579268542,62.9515095105649,62.9515095105649,0.986070310197369,129.839430375673,0.00132251868221904,0.0363664499534811,0.276286852511056,0.779182700232607,0.999766099854959,"ok","ok",3119.06241077255,3217.26277513048,0.96947704579277,0.0496255010284234,79.7346370500024,62.7148725024133,62.7148725024133,0.985724702137301,128.988254195383,0.00128243666628308,0.0358111248955276,0.283347666646375,0.791495371154893,0.999830103530382,"ok","ok",0.894385046988983,"ok",13305.5605470817,1405.26615196527,0.0173385752593157,0.0533519998023984,84.5518266565836,131.605869131932,0.659984853571464,0.539393103113889,0.0390996471107384,0.999908355485598,0.460515252371709,0.05,0.3,0.15,0.5,64,46643,834,323.909722222222,5.79166666666667,0.905962926307563,0.873959562202227,78.6722100849769,0.546334792256784,81.8879208853308,0.568666117259242,0.292008396269287,0.28537170263789,0.0404449157127091,0.0359712230215827,0.993199522249504
26,"broad",NA,NA,NA,NA,NA,NA,96,55,41,0.427083333333333,212.609777806475,0.279701015168757,20411,0.274450856880727,7.67185321319266,0.682253079837392,736,0.618203452391488,"negative","majority_favored",0.0624317446636269,0.233024925057543,0.139924419550807,0.037971787823044,8254548,26,0.139924419550807,0.037971787823044,0.15,0.05,0.5,33300.2735465947,33586.9447711323,0.99146480197913,53.3221557751909,39.8324278666431,39.8324278666431,0.979030024566535,86.0701493282946,0.000120119133387991,0.0109598874715022,0.994624344702782,0.999999999999165,1,"ok",3628.71450964352,3704.91596559175,0.979432338909727,0.108969510552702,54.9851037532661,40.9881662460629,40.9881662460629,0.978730099292566,86.41905403103,0.00110231873832173,0.0332011857969219,0.319202635179933,0.845742949129692,0.999967775142781,"ok","ok",4339.08932924721,4434.69298357972,0.97844187755804,0.130301912480563,54.9977522660969,40.9923821834655,40.9923821834655,0.978711945246519,86.2685651320663,0.000921852420285148,0.0303620226645912,0.370300506974325,0.90264020715561,0.999997349966046,"ok","ok",0.903464900194738,"ok",10013.9087327409,966.693678955926,0.0199861057594263,0.0643258533438441,81.3006890084505,85.9557192626414,0.575782134710575,0.662097486346009,0.13257803240752,0.99857578084279,0.336478294496782,0.05,0.3,0.15,0.5,41,20411,736,212.614583333333,7.66666666666667,0.268727402067319,0.643929583824571,89.4252456330853,0.931512975344639,68.0693641618497,0.709055876685934,0.470506385727774,0.366847826086957,0.0203250012423595,0.0407608695652174,-0.994432341261692
27,"broad",NA,NA,NA,NA,NA,NA,144,116,28,0.194444444444444,114.506007018673,0.585205249379942,16489,0.542685556547902,9.67404564781464,0.155983704007667,1393,0.155047200834189,"negative","majority_favored",0.870979298873863,0.33414931789448,0.229660441756714,0.231223772208905,8254645,27,0.229660441756714,0.231223772208905,0.25,0.25,0.5,16988.2581297142,28823.7227494727,0.589384593980837,80.3628642318166,25.8336849893328,25.8336849893328,0.736344332111918,36.3520485620474,0.000235456747210804,0.0153445999364859,0.887110134654161,0.999994002699926,1,"ok",1197.43601778987,1900.59089045084,0.630033545781031,0.0704860974354653,115.822396185379,27.9938628918225,27.9938628918225,0.627045986656253,41.1720390049799,0.00334047075632724,0.057796805762319,0.13495921433679,0.393666324198011,0.921999682824767,"ok","ok",1432.2967488238,2276.4199934814,0.62918826619219,0.0843109833796654,115.883558089605,27.9960765710426,27.9960765710426,0.626874108209022,41.1426244156864,0.00279271736341285,0.0528461669699218,0.152115340868089,0.455522075125155,0.958618456345521,"ok","ok",0.89143906570444,"ok",8438.8057433263,916.124635834243,0.0217715575971082,0.066077364779484,40.6234706656514,41.1724831737477,0.496517722100474,0.678910027858247,0.159747599144486,0.994168536223742,0.315258508365495,0.05,0.3,0.15,0.5,28,16489,1393,114.506944444444,9.67361111111111,0.623912238726763,0.150638836332097,102.298638794226,0.71040721384879,140.826547644967,0.977962136423382,0.179298748209504,0.183776022972003,0.032073239085757,0.0100502512562814,-0.976096394047697
28,"broad",NA,NA,NA,NA,NA,NA,36,24,12,0.333333333333333,206.277106075378,0.880514887961908,7426,0.757610101574849,8.77872175365337,0.749934420122736,316,0.668000109818124,"positive","majority_favored",0.395276734081563,0.765592388776713,0.112027237025759,0.0316039483764325,8254742,28,0.112027237025759,0.0316039483764325,0.1,0.05,0.5,9818.60162892482,13285.2611836993,0.739059736437247,13.9970649532762,6.27235826882596,6.27235826882596,0.854761680903013,8.86238002649845,0.000407389988021952,0.0201839041818463,0.596767473179166,0.991988638272375,0.999999999983681,"ok",2021.86451834478,2448.75144265712,0.825671598645744,0.205921840477622,23.3973280117757,10.7534843556412,10.7534843556412,0.862925662313538,18.0860599440003,0.00197837192537245,0.0444788930322288,0.186682409053004,0.566764390029031,0.988903717345295,"ok","ok",1608.32629159717,1938.05358855949,0.829866780305393,0.163804007167291,23.4046478465764,10.8901854325688,10.8901854325688,0.866842079356713,18.4221451775465,0.00248705752116241,0.0498704072688645,0.158303361940855,0.476297275305655,0.966657914352957,"ok","ok",0.901602554220342,"ok",3218.03953418307,316.646870581574,0.0352561031451165,0.1123938105354,13.7734610317456,21.2722228166767,0.190771005391053,0.614036107224558,0.602240880352369,0.750035098410287,0.135998991185728,0.05,0.3,0.15,0.5,12,7426,316,206.277777777778,8.77777777777778,0.834057061396045,0.716447389392032,21.2209408947067,0.589470580408519,24.015392015392,0.667094222649778,0.250204974036622,0.253164556962025,0.10549330418147,0.0917721518987342,0.995160846128788
29,"broad",NA,NA,NA,NA,NA,NA,48,30,18,0.375,93.9448774506368,0.190629571194586,4509,0.188930996908463,4.17907056640252,0.482920518456012,201,0.457845314439947,"negative","independent",0,0.351785574114183,0.280270805153268,0.201100815858517,8254839,29,0.280270805153268,0.201100815858517,0.3,0.2,0.5,6220.46255171068,6773.72510822511,0.918322260251952,29.534919418773,17.7174507388934,17.7174507388934,0.937453685381121,34.25521231448,0.000643038996979408,0.0253582135999247,0.482664048866281,0.969309853741129,0.999999993775315,"ok",417.480958838153,443.695444020585,0.940917840073164,0.0671141342573218,29.9687293725098,17.987725909689,17.987725909689,0.937584531002621,36.1209816342802,0.00958127530206881,0.0978839889975312,0.078786362164744,0.168752316368185,0.511531840868221,"ok","ok",473.208829306011,502.364754079877,0.941962638626454,0.0760729327396842,29.9508450386661,17.9793918647841,17.9793918647841,0.937615802736098,36.168636071247,0.00845292765535724,0.0919398045209867,0.0826923667260301,0.185058972524101,0.562558614029115,"ok","ok",0.848472182995074,"ok",2876.25291534648,435.832325416508,0.0372920673358635,0.0958010516254649,36.2498784706516,36.0223385030393,0.176846336889525,0.568045891499047,0.470752904677159,0.742142385847069,0.174096494348021,0.05,0.3,0.15,0.5,18,4509,201,93.9375,4.1875,0.201831413272356,0.417002143171246,46.0404096298784,0.959175200622467,41.0162436548223,0.854505076142132,0.347079037800687,0.427860696517413,0.0297823596792669,0.0497512437810945,-0.973339658152673
30,"broad",NA,NA,NA,NA,NA,NA,120,80,40,0.333333333333333,142.262023997677,0.729677110563716,17071,0.653340533807731,4.81616815447342,0.142066605242144,578,0.141357507299082,"negative","minority_favored",0.595876483450411,0.125421875718166,0.0362499818266951,0.272724828212231,8254936,30,0.0362499818266951,0.272724828212231,0.05,0.25,0.5,24072.6320725654,27165.6761904762,0.886141464095225,52.7336636167132,30.9893904051831,30.9893904051831,0.932547248726214,58.7106257348653,0.00016616379912019,0.0128904537980705,0.968179147234655,0.999999992718831,1,"ok",4966.65683893714,5431.30550194188,0.91444991211807,0.206319642321018,78.5943000717482,39.7879998694976,39.7879998694976,0.892543935306593,80.7765454227337,0.000805370721134016,0.0283790542677873,0.413412134435091,0.935941010874127,0.999999716183728,"ok","ok",5365.3674166309,5904.32634458418,0.908717964336838,0.222882458405768,79.6124055256324,39.8695365387761,39.8695365387761,0.8893595625858,80.2945695394461,0.000745522103034602,0.027304250640415,0.440203936238357,0.951373829382015,0.999999933738126,"ok","ok",0.873441210637818,"ok",8366.16888491325,1058.81220567418,0.0218658659859364,0.061463958383651,79.3449303470428,78.7329835642205,0.490904469874967,0.632439297016595,0.10491449693686,0.99472676691174,0.362287469895145,0.05,0.3,0.15,0.5,40,17071,578,142.258333333333,4.81666666666667,0.6821077558482,0.144900235253378,80.9996879021776,0.674997399184814,117.552427867699,0.979603565564157,0.327748189815092,0.337370242214533,0.0344683142840045,0.0103806228373702,-0.911303517062101
31,"broad",NA,NA,NA,NA,NA,NA,48,36,12,0.25,58.5555757580754,0.742478752711031,2811,0.66262883947971,9.20874554637703,0.642699932654432,442,0.588013462994183,"negative","minority_favored",0.430492603300081,0.274503555672709,0.0320607902748452,0.117435696238972,8255033,31,0.0320607902748452,0.117435696238972,0.05,0.1,0.5,3473.02939310164,4501.66327829259,0.771499150069461,30.177243556785,9.74986144581903,9.74986144581903,0.738248136779607,15.4438059519219,0.00115173226231401,0.0339371811191503,0.282193029789184,0.788014539170411,0.999798561046239,"ok",2304.0824059859,3047.92261185577,0.755951741367551,0.663421510501013,33.177902038535,10.8972578907113,10.8972578907113,0.744454821590441,17.1320229884387,0.00173604901873656,0.0416659215515097,0.205261939530882,0.619532216321223,0.994720134870507,"ok","ok",3244.81858786836,4323.61408774735,0.750487560178838,0.934290563251045,34.4180362838386,11.3420532713668,11.3420532713668,0.745699807045707,17.7846969469829,0.00123273455562511,0.0351103197881351,0.270661227638405,0.767837455947043,0.999673387899837,"ok","ok",0.830312916569608,"ok",1984.41338970467,336.729320419204,0.044896648378285,0.108990721798146,17.6214344117173,18.7923315468896,0.111669796414367,0.417273360987708,0.573945405722821,0.557739225794312,0.140465864806605,0.05,0.3,0.15,0.5,12,2811,442,58.5625,9.20833333333333,0.498996491865329,0.589284487661203,37.7700256476973,0.786875534327027,35.8203153648698,0.746256570101455,0.264341957255343,0.260180995475113,0.0434945631796025,0.0633484162895928,-0.996217565125822
32,"broad",NA,NA,NA,NA,NA,NA,144,79,65,0.451388888888889,294.092311808279,0.63694579872099,42349,0.583554079882686,9.35556628825725,0.319752825653268,1347,0.312003475885968,"negative","independent",0,0.700650007612421,0.146943948066037,0.20891092813632,8255130,32,0.146943948066037,0.20891092813632,0.15,0.2,0.5,72825.3111157264,73681.9021713495,0.988374471472913,61.6868932648714,50.6674161431913,50.6674161431913,0.990380721343274,105.747504773929,5.49259582790332e-05,0.00741120491411708,0.999998845812344,1,1,"ok",4788.66070381614,4833.81325486368,0.990659020390972,0.0657554445075628,78.9305632410976,64.9201835821097,64.9201835821097,0.990514164993811,136.583528215738,0.000835306622749937,0.0289016716255295,0.404459151187761,0.929976207000843,0.999999546452467,"ok","ok",4731.21740113707,4775.8629542054,0.990651835386311,0.0649666623959726,78.8839583238592,64.8732395280991,64.8732395280991,0.990501355464176,136.487950473802,0.000845448361565179,0.0290765947381254,0.400462188800221,0.927155645417231,0.999999440389811,"ok","ok",0.919685070605485,"ok",18644.8488969651,1497.45972273114,0.0146470634073215,0.0516835600179481,135.139811091738,136.689959548513,0.762979898305832,0.515388196153572,0.029890127078842,0.999999275808882,0.48461107965531,0.05,0.3,0.15,0.5,65,42349,1347,294.090277777778,9.35416666666667,0.575235458073777,0.313904403866444,107.832377743864,0.748835956554609,131.165256994144,0.910869840237114,0.446119712765704,0.4543429844098,0.0270296061263926,0.0155902004454343,-0.992791761274619
33,"broad",NA,NA,NA,NA,NA,NA,24,20,4,0.166666666666667,233.107810150994,0.0500950461711909,5595,0.0500636602700665,9.90789712397964,0.67087902106905,238,0.609604629136708,"positive","independent",0,0.604015691782115,0.0566803625260945,0.19783146251124,8255227,33,0.0566803625260945,0.19783146251124,0.05,0.2,0.5,5418.5386963515,9894.3,0.547642450335193,19.8319614268917,3.99387350482624,3.99387350482624,0.558115017935172,4.25484947017212,0.00073820641028057,0.0271699541825261,0.301991976776445,0.799408649198315,0.999644198798173,"ok",1378.15629817301,2583.82348288503,0.533378656592359,0.254340953419963,19.0019586479213,3.94637162504075,3.94637162504075,0.569579246248433,4.136343984845,0.00290242841490673,0.0538741906195047,0.113165335791374,0.302519234306302,0.798881675284232,"ok","ok",1245.068182393,2317.43149483522,0.537262130582001,0.229779328369723,19.2012121610545,3.9576024468215,3.9576024468215,0.566745592409308,4.16585978200908,0.0032126754635333,0.0566804680955732,0.107194379363233,0.279734442422935,0.761970612173235,"ok","ok",0.919819528118404,"ok",1746.31265637486,140.020172840939,0.0478595923222781,0.169018674288497,4.19294267553122,4.29078624178411,0.0743623267424838,0.292216004350903,0.72605967851028,0.368096864186345,0.0758808598354415,0.05,0.3,0.15,0.5,4,5595,238,233.125,9.91666666666667,0.0430501929421152,0.431857845760675,23.956334617925,0.998180609080207,20.3608914450036,0.84837047687515,0.164584464964693,0.142857142857143,0.0454463154082926,0.0840336134453782,0.990592069675145
34,"broad",NA,NA,NA,NA,NA,NA,72,57,15,0.208333333333333,42.9974953692591,0.306490811154435,3096,0.299637724072126,6.15620996526559,0.440249521762962,443,0.420901353605833,"negative","majority_favored",0.786229968452972,0.222196939494461,0.243383076427999,0.0232949209237995,8255324,34,0.243383076427999,0.0232949209237995,0.25,0,0.5,2905.65464640304,4773.70988455988,0.608678515592476,54.0488984179987,14.635838430537,14.635838430537,0.670724186557446,20.3635872629411,0.00137662609180058,0.0371029121741215,0.25027754682256,0.727894549371227,0.999217941294297,"ok",599.266871723541,920.451374908466,0.65105760940727,0.206241602891584,56.8731921272774,14.9805073066968,14.9805073066968,0.660078900589107,21.7402169555629,0.00667482250186077,0.0816995869136483,0.0900884097295048,0.215754639516986,0.647631123614483,"ok","ok",683.791659192715,1044.3554137437,0.654749954080792,0.235331359850075,56.976706110663,14.9964622212543,14.9964622212543,0.659788748692745,21.8443918379689,0.00584973499782434,0.076483560310856,0.095876526815079,0.239647114474856,0.704958063966529,"ok","ok",0.790685771947812,"ok",2047.67257804081,428.607004976245,0.0441977069975624,0.096605168715784,21.376343449192,21.8592473856109,0.112340405195371,0.411735697350506,0.48307843718645,0.579391617654261,0.167655920303755,0.05,0.3,0.15,0.5,15,3096,443,43,6.15277777777778,0.278660033308919,0.424926133659109,66.1467055839992,0.918704244222212,61.1177203363438,0.848857226893664,0.182986111111111,0.214446952595937,0.0277777777777778,0.0338600451467269,-0.984690927528022
35,"broad",NA,NA,NA,NA,NA,NA,144,112,32,0.222222222222222,47.3100034798112,0.141492889295841,6813,0.14079228672968,2.76832377468236,0.265712773392443,399,0.261193990655499,"positive","majority_favored",0.68837029797578,0.859935845818836,0.119719386055513,0.0941743775759824,8255421,35,0.119719386055513,0.0941743775759824,0.1,0.1,0.5,5658.22657079133,9340.83333333333,0.605751796319885,108.11374800126,29.9530726043125,29.9530726043125,0.679522193879524,43.0935997357664,0.000706935282628773,0.0265882545991416,0.451765980412189,0.956921655607308,0.999999964253042,"ok",3103.11158236365,4900.64371158948,0.633204894088737,0.548424765876716,110.271797868518,31.0148467524884,31.0148467524884,0.685317565884477,45.8104423280172,0.00128902873578049,0.0359030463300886,0.275881701287071,0.778312224752929,0.999759121727238,"ok","ok",2415.11793353092,3745.23813677289,0.6448502993222,0.426833019730625,111.068436179785,31.4508792253615,31.4508792253615,0.68791690855168,46.9883766075096,0.00165623381966775,0.040696852699782,0.225485875899016,0.672483381674641,0.997826466254914,"ok","ok",0.751059405551751,"ok",3388.31733437766,843.48973139928,0.0343587975798901,0.0688636591507012,43.8591462517603,48.9004719389082,0.186378357537966,0.516015946009976,0.187482323388208,0.812254004815076,0.2962380588051,0.05,0.3,0.15,0.5,32,6813,399,47.3125,2.77083333333333,0.145051715450815,0.265581145361586,140.649898270425,0.976735404655726,134.573964497041,0.934541420118343,0.194170192759756,0.19047619047619,0.0108133521391631,0.012531328320802,0.913019609412547
36,"broad",NA,NA,NA,NA,NA,NA,36,22,14,0.388888888888889,95.626046475254,0.802411405349267,3443,0.705017451372631,3.65584887494333,0.224155659474491,132,0.221414077274252,"negative","minority_favored",0.18682846190859,0.72748218991328,0.262649552105286,0.10594152199963,8255518,36,0.262649552105286,0.10594152199963,0.25,0.1,0.5,5103.78385107437,5113.02380952381,0.998192858317571,18.9373082924181,9.20304561618456,9.20304561618456,0.880340547161647,21.7863284316098,0.000783732249781304,0.0279952183378038,0.40039362099553,0.926563786938433,0.999999368527003,"ok",460.144634118568,482.322259786789,0.954019070822017,0.0901575473306351,21.9270792647636,13.9420929208403,13.9420929208403,0.950442926980273,27.885035038356,0.00869291892898461,0.0932358242790002,0.0812669724692289,0.179093005516307,0.544202120572653,"ok","ok",409.602629145034,429.157466546637,0.954434353527719,0.0802546975140436,21.8986408375057,13.9206686561282,13.9206686561282,0.95039212588522,27.8617810022378,0.00976556231670004,0.0988208597245543,0.0777843308944778,0.164551657774726,0.497632142227001,"ok","ok",0.835789716684809,"ok",1974.56205445956,324.24339438623,0.0450085065098374,0.111069400318849,27.2717295304875,27.8989256634001,0.116582067848433,0.432587797397594,0.577350266464585,0.572702128838913,0.14011433144132,0.05,0.3,0.15,0.5,14,3443,132,95.6388888888889,3.66666666666667,0.657615652100909,0.206162439823215,24.8598560115513,0.690551555876424,34.5714285714286,0.96031746031746,0.48095952023988,0.386363636363636,0.0905547226386807,0.0454545454545455,-0.907092833848706
37,"broad",NA,NA,NA,NA,NA,NA,36,23,13,0.361111111111111,404.918867796937,0.792243529059851,14577,0.697952104096163,4.45180542051094,0.207793343022422,160,0.20560129711892,"positive","minority_favored",0.834646296854771,0.877574377969722,0.0868772470271506,0.135788579872897,8255615,37,0.0868772470271506,0.135788579872897,0.1,0.15,0.5,22239.0288432932,24066.6,0.924061929948277,19.7477211684652,9.60057725374726,9.60057725374726,0.880457650592508,27.0622897158322,0.000179863969249103,0.013411337340068,0.94875951266083,0.999999907857291,1,"ok",1993.61002423678,2067.9898501974,0.964032789641826,0.0896446530235069,22.6934942835463,12.896827007983,12.896827007983,0.924230765519318,26.8039041132046,0.00200641045709596,0.0447929733004626,0.189703869077269,0.576197186264221,0.990359049076395,"ok","ok",2352.33166610539,2412.53987695914,0.975043641173035,0.105774927614018,22.5072669020063,12.8109315361319,12.8109315361319,0.924626588711326,27.3043288906283,0.00170044048534302,0.0412363975796022,0.215690368778779,0.647722666651846,0.996671437429033,"ok","ok",0.90666973499163,"ok",3676.66137305357,343.143780293129,0.0329839891892078,0.107967222707504,27.8049554119803,25.3908909573297,0.237092353207525,0.688045201903268,0.570364634196222,0.832882698207993,0.144837496304725,0.05,0.3,0.15,0.5,13,14577,160,404.916666666667,4.44444444444444,0.836598979977938,0.204415543160774,21.293556000714,0.5914876666865,34.5945945945946,0.960960960960961,0.625820720160343,0.425,0.113760453383095,0.04375,0.930100821749975
38,"broad",NA,NA,NA,NA,NA,NA,24,12,12,0.5,84.9054959104131,0.34110259010049,2038,0.331760922972451,5.40483132842928,0.367212513051345,130,0.355662907735047,"independent","minority_favored",0.927398942509171,0.621819295009482,0.236221944126883,0.277963907994417,8255712,38,0.236221944126883,0.277963907994417,0.25,0.3,0.5,2984.93010306302,3276.63888888889,0.910973166187139,11.0673400902187,11.3367927068505,11.0673400902187,0.999855353298584,18.5982657913078,0.0013400648798762,0.0366068966162962,0.253880169267451,0.735201741659136,0.999323629176794,"ok",268.521003466585,269.205531591215,0.997457228606766,0.0899588915636713,11.9008203593329,11.964922855557,11.9008203593329,0.999992785604342,21.8036670499622,0.0148964138684137,0.122050865906038,0.0677753240750547,0.122785647787852,0.347258030225703,"ok","ok",294.475851408915,295.422126789123,0.996796870327576,0.0986541866111822,11.9046892451768,11.9670717569404,11.9046892451768,0.999993171004936,21.794735353015,0.0135834567787548,0.11654808783826,0.0695104193248002,0.130006373514787,0.374852502297885,"ok","ok",0.851680852179232,"ok",1566.19527990999,232.296749237159,0.0505367187104196,0.131222536860471,20.4008830617189,21.9541520975633,0.0911506432393202,0.357552231876416,0.656415749312919,0.470336491202973,0.112784259326557,0.05,0.3,0.15,0.5,12,2038,130,84.9166666666667,5.41666666666667,0.3845989965283,0.343950624967807,20.8274383015411,0.86780992923088,21.5561224489796,0.898171768707483,0.641403865717192,0.546153846153846,0.0737538148524924,0.0846153846153846,-0.0705547041799018
39,"broad",NA,NA,NA,NA,NA,NA,36,32,4,0.111111111111111,246.431574043257,0.712682435895476,8872,0.640881216645225,5.29247062795912,0.651154179717923,191,0.59453431607596,"negative","minority_favored",0.358164371966268,0.185665392165538,0.172226653421822,0.0990016751033545,8255809,39,0.172226653421822,0.0990016751033545,0.15,0.1,0.5,6201.14769051064,12796.9722773958,0.48457928610693,25.0853532896245,2.96956638170196,2.96956638170196,0.378577842594691,2.66357098752454,0.000645041885733674,0.0253976748095898,0.261710472993206,0.694372387034507,0.994266981954209,"ok",492.830084947334,1241.81566290598,0.39686251322846,0.0794740118351788,31.9223125911167,3.99825862352461,3.99825862352461,0.395675127885493,3.79380625679621,0.00811638761953312,0.0900909963288958,0.0714627837557137,0.136772297849056,0.386897656669022,"ok","ok",411.003219729168,1043.94311739228,0.39370269594366,0.0662785729741784,31.9548200558145,3.99857776065013,3.99857776065013,0.395386679122681,3.78567032790483,0.00973228385567348,0.0986523383183262,0.06786404244231,0.122173248426988,0.334534203556722,"ok","ok",0.874628461911093,"ok",1131.86674277744,141.903874453688,0.0594473289528177,0.167893108099188,3.69320787101722,3.78727891044921,0.0427399974816008,0.17123792655157,0.540328488080644,0.245955755004692,0.0747178284531222,0.05,0.3,0.15,0.5,4,8872,191,246.444444444444,5.30555555555556,0.706850188552521,0.636896676702717,24.0351829807901,0.667643971688613,25.8181174805379,0.717169930014941,0.143541761752624,0.0994764397905759,0.0864901871291648,0.0837696335078534,-0.991402330595427
40,"broad",NA,NA,NA,NA,NA,NA,144,104,40,0.277777777777778,242.793123213818,0.210814758782362,34962,0.208527210048298,2.27480468322756,0.718827052414781,328,0.64540301547169,"positive","independent",0,0.722265406092629,0.0620224159068311,0.127105170704599,8255906,40,0.0620224159068311,0.127105170704599,0.05,0.15,0.5,37032.0360890557,45769.9888888889,0.809089907776788,89.4697454937941,33.6838815845938,33.6838815845938,0.794811077005454,59.9181206848751,0.000108014584733626,0.0103930065300483,0.997219313983103,0.999999999999968,1,"ok",7139.42219206615,8751.11348324638,0.815830146156173,0.192790430828514,84.4702254119766,31.399120234049,31.399120234049,0.790212718798004,56.2647380003793,0.000560269429708905,0.0236700111894546,0.546311818737269,0.985797805746327,0.999999999884978,"ok","ok",7437.05200616456,9173.09655577453,0.810746072598885,0.200827521022061,91.0725473756993,34.2733403089236,34.2733403089236,0.794664346307116,61.1296694697026,0.000537847523008365,0.0231915399016185,0.56438822111011,0.988793416082517,0.999999999965655,"ok","ok",0.848943268252894,"ok",7139.42219206615,1078.45778289627,0.0236700111894546,0.060901560548004,56.2647380003793,70.3527698073349,0.418462387517697,0.618839199256492,0.100470427425092,0.985797805746327,0.366958606489835,0.05,0.3,0.15,0.5,40,34962,328,242.791666666667,2.27777777777778,0.211078260951329,0.707037650583792,137.751768339854,0.956609502360097,96.2289803220036,0.668256807791691,0.278887923544744,0.292682926829268,0.0137851143932812,0.0274390243902439,0.951790641249973
41,"broad",NA,NA,NA,NA,NA,NA,24,19,5,0.208333333333333,377.584912973979,0.368597213778776,9062,0.35692227735282,8.92086323632975,0.344766483368221,214,0.335132541771506,"positive","independent",0,0.211922451408464,0.0218176117684925,0.284726385024114,8256003,41,0.0218176117684925,0.284726385024114,0,0.3,0.5,8335.834496318,16228.4632756133,0.513655196721206,16.2331971841385,4.24202206754189,4.24202206754189,0.657021916823523,4.47082473063945,0.000479855976239311,0.0219056151760071,0.435364124671944,0.936146501822962,0.999998604320621,"ok",1142.84664896588,2064.54098543489,0.553559680833916,0.137100448607836,18.1521286989002,4.66988391103494,4.66988391103494,0.651007146223188,5.23087562028465,0.0035000321378371,0.0591610694446703,0.107829264973025,0.284568812344284,0.779113513408627,"ok","ok",1284.59096324611,2301.76762761345,0.55808889995469,0.154104662684164,18.2610817955059,4.7014502803754,4.7014502803754,0.651296566702738,5.29622538933194,0.00311383165104336,0.0558017172768308,0.11543674671424,0.314228842143376,0.825363726711752,"ok","ok",0.920668894078987,"ok",2092.91667125491,166.033394131176,0.0437173699687061,0.155214493718038,5.52892309159757,6.24096819385771,0.100538493863501,0.386724947395002,0.763667889851326,0.472184635004781,0.0854596876097785,0.05,0.3,0.15,0.5,5,9062,214,377.583333333333,8.91666666666667,0.423651728879703,0.231300715274679,20.4295560356094,0.851231501483724,22.8295114656032,0.951229644400133,0.154727474972191,0.168224299065421,0.100778642936596,0.0607476635514019,0.989281107941972
42,"broad",NA,NA,NA,NA,NA,NA,72,42,30,0.416666666666667,62.6340516755632,0.495334166483372,4510,0.46842436082764,2.16580706872628,0.848040387746733,156,0.736099904883672,"negative","majority_favored",0.14341301186505,0.588705471824505,0.0715155481548572,0.292691176534427,8256100,42,0.0715155481548572,0.292691176534427,0.05,0.3,0.5,4873.93314370615,4962.95476190476,0.982062778633017,37.8411607600498,26.9707843152394,26.9707843152394,0.971869395965947,57.2498892407427,0.000820692422743901,0.0286477298008743,0.403770386317072,0.929432966810326,0.999999522855663,"ok",1002.19882544762,1045.22511675618,0.958835383288441,0.205624245531924,37.4973832727092,26.8234600066177,26.8234600066177,0.972461220193569,54.465314993153,0.0039912239951124,0.0631761346958834,0.121616801408706,0.342968212122895,0.87482478728258,"ok","ok",972.337421693893,1010.86301598252,0.961888412495558,0.19949748858363,38.4048159246794,27.3818902634715,27.3818902634715,0.971925148243399,55.972095108784,0.00411379826668778,0.0641388982341276,0.119498126954082,0.33472033171078,0.865277728902864,"ok","ok",0.730298122444598,"ok",2151.76290371764,580.334495186712,0.0431154365397743,0.083021543384847,61.1034317165817,62.4980595402802,0.116344426243421,0.406279821360248,0.33560082179067,0.626596914376969,0.220317093016721,0.05,0.3,0.15,0.5,30,4510,156,62.6388888888889,2.16666666666667,0.461820715317622,0.679734141564627,58.4412115218825,0.811683493359479,49.4634146341463,0.686991869918699,0.438751746623195,0.358974358974359,0.0379599441080578,0.0448717948717949,-0.941024944688314
43,"broad",NA,NA,NA,NA,NA,NA,72,46,26,0.361111111111111,65.8520253590507,0.00906079460692126,4741,0.00906060864691929,9.04904588247882,0.0641615012311377,652,0.0640956146859924,"independent","minority_favored",0.677015987017512,0.899639546248363,0.17936084952802,0.0954077279612829,8256197,43,0.17936084952802,0.0954077279612829,0.2,0.1,0.5,7541.09774029477,8145.5,0.925799243790408,45.9958481361113,25.9964304483693,25.9964304483693,0.922827447885627,52.2638345184222,0.000530426754532908,0.023030995517626,0.567919229457351,0.989302814129494,0.999999999972667,"ok",1331.66962453016,1441.41546030924,0.92386245409389,0.176588299262398,45.9997005019552,25.9997406315988,25.9997406315988,0.922838617960952,52.1028184443358,0.00300374802151943,0.0548064596696359,0.145722311860038,0.432981927749716,0.947511295931004,"ok","ok",1394.88814172399,1510.23876614952,0.923620935304406,0.184971497487774,45.9996351497597,25.9997053858507,25.9997053858507,0.922838634646488,52.0820013558337,0.00286761345254269,0.05355010226454,0.150392753593398,0.449538309500024,0.955916008863396,"ok","ok",0.864225092677551,"ok",4833.28052119742,656.23821482898,0.0287679552582244,0.0780727068677557,52.5133203825123,52.0848718141538,0.303617453944483,0.684951653993644,0.289690213497058,0.926732604659464,0.24178095066582,0.05,0.3,0.15,0.5,26,4741,652,65.8472222222222,9.05555555555556,0.00942039901773642,0.0783903146153175,71.9930839524491,0.999903943784015,71.56632996633,0.993976805087916,0.361767955801105,0.381901840490798,0.0141436464088398,0.0168711656441718,-0.101624335482524
44,"broad",NA,NA,NA,NA,NA,NA,24,14,10,0.416666666666667,423.918399081564,0.627323422449263,10174,0.57605854909781,7.05863170619705,0.46057172589899,169,0.438607002069158,"independent","independent",0,0.367962077070842,0.1994127670936,0.260225103246921,8256294,44,0.1994127670936,0.260225103246921,0.2,0.25,0.5,17085.3078403978,17260.2408008658,0.989864975669445,11.9591394568631,9.08081301552594,9.08081301552594,0.981284967497611,17.8794051470613,0.000234119281745811,0.0153009568898749,0.870338494430939,0.99998645215907,1,"ok",449.847149292343,462.883116179467,0.971837454356254,0.026329472871931,13.9193391469382,9.90666646847381,9.90666646847381,0.971636162390793,19.3493869700051,0.00889190918802624,0.0942969203528209,0.0796195195381613,0.172171602410391,0.522061338871157,"ok","ok",447.299224765605,460.372352861599,0.971603142511199,0.0261803433068954,13.9073813327162,9.89288157059534,9.89288157059534,0.971548880207672,19.313861329602,0.00894255965253705,0.0945651080078538,0.079443843773912,0.171438210317884,0.519711926117893,"ok","ok",0.92106407656122,"ok",3098.50601570918,244.583433630619,0.0359297192610044,0.127884078040105,18.6970834394934,19.5419152536338,0.195813083014919,0.635689020795292,0.680985535543503,0.751135141576681,0.115446120781388,0.05,0.3,0.15,0.5,10,10174,169,423.916666666667,7.04166666666667,0.397966201080189,0.440165309532785,20.7981408308789,0.86658920128662,20.2416725726435,0.843403023860147,0.451296772916254,0.408284023668639,0.0727578697287666,0.0887573964497041,-0.0737850554281615
45,"broad",NA,NA,NA,NA,NA,NA,36,32,4,0.111111111111111,167.173556595024,0.0887604794919753,6018,0.0885863984684696,2.47671297026682,0.763609912330139,89,0.677779471608113,"negative","majority_favored",0.755217520047154,0.660833652902511,0.296045712559571,0.180212796927226,8256391,45,0.296045712559571,0.180212796927226,0.3,0.2,0.5,2598.72988344897,7457.86825396825,0.34845478559724,31.4875752072165,3.93416436458833,3.93416436458833,0.394922554918419,3.58975141485169,0.00153921345403213,0.0392328109371751,0.161092770715936,0.465951725874225,0.946017577865387,"ok",110.68141400686,304.121387496534,0.363938277797451,0.0425905803876647,31.5395017260524,3.97610709608532,3.97610709608532,0.397680562986177,3.67974179436818,0.0361397623611141,0.190104608994927,0.0547266346908769,0.068975281846571,0.126611512539383,"ok","ok",118.309673524174,320.699610134367,0.368911185999274,0.0455259603076394,31.6742846422517,3.98272962168308,3.98272962168308,0.396878599201072,3.70063326875964,0.033809576857489,0.183873806882571,0.0550671798944271,0.0703481252803712,0.132185127918764,"ok","ok",0.777496700111473,"ok",559.541918295048,124.499923246605,0.0845500136318877,0.17924434123075,3.22259949299062,3.72529041703931,0.0169826259096361,0.0681920320358288,0.254535049413038,0.139682764416292,0.0714907323804634,0.05,0.3,0.15,0.5,4,6018,89,167.166666666667,2.47222222222222,0.0945142871318515,0.758196861829721,35.6787086730639,0.991075240918442,23.0932944606414,0.641480401684483,0.112351945854484,0.0561797752808989,0.0336717428087986,0.0898876404494382,-0.945877420759055
46,"broad",NA,NA,NA,NA,NA,NA,120,71,49,0.408333333333333,106.010394446329,0.692650271092134,12721,0.626005498852097,5.20733567798743,0.826638507690223,625,0.721647213391962,"independent","minority_favored",0.16961810641078,0.105288027995266,0.0272129049724026,0.0639152368510258,8256488,46,0.0272129049724026,0.0639152368510258,0.05,0.05,0.5,19395.4698009259,19463.2398972029,0.996518046500225,41.6594447935639,27.5877184176413,27.5877184176413,0.958705635214592,62.5403822999144,0.000206233725764614,0.0143608400090181,0.928918044613641,0.999999504993463,1,"ok",11314.5134593011,11425.6713120721,0.990271219105209,0.583358566481383,58.5369519465517,39.7978366812933,39.7978366812933,0.963685189022112,88.4357305412538,0.000353528237373018,0.0188023465921948,0.748669258908112,0.999516584664464,1,"ok","ok",22578.4542576466,22623.110058356,0.998026098065463,1.16410968589009,57.2262336919605,33.0770834737529,33.0770834737529,0.928485139072219,79.607371956448,0.000177160046226164,0.0133101482420807,0.960016369586872,0.999999976238523,1,"ok","ok",0.854147939244398,"ok",7529.78188945308,1098.23420561694,0.0230482946554597,0.0603507279054795,89.8055877607075,103.768395188716,0.443821971873544,0.614866694774676,0.0928886775417636,0.990147454516346,0.37528075974167,0.05,0.3,0.15,0.5,49,12721,625,106.008333333333,5.20833333333333,0.805353324830178,0.801898922778265,71.3776353597767,0.59481362799814,73.2742449821797,0.610618708184831,0.455141169808268,0.448,0.0382655124989888,0.0368,0.0123079127864301
47,"broad",NA,NA,NA,NA,NA,NA,48,29,19,0.395833333333333,342.841496081326,0.398523880455105,16456,0.383931443633844,8.01578233117471,0.597899162213071,385,0.552840438474312,"independent","independent",0,0.486218588324846,0.257633517434588,0.0344727066735504,8256585,47,0.257633517434588,0.0344727066735504,0.25,0.05,0.5,27221.2536447398,28056.3545843046,0.970234873634226,25.6355467387786,16.4127366496001,16.4127366496001,0.951890594424769,34.1898582206658,0.000146944003836243,0.0121220461901547,0.979639511245078,0.999999999247879,1,"ok",707.174943792052,739.122932537131,0.956775811791667,0.0259787794133686,28.9934035153863,18.9946367973987,18.9946367973987,0.956586295900176,38.6493913299976,0.00565630900120836,0.0752084370347394,0.0993875586379332,0.254147887127889,0.736551842370598,"ok","ok",669.872204502627,700.129101785655,0.956783831430719,0.0246084259470567,28.9948896149377,18.9954121625878,18.9954121625878,0.956584215882746,38.6516997731103,0.00597128821454826,0.0772741108945827,0.0967306575411803,0.243254567744453,0.713448503621001,"ok","ok",0.91871320064886,"ok",5898.18757219057,479.444789716044,0.0260417824059922,0.0913399341091778,35.9203359243279,38.6181717341309,0.380416193489554,0.774724690012254,0.430513923494772,0.962089691581803,0.187365001569549,0.05,0.3,0.15,0.5,19,16456,385,342.833333333333,8.02083333333333,0.380622166026755,0.558447855918533,41.9444522562685,0.873842755338926,36.7712726370628,0.766068179938808,0.416380578715056,0.358441558441558,0.043281020107896,0.0545454545454545,-0.0186179138814568
48,"broad",NA,NA,NA,NA,NA,NA,144,121,23,0.159722222222222,445.281288315972,0.0167825298973185,64121,0.0167813483637994,8.2909831146244,0.839628691116741,1194,0.730445913937782,"independent","minority_favored",0.276539058253547,0.144554998303647,0.189228153564472,0.131701133525348,8256682,48,0.189228153564472,0.131701133525348,0.2,0.15,0.5,58329.4214225618,108090.4380691,0.539635350402348,119.857746426384,22.449267218551,22.449267218551,0.531466211109581,30.2526221579301,6.85760273708595e-05,0.00828106438634911,0.999947285229047,1,1,"ok",1697.24766318092,3166.13072131174,0.536063672847262,0.0290976255513556,120.495868405225,22.7412345807381,22.7412345807381,0.53423843312648,30.5709359975558,0.00235675681680029,0.0485464397953165,0.169538635670509,0.514005960864574,0.978681671533296,"ok","ok",1944.09616949807,3627.53771801137,0.535927210307226,0.0333295980327707,120.55247310233,22.7673670390613,22.7673670390613,0.534485951189201,30.6040384407947,0.00205751138382867,0.0453597992040162,0.18742033895746,0.569537789732252,0.989475626494962,"ok","ok",0.928945851989655,"ok",11354.2669974545,806.767767786112,0.0187694023606627,0.0704134666310903,27.9434516451129,30.8183973782353,0.623791795509777,0.719182078001093,0.21449306381658,0.999257152145523,0.28007507414443,0.05,0.3,0.15,0.5,23,64121,1194,445.284722222222,8.29166666666667,0.0162479868002402,0.708687373969196,143.961744712027,0.999734338277967,96.0800646987465,0.667222671519073,0.160341660255303,0.196817420435511,0.00722259730879744,0.0251256281407035,-0.11757680364882
49,"broad",NA,NA,NA,NA,NA,NA,24,20,4,0.166666666666667,300.518252042606,0.248861670320184,7212,0.245132645633264,5.62811106417212,0.737472540263843,135,0.659006446716449,"independent","majority_favored",0.807693606198882,0.689194480309379,0.0656719913845882,0.0502514578455884,8256779,49,0.0656719913845882,0.0502514578455884,0.05,0.05,0.5,4295.82037827716,11478.5238677989,0.374248503357508,18.6515756392609,3.44790882056398,3.44790882056398,0.526704470558402,3.04665621914686,0.000931137628618494,0.0305145478193352,0.214726863397762,0.605668457676691,0.985335824898894,"ok",1923.032035102,4512.01459776589,0.426202529587157,0.447651872230568,19.6401449388702,3.64260842919338,3.64260842919338,0.527896147401367,3.41298454994568,0.00208004855196697,0.0456075492870091,0.129758523188691,0.359111565692736,0.861194775770044,"ok","ok",1437.56346495568,3123.61969547852,0.460223588369792,0.334642358936855,19.8064283372935,3.83147268391388,3.83147268391388,0.54326793456365,3.75058888257586,0.00278248585019745,0.0527492734565837,0.112726531274339,0.299218452786557,0.788529552051326,"ok","ok",0.862765842665883,"ok",916.139121904759,125.725580395418,0.066076842366934,0.178368504508317,2.34072050734277,4.11216754934507,0.0239254570644594,0.0925931833488882,0.308453302846069,0.165366358771532,0.0727731754226442,0.05,0.3,0.15,0.5,4,7212,135,300.5,5.625,0.25999738079829,0.677084463643303,22.5120620203785,0.938002584182437,16.6742909423605,0.694762122598353,0.127731092436975,0.0814814814814815,0.0725490196078431,0.111111111111111,0.24097093806841
50,"broad",NA,NA,NA,NA,NA,NA,24,20,4,0.166666666666667,193.376102875456,0.234241505803584,4641,0.231120460634386,6.25991182815051,0.138691215968356,150,0.138031136017608,"independent","majority_favored",0.252201675593824,0.412481092647067,0.216762366238254,0.299394673953939,8256876,50,0.216762366238254,0.299394673953939,0.2,0.3,0.5,3518.36415012793,7858.56349206349,0.447710851185613,19.3543596938823,3.83734187301614,3.83734187301614,0.552336907906694,3.72255675053175,0.00113689198426336,0.033717828878256,0.203481948391799,0.590339692788977,0.986023153956405,"ok",224.320117016087,415.189031698004,0.540284303992046,0.063756935736152,19.9709505290599,3.9978371085592,3.9978371085592,0.555893616422154,4.23401721074275,0.0178316597423723,0.133535237830216,0.0602534785870029,0.0913861212053871,0.217698719879275,"ok","ok",202.386900986159,373.023306154296,0.542558327179814,0.0575230113627664,19.9767751902929,3.9983223833882,3.9983223833882,0.555830552582804,4.24288708440501,0.0197641249532921,0.140584938571997,0.0592563906267161,0.0873373190826329,0.201472535111042,"ok","ok",0.895102490688363,"ok",1299.40677764481,136.304534557601,0.0554826801309291,0.171306895077423,4.07171497501916,4.27254471061296,0.0528157511418214,0.211476449297194,0.620556659432378,0.286617068778096,0.0751406194809019,0.05,0.3,0.15,0.5,4,4641,150,193.375,6.25,0.214174717862706,0.143496705006861,22.9586879656869,0.95661199857029,23.5355648535565,0.980648535564854,0.129787699715474,0.153333333333333,0.0619391551761874,0.0533333333333333,0.0790511799663594
51,"broad",NA,NA,NA,NA,NA,NA,96,65,31,0.322916666666667,49.7437897389124,0.889596618886571,4775,0.763536161273895,9.40296282491181,0.534559212671229,903,0.501343164053972,"negative","independent",0,0.341592851871974,0.25218118605655,0.152311613962374,8256973,51,0.25218118605655,0.152311613962374,0.25,0.15,0.5,6279.13143976193,7571.2656038406,0.829337097430155,43.898497240512,19.2526277262575,19.2526277262575,0.847690810609233,34.0622736059199,0.000637030780192054,0.0252394686986881,0.486128562357014,0.970493437872977,0.999999994918641,"ok",1005.02202838683,1161.0893555897,0.865585429362917,0.160057491713365,64.5124195174682,30.7513943862808,30.7513943862808,0.874404140800742,57.8937818437054,0.00398001226542313,0.0630873383922886,0.121978734425192,0.344377603125136,0.876412233886827,"ok","ok",1046.42270352988,1205.34913065935,0.868149050688295,0.16665086781008,64.7756416120601,30.8844618952574,30.8844618952574,0.874480361451651,58.3638850459705,0.0038225470323865,0.0618267501360576,0.125041971492458,0.356203894589454,0.888997407715307,"ok","ok",0.803026020112479,"ok",3832.97627191102,754.996591092749,0.0323044186796155,0.0727876168468792,51.176917525314,58.2828949443416,0.226067587733678,0.587434685913322,0.228953796937478,0.859261146131186,0.271826460217864,0.05,0.3,0.15,0.5,31,4775,903,49.7395833333333,9.40625,0.793435941505082,0.481059645117213,56.2877436165543,0.586330662672441,78.1117923172718,0.813664503304914,0.29596612435926,0.338870431893688,0.0519277913973702,0.0299003322259136,-0.99093502982779
52,"broad",NA,NA,NA,NA,NA,NA,120,107,13,0.108333333333333,265.022971024965,0.380821979288521,31803,0.368003807888085,8.47539999472792,0.420935483271751,1017,0.403890360424136,"negative","independent",0,0.815287799437647,0.0463887132813397,0.265469025646016,8257070,52,0.0463887132813397,0.265469025646016,0.05,0.25,0.5,19246.8686437068,54346.6906712568,0.354149781817095,95.5620794047906,12.3201570160602,12.3201570160602,0.404633600690842,13.8993063301887,0.000207826014405096,0.0144161719747337,0.896267239556208,0.99999563275781,1,"ok",3733.42532583836,9152.1817831275,0.407927357028804,0.193975726387009,103.78865887911,12.9249654124048,12.9249654124048,0.393909241937924,15.2047731318347,0.00107140217116885,0.0327322802622862,0.299010944058465,0.815304981522614,0.999905071230104,"ok","ok",3229.96500337917,7922.09602833653,0.407715962016355,0.167817688330059,104.534297667608,12.9557390095454,12.9557390095454,0.392445098198172,15.2418234142888,0.00123840351081675,0.0351909577990817,0.265538914165251,0.757781409733795,0.999578666933345,"ok","ok",0.918613300272068,"ok",5980.00598339205,486.692951341563,0.0258630170667531,0.0906572346346207,15.1904411240131,15.0811040659792,0.359661129693336,0.772201546876029,0.458266574241101,0.950775117542492,0.178573570666462,0.05,0.3,0.15,0.5,13,31803,1017,265.025,8.475,0.397112309705946,0.389683135712228,103.449568371663,0.862079736430528,104.294544721186,0.869121206009882,0.0952517253442738,0.115044247787611,0.0225805425690933,0.0196656833824975,-0.994515264430142
53,"broad",NA,NA,NA,NA,NA,NA,120,61,59,0.491666666666667,127.902225012995,0.537178114304334,15348,0.503513226414383,3.22577321037534,0.295485554901097,387,0.289323921690138,"negative","majority_favored",0.958324344377615,0.397876036286471,0.276006371277326,0.113458068368636,8257167,53,0.276006371277326,0.113458068368636,0.3,0.1,0.5,21652.1206103449,21808.6428571429,0.992822925854522,48.4431191513109,52.8662003155132,48.4431191513109,0.998093876562028,99.1489385645688,0.000184739410609457,0.0135918876764582,0.95379701882556,0.999999949465202,1,"ok",1200.95184484335,1201.40669414557,0.999621402723628,0.0554657839966752,60.9673781885865,58.989187505355,58.989187505355,0.999728050504777,117.801910302869,0.00333069141545951,0.057712142703763,0.137932572482317,0.404757877179399,0.930178673911709,"ok","ok",1389.60292790997,1390.21382789277,0.999560571208157,0.0641786064708163,60.9776410816659,58.9939240518936,58.9939240518936,0.999726597303212,117.803393301313,0.00287852012949928,0.0536518418090123,0.152152976028222,0.455760501529523,0.958825436833984,"ok","ok",0.841073284363485,"ok",7249.29144972257,1152.10608079628,0.0234899566579661,0.0589228522346446,116.859040615766,117.804629717348,0.42580995954386,0.59699609546498,0.0797869435117416,0.988149492097417,0.391153396632437,0.05,0.3,0.15,0.5,59,15348,387,127.9,3.225,0.516316162518536,0.28837475474083,93.9545819559137,0.782954849632614,110.857883049593,0.923815692079941,0.462303175874033,0.454780361757106,0.0264878569522284,0.0155038759689922,-0.940042015580268
54,"broad",NA,NA,NA,NA,NA,NA,144,118,26,0.180555555555556,132.537776613991,0.42881543250478,19085,0.410852089712784,3.52676960101235,0.194336263330843,508,0.192538016567411,"independent","independent",0,0.569698896468617,0.294161250365578,0.0578428860858548,8257264,54,0.294161250365578,0.0578428860858548,0.3,0.05,0.5,16097.0233089192,28854,0.557878398451488,96.215228401376,22.7073215263557,22.7073215263557,0.617932859989993,31.037470569423,0.000248493148281871,0.0157636654456339,0.867005800470388,0.999985318786942,1,"ok",878.813652143838,1488.80962076745,0.590279401667775,0.0545947927935778,117.907296523575,25.9702243924066,25.9702243924066,0.591684895633789,36.7536750520183,0.00455159064750773,0.0674654774496388,0.111508559418298,0.303132316490509,0.822841932822389,"ok","ok",904.510796505429,1532.79273601234,0.590106395505614,0.0561911838696442,117.887734947562,25.9638896253698,25.9638896253698,0.591655392506045,36.7386716023944,0.00442227999428417,0.0665002255205512,0.113349030196578,0.310454803434734,0.83349802404377,"ok","ok",0.859307682370095,"ok",5907.46805114718,831.135371440513,0.0260213188838467,0.0693735810012231,35.4725801551101,36.8156413392197,0.355884235275821,0.672729459614947,0.198484030190513,0.962220799653369,0.289491340038422,0.05,0.3,0.15,0.5,26,19085,508,132.534722222222,3.52777777777778,0.453640921165008,0.211872187994041,118.622347071913,0.823766299110509,137.854700854701,0.957324311490978,0.164316731892993,0.192913385826772,0.0212834396611805,0.00984251968503937,0.054524315772994
55,"broad",NA,NA,NA,NA,NA,NA,24,12,12,0.5,89.8287196965932,0.419089735351372,2156,0.402255457656371,8.19174717093119,0.697455482164878,197,0.629592559522194,"positive","majority_favored",0.97548893910789,0.283117304989719,0.0988297174432955,0.161138307704532,8257361,55,0.0988297174432955,0.161138307704532,0.1,0.15,0.5,3111.682088246,3673.57344844698,0.847045018131181,10.8077402149506,10.6179431036263,10.6179431036263,0.999921528883219,16.7360624771577,0.00128547836397218,0.0358535683575872,0.260066393352741,0.747418669055322,0.999474718192135,"ok",1091.60994577294,1152.44798952858,0.94720972719947,0.35081024179699,11.8645878331219,11.1418454587714,11.1418454587714,0.999013110685682,19.6346218839619,0.00366431252801357,0.0605335653006955,0.123255586681578,0.34900413036012,0.880728572128244,"ok","ok",1198.78460181668,1271.14504614589,0.94307459675935,0.385252917174586,11.888403632126,10.9558209388269,10.9558209388269,0.998333436516915,19.2923929765383,0.00333671286229258,0.0577642870837387,0.130493912042652,0.376600318235598,0.907503254614703,"ok","ok",0.863884725451419,"ok",1711.14578302706,232.913078049375,0.0483488880018863,0.131048802940005,17.5163864181906,21.8123856758478,0.0993643327915532,0.384933088440381,0.6652661816322,0.497850647549868,0.112917559109487,0.05,0.3,0.15,0.5,12,2156,197,89.8333333333333,8.20833333333333,0.447401524074409,0.638594715095071,19.9118626039594,0.829660941831642,17.2561138283682,0.719004742848674,0.335412667946257,0.269035532994924,0.104606525911708,0.126903553299492,0.990815264127639
56,"broad",NA,NA,NA,NA,NA,NA,36,19,17,0.472222222222222,53.9960520845163,0.156821094579936,1944,0.15586955999783,7.62159087223699,0.0315760340869019,274,0.0315681676456906,"independent","majority_favored",0.0455615304490493,0.117809199704789,0.197826276069682,0.044553168280836,8257458,56,0.197826276069682,0.044553168280836,0.2,0.05,0.5,3218.79917978178,3242.88888888889,0.992571528062634,18.3132394060087,16.7853132278723,16.7853132278723,0.998104925324373,32.5275531732839,0.00124269945920366,0.0352519426302106,0.280256180910846,0.785860718481865,0.999799655819294,"ok",694.402275651519,696.937126049466,0.996362870762367,0.215733333105483,18.9704091314923,16.9897992968673,16.9897992968673,0.996966433904424,33.4873293992179,0.00576034978607612,0.0758969682271705,0.0980963455154412,0.248844023514063,0.725415003016477,"ok","ok",813.754929077942,816.493825060116,0.996645539870468,0.252813202572368,18.9936456439262,16.9975833595477,16.9975833595477,0.996924223151453,33.5334273401325,0.00491548481866938,0.0701105186021996,0.106560155092606,0.283270844530815,0.791071437346638,"ok","ok",0.839819137286125,"ok",2147.0943982352,343.923433037443,0.0431622848189381,0.107844775829079,33.0883139164343,33.5334598368552,0.129327182093905,0.466929877162566,0.557310947004191,0.613827701002659,0.146897823840093,0.05,0.3,0.15,0.5,17,1944,274,54,7.61111111111111,0.161319271959022,0.0649594028066773,35.007020313214,0.97241723092261,35.8529130850048,0.995914252361244,0.456971677559913,0.470802919708029,0.042483660130719,0.0291970802919708,-0.299417156189834
57,"broad",NA,NA,NA,NA,NA,NA,120,70,50,0.416666666666667,40.0847664330097,0.10197562387475,4810,0.101711994988152,6.09781092521735,0.709614090442483,732,0.638616014103643,"negative","independent",0,0.780386148366961,0.232091719650925,0.0539312284984044,8257555,57,0.232091719650925,0.0539312284984044,0.25,0.05,0.5,6929.55844783241,7128.21314973984,0.972131206273668,69.9591896279864,49.911019644318,49.911019644318,0.97202777938522,105.526684843311,0.000577237356479938,0.0240257644307093,0.540719651405061,0.984770542341488,0.999999999838316,"ok",1458.5736986187,1500.54881380564,0.972026824585273,0.210485806505455,69.9976816813898,49.9911060278804,49.9911060278804,0.972198758497978,105.648725251594,0.002742405134405,0.0523679781393649,0.15715890105722,0.473043279839837,0.965940820944292,"ok","ok",1509.78872398991,1552.43360959644,0.972530299947826,0.217876612969789,69.9762584826006,49.9818975571674,49.9818975571674,0.972218512697126,105.724465995329,0.00264937731779399,0.0514721023253761,0.161028529988168,0.486161035013446,0.970628076836026,"ok","ok",0.78134442908091,"ok",4744.64648213742,1037.44338536101,0.0290354168934061,0.0620937362552636,103.386217811016,105.396246916591,0.274382731779812,0.568685348283785,0.109069554894462,0.926740877030334,0.358055528746549,0.05,0.3,0.15,0.5,50,4810,732,40.0833333333333,6.1,0.110230778048448,0.762253975045835,118.334090257195,0.986117418809956,76.1329923273657,0.634441602728048,0.421573033707865,0.409836065573771,0.0114606741573034,0.0327868852459016,-0.988392924434702
58,"broad",NA,NA,NA,NA,NA,NA,24,21,3,0.125,82.0262973720615,0.83304815859301,1969,0.725998921923125,2.58384548238246,0.0161084018287511,62,0.0161073570211129,"positive","independent",0,0.43084098820691,0.0801747625261487,0.205275051302451,8257652,58,0.0801747625261487,0.205275051302451,0.1,0.2,0.5,2513.45811284856,2803.16666666667,0.896649543795195,11.512111747831,1.83559992327996,1.83559992327996,0.474437911422514,1.87468825642238,0.00159143292643405,0.0398927678462407,0.1160506126164,0.283748101349461,0.681140464781493,"ok",349.111706403754,608.722734548184,0.573515143413983,0.138896966143628,18.8921695811254,2.96741703443912,2.96741703443912,0.469284837457411,2.86603645501843,0.0114576507365065,0.107040416369269,0.0629776045234166,0.101914627972072,0.253011465647941,"ok","ok",392.358556929969,674.783466345901,0.581458462600863,0.156103081616625,18.6414175131159,2.96398616977973,2.96398616977973,0.473467667789653,2.88152616053975,0.0101947566310219,0.100969087502175,0.0646353197416617,0.108540744771376,0.277625616902794,"ok","ok",0.8456555478436,"ok",649.841047701477,100.299360496226,0.0784560475411118,0.199701309956723,2.90593880456953,2.69871225653435,0.0207881386385037,0.082905661002875,0.304286096467709,0.147256611081778,0.0643509500789031,0.05,0.3,0.15,0.5,3,1969,62,82.0416666666667,2.58333333333333,1.14489342141075,0.194945866523355,10.1983177607173,0.424929906696556,23.1566265060241,0.964859437751004,0.334211913547707,0.145161290322581,0.23668950975224,0.0483870967741935,0.849473940579476
59,"broad",NA,NA,NA,NA,NA,NA,96,68,28,0.291666666666667,46.1457671509069,0.12152793344394,4430,0.121082775118705,4.59258384528221,0.808692771368078,441,0.709356695962395,"independent","independent",0,0.196902768497239,0.0980750068667112,0.224366049649689,8257749,59,0.0980750068667112,0.224366049649689,0.1,0.2,0.5,5206.13096920279,6384.50501981678,0.81543219921412,65.7078283923115,26.9405776060904,26.9405776060904,0.824912918356762,47.7239239672759,0.000768324889185897,0.0277186740156505,0.423795163768862,0.942280116000053,0.999999834495249,"ok",2196.19087847465,2663.9618294082,0.824407787765688,0.421847028333779,64.1283003331793,26.2435792320471,26.2435792320471,0.824263667360226,46.9946914910299,0.00182133531251991,0.0426771052500039,0.209272960498656,0.631248050489995,0.995714456373407,"ok","ok",2460.54659869378,2975.8512945171,0.826837887775927,0.472624798194533,60.9380038160064,25.120051843141,25.120051843141,0.82677186081964,45.0294196178,0.00162565504840407,0.040319412798354,0.228518704584702,0.679776873537484,0.998087364037222,"ok","ok",0.789655194666567,"ok",3343.09533168441,703.202736754265,0.03459040246332,0.075420554233552,46.6426231463803,49.9713076106903,0.193850487431677,0.552779445241475,0.260789879527729,0.80812879500892,0.255349349767445,0.05,0.3,0.15,0.5,28,4430,441,46.1458333333333,4.59375,0.113411181011829,0.675644842500029,94.6223305683021,0.985649276753147,66.127507650459,0.688828204692281,0.284645098985997,0.287981859410431,0.0142443264123612,0.036281179138322,0.0191634711580683
60,"broad",NA,NA,NA,NA,NA,NA,96,73,23,0.239583333333333,334.489227022556,0.080165629545445,32111,0.0800372792922699,9.62369106864207,0.0838398638454237,924,0.083693091982364,"negative","minority_favored",0.215787998291489,0.158438719870173,0.287644575945596,0.25306045723788,8257846,60,0.287644575945596,0.25306045723788,0.3,0.25,0.5,43022.3852330015,57575.6838272838,0.747231858540499,72.645198215303,22.9197131854024,22.9197131854024,0.729254571107574,37.5669808934688,9.29748543307565e-05,0.00964234693063657,0.998996162378388,1,1,"ok",711.35083662843,977.354834838887,0.727832728985981,0.0165344351033975,72.9981151603041,22.9994919310109,22.9994919310109,0.728734054548414,36.88924915387,0.0056231043727434,0.0749873614200647,0.0995641287862762,0.254865187771534,0.737996963338027,"ok","ok",774.305610364708,1064.36148881737,0.727483677772907,0.0179977378327866,72.9968630957822,22.9992031084177,22.9992031084177,0.72873579830447,36.8745359684767,0.00516591891684208,0.0718743272444486,0.104047523239344,0.273123525462194,0.773241836776921,"ok","ok",0.930381437943589,"ok",10684.55778079,743.843548907247,0.0193486968228649,0.0733312681022254,36.8414883579651,36.9217700213191,0.609137755595019,0.73461431970277,0.243258130327918,0.998928497916155,0.264314178213385,0.05,0.3,0.15,0.5,23,32111,924,334.489583333333,9.625,0.0781841434932063,0.0968198562385552,95.4123486369137,0.993878631634518,95.1176470588235,0.990808823529412,0.249442227319863,0.230519480519481,0.0127580680639789,0.0140692640692641,-0.932987337497734
61,"broad",NA,NA,NA,NA,NA,NA,36,32,4,0.111111111111111,69.5031829309007,0.867603036187211,2502,0.749117775314386,7.30453900221619,0.335047154860149,263,0.326176211563262,"negative","majority_favored",0.911573986209987,0.870582524334895,0.266519463863369,0.0597302914661123,8257943,61,0.266519463863369,0.0597302914661123,0.25,0.05,0.5,1327.27399873912,4001.89154529681,0.331661661420833,19.1546246651955,3.65782083956586,3.65782083956586,0.538533071865294,3.21356462600792,0.00301369574315469,0.0548971378411907,0.103041929659227,0.259686474488836,0.708431200470951,"ok",189.14702997624,475.962051402674,0.397399392280998,0.142507899767437,31.7338551398636,3.98402629548976,3.98402629548976,0.39639999454537,3.77723950124009,0.0211475697001558,0.145422039939467,0.0581908496848755,0.082963756618478,0.183162881961865,"ok","ok",157.526466028923,394.649267126786,0.399155602582977,0.118684210026391,31.5159750768714,3.97091329648852,3.97091329648852,0.397507478234737,3.76535654068226,0.0253925584750031,0.1593504266546,0.0568083236842309,0.0773759638744408,0.160661932134268,"ok","ok",0.829606328350412,"ok",784.726133522923,133.712367130355,0.0713955161484911,0.172959414736099,3.59026825260905,3.78536306150576,0.0275121984952021,0.110904282981854,0.391398765334972,0.184181400996129,0.0732771180142752,0.05,0.3,0.15,0.5,4,2502,263,69.5,7.30555555555556,0.844071364598602,0.405819907150387,20.494464469619,0.569290679711637,31.0314042171377,0.861983450476048,0.0906432748538012,0.091254752851711,0.12406015037594,0.0684410646387833,-0.983895059915821
62,"broad",NA,NA,NA,NA,NA,NA,144,78,66,0.458333333333333,75.3287308211047,0.66263880703591,10847,0.603333324481979,7.14594399844646,0.0461091001325258,1029,0.0460846207624605,"independent","majority_favored",0.576767772927269,0.825569542995072,0.0458189801685512,0.144898794077599,8258040,62,0.0458189801685512,0.144898794077599,0.05,0.15,0.5,16920.4498743056,18255.7341269841,0.926856721105245,58.066773271704,31.5152945162317,31.5152945162317,0.912151315691404,64.2884153605396,0.000236400333898578,0.0153753157332972,0.893075789880222,0.999995594951088,1,"ok",8956.773409149,9511.12380569891,0.941715573482731,0.529346056144182,73.0435920709106,52.9474246123282,52.9474246123282,0.974558230067853,106.229089974103,0.000446589392996607,0.0211326617584394,0.649744859486753,0.99682245026293,0.99999999999994,"ok","ok",7246.99483927404,7755.50235561531,0.934432678500433,0.428297999941413,70.6015812362897,48.4548863130876,48.4548863130876,0.965397150736555,97.0927750969903,0.000551952925138373,0.0234936784079968,0.558532026328642,0.987903233678244,0.999999999949969,"ok","ok",0.848989446397821,"ok",8956.773409149,1352.56731100486,0.0211326617584394,0.0543814210591169,106.229089974103,135.542132174749,0.500169573548821,0.55009751292628,0.0453628795418602,0.99682245026293,0.44672493733665,0.05,0.3,0.15,0.5,66,10847,1029,75.3263888888889,7.14583333333333,0.753323595379699,0.0548116234496075,89.3701580485458,0.620626097559346,143.571661016949,0.997025423728814,0.364762361977916,0.457725947521866,0.0340854536725876,0.00777453838678328,-0.0720278327254893
63,"broad",NA,NA,NA,NA,NA,NA,72,57,15,0.208333333333333,384.453338863025,0.74692938251319,27681,0.665838575578033,3.3161515481188,0.774988821407896,239,0.685844991932259,"independent","majority_favored",0.486025177106058,0.750577676206012,0.160578555403627,0.281716518930334,8258137,63,0.160578555403627,0.281716518930334,0.15,0.3,0.5,21156.6267462748,40128.6896825397,0.527219475982049,37.9113969405768,8.75233979703193,8.75233979703193,0.609529770745083,10.8104565215667,0.000189066057078513,0.0137501293477012,0.909670691458208,0.999997649477144,1,"ok",781.991537975608,1284.79154867619,0.608652461001436,0.0369620141884527,53.3233614474715,13.2356147129402,13.2356147129402,0.63724782398725,18.2942874491501,0.00511514486506473,0.071520240946635,0.101687046446355,0.263345542135673,0.754051445825383,"ok","ok",776.526346258573,1265.82295934181,0.613455728960979,0.0367036936261732,54.1194026745114,13.5770832216144,13.5770832216144,0.641338358064359,18.8853775764222,0.00515114524996175,0.0717714793630572,0.10149352902803,0.262573398281705,0.752619938340555,"ok","ok",0.867601500264787,"ok",3462.29118375869,458.402158376106,0.0339897680348613,0.0934128599509351,16.6614603044588,21.5754171670336,0.203174726046458,0.614879262003689,0.465787395169247,0.790784316471054,0.175905054467365,0.05,0.3,0.15,0.5,15,27681,239,384.458333333333,3.31944444444444,0.722529437030841,0.558073119598003,47.2773727129355,0.656630176568549,55.082931533269,0.765040715739848,0.158747496814127,0.179916317991632,0.0389586746768615,0.0334728033472803,-0.0313188153509931
64,"broad",NA,NA,NA,NA,NA,NA,48,25,23,0.479166666666667,361.294599863776,0.364497697103798,17342,0.353191375061184,4.63787604807294,0.274598160933238,223,0.269622967129947,"negative","independent",0,0.251164413586957,0.0514388839615276,0.0278541261376813,8258234,64,0.0514388839615276,0.0278541261376813,0.05,0.05,0.5,27149.3334465927,27392.7603174603,0.991113459613179,23.0799036193532,21.3202029693245,21.3202029693245,0.998429240975599,41.6313629253463,0.000147333267237248,0.0121380915813503,0.980422417555565,0.999999999395754,1,"ok",9647.38027060748,9678.26919909296,0.996808424331865,0.355345013887191,24.8803799086184,22.8638250068479,22.8638250068479,0.998216066052781,45.2852168830078,0.000414620330887831,0.0203622280433117,0.671205861837224,0.997776755848128,0.999999999999989,"ok","ok",11668.8690239396,11701.6771951236,0.997196284717402,0.429803149565136,24.9231322714396,22.9234721569644,22.9234721569644,0.998253332964902,45.4222312929324,0.000342792432736512,0.0185146545400262,0.752735826063266,0.99955637149121,1,"ok","ok",0.901670029830247,"ok",5014.65523999712,493.09090016051,0.0282429108688999,0.0900671668378597,45.2163417177104,45.668955603126,0.32576268989479,0.741279329749367,0.415352980253136,0.933785457836908,0.192506128087541,0.05,0.3,0.15,0.5,23,17342,223,361.291666666667,4.64583333333333,0.356815899661124,0.30274729403331,42.5999632435123,0.88749923423984,44.0469441984057,0.917644670800118,0.449354576113502,0.506726457399103,0.0448889405744854,0.0403587443946188,-0.959274952820248
