"study","X","n_j","k_j","n_rank","k_rank","alignment_score","scenario_id"
1,1,44,1,1,1,-1.71582872843916,1
2,1,66,2,2,5,-1.64360423558168,1
3,1,67,2,3,5,-1.62922912303974,1
4,0,70,2,4,5,-1.61485401049779,1
5,0,76,2,6,5,-1.58610378541391,1
6,0,76,2,6,5,-1.58610378541391,1
7,1,76,2,6,5,-1.58610378541391,1
8,0,79,2,8,5,-1.55735356033002,1
9,0,80,3,9,15,-1.39835499699925,1
10,0,87,3,10,15,-1.38397988445731,1
11,1,88,3,11,15,-1.36960477191536,1
12,0,89,3,12.5,15,-1.34804210310245,1
13,0,89,3,12.5,15,-1.34804210310245,1
14,0,90,3,15,15,-1.31210432174759,1
15,0,90,3,15,15,-1.31210432174759,1
16,0,90,3,15,15,-1.31210432174759,1
17,0,91,3,17,15,-1.2833540966637,1
18,0,96,3,18,15,-1.26897898412176,1
19,0,97,3,19.5,15,-1.24741631530884,1
20,1,97,3,19.5,15,-1.24741631530884,1
21,1,101,3,21,15,-1.22585364649593,1
22,0,102,4,23,30,-0.980168245228801,1
23,0,102,4,23,30,-0.980168245228801,1
24,0,102,4,23,30,-0.980168245228801,1
25,0,105,4,25,30,-0.951418020144914,1
26,1,106,4,26,30,-0.937042907602971,1
27,0,107,4,27.5,30,-0.915480238790056,1
28,0,107,4,27.5,30,-0.915480238790056,1
29,0,112,4,29,30,-0.893917569977141,1
30,1,113,4,30.5,30,-0.872354901164226,1
31,1,113,4,30.5,30,-0.872354901164226,1
32,0,114,4,32,30,-0.850792232351311,1
33,0,116,4,33,30,-0.836417119809367,1
34,0,117,4,34,30,-0.822042007267424,1
35,1,120,4,35,30,-0.807666894725481,1
36,0,122,4,36,30,-0.793291782183537,1
37,0,128,4,37,30,-0.778916669641594,1
38,0,129,4,38,30,-0.764541557099651,1
39,0,131,5,39,46.5,-0.511537750756141,1
40,1,132,5,41,46.5,-0.482787525672254,1
41,1,132,5,41,46.5,-0.482787525672254,1
42,0,132,5,41,46.5,-0.482787525672254,1
43,1,135,5,43.5,46.5,-0.446849744317396,1
44,0,135,5,43.5,46.5,-0.446849744317396,1
45,0,136,5,45.5,46.5,-0.418099519233509,1
46,0,136,5,45.5,46.5,-0.418099519233509,1
47,0,138,5,47.5,46.5,-0.389349294149623,1
48,1,138,5,47.5,46.5,-0.389349294149623,1
49,0,139,5,49,46.5,-0.367786625336708,1
50,0,140,5,50,46.5,-0.353411512794764,1
51,0,141,5,52,46.5,-0.324661287710878,1
52,1,141,5,52,46.5,-0.324661287710878,1
53,0,141,5,52,46.5,-0.324661287710878,1
54,0,145,5,54,46.5,-0.295911062626991,1
55,0,146,6,55,63,-0.0429072562834814,1
56,1,147,6,56,63,-0.028532143741538,1
57,1,148,6,57,63,-0.0141570311995947,1
58,0,149,6,58,63,0.000218081342348651,1
59,0,150,6,59.5,63,0.0217807501552637,1
60,0,150,6,59.5,63,0.0217807501552637,1
61,1,151,6,61.5,63,0.0505309752391503,1
62,0,151,6,61.5,63,0.0505309752391503,1
63,0,152,6,63.5,63,0.079281200323037,1
64,1,152,6,63.5,63,0.079281200323037,1
65,0,163,6,65,63,0.100843869135952,1
66,1,167,6,66,63,0.115218981677895,1
67,0,168,6,68,63,0.143969206761782,1
68,0,168,6,68,63,0.143969206761782,1
69,1,168,6,68,63,0.143969206761782,1
70,0,169,6,70.5,63,0.17990698811664,1
71,0,169,6,70.5,63,0.17990698811664,1
72,0,170,7,72,78.5,0.425636005652239,1
73,0,171,7,73,78.5,0.440011118194182,1
74,0,174,7,75,78.5,0.468761343278069,1
75,0,174,7,75,78.5,0.468761343278069,1
76,1,174,7,75,78.5,0.468761343278069,1
77,0,175,7,77,78.5,0.497511568361956,1
78,0,178,7,78,78.5,0.511886680903899,1
79,0,180,7,79.5,78.5,0.533449349716814,1
80,0,180,7,79.5,78.5,0.533449349716814,1
81,1,183,7,81,78.5,0.555012018529729,1
82,0,184,7,82,78.5,0.569387131071672,1
83,1,185,7,83,78.5,0.583762243613616,1
84,0,187,7,85,78.5,0.612512468697502,1
85,0,187,7,85,78.5,0.612512468697502,1
86,1,187,8,85,91.5,0.800522954722979,1
87,0,190,8,87.5,91.5,0.836460736077837,1
88,0,190,8,87.5,91.5,0.836460736077837,1
89,0,193,8,89,91.5,0.858023404890752,1
90,0,195,8,90,91.5,0.872398517432695,1
91,1,197,8,91,91.5,0.886773629974639,1
92,0,200,8,92,91.5,0.901148742516582,1
93,1,209,8,93,91.5,0.915523855058525,1
94,0,220,8,94,91.5,0.929898967600469,1
95,0,224,8,95,91.5,0.944274080142412,1
96,1,225,8,96,91.5,0.958649192684355,1
97,0,227,8,97,91.5,0.973024305226299,1
98,0,228,9,98,100,1.11032935093875,1
99,1,231,9,99,100,1.12470446348069,1
100,0,233,9,100,100,1.13907957602263,1
101,0,234,9,101,100,1.15345468856458,1
102,0,241,9,102,100,1.16782980110652,1
103,1,242,10,103,104,1.24005429396399,1
104,0,254,10,104,104,1.25442940650594,1
105,0,256,10,105,104,1.26880451904788,1
106,0,257,11,106,107,1.32656666682647,1
107,1,258,11,107,107,1.34094177936842,1
108,1,288,11,108,107,1.35531689191036,1
109,0,294,12,109,109.5,1.40584786714951,1
110,1,336,12,110,109.5,1.42022297969145,1
111,0,337,14,111,112,1.4707539549306,1
112,0,343,14,112,112,1.48512906747255,1
113,1,345,14,113,112,1.49950418001449,1
114,1,346,15,114,114,1.5428039827142,1
115,1,364,16,115,115.5,1.57887261287447,1
116,0,380,16,116,115.5,1.59324772541641,1
117,0,390,17,117,117.5,1.63654752811612,1
118,0,396,17,118,117.5,1.65092264065806,1
119,0,562,18,119,119,1.68699127081833,1
120,1,599,19,120,120,1.71582872843916,1
1,0,101,2,1.5,1.5,-1.69201047648671,2
2,1,101,2,1.5,1.5,-1.69201047648671,2
3,0,112,3,3,6.5,-1.57483517517125,2
4,1,118,3,4,6.5,-1.55688494282713,2
5,0,126,3,5,6.5,-1.53893471048302,2
6,0,127,3,6,6.5,-1.5209844781389,2
7,0,128,3,7.5,6.5,-1.49405912962273,2
8,1,128,3,7.5,6.5,-1.49405912962273,2
9,0,133,3,9,6.5,-1.46713378110656,2
10,0,134,3,10,6.5,-1.44918354876244,2
11,1,141,4,11,17.5,-1.23268342025989,2
12,0,142,4,12,17.5,-1.21473318791578,2
13,0,145,4,13.5,17.5,-1.18780783939961,2
14,0,145,4,13.5,17.5,-1.18780783939961,2
15,0,146,4,15,17.5,-1.16088249088343,2
16,1,157,4,16,17.5,-1.14293225853932,2
17,0,160,4,17,17.5,-1.1249820261952,2
18,1,162,4,18,17.5,-1.10703179385109,2
19,0,164,4,19,17.5,-1.08908156150697,2
20,1,167,4,20,17.5,-1.07113132916286,2
21,0,170,4,21.5,17.5,-1.04420598064669,2
22,0,170,4,21.5,17.5,-1.04420598064669,2
23,1,171,4,23,17.5,-1.01728063213051,2
24,0,172,4,25,17.5,-0.981380167442283,2
25,0,172,5,25,30,-0.755755285444066,2
26,0,172,5,25,30,-0.755755285444066,2
27,0,173,5,27,30,-0.719854820755836,2
28,0,175,5,28,30,-0.701904588411721,2
29,0,176,5,29.5,30,-0.674979239895548,2
30,0,176,5,29.5,30,-0.674979239895548,2
31,0,179,5,31,30,-0.648053891379375,2
32,0,182,5,32,30,-0.63010365903526,2
33,0,185,5,33,30,-0.612153426691145,2
34,1,187,5,34.5,30,-0.585228078174973,2
35,0,187,5,34.5,30,-0.585228078174973,2
36,0,188,6,36,42.5,-0.332677847660583,2
37,1,190,6,37,42.5,-0.314727615316468,2
38,0,191,6,38,42.5,-0.296777382972352,2
39,0,193,6,39,42.5,-0.278827150628237,2
40,0,196,6,40.5,42.5,-0.251901802112065,2
41,1,196,6,40.5,42.5,-0.251901802112065,2
42,0,197,6,42.5,42.5,-0.216001337423835,2
43,1,197,6,42.5,42.5,-0.216001337423835,2
44,0,198,6,44.5,42.5,-0.180100872735605,2
45,0,198,6,44.5,42.5,-0.180100872735605,2
46,0,204,6,46,42.5,-0.153175524219432,2
47,1,205,6,47,42.5,-0.135225291875317,2
48,0,206,6,48,42.5,-0.117275059531202,2
49,0,208,6,49,42.5,-0.0993248271870869,2
50,0,210,7,50,55.5,0.153275282435174,2
51,0,211,7,51,55.5,0.171225514779289,2
52,0,212,7,52,55.5,0.189175747123405,2
53,1,217,7,53,55.5,0.20712597946752,2
54,0,218,7,54,55.5,0.225076211811635,2
55,1,219,7,55,55.5,0.24302644415575,2
56,0,220,7,56,55.5,0.260976676499865,2
57,1,222,7,57.5,55.5,0.287902025016037,2
58,0,222,7,57.5,55.5,0.287902025016037,2
59,0,223,7,59,55.5,0.31482737353221,2
60,0,224,7,60,55.5,0.332777605876325,2
61,1,227,7,62,55.5,0.368678070564555,2
62,0,227,8,62,65,0.5401529808832,2
63,1,227,8,62,65,0.5401529808832,2
64,0,229,8,64,65,0.576053445571431,2
65,0,233,8,65,65,0.594003677915546,2
66,0,234,8,66,65,0.611953910259661,2
67,0,236,8,67,65,0.629904142603776,2
68,1,241,8,68,65,0.647854374947891,2
69,0,244,9,69,70.5,0.765079555371222,2
70,1,252,9,70,70.5,0.783029787715336,2
71,0,261,9,71,70.5,0.800980020059452,2
72,0,262,9,72.5,70.5,0.827905368575624,2
73,0,262,10,72.5,75.5,0.918155321374911,2
74,0,269,10,74,75.5,0.945080669891084,2
75,0,279,10,75,75.5,0.963030902235199,2
76,0,284,10,76,75.5,0.980981134579314,2
77,1,288,10,77,75.5,0.998931366923429,2
78,0,289,10,78,75.5,1.01688159926754,2
79,0,293,11,79,81.5,1.1431317749708,2
80,0,297,11,80.5,81.5,1.17005712348698,2
81,0,297,11,80.5,81.5,1.17005712348698,2
82,0,300,11,82,81.5,1.19698247200315,2
83,0,302,11,83,81.5,1.21493270434726,2
84,1,303,11,84,81.5,1.23288293669138,2
85,0,305,12,85,86,1.33205812655485,2
86,1,312,12,86,86,1.35000835889897,2
87,0,313,12,87,86,1.36795859124308,2
88,0,319,13,88,88.5,1.43103379998684,2
89,0,322,13,89.5,88.5,1.45795914850301,2
90,0,322,14,89.5,90,1.4850341343428,2
91,0,324,15,91,91,1.53000947341883,2
92,0,334,17,92,93,1.58405968688266,2
93,0,348,17,93,93,1.60200991922677,2
94,1,351,17,94,93,1.61996015157089,2
95,0,359,20,95,95,1.67401036503472,2
96,1,465,23,96,96,1.71001058793869,2
1,1,35,1,1,3,-1.66042765544099,3
2,0,42,1,2,3,-1.63653538676805,3
3,0,54,1,3,3,-1.61264311809512,3
4,0,57,1,4,3,-1.58875084942219,3
5,0,70,1,5,3,-1.56485858074925,3
6,0,71,2,6.5,11.5,-1.32292635686849,3
7,0,71,2,6.5,11.5,-1.32292635686849,3
8,1,80,2,8,11.5,-1.28708795385909,3
9,0,81,2,9,11.5,-1.26319568518616,3
10,0,84,2,10,11.5,-1.23930341651322,3
11,0,85,2,11.5,11.5,-1.20346501350382,3
12,0,85,2,11.5,11.5,-1.20346501350382,3
13,0,86,2,13,11.5,-1.16762661049442,3
14,0,87,2,14,11.5,-1.14373434182149,3
15,0,89,2,15,11.5,-1.11984207314855,3
16,1,93,2,16,11.5,-1.09594980447562,3
17,1,95,2,17.5,11.5,-1.06011140146622,3
18,0,95,3,17.5,27,-0.684293257524321,3
19,0,99,3,19,27,-0.648454854514921,3
20,0,101,3,20,27,-0.624562585841987,3
21,0,110,3,21,27,-0.600670317169054,3
22,0,111,3,22,27,-0.57677804849612,3
23,1,113,3,23,27,-0.552885779823186,3
24,0,114,3,24,27,-0.528993511150253,3
25,0,115,3,25,27,-0.505101242477319,3
26,0,116,3,26.5,27,-0.469262839467919,3
27,0,116,3,26.5,27,-0.469262839467919,3
28,0,121,3,28,27,-0.433424436458519,3
29,0,124,3,29,27,-0.409532167785585,3
30,0,127,3,30,27,-0.385639899112652,3
31,1,128,3,31,27,-0.361747630439718,3
32,1,129,3,32,27,-0.337855361766784,3
33,1,130,3,33.5,27,-0.302016958757384,3
34,0,130,3,33.5,27,-0.302016958757384,3
35,0,132,3,35,27,-0.266178555747984,3
36,1,140,3,36,27,-0.24228628707505,3
37,1,145,4,37,42,0.145300959606173,3
38,0,146,4,38,42,0.169193228279107,3
39,0,151,4,39,42,0.19308549695204,3
40,0,164,4,40.5,42,0.22892389996144,3
41,0,164,4,40.5,42,0.22892389996144,3
42,1,165,4,42,42,0.264762302970841,3
43,1,167,4,43,42,0.288654571643774,3
44,0,171,4,44,42,0.312546840316708,3
45,0,175,4,45,42,0.336439108989641,3
46,0,179,4,46,42,0.360331377662575,3
47,1,183,4,47,42,0.384223646335509,3
48,0,186,5,48,51,0.626332901813416,3
49,0,201,5,49,51,0.650225170486349,3
50,0,202,5,50,51,0.674117439159283,3
51,0,203,5,51,51,0.698009707832216,3
52,1,209,5,52,51,0.72190197650515,3
53,0,213,5,53,51,0.745794245178084,3
54,1,214,5,54,51,0.769686513851017,3
55,1,216,6,55,58.5,0.975426271528096,3
56,0,217,6,56,58.5,0.999318540201029,3
57,0,218,6,57.5,58.5,1.03515694321043,3
58,0,218,6,57.5,58.5,1.03515694321043,3
59,0,221,6,59,58.5,1.07099534621983,3
60,0,229,6,60,58.5,1.09488761489276,3
61,0,232,6,61,58.5,1.1187798835657,3
62,0,234,6,62,58.5,1.14267215223863,3
63,0,240,7,63,63.5,1.28779608024766,3
64,0,241,7,64,63.5,1.31168834892059,3
65,1,242,8,65,65.5,1.38407328132797,3
66,1,254,8,66,65.5,1.4079655500009,3
67,1,285,9,67,67,1.46822731647466,3
68,1,296,10,68,68.5,1.52848908294843,3
69,1,302,10,69,68.5,1.55238135162136,3
70,1,304,11,70,70.5,1.62476628402873,3
71,1,317,11,71,70.5,1.64865855270166,3
72,1,324,13,72,72,1.70892031917543,3
1,1,30,1,1,1,-1.69933331945774,4
2,1,41,2,2,6.5,-1.46234438260208,4
3,1,50,2,3,6.5,-1.42662718883461,4
4,1,53,2,4,6.5,-1.39090999506715,4
5,1,54,2,5.5,6.5,-1.33733420441595,4
6,1,54,2,5.5,6.5,-1.33733420441595,4
7,1,60,2,7,6.5,-1.28375841376475,4
8,1,61,2,8,6.5,-1.24804121999729,4
9,1,78,2,9,6.5,-1.21232402622982,4
10,1,81,2,10,6.5,-1.17660683246236,4
11,1,97,2,11,6.5,-1.14088963869489,4
12,0,101,3,12,19,-0.647736665181516,4
13,1,109,3,13,19,-0.612019471414051,4
14,0,116,3,14,19,-0.576302277646585,4
15,0,122,3,15.5,19,-0.522726486995388,4
16,0,122,3,15.5,19,-0.522726486995388,4
17,0,124,3,17,19,-0.46915069634419,4
18,0,129,3,18,19,-0.433433502576724,4
19,0,141,3,19,19,-0.397716308809259,4
20,0,142,3,20,19,-0.361999115041794,4
21,0,143,3,21.5,19,-0.308423324390596,4
22,0,143,3,21.5,19,-0.308423324390596,4
23,0,146,3,23,19,-0.254847533739398,4
24,0,150,3,24,19,-0.219130339971933,4
25,0,157,3,25,19,-0.183413146204468,4
26,0,164,3,26,19,-0.147695952437002,4
27,0,167,4,27,31,0.327159589886536,4
28,1,169,4,28,31,0.362876783654001,4
29,0,171,4,29,31,0.398593977421467,4
30,1,181,4,30,31,0.434311171188932,4
31,0,198,4,31,31,0.470028364956397,4
32,0,219,4,32,31,0.505745558723862,4
33,0,224,4,33,31,0.541462752491328,4
34,0,237,4,34,31,0.577179946258793,4
35,1,240,4,35,31,0.612897140026258,4
36,0,281,5,36,38,0.904778370451433,4
37,0,311,5,37,38,0.940495564218898,4
38,0,318,5,38,38,0.976212757986363,4
39,0,325,5,39,38,1.01192995175383,4
40,0,331,5,40,38,1.04764714552129,4
41,0,335,6,41,42.5,1.24804121999729,4
42,1,342,6,42,42.5,1.28375841376475,4
43,0,355,6,43,42.5,1.31947560753222,4
44,0,359,6,44,42.5,1.35519280129968,4
45,0,402,7,45,45,1.48239715101633,4
46,0,440,8,46,46,1.55470920716347,4
47,1,503,9,47,47.5,1.64531869450044,4
48,0,867,9,48,47.5,1.68103588826791,4
1,0,53,4,1,1,-1.74717863818938,5
2,0,67,5,2,9,-1.57859503020477,5
3,0,68,5,3,9,-1.56064102200553,5
4,0,70,5,4.5,9,-1.53371000970668,5
5,0,70,5,4.5,9,-1.53371000970668,5
6,0,72,5,6,9,-1.50677899740782,5
7,0,76,5,7.5,9,-1.47984798510897,5
8,0,76,5,7.5,9,-1.47984798510897,5
9,0,77,5,9,9,-1.45291697281011,5
10,1,80,5,10.5,9,-1.42598596051126,5
11,0,80,5,10.5,9,-1.42598596051126,5
12,0,81,5,12.5,9,-1.39007794411279,5
13,0,81,5,12.5,9,-1.39007794411279,5
14,0,83,5,14,9,-1.36314693181393,5
15,0,84,5,15,9,-1.3451929236147,5
16,0,86,5,17,9,-1.30928490721623,5
17,0,86,6,17,36.5,-0.791495657953999,5
18,0,86,6,17,36.5,-0.791495657953999,5
19,0,87,6,20,36.5,-0.737633633356291,5
20,0,87,6,20,36.5,-0.737633633356291,5
21,0,87,6,20,36.5,-0.737633633356291,5
22,0,88,6,22,36.5,-0.701725616957819,5
23,0,89,6,23.5,36.5,-0.674794604658964,5
24,0,89,6,23.5,36.5,-0.674794604658964,5
25,0,90,6,25,36.5,-0.64786359236011,5
26,0,91,6,26,36.5,-0.629909584160874,5
27,0,92,6,27,36.5,-0.611955575961638,5
28,0,93,6,28,36.5,-0.594001567762402,5
29,0,94,6,29,36.5,-0.576047559563166,5
30,0,95,6,30,36.5,-0.55809355136393,5
31,0,100,6,32,36.5,-0.522185534965458,5
32,0,100,6,32,36.5,-0.522185534965458,5
33,0,100,6,32,36.5,-0.522185534965458,5
34,0,101,6,35,36.5,-0.46832351036775,5
35,0,101,6,35,36.5,-0.46832351036775,5
36,0,101,6,35,36.5,-0.46832351036775,5
37,0,103,6,37.5,36.5,-0.423438489869659,5
38,0,103,6,37.5,36.5,-0.423438489869659,5
39,0,104,6,40,36.5,-0.378553469371569,5
40,0,104,6,40,36.5,-0.378553469371569,5
41,0,104,6,40,36.5,-0.378553469371569,5
42,0,105,6,42.5,36.5,-0.333668448873479,5
43,0,105,6,42.5,36.5,-0.333668448873479,5
44,0,106,6,44.5,36.5,-0.297760432475007,5
45,0,106,6,44.5,36.5,-0.297760432475007,5
46,0,107,6,47.5,36.5,-0.243898407877299,5
47,0,107,6,47.5,36.5,-0.243898407877299,5
48,0,107,6,47.5,36.5,-0.243898407877299,5
49,0,107,6,47.5,36.5,-0.243898407877299,5
50,0,108,6,50.5,36.5,-0.19003638327959,5
51,0,108,6,50.5,36.5,-0.19003638327959,5
52,0,109,6,52.5,36.5,-0.154128366881118,5
53,0,109,6,52.5,36.5,-0.154128366881118,5
54,0,111,6,56.5,36.5,-0.0823123340841741,5
55,0,111,6,56.5,36.5,-0.0823123340841741,5
56,0,111,6,56.5,36.5,-0.0823123340841741,5
57,0,111,7,56.5,67.5,0.501377365084154,5
58,0,111,7,56.5,67.5,0.501377365084154,5
59,0,111,7,56.5,67.5,0.501377365084154,5
60,0,112,7,60,67.5,0.564216393781481,5
61,0,114,7,61.5,67.5,0.591147406080335,5
62,0,114,7,61.5,67.5,0.591147406080335,5
63,0,115,7,63,67.5,0.618078418379189,5
64,0,117,7,64.5,67.5,0.645009430678043,5
65,0,117,7,64.5,67.5,0.645009430678043,5
66,0,121,7,66.5,67.5,0.680917447076515,5
67,0,121,7,66.5,67.5,0.680917447076515,5
68,0,122,7,68.5,67.5,0.716825463474987,5
69,0,122,7,68.5,67.5,0.716825463474987,5
70,0,123,7,70,67.5,0.743756475773841,5
71,0,124,7,71,67.5,0.761710483973077,5
72,0,125,7,72.5,67.5,0.788641496271931,5
73,0,125,7,72.5,67.5,0.788641496271931,5
74,0,128,7,74,67.5,0.815572508570786,5
75,0,130,7,75.5,67.5,0.84250352086964,5
76,0,130,7,75.5,67.5,0.84250352086964,5
77,0,132,7,77.5,67.5,0.878411537268112,5
78,0,132,7,77.5,67.5,0.878411537268112,5
79,0,136,8,79,85.5,1.24425914908406,5
80,0,137,8,80,85.5,1.2622131572833,5
81,0,138,8,81,85.5,1.28016716548253,5
82,0,139,8,82,85.5,1.29812117368177,5
83,0,140,8,83,85.5,1.316075181881,5
84,1,142,8,84,85.5,1.33402919008024,5
85,1,143,8,85.5,85.5,1.36096020237909,5
86,1,143,8,85.5,85.5,1.36096020237909,5
87,1,148,8,87,85.5,1.38789121467795,5
88,1,149,8,88,85.5,1.40584522287718,5
89,1,152,8,89,85.5,1.42379923107642,5
90,1,159,8,90,85.5,1.44175323927566,5
91,1,161,8,91,85.5,1.45970724747489,5
92,1,162,8,92,85.5,1.47766125567413,5
93,1,173,9,93,94.5,1.66507356363191,5
94,1,177,9,94,94.5,1.68302757183115,5
95,1,184,9,95,94.5,1.70098158003038,5
96,1,212,9,96,94.5,1.71893558822962,5
1,0,37,3,1,13.5,-1.49382768334998,6
2,0,39,7,2.5,84.5,-0.166245481858899,6
3,0,39,7,2.5,84.5,-0.166245481858899,6
4,1,43,5,4.5,56.5,-0.643278851844175,6
5,0,43,5,4.5,56.5,-0.643278851844175,6
6,0,45,11,6,95,0.0889325894093922,6
7,0,48,5,7.5,56.5,-0.589426693592072,6
8,0,48,5,7.5,56.5,-0.589426693592072,6
9,0,50,5,9,56.5,-0.56250061446602,6
10,0,51,4,10,33.5,-0.965889202293662,6
11,0,59,6,11,75,-0.187695819803777,6
12,0,64,4,12,33.5,-0.929987763458926,6
13,0,65,10,13,94,0.196268525015965,6
14,1,66,4,14,33.5,-0.894086324624191,6
15,0,68,5,15.5,56.5,-0.44582093825313,6
16,1,68,6,15.5,75,-0.106917582425623,6
17,0,69,4,17.5,33.5,-0.831258806663404,6
18,1,69,5,17.5,56.5,-0.409919499418395,6
19,0,70,4,19,33.5,-0.804332727537353,6
20,1,73,3,20,13.5,-1.15276401441999,6
21,1,77,3,21,13.5,-1.13481329500263,6
22,0,78,6,22,75,0.00976209378726706,6
23,0,79,5,23,56.5,-0.311190542622873,6
24,0,81,5,24,56.5,-0.293239823205505,6
25,1,82,3,25.5,13.5,-1.05403505762447,6
26,0,82,7,25.5,84.5,0.246621064740558,6
27,0,83,4,27.5,33.5,-0.651751612489727,6
28,0,83,4,27.5,33.5,-0.651751612489727,6
29,1,85,4,29.5,33.5,-0.615850173654992,6
30,0,85,4,29.5,33.5,-0.615850173654992,6
31,0,86,7,31,84.5,0.34535002153608,6
32,1,88,4,32,33.5,-0.570973375111573,6
33,1,89,6,33,75,0.207220007378312,6
34,0,90,2,34.5,2,-1.10314823649067,6
35,1,90,5,34.5,56.5,-0.104757269323144,6
36,0,91,3,36,13.5,-0.86555250374211,6
37,0,95,8,38,89.5,0.562600559032656,6
38,0,95,3,38,13.5,-0.829651064907375,6
39,1,95,2,38,2,-1.04032071852988,6
40,0,98,4,40,33.5,-0.427367619772631,6
41,0,99,4,41,33.5,-0.409416900355264,6
42,1,100,3,42,13.5,-0.757848187237904,6
43,0,102,6,43,75,0.386727201551988,6
44,0,103,3,44,13.5,-0.721946748403169,6
45,0,104,5,45.5,56.5,0.0927006442679001,6
46,0,104,5,45.5,56.5,0.0927006442679001,6
47,0,106,6,47.5,75,0.467505438930143,6
48,0,106,5,47.5,56.5,0.128602083102636,6
49,0,108,9,49,92,0.805856223411201,6
50,1,110,5,51,56.5,0.191429601063422,6
51,0,110,3,51,13.5,-0.596291712481595,6
52,0,110,5,51,56.5,0.191429601063422,6
53,0,114,5,53,56.5,0.227331039898158,6
54,0,116,7,54.5,84.5,0.76719192784422,6
55,0,116,8,54.5,89.5,0.858787429419222,6
56,0,117,3,56.5,13.5,-0.497562755686072,6
57,0,117,4,56.5,33.5,-0.131180749386065,6
58,0,118,5,58.5,56.5,0.32605999669368,6
59,0,118,4,58.5,33.5,-0.0952793105513292,6
60,1,119,5,60.5,56.5,0.361961435528415,6
61,0,119,9,60.5,92,1.01228949671093,6
62,0,122,7,62,84.5,0.901822323474478,6
63,0,123,4,63,33.5,-0.0145010731731747,6
64,1,124,12,64.5,96,1.1573687756404,6
65,0,124,3,64.5,13.5,-0.353957000347131,6
66,0,126,6,66,75,0.799593748151445,6
67,0,129,2,67,2,-0.519749855426216,6
68,1,130,5,68,56.5,0.496591831158673,6
69,0,134,6,69,75,0.853445906403548,6
70,0,141,3,70,13.5,-0.255228043551609,6
71,0,142,3,71,13.5,-0.237277324134241,6
72,1,143,4,73,33.5,0.165006121000502,6
73,0,143,5,73,56.5,0.586345428245511,6
74,0,143,6,73,75,0.925248784073019,6
75,1,144,5,75,56.5,0.622246867080247,6
76,0,149,4,76.5,33.5,0.227833638961289,6
77,0,149,5,76.5,56.5,0.649172946206298,6
78,0,152,3,78,13.5,-0.111622288212667,6
79,1,158,3,79,13.5,-0.0936715687952998,6
80,0,160,4,80,33.5,0.290661156922076,6
81,0,161,5,81,56.5,0.729951183584453,6
82,0,167,4,82,33.5,0.326562595756811,6
83,0,169,6,83,75,1.1047559782467,6
84,0,185,3,84,13.5,-0.00391797170846131,6
85,1,189,7,85,84.5,1.31468887007393,6
86,0,196,3,86,13.5,0.031983467126274,6
87,0,200,5,87,56.5,0.837655500088659,6
88,1,204,9,88,92,1.50593428068854,6
89,0,227,6,89,75,1.2124602947509,6
90,0,239,4,90,33.5,0.470168351095753,6
91,0,244,5,91,56.5,0.90945837775813,6
92,1,254,7,92,84.5,1.44034390599551,6
93,0,282,3,93,13.5,0.157638503047848,6
94,0,318,3,94,13.5,0.175589222465215,6
95,1,337,5,95,56.5,0.9812612554276,6
96,0,340,3,96,13.5,0.211490661299951,6
1,1,91,8,1,36.5,-0.848550850405418,7
2,1,98,4,2.5,3.5,-1.60532021618907,7
3,1,98,5,2.5,9.5,-1.46120682944936,7
4,1,100,5,4,9.5,-1.42535256816463,7
5,0,101,10,5,49,-0.452703264605066,7
6,0,105,11,6,55.5,-0.272677588113893,7
7,1,113,7,7.5,28,-0.897343016052814,7
8,1,113,7,7.5,28,-0.897343016052814,7
9,1,114,6,9,17.5,-1.11368718156257,7
10,1,115,6,10,17.5,-1.08978434070607,7
11,0,116,9,12,42.5,-0.441506214244314,7
12,1,116,7,12,28,-0.789780232198606,7
13,1,116,7,12,28,-0.789780232198606,7
14,1,117,6,15,17.5,-0.970270136423621,7
15,0,117,7,15,28,-0.718071709629134,7
16,0,117,11,15,55.5,-0.0575520204054767,7
17,0,119,10,17,49,-0.165869174327178,7
18,0,120,7,18,28,-0.646363187059662,7
19,0,123,7,19,28,-0.622460346203171,7
20,0,124,10,20,49,-0.0941606517577061,7
21,1,125,5,23,9.5,-0.971198591891305,7
22,1,125,13,23,65.5,0.37385968434596,7
23,0,125,21,23,72,0.529982519980643,7
24,1,125,6,23,17.5,-0.779047409571696,7
25,0,125,10,23,49,-0.0224521291882341,7
26,0,126,7,26.5,28,-0.443189039779491,7
27,0,126,7,26.5,28,-0.443189039779491,7
28,0,129,8,29.5,36.5,-0.167319885995435,7
29,0,129,6,29.5,17.5,-0.623678944004507,7
30,0,129,7,29.5,28,-0.37148051721002,7
31,1,129,4,29.5,3.5,-0.959943513063823,7
32,1,131,6,33,17.5,-0.54001900100679,7
33,1,131,5,33,9.5,-0.732170183326399,7
34,0,131,11,33,55.5,0.372699115011355,7
35,0,132,8,35.5,36.5,-0.0239028408564907,7
36,1,132,13,35.5,65.5,0.672645195052093,7
37,1,133,6,37,17.5,-0.444407637580827,7
38,1,134,8,38,36.5,0.035854261284736,7
39,1,135,5,39.5,9.5,-0.57680171775921,7
40,0,135,4,39.5,3.5,-0.720915104498917,7
41,0,136,4,41.5,3.5,-0.673109422785935,7
42,0,136,5,41.5,9.5,-0.528996036046228,7
43,1,138,12,43.5,60.5,0.743773432954263,7
44,0,138,12,43.5,60.5,0.743773432954263,7
45,0,139,8,45,36.5,0.203174147280171,7
46,0,140,16,46,70,1.03171006410003,7
47,0,141,13,47,65.5,0.947527864901736,7
48,1,143,10,49,49,0.599021733080523,7
49,0,143,6,49,17.5,-0.157573547302939,7
50,0,143,10,49,49,0.599021733080523,7
51,0,145,4,51.5,3.5,-0.434081014221029,7
52,0,145,14,51.5,69,1.13915679102077,7
53,0,146,13,53.5,65.5,1.10289633046892,7
54,0,146,12,53.5,60.5,0.982801841519169,7
55,0,150,9,55,42.5,0.586315942584784,7
56,1,151,6,56,17.5,0.00974633869249547,7
57,0,152,9,57,42.5,0.634121624297765,7
58,0,159,13,59,65.5,1.23436195517962,7
59,1,159,17,59,71,1.36646589302435,7
60,0,159,12,59,60.5,1.11426746622987,7
61,1,162,9,61,42.5,0.729732987723728,7
62,0,164,13,62,65.5,1.3060704777491,7
63,1,168,11,63.5,55.5,1.10173576113432,7
64,0,168,6,63.5,17.5,0.189017645116175,7
65,0,169,9,65,42.5,0.825344351149691,7
66,0,170,10,66.5,49,1.01732144806911,7
67,1,170,11,66.5,55.5,1.17344428370379,7
68,0,177,7,68.5,28,0.560730276193116,7
69,1,177,11,68.5,55.5,1.22124996541677,7
70,0,179,9,70,42.5,0.944858555432144,7
71,0,192,4,71,3.5,0.0320243824805388,7
72,0,247,8,72,36.5,0.848550850405418,7
1,0,94,4,1,27.5,-1.0663180812423,8
2,0,100,4,2,27.5,-1.04242562047304,8
3,1,103,3,3,13.5,-1.35785539693381,8
4,0,108,4,4,27.5,-0.99464069893452,8
5,0,109,4,5,27.5,-0.97074823816526,8
6,0,112,4,6,27.5,-0.946855777396001,8
7,1,116,3,7,13.5,-1.26228555385677,8
8,0,119,9,8,68,0.0825399018436672,8
9,1,134,3,9,13.5,-1.21450063231825,8
10,0,136,8,10,63.5,0.0212569614153918,8
11,0,146,4,11,27.5,-0.827393473549704,8
12,1,157,5,12,40,-0.500534729539349,8
13,1,158,2,13,3.5,-1.36130381583409,8
14,1,171,10,14.5,70.5,0.298434153492073,8
15,0,171,3,14.5,13.5,-1.08309209808732,8
16,1,178,5,16,40,-0.404964886462311,8
17,0,181,3,17.5,13.5,-1.01141471577954,8
18,0,181,4,17.5,27.5,-0.672092478549518,8
19,0,189,3,19,13.5,-0.975576024625656,8
20,0,191,10,20.5,70.5,0.441788918107629,8
21,1,191,3,20.5,13.5,-0.939737333471766,8
22,0,193,6,22,53,0.0534748127239845,8
23,0,194,2,23,3.5,-1.12237920814149,8
24,0,205,3,24,13.5,-0.856113720779358,8
25,1,210,6,25,53,0.125152195031763,8
26,1,217,8,26,63.5,0.403536333723542,8
27,0,229,6,27.5,53,0.184883346954911,8
28,0,229,5,27.5,40,-0.130201587615828,8
29,1,230,5,29,40,-0.0943628964619389,8
30,0,233,5,30,40,-0.0704704356926795,8
31,0,234,6,31,53,0.268506959647319,8
32,0,241,6,32,53,0.292399420416579,8
33,0,242,5,33,40,0.00120694661509878,8
34,0,245,6,34,53,0.340184341955098,8
35,0,247,4,35.5,27.5,-0.242028184702848,8
36,0,247,8,35.5,63.5,0.630514711031507,8
37,0,256,6,37,53,0.411861724262876,8
38,0,259,6,38,53,0.435754185032135,8
39,0,261,8,39,63.5,0.714138323723915,8
40,0,266,3,40,13.5,-0.473834348471208,8
41,1,269,9,41,68,0.870991107229228,8
42,0,275,4,42,27.5,-0.086727189702662,8
43,0,276,4,43,27.5,-0.0628347289334025,8
44,0,278,6,44,53,0.579108949647692,8
45,0,302,8,45,63.5,0.857493088339471,8
46,0,317,4,46,27.5,0.0088426533743757,8
47,0,351,3,47,13.5,-0.306587123086392,8
48,0,352,2,48,3.5,-0.525067688910009,8
49,1,360,2,49.5,3.5,-0.48922899775612,8
50,0,360,3,49.5,13.5,-0.246855971163243,8
51,0,364,8,51,63.5,1.00084785295503,8
52,0,367,3,52.5,13.5,-0.175178588855465,8
53,0,367,5,52.5,40,0.467109931615657,8
54,0,370,3,54,13.5,-0.139339897701576,8
55,0,375,5,55,40,0.526841083538806,8
56,0,377,4,56,27.5,0.24776726106697,8
57,0,380,5,57,40,0.574626005077325,8
58,0,387,6,58,53,0.913603400417323,8
59,0,389,14,59,72,1.39800461171305,8
60,0,396,6,60,53,0.961388321955842,8
61,0,397,5,61,40,0.670195848154362,8
62,0,400,6,62,53,1.00917324349436,8
63,1,407,4,63,27.5,0.415014486451786,8
64,0,408,2,64.5,3.5,-0.130842086217228,8
65,0,408,6,64.5,53,1.06890439541751,8
66,0,412,4,66,27.5,0.486691868759564,8
67,0,484,6,67,53,1.12863554734066,8
68,0,497,2,68,3.5,-0.0472184735248206,8
69,0,532,6,69,53,1.17642046887918,8
70,0,551,3,70,13.5,0.242939474606575,8
71,0,553,9,71,68,1.58776493030701,8
72,1,582,5,72,40,0.933012916616216,8
1,0,112,5,1,36,-1.20913448278449,9
2,0,115,9,2,83.5,-0.509290745956373,9
3,1,118,1,4,2.5,-1.64942871821571,9
4,1,118,14,4,107.5,-0.13419194650472,9
5,1,118,11,4,97,-0.285715623675819,9
6,0,121,11,6,97,-0.256956657758107,9
7,0,123,3,7,15.5,-1.41868952617493,9
8,0,124,2,8.5,7.5,-1.51256691291462,9
9,1,124,8,8.5,77,-0.509624478305919,9
10,0,125,17,10,114.5,0.0531007360291481,9
11,0,126,13,13.5,103.5,-0.0553101639845796,9
12,0,126,7,13.5,67,-0.582035327484115,9
13,0,126,4,13.5,24.5,-1.19534544936714,9
14,0,126,7,13.5,67,-0.582035327484115,9
15,0,126,22,13.5,118,0.15393681877551,9
16,0,126,5,13.5,36,-1.02939094579879,9
17,1,129,15,17,110,0.088818397953525,9
18,0,130,7,18.5,67,-0.510137912689836,9
19,0,130,2,18.5,7.5,-1.36877208332607,9
20,1,132,5,21,36,-0.921544823607371,9
21,1,132,3,21,15.5,-1.21737676475095,9
22,1,132,30,21,119.5,0.2834291805628,9
23,0,133,6,24,52,-0.647513152374843,9
24,0,133,13,24,103.5,0.0956744070834068,9
25,0,133,14,24,107.5,0.153397712672397,9
26,0,134,4,28.5,24.5,-0.979653204984299,9
27,1,134,4,28.5,24.5,-0.979653204984299,9
28,0,134,5,28.5,36,-0.813698701415952,9
29,0,134,7,28.5,67,-0.366343083101278,9
30,0,134,5,28.5,36,-0.813698701415952,9
31,1,134,1,28.5,2.5,-1.29713138572375,9
32,0,135,8,32,77,-0.171706628772807,9
33,0,136,7,33,67,-0.301635409786427,9
34,1,137,5,34.5,36,-0.727421803662817,9
35,0,137,11,34.5,97,0.152858606569284,9
36,0,138,7,36,67,-0.258496960909859,9
37,0,139,6,37,52,-0.460579873909717,9
38,1,140,3,39,15.5,-0.958546071491541,9
39,1,140,2,39,7.5,-1.07399268266952,9
40,0,140,11,39,97,0.217566279884135,9
41,0,141,3,42,15.5,-0.915407622614973,9
42,1,141,6,42,52,-0.388682459115437,9
43,0,141,6,42,52,-0.388682459115437,9
44,0,142,3,46,15.5,-0.85788969077955,9
45,1,142,19,46,116.5,0.599623775342454,9
46,0,142,5,46,36,-0.562057749635975,9
47,1,142,5,46,36,-0.562057749635975,9
48,1,142,5,46,36,-0.562057749635975,9
49,0,143,14,49,107.5,0.512884786643793,9
50,1,144,5,50,36,-0.504539817800552,9
51,0,145,4,52.5,24.5,-0.634545613971759,9
52,0,145,10,52.5,90,0.310673515047956,9
53,1,145,12,52.5,101,0.469412605417679,9
54,0,145,4,52.5,24.5,-0.634545613971759,9
55,0,146,4,55.5,24.5,-0.591407165095191,9
56,0,146,8,55.5,77,0.166211220760306,9
57,1,147,3,57.5,15.5,-0.692525636752708,9
58,0,147,14,57.5,107.5,0.635110391794068,9
59,0,148,6,60,52,-0.129851765856032,9
60,1,148,4,60,24.5,-0.52669949178034,9
61,1,148,6,60,52,-0.129851765856032,9
62,0,149,8,64,77,0.28843682591058,9
63,0,149,6,64,52,-0.0723338340206088,9
64,1,149,7,64,67,0.144128561938105,9
65,0,149,5,64,36,-0.30322705637657,9
66,1,149,19,64,116.5,0.858454468601859,9
67,1,150,17,67,114.5,0.872731264683931,9
68,1,151,30,70.5,119.5,0.995213587026164,9
69,1,151,7,70.5,67,0.237595201170668,9
70,1,151,13,70.5,103.5,0.764320364670203,9
71,1,151,16,70.5,112,0.886982389046808,9
72,1,151,2,70.5,7.5,-0.621038969465562,9
73,1,151,13,70.5,103.5,0.764320364670203,9
74,0,152,7,74,67,0.287923391526663,9
75,1,153,8,76,77,0.46099062141685,9
76,0,153,6,76,52,0.100219961485661,9
77,0,153,10,76,90,0.648591364581069,9
78,0,154,6,78.5,52,0.136168668882801,9
79,0,154,5,78.5,36,-0.0947245534731601,9
80,0,155,10,80.5,90,0.71329903789592,9
81,1,155,5,80.5,36,-0.0659655875554483,9
82,0,156,8,83.5,77,0.568836743608269,9
83,0,156,9,83.5,83.5,0.662637115190378,9
84,0,156,7,83.5,67,0.424528479635794,9
85,1,156,10,83.5,90,0.756437486772487,9
86,1,157,10,86,90,0.792386194169627,9
87,0,158,2,87.5,7.5,-0.376587759165013,9
88,0,158,9,87.5,83.5,0.720155047025802,9
89,0,159,5,89.5,36,0.0634497590742542,9
90,1,159,16,89.5,112,1.16019256526507,9
91,1,161,16,91.5,112,1.18895153118278,9
92,0,161,6,91.5,52,0.323101947347927,9
93,0,162,6,93.5,52,0.351860913265639,9
94,0,162,6,93.5,52,0.351860913265639,9
95,1,163,8,95.5,77,0.741390539114539,9
96,0,163,3,95.5,15.5,-0.146105284316186,9
97,0,164,6,97,52,0.402189103621634,9
98,1,165,11,98.5,97,1.07314551593606,9
99,0,165,6,98.5,52,0.423758328059918,9
100,1,166,9,101,83.5,0.914278066970355,9
101,0,166,6,101,52,0.459707035457057,9
102,0,166,7,101,67,0.676169431415771,9
103,1,170,9,104,83.5,0.957416515846923,9
104,0,170,3,104,15.5,-0.0238796791659109,9
105,1,170,9,104,83.5,0.957416515846923,9
106,1,172,3,106,15.5,0.00487928675180072,9
107,0,174,4,107,24.5,0.149136207285885,9
108,1,176,11,109,97,1.22413008700404,9
109,1,176,7,109,67,0.791205295086618,9
110,1,176,1,109,2.5,-0.13958300753585,9
111,1,179,7,111,67,0.819964261004329,9
112,1,186,1,112.5,2.5,-0.0892548171798546,9
113,0,186,6,112.5,52,0.6250710894839,9
114,1,187,10,114.5,90,1.20220145849702,9
115,0,187,5,114.5,36,0.42293683304565,9
116,0,189,2,116,7.5,0.0332275051623786,9
117,1,193,3,117,15.5,0.163053599299215,9
118,1,194,6,118,52,0.704158245757607,9
119,1,197,10,119,90,1.26690913181187,9
120,1,209,11,120,97,1.38230439955146,9
1,0,67,30,1,72,0.00707708538910579,10
2,1,82,17,2,71,0.00687773087110277,10
3,0,85,16,3,70,0.00667837635309976,10
4,0,87,15,4,69,0.00647902183509674,10
5,1,91,14,5,68,0.00627966731709384,10
6,0,93,13,6,67,0.00608031279909083,10
7,0,105,12,7,66,0.00588095828108781,10
8,0,109,11,8,64,-0.0184096352490997,10
9,1,110,11,9,64,0.00548224924508189,10
10,0,114,11,10,64,0.0293741337392636,10
11,0,115,10,11,62,0.00508354020907598,10
12,1,116,9,12,61,0.00488418569107296,10
13,1,117,8,13,59.5,-0.00736078833302234,10
14,0,118,8,14,59.5,0.0165310961611592,10
15,0,125,7,15,57,-0.0198051168751205,10
16,0,131,7,16,57,0.00408676761906107,10
17,1,136,7,17,57,0.0279786521132426,10
18,0,144,6,18,51.5,-0.0806312779595909,10
19,1,149,6,19,51.5,-0.0567393934654093,10
20,0,150,6,20,51.5,-0.0328475089712277,10
21,0,158,6,21,51.5,-0.00895562447704612,10
22,1,163,6,23,51.5,0.0388281445113171,10
23,0,163,6,23,51.5,0.0388281445113171,10
24,0,163,6,23,51.5,0.0388281445113171,10
25,0,170,6,25,51.5,0.0866119134996802,10
26,1,178,5,26,44,-0.0701804945975224,10
27,0,179,5,27,44,-0.0462886101033408,10
28,0,183,5,28,44,-0.0223967256091593,10
29,0,184,5,29,44,0.00149515888502233,10
30,0,187,5,30,44,0.0253870433792039,10
31,0,191,5,31,44,0.0492789278733855,10
32,0,192,5,32,44,0.0731708123675671,10
33,0,196,4,33,36,-0.0956672152357278,10
34,0,206,4,34,36,-0.0717753307415462,10
35,1,221,4,35.5,36,-0.0359375040002739,10
36,0,221,4,35.5,36,-0.0359375040002739,10
37,1,224,4,37,36,-9.96772590014898e-05,10
38,1,230,4,38,36,0.0237922072351801,10
39,1,231,4,39,36,0.0476840917293617,10
40,0,245,4,40,36,0.0715759762235433,10
41,0,249,4,41,36,0.0954678607177248,10
42,0,263,3,42,24.5,-0.157689503428216,10
43,0,277,3,43,24.5,-0.133797618934034,10
44,0,302,3,44,24.5,-0.109905734439853,10
45,0,306,3,45,24.5,-0.0860138499456713,10
46,0,309,3,46,24.5,-0.0621219654514897,10
47,0,311,3,47,24.5,-0.0382300809573081,10
48,1,312,3,48,24.5,-0.0143381964631265,10
49,1,315,3,49,24.5,0.00955368803105505,10
50,0,327,3,50,24.5,0.0334455725252366,10
51,0,330,3,51,24.5,0.0573374570194182,10
52,0,337,3,52,24.5,0.0812293415135998,10
53,0,338,3,53,24.5,0.105121226007781,10
54,1,352,3,54,24.5,0.129013110501963,10
55,1,354,3,55,24.5,0.152904994996145,10
56,0,358,2,56,11.5,-0.136389227668073,10
57,0,363,2,57,11.5,-0.112497343173892,10
58,0,370,2,58,11.5,-0.08860545867971,10
59,1,392,2,59,11.5,-0.0647135741855284,10
60,0,397,2,60,11.5,-0.0408216896913468,10
61,1,419,2,61,11.5,-0.0169298051971652,10
62,0,450,2,62,11.5,0.00696207929701631,10
63,0,457,2,63,11.5,0.0308539637911979,10
64,1,472,2,64,11.5,0.0547458482853795,10
65,0,504,2,65,11.5,0.0786377327795611,10
66,0,518,2,66,11.5,0.102529617273743,10
67,0,520,2,67,11.5,0.126421501767924,10
68,0,524,1,68,3,-0.054462145341463,10
69,1,566,1,69,3,-0.0305702608472813,10
70,0,570,1,70,3,-0.00667837635309976,10
71,1,689,1,71,3,0.0172135081410818,10
72,0,1219,1,72,3,0.0411053926352634,10
1,0,112,7,1,29.5,-0.643179516754926,11
2,0,188,7,2,29.5,-0.607464261768505,11
3,0,216,7,3,29.5,-0.571749006782084,11
4,1,228,6,4,9,-1.3401625510421,11
5,0,229,7,5,29.5,-0.500318496809243,11
6,0,268,6,6,9,-1.26873204106926,11
7,0,277,7,7,29.5,-0.428887986836402,11
8,0,281,7,8,29.5,-0.393172731849981,11
9,0,297,7,9,29.5,-0.35745747686356,11
10,0,302,6,10,9,-1.12587102112358,11
11,0,318,7,11,29.5,-0.286026966890719,11
12,0,319,7,12,29.5,-0.250311711904298,11
13,0,333,7,13,29.5,-0.214596456917878,11
14,0,337,6,14,9,-0.983010001177893,11
15,0,367,7,15,29.5,-0.143165946945036,11
16,0,371,6,16,9,-0.911579491205052,11
17,0,382,7,17,29.5,-0.0717354369721949,11
18,0,392,6,18,9,-0.840148981232211,11
19,0,393,7,19,29.5,-0.000304926999353555,11
20,0,405,7,20,29.5,0.0354103279870671,11
21,1,406,8,21,44.5,0.659512509251368,11
22,0,410,7,22,29.5,0.106840837959908,11
23,1,413,9,23,48,0.868233302022382,11
24,0,436,7,24,29.5,0.17827134793275,11
25,0,443,7,25,29.5,0.213986602919171,11
26,1,451,7,26.5,29.5,0.267559485398802,11
27,0,451,7,26.5,29.5,0.267559485398802,11
28,1,453,7,28,29.5,0.321132367878433,11
29,1,481,7,29,29.5,0.356847622864853,11
30,0,483,6,30,9,-0.411565921395163,11
31,1,501,6,31,9,-0.375850666408742,11
32,1,505,8,32,44.5,1.052380314102,11
33,1,514,8,33,44.5,1.08809556908842,11
34,1,517,6,34,9,-0.26870490144948,11
35,1,520,8,35,44.5,1.15952607906126,11
36,1,531,7,36,29.5,0.606854407769798,11
37,1,563,8,37,44.5,1.2309565890341,11
38,0,612,6,38,9,-0.125843881503797,11
39,0,666,6,39,9,-0.0901286265173766,11
40,1,692,7,40,29.5,0.749715427715481,11
41,0,756,6,41,9,-0.0186981165445352,11
42,0,786,6,42,9,0.0170171384418853,11
43,1,834,8,43,44.5,1.44524811895262,11
44,1,858,6,44,9,0.0884476484147267,11
45,0,880,6,45,9,0.124162903401147,11
46,0,1152,6,46,9,0.159878158387568,11
47,1,1159,7,47,29.5,0.999722212620425,11
48,0,1186,6,48,9,0.231308668360409,11
1,1,26,1,1.5,23,-1.41740793332396,12
2,0,26,1,1.5,23,-1.41740793332396,12
3,0,30,1,3,23,-1.39584575126188,12
4,0,32,1,4,23,-1.38147096322049,12
5,0,34,1,5.5,23,-1.35990878115841,12
6,0,34,1,5.5,23,-1.35990878115841,12
7,0,38,1,7,23,-1.33834659909633,12
8,0,39,1,8,23,-1.32397181105494,12
9,0,43,1,9.5,23,-1.30240962899286,12
10,0,43,1,9.5,23,-1.30240962899286,12
11,0,48,1,11,23,-1.28084744693078,12
12,0,49,1,13,23,-1.25209787084801,12
13,0,49,1,13,23,-1.25209787084801,12
14,0,49,1,13,23,-1.25209787084801,12
15,1,51,1,15.5,23,-1.21616090074454,12
16,0,51,1,15.5,23,-1.21616090074454,12
17,1,52,1,17.5,23,-1.18741132466177,12
18,0,52,1,17.5,23,-1.18741132466177,12
19,0,58,1,19,23,-1.16584914259969,12
20,1,59,1,20.5,23,-1.1442869605376,12
21,0,59,1,20.5,23,-1.1442869605376,12
22,0,61,1,22,23,-1.12272477847552,12
23,1,62,1,23,23,-1.10834999043414,12
24,0,65,1,24,23,-1.09397520239275,12
25,0,68,1,25,23,-1.07960041435136,12
26,0,70,1,26,23,-1.06522562630998,12
27,0,71,1,27,23,-1.05085083826859,12
28,0,76,1,28,23,-1.0364760502272,12
29,1,77,1,29.5,23,-1.01491386816512,12
30,1,77,1,29.5,23,-1.01491386816512,12
31,0,78,1,31.5,23,-0.986164292082347,12
32,1,78,1,31.5,23,-0.986164292082347,12
33,0,79,1,33.5,23,-0.957414715999572,12
34,1,79,1,33.5,23,-0.957414715999572,12
35,0,80,1,35,23,-0.935852533937492,12
36,1,83,1,36,23,-0.921477745896105,12
37,0,84,1,37,23,-0.907102957854717,12
38,1,85,1,38,23,-0.89272816981333,12
39,0,87,1,39,23,-0.878353381771943,12
40,1,91,1,40,23,-0.863978593730556,12
41,0,92,1,42,23,-0.835229017647782,12
42,1,92,1,42,23,-0.835229017647782,12
43,1,92,1,42,23,-0.835229017647782,12
44,0,104,1,45.5,23,-0.784917259502927,12
45,1,104,1,45.5,23,-0.784917259502927,12
46,0,104,2,45.5,67,-0.116943944547906,12
47,0,104,2,45.5,67,-0.116943944547906,12
48,0,106,2,48,67,-0.0810069744444383,12
49,0,107,2,49,67,-0.0666321864030511,12
50,1,110,2,50.5,67,-0.0450700043409704,12
51,0,110,2,50.5,67,-0.0450700043409704,12
52,0,113,2,52.5,67,-0.0163204282581962,12
53,1,113,2,52.5,67,-0.0163204282581962,12
54,1,118,2,54,67,0.0052417538038845,12
55,0,120,2,55,67,0.0196165418452716,12
56,0,121,2,56,67,0.0339913298866587,12
57,0,122,2,57,67,0.0483661179280459,12
58,0,123,2,58,67,0.062740905969433,12
59,0,125,2,59,67,0.0771156940108201,12
60,0,126,2,60,67,0.0914904820522073,12
61,0,128,2,61,67,0.105865270093594,12
62,0,129,2,62,67,0.120240058134981,12
63,1,130,2,63,67,0.134614846176369,12
64,0,133,2,64.5,67,0.156177028238449,12
65,0,133,2,64.5,67,0.156177028238449,12
66,0,134,2,66,67,0.17773921030053,12
67,1,138,2,67,67,0.192113998341917,12
68,0,143,2,68.5,67,0.213676180403998,12
69,0,143,2,68.5,67,0.213676180403998,12
70,1,145,2,70,67,0.235238362466078,12
71,0,159,2,71,67,0.249613150507466,12
72,0,161,2,72,67,0.263987938548853,12
73,0,163,2,73,67,0.27836272659024,12
74,0,169,2,74,67,0.292737514631627,12
75,0,170,2,75,67,0.307112302673014,12
76,0,175,2,76,67,0.321487090714401,12
77,0,176,2,77,67,0.335861878755788,12
78,1,178,2,78,67,0.350236666797175,12
79,0,179,2,79,67,0.364611454838563,12
80,1,181,2,80,67,0.37898624287995,12
81,0,182,2,81,67,0.393361030921337,12
82,1,184,2,82,67,0.407735818962724,12
83,0,198,2,83,67,0.422110607004111,12
84,0,200,2,84,67,0.436485395045498,12
85,0,208,2,85,67,0.450860183086885,12
86,1,212,2,86,67,0.465234971128273,12
87,1,216,2,87,67,0.47960975916966,12
88,1,218,2,88,67,0.493984547211047,12
89,0,221,3,89,98.5,0.986567503913415,12
90,0,233,3,90,98.5,1.0009422919548,12
91,0,234,3,91,98.5,1.01531707999619,12
92,0,242,3,92,98.5,1.02969186803758,12
93,0,243,3,93,98.5,1.04406665607896,12
94,1,255,3,94,98.5,1.05844144412035,12
95,1,257,3,95,98.5,1.07281623216174,12
96,0,258,3,96,98.5,1.08719102020312,12
97,0,260,3,97,98.5,1.10156580824451,12
98,1,264,3,98,98.5,1.1159405962859,12
99,0,272,3,99.5,98.5,1.13750277834798,12
100,0,272,3,99.5,98.5,1.13750277834798,12
101,1,273,3,101,98.5,1.15906496041006,12
102,0,276,3,102,98.5,1.17343974845145,12
103,0,285,3,103,98.5,1.18781453649283,12
104,1,294,3,104,98.5,1.20218932453422,12
105,0,300,3,105,98.5,1.21656411257561,12
106,0,311,3,106,98.5,1.230938900617,12
107,0,312,3,107,98.5,1.24531368865838,12
108,0,314,3,108,98.5,1.25968847669977,12
109,0,336,4,109,112,1.47900962273872,12
110,0,350,4,110,112,1.49338441078011,12
111,0,359,4,111,112,1.50775919882149,12
112,0,368,4,112,112,1.52213398686288,12
113,0,371,4,113,112,1.53650877490427,12
114,1,382,4,114,112,1.55088356294566,12
115,0,386,4,115,112,1.56525835098704,12
116,0,391,5,116,116,1.64035798584252,12
117,0,428,6,117,117.5,1.6775045914392,12
118,1,439,6,118,117.5,1.69187937948058,12
119,0,460,7,119,119,1.72902598507725,12
120,0,490,9,120,120,1.75858198482216,12
1,0,20,1,3.5,5,-1.54599130028426,13
2,0,20,1,3.5,5,-1.54599130028426,13
3,0,20,1,3.5,5,-1.54599130028426,13
4,0,20,1,3.5,5,-1.54599130028426,13
5,0,20,1,3.5,5,-1.54599130028426,13
6,0,20,1,3.5,5,-1.54599130028426,13
7,0,21,1,8,5,-1.43843284402415,13
8,0,21,1,8,5,-1.43843284402415,13
9,0,21,1,8,5,-1.43843284402415,13
10,0,22,2,10,14.5,-1.16225834812296,13
11,0,24,2,11,14.5,-1.13835646895405,13
12,0,25,2,12.5,14.5,-1.10250365020067,13
13,0,25,2,12.5,14.5,-1.10250365020067,13
14,0,26,2,14.5,14.5,-1.05469989186284,13
15,0,26,2,14.5,14.5,-1.05469989186284,13
16,0,30,2,16.5,14.5,-1.00689613352502,13
17,0,30,2,16.5,14.5,-1.00689613352502,13
18,0,31,2,18.5,14.5,-0.959092375187185,13
19,0,31,2,18.5,14.5,-0.959092375187185,13
20,0,32,3,20,22.5,-0.730927356380461,13
21,0,33,3,21,22.5,-0.707025477211546,13
22,0,34,3,22.5,22.5,-0.671172658458174,13
23,0,34,3,22.5,22.5,-0.671172658458174,13
24,0,35,3,24,22.5,-0.635319839704802,13
25,0,37,3,25,22.5,-0.611417960535887,13
26,0,39,4,26,30.5,-0.39520388131362,13
27,0,43,4,27.5,30.5,-0.359351062560248,13
28,0,43,4,27.5,30.5,-0.359351062560248,13
29,0,45,4,29,30.5,-0.323498243806875,13
30,0,46,4,31,30.5,-0.275694485469046,13
31,0,46,4,31,30.5,-0.275694485469046,13
32,0,46,4,31,30.5,-0.275694485469046,13
33,1,49,4,33.5,30.5,-0.215939787546759,13
34,0,49,4,33.5,30.5,-0.215939787546759,13
35,0,50,4,35,30.5,-0.180086968793386,13
36,0,51,5,37,41,0.120126552114468,13
37,0,51,5,37,41,0.120126552114468,13
38,0,51,5,37,41,0.120126552114468,13
39,0,52,5,39,41,0.167930310452298,13
40,0,54,5,40,41,0.191832189621213,13
41,0,57,5,41,41,0.215734068790127,13
42,0,59,5,42,41,0.239635947959042,13
43,0,60,5,43.5,41,0.275488766712414,13
44,0,60,5,43.5,41,0.275488766712414,13
45,0,62,5,45.5,41,0.323292525050244,13
46,0,62,5,45.5,41,0.323292525050244,13
47,0,66,6,47,48,0.5274185188503,13
48,0,67,6,48,48,0.551320398019214,13
49,1,68,6,49,48,0.575222277188129,13
50,0,72,7,50,51.5,0.683260743880385,13
51,0,75,7,51,51.5,0.7071626230493,13
52,0,78,7,52,51.5,0.731064502218215,13
53,0,79,7,53,51.5,0.75496638138713,13
54,1,80,9,54,55,0.863004848079386,13
55,1,81,9,55,55,0.886906727248301,13
56,1,87,9,56,55,0.910808606417216,13
57,1,88,10,57,59,1.03086658561281,13
58,1,89,10,58,59,1.05476846478172,13
59,1,94,10,59,59,1.07867034395064,13
60,1,96,10,60,59,1.10257222311955,13
61,1,104,10,61,59,1.12647410228847,13
62,1,111,11,62,62,1.22249305647739,13
63,1,113,12,63,65,1.31851201066631,13
64,1,116,12,64,65,1.34241388983522,13
65,1,117,12,65,65,1.36631576900414,13
66,1,119,12,66,65,1.39021764817305,13
67,1,120,12,67,65,1.41411952734197,13
68,1,144,16,68,68,1.51013848153089,13
69,1,145,17,69.5,69.5,1.58204983779427,13
70,1,145,17,69.5,69.5,1.58204983779427,13
71,1,155,20,71,71,1.65396119405764,13
72,1,162,22,72,72,1.70190209823323,13
1,0,27,16,1,36,0.00965063366543217,14
2,1,31,12,2,34,-0.0389530084123633,14
3,0,34,12,3,34,0.00854770410366834,14
4,0,37,12,4,34,0.0560484166197001,14
5,1,39,11,5.5,30.5,-0.0408831351454497,14
6,1,39,11,5.5,30.5,-0.0408831351454497,14
7,0,43,11,7,30.5,0.0303679336285978,14
8,1,46,11,8,30.5,0.0778686461446294,14
9,1,47,10,9,26.5,-0.0668393505269928,14
10,0,48,10,10,26.5,-0.0193386380109611,14
11,1,53,10,11,26.5,0.0281620745050705,14
12,0,56,10,12,26.5,0.0756627870211021,14
13,1,57,9,13,23,-0.0450191210020634,14
14,1,58,9,14,23,0.00248159151396823,14
15,0,59,9,15.5,23,0.0737326602880157,14
16,0,59,8,15.5,17,-0.214580403493465,14
17,1,60,8,18,17,-0.095828622203386,14
18,0,60,8,18,17,-0.095828622203386,14
19,1,60,8,18,17,-0.095828622203386,14
20,1,64,8,20,17,-0.000827197171322749,14
21,0,68,8,21,17,0.0466735153447089,14
22,1,69,8,22,17,0.0941742278607405,14
23,0,76,8,23,17,0.141674940376772,14
24,1,81,8,25,17,0.236676365408836,14
25,0,81,7,25,11,-0.0516366983726454,14
26,1,81,7,25,11,-0.0516366983726454,14
27,0,83,7,28,11,0.0908654391754495,14
28,1,83,6,28,6.5,-0.125369358660661,14
29,1,83,6,28,6.5,-0.125369358660661,14
30,0,85,6,30,6.5,-0.0303679336285978,14
31,0,87,6,31,6.5,0.0171327788874339,14
32,0,88,6,32,6.5,0.0646334914034655,14
33,0,98,6,33,6.5,0.112134203919497,14
34,0,111,5,34,2,-0.0565998814005818,14
35,1,141,5,35,2,-0.0090991688845502,14
36,0,271,5,36,2,0.0384015436314814,14
1,1,20,5,1,58,-0.311849876529306,15
2,0,22,3,2,14.5,-1.37335378942175,15
3,0,23,3,3,14.5,-1.34945767794172,15
4,0,26,6,4,69.5,0.0467832919402801,15
5,0,28,4,5,38,-0.715299924573548,15
6,0,30,3,6,14.5,-1.27776934350163,15
7,1,31,5,7,58,-0.168473207649139,15
8,1,32,4,8,38,-0.643611590133464,15
9,0,34,3,9.5,14.5,-1.19413295332154,15
10,0,34,4,9.5,38,-0.607767422913423,15
11,0,35,4,11,38,-0.571923255693381,15
12,0,36,4,13,38,-0.524131032733326,15
13,1,36,4,13,38,-0.524131032733326,15
14,1,36,5,13,58,-0.025096538768973,15
15,0,38,5,15.5,58,0.0346437399310964,15
16,0,38,5,15.5,58,0.0346437399310964,15
17,0,43,2,17,1.5,-1.33928453829816,15
18,1,45,5,18,58,0.0943840186311657,15
19,1,48,3,19,14.5,-0.967119894261273,15
20,0,49,3,20,14.5,-0.943223782781246,15
21,1,50,4,21,38,-0.332962140893104,15
22,0,52,5,22,58,0.189968464551277,15
23,1,53,3,23,14.5,-0.871535448341162,15
24,0,56,3,24,14.5,-0.847639336861135,15
25,1,58,4,25,38,-0.237377694972993,15
26,0,59,3,26,14.5,-0.799847113901079,15
27,0,60,3,27,14.5,-0.775951002421051,15
28,1,62,5,29.5,58,0.369189300651485,15
29,0,62,3,29.5,14.5,-0.716210723720982,15
30,0,62,4,29.5,38,-0.129845193312868,15
31,1,62,5,29.5,58,0.369189300651485,15
32,0,63,5,33,58,0.452825690831582,15
33,1,63,3,33,14.5,-0.632574333540885,15
34,1,63,3,33,14.5,-0.632574333540885,15
35,1,65,3,35.5,14.5,-0.572834054840816,15
36,0,65,6,35.5,69.5,0.799510803561154,15
37,1,66,3,37.5,14.5,-0.52504183188076,15
38,0,66,6,37.5,69.5,0.84730302652121,15
39,1,70,4,39,38,0.0971678657473958,15
40,1,72,4,40.5,38,0.133012032967437,15
41,1,72,4,40.5,38,0.133012032967437,15
42,0,74,3,42,14.5,-0.417509330220635,15
43,0,78,3,43,14.5,-0.393613218740608,15
44,0,79,3,44,14.5,-0.36971710726058,15
45,1,81,4,45.5,38,0.252492590367576,15
46,0,81,3,45.5,14.5,-0.333872940040538,15
47,0,82,5,47,58,0.78737125155197,15
48,0,83,3,48,14.5,-0.274132661340469,15
49,1,85,4,49.5,38,0.348077036287687,15
50,1,85,6,49.5,69.5,1.13405636428154,15
51,0,86,5,51,58,0.882955697472081,15
52,0,89,3,52.5,14.5,-0.166600159680344,15
53,0,89,4,52.5,38,0.41976537072777,15
54,1,90,4,54,38,0.455609537947812,15
55,0,91,4,55,38,0.47950564942784,15
56,0,95,5,56,58,1.00243625487222,15
57,0,96,6,57,69.5,1.31327720038175,15
58,1,97,3,58,14.5,-0.0351715465401913,15
59,1,98,4,59,38,0.575090095347951,15
60,0,99,4,60,38,0.598986206827978,15
61,0,100,5,61,58,1.12191681227236,15
62,1,107,5,62,58,1.14581292375239,15
63,0,120,5,63,58,1.16970903523241,15
64,1,121,2,64.5,1.5,-0.20421924299684,15
65,0,121,4,64.5,38,0.706518708488103,15
66,0,122,4,66,38,0.742362875708145,15
67,0,124,3,67,14.5,0.179893456780058,15
68,0,125,4,68,38,0.7901550986682,15
69,1,130,4,69,38,0.814051210148228,15
70,0,151,6,70,69.5,1.62392664962211,15
71,0,190,3,71,14.5,0.275477902700169,15
72,0,218,5,72,58,1.38477403855266,15
1,0,383,4,1,95.5,-0.328631955628774,16
2,0,410,2,2,21.5,-1.42793319763993,16
3,0,412,5,3,114,-0.0214606759362944,16
4,0,426,3,4,60.5,-0.812243226318901,16
5,0,428,2,5.5,21.5,-1.37761724556708,16
6,0,428,3,5.5,60.5,-0.790679246859108,16
7,0,429,2,7,21.5,-1.35605326610728,16
8,0,430,3,8,60.5,-0.754739281092784,16
9,0,431,3,9,60.5,-0.740363294786255,16
10,0,432,2,10,21.5,-1.31292530718769,16
11,0,433,4,11,95.5,-0.184872092563482,16
12,1,434,2,12.5,21.5,-1.27698534142137,16
13,0,434,7,12.5,120,0.205409347623113,16
14,0,435,4,14,95.5,-0.141744133643894,16
15,0,436,2,15,21.5,-1.24104537565505,16
16,0,438,2,16,21.5,-1.22666938934852,16
17,0,441,3,17,60.5,-0.625355404334021,16
18,0,445,3,18,60.5,-0.610979418027492,16
19,0,448,3,19,60.5,-0.596603431720963,16
20,0,449,3,20,60.5,-0.582227445414434,16
21,0,450,5,21.5,114,0.244495070734496,16
22,0,450,3,21.5,60.5,-0.56066346595464,16
23,0,451,2,23.5,21.5,-1.11884949204955,16
24,0,451,2,23.5,21.5,-1.11884949204955,16
25,0,455,4,25,95.5,0.0163917157279276,16
26,0,456,4,26.5,95.5,0.0379556951877215,16
27,0,456,3,26.5,60.5,-0.488783534421994,16
28,0,458,2,28.5,21.5,-1.0469695605169,16
29,0,458,3,28.5,60.5,-0.460031561808935,16
30,0,459,4,31,95.5,0.102647633567103,16
31,0,459,3,31,60.5,-0.424091596042612,16
32,0,459,2,31,21.5,-1.01102959475058,16
33,0,460,2,35,21.5,-0.953525649524464,16
34,0,460,4,35,95.5,0.16015157879322,16
35,0,460,4,35,95.5,0.16015157879322,16
36,0,460,5,35,114,0.438570885872641,16
37,1,460,2,35,21.5,-0.953525649524464,16
38,0,461,2,38.5,21.5,-0.903209697451611,16
39,0,461,2,38.5,21.5,-0.903209697451611,16
40,0,462,3,40,60.5,-0.294707719283849,16
41,0,463,6,42.5,118,0.606589552269863,16
42,0,463,2,42.5,21.5,-0.845705752225494,16
43,0,463,3,42.5,60.5,-0.258767753517526,16
44,0,463,3,42.5,60.5,-0.258767753517526,16
45,0,465,3,45,60.5,-0.222827787751203,16
46,0,467,2,46,21.5,-0.795389800152642,16
47,0,468,5,47,114,0.611082721550992,16
48,0,469,3,49.5,60.5,-0.158135849371822,16
49,0,469,2,49.5,21.5,-0.74507384807979,16
50,1,469,6,49.5,118,0.707221456415568,16
51,0,469,2,49.5,21.5,-0.74507384807979,16
52,0,470,2,52,21.5,-0.709133882313467,16
53,0,471,3,53.5,60.5,-0.100631904145705,16
54,0,471,3,53.5,60.5,-0.100631904145705,16
55,0,472,3,55,60.5,-0.0790679246859108,16
56,0,474,3,56,60.5,-0.0646919383793815,16
57,0,475,3,58,60.5,-0.0359399657663231,16
58,0,475,4,58,95.5,0.490799263843392,16
59,0,475,3,58,60.5,-0.0359399657663231,16
60,0,476,2,61,21.5,-0.579750005554704,16
61,0,476,4,61,95.5,0.53392722276298,16
62,0,476,4,61,95.5,0.53392722276298,16
63,0,477,4,63.5,95.5,0.569867188529303,16
64,0,477,2,63.5,21.5,-0.543810039788381,16
65,0,478,4,65,95.5,0.591431167989097,16
66,0,479,4,67,95.5,0.620183140602155,16
67,0,479,3,67,60.5,0.09344391099244,16
68,0,479,4,67,95.5,0.620183140602155,16
69,1,480,4,70,95.5,0.663311099521743,16
70,1,480,5,70,114,0.941730406601164,16
71,0,480,3,70,60.5,0.136571869912028,16
72,1,482,4,72,95.5,0.692063072134801,16
73,0,483,3,73,60.5,0.179699828831615,16
74,1,484,4,74.5,95.5,0.728003037901124,16
75,0,484,3,74.5,60.5,0.201263808291409,16
76,1,485,4,76,95.5,0.749567017360918,16
77,0,486,2,77.5,21.5,-0.342546231496971,16
78,1,486,4,77.5,95.5,0.771130996820712,16
79,0,487,2,79,21.5,-0.320982252037178,16
80,0,488,3,80,60.5,0.28033173297732,16
81,1,490,4,81,95.5,0.821446948893564,16
82,0,491,2,82,21.5,-0.27785429311759,16
83,1,492,3,83,60.5,0.323459691896908,16
84,1,494,3,84,60.5,0.337835678203437,16
85,0,496,2,85,21.5,-0.234726334198002,16
86,0,497,2,86.5,21.5,-0.213162354738208,16
87,0,497,2,86.5,21.5,-0.213162354738208,16
88,0,498,2,88.5,21.5,-0.18441038212515,16
89,0,498,2,88.5,21.5,-0.18441038212515,16
90,0,499,2,90.5,21.5,-0.155658409512092,16
91,0,499,3,90.5,60.5,0.431279589195877,16
92,1,501,4,92,95.5,0.979582798265386,16
93,1,502,6,93.5,118,1.33976485390285,16
94,0,502,2,93.5,21.5,-0.112530450592504,16
95,1,503,4,95.5,95.5,1.02989875033824,16
96,1,503,4,95.5,95.5,1.02989875033824,16
97,0,505,2,97,21.5,-0.0622144985196516,16
98,1,506,4,98,95.5,1.06583871610456,16
99,1,507,3,99.5,60.5,0.56066346595464,16
100,0,507,2,99.5,21.5,-0.0262745327533285,16
101,1,509,4,101,95.5,1.10896667502415,16
102,1,510,4,102,95.5,1.12334266133068,16
103,1,512,2,103,21.5,0.0240414193195237,16
104,0,514,1,104,1,-0.270101286002495,16
105,1,516,2,105,21.5,0.0527933919325823,16
106,1,518,3,106.5,60.5,0.661295370100344,16
107,0,518,2,106.5,21.5,0.0743573713923761,16
108,0,521,2,108,21.5,0.0959213508521699,16
109,0,525,2,109,21.5,0.110297337158699,16
110,1,526,4,110,95.5,1.23835055178291,16
111,0,527,2,111,21.5,0.139049309771758,16
112,1,528,4,112,95.5,1.26710252439597,16
113,1,530,4,113.5,95.5,1.28866650385576,16
114,1,530,3,113.5,60.5,0.761927274246049,16
115,1,543,4,115.5,95.5,1.31741847646882,16
116,1,543,3,115.5,60.5,0.790679246859108,16
117,1,554,3,117,60.5,0.812243226318901,16
118,1,558,3,118,60.5,0.826619212625431,16
119,1,569,4,119,95.5,1.36773442854168,16
120,1,574,3,120,60.5,0.855371185238489,16
1,1,56,3,1,1,-1.69422944163264,17
2,1,67,4,2,2,-1.62213457177593,17
3,1,79,5,3,6.5,-1.4227280162797,17
4,1,86,5,4.5,6.5,-1.369147862483,17
5,1,86,5,4.5,6.5,-1.369147862483,17
6,1,89,5,6,6.5,-1.31556770868631,17
7,1,105,5,7,6.5,-1.27984760615518,17
8,1,107,5,8,6.5,-1.24412750362405,17
9,1,116,5,9,6.5,-1.20840740109292,17
10,1,120,5,10,6.5,-1.17268729856179,17
11,0,130,6,12,15.5,-0.773874187569325,17
12,0,130,6,12,15.5,-0.773874187569325,17
13,1,130,6,12,15.5,-0.773874187569325,17
14,0,133,6,14,15.5,-0.702433982507066,17
15,0,136,6,15,15.5,-0.666713879975937,17
16,0,137,6,16.5,15.5,-0.613133726179243,17
17,0,137,6,16.5,15.5,-0.613133726179243,17
18,0,141,6,18,15.5,-0.559553572382549,17
19,0,142,6,19,15.5,-0.523833469851419,17
20,0,151,6,20,15.5,-0.48811336732029,17
21,0,158,7,21,26.5,-0.052270824207796,17
22,0,163,7,22,26.5,-0.0165507216766665,17
23,0,165,7,23,26.5,0.0191693808544629,17
24,0,170,7,24,26.5,0.0548894833855924,17
25,1,173,7,25,26.5,0.0906095859167219,17
26,0,174,7,26,26.5,0.126329688447851,17
27,1,177,7,27,26.5,0.162049790978981,17
28,1,188,7,28,26.5,0.19776989351011,17
29,0,192,7,29,26.5,0.23348999604124,17
30,0,194,7,30,26.5,0.269210098572369,17
31,0,195,7,31,26.5,0.304930201103499,17
32,0,206,7,32,26.5,0.340650303634628,17
33,0,216,8,33,37,0.758305463084332,17
34,0,220,8,34,37,0.794025565615462,17
35,0,221,8,35,37,0.829745668146591,17
36,0,225,8,36,37,0.865465770677721,17
37,0,238,8,37,37,0.90118587320885,17
38,0,243,8,38,37,0.93690597573998,17
39,0,263,8,39,37,0.972626078271109,17
40,0,268,8,40,37,1.00834618080224,17
41,1,269,8,41,37,1.04406628333337,17
42,0,281,9,42,43,1.29803498981797,17
43,0,288,9,43,43,1.3337550923491,17
44,0,328,9,44,43,1.36947519488023,17
45,0,334,10,45,46,1.51431959938809,17
46,0,342,10,46,46,1.55003970191922,17
47,0,343,10,47,46,1.58575980445035,17
48,0,368,11,48,48,1.69422944163264,17
1,1,51,3,1,1,-1.7112200734829,18
2,1,63,5,2,5,-1.62097277688427,18
3,1,67,5,3,5,-1.6030209614071,18
4,1,71,5,4,5,-1.58506914592993,18
5,1,72,5,5,5,-1.56711733045276,18
6,1,73,5,7,5,-1.53121369949842,18
7,1,73,5,7,5,-1.53121369949842,18
8,1,73,5,7,5,-1.53121369949842,18
9,1,76,6,9,12,-1.36879297658153,18
10,0,79,6,10,12,-1.35084116110436,18
11,0,82,6,11,12,-1.33288934562719,18
12,0,83,6,13,12,-1.29698571467284,18
13,0,83,6,13,12,-1.29698571467284,18
14,0,83,6,13,12,-1.29698571467284,18
15,0,84,6,15.5,12,-1.25210617597992,18
16,0,84,7,15.5,25,-1.01714586233519,18
17,0,89,7,17,25,-0.990218139119435,18
18,0,90,7,18,25,-0.972266323642264,18
19,0,91,7,19,25,-0.954314508165093,18
20,0,92,7,20,25,-0.936362692687921,18
21,0,93,7,21,25,-0.91841087721075,18
22,0,94,7,22,25,-0.900459061733579,18
23,0,95,7,23.5,25,-0.873531338517822,18
24,0,95,7,23.5,25,-0.873531338517822,18
25,0,96,7,26,25,-0.828651799824893,18
26,0,96,7,26,25,-0.828651799824893,18
27,0,96,7,26,25,-0.828651799824893,18
28,0,97,7,28.5,25,-0.783772261131965,18
29,0,97,7,28.5,25,-0.783772261131965,18
30,0,98,7,30,25,-0.756844537916208,18
31,0,100,7,31,25,-0.738892722439037,18
32,0,102,7,32.5,25,-0.71196499922328,18
33,0,102,7,32.5,25,-0.71196499922328,18
34,0,103,7,34.5,25,-0.676061368268937,18
35,0,103,8,34.5,37,-0.459174924904577,18
36,0,105,8,37,37,-0.414295386211649,18
37,0,105,8,37,37,-0.414295386211649,18
38,0,105,8,37,37,-0.414295386211649,18
39,0,106,8,39.5,37,-0.36941584751872,18
40,0,106,9,39.5,45.5,-0.215787950135632,18
41,0,108,9,41,45.5,-0.188860226919875,18
42,0,110,9,42,45.5,-0.170908411442704,18
43,0,111,9,43,45.5,-0.152956595965532,18
44,0,112,9,45,45.5,-0.11705296501119,18
45,0,112,9,45,45.5,-0.11705296501119,18
46,0,112,9,45,45.5,-0.11705296501119,18
47,0,114,9,48,45.5,-0.0631975185796757,18
48,0,114,9,48,45.5,-0.0631975185796757,18
49,0,114,9,48,45.5,-0.0631975185796757,18
50,1,116,9,51,45.5,-0.00934207214816177,18
51,0,116,9,51,45.5,-0.00934207214816177,18
52,0,116,10,51,57.5,0.207544371216198,18
53,0,117,10,53.5,57.5,0.252423909909127,18
54,0,117,10,53.5,57.5,0.252423909909127,18
55,0,118,10,55,57.5,0.279351633124884,18
56,0,120,10,56,57.5,0.297303448602055,18
57,0,121,10,57,57.5,0.315255264079226,18
58,0,122,10,58,57.5,0.333207079556398,18
59,0,123,10,59.5,57.5,0.360134802772155,18
60,0,123,10,59.5,57.5,0.360134802772155,18
61,0,126,10,61,57.5,0.387062525987912,18
62,0,127,10,63,57.5,0.422966156942254,18
63,0,127,10,63,57.5,0.422966156942254,18
64,0,127,11,63,67.5,0.603704859745888,18
65,0,128,11,65.5,67.5,0.648584398438816,18
66,0,128,11,65.5,67.5,0.648584398438816,18
67,1,129,11,67,67.5,0.675512121654573,18
68,1,131,11,68,67.5,0.693463937131744,18
69,0,132,11,69.5,67.5,0.720391660347501,18
70,0,132,11,69.5,67.5,0.720391660347501,18
71,0,135,11,71,67.5,0.747319383563258,18
72,0,136,12,72,75.5,0.909862161283336,18
73,0,137,12,73.5,75.5,0.936789884499093,18
74,0,137,12,73.5,75.5,0.936789884499093,18
75,0,140,12,75.5,75.5,0.972693515453436,18
76,0,140,12,75.5,75.5,0.972693515453436,18
77,0,141,12,77,75.5,0.999621238669193,18
78,0,144,12,78,75.5,1.01757305414636,18
79,0,148,12,79,75.5,1.03552486962354,18
80,0,153,13,80,81,1.15288297164271,18
81,0,158,13,81.5,81,1.17981069485846,18
82,0,158,13,81.5,81,1.17981069485846,18
83,0,166,14,83.5,84,1.2699359366539,18
84,1,166,14,83.5,84,1.2699359366539,18
85,0,174,14,85,84,1.29686365986965,18
86,0,177,15,86,87.5,1.3780740213281,18
87,0,178,15,87,87.5,1.39602583680527,18
88,0,183,15,88.5,87.5,1.42295356002102,18
89,0,183,15,88.5,87.5,1.42295356002102,18
90,0,185,16,90,90.5,1.50410289407787,18
91,0,186,16,91,90.5,1.52205470955504,18
92,0,192,17,92,92,1.56711733045276,18
93,0,200,18,93,93,1.60314301621029,18
94,1,245,19,94,94,1.63916870196783,18
95,0,254,22,95,95,1.67519438772536,18
96,0,272,23,96,96,1.7112200734829,18
1,0,28,3,1,6,-1.91041560385589,19
2,0,30,3,2.5,6,-1.88347389370747,19
3,0,30,3,2.5,6,-1.88347389370747,19
4,0,31,3,4,6,-1.85653218355906,19
5,0,32,3,5,6,-1.83857104346011,19
6,0,33,3,6,6,-1.82060990336117,19
7,0,34,3,7,6,-1.80264876326223,19
8,0,35,3,8,6,-1.78468762316328,19
9,0,38,3,9,6,-1.76672648306434,19
10,1,39,3,12,6,-1.7128430627675,19
11,0,39,3,12,6,-1.7128430627675,19
12,0,39,4,12,49,-0.643143243621389,19
13,0,39,4,12,49,-0.643143243621389,19
14,0,39,4,12,49,-0.643143243621389,19
15,0,40,4,16,49,-0.571298683225613,19
16,0,40,4,16,49,-0.571298683225613,19
17,1,40,4,16,49,-0.571298683225613,19
18,0,41,4,19.5,49,-0.508434692879308,19
19,0,41,4,19.5,49,-0.508434692879308,19
20,1,41,4,19.5,49,-0.508434692879308,19
21,0,41,4,19.5,49,-0.508434692879308,19
22,0,42,4,22,49,-0.463531842631948,19
23,0,43,4,23.5,49,-0.436590132483532,19
24,1,43,4,23.5,49,-0.436590132483532,19
25,0,44,4,26.5,49,-0.3827067121867,19
26,0,44,4,26.5,49,-0.3827067121867,19
27,0,44,4,26.5,49,-0.3827067121867,19
28,0,44,4,26.5,49,-0.3827067121867,19
29,0,45,4,31.5,49,-0.292901011691979,19
30,0,45,4,31.5,49,-0.292901011691979,19
31,0,45,4,31.5,49,-0.292901011691979,19
32,1,45,4,31.5,49,-0.292901011691979,19
33,0,45,4,31.5,49,-0.292901011691979,19
34,0,45,4,31.5,49,-0.292901011691979,19
35,0,46,4,37,49,-0.194114741147786,19
36,1,46,4,37,49,-0.194114741147786,19
37,0,46,4,37,49,-0.194114741147786,19
38,0,46,4,37,49,-0.194114741147786,19
39,0,46,4,37,49,-0.194114741147786,19
40,1,47,4,40,49,-0.140231320850954,19
41,1,48,4,41.5,49,-0.113289610702538,19
42,0,48,4,41.5,49,-0.113289610702538,19
43,0,49,4,45,49,-0.0504256203562333,19
44,0,49,4,45,49,-0.0504256203562333,19
45,0,49,4,45,49,-0.0504256203562333,19
46,0,49,4,45,49,-0.0504256203562333,19
47,0,49,4,45,49,-0.0504256203562333,19
48,0,50,4,48.5,49,0.0124383699900711,19
49,0,50,4,48.5,49,0.0124383699900711,19
50,0,51,4,50.5,49,0.0483606501879594,19
51,0,51,4,50.5,49,0.0483606501879594,19
52,0,52,4,52.5,49,0.0842829303858476,19
53,0,52,4,52.5,49,0.0842829303858476,19
54,0,53,4,56,49,0.147146920732152,19
55,0,53,4,56,49,0.147146920732152,19
56,0,53,4,56,49,0.147146920732152,19
57,0,53,4,56,49,0.147146920732152,19
58,0,53,4,56,49,0.147146920732152,19
59,0,54,4,59.5,49,0.210010911078456,19
60,0,54,4,59.5,49,0.210010911078456,19
61,0,55,4,62.5,49,0.263894331375289,19
62,0,55,4,62.5,49,0.263894331375289,19
63,0,55,4,62.5,49,0.263894331375289,19
64,0,55,4,62.5,49,0.263894331375289,19
65,0,56,4,65,49,0.308797181622649,19
66,0,57,4,68,49,0.362680601919481,19
67,1,57,4,68,49,0.362680601919481,19
68,0,57,4,68,49,0.362680601919481,19
69,0,57,4,68,49,0.362680601919481,19
70,0,57,4,68,49,0.362680601919481,19
71,1,58,4,72.5,49,0.44350573236473,19
72,1,58,4,72.5,49,0.44350573236473,19
73,0,58,4,72.5,49,0.44350573236473,19
74,1,58,4,72.5,49,0.44350573236473,19
75,1,59,4,75,49,0.48840858261209,19
76,0,60,4,76.5,49,0.515350292760506,19
77,1,60,4,76.5,49,0.515350292760506,19
78,0,61,4,78,49,0.542292002908923,19
79,1,62,4,80.5,49,0.587194853156283,19
80,0,62,4,80.5,49,0.587194853156283,19
81,0,62,4,80.5,49,0.587194853156283,19
82,1,62,4,80.5,49,0.587194853156283,19
83,0,63,4,83.5,49,0.641078273453115,19
84,0,63,4,83.5,49,0.641078273453115,19
85,1,64,4,85.5,49,0.677000553651004,19
86,1,64,4,85.5,49,0.677000553651004,19
87,0,65,5,87,91.5,1.76120371295546,19
88,0,69,5,88,91.5,1.77916485305441,19
89,0,73,5,89,91.5,1.79712599315335,19
90,1,75,5,90,91.5,1.8150871332523,19
91,1,77,5,91,91.5,1.83304827335124,19
92,1,78,5,92,91.5,1.85100941345018,19
93,1,79,5,93,91.5,1.86897055354913,19
94,1,82,5,94,91.5,1.88693169364807,19
95,1,85,5,95.5,91.5,1.91387340379649,19
96,1,85,5,95.5,91.5,1.91387340379649,19
1,1,20,2,2,17,-1.08196477673804,20
2,1,20,2,2,17,-1.08196477673804,20
3,0,20,5,2,41,-0.192153473506859,20
4,0,23,1,4.5,4,-1.47462381660179,20
5,0,23,1,4.5,4,-1.47462381660179,20
6,0,25,6,6,46.5,0.154676949168651,20
7,0,28,4,7,35.5,-0.21742439839105,20
8,0,29,4,8,35.5,-0.181695565303126,20
9,0,31,1,10,4,-1.27811523461821,20
10,0,31,5,10,41,0.0936771911965357,20
11,0,31,2,10,17,-0.796134112034649,20
12,0,32,1,12,4,-1.20665756844236,20
13,0,34,3,13.5,30,-0.189102073643355,20
14,0,34,2,13.5,17,-0.671083196226913,20
15,0,35,2,15,17,-0.617489946595027,20
16,0,36,2,16,17,-0.581761113507102,20
17,0,37,2,17,17,-0.546032280419178,20
18,0,38,5,18.5,41,0.397372272443893,20
19,0,38,6,18.5,46.5,0.601287362767706,20
20,0,39,2,20,17,-0.438845781155405,20
21,1,40,2,21,17,-0.40311694806748,20
22,0,41,2,22.5,17,-0.349523698435594,20
23,0,41,5,22.5,41,0.54028760479559,20
24,0,44,2,24,17,-0.295930448803707,20
25,0,46,2,25,17,-0.260201615715783,20
26,0,47,5,26,41,0.665338520603326,20
27,1,48,3,27.5,30,0.311101589587586,20
28,0,48,3,27.5,30,0.311101589587586,20
29,0,49,4,29,35.5,0.568609929543286,20
30,0,54,5,30,41,0.808253852955023,20
31,0,55,2,31,17,-0.0458286171882366,20
32,0,59,2,32,17,-0.0100997841003123,20
33,0,61,1,33,4,-0.456352073595946,20
34,0,68,2,34,17,0.0613578820755365,20
35,0,70,3,35,30,0.579067837747019,20
36,0,75,1,36.5,4,-0.331301157788211,20
37,0,75,2,36.5,17,0.150679964795347,20
38,1,79,6,38.5,46.5,1.31586402452619,20
39,0,79,3,38.5,30,0.704118753554754,20
40,0,80,4,40,35.5,0.961627093510454,20
41,0,88,2,41,17,0.311459713691007,20
42,0,94,2,42,17,0.347188546778931,20
43,0,101,2,43,17,0.382917379866856,20
44,1,106,6,44,46.5,1.51237260650978,20
45,0,111,3,45,30,0.936356168626263,20
46,0,115,1,46,4,0.00812275654707084,20
47,0,119,5,47,41,1.41564401544974,20
48,0,154,3,48,30,1.04354266789004,20
1,0,93,6,1,6.5,-1.28125910596997,21
2,0,98,6,3,6.5,-1.13906283239088,21
3,0,98,6,3,6.5,-1.13906283239088,21
4,0,98,6,3,6.5,-1.13906283239088,21
5,0,99,6,6.5,6.5,-0.890219353627464,21
6,0,99,6,6.5,6.5,-0.890219353627464,21
7,0,99,6,6.5,6.5,-0.890219353627464,21
8,0,99,6,6.5,6.5,-0.890219353627464,21
9,0,100,6,9,6.5,-0.712474011653598,21
10,1,101,6,10.5,6.5,-0.605826806469278,21
11,1,101,6,10.5,6.5,-0.605826806469278,21
12,1,102,6,12.5,6.5,-0.463630532890185,21
13,0,102,7,12.5,16.5,0.30908702192679,21
14,0,103,7,14,16.5,0.41573422711111,21
15,0,104,7,16,16.5,0.557930500690203,21
16,0,104,7,16,16.5,0.557930500690203,21
17,0,104,7,16,16.5,0.557930500690203,21
18,0,106,7,19,16.5,0.771224911058842,21
19,0,106,7,19,16.5,0.771224911058842,21
20,0,106,7,19,16.5,0.771224911058842,21
21,0,107,8,21.5,22,1.37396490818204,21
22,0,107,8,21.5,22,1.37396490818204,21
23,1,109,8,23,22,1.48061211336636,21
24,0,110,9,24,24,1.70625376111931,21
1,0,122,11,1,144,0.0191891149287847,22
2,0,126,9,2.5,141.5,0.00653128322018448,22
3,1,126,9,2.5,141.5,0.00653128322018448,22
4,0,131,9,4,141.5,0.0245116086714353,22
5,1,140,9,5,141.5,0.0364984923056025,22
6,0,151,8,6.5,138.5,0.0177130291650321,22
7,0,151,8,6.5,138.5,0.0177130291650321,22
8,0,163,7,8,135,-0.0072000654075085,22
9,1,177,7,9,135,0.00478681822665861,22
10,0,178,7,10,135,0.0167737018608258,22
11,0,184,7,11,135,0.0287605854949931,22
12,0,190,7,12,135,0.0407474691291603,22
13,0,206,6,13,130.5,-0.0024143301244044,22
14,1,209,6,14,130.5,0.00957255350976283,22
15,0,213,6,15,130.5,0.02155943714393,22
16,0,224,6,16.5,130.5,0.0395397625951809,22
17,1,224,5,16.5,118,-0.113651023204074,22
18,0,228,5,18,118,-0.0956706977528237,22
19,0,230,5,19,118,-0.0836838141186564,22
20,0,231,5,20,118,-0.0716969304844892,22
21,0,234,5,21,118,-0.0597100468503221,22
22,0,235,5,22,118,-0.0477231632161549,22
23,0,245,5,23,118,-0.0357362795819877,22
24,1,246,5,24,118,-0.0237493959478204,22
25,0,249,5,25,118,-0.0117625123136532,22
26,0,257,5,26,118,0.000224371320514005,22
27,1,259,5,27.5,118,0.0182046967717648,22
28,0,259,5,27.5,118,0.0182046967717648,22
29,0,260,5,29.5,118,0.0421784640400993,22
30,0,260,5,29.5,118,0.0421784640400993,22
31,1,263,5,31,118,0.0601587894913501,22
32,0,270,5,32,118,0.0721456731255173,22
33,1,272,5,33.5,118,0.0901259985767681,22
34,0,272,5,33.5,118,0.0901259985767681,22
35,0,274,5,35,118,0.108106324028019,22
36,0,275,5,36.5,118,0.12608664947927,22
37,1,275,5,36.5,118,0.12608664947927,22
38,0,276,4,38,97,-0.113293545212228,22
39,0,285,4,39.5,97,-0.0953132197609776,22
40,0,285,4,39.5,97,-0.0953132197609776,22
41,0,288,4,41,97,-0.0773328943097268,22
42,0,291,4,42.5,97,-0.059352568858476,22
43,0,291,4,42.5,97,-0.059352568858476,22
44,0,293,4,44,97,-0.0413722434072251,22
45,0,296,4,45,97,-0.0293853597730579,22
46,0,301,4,46,97,-0.0173984761388907,22
47,0,305,4,47,97,-0.00541159250472351,22
48,1,307,4,48.5,97,0.0125687329465273,22
49,0,307,4,48.5,97,0.0125687329465273,22
50,0,313,4,50,97,0.0305490583977782,22
51,1,314,4,51,97,0.0425359420319454,22
52,0,317,4,53,97,0.0665097093002798,22
53,0,317,4,53,97,0.0665097093002798,22
54,0,317,4,53,97,0.0665097093002798,22
55,0,318,4,55,97,0.0904834765686142,22
56,1,319,4,56,97,0.102470360202781,22
57,0,326,4,57,97,0.114457243836949,22
58,0,329,4,58,97,0.126444127471116,22
59,0,331,3,59,74,-0.143440034765347,22
60,0,335,3,60,74,-0.13145315113118,22
61,1,338,3,61,74,-0.119466267497012,22
62,0,345,3,62,74,-0.107479383862845,22
63,0,356,3,63.5,74,-0.0894990584115943,22
64,0,356,3,63.5,74,-0.0894990584115943,22
65,0,358,3,65,74,-0.0715187329603435,22
66,0,359,3,66.5,74,-0.0535384075090926,22
67,0,359,3,66.5,74,-0.0535384075090926,22
68,0,366,3,68,74,-0.0355580820578418,22
69,0,367,3,69.5,74,-0.017577756606591,22
70,0,367,3,69.5,74,-0.017577756606591,22
71,1,370,3,71.5,74,0.00639601066174343,22
72,1,370,3,71.5,74,0.00639601066174343,22
73,0,378,3,73,74,0.0243763361129942,22
74,0,379,3,74,74,0.0363632197471615,22
75,1,383,3,75.5,74,0.0543435451984123,22
76,1,383,3,75.5,74,0.0543435451984123,22
77,0,389,3,77,74,0.0723238706496631,22
78,1,391,3,78,74,0.0843107542838303,22
79,1,392,3,79,74,0.0962976379179975,22
80,0,401,3,80,74,0.108284521552165,22
81,1,404,3,81,74,0.120271405186332,22
82,0,409,3,82,74,0.132258288820499,22
83,1,413,3,83,74,0.144245172454666,22
84,0,417,2,84,39,-0.272702144149081,22
85,0,421,2,85.5,39,-0.254721818697831,22
86,1,421,2,85.5,39,-0.254721818697831,22
87,0,425,2,87,39,-0.23674149324658,22
88,0,428,2,88,39,-0.224754609612412,22
89,0,430,2,89,39,-0.212767725978245,22
90,0,432,2,90,39,-0.200780842344078,22
91,0,434,2,91,39,-0.188793958709911,22
92,0,436,2,92,39,-0.176807075075744,22
93,0,449,2,93,39,-0.164820191441576,22
94,1,450,2,94,39,-0.152833307807409,22
95,0,466,2,95,39,-0.140846424173242,22
96,0,469,2,96.5,39,-0.122866098721991,22
97,0,469,2,96.5,39,-0.122866098721991,22
98,0,472,2,98,39,-0.10488577327074,22
99,0,478,2,99,39,-0.0928988896365732,22
100,0,483,2,100,39,-0.0809120060024059,22
101,0,484,2,101.5,39,-0.0629316805511551,22
102,0,484,2,101.5,39,-0.0629316805511551,22
103,0,488,2,103.5,39,-0.0389579132828207,22
104,0,488,2,103.5,39,-0.0389579132828207,22
105,1,497,2,105,39,-0.0209775878315699,22
106,0,500,2,106,39,-0.00899070419740267,22
107,0,504,2,107,39,0.00299617943676456,22
108,0,527,2,108,39,0.0149830630709318,22
109,0,529,2,109,39,0.026969946705099,22
110,1,531,2,110,39,0.0389568303392662,22
111,1,532,2,111,39,0.0509437139734334,22
112,0,546,2,112,39,0.0629305976076006,22
113,0,552,2,113,39,0.0749174812417678,22
114,0,560,2,114.5,39,0.0928978066930186,22
115,0,560,2,114.5,39,0.0928978066930186,22
116,0,563,2,116,39,0.110878132144269,22
117,0,570,2,117,39,0.122865015778437,22
118,0,591,2,118,39,0.134851899412604,22
119,0,625,2,119,39,0.146838783046771,22
120,0,632,2,120,39,0.158825666680938,22
121,0,641,2,121,39,0.170812550315106,22
122,0,651,2,122,39,0.182799433949273,22
123,0,655,2,123,39,0.19478631758344,22
124,0,666,2,124,39,0.206773201217607,22
125,1,699,2,125,39,0.218760084851774,22
126,1,717,2,126,39,0.230746968485942,22
127,1,727,2,127,39,0.242733852120109,22
128,1,745,2,128,39,0.254720735754276,22
129,0,752,1,129,8.5,-0.10707789796174,22
130,0,754,1,130.5,8.5,-0.089097572510489,22
131,0,754,1,130.5,8.5,-0.089097572510489,22
132,0,771,1,132,8.5,-0.0711172470592382,22
133,0,775,1,133,8.5,-0.0591303634250709,22
134,1,782,1,134,8.5,-0.0471434797909037,22
135,0,825,1,135,8.5,-0.0351565961567365,22
136,0,847,1,136,8.5,-0.0231697125225693,22
137,0,882,1,137,8.5,-0.0111828288884022,22
138,0,929,1,138,8.5,0.000804054745765059,22
139,0,946,1,139,8.5,0.0127909383799323,22
140,0,968,1,140,8.5,0.0247778220140995,22
141,0,1034,1,141,8.5,0.0367647056482667,22
142,0,1039,1,142,8.5,0.0487515892824339,22
143,0,1177,1,143,8.5,0.0607384729166012,22
144,1,1379,1,144,8.5,0.0727253565507684,22
1,0,20,3,7,2,-1.44116282492648,23
2,0,20,3,7,2,-1.44116282492648,23
3,1,20,3,7,2,-1.44116282492648,23
4,0,20,4,7,7.5,-1.2432353120798,23
5,0,20,4,7,7.5,-1.2432353120798,23
6,1,20,4,7,7.5,-1.2432353120798,23
7,0,20,4,7,7.5,-1.2432353120798,23
8,0,20,4,7,7.5,-1.2432353120798,23
9,1,20,4,7,7.5,-1.2432353120798,23
10,0,20,4,7,7.5,-1.2432353120798,23
11,0,20,4,7,7.5,-1.2432353120798,23
12,0,20,5,7,14,-1.00932097871554,23
13,0,20,5,7,14,-1.00932097871554,23
14,1,22,5,14,14,-0.756737233403154,23
15,0,23,5,15,14,-0.72065384121567,23
16,0,30,5,16.5,14,-0.666528752934444,23
17,0,30,6,16.5,21,-0.414621009311396,23
18,0,31,6,18,21,-0.36049592103017,23
19,1,32,6,19,21,-0.324412528842686,23
20,0,34,6,20,21,-0.288329136655202,23
21,1,36,6,21.5,21,-0.234204048373976,23
22,0,36,6,21.5,21,-0.234204048373976,23
23,0,37,6,23,21,-0.18007896009275,23
24,0,38,6,24,21,-0.143995567905266,23
25,0,39,6,25,21,-0.107912175717782,23
26,1,42,7,26,27,0.144092139575172,23
27,0,45,7,27.5,27,0.198217227856398,23
28,0,45,7,27.5,27,0.198217227856398,23
29,0,46,8,29,31.5,0.414283008466726,23
30,0,48,8,30,31.5,0.45036640065421,23
31,0,50,8,31,31.5,0.486449792841694,23
32,1,51,8,33,31.5,0.558616577216662,23
33,0,51,8,33,31.5,0.558616577216662,23
34,1,51,8,33,31.5,0.558616577216662,23
35,0,54,9,35,35.5,0.774730643661943,23
36,0,55,9,36.5,35.5,0.828855731943169,23
37,0,55,10,36.5,38,0.918822783237115,23
38,0,56,10,38,38,0.972947871518341,23
39,0,69,10,39,38,1.00903126370582,23
40,0,70,11,40.5,41,1.17111681353979,23
41,1,70,11,40.5,41,1.17111681353979,23
42,0,77,11,42,41,1.22524190182101,23
43,0,81,13,43.5,43,1.35134063113739,23
44,0,81,16,43.5,44.5,1.40532086191376,23
45,0,90,16,45,44.5,1.45944595019499,23
46,0,101,17,46.5,46.5,1.58554467951137,23
47,1,101,17,46.5,46.5,1.58554467951137,23
48,0,107,30,48,48,1.69364999856896,23
1,1,29,2,1,7,-1.48664774912305,24
2,1,42,2,2,7,-1.43916845744802,24
3,1,45,2,3,7,-1.391689165773,24
4,1,48,2,4.5,7,-1.32047022826046,24
5,1,48,2,4.5,7,-1.32047022826046,24
6,1,55,2,6,7,-1.24925129074792,24
7,1,56,2,7,7,-1.20177199907289,24
8,1,58,2,8,7,-1.15429270739787,24
9,1,59,2,9.5,7,-1.08307376988533,24
10,1,59,2,9.5,7,-1.08307376988533,24
11,1,60,2,11,7,-1.01185483237279,24
12,1,61,2,12.5,7,-0.940635894860255,24
13,0,61,2,12.5,7,-0.940635894860255,24
14,0,64,3,14.5,25,0.180729871670827,24
15,0,64,3,14.5,25,0.180729871670827,24
16,0,65,3,16,25,0.251948809183365,24
17,0,67,3,17.5,25,0.323167746695903,24
18,1,67,3,17.5,25,0.323167746695903,24
19,0,70,3,19.5,25,0.418126330045953,24
20,0,70,3,19.5,25,0.418126330045953,24
21,0,76,3,21,25,0.489345267558491,24
22,0,87,3,22,25,0.536824559233516,24
23,0,88,3,23,25,0.584303850908542,24
24,0,90,3,24.5,25,0.65552278842108,24
25,0,90,3,24.5,25,0.65552278842108,24
26,0,92,3,26,25,0.726741725933618,24
27,0,93,3,27,25,0.774221017608643,24
28,0,94,3,28,25,0.821700309283668,24
29,0,97,3,29,25,0.869179600958694,24
30,0,104,3,30,25,0.916658892633719,24
31,0,105,3,31,25,0.964138184308744,24
32,0,117,3,32,25,1.01161747598377,24
33,0,119,3,33,25,1.05909676765879,24
34,0,129,3,34,25,1.10657605933382,24
35,0,151,3,35,25,1.15405535100885,24
36,0,174,3,36,25,1.20153464268387,24
1,1,53,1,1,6.5,-1.65358916710261,25
2,1,60,1,2,6.5,-1.6416022593797,25
3,1,67,1,3,6.5,-1.62961535165679,25
4,1,70,1,4,6.5,-1.61762844393388,25
5,1,81,1,5,6.5,-1.60564153621097,25
6,1,83,1,6,6.5,-1.59365462848806,25
7,1,85,1,7,6.5,-1.58166772076515,25
8,1,91,1,8,6.5,-1.56968081304224,25
9,1,94,1,9,6.5,-1.55769390531933,25
10,1,95,1,10,6.5,-1.54570699759642,25
11,1,99,1,11,6.5,-1.53372008987351,25
12,1,101,1,12.5,6.5,-1.51573972828915,25
13,1,101,2,12.5,23.5,-1.31057412975055,25
14,1,107,2,14.5,23.5,-1.28660031430473,25
15,1,107,2,14.5,23.5,-1.28660031430473,25
16,1,109,2,16.5,23.5,-1.26262649885891,25
17,1,109,2,16.5,23.5,-1.26262649885891,25
18,1,110,2,18,23.5,-1.24464613727455,25
19,1,114,2,19,23.5,-1.23265922955164,25
20,1,115,2,20,23.5,-1.22067232182873,25
21,1,123,2,22,23.5,-1.19669850638291,25
22,1,123,2,22,23.5,-1.19669850638291,25
23,1,123,2,22,23.5,-1.19669850638291,25
24,1,126,2,24,23.5,-1.17272469093709,25
25,1,127,2,25,23.5,-1.16073778321418,25
26,1,128,2,26,23.5,-1.14875087549127,25
27,1,130,2,28,23.5,-1.12477706004545,25
28,1,130,2,28,23.5,-1.12477706004545,25
29,1,130,2,28,23.5,-1.12477706004545,25
30,1,133,2,30,23.5,-1.10080324459963,25
31,1,135,2,31,23.5,-1.08881633687672,25
32,1,138,2,32,23.5,-1.07682942915381,25
33,1,142,2,33,23.5,-1.0648425214309,25
34,1,147,2,34,23.5,-1.05285561370799,25
35,1,149,3,35,47.5,-0.751223155107061,25
36,1,151,3,36.5,47.5,-0.733242793522696,25
37,0,151,3,36.5,47.5,-0.733242793522696,25
38,0,152,3,38,47.5,-0.715262431938331,25
39,0,155,3,39,47.5,-0.703275524215421,25
40,0,156,3,40,47.5,-0.691288616492511,25
41,0,159,3,41,47.5,-0.679301708769601,25
42,0,164,3,42,47.5,-0.667314801046691,25
43,0,167,3,43,47.5,-0.655327893323781,25
44,0,168,3,45,47.5,-0.63135407787796,25
45,0,168,3,45,47.5,-0.63135407787796,25
46,0,168,3,45,47.5,-0.63135407787796,25
47,1,170,3,47,47.5,-0.60738026243214,25
48,1,171,3,48,47.5,-0.59539335470923,25
49,0,173,3,49,47.5,-0.58340644698632,25
50,0,180,3,50,47.5,-0.57141953926341,25
51,0,182,3,51,47.5,-0.5594326315405,25
52,0,183,3,52,47.5,-0.54744572381759,25
53,0,184,3,53.5,47.5,-0.529465362233225,25
54,0,184,3,53.5,47.5,-0.529465362233225,25
55,0,186,3,55,47.5,-0.51148500064886,25
56,1,188,3,56.5,47.5,-0.493504639064495,25
57,0,188,3,56.5,47.5,-0.493504639064495,25
58,0,190,3,58.5,47.5,-0.469530823618675,25
59,1,190,3,58.5,47.5,-0.469530823618675,25
60,1,193,3,60,47.5,-0.45155046203431,25
61,0,195,4,61,69,-0.180089414983176,25
62,0,197,4,62,69,-0.168102507260266,25
63,0,202,4,63.5,69,-0.150122145675901,25
64,1,202,4,63.5,69,-0.150122145675901,25
65,0,203,4,65,69,-0.132141784091536,25
66,0,205,4,66,69,-0.120154876368626,25
67,0,209,4,67,69,-0.108167968645716,25
68,0,213,4,68.5,69,-0.090187607061351,25
69,0,213,4,68.5,69,-0.090187607061351,25
70,1,227,4,70.5,69,-0.0662137916155309,25
71,0,227,4,70.5,69,-0.0662137916155309,25
72,0,233,4,72,69,-0.0482334300311658,25
73,1,238,4,73.5,69,-0.0302530684468007,25
74,0,238,4,73.5,69,-0.0302530684468007,25
75,1,239,4,75,69,-0.0122727068624357,25
76,0,244,4,76,69,-0.000285799139525623,25
77,0,249,4,77,69,0.0117011085833844,25
78,1,250,5,78,85,0.216785050224972,25
79,0,256,5,79,85,0.228771957947882,25
80,0,260,5,80,85,0.240758865670792,25
81,0,261,5,81,85,0.252745773393703,25
82,0,263,5,82,85,0.264732681116613,25
83,1,272,5,83,85,0.276719588839523,25
84,1,275,5,84,85,0.288706496562433,25
85,1,286,5,85,85,0.300693404285343,25
86,0,288,5,86,85,0.312680312008253,25
87,0,291,5,87.5,85,0.330660673592618,25
88,0,291,5,87.5,85,0.330660673592618,25
89,1,297,5,89,85,0.348641035176983,25
90,1,299,5,90,85,0.360627942899893,25
91,1,301,5,91.5,85,0.378608304484258,25
92,0,301,5,91.5,85,0.378608304484258,25
93,0,312,6,93,98,0.553480006127549,25
94,1,316,6,94,98,0.565466913850459,25
95,0,324,6,95,98,0.577453821573369,25
96,1,328,6,96.5,98,0.595434183157734,25
97,1,328,6,96.5,98,0.595434183157734,25
98,0,329,6,98,98,0.613414544742099,25
99,0,333,6,99,98,0.625401452465009,25
100,0,337,6,100,98,0.637388360187919,25
101,0,344,6,101,98,0.649375267910829,25
102,1,351,6,102,98,0.661362175633739,25
103,1,354,6,103,98,0.673349083356649,25
104,0,364,7,104,107,0.793953072658816,25
105,0,377,7,105,107,0.805939980381726,25
106,1,387,7,106,107,0.817926888104636,25
107,0,392,7,107,107,0.829913795827546,25
108,1,395,7,108,107,0.841900703550456,25
109,0,396,7,109,107,0.853887611273366,25
110,1,400,7,110,107,0.865874518996276,25
111,0,406,8,111,112.5,0.944238532128732,25
112,0,415,8,112.5,112.5,0.962218893713097,25
113,0,415,8,112.5,112.5,0.962218893713097,25
114,0,417,8,114,112.5,0.980199255297462,25
115,0,424,9,115,116,1.03442613919008,25
116,1,427,9,116,116,1.04641304691299,25
117,0,431,9,117,116,1.0583999546359,25
118,0,438,10,118,121,1.1307296854584,25
119,0,459,10,119,121,1.14271659318131,25
120,0,470,10,120,121,1.15470350090422,25
121,0,474,10,121,121,1.16669040862713,25
122,0,501,10,122,121,1.17867731635004,25
123,0,505,10,123,121,1.19066422407295,25
124,0,520,10,124,121,1.20265113179586,25
125,1,531,11,125,127,1.28704942723827,25
126,0,557,11,126,127,1.29903633496118,25
127,1,574,11,127,127,1.31102324268409,25
128,0,587,11,128,127,1.323010150407,25
129,0,609,11,129,127,1.33499705812991,25
130,0,620,12,130,131,1.39525822433249,25
131,0,682,12,131,131,1.4072451320554,25
132,0,696,12,132,131,1.41923203977831,25
133,0,705,13,133,133.5,1.46139035905102,25
134,0,720,13,134,133.5,1.47337726677393,25
135,0,755,15,135,136,1.51553558604663,25
136,0,799,15,136,136,1.52752249376954,25
137,0,801,15,137,136,1.53950940149245,25
138,0,818,16,138,139,1.58770200307511,25
139,0,864,16,139,139,1.59968891079802,25
140,0,1128,16,140,139,1.61167581852093,25
141,0,1309,17,141,141,1.64779985548368,25
142,1,1511,28,142,142.5,1.67788961013646,25
143,0,1755,28,143,142.5,1.68987651785937,25
144,0,1872,30,144,144,1.71996627251216,25
1,1,112,30,1,96,0.00469142531362077,26
2,0,116,28,2,95,0.00459265846491297,26
3,0,120,21,3,93.5,-0.00453057753952202,26
4,1,127,21,4,93.5,0.0134195939232242,26
5,0,128,15,5,91.5,-0.0047281112369375,26
6,0,129,15,6,91.5,0.0132220602258087,26
7,0,134,14,7,90,0.00409882422137386,26
8,0,141,13,8.5,87.5,-0.0140982643631419,26
9,0,141,13,8.5,87.5,-0.0140982643631419,26
10,0,144,13,10,87.5,0.0128269928309774,26
11,0,146,13,11,87.5,0.0307771642937237,26
12,1,147,12,12,83,-0.0324928866450732,26
13,0,153,12,13.5,83,-0.0055676294509539,26
14,0,153,12,13.5,83,-0.0055676294509539,26
15,1,155,12,15,83,0.0213576277431654,26
16,0,156,12,16,83,0.0393077992059117,26
17,0,157,11,17,78.5,-0.0239622517328851,26
18,1,159,11,18,78.5,-0.006012080270139,26
19,0,161,11,19,78.5,0.0119380911926072,26
20,1,162,11,20,78.5,0.0298882626553535,26
21,0,163,10,21,73,-0.0514307265948974,26
22,0,165,10,22.5,73,-0.0245054694007781,26
23,0,165,10,22.5,73,-0.0245054694007781,26
24,1,167,10,24,73,0.00241978779334123,26
25,0,174,10,25,73,0.0203699592560874,26
26,0,176,10,26.5,73,0.0472952164502068,26
27,0,176,10,26.5,73,0.0472952164502068,26
28,0,177,9,28,68,-0.0160242179129441,26
29,1,178,9,29,68,0.00192595354980218,26
30,1,180,9,30.5,68,0.0288512107439215,26
31,1,180,8,30.5,64.5,-0.0343200733461676,26
32,0,181,8,32.5,64.5,0.00158026957932483,26
33,0,181,8,32.5,64.5,0.00158026957932483,26
34,0,183,8,34,64.5,0.0285055267734442,26
35,0,184,7,35,56.5,-0.0979358082554418,26
36,0,186,7,36.5,56.5,-0.0710105510613225,26
37,1,186,7,36.5,56.5,-0.0710105510613225,26
38,0,188,7,38,56.5,-0.0440852938672031,26
39,0,189,7,39,56.5,-0.0261351224044569,26
40,1,196,7,40,56.5,-0.00818495094171068,26
41,0,197,7,41.5,56.5,0.0187403062524086,26
42,0,197,7,41.5,56.5,0.0187403062524086,26
43,0,198,7,43,56.5,0.045665563446528,26
44,1,200,7,44,56.5,0.0636157349092742,26
45,0,201,7,45,56.5,0.0815659063720204,26
46,0,204,7,46,56.5,0.0995160778347667,26
47,1,206,6,47,43,-0.126194417907116,26
48,0,211,6,49,43,-0.090294074981624,26
49,0,211,6,49,43,-0.090294074981624,26
50,0,211,6,49,43,-0.090294074981624,26
51,0,214,6,51,43,-0.0543937320561316,26
52,1,215,6,52,43,-0.0364435605933854,26
53,1,220,6,53,43,-0.0184933891306392,26
54,0,222,6,54.5,43,0.00843186806348019,26
55,0,222,6,54.5,43,0.00843186806348019,26
56,0,224,6,56.5,43,0.0443322109889726,26
57,0,224,6,56.5,43,0.0443322109889726,26
58,1,226,6,58,43,0.071257468183092,26
59,0,228,6,59.5,43,0.0981827253772113,26
60,1,228,6,59.5,43,0.0981827253772113,26
61,1,232,6,61,43,0.125107982571331,26
62,0,235,5,62,30.5,-0.0825535748590985,26
63,1,236,5,63,30.5,-0.0646034033963523,26
64,0,237,5,64,30.5,-0.046653231933606,26
65,0,240,5,65.5,30.5,-0.0197279747394867,26
66,1,240,5,65.5,30.5,-0.0197279747394867,26
67,1,241,5,67,30.5,0.00719728245463264,26
68,1,242,5,68,30.5,0.0251474539173788,26
69,1,243,5,69,30.5,0.0430976253801251,26
70,0,244,5,70,30.5,0.0610477968428713,26
71,0,245,5,71.5,30.5,0.0879730540369906,26
72,1,245,4,71.5,20,-0.101540798233277,26
73,1,248,4,73.5,20,-0.0656404553077842,26
74,0,248,4,73.5,20,-0.0656404553077842,26
75,1,250,4,75,20,-0.0387151981136648,26
76,1,252,4,76,20,-0.0207650266509186,26
77,0,254,4,77.5,20,0.0061602305432007,26
78,0,254,4,77.5,20,0.0061602305432007,26
79,1,256,4,79,20,0.0330854877373201,26
80,1,260,4,80,20,0.0510356592000663,26
81,1,263,4,81.5,20,0.0779609163941857,26
82,0,263,4,81.5,20,0.0779609163941857,26
83,1,264,3,83,8.5,-0.102676616993416,26
84,0,267,3,84,8.5,-0.0847264455306701,26
85,0,274,3,85,8.5,-0.066776274067924,26
86,1,279,3,86,8.5,-0.0488261026051777,26
87,1,283,3,87,8.5,-0.0308759311424315,26
88,1,284,3,88,8.5,-0.0129257596796852,26
89,1,295,3,89,8.5,0.00502441178306101,26
90,1,298,3,90,8.5,0.0229745832458071,26
91,1,312,3,91,8.5,0.0409247547085534,26
92,0,313,3,92,8.5,0.0588749261712996,26
93,0,315,3,93,8.5,0.0768250976340459,26
94,1,319,3,94,8.5,0.0947752690967921,26
95,1,393,2,95,2,-0.00459265846491297,26
96,1,412,1,96,1,-0.00469142531362077,26
1,0,31,14,1,144,0.0209335442078061,27
2,0,34,13,2.5,140.5,-0.00406660429888284,27
3,0,34,13,2.5,140.5,-0.00406660429888284,27
4,0,35,13,4,140.5,0.0139149678707075,27
5,0,39,13,5,140.5,0.0259026826504343,27
6,0,40,13,6,140.5,0.0378903974301612,27
7,0,42,13,8,140.5,0.0618658269896148,27
8,0,42,12,8,132.5,-0.0363781059847377,27
9,0,42,12,8,132.5,-0.0363781059847377,27
10,0,44,12,10.5,132.5,-0.00640881903542057,27
11,0,44,12,10.5,132.5,-0.00640881903542057,27
12,0,45,12,13.5,132.5,0.02955432530376,27
13,0,45,12,13.5,132.5,0.02955432530376,27
14,0,45,12,13.5,132.5,0.02955432530376,27
15,0,45,12,13.5,132.5,0.02955432530376,27
16,0,46,12,16,132.5,0.0595236122530771,27
17,0,47,12,17.5,132.5,0.0775051844226674,27
18,0,47,11,17.5,118,-0.100561944093347,27
19,0,49,11,19,118,-0.0825803719237562,27
20,0,50,11,21,118,-0.0586049423643026,27
21,0,50,11,21,118,-0.0586049423643026,27
22,0,50,11,21,118,-0.0586049423643026,27
23,0,51,11,23,118,-0.0346295128048488,27
24,0,54,11,24,118,-0.022641798025122,27
25,0,55,11,25,118,-0.0106540832453952,27
26,0,57,11,26,118,0.00133363153433164,27
27,0,58,11,27.5,118,0.0193152037039219,27
28,0,58,11,27.5,118,0.0193152037039219,27
29,0,59,11,29,118,0.0372967758735122,27
30,0,60,11,30,118,0.049284490653239,27
31,0,61,11,31.5,118,0.0672660628228293,27
32,0,61,11,31.5,118,0.0672660628228293,27
33,0,63,11,33.5,118,0.091241492382283,27
34,0,63,11,33.5,118,0.091241492382283,27
35,0,66,11,35,118,0.109223064551873,27
36,0,68,11,36,118,0.1212107793316,27
37,1,69,10,37.5,90.5,-0.198521168098146,27
38,1,69,10,37.5,90.5,-0.198521168098146,27
39,1,71,10,39.5,90.5,-0.174545738538693,27
40,1,71,10,39.5,90.5,-0.174545738538693,27
41,1,73,10,41,90.5,-0.156564166369103,27
42,1,74,10,42,90.5,-0.144576451589376,27
43,1,76,10,43,90.5,-0.132588736809649,27
44,1,77,10,44,90.5,-0.120601022029922,27
45,0,78,10,45.5,90.5,-0.102619449860332,27
46,0,78,10,45.5,90.5,-0.102619449860332,27
47,0,79,10,47,90.5,-0.0846378776907414,27
48,0,81,10,48.5,90.5,-0.0666563055211512,27
49,0,81,10,48.5,90.5,-0.0666563055211512,27
50,0,83,10,51,90.5,-0.036687018571834,27
51,0,83,10,51,90.5,-0.036687018571834,27
52,0,83,10,51,90.5,-0.036687018571834,27
53,0,84,10,53,90.5,-0.0127115890123803,27
54,1,85,10,55,90.5,0.0112638405470734,27
55,0,85,10,55,90.5,0.0112638405470734,27
56,0,85,10,55,90.5,0.0112638405470734,27
57,0,86,10,58.5,90.5,0.0532208422761173,27
58,0,86,10,58.5,90.5,0.0532208422761173,27
59,0,86,10,58.5,90.5,0.0532208422761173,27
60,0,86,10,58.5,90.5,0.0532208422761173,27
61,0,87,10,62,90.5,0.0951778440051613,27
62,0,87,10,62,90.5,0.0951778440051613,27
63,0,87,10,62,90.5,0.0951778440051613,27
64,0,88,10,64,90.5,0.119153273564615,27
65,0,91,10,65,90.5,0.131140988344342,27
66,0,92,10,66.5,90.5,0.149122560513932,27
67,0,92,10,66.5,90.5,0.149122560513932,27
68,0,93,10,68,90.5,0.167104132683522,27
69,0,94,10,70,90.5,0.191079562242976,27
70,0,94,10,70,90.5,0.191079562242976,27
71,0,94,10,70,90.5,0.191079562242976,27
72,0,95,10,72,90.5,0.21505499180243,27
73,1,96,9,75,52,-0.221780791297461,27
74,1,96,9,75,52,-0.221780791297461,27
75,1,96,9,75,52,-0.221780791297461,27
76,1,96,9,75,52,-0.221780791297461,27
77,1,96,9,75,52,-0.221780791297461,27
78,1,100,9,78,52,-0.185817646958281,27
79,1,102,9,79,52,-0.173829932178554,27
80,1,104,9,80,52,-0.161842217398827,27
81,1,105,9,82,52,-0.137866787839373,27
82,1,105,9,82,52,-0.137866787839373,27
83,1,105,9,82,52,-0.137866787839373,27
84,0,108,9,84,52,-0.11389135827992,27
85,0,109,9,85,52,-0.101903643500193,27
86,0,110,9,86.5,52,-0.0839220713306025,27
87,0,110,9,86.5,52,-0.0839220713306025,27
88,0,114,9,88,52,-0.0659404991610122,27
89,0,117,9,89,52,-0.0539527843812854,27
90,0,118,9,90.5,52,-0.0359712122116951,27
91,0,118,9,90.5,52,-0.0359712122116951,27
92,0,119,9,92,52,-0.0179896400421048,27
93,0,121,9,93,52,-0.00600192526237797,27
94,0,124,9,95,52,0.0179735042970757,27
95,0,124,9,95,52,0.0179735042970757,27
96,0,124,9,95,52,0.0179735042970757,27
97,0,125,9,97,52,0.0419489338565294,27
98,1,126,9,98,52,0.0539366486362562,27
99,0,128,9,99.5,52,0.0719182208058465,27
100,0,128,9,99.5,52,0.0719182208058465,27
101,0,129,9,101,52,0.0898997929754368,27
102,0,131,9,102,52,0.101887507755164,27
103,0,134,9,103,52,0.113875222534891,27
104,0,135,9,104.5,52,0.131856794704481,27
105,0,135,9,104.5,52,0.131856794704481,27
106,0,137,9,106,52,0.149838366874071,27
107,0,138,9,107,52,0.161826081653798,27
108,0,139,9,108.5,52,0.179807653823388,27
109,0,139,9,108.5,52,0.179807653823388,27
110,1,142,9,110,52,0.197789225992978,27
111,0,143,9,111,52,0.209776940772705,27
112,0,149,9,112,52,0.221764655552432,27
113,1,151,9,113,52,0.233752370332159,27
114,1,152,8,114,18.5,-0.165656384218215,27
115,1,154,8,115,18.5,-0.153668669438489,27
116,1,155,8,116,18.5,-0.141680954658762,27
117,1,158,8,117,18.5,-0.129693239879035,27
118,1,159,8,118,18.5,-0.117705525099308,27
119,0,160,8,119,18.5,-0.105717810319581,27
120,0,169,8,120,18.5,-0.0937300955398543,27
121,0,170,8,121,18.5,-0.0817423807601275,27
122,0,173,8,122,18.5,-0.0697546659804007,27
123,0,178,8,124,18.5,-0.0457792364209469,27
124,0,178,8,124,18.5,-0.0457792364209469,27
125,0,178,8,124,18.5,-0.0457792364209469,27
126,0,183,8,126,18.5,-0.0218038068614933,27
127,0,188,8,127,18.5,-0.00981609208176637,27
128,0,191,8,128.5,18.5,0.00816548008782381,27
129,0,191,8,128.5,18.5,0.00816548008782381,27
130,0,197,8,130,18.5,0.0261470522574141,27
131,0,208,8,131,18.5,0.038134767037141,27
132,0,209,8,132,18.5,0.0501224818168678,27
133,0,214,8,133,18.5,0.0621101965965947,27
134,0,221,8,134.5,18.5,0.080091768766185,27
135,0,221,8,134.5,18.5,0.080091768766185,27
136,0,233,8,136,18.5,0.0980733409357752,27
137,0,238,8,137,18.5,0.110061055715502,27
138,0,241,8,138,18.5,0.122048770495229,27
139,0,253,8,139,18.5,0.134036485274956,27
140,0,256,7,140,3,-0.0443234200831254,27
141,0,269,7,141,3,-0.0323357053033986,27
142,0,376,7,142,3,-0.0203479905236718,27
143,0,389,7,143,3,-0.00836027574394493,27
144,0,518,7,144,3,0.003627439035782,27
1,1,35,2,1,2,-1.6173289668227,28
2,1,41,2,2,2,-1.5698649580179,28
3,1,44,2,3,2,-1.52240094921309,28
4,1,66,3,4,4,-1.37957829643997,28
5,1,67,4,5,6,-1.23675564366685,28
6,0,70,4,6,6,-1.18929163486204,28
7,0,91,4,7,6,-1.14182762605724,28
8,0,94,5,8,10.5,-0.879806668323727,28
9,1,95,5,9,10.5,-0.832342659518919,28
10,0,103,5,10,10.5,-0.784878650714111,28
11,0,115,5,11,10.5,-0.737414641909304,28
12,0,117,5,12.5,10.5,-0.666218628702092,28
13,0,117,5,12.5,10.5,-0.666218628702092,28
14,1,119,6,14,16,-0.332786344582024,28
15,0,121,6,15,16,-0.285322335777216,28
16,0,122,6,16,16,-0.237858326972409,28
17,0,132,6,17,16,-0.190394318167601,28
18,0,141,6,18,16,-0.142930309362793,28
19,1,142,7,19,19.5,0.0714113263865596,28
20,0,144,7,20,19.5,0.118875335191367,28
21,0,153,8,21,21.5,0.261697987964487,28
22,0,187,8,22.5,21.5,0.332894001171698,28
23,0,187,9,22.5,24,0.452092306132087,28
24,0,189,9,24,24,0.523288319339299,28
25,0,195,9,25,24,0.570752328144107,28
26,1,231,10,26,26.5,0.737414641909304,28
27,1,239,10,27,26.5,0.784878650714111,28
28,0,254,12,28,28.5,0.927701303487231,28
29,1,276,12,29,28.5,0.975165312292038,28
30,0,340,13,30,30,1.09414830407308,28
31,0,343,15,31,31.5,1.21313129585412,28
32,0,426,15,32,31.5,1.26059530465893,28
33,1,512,17,33,33,1.37957829643997,28
34,0,549,18,34,34,1.47472162722893,28
35,0,594,27,35,35,1.5698649580179,28
36,0,775,29,36,36,1.66500828880686,28
1,1,62,10,1,48,0.0218686019609241,29
2,1,68,9,2,47,0.0209380231540763,29
3,0,69,8,3.5,46,0.0378767149565857,29
4,1,69,7,3.5,45,0.00120759493102329,29
5,0,71,6,5.5,42.5,-0.0189881226954536,29
6,0,71,6,5.5,42.5,-0.0189881226954536,29
7,1,74,6,7,42.5,0.0346196891326184,29
8,0,75,6,8,42.5,0.0703582303513329,29
9,1,76,5,9.5,37,-0.0777141179611886,29
10,0,76,5,9.5,37,-0.0777141179611886,29
11,1,77,5,11,37,-0.0241063061331167,29
12,0,79,5,12.5,37,0.0295015056949552,29
13,1,79,5,12.5,37,0.0295015056949552,29
14,0,80,5,15,37,0.118847858741742,29
15,0,80,5,15,37,0.118847858741742,29
16,0,80,4,15,26,-0.284512461539445,29
17,1,81,4,17,26,-0.213035379102016,29
18,0,82,4,18,26,-0.177296837883301,29
19,0,87,4,20.5,26,-0.0879504848365148,29
20,1,87,4,20.5,26,-0.0879504848365148,29
21,1,87,4,20.5,26,-0.0879504848365148,29
22,1,87,4,20.5,26,-0.0879504848365148,29
23,1,88,4,23.5,26,0.0192651388196291,29
24,1,88,4,23.5,26,0.0192651388196291,29
25,1,89,4,25,26,0.072872950647701,29
26,0,90,4,26,26,0.108611491866416,29
27,0,91,4,27,26,0.14435003308513,29
28,0,93,4,28,26,0.180088574303845,29
29,0,95,4,29.5,26,0.233696386131917,29
30,0,95,4,29.5,26,0.233696386131917,29
31,0,104,3,31,12.5,-0.207728922385104,29
32,0,107,3,32,12.5,-0.17199038116639,29
33,1,109,3,33,12.5,-0.136251839947675,29
34,0,110,3,35,12.5,-0.0647747575102459,29
35,0,110,3,35,12.5,-0.0647747575102459,29
36,0,110,3,35,12.5,-0.0647747575102459,29
37,0,111,3,37,12.5,0.00670232492718331,29
38,0,113,3,38,12.5,0.0424408661458979,29
39,0,114,3,39.5,12.5,0.0960486779739698,29
40,1,114,3,39.5,12.5,0.0960486779739698,29
41,1,115,3,41,12.5,0.149656489802042,29
42,0,117,3,42,12.5,0.185395031020756,29
43,1,119,2,43,3.5,-0.108888507990591,29
44,0,120,2,44,3.5,-0.0731499667718765,29
45,0,124,2,45,3.5,-0.0374114255531619,29
46,0,126,2,46,3.5,-0.00167288433444723,29
47,0,127,2,47,3.5,0.0340656568842673,29
48,0,133,2,48,3.5,0.069804198102982,29
1,0,20,6,1,111,-0.0587183699829487,30
2,0,27,6,2,111,-0.0443437816232891,30
3,0,30,6,3,111,-0.0299691932636295,30
4,0,34,6,4.5,111,-0.00840731072414014,30
5,0,34,6,4.5,111,-0.00840731072414014,30
6,0,37,6,6.5,111,0.0203418659951791,30
7,0,37,6,6.5,111,0.0203418659951791,30
8,0,38,6,8,111,0.0419037485346685,30
9,0,44,6,9,111,0.056278336894328,30
10,0,45,6,10,111,0.0706529252539877,30
11,0,46,6,11,111,0.0850275136136472,30
12,0,47,6,12,111,0.0994021019733069,30
13,0,48,6,13.5,111,0.120963984512796,30
14,1,48,6,13.5,111,0.120963984512796,30
15,0,49,6,15,111,0.142525867052286,30
16,0,52,6,16,111,0.156900455411945,30
17,0,54,6,17,111,0.171275043771605,30
18,1,55,6,18,111,0.185649632131265,30
19,1,57,6,19,111,0.200024220490924,30
20,0,63,5,20.5,71,-0.409360144428436,30
21,0,63,5,20.5,71,-0.409360144428436,30
22,1,64,5,22.5,71,-0.380610967709117,30
23,0,64,5,22.5,71,-0.380610967709117,30
24,0,66,5,24,71,-0.359049085169627,30
25,0,67,5,25,71,-0.344674496809968,30
26,0,70,5,26,71,-0.330299908450308,30
27,0,72,5,27,71,-0.315925320090649,30
28,0,76,5,28,71,-0.301550731730989,30
29,0,77,5,29.5,71,-0.2799888491915,30
30,0,77,5,29.5,71,-0.2799888491915,30
31,1,78,5,31,71,-0.25842696665201,30
32,0,79,5,33,71,-0.229677789932691,30
33,0,79,5,33,71,-0.229677789932691,30
34,1,79,5,33,71,-0.229677789932691,30
35,0,83,5,35,71,-0.200928613213372,30
36,0,84,5,36,71,-0.186554024853712,30
37,1,85,5,37.5,71,-0.164992142314223,30
38,0,85,5,37.5,71,-0.164992142314223,30
39,1,87,5,39,71,-0.143430259774733,30
40,0,88,5,40,71,-0.129055671415074,30
41,1,90,5,42,71,-0.100306494695755,30
42,0,90,5,42,71,-0.100306494695755,30
43,0,90,5,42,71,-0.100306494695755,30
44,1,91,5,44.5,71,-0.0643700237966056,30
45,0,91,5,44.5,71,-0.0643700237966056,30
46,0,92,5,46,71,-0.0428081412571162,30
47,0,95,5,47,71,-0.0284335528974566,30
48,1,96,5,48,71,-0.014058964537797,30
49,0,97,5,49,71,0.000315623821862593,30
50,1,100,5,50.5,71,0.021877506361352,30
51,0,100,5,50.5,71,0.021877506361352,30
52,0,102,5,52,71,0.0434393889008414,30
53,0,103,5,53,71,0.057813977260501,30
54,0,105,5,54,71,0.0721885656201606,30
55,0,106,5,55,71,0.0865631539798202,30
56,1,107,5,56,71,0.10093774233948,30
57,0,108,5,57.5,71,0.122499624878969,30
58,0,108,5,57.5,71,0.122499624878969,30
59,0,110,5,59,71,0.144061507418459,30
60,0,113,5,60,71,0.158436095778118,30
61,0,114,5,61.5,71,0.179997978317608,30
62,1,114,5,61.5,71,0.179997978317608,30
63,1,116,5,63.5,71,0.208747155036927,30
64,1,116,5,63.5,71,0.208747155036927,30
65,1,122,5,65,71,0.230309037576416,30
66,1,125,5,66,71,0.244683625936076,30
67,1,127,5,67,71,0.259058214295735,30
68,1,128,5,68,71,0.273432802655395,30
69,1,129,5,69.5,71,0.294994685194884,30
70,1,129,5,69.5,71,0.294994685194884,30
71,1,131,5,71,71,0.316556567734374,30
72,1,132,5,72,71,0.330931156094033,30
73,1,133,5,73,71,0.345305744453693,30
74,1,134,5,74,71,0.359680332813353,30
75,1,138,5,75,71,0.374054921173012,30
76,1,139,5,76,71,0.388429509532672,30
77,1,141,5,77,71,0.402804097892331,30
78,1,147,5,78.5,71,0.424365980431821,30
79,1,147,5,78.5,71,0.424365980431821,30
80,1,149,5,80,71,0.44592786297131,30
81,0,156,4,81.5,21,-0.321193063812762,30
82,0,156,4,81.5,21,-0.321193063812762,30
83,0,158,4,83,21,-0.299631181273273,30
84,0,159,4,84,21,-0.285256592913613,30
85,0,160,4,85,21,-0.270882004553954,30
86,0,161,4,86,21,-0.256507416194294,30
87,0,165,4,87,21,-0.242132827834635,30
88,0,166,4,88,21,-0.227758239474975,30
89,1,170,4,89,21,-0.213383651115315,30
90,1,175,4,90.5,21,-0.191821768575826,30
91,0,175,4,90.5,21,-0.191821768575826,30
92,0,177,4,92,21,-0.170259886036337,30
93,1,183,4,93,21,-0.155885297676677,30
94,0,188,4,94,21,-0.141510709317017,30
95,0,192,4,95,21,-0.127136120957358,30
96,1,196,4,96,21,-0.112761532597698,30
97,1,208,4,97,21,-0.0983869442380385,30
98,0,216,4,98,21,-0.084012355878379,30
99,0,241,4,99,21,-0.0696377675187193,30
100,0,242,4,100,21,-0.0552631791590598,30
101,0,248,4,101,21,-0.0408885907994001,30
102,0,252,4,102,21,-0.0265140024397406,30
103,0,257,4,103,21,-0.012139414080081,30
104,0,271,4,104,21,0.00223517427957864,30
105,0,277,4,105,21,0.0166097626392382,30
106,0,290,4,106,21,0.0309843509988978,30
107,0,291,4,107,21,0.0453589393585574,30
108,0,294,4,108,21,0.059733527718217,30
109,0,297,4,109,21,0.0741081160778766,30
110,0,298,4,110,21,0.0884827044375363,30
111,0,301,4,111,21,0.102857292797196,30
112,0,305,4,112,21,0.117231881156855,30
113,0,330,4,113,21,0.131606469516515,30
114,0,331,4,114,21,0.145981057876175,30
115,0,339,4,115,21,0.160355646235834,30
116,0,343,4,116,21,0.174730234595494,30
117,1,348,4,117,21,0.189104822955153,30
118,1,373,4,118,21,0.203479411314813,30
119,1,410,4,119,21,0.217853999674473,30
120,0,579,3,120,1,-0.0832445356952924,30
1,0,20,28,2,48,0.0383188834980692,31
2,1,20,23,2,47,0.0024789063380406,31
3,1,20,19,2,46,-0.033361070821988,31
4,0,22,18,4,45,0.00225855910799255,31
5,0,25,17,6,44,0.0378781890379732,31
6,0,25,15,6,42.5,-0.0158817767020697,31
7,0,25,15,6,42.5,-0.0158817767020697,31
8,0,27,14,8,40,-0.0340221125121322,31
9,0,28,14,9,40,0.00170769103287238,31
10,1,29,14,10,40,0.037437494577877,31
11,0,30,12,11.5,38,0.0193522455753267,31
12,0,30,11,11.5,35.5,-0.0702476973247449,31
13,0,31,11,13,35.5,-0.016652992007238,31
14,0,34,11,14,35.5,0.0190768115377666,31
15,1,35,11,15,35.5,0.0548066150827712,31
16,0,39,10,16,32,-0.0349035014323244,31
17,0,41,10,17.5,32,0.0186912038851825,31
18,0,41,10,17.5,32,0.0186912038851825,31
19,0,45,9,19,27.5,-0.0889939880174394,31
20,0,47,9,20,27.5,-0.0532641844724348,31
21,0,49,9,21,27.5,-0.0175343809274302,31
22,0,50,9,22,27.5,0.0181954226175744,31
23,1,54,9,23.5,27.5,0.0717901279350813,31
24,1,54,9,23.5,27.5,0.0717901279350813,31
25,1,55,8,25,23.5,-0.0179750753875263,31
26,0,59,8,26.5,23.5,0.0356196299299806,31
27,0,59,7,26.5,20,-0.0898202901301197,31
28,0,64,7,28.5,20,-0.0183606830401104,31
29,0,64,7,28.5,20,-0.0183606830401104,31
30,0,65,7,30.5,20,0.0530989240498988,31
31,1,65,7,30.5,20,0.0530989240498988,31
32,0,66,6,32,16,-0.0366662792727088,31
33,0,71,6,33,16,-0.000936475727704222,31
34,0,76,6,34,16,0.0347933278173004,31
35,0,77,5,35,12,-0.0728367772778096,31
36,0,81,5,36.5,12,-0.0192420719603027,31
37,0,81,5,36.5,12,-0.0192420719603027,31
38,0,82,5,38,12,0.0343526333572042,31
39,1,88,5,39,12,0.0700824369022088,31
40,1,89,4,40,7.5,-0.0554676567729153,31
41,0,92,4,41,7.5,-0.0197378532279108,31
42,0,93,4,42,7.5,0.0159919503170939,31
43,0,102,4,43,7.5,0.0517217538620984,31
44,0,106,3,44.5,3,-0.0559634380405235,31
45,0,106,3,44.5,3,-0.0559634380405235,31
46,1,113,3,46,3,-0.00236873272301663,31
47,0,117,3,47,3,0.033361070821988,31
48,1,119,3,48,3,0.0690908743669926,31
1,0,61,21,1,144,0.00622012378638281,32
2,1,63,18,2,142.5,9.61898618926371e-05,32
3,1,72,18,3.5,142.5,0.0180765153131435,32
4,0,72,17,3.5,141,-3.43022455140396e-05,32
5,1,82,16,5,139.5,-0.000164794352920605,32
6,1,84,16,6,139.5,0.0118220892812466,32
7,0,93,15,7,137.5,-0.000338783829462841,32
8,0,94,15,8,137.5,0.0116480998047044,32
9,0,100,14,9,134.5,-0.0125866516784434,32
10,1,101,14,10,134.5,-0.000599768044276194,32
11,1,107,14,11,134.5,0.011387115589891,32
12,0,110,14,12,134.5,0.0233739992240583,32
13,1,111,13,13,129.5,-0.025008509003966,32
14,0,113,13,14,129.5,-0.0130216253697988,32
15,0,117,13,15,129.5,-0.00103474173563156,32
16,0,118,13,16,129.5,0.0109521418985357,32
17,1,122,13,17,129.5,0.0229390255327029,32
18,0,123,13,18,129.5,0.0349259091668701,32
19,0,124,12,19,122.5,-0.0376043558060307,32
20,0,126,12,20,122.5,-0.0256174721718635,32
21,0,131,12,21,122.5,-0.0136305885376964,32
22,0,133,12,22,122.5,-0.00164370490352916,32
23,1,146,12,23.5,122.5,0.0163366205477217,32
24,1,146,12,23.5,122.5,0.0163366205477217,32
25,1,147,12,25.5,122.5,0.0403103878160561,32
26,0,147,12,25.5,122.5,0.0403103878160561,32
27,0,148,11,27,111,-0.0805588880157336,32
28,1,149,11,28.5,111,-0.0625785625644827,32
29,0,149,11,28.5,111,-0.0625785625644827,32
30,0,150,11,30,111,-0.0445982371132319,32
31,1,159,11,31,111,-0.0326113534790647,32
32,0,162,11,32,111,-0.0206244698448975,32
33,0,163,11,33,111,-0.0086375862107303,32
34,0,165,11,34,111,0.00334929742343693,32
35,1,166,11,35,111,0.0153361810576041,32
36,1,173,11,36,111,0.0273230646917713,32
37,0,174,11,37,111,0.0393099483259385,32
38,1,176,11,38,111,0.0512968319601058,32
39,0,179,11,39,111,0.063283715594273,32
40,1,181,11,40,111,0.0752705992284402,32
41,1,185,11,41,111,0.0872574828626074,32
42,0,187,10,42.5,92.5,-0.11812894157625,32
43,0,187,10,42.5,92.5,-0.11812894157625,32
44,1,188,10,44,92.5,-0.100148616125,32
45,1,189,10,45,92.5,-0.0881617324908323,32
46,1,190,10,46.5,92.5,-0.0701814070395815,32
47,0,190,10,46.5,92.5,-0.0701814070395815,32
48,1,199,10,48,92.5,-0.0522010815883307,32
49,1,200,10,49,92.5,-0.0402141979541635,32
50,1,218,10,50,92.5,-0.0282273143199963,32
51,0,224,10,51.5,92.5,-0.0102469888687454,32
52,0,224,10,51.5,92.5,-0.0102469888687454,32
53,1,225,10,53,92.5,0.00773333658250538,32
54,0,226,10,54,92.5,0.0197202202166726,32
55,0,227,10,55,92.5,0.0317071038508398,32
56,1,228,10,56,92.5,0.043693987485007,32
57,0,235,10,57,92.5,0.0556808711191742,32
58,0,241,10,58,92.5,0.0676677547533414,32
59,1,243,10,60,92.5,0.0916415220216759,32
60,0,243,10,60,92.5,0.0916415220216759,32
61,1,243,10,60,92.5,0.0916415220216759,32
62,1,247,10,62,92.5,0.11561528929001,32
63,1,248,10,63,92.5,0.127602172924178,32
64,0,249,9,64.5,72.5,-0.0958950690733377,32
65,1,249,9,64.5,72.5,-0.0958950690733377,32
66,0,251,9,66,72.5,-0.0779147436220869,32
67,1,252,9,67,72.5,-0.0659278599879197,32
68,1,256,9,68.5,72.5,-0.0479475345366688,32
69,0,256,9,68.5,72.5,-0.0479475345366688,32
70,0,260,9,70,72.5,-0.029967209085418,32
71,0,263,9,71.5,72.5,-0.0119868836341672,32
72,1,263,9,71.5,72.5,-0.0119868836341672,32
73,1,264,9,73,72.5,0.00599344181708361,32
74,0,265,9,74,72.5,0.0179803254512508,32
75,0,266,9,75,72.5,0.029967209085418,32
76,0,267,9,76,72.5,0.0419540927195852,32
77,1,272,9,77,72.5,0.0539409763537525,32
78,0,273,9,78,72.5,0.0659278599879197,32
79,0,276,9,79,72.5,0.0779147436220869,32
80,1,277,9,80,72.5,0.0899016272562541,32
81,0,278,9,81,72.5,0.101888510890421,32
82,0,281,8,82,52,-0.133639112110397,32
83,1,283,8,83,52,-0.121652228476229,32
84,1,288,8,84,52,-0.109665344842062,32
85,0,290,8,85,52,-0.097678461207895,32
86,1,295,8,87,52,-0.0737046939395606,32
87,1,295,8,87,52,-0.0737046939395606,32
88,0,295,8,87,52,-0.0737046939395606,32
89,1,296,8,89.5,52,-0.0437374848541426,32
90,1,296,8,89.5,52,-0.0437374848541426,32
91,0,304,8,91,52,-0.0257571594028917,32
92,0,313,8,92,52,-0.0137702757687245,32
93,1,318,8,93,52,-0.0017833921345573,32
94,0,321,8,94,52,0.0102034914996099,32
95,1,323,8,95.5,52,0.0281838169508607,32
96,0,323,8,95.5,52,0.0281838169508607,32
97,0,324,8,97,52,0.0461641424021116,32
98,0,329,8,98,52,0.0581510260362788,32
99,0,333,8,99.5,52,0.0761313514875296,32
100,0,333,8,99.5,52,0.0761313514875296,32
101,1,338,8,101.5,52,0.100105118755864,32
102,0,338,8,101.5,52,0.100105118755864,32
103,1,341,8,103,52,0.118085444207115,32
104,0,342,8,104,52,0.130072327841282,32
105,0,344,7,105,30.5,-0.117529173531974,32
106,1,351,7,106,30.5,-0.105542289897807,32
107,0,360,7,107,30.5,-0.0935554062636398,32
108,0,363,7,108,30.5,-0.0815685226294726,32
109,1,364,7,109.5,30.5,-0.0635881971782217,32
110,1,364,7,109.5,30.5,-0.0635881971782217,32
111,1,369,7,111,30.5,-0.0456078717269709,32
112,1,382,7,112,30.5,-0.0336209880928037,32
113,0,386,7,113,30.5,-0.0216341044586365,32
114,0,396,7,114,30.5,-0.00964722082446928,32
115,0,398,7,115,30.5,0.00233966280969788,32
116,0,405,7,116,30.5,0.0143265464438651,32
117,0,413,7,117.5,30.5,0.0323068718951159,32
118,1,413,7,117.5,30.5,0.0323068718951159,32
119,0,414,7,119,30.5,0.0502871973463668,32
120,0,422,7,120,30.5,0.062274080980534,32
121,1,438,7,121,30.5,0.0742609646147012,32
122,0,454,7,122,30.5,0.0862478482488684,32
123,1,466,7,123,30.5,0.0982347318830357,32
124,1,476,7,124,30.5,0.110221615517203,32
125,1,489,6,125,14,-0.0770104939938621,32
126,0,494,6,126,14,-0.0650236103596948,32
127,1,502,6,127,14,-0.0530367267255276,32
128,1,507,6,128,14,-0.0410498430913604,32
129,1,520,6,129.5,14,-0.0230695176401096,32
130,0,520,6,129.5,14,-0.0230695176401096,32
131,0,538,6,131,14,-0.00508919218885873,32
132,1,543,6,132,14,0.0068976914453085,32
133,1,546,6,133,14,0.0188845750794757,32
134,1,548,6,134,14,0.0308714587136429,32
135,0,552,6,135,14,0.0428583423478102,32
136,0,584,6,136,14,0.0548452259819774,32
137,1,587,6,137,14,0.0668321096161445,32
138,0,603,5,138,5,-0.0298459121016329,32
139,0,662,5,139,5,-0.0178590284674657,32
140,0,704,5,140,5,-0.00587214483329845,32
141,0,721,5,141,5,0.00611473880086877,32
142,0,730,5,142,5,0.018101622435036,32
143,0,825,4,143,2,-0.0061331290481117,32
144,1,1136,3,144,1,-0.00622012378638281,32
1,0,211,4,1,1,-1.63240127439236,33
2,0,217,5,2,3,-1.4193239281501,33
3,0,221,5,3,3,-1.34850540058499,33
4,0,225,5,4.5,3,-1.24227760923734,33
5,0,225,6,4.5,6,-1.0288893812216,33
6,1,226,6,6,6,-0.922661589873942,33
7,0,228,6,7.5,6,-0.816433798526287,33
8,1,228,8,7.5,9,-0.603045570510547,33
9,0,230,8,9,9,-0.496817779162892,33
10,0,232,8,10.5,9,-0.390589987815237,33
11,1,232,9,10.5,12,-0.177201759799497,33
12,0,233,9,12.5,12,-0.03556470466929,33
13,0,233,9,12.5,12,-0.03556470466929,33
14,0,234,11,14,15.5,0.319616019363395,33
15,0,235,11,15.5,15.5,0.42584381071105,33
16,1,235,11,15.5,15.5,0.42584381071105,33
17,0,237,11,17.5,15.5,0.567480865841257,33
18,0,237,12,17.5,18,0.745304389187707,33
19,0,241,13,19.5,19.5,0.993635558325783,33
20,0,241,13,19.5,19.5,0.993635558325783,33
21,0,243,14,21,21,1.20655746368131,33
22,0,247,15,22,22,1.34850540058499,33
23,0,250,19,23,23,1.49045333748868,33
24,0,254,20,24,24,1.63240127439236,33
1,0,21,15,1,72,0.0106422218646978,34
2,1,24,13,2,70,-0.0138690337625916,34
3,0,25,13,3,70,0.0100426600695035,34
4,0,28,13,4,70,0.0339543539015986,34
5,0,29,12,5.5,68,0.0213989451903569,34
6,0,29,11,5.5,67,-0.00281252953933531,34
7,0,31,10,7.5,66,0.0207993833951626,34
8,0,31,9,7.5,64.5,-0.0155178286993757,34
9,0,32,9,11,64.5,0.0681730997129572,34
10,1,32,8,11,61.5,-0.00446132447611958,34
11,0,32,8,11,61.5,-0.00446132447611958,34
12,0,32,8,11,61.5,-0.00446132447611958,34
13,0,32,8,11,61.5,-0.00446132447611958,34
14,1,33,7,15.5,53.5,-0.0905505000692294,34
15,1,33,7,15.5,53.5,-0.0905505000692294,34
16,1,33,7,15.5,53.5,-0.0905505000692294,34
17,0,33,7,15.5,53.5,-0.0905505000692294,34
18,0,34,7,18,53.5,-0.0307712654889916,34
19,0,35,7,20,53.5,0.0170521221751986,34
20,0,35,7,20,53.5,0.0170521221751986,34
21,0,35,7,20,53.5,0.0170521221751986,34
22,0,36,7,22,53.5,0.0648755098393889,34
23,0,37,7,25.5,53.5,0.148566438251722,34
24,0,37,7,25.5,53.5,0.148566438251722,34
25,0,37,7,25.5,53.5,0.148566438251722,34
26,1,37,6,25.5,39.5,-0.19039420796397,34
27,1,37,6,25.5,39.5,-0.19039420796397,34
28,1,37,6,25.5,39.5,-0.19039420796397,34
29,1,38,6,29.5,39.5,-0.0947474326355891,34
30,1,38,6,29.5,39.5,-0.0947474326355891,34
31,0,39,6,32,39.5,-0.0349681980553513,34
32,0,39,6,32,39.5,-0.0349681980553513,34
33,0,39,6,32,39.5,-0.0349681980553513,34
34,1,40,6,35,39.5,0.036766883440934,34
35,0,40,6,35,39.5,0.036766883440934,34
36,0,40,6,35,39.5,0.036766883440934,34
37,0,41,6,37.5,39.5,0.0965461180211718,34
38,0,41,6,37.5,39.5,0.0965461180211718,34
39,0,42,6,40.5,39.5,0.168281199517457,34
40,0,42,6,40.5,39.5,0.168281199517457,34
41,0,42,6,40.5,39.5,0.168281199517457,34
42,1,42,5,40.5,26.5,-0.146467971968542,34
43,0,43,5,43.5,26.5,-0.0747328904722566,34
44,0,43,5,43.5,26.5,-0.0747328904722566,34
45,0,44,5,45,26.5,-0.0388653497241139,34
46,0,45,5,46.5,26.5,-0.00299780897597121,34
47,0,45,5,46.5,26.5,-0.00299780897597121,34
48,0,46,5,48.5,26.5,0.044825578688219,34
49,0,46,5,48.5,26.5,0.044825578688219,34
50,0,47,5,50.5,26.5,0.0926489663524092,34
51,0,47,5,50.5,26.5,0.0926489663524092,34
52,1,49,4,52.5,14.5,-0.150065342739707,34
53,1,49,4,52.5,14.5,-0.150065342739707,34
54,1,50,4,54,14.5,-0.114197801991565,34
55,0,51,4,56,14.5,-0.0663744143273745,34
56,0,51,4,56,14.5,-0.0663744143273745,34
57,0,51,4,56,14.5,-0.0663744143273745,34
58,0,52,4,59,14.5,0.00536066716891093,34
59,0,52,4,59,14.5,0.00536066716891093,34
60,0,52,4,59,14.5,0.00536066716891093,34
61,0,53,4,61,14.5,0.0531840548331012,34
62,0,56,4,62.5,14.5,0.0890515955812438,34
63,0,56,4,62.5,14.5,0.0890515955812438,34
64,0,59,4,64.5,14.5,0.136874983245434,34
65,0,59,4,64.5,14.5,0.136874983245434,34
66,0,60,3,66,4.5,-0.0693722233033457,34
67,0,66,3,67.5,4.5,-0.033504682555203,34
68,0,66,3,67.5,4.5,-0.033504682555203,34
69,0,67,3,69,4.5,0.00236285819293969,34
70,0,69,3,70.5,4.5,0.0382303989410824,34
71,0,69,3,70.5,4.5,0.0382303989410824,34
72,0,83,2,72,1,-0.0106422218646978,34
1,1,34,1,1.5,1,-1.78731156883278,35
2,1,34,2,1.5,28.5,-1.42759112699446,35
3,1,35,2,4,28.5,-1.39758977417569,35
4,1,35,2,4,28.5,-1.39758977417569,35
5,1,35,2,4,28.5,-1.39758977417569,35
6,1,36,2,7,28.5,-1.36158815079316,35
7,1,36,2,7,28.5,-1.36158815079316,35
8,1,36,2,7,28.5,-1.36158815079316,35
9,1,37,2,10.5,28.5,-1.31958625684688,35
10,1,37,2,10.5,28.5,-1.31958625684688,35
11,1,37,2,10.5,28.5,-1.31958625684688,35
12,1,37,2,10.5,28.5,-1.31958625684688,35
13,1,38,2,14,28.5,-1.2775843629006,35
14,1,38,2,14,28.5,-1.2775843629006,35
15,1,38,2,14,28.5,-1.2775843629006,35
16,1,39,2,17,28.5,-1.24158273951807,35
17,1,39,2,17,28.5,-1.24158273951807,35
18,1,39,2,17,28.5,-1.24158273951807,35
19,1,40,2,21,28.5,-1.19358057500803,35
20,0,40,2,21,28.5,-1.19358057500803,35
21,1,40,2,21,28.5,-1.19358057500803,35
22,1,40,2,21,28.5,-1.19358057500803,35
23,1,40,2,21,28.5,-1.19358057500803,35
24,0,41,2,27,28.5,-1.12157732824298,35
25,0,41,2,27,28.5,-1.12157732824298,35
26,0,41,2,27,28.5,-1.12157732824298,35
27,0,41,2,27,28.5,-1.12157732824298,35
28,0,41,2,27,28.5,-1.12157732824298,35
29,0,41,2,27,28.5,-1.12157732824298,35
30,0,41,2,27,28.5,-1.12157732824298,35
31,0,42,2,33.5,28.5,-1.04357381091417,35
32,0,42,2,33.5,28.5,-1.04357381091417,35
33,0,42,2,33.5,28.5,-1.04357381091417,35
34,0,42,2,33.5,28.5,-1.04357381091417,35
35,0,42,2,33.5,28.5,-1.04357381091417,35
36,0,42,2,33.5,28.5,-1.04357381091417,35
37,0,43,2,38.5,28.5,-0.983571105276622,35
38,0,43,2,38.5,28.5,-0.983571105276622,35
39,0,43,2,38.5,28.5,-0.983571105276622,35
40,0,43,2,38.5,28.5,-0.983571105276622,35
41,0,44,2,44.5,28.5,-0.911567858511566,35
42,0,44,2,44.5,28.5,-0.911567858511566,35
43,0,44,2,44.5,28.5,-0.911567858511566,35
44,0,44,2,44.5,28.5,-0.911567858511566,35
45,0,44,2,44.5,28.5,-0.911567858511566,35
46,0,44,2,44.5,28.5,-0.911567858511566,35
47,0,44,2,44.5,28.5,-0.911567858511566,35
48,0,44,2,44.5,28.5,-0.911567858511566,35
49,0,45,2,53.5,28.5,-0.803562988363983,35
50,0,45,2,53.5,28.5,-0.803562988363983,35
51,0,45,2,53.5,28.5,-0.803562988363983,35
52,0,45,2,53.5,28.5,-0.803562988363983,35
53,0,45,2,53.5,28.5,-0.803562988363983,35
54,0,45,2,53.5,28.5,-0.803562988363983,35
55,0,45,2,53.5,28.5,-0.803562988363983,35
56,0,45,3,53.5,89.5,-0.00563764464989835,35
57,0,45,3,53.5,89.5,-0.00563764464989835,35
58,0,45,3,53.5,89.5,-0.00563764464989835,35
59,0,46,3,63,89.5,0.10836749606144,35
60,0,46,3,63,89.5,0.10836749606144,35
61,0,46,3,63,89.5,0.10836749606144,35
62,0,46,3,63,89.5,0.10836749606144,35
63,0,46,3,63,89.5,0.10836749606144,35
64,0,46,3,63,89.5,0.10836749606144,35
65,0,46,3,63,89.5,0.10836749606144,35
66,0,46,3,63,89.5,0.10836749606144,35
67,0,46,3,63,89.5,0.10836749606144,35
68,0,47,3,72,89.5,0.216372366209023,35
69,0,47,3,72,89.5,0.216372366209023,35
70,0,47,3,72,89.5,0.216372366209023,35
71,0,47,3,72,89.5,0.216372366209023,35
72,0,47,3,72,89.5,0.216372366209023,35
73,0,47,3,72,89.5,0.216372366209023,35
74,0,47,3,72,89.5,0.216372366209023,35
75,0,47,3,72,89.5,0.216372366209023,35
76,0,47,3,72,89.5,0.216372366209023,35
77,0,48,3,80.5,89.5,0.318376965792852,35
78,0,48,3,80.5,89.5,0.318376965792852,35
79,1,48,3,80.5,89.5,0.318376965792852,35
80,0,48,3,80.5,89.5,0.318376965792852,35
81,0,48,3,80.5,89.5,0.318376965792852,35
82,0,48,3,80.5,89.5,0.318376965792852,35
83,0,48,3,80.5,89.5,0.318376965792852,35
84,1,48,3,80.5,89.5,0.318376965792852,35
85,0,49,3,89.5,89.5,0.426381835940435,35
86,0,49,3,89.5,89.5,0.426381835940435,35
87,0,49,3,89.5,89.5,0.426381835940435,35
88,0,49,3,89.5,89.5,0.426381835940435,35
89,0,49,3,89.5,89.5,0.426381835940435,35
90,0,49,3,89.5,89.5,0.426381835940435,35
91,0,49,3,89.5,89.5,0.426381835940435,35
92,0,49,3,89.5,89.5,0.426381835940435,35
93,0,49,3,89.5,89.5,0.426381835940435,35
94,0,49,3,89.5,89.5,0.426381835940435,35
95,0,50,3,97,89.5,0.516385894396755,35
96,0,50,3,97,89.5,0.516385894396755,35
97,1,50,3,97,89.5,0.516385894396755,35
98,0,50,3,97,89.5,0.516385894396755,35
99,0,50,3,97,89.5,0.516385894396755,35
100,0,51,3,103,89.5,0.58838914116181,35
101,1,51,3,103,89.5,0.58838914116181,35
102,0,51,3,103,89.5,0.58838914116181,35
103,1,51,3,103,89.5,0.58838914116181,35
104,0,51,3,103,89.5,0.58838914116181,35
105,0,51,3,103,89.5,0.58838914116181,35
106,0,51,3,103,89.5,0.58838914116181,35
107,1,52,3,110,89.5,0.672392929054375,35
108,1,52,3,110,89.5,0.672392929054375,35
109,0,52,3,110,89.5,0.672392929054375,35
110,0,52,3,110,89.5,0.672392929054375,35
111,0,52,3,110,89.5,0.672392929054375,35
112,0,52,3,110,89.5,0.672392929054375,35
113,0,52,3,110,89.5,0.672392929054375,35
114,0,53,3,116.5,89.5,0.750396446383185,35
115,0,53,3,116.5,89.5,0.750396446383185,35
116,0,53,3,116.5,89.5,0.750396446383185,35
117,0,53,3,116.5,89.5,0.750396446383185,35
118,0,53,3,116.5,89.5,0.750396446383185,35
119,0,53,3,116.5,89.5,0.750396446383185,35
120,0,54,3,123.5,89.5,0.83440023427575,35
121,0,54,3,123.5,89.5,0.83440023427575,35
122,0,54,3,123.5,89.5,0.83440023427575,35
123,0,54,3,123.5,89.5,0.83440023427575,35
124,0,54,4,123.5,133,1.40341256954727,35
125,1,54,4,123.5,133,1.40341256954727,35
126,1,54,4,123.5,133,1.40341256954727,35
127,0,54,4,123.5,133,1.40341256954727,35
128,0,55,4,129,133,1.46941554574857,35
129,1,55,4,129,133,1.46941554574857,35
130,0,55,4,129,133,1.46941554574857,35
131,0,56,4,132.5,133,1.51141743969485,35
132,0,56,4,132.5,133,1.51141743969485,35
133,0,56,4,132.5,133,1.51141743969485,35
134,0,56,4,132.5,133,1.51141743969485,35
135,0,58,4,135.5,133,1.54741906307738,35
136,0,58,4,135.5,133,1.54741906307738,35
137,0,59,4,138,133,1.57742041589615,35
138,0,59,4,138,133,1.57742041589615,35
139,0,59,4,138,133,1.57742041589615,35
140,0,61,4,140.5,133,1.60742176871493,35
141,0,61,4,140.5,133,1.60742176871493,35
142,0,62,4,142,133,1.62542258040619,35
143,0,70,5,143,143.5,1.77477092659924,35
144,0,72,5,144,143.5,1.78677146772675,35
1,0,28,6,1,36,0.0850855591859457,36
2,0,29,5,2,34,0.0278913750972333,36
3,1,32,5,3,34,0.0753614952789806,36
4,1,36,5,4,34,0.122831615460728,36
5,0,43,4,5,25,-0.300687633574594,36
6,0,45,4,6,25,-0.253217513392847,36
7,0,46,4,7,25,-0.2057473932111,36
8,1,48,4,8,25,-0.158277273029352,36
9,1,53,4,9,25,-0.110807152847605,36
10,0,56,4,10,25,-0.0633370326658576,36
11,0,66,4,11,25,-0.0158669124841103,36
12,1,68,4,12.5,25,0.0553382677885107,36
13,0,68,4,12.5,25,0.0553382677885107,36
14,0,72,4,14.5,25,0.150278508152005,36
15,0,72,4,14.5,25,0.150278508152005,36
16,0,75,4,16,25,0.221483688424626,36
17,0,77,4,17,25,0.268953808606374,36
18,1,80,4,18,25,0.316423928788121,36
19,1,81,4,19,25,0.363894048969868,36
20,0,82,3,20,9,-0.425950265012063,36
21,0,87,3,21,9,-0.378480144830316,36
22,1,91,3,22,9,-0.331010024648569,36
23,1,97,3,23,9,-0.283539904466821,36
24,0,99,3,24,9,-0.236069784285074,36
25,0,101,3,25.5,9,-0.164864604012453,36
26,0,101,3,25.5,9,-0.164864604012453,36
27,1,106,3,27,9,-0.0936594237398322,36
28,0,118,3,28.5,9,-0.0224542434672112,36
29,0,118,3,28.5,9,-0.0224542434672112,36
30,0,121,3,30,9,0.0487509368054098,36
31,0,133,3,31,9,0.0962210569871571,36
32,0,160,3,32,9,0.143691177168904,36
33,1,173,3,33,9,0.191161297350652,36
34,1,185,3,34,9,0.238631417532399,36
35,1,291,3,35,9,0.286101537714146,36
36,1,305,3,36,9,0.333571657895894,36
1,0,78,3,1,2.5,-1.64711673501186,37
2,0,118,3,2,2.5,-1.59965272620705,37
3,0,120,3,3,2.5,-1.55218871740225,37
4,0,147,3,4,2.5,-1.50472470859744,37
5,0,161,4,5,13,-0.92143481855881,37
6,1,167,4,6,13,-0.873970809754002,37
7,0,178,4,7,13,-0.826506800949194,37
8,0,179,4,8,13,-0.779042792144387,37
9,0,180,4,9,13,-0.731578783339579,37
10,0,192,4,10,13,-0.684114774534771,37
11,0,201,4,11,13,-0.636650765729964,37
12,0,214,4,12.5,13,-0.565454752522752,37
13,0,214,4,12.5,13,-0.565454752522752,37
14,0,227,4,14,13,-0.494258739315541,37
15,0,247,4,15,13,-0.446794730510733,37
16,0,251,4,16,13,-0.399330721705925,37
17,1,257,4,17,13,-0.351866712901117,37
18,0,309,4,18,13,-0.30440270409631,37
19,0,311,4,19,13,-0.256938695291502,37
20,0,317,4,20,13,-0.209474686486694,37
21,0,327,4,21,13,-0.162010677681887,37
22,0,366,5,22.5,27,0.623619843837085,37
23,0,366,5,22.5,27,0.623619843837085,37
24,0,380,5,24,27,0.694815857044297,37
25,0,400,5,25,27,0.742279865849105,37
26,1,425,5,26,27,0.789743874653912,37
27,1,441,5,27,27,0.83720788345872,37
28,1,455,5,28,27,0.884671892263528,37
29,1,612,5,29,27,0.932135901068335,37
30,1,620,5,30,27,0.979599909873143,37
31,1,642,5,31,27,1.02706391867795,37
32,1,702,5,32,27,1.07452792748276,37
33,1,798,6,33,34,1.47920919044345,37
34,1,1055,6,34,34,1.52667319924825,37
35,1,1271,6,35,34,1.57413720805306,37
36,1,1649,7,36,36,1.72366328947384,37
1,0,35,5,1,11.5,-0.885662703199645,38
2,0,38,7,2,20.5,-0.16569617495197,38
3,0,50,3,3,2,-1.42947296592709,38
4,0,52,7,4.5,20.5,0.0111574299394719,38
5,0,52,7,4.5,20.5,0.0111574299394719,38
6,0,55,2,6,1,-1.28938476075637,38
7,1,62,8,7,23,0.368351336578441,38
8,0,64,4,8,5.5,-0.823289333697672,38
9,0,68,5,9,11.5,-0.31973116754703,38
10,1,71,4,10,5.5,-0.681806449784518,38
11,0,78,6,11,16.5,0.182432319861178,38
12,0,79,5,12,11.5,-0.107506841677299,38
13,1,81,7,13,20.5,0.612459686570375,38
14,0,82,4,14,5.5,-0.398840681958211,38
15,1,88,6,15.5,16.5,0.500768808665774,38
16,0,88,4,15.5,5.5,-0.292728519023345,38
17,1,104,6,17,16.5,0.606880971600639,38
18,1,113,6,18,16.5,0.677622413557216,38
19,1,115,5,19,11.5,0.387683252018739,38
20,1,120,5,20,11.5,0.458424693975316,38
21,1,122,5,21,11.5,0.529166135931893,38
22,1,133,11,22,24,1.50160908662611,38
23,1,140,4,23,5.5,0.237832295650981,38
24,1,148,4,24,5.5,0.308573737607558,38
1,0,51,16,1,36,0.00692917243075764,39
2,0,65,13,2,35,0.00653321972042864,39
3,1,87,11,3.5,34,0.0298692714125035,39
4,0,87,10,3.5,33,-0.0179906901026332,39
5,0,92,9,5.5,32,0.0290773659918454,39
6,0,92,8,5.5,30.5,-0.0427125762808597,39
7,0,104,8,7,30.5,0.0284834369263519,39
8,0,105,7,8,28,-0.0437024580566821,39
9,0,109,7,9,28,0.00376155074812556,39
10,0,113,7,10,28,0.0512255595529333,39
11,0,134,6,11,24,-0.0927502777028059,39
12,0,160,6,12,24,-0.0452862688979982,39
13,0,161,6,13,24,0.00217773990680953,39
14,0,163,6,14,24,0.0496417487116172,39
15,0,165,6,15,24,0.0971057575164249,39
16,0,176,5,16,19.5,-0.0708000604968826,39
17,0,182,5,17,19.5,-0.0233360516920748,39
18,0,199,5,18,19.5,0.0241279571127329,39
19,0,200,5,19,19.5,0.0715919659175406,39
20,0,210,4,20,16,-0.0484538905806302,39
21,0,214,4,21,16,-0.000989881775822501,39
22,0,217,4,22,16,0.0464741270289852,39
23,0,219,3,23,11.5,-0.121431690984322,39
24,0,239,3,24,11.5,-0.0739676821795146,39
25,1,250,3,25,11.5,-0.0265036733747069,39
26,1,269,3,26,11.5,0.0209603354301008,39
27,0,272,3,27,11.5,0.0684243442349085,39
28,0,298,3,28,11.5,0.115888353039716,39
29,0,413,2,29,5,-0.147737388003865,39
30,0,423,2,30,5,-0.100273379199057,39
31,0,443,2,31,5,-0.0528093703942493,39
32,0,454,2,32,5,-0.00534536158944154,39
33,0,528,2,33,5,0.0421186472153661,39
34,0,553,2,34,5,0.0895826560201738,39
35,1,664,2,35,5,0.137046664824982,39
36,0,761,1,36,1,-0.00692917243075764,39
1,0,140,1,1,30.5,-1.385970242283,40
2,0,150,1,2,30.5,-1.37398273229432,40
3,0,154,1,3,30.5,-1.36199522230564,40
4,0,156,1,4.5,30.5,-1.34401395732261,40
5,1,156,1,4.5,30.5,-1.34401395732261,40
6,0,165,1,6,30.5,-1.32603269233959,40
7,1,166,1,7,30.5,-1.3140451823509,40
8,0,169,1,8,30.5,-1.30205767236222,40
9,0,177,1,9,30.5,-1.29007016237354,40
10,1,178,1,10,30.5,-1.27808265238485,40
11,1,181,1,11,30.5,-1.26609514239617,40
12,0,183,1,12.5,30.5,-1.24811387741315,40
13,1,183,1,12.5,30.5,-1.24811387741315,40
14,0,185,1,15,30.5,-1.21814510244144,40
15,1,185,1,15,30.5,-1.21814510244144,40
16,0,185,1,15,30.5,-1.21814510244144,40
17,0,186,1,17,30.5,-1.19417008246407,40
18,0,187,1,18,30.5,-1.18218257247539,40
19,0,188,1,19,30.5,-1.1701950624867,40
20,1,189,1,20,30.5,-1.15820755249802,40
21,0,190,1,21,30.5,-1.14622004250934,40
22,0,192,1,22,30.5,-1.13423253252065,40
23,0,194,1,24,30.5,-1.11025751254329,40
24,1,194,1,24,30.5,-1.11025751254329,40
25,0,194,1,24,30.5,-1.11025751254329,40
26,0,195,1,26.5,30.5,-1.08028873757158,40
27,0,195,1,26.5,30.5,-1.08028873757158,40
28,1,196,1,28,30.5,-1.06230747258855,40
29,0,200,1,29,30.5,-1.05031996259987,40
30,0,201,1,30,30.5,-1.03833245261119,40
31,1,203,1,31,30.5,-1.0263449426225,40
32,0,204,1,32,30.5,-1.01435743263382,40
33,0,207,1,33.5,30.5,-0.996376167650796,40
34,0,207,1,33.5,30.5,-0.996376167650796,40
35,0,208,1,35.5,30.5,-0.97240114767343,40
36,0,208,1,35.5,30.5,-0.97240114767343,40
37,1,209,1,37,30.5,-0.954419882690405,40
38,1,210,1,39.5,30.5,-0.924451107718697,40
39,0,210,1,39.5,30.5,-0.924451107718697,40
40,0,210,1,39.5,30.5,-0.924451107718697,40
41,0,210,1,39.5,30.5,-0.924451107718697,40
42,1,212,1,42.5,30.5,-0.888488577752647,40
43,0,212,1,42.5,30.5,-0.888488577752647,40
44,0,213,1,44,30.5,-0.870507312769622,40
45,0,214,1,45,30.5,-0.858519802780938,40
46,1,216,1,46.5,30.5,-0.840538537797913,40
47,0,216,1,46.5,30.5,-0.840538537797913,40
48,0,220,1,49,30.5,-0.810569762826205,40
49,0,220,1,49,30.5,-0.810569762826205,40
50,0,220,1,49,30.5,-0.810569762826205,40
51,0,221,1,52,30.5,-0.774607232860155,40
52,0,221,1,52,30.5,-0.774607232860155,40
53,0,221,1,52,30.5,-0.774607232860155,40
54,1,224,1,54,30.5,-0.750632212882789,40
55,0,225,1,55.5,30.5,-0.732650947899764,40
56,1,225,1,55.5,30.5,-0.732650947899764,40
57,0,226,1,57.5,30.5,-0.708675927922397,40
58,0,226,1,57.5,30.5,-0.708675927922397,40
59,1,227,1,60,30.5,-0.678707152950689,40
60,0,227,1,60,30.5,-0.678707152950689,40
61,1,227,2,60,79,-0.0679959865823757,40
62,0,228,2,62,79,-0.0440209666050091,40
63,0,230,2,64,79,-0.0200459466276424,40
64,1,230,2,64,79,-0.0200459466276424,40
65,0,230,2,64,79,-0.0200459466276424,40
66,0,231,2,66,79,0.00392907334972417,40
67,0,232,2,67.5,79,0.0219103383327491,40
68,0,232,2,67.5,79,0.0219103383327491,40
69,1,233,2,69,79,0.0398916033157741,40
70,1,234,2,70,79,0.0518791133044574,40
71,0,235,2,71,79,0.0638666232931407,40
72,0,239,2,72,79,0.075854133281824,40
73,0,240,2,73,79,0.0878416432705073,40
74,1,241,2,74.5,79,0.105822908253532,40
75,1,241,2,74.5,79,0.105822908253532,40
76,0,242,2,76.5,79,0.129797928230899,40
77,0,242,2,76.5,79,0.129797928230899,40
78,0,243,2,78,79,0.147779193213924,40
79,0,244,2,79.5,79,0.165760458196949,40
80,1,244,2,79.5,79,0.165760458196949,40
81,0,245,2,81.5,79,0.189735478174315,40
82,0,245,2,81.5,79,0.189735478174315,40
83,0,246,2,83.5,79,0.213710498151682,40
84,0,246,2,83.5,79,0.213710498151682,40
85,0,248,2,86.5,79,0.249673028117732,40
86,1,248,2,86.5,79,0.249673028117732,40
87,1,248,2,86.5,79,0.249673028117732,40
88,0,248,2,86.5,79,0.249673028117732,40
89,0,250,2,89,79,0.27964180308944,40
90,0,251,2,90,79,0.291629313078124,40
91,0,252,2,91,79,0.303616823066807,40
92,1,255,2,92,79,0.31560433305549,40
93,0,257,2,93.5,79,0.333585598038515,40
94,0,257,2,93.5,79,0.333585598038515,40
95,0,260,2,95.5,79,0.357560618015882,40
96,0,260,2,95.5,79,0.357560618015882,40
97,0,261,2,97,79,0.375541882998907,40
98,0,262,3,98,109,0.765288877339124,40
99,0,263,3,99,109,0.777276387327807,40
100,0,266,3,100.5,109,0.795257652310832,40
101,0,266,3,100.5,109,0.795257652310832,40
102,0,268,3,102.5,109,0.819232672288199,40
103,1,268,3,102.5,109,0.819232672288199,40
104,1,269,3,104,109,0.837213937271224,40
105,0,270,3,105,109,0.849201447259907,40
106,0,271,3,106.5,109,0.867182712242932,40
107,0,271,3,106.5,109,0.867182712242932,40
108,0,272,3,108,109,0.885163977225957,40
109,0,273,3,109,109,0.89715148721464,40
110,0,274,3,110,109,0.909138997203323,40
111,1,278,3,111,109,0.921126507192007,40
112,1,279,3,112,109,0.93311401718069,40
113,0,280,3,114.5,109,0.963082792152398,40
114,0,280,3,114.5,109,0.963082792152398,40
115,0,280,3,114.5,109,0.963082792152398,40
116,1,280,3,114.5,109,0.963082792152398,40
117,0,282,3,117.5,109,0.999045322118448,40
118,0,282,3,117.5,109,0.999045322118448,40
119,0,283,3,119,109,1.01702658710147,40
120,0,284,3,120,109,1.02901409709016,40
121,0,286,4,121,125.5,1.24876932347218,40
122,0,288,4,122,125.5,1.26075683346087,40
123,1,289,4,123,125.5,1.27274434344955,40
124,0,291,4,124,125.5,1.28473185343823,40
125,0,295,4,125,125.5,1.29671936342692,40
126,0,302,4,126,125.5,1.3087068734156,40
127,0,303,4,127,125.5,1.32069438340428,40
128,0,306,4,128,125.5,1.33268189339297,40
129,0,309,4,129.5,125.5,1.35066315837599,40
130,0,309,4,129.5,125.5,1.35066315837599,40
131,1,312,5,131,134.5,1.48197226866448,40
132,1,314,5,132,134.5,1.49395977865316,40
133,1,316,5,133,134.5,1.50594728864184,40
134,1,317,5,134,134.5,1.51793479863053,40
135,0,318,5,135,134.5,1.52992230861921,40
136,1,320,5,136.5,134.5,1.54790357360223,40
137,0,320,5,136.5,134.5,1.54790357360223,40
138,0,323,5,138,134.5,1.56588483858526,40
139,0,325,6,139,139,1.63453627122667,40
140,1,338,7,140,140.5,1.66541175543293,40
141,0,350,7,141,140.5,1.67739926542162,40
142,0,355,8,142,142.5,1.71457074103374,40
143,1,415,8,143,142.5,1.72655825102242,40
144,0,479,9,144,144,1.75743373522868,40
1,1,147,5,1,1,-1.63586775122368,41
2,1,208,6,2,2.5,-1.45786441769453,41
3,0,235,6,3,2.5,-1.38712297573796,41
4,0,237,7,4,5,-1.13761171449376,41
5,1,261,7,5,5,-1.06687027253718,41
6,0,290,7,6,5,-0.996128830580608,41
7,0,293,8,7.5,9,-0.603984956785551,41
8,0,293,8,7.5,9,-0.603984956785551,41
9,0,313,8,9,9,-0.497872793850686,41
10,0,316,8,10,9,-0.427131351894109,41
11,1,322,8,11,9,-0.356389909937532,41
12,0,325,9,12,13,0.000383242879235419,41
13,0,326,9,13,13,0.0711246848358123,41
14,0,340,9,14,13,0.141866126792389,41
15,0,382,10,15,17,0.498639279609157,41
16,0,384,10,16.5,17,0.604751442544022,41
17,0,384,10,16.5,17,0.604751442544022,41
18,0,457,10,18,17,0.710863605478887,41
19,1,468,10,19,17,0.781605047435464,41
20,0,498,11,20,20.5,1.10262423639471,41
21,0,524,11,21,20.5,1.17336567835129,41
22,0,542,12,22,22.5,1.38712297573796,41
23,0,608,12,23,22.5,1.45786441769453,41
24,0,909,13,24,24,1.63586775122368,41
1,0,20,7,1,72,0.0526344450081622,42
2,0,21,6,2,70.5,0.0384601878733674,42
3,0,25,6,3,70.5,0.0623607208746616,42
4,0,27,5,6,68,0.0706043363183958,42
5,0,27,5,6,68,0.0706043363183958,42
6,1,27,5,6,68,0.0706043363183958,42
7,0,27,4,6,62.5,-0.0690032275139305,42
8,0,27,4,6,62.5,-0.0690032275139305,42
9,1,30,4,9,62.5,0.00269837148995211,42
10,0,33,4,10,62.5,0.0265989044912464,42
11,1,34,4,11,62.5,0.0504994374925405,42
12,0,35,4,12,62.5,0.0743999704938347,42
13,0,37,4,13,62.5,0.098300503495129,42
14,0,39,4,14,62.5,0.122201036496423,42
15,1,40,3,15,55,-0.0442723811827276,42
16,0,42,3,16.5,55,-0.00842158168078638,42
17,0,42,3,16.5,55,-0.00842158168078638,42
18,1,45,3,18.5,55,0.039379484321802,42
19,1,45,3,18.5,55,0.039379484321802,42
20,1,46,3,20.5,55,0.0871805503243904,42
21,0,46,3,20.5,55,0.0871805503243904,42
22,0,47,2,23,42.5,-0.170358034973116,42
23,0,47,2,23,42.5,-0.170358034973116,42
24,0,47,2,23,42.5,-0.170358034973116,42
25,1,48,2,25.5,42.5,-0.11060670246988,42
26,0,48,2,25.5,42.5,-0.11060670246988,42
27,1,49,2,27,42.5,-0.0747559029679389,42
28,0,50,2,29,42.5,-0.0269548369653505,42
29,0,50,2,29,42.5,-0.0269548369653505,42
30,1,50,2,29,42.5,-0.0269548369653505,42
31,1,51,2,31,42.5,0.0208462290372379,42
32,0,52,2,32,42.5,0.0447467620385321,42
33,1,53,2,33,42.5,0.0686472950398263,42
34,1,56,2,34,42.5,0.0925478280411205,42
35,0,57,2,36,42.5,0.140348894043709,42
36,1,57,2,36,42.5,0.140348894043709,42
37,1,57,2,36,42.5,0.140348894043709,42
38,0,59,2,38.5,42.5,0.200100226546944,42
39,0,59,2,38.5,42.5,0.200100226546944,42
40,1,61,1,40,17,-0.411320406264627,42
41,1,63,1,42,17,-0.363519340262039,42
42,1,63,1,42,17,-0.363519340262039,42
43,1,63,1,42,17,-0.363519340262039,42
44,0,64,1,44,17,-0.31571827425945,42
45,0,65,1,45.5,17,-0.279867474757509,42
46,0,65,1,45.5,17,-0.279867474757509,42
47,1,67,1,47.5,17,-0.232066408754921,42
48,1,67,1,47.5,17,-0.232066408754921,42
49,0,71,1,49.5,17,-0.184265342752332,42
50,0,71,1,49.5,17,-0.184265342752332,42
51,1,72,1,51,17,-0.148414543250391,42
52,0,74,1,52,17,-0.124514010249097,42
53,1,76,1,53,17,-0.100613477247803,42
54,0,77,1,54,17,-0.0767129442465084,42
55,1,80,1,56,17,-0.0289118782439201,42
56,0,80,1,56,17,-0.0289118782439201,42
57,1,80,1,56,17,-0.0289118782439201,42
58,0,81,1,58,17,0.0188891877586683,42
59,0,83,1,59,17,0.0427897207599626,42
60,0,86,1,60,17,0.0666902537612567,42
61,0,88,1,61,17,0.0905907867625509,42
62,1,92,1,62.5,17,0.126441586264492,42
63,0,92,1,62.5,17,0.126441586264492,42
64,1,95,1,64,17,0.162292385766434,42
65,0,100,1,65,17,0.186192918767728,42
66,0,104,1,66,17,0.210093451769022,42
67,1,114,1,67.5,17,0.245944251270963,42
68,0,114,1,67.5,17,0.245944251270963,42
69,0,119,1,69,17,0.281795050772905,42
70,1,127,1,70,17,0.305695583774199,42
71,0,138,1,71,17,0.329596116775493,42
72,1,166,1,72,17,0.353496649776787,42
1,0,65,9,10.5,35,-0.750372319196621,43
2,0,65,8,10.5,8,-1.46314077336526,43
3,0,65,9,10.5,35,-0.750372319196621,43
4,0,65,9,10.5,35,-0.750372319196621,43
5,0,65,9,10.5,35,-0.750372319196621,43
6,0,65,8,10.5,8,-1.46314077336526,43
7,0,65,10,10.5,63,-0.0112050333921071,43
8,0,65,8,10.5,8,-1.46314077336526,43
9,0,65,8,10.5,8,-1.46314077336526,43
10,0,65,10,10.5,63,-0.0112050333921071,43
11,1,65,8,10.5,8,-1.46314077336526,43
12,1,65,10,10.5,63,-0.0112050333921071,43
13,0,65,9,10.5,35,-0.750372319196621,43
14,0,65,10,10.5,63,-0.0112050333921071,43
15,1,65,10,10.5,63,-0.0112050333921071,43
16,1,65,10,10.5,63,-0.0112050333921071,43
17,1,65,9,10.5,35,-0.750372319196621,43
18,0,65,9,10.5,35,-0.750372319196621,43
19,0,65,9,10.5,35,-0.750372319196621,43
20,0,65,9,10.5,35,-0.750372319196621,43
21,0,66,9,42,35,0.110757806184088,43
22,0,66,9,42,35,0.110757806184088,43
23,0,66,8,42,8,-0.60201064798455,43
24,0,66,9,42,35,0.110757806184088,43
25,0,66,9,42,35,0.110757806184088,43
26,0,66,8,42,8,-0.60201064798455,43
27,0,66,9,42,35,0.110757806184088,43
28,0,66,9,42,35,0.110757806184088,43
29,0,66,9,42,35,0.110757806184088,43
30,1,66,9,42,35,0.110757806184088,43
31,1,66,9,42,35,0.110757806184088,43
32,0,66,9,42,35,0.110757806184088,43
33,0,66,9,42,35,0.110757806184088,43
34,1,66,11,42,72,1.08751457671148,43
35,0,66,9,42,35,0.110757806184088,43
36,1,66,10,42,63,0.849925091988602,43
37,1,66,9,42,35,0.110757806184088,43
38,1,66,10,42,63,0.849925091988602,43
39,0,66,9,42,35,0.110757806184088,43
40,0,66,9,42,35,0.110757806184088,43
41,1,66,9,42,35,0.110757806184088,43
42,1,66,10,42,63,0.849925091988602,43
43,1,66,10,42,63,0.849925091988602,43
44,0,66,9,42,35,0.110757806184088,43
45,1,66,10,42,63,0.849925091988602,43
46,1,66,9,42,35,0.110757806184088,43
47,0,66,9,42,35,0.110757806184088,43
48,0,66,8,42,8,-0.60201064798455,43
49,1,66,9,42,35,0.110757806184088,43
50,0,66,9,42,35,0.110757806184088,43
51,0,66,9,42,35,0.110757806184088,43
52,0,66,8,42,8,-0.60201064798455,43
53,1,66,10,42,63,0.849925091988602,43
54,0,66,8,42,8,-0.60201064798455,43
55,1,66,9,42,35,0.110757806184088,43
56,0,66,9,42,35,0.110757806184088,43
57,0,66,9,42,35,0.110757806184088,43
58,1,66,10,42,63,0.849925091988602,43
59,0,66,9,42,35,0.110757806184088,43
60,1,66,10,42,63,0.849925091988602,43
61,1,66,10,42,63,0.849925091988602,43
62,0,66,9,42,35,0.110757806184088,43
63,0,66,9,42,35,0.110757806184088,43
64,0,67,8,68,8,0.108763423758258,43
65,1,67,10,68,63,1.56069916373141,43
66,1,67,10,68,63,1.56069916373141,43
67,0,67,8,68,8,0.108763423758258,43
68,0,67,8,68,8,0.108763423758258,43
69,1,67,9,68,35,0.821531877926896,43
70,0,67,8,68,8,0.108763423758258,43
71,0,67,8,68,8,0.108763423758258,43
72,1,67,9,68,35,0.821531877926896,43
1,0,185,4,1,4.5,-1.3846013697931,44
2,0,213,5,2,8,-1.06389069167445,44
3,0,236,5,3,8,-0.993180013555792,44
4,0,252,8,4,17,-0.279612192579994,44
5,1,256,10,5,21.5,0.112527056967232,44
6,1,288,8,6,17,-0.138190836342684,44
7,0,299,14,7,23,0.361091270347399,44
8,0,301,7,8,12.5,-0.318198051533946,44
9,1,320,3,9,1.5,-1.03320165912958,44
10,0,332,7,10,12.5,-0.176776695296637,44
11,1,346,7,11,12.5,-0.106066017177982,44
12,0,356,8,12,17,0.286073232369244,44
13,1,413,4,13,4.5,-0.536073232369244,44
14,0,472,15,14,24,0.927494588606554,44
15,0,480,4,15,4.5,-0.394651876131935,44
16,0,487,8,16,17,0.568915944843863,44
17,0,501,6,17,10,0.139626622962518,44
18,1,521,10,18,21.5,1.03176587250974,44
19,1,546,9,19,20,0.995333693485542,44
20,1,551,7,20,12.5,0.530330085889911,44
21,1,621,8,21,17,0.922469335437137,44
22,1,727,3,22,1.5,-0.113962843587066,44
23,0,733,5,23,8,0.421033548817303,44
24,0,738,4,24,4.5,0.241744226935958,44
1,0,142,8,1,36,0.0432379591331192,45
2,0,143,6,2,34,-0.00920423442669749,45
3,0,148,6,3,34,0.0382964780893341,45
4,0,149,6,4.5,34,0.109547546863382,45
5,0,149,5,4.5,31.5,-0.0153810857314288,45
6,0,152,5,6.5,31.5,0.0796203393006345,45
7,0,152,4,6.5,29.5,-0.0203225667752138,45
8,0,153,4,9,29.5,0.0984292145148652,45
9,0,153,3,9,26,-0.0764708711178694,45
10,0,153,3,9,26,-0.0764708711178694,45
11,0,155,3,11,26,0.0185305539141939,45
12,0,156,3,12,26,0.0660312664302256,45
13,0,157,3,13,26,0.113531978946257,45
14,0,158,2,14,20,-0.138796026765256,45
15,0,159,2,15,20,-0.0912953142492245,45
16,0,165,2,16,20,-0.0437946017331929,45
17,0,166,2,17.5,20,0.0274564670408546,45
18,0,166,2,17.5,20,0.0274564670408546,45
19,0,168,2,20,20,0.146208248330934,45
20,1,168,2,20,20,0.146208248330934,45
21,1,168,1,20,8.5,-0.428463461605194,45
22,1,170,1,22.5,8.5,-0.309711680315115,45
23,1,170,1,22.5,8.5,-0.309711680315115,45
24,0,173,1,24,8.5,-0.238460611541068,45
25,0,175,1,25,8.5,-0.190959899025036,45
26,0,177,1,26,8.5,-0.143459186509004,45
27,0,178,1,27.5,8.5,-0.0722081177349569,45
28,0,178,1,27.5,8.5,-0.0722081177349569,45
29,0,179,1,29,8.5,-0.000957048960909423,45
30,0,183,1,30.5,8.5,0.070294019813138,45
31,0,183,1,30.5,8.5,0.070294019813138,45
32,0,188,1,32,8.5,0.141545088587186,45
33,0,193,1,33,8.5,0.189045801103217,45
34,0,194,1,34,8.5,0.236546513619249,45
35,0,195,1,35,8.5,0.28404722613528,45
36,0,202,1,36,8.5,0.331547938651312,45
1,0,21,2,1,20,-1.44347271579314,46
2,0,24,3,2.5,44.5,-1.06612638967582,46
3,0,24,21,2.5,119,0.0157446562129767,46
4,0,27,2,4.5,20,-1.39315851131774,46
5,0,27,9,4.5,104,-0.173330754879362,46
6,0,35,4,6,63.5,-0.739898764101265,46
7,0,38,6,7.5,85,-0.406117714999605,46
8,0,38,11,7.5,111.5,-0.0212911013613087,46
9,0,40,1,10,4,-1.5464414769399,46
10,0,40,3,10,44.5,-0.958310237228537,46
11,1,40,2,10,20,-1.3140933328564,46
12,1,43,4,13,63.5,-0.639270355150468,46
13,0,43,4,13,63.5,-0.639270355150468,46
14,0,43,2,13,20,-1.27096687187748,46
15,1,44,3,15.5,44.5,-0.879245058767196,46
16,0,44,8,15.5,98.5,-0.0950700724853841,46
17,0,45,18,17,118,0.209667458605838,46
18,0,46,1,18,4,-1.43143758099613,46
19,1,47,3,19.5,44.5,-0.821743110795312,46
20,1,47,3,19.5,44.5,-0.821743110795312,46
21,1,48,11,21.5,111.5,0.179965716540286,46
22,0,48,5,21.5,76,-0.33555672814498,46
23,1,49,7,23,91.5,-0.0889062330746326,46
24,0,51,8,24.5,98.5,0.0343093104513551,46
25,0,51,2,24.5,20,-1.10564877145832,46
26,1,54,2,26.5,20,-1.07689779747237,46
27,0,54,1,26.5,4,-1.30924594155587,46
28,0,55,7,28,91.5,-0.0170287981097774,46
29,0,58,1,29,4,-1.27330722407345,46
30,0,60,10,31,107.5,0.258445806952635,46
31,1,60,2,31,20,-1.012208106004,46
32,0,60,17,31,116.5,0.389141637999604,46
33,0,61,2,33,20,-0.983457132018062,46
34,0,62,7,34,91.5,0.0692241238480487,46
35,0,63,2,35.5,20,-0.947518414535635,46
36,1,63,3,35.5,44.5,-0.591735318907776,46
37,1,64,8,38.5,98.5,0.235566128352949,46
38,0,64,11,38.5,111.5,0.424348995420793,46
39,1,64,2,38.5,20,-0.904391953556722,46
40,0,64,9,38.5,104,0.315435802881653,46
41,0,65,5,41.5,76,-0.0480469882855591,46
42,1,65,4,41.5,63.5,-0.229568975850793,46
43,0,66,4,43.5,63.5,-0.200818001864851,46
44,1,66,3,43.5,44.5,-0.476731422964007,46
45,1,67,3,46,44.5,-0.44079270548158,46
46,1,67,2,46,20,-0.796575801109439,46
47,1,67,17,46,116.5,0.60477394289417,46
48,0,68,4,48.5,63.5,-0.128940566899996,46
49,1,68,5,48.5,76,0.0525814206652381,46
50,1,70,2,50,20,-0.739073853137555,46
51,0,71,3,51,44.5,-0.368915270516725,46
52,1,72,10,52.5,107.5,0.567518777301513,46
53,0,72,6,52.5,85,0.240779199684091,46
54,0,73,2,55,20,-0.6671964181727,46
55,0,73,3,55,44.5,-0.31141332254484,46
56,0,73,4,55,63.5,-0.0354999014456844,46
57,0,74,6,57.5,85,0.312656634648946,46
58,0,74,8,57.5,98.5,0.508700381219399,46
59,0,76,2,59,20,-0.609694470200815,46
60,0,78,7,60.5,91.5,0.450174529161781,46
61,0,78,4,60.5,63.5,0.0435652770156562,46
62,0,79,3,62,44.5,-0.210784913594043,46
63,0,80,3,63.5,44.5,-0.189221683104587,46
64,0,80,7,63.5,91.5,0.493300990140694,46
65,0,81,2,65,20,-0.523441548242989,46
66,1,82,3,66.5,44.5,-0.146095222125674,46
67,1,82,10,66.5,107.5,0.768775595203107,46
68,1,85,4,69,63.5,0.16575691645591,46
69,1,85,7,69,91.5,0.572366168602035,46
70,0,85,5,69,76,0.347278904021144,46
71,1,87,2,71,20,-0.437188626285163,46
72,1,89,10,72,107.5,0.847840773664448,46
73,1,93,2,73,20,-0.408437652299221,46
74,1,95,3,74,44.5,-0.038279069678391,46
75,0,96,2,75,20,-0.379686678313279,46
76,1,97,4,76,63.5,0.266385325406707,46
77,0,99,3,77,44.5,0.00484739130052211,46
78,0,100,8,78.5,98.5,0.810585608071791,46
79,0,100,5,78.5,76,0.483846030454369,46
80,0,101,2,80,20,-0.307809243348424,46
81,1,103,6,81,85,0.650480578983765,46
82,0,105,6,82,85,0.664856065976736,46
83,1,110,5,83.5,76,0.555723465419224,46
84,1,110,9,83.5,104,0.962332717565349,46
85,1,111,8,85,98.5,0.904026273526102,46
86,1,113,3,86.5,44.5,0.141414517733747,46
87,0,113,4,86.5,63.5,0.417327938832903,46
88,1,114,14,88,114,1.17223999908591,46
89,1,116,1,89.5,4,-0.403590260998699,46
90,1,116,2,89.5,20,-0.171242116915199,46
91,0,117,5,91,76,0.663539617866507,46
92,1,125,2,92,20,-0.135303399432772,46
93,0,126,2,93,20,-0.120927912439801,46
94,0,127,3,94,44.5,0.24923067018103,46
95,1,129,1,95.5,4,-0.317337339040873,46
96,1,129,5,95.5,76,0.728229309334876,46
97,0,131,3,97,44.5,0.292357131159943,46
98,0,137,5,98,76,0.764168026817304,46
99,0,142,5,99,76,0.778543513810275,46
100,0,152,3,101,44.5,0.349859079131827,46
101,1,152,8,101,98.5,1.13403406541364,46
102,0,152,6,101,85,0.937990318843186,46
103,0,156,2,103,20,0.0228269574899097,46
104,0,160,2,104,20,0.0372024444828808,46
105,0,163,1,105,4,-0.180770212607648,46
106,0,167,2,106,20,0.0659534184688229,46
107,0,169,4,107,63.5,0.712025422188809,46
108,1,181,3,108,44.5,0.450487488082624,46
109,0,227,3,109,44.5,0.464862975075595,46
110,1,230,11,110,111.5,1.45219631541822,46
111,1,247,23,111,120,1.59000675395555,46
112,1,272,8,112,98.5,1.29216442233632,46
113,0,273,4,113,63.5,0.798278344146635,46
114,1,299,6,114,85,1.12487164975181,46
115,1,320,3,115,44.5,0.551115897033421,46
116,0,335,4,116,63.5,0.841404805125548,46
117,1,360,5,117,76,1.03730227968375,46
118,0,411,3,118,44.5,0.594242358012334,46
119,0,457,3,119,44.5,0.608617845005305,46
120,1,476,16,120,115,1.6467773418662,46
1,1,94,9,1,30.5,-0.623790115500385,47
2,0,130,21,2,48,0.0405878150922029,47
3,0,151,4,3,9.5,-1.30675171433156,47
4,0,157,9,4,30.5,-0.516641442487954,47
5,1,172,14,5,42.5,-0.0498429052898295,47
6,0,188,4,6,9.5,-1.19960304131913,47
7,0,201,15,7,45,0.111398358564426,47
8,0,215,5,8,15.5,-0.912629436213855,47
9,0,229,2,9,1,-1.39780433991633,47
10,1,238,5,10,15.5,-0.841196987538901,47
11,0,245,3,11,3.5,-1.23656307606207,47
12,0,246,6,12,20.5,-0.590146908505344,47
13,1,253,3,13,3.5,-1.16513062738712,47
14,1,255,10,14,36,0.038100194281279,47
15,0,276,10,15,36,0.073816418618756,47
16,1,285,4,16,9.5,-0.842440797944363,47
17,0,286,14,17,42.5,0.378751786759894,47
18,1,300,7,18,25.5,-0.19623193212188,47
19,1,305,6,19,20.5,-0.340133338143006,47
20,0,308,14,20,42.5,0.485900459772325,47
21,0,311,9,21,30.5,0.0905343712491543,47
22,1,317,4,22,9.5,-0.628143451919501,47
23,0,321,10,23.5,36,0.37740432548731,47
24,0,321,7,23.5,25.5,0.000207301734243659,47
25,0,336,6,25,20.5,-0.125835992118144,47
26,1,343,4,26,9.5,-0.485278554569594,47
27,0,348,5,27,15.5,-0.234021173801793,47
28,1,351,9,28.5,30.5,0.358406053780231,47
29,0,351,19,28.5,47,0.951144233963622,47
30,0,387,6,30,20.5,0.0527451295692408,47
31,0,388,9,31,30.5,0.447696614623924,47
32,0,389,10,32,36,0.680992232355864,47
33,0,397,3,33,3.5,-0.450806140637579,47
34,1,413,6,34,20.5,0.195610026919149,47
35,0,417,6,35,20.5,0.231326251256626,47
36,1,418,7,36,25.5,0.446660105952706,47
37,1,420,11,37,39,0.967343932258411,47
38,1,427,12,38,40,1.03898368266761,47
39,1,431,4,39,9.5,-0.0209676381823933,47
40,0,449,17,40,46,1.32595728777289,47
41,0,459,10,41,36,1.00243825139316,47
42,0,471,9,42,30.5,0.84057508233617,47
43,1,473,14,43,42.5,1.30737361953429,47
44,0,510,3,44,3.5,-0.0579276729253323,47
45,0,519,4,45,9.5,0.193329707842468,47
46,0,601,7,46,25.5,0.803822349327475,47
47,1,645,4,47,9.5,0.264762156517422,47
48,1,709,5,48,15.5,0.516019537285223,47
1,0,425,12,1,120.5,-0.280969111799365,48
2,0,426,9,2,94,-0.587574412382065,48
3,0,431,29,3.5,141,-0.00449778333172624,48
4,0,431,15,3.5,130,-0.136749430353839,48
5,0,433,10,5,105.5,-0.413308506947232,48
6,0,434,14,7,126.5,-0.136826209963875,48
7,0,434,2,7,9,-1.54951425770008,48
8,1,434,15,7,130,-0.0947461404568389,48
9,0,435,6,11.5,58.5,-0.900377616232999,48
10,0,435,17,11.5,134.5,0.0133610359197784,48
11,0,435,6,11.5,58.5,-0.900377616232999,48
12,1,435,3,11.5,21,-1.35123550380838,48
13,0,435,2,11.5,9,-1.49551002783251,48
14,0,435,18,11.5,136.5,0.037406789923799,48
15,0,436,6,15,58.5,-0.858374326335999,48
16,0,437,10,19,105.5,-0.245295347359233,48
17,0,437,10,19,105.5,-0.245295347359233,48
18,0,437,5,19,45,-0.972679405980852,48
19,0,437,8,19,82.5,-0.521821518405468,48
20,0,437,9,19,94,-0.38355843288235,48
21,0,437,8,19,82.5,-0.521821518405468,48
22,1,437,11,19,115,-0.131078015840135,48
23,1,438,9,24.5,94,-0.317553263044208,48
24,0,438,2,24.5,9,-1.33949780821508,48
25,0,438,8,24.5,82.5,-0.455816348567325,48
26,0,438,3,24.5,21,-1.19522328419095,48
27,0,439,3,29.5,21,-1.1352185843381,48
28,1,439,8,29.5,82.5,-0.395811648714468,48
29,0,439,17,29.5,134.5,0.229377955390064,48
30,0,439,4,29.5,33.5,-0.98493262181297,48
31,0,439,14,29.5,126.5,0.133194939373982,48
32,0,439,7,29.5,71,-0.534074734237586,48
33,0,440,24,35,139,0.349486071737253,48
34,0,440,11,35,115,0.0609370236890071,48
35,0,440,11,35,115,0.0609370236890071,48
36,0,440,2,35,9,-1.21348793852408,48
37,0,440,4,35,33.5,-0.918927451974827,48
38,0,441,5,39.5,45,-0.726660136584138,48
39,0,441,4,39.5,33.5,-0.864923222107256,48
40,0,441,4,39.5,33.5,-0.864923222107256,48
41,1,441,3,39.5,21,-1.01520918463238,48
42,0,442,30,46,143,0.529587919421579,48
43,0,442,6,46,58.5,-0.486345187248286,48
44,1,442,8,46,82.5,-0.19779613920004,48
45,0,442,6,46,58.5,-0.486345187248286,48
46,0,442,8,46,82.5,-0.19779613920004,48
47,0,442,3,46,21,-0.937203074823669,48
48,0,442,6,46,58.5,-0.486345187248286,48
49,0,442,14,46,126.5,0.33121044888841,48
50,0,442,4,46,33.5,-0.786917112298541,48
51,0,443,8,54,82.5,-0.101788619435469,48
52,1,443,6,54,58.5,-0.390337667483714,48
53,0,443,4,54,33.5,-0.69090959253397,48
54,0,443,5,54,45,-0.552646507010853,48
55,0,443,30,54,143,0.62559543918615,48
56,0,443,5,54,45,-0.552646507010853,48
57,0,443,6,54,58.5,-0.390337667483714,48
58,0,444,14,60.5,126.5,0.505224078461696,48
59,0,444,7,60.5,71,-0.162045595149872,48
60,0,444,10,60.5,105.5,0.252743661419481,48
61,0,444,30,60.5,143,0.703601548994865,48
62,0,444,7,60.5,71,-0.162045595149872,48
63,0,444,3,60.5,21,-0.763189445250384,48
64,0,445,6,69,58.5,-0.210323567925143,48
65,0,445,7,69,71,-0.0600376054000153,48
66,0,445,12,69,120.5,0.535094806199491,48
67,1,445,16,69,132.5,0.679369330223614,48
68,0,445,7,69,71,-0.0600376054000153,48
69,0,445,10,69,105.5,0.354751651169338,48
70,0,445,8,69,82.5,0.0782254801231024,48
71,1,445,1,69,2,-0.889616118538721,48
72,0,445,5,69,45,-0.372632407452281,48
73,0,445,9,69,94,0.21648856564622,48
74,1,445,9,69,94,0.21648856564622,48
75,0,446,7,78.5,71,0.0539713243204131,48
76,0,446,10,78.5,105.5,0.468760580889766,48
77,0,446,3,78.5,21,-0.547172525780099,48
78,0,446,6,78.5,58.5,-0.0963146382047148,48
79,0,446,10,78.5,105.5,0.468760580889766,48
80,0,446,3,78.5,21,-0.547172525780099,48
81,0,446,4,78.5,33.5,-0.396886563254971,48
82,0,446,4,78.5,33.5,-0.396886563254971,48
83,0,447,3,85.5,21,-0.463165945986099,48
84,1,447,12,85.5,120.5,0.73311031571392,48
85,0,447,2,85.5,9,-0.607440470010222,48
86,1,447,27,85.5,140,0.967556417253119,48
87,0,447,5,85.5,45,-0.174616897937853,48
88,0,447,3,85.5,21,-0.463165945986099,48
89,0,448,6,94,58.5,0.089699931339142,48
90,1,448,6,94,58.5,0.089699931339142,48
91,0,448,10,94,105.5,0.654775150433623,48
92,0,448,13,94,124,0.877198374970812,48
93,0,448,8,94,82.5,0.378248979387388,48
94,0,448,9,94,94,0.516512064910505,48
95,0,448,10,94,105.5,0.654775150433623,48
96,0,448,6,94,58.5,0.089699931339142,48
97,0,448,2,94,9,-0.505432480260365,48
98,0,448,12,94,120.5,0.835118305463777,48
99,0,448,1,94,2,-0.589592619274436,48
100,0,449,4,104.5,33.5,-0.084862124020114,48
101,0,449,10,104.5,105.5,0.780785020124623,48
102,0,449,11,104.5,115,0.89500235164372,48
103,0,449,3,104.5,21,-0.235148086545242,48
104,0,449,9,104.5,94,0.642521934601505,48
105,0,449,5,104.5,45,0.0534009615030037,48
106,0,449,2,104.5,9,-0.379422610569365,48
107,0,449,12,104.5,120.5,0.961128175154776,48
108,1,449,4,104.5,33.5,-0.084862124020114,48
109,0,449,8,104.5,82.5,0.504258849078387,48
110,0,450,10,111.5,105.5,0.864791599918623,48
111,0,450,7,111.5,71,0.45000234334927,48
112,0,450,7,111.5,71,0.45000234334927,48
113,0,450,2,111.5,9,-0.295416030775365,48
114,0,451,9,116.5,94,0.786533214248362,48
115,0,451,7,116.5,71,0.510007043202127,48
116,0,451,5,116.5,45,0.197412241149861,48
117,0,451,8,116.5,82.5,0.648270128725244,48
118,0,451,10,116.5,105.5,0.92479629977148,48
119,0,451,8,116.5,82.5,0.648270128725244,48
120,1,452,1,120.5,2,-0.271567710054294,48
121,0,452,9,120.5,94,0.834536974130648,48
122,0,453,5,123,45,0.275418350958575,48
123,0,453,5,123,45,0.275418350958575,48
124,0,453,6,123,58.5,0.437727190485713,48
125,0,454,6,127,58.5,0.485730950367999,48
126,0,454,10,127,105.5,1.05080616946248,48
127,1,454,2,127,9,-0.109401461231508,48
128,1,454,12,127,120.5,1.23114932449263,48
129,0,454,6,127,58.5,0.485730950367999,48
130,0,455,10,130.5,105.5,1.09280945935948,48
131,1,455,16,130.5,132.5,1.41742713841376,48
132,0,456,3,132.5,21,0.100878232630758,48
133,1,456,11,132.5,115,1.23102867081972,48
134,1,457,22,134.5,138,1.5315567218071,48
135,0,457,8,134.5,82.5,0.86428704819553,48
136,1,458,18,136.5,136.5,1.53752428624523,48
137,0,458,8,136.5,82.5,0.888288928136673,48
138,0,459,5,139.5,45,0.473433860473003,48
139,0,459,2,139.5,9,0.0406102884006346,48
140,0,459,2,139.5,9,0.0406102884006346,48
141,0,459,3,139.5,21,0.184884812424757,48
142,1,460,15,142,130,1.5253807555703,48
143,0,462,4,143,33.5,0.377174064846885,48
144,0,463,4,144,33.5,0.389175004817457,48
1,1,194,1,1,1.5,-1.59697684649899,49
2,0,205,4,2,9.5,-0.956226860646182,49
3,0,207,9,3,20,-0.137339591126453,49
4,1,216,1,4,1.5,-1.38484481214302,49
5,1,228,2,5,4.5,-1.10036939362406,49
6,0,229,7,6,18,-0.0677173837040266,49
7,0,269,13,7,23,0.359267861748473,49
8,0,272,3,8,7,-0.710100075601176,49
9,0,278,5,9,13.5,-0.176232459948523,49
10,0,279,2,10,4.5,-0.746816003030789,49
11,0,281,4,11,9.5,-0.319830757578289,49
12,1,286,7,12,18,0.356546685007902,49
13,0,288,12,13,22,0.712277016993633,49
14,0,289,7,14,18,0.497968041245211,49
15,0,290,2,15,4.5,-0.393262612437515,49
16,0,312,15,16,24,1.06691887828313,49
17,0,326,2,17,4.5,-0.251841256200205,49
18,0,336,6,18,16,0.638300926786292,49
19,0,337,4,19,9.5,0.245854667370949,49
20,0,358,5,20,13.5,0.60158499935668,49
21,0,382,5,21,13.5,0.672295677475334,49
22,0,383,4,22,9.5,0.457986701726913,49
23,0,446,10,23,21,1.34812888471341,49
24,0,521,5,24,13.5,0.884427711831299,49
1,1,115,6,1,10.5,-0.964985860156865,50
2,1,135,6,2,10.5,-0.894074496378561,50
3,0,150,6,3,10.5,-0.823163132600257,50
4,0,153,7,4,19,-0.116854767819894,50
5,1,158,5,6.5,3,-1.13561777202507,50
6,0,158,5,6.5,3,-1.13561777202507,50
7,0,158,6,6.5,10.5,-0.574973359376192,50
8,0,158,7,6.5,19,0.0604236416258667,50
9,0,163,6,9,10.5,-0.397694949930431,50
10,0,167,7,10,19,0.308613414849931,50
11,0,185,8,11,23.5,0.715911426217561,50
12,1,197,6,12,10.5,-0.184960858595519,50
13,0,206,6,13,10.5,-0.114049494817215,50
14,0,213,5,14.5,3,-0.568326861798634,50
15,0,213,6,14.5,10.5,-0.00768244914975832,50
16,0,219,6,16,10.5,0.098684596517698,50
17,0,224,7,17.5,19,0.840448643187213,50
18,0,224,7,17.5,19,0.840448643187213,50
19,0,227,7,19.5,19,0.982271370743821,50
20,0,227,8,19.5,23.5,1.31865801833315,50
21,0,229,5,21,3,-0.107402997239656,50
22,0,230,6,22,10.5,0.524152779187523,50
23,0,246,7,23,19,1.23046114396789,50
24,0,286,5,24,3,0.105331094095256,50
1,0,20,27,10,96,0.162585415256862,51
2,0,20,21,10,95,0.144554398766837,51
3,0,20,19,10,93.5,0.1175078740318,51
4,0,20,19,10,93.5,0.1175078740318,51
5,1,20,17,10,91,0.0724303328067378,51
6,1,20,17,10,91,0.0724303328067378,51
7,0,20,17,10,91,0.0724303328067378,51
8,0,20,16,10,87.5,0.00932177509165089,51
9,0,20,16,10,87.5,0.00932177509165089,51
10,0,20,16,10,87.5,0.00932177509165089,51
11,1,20,16,10,87.5,0.00932177509165089,51
12,1,20,15,10,84,-0.0537867826234361,51
13,1,20,15,10,84,-0.0537867826234361,51
14,1,20,15,10,84,-0.0537867826234361,51
15,0,20,14,10,82,-0.0898488156034858,51
16,0,20,13,10,79,-0.14394186507356,51
17,0,20,13,10,79,-0.14394186507356,51
18,1,20,13,10,79,-0.14394186507356,51
19,1,20,13,10,79,-0.14394186507356,51
20,0,21,13,20.5,79,0.0453002807498901,51
21,1,21,12,20.5,72.5,-0.0719013264352713,51
22,0,22,12,22.5,72.5,-0.0358552034212808,51
23,0,22,12,22.5,72.5,-0.0358552034212808,51
24,0,23,12,24.5,72.5,0.000190919592709726,51
25,0,23,12,24.5,72.5,0.000190919592709726,51
26,1,24,12,26.5,72.5,0.0362370426067003,51
27,1,24,12,26.5,72.5,0.0362370426067003,51
28,0,25,12,28.5,72.5,0.0722831656206908,51
29,1,25,11,28.5,66.5,-0.0359029333194583,51
30,0,27,11,30,66.5,-0.00886834105896533,51
31,1,28,11,31,66.5,0.0091547204480299,51
32,0,29,11,32.5,66.5,0.0361893127085228,51
33,0,29,10,32.5,59,-0.0990433109666635,51
34,0,30,10,34,59,-0.0720087187061706,51
35,1,32,10,35.5,59,-0.0449741264456777,51
36,1,32,10,35.5,59,-0.0449741264456777,51
37,0,33,10,37,59,-0.0179395341851848,51
38,0,34,10,39,59,0.0181065888288058,51
39,0,34,10,39,59,0.0181065888288058,51
40,0,34,10,39,59,0.0181065888288058,51
41,1,35,10,41,59,0.0541527118427963,51
42,1,36,10,44.5,59,0.11723342711728,51
43,0,36,10,44.5,59,0.11723342711728,51
44,0,36,9,44.5,49,-0.0630767377829687,51
45,1,36,9,44.5,49,-0.0630767377829687,51
46,0,36,9,44.5,49,-0.0630767377829687,51
47,0,36,9,44.5,49,-0.0630767377829687,51
48,0,37,9,48.5,49,0.00901550824501242,51
49,0,37,9,48.5,49,0.00901550824501242,51
50,1,38,9,51.5,49,0.0630846927659982,51
51,0,38,9,51.5,49,0.0630846927659982,51
52,0,38,9,51.5,49,0.0630846927659982,51
53,0,38,8,51.5,42.5,-0.0541169144191632,51
54,1,39,8,55,42.5,0.0089638008553202,51
55,1,39,8,55,42.5,0.0089638008553202,51
56,1,39,8,55,42.5,0.0089638008553202,51
57,0,41,7,57,37,-0.0541606668258259,51
58,0,45,7,58,37,-0.0361376053188306,51
59,0,46,7,60,37,-9.14823048400737e-05,51
60,1,46,7,60,37,-9.14823048400737e-05,51
61,0,46,7,60,37,-9.14823048400737e-05,51
62,0,48,7,62,37,0.0359546407091505,51
63,0,49,7,63,37,0.0539777022161457,51
64,0,50,6,64,25.5,-0.135355925912145,51
65,1,51,6,65,25.5,-0.117332864405149,51
66,0,55,6,66,25.5,-0.0993098028981541,51
67,0,56,6,67.5,25.5,-0.0722752106376612,51
68,0,56,6,67.5,25.5,-0.0722752106376612,51
69,0,57,6,69.5,25.5,-0.0362290876236707,51
70,0,57,6,69.5,25.5,-0.0362290876236707,51
71,0,58,6,71,25.5,-0.00919449536317779,51
72,0,60,6,72,25.5,0.0088285661438175,51
73,0,61,6,73,25.5,0.0268516276508128,51
74,0,64,6,74.5,25.5,0.0538862199113057,51
75,1,64,6,74.5,25.5,0.0538862199113057,51
76,0,65,6,76,25.5,0.0809208121717986,51
77,0,66,6,77.5,25.5,0.107955404432291,51
78,1,66,6,77.5,25.5,0.107955404432291,51
79,0,68,6,79,25.5,0.134989996692784,51
80,0,69,5,80,14.5,-0.0453281231904936,51
81,1,76,5,81,14.5,-0.0273050616834983,51
82,0,77,5,82,14.5,-0.00928200017650305,51
83,0,82,5,83,14.5,0.00874106133049224,51
84,0,83,5,84.5,14.5,0.0357756535909851,51
85,1,83,5,84.5,14.5,0.0357756535909851,51
86,1,90,4,86,7.5,-0.0634068695786959,51
87,0,91,4,87,7.5,-0.0453838080717006,51
88,0,96,4,88,7.5,-0.0273607465647054,51
89,1,101,4,89,7.5,-0.00933768505771015,51
90,0,105,4,90,7.5,0.00868537644928513,51
91,0,108,4,91,7.5,0.0267084379562804,51
92,0,120,4,92,7.5,0.0447314994632757,51
93,0,121,4,93,7.5,0.062754560970271,51
94,0,186,3,94,2.5,-0.00937745997285788,51
95,0,230,3,95,2.5,0.0086456015341374,51
96,1,236,2,96,1,-0.000377861693904746,51
1,0,111,20,1,120,0.00452679813605827,52
2,0,119,19,2,119,0.00445071749511605,52
3,0,121,16,3,118,0.00437463685417394,52
4,0,123,15,4.5,116,-0.00296490596806853,52
5,0,123,15,4.5,116,-0.00296490596806853,52
6,0,128,15,6,116,0.0185972386530057,52
7,0,130,14,7.5,112,-0.0176439916125533,52
8,0,130,14,7.5,112,-0.0176439916125533,52
9,0,131,14,9,112,0.00391815300852094,52
10,0,132,14,10,112,0.018292916089237,52
11,0,133,14,11,112,0.0326676791699532,52
12,1,135,13,12,108.5,-0.00353551077513459,52
13,0,138,13,13,108.5,0.0108392523055815,52
14,1,145,12,14,103.5,-0.0470402032219936,52
15,0,147,12,15,103.5,-0.0326654401412776,52
16,0,148,12,16,103.5,-0.0182906770605615,52
17,0,150,12,17,103.5,-0.00391591397984536,52
18,0,152,12,18,103.5,0.0104588491008707,52
19,0,153,12,19,103.5,0.0248336121815869,52
20,0,154,12,20,103.5,0.0392083752623029,52
21,0,156,12,21,103.5,0.053583138343019,52
22,0,159,11,22,95.5,-0.0476488483495309,52
23,0,161,11,23,95.5,-0.0332740852688148,52
24,0,167,11,24,95.5,-0.0188993221880988,52
25,1,173,11,25.5,95.5,0.00266282243297544,52
26,0,173,11,25.5,95.5,0.00266282243297544,52
27,0,179,11,27,95.5,0.0242249670540496,52
28,0,181,11,28,95.5,0.0385997301347657,52
29,0,186,11,30,95.5,0.0673492562961979,52
30,0,186,10,30,87,-0.0554829153378973,52
31,0,186,10,30,87,-0.0554829153378973,52
32,1,187,10,32,87,-0.0267333891764651,52
33,0,192,10,33,87,-0.0123586260957489,52
34,0,200,10,34,87,0.00201613698496711,52
35,1,203,10,35,87,0.0163909000656832,52
36,0,204,10,36,87,0.0307656631463993,52
37,0,210,10,38,87,0.0595151893078315,52
38,0,210,10,38,87,0.0595151893078315,52
39,0,210,9,38,76,-0.0994440916304093,52
40,1,224,9,40,76,-0.0706945654689771,52
41,0,226,9,41.5,76,-0.049132420847903,52
42,0,226,9,41.5,76,-0.049132420847903,52
43,0,228,9,43,76,-0.0275702762268288,52
44,0,229,9,44,76,-0.0131955131461127,52
45,0,230,9,45,76,0.00117924993460339,52
46,0,236,9,46.5,76,0.0227413945556775,52
47,0,236,9,46.5,76,0.0227413945556775,52
48,0,238,9,48.5,76,0.0514909207171097,52
49,0,238,9,48.5,76,0.0514909207171097,52
50,0,239,9,50.5,76,0.0802404468785419,52
51,1,239,9,50.5,76,0.0802404468785419,52
52,0,240,8,53,61,-0.100585301244542,52
53,0,240,8,53,61,-0.100585301244542,52
54,0,240,8,53,61,-0.100585301244542,52
55,0,242,8,55,61,-0.0718357750831094,52
56,0,243,8,56,61,-0.0574610120023933,52
57,0,244,8,57.5,61,-0.0358988673813192,52
58,0,244,8,57.5,61,-0.0358988673813192,52
59,0,247,8,59,61,-0.014336722760245,52
60,1,255,8,60,61,3.80403204710772e-05,52
61,0,257,8,61,61,0.0144128034011872,52
62,0,258,8,62.5,61,0.0359749480222613,52
63,0,258,8,62.5,61,0.0359749480222613,52
64,0,261,8,64,61,0.0575370926433355,52
65,0,262,8,65,61,0.0719118557240516,52
66,1,263,8,66,61,0.0862866188047677,52
67,0,264,8,67.5,61,0.107848763425842,52
68,0,264,8,67.5,61,0.107848763425842,52
69,0,265,7,69,44,-0.116253435221274,52
70,0,266,7,70.5,44,-0.0946912906002002,52
71,0,266,7,70.5,44,-0.0946912906002002,52
72,0,269,7,72,44,-0.0731291459791261,52
73,0,273,7,73,44,-0.05875438289841,52
74,0,277,7,74,44,-0.0443796198176939,52
75,0,283,7,75,44,-0.0300048567369778,52
76,0,286,7,76,44,-0.0156300936562617,52
77,0,287,7,77,44,-0.00125533057554558,52
78,0,293,7,78,44,0.0131194325051705,52
79,0,297,7,79.5,44,0.0346815771262447,52
80,1,297,7,79.5,44,0.0346815771262447,52
81,1,299,7,81,44,0.0562437217473188,52
82,0,300,7,82,44,0.0706184848280349,52
83,0,301,7,83.5,44,0.0921806294491091,52
84,0,301,7,83.5,44,0.0921806294491091,52
85,1,305,7,85,44,0.113742774070183,52
86,0,308,6,86,28,-0.103095962395633,52
87,1,309,6,87,28,-0.0887211993149166,52
88,0,311,6,88,28,-0.0743464362342006,52
89,0,314,6,89,28,-0.0599716731534845,52
90,0,317,6,90,28,-0.0455969100727683,52
91,0,318,6,91,28,-0.0312221469920522,52
92,0,319,6,92,28,-0.0168473839113362,52
93,0,328,6,93,28,-0.00247262083062005,52
94,0,331,6,94,28,0.0119021422500961,52
95,0,337,6,95.5,28,0.0334642868711702,52
96,0,337,6,95.5,28,0.0334642868711702,52
97,0,342,6,97,28,0.0550264314922444,52
98,0,346,6,98,28,0.0694011945729605,52
99,0,349,6,100,28,0.0981507207343927,52
100,0,349,6,100,28,0.0981507207343927,52
101,0,349,5,100,16,-0.0752594039255063,52
102,0,356,5,102,16,-0.0465098777640742,52
103,0,369,5,103,16,-0.0321351146833581,52
104,0,371,5,104,16,-0.017760351602642,52
105,0,375,5,105,16,-0.00338558852192583,52
106,0,377,5,106.5,16,0.0181765560991483,52
107,0,377,5,106.5,16,0.0181765560991483,52
108,0,382,5,108,16,0.0397387007202225,52
109,0,391,5,109,16,0.0541134638009385,52
110,0,397,4,110,8,-0.0471185228916114,52
111,0,407,4,111,8,-0.0327437598108953,52
112,0,411,4,112,8,-0.0183689967301792,52
113,0,414,4,113,8,-0.00399423364946316,52
114,0,428,4,114,8,0.010380529431253,52
115,0,466,4,115,8,0.0247552925119691,52
116,0,482,4,116,8,0.0391300555926852,52
117,0,494,3,117,2.5,-0.0259748217957191,52
118,0,528,3,118,2.5,-0.011600058715003,52
119,0,639,3,119,2.5,0.00277470436571314,52
120,0,713,3,120,2.5,0.0171494674464292,52
1,0,37,6,1,119.5,0.046547422673709,53
2,0,42,6,2,119.5,0.0609227349192257,53
3,1,49,5,3.5,114,-0.00158771632352872,53
4,0,49,5,3.5,114,-0.00158771632352872,53
5,0,52,5,5,114,0.0199752520447463,53
6,0,53,5,6,114,0.034350564290263,53
7,0,54,5,7,114,0.0487258765357796,53
8,0,58,5,8,114,0.0631011887812963,53
9,0,60,5,9,114,0.077476501026813,53
10,0,61,5,10,114,0.0918518132723297,53
11,0,63,5,11.5,114,0.113414781640605,53
12,1,63,4,11.5,95,-0.17702066792477,53
13,1,64,4,13,95,-0.155457699556495,53
14,1,65,4,14.5,95,-0.133894731188219,53
15,1,65,4,14.5,95,-0.133894731188219,53
16,1,66,4,16,95,-0.112331762819945,53
17,1,67,4,17,95,-0.0979564505744278,53
18,1,68,4,18.5,95,-0.0763934822061527,53
19,1,68,4,18.5,95,-0.0763934822061527,53
20,1,70,4,20,95,-0.0548305138378777,53
21,1,72,4,21,95,-0.040455201592361,53
22,1,74,4,22,95,-0.0260798893468444,53
23,1,75,4,23,95,-0.0117045771013277,53
24,0,78,4,24.5,95,0.00985839126694743,53
25,0,78,4,24.5,95,0.00985839126694743,53
26,0,79,4,26,95,0.0314213596352224,53
27,0,81,4,27,95,0.0457966718807391,53
28,0,82,4,29,95,0.0745472963717725,53
29,0,82,4,29,95,0.0745472963717725,53
30,0,82,4,29,95,0.0745472963717725,53
31,0,83,4,31,95,0.103297920862806,53
32,0,85,4,32.5,95,0.124860889231081,53
33,0,85,4,32.5,95,0.124860889231081,53
34,0,88,4,35.5,95,0.167986825967631,53
35,0,88,4,35.5,95,0.167986825967631,53
36,0,88,4,35.5,95,0.167986825967631,53
37,0,88,4,35.5,95,0.167986825967631,53
38,1,89,4,38.5,95,0.211112762704181,53
39,0,89,4,38.5,95,0.211112762704181,53
40,0,90,4,41,95,0.247051043317973,53
41,1,90,3,41,53.5,-0.387321122837976,53
42,1,90,3,41,53.5,-0.387321122837976,53
43,1,92,3,43.5,53.5,-0.351382842224185,53
44,1,92,3,43.5,53.5,-0.351382842224185,53
45,1,93,3,45.5,53.5,-0.322632217733151,53
46,1,93,3,45.5,53.5,-0.322632217733151,53
47,1,94,3,47,53.5,-0.301069249364876,53
48,1,99,3,48,53.5,-0.28669393711936,53
49,1,101,3,49.5,53.5,-0.265130968751085,53
50,1,101,3,49.5,53.5,-0.265130968751085,53
51,1,103,3,51,53.5,-0.24356800038281,53
52,1,104,3,52.5,53.5,-0.222005032014535,53
53,1,104,3,52.5,53.5,-0.222005032014535,53
54,1,106,3,54.5,53.5,-0.193254407523501,53
55,1,106,3,54.5,53.5,-0.193254407523501,53
56,1,108,3,57,53.5,-0.15731612690971,53
57,1,108,3,57,53.5,-0.15731612690971,53
58,1,108,3,57,53.5,-0.15731612690971,53
59,1,109,3,59.5,53.5,-0.121377846295918,53
60,1,109,3,59.5,53.5,-0.121377846295918,53
61,1,112,3,61.5,53.5,-0.0926272218048844,53
62,1,112,3,61.5,53.5,-0.0926272218048844,53
63,1,115,3,64,53.5,-0.0566889411910927,53
64,1,115,3,64,53.5,-0.0566889411910927,53
65,1,115,3,64,53.5,-0.0566889411910927,53
66,1,117,3,66,53.5,-0.0279383167000593,53
67,1,120,3,67.5,53.5,-0.00637534833178426,53
68,1,120,3,67.5,53.5,-0.00637534833178426,53
69,0,122,3,69,53.5,0.0151876200364908,53
70,1,123,3,70,53.5,0.0295629322820075,53
71,0,124,3,71.5,53.5,0.0511259006502825,53
72,0,124,3,71.5,53.5,0.0511259006502825,53
73,0,125,3,73.5,53.5,0.0798765251413159,53
74,0,125,3,73.5,53.5,0.0798765251413159,53
75,0,127,3,75,53.5,0.101439493509591,53
76,0,129,3,76,53.5,0.115814805755108,53
77,0,132,3,77.5,53.5,0.137377774123383,53
78,0,132,3,77.5,53.5,0.137377774123383,53
79,0,134,3,79,53.5,0.158940742491658,53
80,0,137,3,80,53.5,0.173316054737174,53
81,0,138,3,81,53.5,0.187691366982691,53
82,0,139,3,83,53.5,0.216441991473724,53
83,0,139,3,83,53.5,0.216441991473724,53
84,0,139,3,83,53.5,0.216441991473724,53
85,0,140,3,85.5,53.5,0.252380272087516,53
86,0,140,3,85.5,53.5,0.252380272087516,53
87,0,143,3,87,53.5,0.273943240455791,53
88,0,144,3,88,53.5,0.288318552701308,53
89,0,150,3,89.5,53.5,0.309881521069583,53
90,0,150,3,89.5,53.5,0.309881521069583,53
91,0,155,3,91,53.5,0.331444489437858,53
92,0,158,3,92,53.5,0.345819801683375,53
93,0,165,3,93.5,53.5,0.36738277005165,53
94,0,165,3,93.5,53.5,0.36738277005165,53
95,1,168,2,95,13.5,-0.222497313296653,53
96,1,169,2,96,13.5,-0.208122001051136,53
97,1,179,2,97,13.5,-0.19374668880562,53
98,1,181,2,98,13.5,-0.179371376560103,53
99,1,184,2,99,13.5,-0.164996064314586,53
100,1,187,2,100,13.5,-0.150620752069069,53
101,1,188,2,101.5,13.5,-0.129057783700794,53
102,1,188,2,101.5,13.5,-0.129057783700794,53
103,1,191,2,103,13.5,-0.107494815332519,53
104,1,193,2,104,13.5,-0.0931195030870027,53
105,1,197,2,105,13.5,-0.078744190841486,53
106,1,198,2,106,13.5,-0.0643688785959693,53
107,1,200,2,107,13.5,-0.0499935663504526,53
108,1,219,2,108,13.5,-0.0356182541049359,53
109,1,224,2,109,13.5,-0.0212429418594192,53
110,1,226,2,110,13.5,-0.00686762961390253,53
111,0,233,2,111.5,13.5,0.0146953387543725,53
112,0,233,2,111.5,13.5,0.0146953387543725,53
113,0,250,2,113,13.5,0.0362583071226475,53
114,0,256,2,114,13.5,0.0506336193681642,53
115,0,278,2,115,13.5,0.0650089316136809,53
116,0,297,2,116,13.5,0.0793842438591976,53
117,0,309,2,117,13.5,0.0937595561047143,53
118,0,310,2,118,13.5,0.108134868350231,53
119,0,325,2,119,13.5,0.122510180595748,53
120,0,400,2,120,13.5,0.136885492841264,53
1,1,33,4,1,104,-0.440721931244047,54
2,0,34,3,2,43,-1.23506071872921,54
3,0,44,3,3,43,-1.22307325692513,54
4,0,51,3,4,43,-1.21108579512105,54
5,0,52,5,5,136,0.0302187352715509,54
6,1,62,3,6,43,-1.18711087151289,54
7,0,63,4,7,104,-0.368797160419563,54
8,0,65,4,8,104,-0.356809698615482,54
9,0,67,3,9,43,-1.15114848610064,54
10,0,71,4,10,104,-0.33283477500732,54
11,0,73,4,11,104,-0.32084731320324,54
12,0,74,4,13.5,104,-0.290878658693038,54
13,0,74,4,13.5,104,-0.290878658693038,54
14,0,74,4,13.5,104,-0.290878658693038,54
15,0,74,3,13.5,43,-1.09720490798228,54
16,0,75,3,16,43,-1.06723625347208,54
17,1,77,3,17,43,-1.055248791668,54
18,0,78,3,18.5,43,-1.03726759896188,54
19,1,78,3,18.5,43,-1.03726759896188,54
20,0,79,4,20.5,104,-0.206966426064473,54
21,1,79,3,20.5,43,-1.01329267535372,54
22,0,80,3,22.5,43,-0.989317751745554,54
23,1,80,3,22.5,43,-0.989317751745554,54
24,0,81,4,24,104,-0.165010309750191,54
25,0,82,3,25,43,-0.959349097235353,54
26,0,84,3,26,43,-0.947361635431272,54
27,0,85,3,27,43,-0.935374173627191,54
28,1,86,5,28.5,136,0.311924087667448,54
29,0,86,3,28.5,43,-0.91739298092107,54
30,0,87,3,30,43,-0.899411788214949,54
31,0,88,3,31,43,-0.887424326410869,54
32,0,89,3,32,43,-0.875436864606788,54
33,0,90,4,33.5,104,-0.0511294226114238,54
34,0,90,3,33.5,43,-0.857455671900667,54
35,0,91,3,35.5,43,-0.833480748292505,54
36,0,91,3,35.5,43,-0.833480748292505,54
37,0,92,3,38,43,-0.803512093782304,54
38,0,92,3,38,43,-0.803512093782304,54
39,0,92,3,38,43,-0.803512093782304,54
40,1,93,3,41,43,-0.767549708370061,54
41,1,93,4,41,104,0.0387765409191815,54
42,0,93,3,41,43,-0.767549708370061,54
43,0,94,4,43.5,104,0.0687451954293832,54
44,0,94,3,43.5,43,-0.73758105385986,54
45,0,96,4,45.5,104,0.0927201190375446,54
46,0,96,3,45.5,43,-0.713606130251698,54
47,0,97,5,47,136,0.533692131042941,54
48,0,98,4,48,104,0.122688773547746,54
49,1,99,4,49,104,0.134676235351827,54
50,0,103,5,51,136,0.581641978259264,54
51,0,103,3,51,43,-0.647675090329254,54
52,0,103,3,51,43,-0.647675090329254,54
53,0,104,4,53,104,0.18262608256815,54
54,0,106,3,54.5,43,-0.605718974014972,54
55,1,106,5,54.5,136,0.623598094573546,54
56,0,107,3,56,43,-0.587737781308851,54
57,0,108,3,58,43,-0.563762857700689,54
58,0,108,3,58,43,-0.563762857700689,54
59,1,108,4,58,104,0.242563391588554,54
60,0,109,3,60.5,43,-0.533794203190488,54
61,0,109,4,60.5,104,0.272532046098755,54
62,0,110,4,62,104,0.290513238804876,54
63,0,111,4,64,104,0.314488162413038,54
64,0,111,4,64,104,0.314488162413038,54
65,0,111,3,64,43,-0.491838086876205,54
66,1,112,4,66,104,0.338463086021199,54
67,0,113,3,67.5,43,-0.449881970561923,54
68,0,113,4,67.5,104,0.35644427872732,54
69,1,116,4,69,104,0.374425471433441,54
70,0,117,2,70,3,-0.948651840175815,54
71,0,121,4,71,104,0.398400395041603,54
72,0,124,5,72.5,136,0.839372407046999,54
73,0,124,3,72.5,43,-0.389944661541519,54
74,0,125,5,74,136,0.85735359975312,54
75,0,126,2,75.5,3,-0.882720800253371,54
76,0,126,3,75.5,43,-0.353982276129277,54
77,0,128,3,77.5,43,-0.330007352521116,54
78,0,128,4,77.5,104,0.476318896768127,54
79,1,129,5,79.5,136,0.923284639675564,54
80,0,129,3,79.5,43,-0.306032428912954,54
81,0,130,2,81.5,3,-0.810796029428886,54
82,0,130,3,81.5,43,-0.282057505304793,54
83,0,132,3,83.5,43,-0.258082581696631,54
84,1,132,4,83.5,104,0.548243667592612,54
85,0,133,3,85,43,-0.24010138899051,54
86,1,136,3,86,43,-0.22811392718643,54
87,0,138,5,88.5,136,1.03117179591229,54
88,0,138,4,88.5,104,0.608180976613015,54
89,1,138,4,88.5,104,0.608180976613015,54
90,1,138,3,88.5,43,-0.198145272676228,54
91,0,139,3,91,43,-0.168176618166026,54
92,0,140,3,92,43,-0.156189156361945,54
93,0,141,5,93,136,1.08511537403065,54
94,0,142,3,94.5,43,-0.126220501851744,54
95,0,142,4,94.5,104,0.680105747437499,54
96,0,143,5,96,136,1.1210777594429,54
97,0,146,4,97,104,0.710074401947701,54
98,0,147,5,98,136,1.14505268305106,54
99,0,148,3,99,43,-0.0722769237333803,54
100,0,149,3,100,43,-0.0602894619292997,54
101,1,150,3,101.5,43,-0.0423082692231786,54
102,0,150,3,101.5,43,-0.0423082692231786,54
103,0,154,3,103.5,43,-0.0183333456150171,54
104,0,154,3,103.5,43,-0.0183333456150171,54
105,0,155,2,106,3,-0.517103215228909,54
106,0,155,4,106,104,0.817961558184428,54
107,0,155,3,106,43,0.0116353088951846,54
108,0,159,3,108,43,0.035610232503346,54
109,0,161,2,109,3,-0.481140829816667,54
110,0,163,4,110,104,0.86591140540075,54
111,0,164,4,112,104,0.889886329008912,54
112,0,164,5,112,136,1.31287714830819,54
113,1,164,3,112,43,0.0835600797196688,54
114,0,165,5,114,136,1.33685207191635,54
115,0,167,4,115,104,0.925848714421154,54
116,0,169,3,116,43,0.131509926935992,54
117,1,170,4,117,104,0.949823638029315,54
118,0,171,3,118,43,0.155484850544153,54
119,1,174,4,119.5,104,0.979792292539517,54
120,0,174,5,119.5,136,1.40278311183879,54
121,0,177,4,121,104,0.997773485245638,54
122,0,180,4,122.5,104,1.01575467795176,54
123,0,180,3,122.5,43,0.209428428662516,54
124,1,183,4,124.5,104,1.03972960155992,54
125,0,183,3,124.5,43,0.233403352270678,54
126,1,184,5,126,136,1.48070161356532,54
127,0,187,3,127,43,0.26337200678088,54
128,0,188,3,128,43,0.27535946858496,54
129,0,195,3,129,43,0.287346930389041,54
130,0,207,3,130,43,0.299334392193122,54
131,0,210,4,131,104,1.11764810328645,54
132,0,216,3,132.5,43,0.329303046703323,54
133,0,216,4,132.5,104,1.13562929599257,54
134,0,221,3,134,43,0.347284239409444,54
135,1,223,4,135,104,1.16559795050277,54
136,0,240,4,136.5,104,1.18357914320889,54
137,0,240,3,136.5,43,0.377252893919646,54
138,0,252,5,138,136,1.62455115521429,54
139,0,263,3,139,43,0.407221548429848,54
140,0,296,4,140,104,1.22553525952317,54
141,0,297,4,141,104,1.23752272132725,54
142,0,310,3,142,43,0.44318393384209,54
143,0,373,3,143,43,0.455171395646171,54
144,0,400,3,144,43,0.467158857450251,54
1,1,36,1,1,1,-1.63240644225244,55
2,1,43,2,2,2.5,-1.45487769437478,55
3,1,50,2,3,2.5,-1.38409003128164,55
4,1,52,3,4,4.5,-1.17098092180913,55
5,1,55,3,5,4.5,-1.100193258716,55
6,1,59,4,6,6,-0.922664510838335,55
7,1,61,5,7,7.5,-0.745135762960672,55
8,1,66,5,8,7.5,-0.674348099867536,55
9,1,70,6,9,9,-0.496819351989873,55
10,1,73,7,10,10.5,-0.31929060411221,55
11,1,84,7,11,10.5,-0.248502941019073,55
12,1,86,8,12,12.5,-0.0353938315465681,55
13,0,90,8,14,12.5,0.106181494639704,55
14,0,90,9,14,14,0.212922579424231,55
15,0,90,10,14,17,0.426404748993285,55
16,0,100,10,16,17,0.567980075179557,55
17,0,101,10,17.5,17,0.674161569819262,55
18,0,101,10,17.5,17,0.674161569819262,55
19,0,102,10,19,17,0.780343064458966,55
20,0,123,12,20,21,1.13577362031084,55
21,0,132,12,21,21,1.20656128340398,55
22,0,135,12,22,21,1.27734894649711,55
23,0,136,16,23,23,1.49045805596962,55
24,0,221,25,24,24,1.63240644225244,55
1,0,41,8,1.5,25.5,-0.414802099277845,56
2,0,41,8,1.5,25.5,-0.414802099277845,56
3,1,44,7,3,7.5,-1.35480024423317,56
4,1,45,8,4,25.5,-0.295966018045286,56
5,0,46,7,5.5,7.5,-1.23596416300061,56
6,1,46,8,5.5,25.5,-0.22466436930575,56
7,0,47,8,8,25.5,-0.105828288073191,56
8,0,47,8,8,25.5,-0.105828288073191,56
9,1,47,8,8,25.5,-0.105828288073191,56
10,0,48,8,10.5,25.5,0.0130077931593681,56
11,1,48,8,10.5,25.5,0.0130077931593681,56
12,1,49,8,12,25.5,0.0843094418989037,56
13,0,50,8,13.5,25.5,0.155611090638439,56
14,0,50,8,13.5,25.5,0.155611090638439,56
15,1,51,7,16,7.5,-0.736852621823864,56
16,0,51,7,16,7.5,-0.736852621823864,56
17,1,51,7,16,7.5,-0.736852621823864,56
18,1,52,8,18,25.5,0.369516036857046,56
19,1,53,8,20.5,25.5,0.488352118089605,56
20,1,53,7,20.5,7.5,-0.522947675605258,56
21,0,53,8,20.5,25.5,0.488352118089605,56
22,1,53,8,20.5,25.5,0.488352118089605,56
23,1,55,7,23,7.5,-0.404111594372699,56
24,0,56,8,24,25.5,0.654722631815188,56
25,1,57,8,25,25.5,0.702257064308212,56
26,0,58,7,26.5,7.5,-0.237741080647115,56
27,0,58,7,26.5,7.5,-0.237741080647115,56
28,0,59,8,28,25.5,0.844860361787283,56
29,1,61,7,29.5,7.5,-0.0951377831680443,56
30,1,61,7,29.5,7.5,-0.0951377831680443,56
31,0,63,7,31,7.5,-0.0238361344285087,56
32,1,64,8,32,25.5,1.03499809175938,56
33,0,67,8,33,25.5,1.0825325242524,56
34,0,69,7,34.5,7.5,0.142534379297074,56
35,0,69,8,34.5,25.5,1.15383417299194,56
36,0,81,7,36,7.5,0.21383602803661,56
1,0,31,24,1,120,0.0063978197126725,57
2,1,32,21,2.5,119,0.0134998169873314,57
3,0,32,20,2.5,118,-0.00102675670716312,57
4,0,33,18,5,116,0.00596771418577013,57
5,1,33,18,5,116,0.00596771418577013,57
6,1,33,18,5,116,0.00596771418577013,57
7,0,34,17,9,113.5,0.0273274692006096,57
8,1,34,17,9,113.5,0.0273274692006096,57
9,0,34,16,9,112,0.00553760865886788,57
10,1,34,15,9,110.5,-0.0162522518828739,57
11,0,34,15,9,110.5,-0.0162522518828739,57
12,0,35,13,13,109,0.01963407682646,57
13,1,35,12,13,108,0.00510750313196551,57
14,0,35,11,13,105,-0.038472217951518,57
15,0,36,11,20,105,0.0624611132378644,57
16,1,36,11,20,105,0.0624611132378644,57
17,1,36,11,20,105,0.0624611132378644,57
18,0,36,11,20,105,0.0624611132378644,57
19,0,36,10,20,100.5,-0.00290846838736081,57
20,1,36,10,20,100.5,-0.00290846838736081,57
21,0,36,10,20,100.5,-0.00290846838736081,57
22,0,36,10,20,100.5,-0.00290846838736081,57
23,0,36,9,20,98,-0.0392249026235971,57
24,0,36,8,20,95.5,-0.0755413368598333,57
25,0,36,8,20,95.5,-0.0755413368598333,57
26,0,37,8,30,95.5,0.0686491362678558,57
27,1,37,8,30,95.5,0.0686491362678558,57
28,0,37,7,30,89.5,-0.0185103058991112,57
29,1,37,7,30,89.5,-0.0185103058991112,57
30,0,37,7,30,89.5,-0.0185103058991112,57
31,0,37,7,30,89.5,-0.0185103058991112,57
32,0,37,7,30,89.5,-0.0185103058991112,57
33,0,37,7,30,89.5,-0.0185103058991112,57
34,1,37,7,30,89.5,-0.0185103058991112,57
35,0,38,7,42,89.5,0.154518261854116,57
36,1,38,6,42,80.5,0.0237790986036652,57
37,1,38,6,42,80.5,0.0237790986036652,57
38,0,38,6,42,80.5,0.0237790986036652,57
39,1,38,6,42,80.5,0.0237790986036652,57
40,0,38,6,42,80.5,0.0237790986036652,57
41,1,38,6,42,80.5,0.0237790986036652,57
42,1,38,6,42,80.5,0.0237790986036652,57
43,1,38,6,42,80.5,0.0237790986036652,57
44,0,38,6,42,80.5,0.0237790986036652,57
45,1,38,6,42,80.5,0.0237790986036652,57
46,0,38,5,42,68,-0.157803072577516,57
47,0,38,5,42,68,-0.157803072577516,57
48,1,38,5,42,68,-0.157803072577516,57
49,1,38,5,42,68,-0.157803072577516,57
50,1,39,5,55,68,0.0296445424884798,57
51,0,39,5,55,68,0.0296445424884798,57
52,0,39,5,55,68,0.0296445424884798,57
53,1,39,5,55,68,0.0296445424884798,57
54,1,39,5,55,68,0.0296445424884798,57
55,0,39,5,55,68,0.0296445424884798,57
56,0,39,5,55,68,0.0296445424884798,57
57,1,39,5,55,68,0.0296445424884798,57
58,0,39,5,55,68,0.0296445424884798,57
59,0,39,5,55,68,0.0296445424884798,57
60,1,39,5,55,68,0.0296445424884798,57
61,1,40,4,66.5,52,-0.0369615925265898,57
62,0,40,4,66.5,52,-0.0369615925265898,57
63,0,40,4,66.5,52,-0.0369615925265898,57
64,0,40,4,66.5,52,-0.0369615925265898,57
65,1,40,4,66.5,52,-0.0369615925265898,57
66,0,40,4,66.5,52,-0.0369615925265898,57
67,1,40,4,66.5,52,-0.0369615925265898,57
68,0,40,4,66.5,52,-0.0369615925265898,57
69,0,40,4,66.5,52,-0.0369615925265898,57
70,0,40,4,66.5,52,-0.0369615925265898,57
71,0,40,4,66.5,52,-0.0369615925265898,57
72,0,40,4,66.5,52,-0.0369615925265898,57
73,0,41,4,75.5,52,0.0928098332883304,57
74,1,41,4,75.5,52,0.0928098332883304,57
75,1,41,4,75.5,52,0.0928098332883304,57
76,0,41,4,75.5,52,0.0928098332883304,57
77,0,41,4,75.5,52,0.0928098332883304,57
78,0,41,3,75.5,29,-0.241301361685043,57
79,0,42,3,83,29,-0.133158506839276,57
80,0,42,3,83,29,-0.133158506839276,57
81,1,42,3,83,29,-0.133158506839276,57
82,0,42,3,83,29,-0.133158506839276,57
83,0,42,3,83,29,-0.133158506839276,57
84,0,42,3,83,29,-0.133158506839276,57
85,0,42,3,83,29,-0.133158506839276,57
86,1,42,3,83,29,-0.133158506839276,57
87,0,42,3,83,29,-0.133158506839276,57
88,1,43,3,92.5,29,0.00382244263202836,57
89,1,43,3,92.5,29,0.00382244263202836,57
90,0,43,3,92.5,29,0.00382244263202836,57
91,1,43,3,92.5,29,0.00382244263202836,57
92,1,43,3,92.5,29,0.00382244263202836,57
93,0,43,3,92.5,29,0.00382244263202836,57
94,0,43,3,92.5,29,0.00382244263202836,57
95,1,43,3,92.5,29,0.00382244263202836,57
96,0,43,3,92.5,29,0.00382244263202836,57
97,0,43,3,92.5,29,0.00382244263202836,57
98,0,44,3,99.5,29,0.104755773821411,57
99,0,44,3,99.5,29,0.104755773821411,57
100,1,44,3,99.5,29,0.104755773821411,57
101,0,44,3,99.5,29,0.104755773821411,57
102,0,45,3,103.5,29,0.162431963072486,57
103,1,45,3,103.5,29,0.162431963072486,57
104,1,45,3,103.5,29,0.162431963072486,57
105,1,45,3,103.5,29,0.162431963072486,57
106,1,46,3,107.5,29,0.220108152323562,57
107,1,46,2,107.5,8.5,-0.0776866084135752,57
108,0,46,2,107.5,8.5,-0.0776866084135752,57
109,0,46,2,107.5,8.5,-0.0776866084135752,57
110,1,47,2,111.5,8.5,-0.0200104191624996,57
111,1,47,2,111.5,8.5,-0.0200104191624996,57
112,0,47,2,111.5,8.5,-0.0200104191624996,57
113,1,47,2,111.5,8.5,-0.0200104191624996,57
114,0,48,2,114.5,8.5,0.0232467227758072,57
115,0,48,2,114.5,8.5,0.0232467227758072,57
116,0,49,2,116,8.5,0.0448752937449606,57
117,1,50,2,117.5,8.5,0.0665038647141138,57
118,0,50,2,117.5,8.5,0.0665038647141138,57
119,1,52,1,119,1.5,-0.0135535801781943,57
120,1,54,1,120,1.5,0.000865467134574693,57
1,0,20,2,2,5.5,-1.32242214094107,58
2,0,20,2,2,5.5,-1.32242214094107,58
3,0,20,2,2,5.5,-1.32242214094107,58
4,0,25,2,4,5.5,-1.18084681475479,58
5,0,27,2,5,5.5,-1.11005915166166,58
6,0,31,2,6,5.5,-1.03927148856852,58
7,0,33,2,7,5.5,-0.968483825475384,58
8,0,35,2,8,5.5,-0.897696162382248,58
9,0,36,2,9,5.5,-0.826908499289112,58
10,0,37,2,10.5,5.5,-0.720727004649408,58
11,0,37,3,10.5,17.5,0.272104444144538,58
12,0,42,3,12,17.5,0.378285938784243,58
13,0,51,3,13,17.5,0.449073601877379,58
14,0,52,3,14,17.5,0.519861264970515,58
15,0,60,3,15,17.5,0.590648928063651,58
16,1,84,3,16,17.5,0.661436591156788,58
17,0,87,3,17,17.5,0.732224254249924,58
18,1,107,3,18,17.5,0.80301191734306,58
19,0,108,3,19,17.5,0.873799580436196,58
20,0,114,3,20,17.5,0.944587243529333,58
21,0,123,3,21,17.5,1.01537490662247,58
22,0,129,3,22,17.5,1.08616256971561,58
23,0,239,3,23,17.5,1.15695023280874,58
24,1,452,3,24,17.5,1.22773789590188,58
1,0,33,2,1,17,-1.4266499480945,59
2,0,35,2,2,17,-1.40865786589871,59
3,1,37,2,3,17,-1.39066578370292,59
4,1,38,3,4,37,-1.00948256258997,59
5,0,39,16,6,95.5,0.088835683134316,59
6,1,39,2,6,17,-1.33668953711556,59
7,0,39,2,6,17,-1.33668953711556,59
8,1,40,3,9.5,37,-0.910526110513132,59
9,0,40,6,9.5,71,-0.293101174353951,59
10,0,40,4,9.5,53,-0.6199731993794,59
11,1,40,3,9.5,37,-0.910526110513132,59
12,0,41,7,15,80.5,-0.0216289312914592,59
13,1,41,4,15,53,-0.521016747302562,59
14,0,41,3,15,37,-0.811569658436294,59
15,0,41,6,15,71,-0.194144722277113,59
16,0,41,10,15,90.5,0.159966638167124,59
17,0,41,1,15,4,-1.41083503764962,59
18,0,41,2,15,17,-1.17476079735346,59
19,0,42,4,22,53,-0.39507217193204,59
20,1,42,5,22,61.5,-0.240715937892245,59
21,0,42,6,22,71,-0.0682001469065913,59
22,1,42,2,22,17,-1.04881622198294,59
23,0,42,2,22,17,-1.04881622198294,59
24,0,42,6,22,71,-0.0682001469065913,59
25,0,42,6,22,71,-0.0682001469065913,59
26,1,43,12,28.5,93,0.448258640174918,59
27,0,43,9,28.5,88,0.357460855445626,59
28,0,43,3,28.5,37,-0.568676548793146,59
29,1,43,6,28.5,71,0.0487483873660357,59
30,0,43,5,28.5,61.5,-0.123767403619618,59
31,1,43,1,28.5,4,-1.16794192800647,59
32,0,44,5,34,61.5,-0.0248109515427797,59
33,1,44,4,34,53,-0.179167185582575,59
34,1,44,5,34,61.5,-0.0248109515427797,59
35,0,44,8,34,85,0.40193863668489,59
36,0,44,2,34,17,-0.832911235633473,59
37,0,45,2,42,17,-0.688974578067163,59
38,0,45,8,42,85,0.5458752942512,59
39,1,45,9,42,88,0.600353965088775,59
40,0,45,2,42,17,-0.688974578067163,59
41,0,45,5,42,61.5,0.119125706023531,59
42,1,45,7,42,80.5,0.464157287994838,59
43,1,45,2,42,17,-0.688974578067163,59
44,1,45,9,42,88,0.600353965088775,59
45,0,45,4,42,53,-0.0352305280162648,59
46,0,45,3,42,37,-0.325783439149997,59
47,0,45,6,42,71,0.291641497009184,59
48,0,46,1,50.5,4,-0.772116119699116,59
49,0,46,6,50.5,71,0.444574195673389,59
50,0,46,4,50.5,53,0.11770217064794,59
51,0,46,7,50.5,80.5,0.617089986659042,59
52,0,46,4,50.5,53,0.11770217064794,59
53,0,46,3,50.5,37,-0.172850740485793,59
54,1,47,5,56.5,61.5,0.380010897862468,59
55,1,47,1,56.5,4,-0.664163626524383,59
56,0,47,3,56.5,37,-0.0648982473110599,59
57,0,47,2,56.5,17,-0.428089386228225,59
58,1,47,7,56.5,80.5,0.725042479833775,59
59,0,47,2,56.5,17,-0.428089386228225,59
60,0,48,11,64,92,1.06881800117956,59
61,1,48,6,64,71,0.687467305316537,59
62,0,48,3,64,37,0.0700423691573559,59
63,0,48,3,64,37,0.0700423691573559,59
64,0,48,6,64,71,0.687467305316537,59
65,0,48,2,64,17,-0.29314876975981,59
66,0,48,3,64,37,0.0700423691573559,59
67,0,48,2,64,17,-0.29314876975981,59
68,0,48,4,64,53,0.360595280291088,59
69,0,49,3,70.5,37,0.186990903429983,59
70,1,49,6,70.5,71,0.804415839589164,59
71,0,49,4,70.5,53,0.477543814563715,59
72,0,49,1,70.5,4,-0.41227447578334,59
73,0,50,3,76.5,37,0.294943396604716,59
74,0,50,3,76.5,37,0.294943396604716,59
75,0,50,4,76.5,53,0.585496307738448,59
76,0,50,2,76.5,17,-0.0682477423124499,59
77,1,50,6,76.5,71,0.912368332763897,59
78,0,50,13,76.5,94,1.33003814251864,59
79,1,50,1,76.5,4,-0.304321982608607,59
80,0,50,3,76.5,37,0.294943396604716,59
81,0,51,7,82.5,80.5,1.19283661692428,59
82,1,51,3,82.5,37,0.402895889779448,59
83,1,51,4,82.5,53,0.693448800913181,59
84,0,51,1,82.5,4,-0.196369489433875,59
85,0,52,7,85.5,80.5,1.24681286351165,59
86,0,52,3,85.5,37,0.456872136366815,59
87,1,53,3,87,37,0.483860259660498,59
88,0,54,3,89.5,37,0.52884046514997,59
89,1,54,6,89.5,71,1.14626540130915,59
90,0,54,3,89.5,37,0.52884046514997,59
91,0,54,8,89.5,85,1.40049919855117,59
92,0,55,10,92,90.5,1.54535696724286,59
93,0,57,2,93,17,0.228621613918065,59
94,0,59,16,94,95.5,1.67213891636373,59
95,0,60,3,95,37,0.627796917226808,59
96,0,62,2,96,17,0.282597860505431,59
1,0,278,13,1,96,0.0612523690516128,60
2,0,280,12,2,94,0.0407198619902566,60
3,0,289,12,3,94,0.0586733219336502,60
4,0,292,12,4,94,0.0766267818770436,60
5,0,294,11,5,88.5,-0.0112561674426245,60
6,0,296,11,6,88.5,0.006697292500769,60
7,0,298,11,8,88.5,0.0426042123875561,60
8,0,298,11,8,88.5,0.0426042123875561,60
9,0,298,11,8,88.5,0.0426042123875561,60
10,0,299,11,10.5,88.5,0.08748786224604,60
11,0,299,11,10.5,88.5,0.08748786224604,60
12,1,300,11,12,88.5,0.11441805216113,60
13,0,302,10,13.5,65.5,-0.301240378478401,60
14,0,302,10,13.5,65.5,-0.301240378478401,60
15,0,306,10,16,65.5,-0.256356728619917,60
16,0,306,10,16,65.5,-0.256356728619917,60
17,0,306,10,16,65.5,-0.256356728619917,60
18,0,308,10,19,65.5,-0.202496348789737,60
19,0,308,10,19,65.5,-0.202496348789737,60
20,0,308,10,19,65.5,-0.202496348789737,60
21,0,309,10,21,65.5,-0.16658942890295,60
22,0,310,10,22,65.5,-0.148635968959556,60
23,0,312,10,23,65.5,-0.130682509016163,60
24,0,314,10,25,65.5,-0.0947755891293755,60
25,1,314,10,25,65.5,-0.0947755891293755,60
26,0,314,10,25,65.5,-0.0947755891293755,60
27,0,315,10,27.5,65.5,-0.0498919392708916,60
28,0,315,10,27.5,65.5,-0.0498919392708916,60
29,0,317,10,29,65.5,-0.0229617493558014,60
30,0,323,10,30.5,65.5,0.00396844055928897,60
31,0,323,10,30.5,65.5,0.00396844055928897,60
32,0,325,10,32,65.5,0.0308986304743792,60
33,0,327,10,33,65.5,0.0488520904177728,60
34,0,328,10,34,65.5,0.0668055503611663,60
35,0,329,10,37,65.5,0.120665930191347,60
36,0,329,10,37,65.5,0.120665930191347,60
37,0,329,10,37,65.5,0.120665930191347,60
38,0,329,10,37,65.5,0.120665930191347,60
39,1,329,10,37,65.5,0.120665930191347,60
40,0,331,10,40.5,65.5,0.183503039993224,60
41,1,331,10,40.5,65.5,0.183503039993224,60
42,0,332,10,43,65.5,0.228386689851708,60
43,0,332,10,43,65.5,0.228386689851708,60
44,0,332,10,43,65.5,0.228386689851708,60
45,0,333,10,46,65.5,0.282247069681889,60
46,0,333,10,46,65.5,0.282247069681889,60
47,1,333,10,46,65.5,0.282247069681889,60
48,1,334,10,48.5,65.5,0.327130719540373,60
49,1,334,10,48.5,65.5,0.327130719540373,60
50,1,335,10,50,65.5,0.354060909455463,60
51,0,337,9,51,27,-0.368840495442576,60
52,0,338,9,53,27,-0.332933575555789,60
53,1,338,9,53,27,-0.332933575555789,60
54,1,338,9,53,27,-0.332933575555789,60
55,0,339,9,56.5,27,-0.270096465753911,60
56,0,339,9,56.5,27,-0.270096465753911,60
57,0,339,9,56.5,27,-0.270096465753911,60
58,1,339,9,56.5,27,-0.270096465753911,60
59,1,340,9,59,27,-0.225212815895427,60
60,0,342,9,60,27,-0.207259355952034,60
61,0,343,9,61,27,-0.18930589600864,60
62,0,344,9,62.5,27,-0.16237570609355,60
63,0,344,9,62.5,27,-0.16237570609355,60
64,0,345,9,64,27,-0.13544551617846,60
65,0,346,9,65.5,27,-0.108515326263369,60
66,0,346,9,65.5,27,-0.108515326263369,60
67,0,349,9,67,27,-0.081585136348279,60
68,0,350,9,68,27,-0.0636316764048855,60
69,1,351,9,69,27,-0.0456782164614919,60
70,1,352,9,70,27,-0.0277247565180984,60
71,0,354,9,71,27,-0.00977129657470488,60
72,0,355,9,72,27,0.00818216336868866,60
73,0,356,9,73,27,0.0261356233120822,60
74,1,357,9,74,27,0.0440890832554757,60
75,0,358,9,75.5,27,0.071019273170566,60
76,0,358,9,75.5,27,0.071019273170566,60
77,0,359,9,77,27,0.0979494630856563,60
78,0,360,9,78.5,27,0.124879653000747,60
79,0,360,9,78.5,27,0.124879653000747,60
80,0,361,9,80.5,27,0.160786572887534,60
81,0,361,9,80.5,27,0.160786572887534,60
82,0,362,9,82,27,0.187716762802624,60
83,1,363,9,83,27,0.205670222746018,60
84,0,364,9,85,27,0.241577142632805,60
85,1,364,9,85,27,0.241577142632805,60
86,0,364,9,85,27,0.241577142632805,60
87,1,366,9,87,27,0.277484062519592,60
88,1,367,9,88.5,27,0.304414252434682,60
89,1,367,9,88.5,27,0.304414252434682,60
90,1,368,8,90,4,-0.111244178204849,60
91,0,369,8,91,4,-0.0932907182614559,60
92,1,378,8,92,4,-0.0753372583180624,60
93,0,379,8,93,4,-0.0573837983746688,60
94,0,384,8,94,4,-0.0394303384312753,60
95,0,391,8,95,4,-0.0214768784878817,60
96,1,409,8,96,4,-0.00352341854448823,60
1,0,20,18,1.5,36,0.037230114310617,61
2,0,20,13,1.5,35,-0.0110230322417958,61
3,0,26,12,3,34,0.0119473462372567,61
4,0,27,10,4,32.5,-0.0129500235703857,61
5,0,28,10,5,32.5,0.0345323264505911,61
6,1,29,9,6,28,-0.135124483014289,61
7,0,31,9,7,28,-0.0876421329933125,61
8,0,32,9,8,28,-0.0401597829723356,61
9,0,33,9,9.5,28,0.0310637420591296,61
10,0,33,9,9.5,28,0.0310637420591296,61
11,0,41,9,11.5,28,0.126028442101083,61
12,0,41,9,11.5,28,0.126028442101083,61
13,0,42,8,14,22.5,-0.0206579888847448,61
14,0,42,8,14,22.5,-0.0206579888847448,61
15,0,42,8,14,22.5,-0.0206579888847448,61
16,0,45,8,16,22.5,0.0743067111572089,61
17,0,46,7,17,19.5,-0.0229703784790525,61
18,0,48,7,18,19.5,0.0245119715419243,61
19,0,49,6,19,16,-0.0968916913705434,61
20,0,52,6,20.5,16,-0.0256681663390782,61
21,0,52,6,20.5,16,-0.0256681663390782,61
22,0,53,6,22,16,0.045555358692387,61
23,0,58,6,23,16,0.0930377087133639,61
24,1,59,5,24,8.5,-0.221378540408755,61
25,1,64,5,25,8.5,-0.173896190387778,61
26,1,77,5,26,8.5,-0.126413840366801,61
27,0,78,5,27,8.5,-0.0789314903458244,61
28,0,79,5,28,8.5,-0.0314491403248476,61
29,0,82,5,29,8.5,0.0160332096961293,61
30,0,84,5,30,8.5,0.0635155597171061,61
31,0,116,5,31,8.5,0.110997909738083,61
32,0,157,5,32,8.5,0.15848025975906,61
33,0,160,5,33,8.5,0.205962609780037,61
34,0,161,4,34,2.5,-0.0360739195134631,61
35,0,195,4,35,2.5,0.0114084305075138,61
36,0,300,3,36,1,-0.0134889393001285,61
1,1,20,7,5,62,-1.00087287616943,62
2,1,20,7,5,62,-1.00087287616943,62
3,1,20,7,5,62,-1.00087287616943,62
4,1,20,7,5,62,-1.00087287616943,62
5,1,20,7,5,62,-1.00087287616943,62
6,1,20,7,5,62,-1.00087287616943,62
7,1,20,7,5,62,-1.00087287616943,62
8,1,20,7,5,62,-1.00087287616943,62
9,1,20,7,5,62,-1.00087287616943,62
10,0,21,8,10,133,0.354521305851498,62
11,1,22,7,11,62,-0.928935742882327,62
12,1,23,7,12.5,62,-0.910951459560552,62
13,1,23,7,12.5,62,-0.910951459560552,62
14,1,24,8,15,133,0.414468916924082,62
15,1,24,8,15,133,0.414468916924082,62
16,1,24,7,15,62,-0.88097765402426,62
17,1,26,8,18,133,0.450437483567633,62
18,1,26,7,18,62,-0.845009087380709,62
19,1,26,7,18,62,-0.845009087380709,62
20,0,27,8,20,133,0.474416527996666,62
21,1,28,7,21,62,-0.809040520737159,62
22,1,29,7,22.5,62,-0.791056237415384,62
23,1,29,7,22.5,62,-0.791056237415384,62
24,1,32,7,24,62,-0.773071954093609,62
25,1,33,7,25.5,62,-0.755087670771833,62
26,1,33,7,25.5,62,-0.755087670771833,62
27,1,34,7,27.5,62,-0.7311086263428,62
28,1,34,7,27.5,62,-0.7311086263428,62
29,1,36,7,29,62,-0.713124343021025,62
30,1,37,7,30,62,-0.701134820806508,62
31,1,38,7,31,62,-0.689145298591991,62
32,1,39,7,32,62,-0.677155776377474,62
33,0,40,8,33,133,0.630280316785385,62
34,1,41,7,36.5,62,-0.623202926412148,62
35,1,41,7,36.5,62,-0.623202926412148,62
36,1,41,7,36.5,62,-0.623202926412148,62
37,1,41,7,36.5,62,-0.623202926412148,62
38,1,41,7,36.5,62,-0.623202926412148,62
39,1,41,7,36.5,62,-0.623202926412148,62
40,1,42,7,40.5,62,-0.575244837554081,62
41,1,42,7,40.5,62,-0.575244837554081,62
42,1,43,7,42.5,62,-0.551265793125048,62
43,1,43,7,42.5,62,-0.551265793125048,62
44,0,44,7,45,62,-0.521291987588756,62
45,0,44,7,45,62,-0.521291987588756,62
46,0,44,7,45,62,-0.521291987588756,62
47,0,45,8,47.5,133,0.804128388895879,62
48,1,45,7,47.5,62,-0.491318182052464,62
49,0,46,7,49,62,-0.473333898730688,62
50,0,47,8,50.5,133,0.840096955539429,62
51,0,47,7,50.5,62,-0.455349615408913,62
52,1,48,7,52,62,-0.437365332087138,62
53,0,49,7,53,62,-0.425375809872621,62
54,1,50,7,55,62,-0.401396765443588,62
55,0,50,7,55,62,-0.401396765443588,62
56,0,50,7,55,62,-0.401396765443588,62
57,0,51,7,58.5,62,-0.359433437692779,62
58,1,51,8,58.5,133,0.936013133255563,62
59,0,51,7,58.5,62,-0.359433437692779,62
60,0,51,8,58.5,133,0.936013133255563,62
61,0,52,7,61,62,-0.329459632156487,62
62,0,56,7,63,62,-0.305480587727453,62
63,1,56,7,63,62,-0.305480587727453,62
64,1,56,8,63,133,0.989965983220889,62
65,1,57,7,65,62,-0.28150154329842,62
66,0,58,8,67.5,133,1.04391883318621,62
67,0,58,7,67.5,62,-0.251527737762128,62
68,1,58,7,67.5,62,-0.251527737762128,62
69,0,58,7,67.5,62,-0.251527737762128,62
70,0,60,7,71,62,-0.209564410011319,62
71,0,60,7,71,62,-0.209564410011319,62
72,0,60,7,71,62,-0.209564410011319,62
73,1,61,7,73,62,-0.185585365582285,62
74,0,62,8,74.5,133,1.12784548868783,62
75,0,62,8,74.5,133,1.12784548868783,62
76,0,63,7,76,62,-0.149616798938735,62
77,0,64,7,78,62,-0.125637754509701,62
78,1,64,7,78,62,-0.125637754509701,62
79,0,64,7,78,62,-0.125637754509701,62
80,0,65,7,80,62,-0.101658710080668,62
81,0,66,7,81,62,-0.0896691878661507,62
82,0,67,7,82,62,-0.077679665651634,62
83,0,68,7,84,62,-0.0537006212226003,62
84,0,68,7,84,62,-0.0537006212226003,62
85,1,68,8,84,133,1.24174594972574,62
86,0,69,7,87.5,62,-0.0117372934717915,62
87,0,69,7,87.5,62,-0.0117372934717915,62
88,0,69,7,87.5,62,-0.0117372934717915,62
89,1,69,7,87.5,62,-0.0117372934717915,62
90,0,70,7,90,62,0.0182365120645005,62
91,0,71,7,91,62,0.0302260342790173,62
92,1,72,7,92,62,0.0422155564935341,62
93,0,74,7,93,62,0.0542050787080509,62
94,1,77,7,94,62,0.0661946009225677,62
95,0,78,7,95,62,0.0781841231370845,62
96,0,79,7,96.5,62,0.0961684064588597,62
97,0,79,7,96.5,62,0.0961684064588597,62
98,0,80,7,98,62,0.114152689780635,62
99,0,85,7,99,62,0.126142211995152,62
100,0,87,7,100.5,62,0.144126495316927,62
101,0,87,7,100.5,62,0.144126495316927,62
102,0,89,7,103,62,0.174100300853219,62
103,0,89,7,103,62,0.174100300853219,62
104,1,89,8,103,133,1.46954687180156,62
105,0,91,7,105,62,0.198079345282253,62
106,0,92,8,106,133,1.50551543844511,62
107,0,93,8,107,133,1.51750496065963,62
108,0,95,7,108,62,0.234047911925803,62
109,0,96,7,109,62,0.24603743414032,62
110,0,98,7,110.5,62,0.264021717462095,62
111,0,98,7,110.5,62,0.264021717462095,62
112,1,100,8,112,133,1.57745257173221,62
113,0,102,7,113,62,0.293995522998387,62
114,0,103,7,114,62,0.305985045212904,62
115,1,104,8,116,133,1.62541066059028,62
116,0,104,8,116,133,1.62541066059028,62
117,0,104,7,116,62,0.329964089641937,62
118,0,107,7,118.5,62,0.359937895178229,62
119,0,107,7,118.5,62,0.359937895178229,62
120,0,110,7,120.5,62,0.383916939607263,62
121,1,110,8,120.5,133,1.67936351055561,62
122,0,113,7,123,62,0.413890745143555,62
123,0,113,7,123,62,0.413890745143555,62
124,1,113,6,123,1.5,-0.689975699115244,62
125,0,118,7,125,62,0.437869789572589,62
126,0,119,7,126.5,62,0.455854072894364,62
127,0,119,7,126.5,62,0.455854072894364,62
128,1,121,8,128,133,1.76928492716448,62
129,0,128,7,129,62,0.485827878430656,62
130,1,129,7,130,62,0.497817400645173,62
131,0,131,7,131,62,0.509806922859689,62
132,0,141,7,132,62,0.521796445074206,62
133,0,150,7,133,62,0.533785967288723,62
134,0,157,7,134,62,0.54577548950324,62
135,1,161,6,135,1.5,-0.546101432541042,62
136,0,169,7,136,62,0.569754533932273,62
137,1,185,7,137,62,0.58174405614679,62
138,0,186,7,138,62,0.593733578361307,62
139,1,195,7,139,62,0.605723100575824,62
140,0,200,7,140,62,0.617712622790341,62
141,0,282,7,141,62,0.629702145004857,62
142,1,284,7,142,62,0.641691667219374,62
143,0,331,7,143,62,0.653681189433891,62
144,1,358,7,144,62,0.665670711648408,62
1,0,85,7,1,66.5,-0.110260379039166,63
2,0,89,7,2,66.5,-0.0863688787052044,63
3,0,95,3,3,38.5,-0.751172735666608,63
4,0,112,3,4,38.5,-0.727281235332647,63
5,0,117,4,5,55,-0.297551399449631,63
6,0,134,3,6,38.5,-0.679498234664724,63
7,1,135,2,7,17.5,-1.17212825230229,63
8,1,143,1,8.5,4.5,-1.45604241768848,63
9,0,143,3,8.5,38.5,-0.619769483829821,63
10,1,150,2,10,17.5,-1.1004537513004,63
11,1,158,2,11,17.5,-1.07656225096644,63
12,0,161,5,12,61,0.0172666794513912,63
13,0,169,7,13,66.5,0.176437624968371,63
14,1,172,2,14,17.5,-1.00488774996456,63
15,1,173,2,15,17.5,-0.980996249630596,63
16,0,174,4,16,55,-0.034744895776056,63
17,0,190,4,17,55,-0.0108533954420946,63
18,0,191,2,18,17.5,-0.909321748628712,63
19,1,193,3,19,38.5,-0.368908730323226,63
20,0,194,6,20,63,0.25759120764418,63
21,0,196,3,21,38.5,-0.321125729655304,63
22,0,200,2,22,17.5,-0.813755747292866,63
23,0,203,3,23,38.5,-0.273342728987381,63
24,0,205,2,24,17.5,-0.765972746624944,63
25,0,224,3,25,38.5,-0.225559728319458,63
26,0,239,3,26.5,38.5,-0.189722477818516,63
27,0,239,3,26.5,38.5,-0.189722477818516,63
28,1,242,1,28,4.5,-0.990158161176232,63
29,0,245,4,29,55,0.275844608565442,63
30,1,248,1,30,4.5,-0.942375160508309,63
31,1,249,4,31,55,0.323627609233365,63
32,0,253,2,32,17.5,-0.574840743953253,63
33,0,258,3,33,38.5,-0.0344277256477673,63
34,0,261,2,34,17.5,-0.52705774328533,63
35,0,263,4,35,55,0.41919361056921,63
36,0,265,8,36,71,0.836625315071952,63
37,0,269,3,37,38.5,0.0611382756880782,63
38,0,277,2,38,17.5,-0.431491741949484,63
39,0,281,1,39,4.5,-0.727351657502657,63
40,0,290,1,40,4.5,-0.703460157168696,63
41,0,294,3,41,38.5,0.156704277023924,63
42,0,312,7,42,66.5,0.86929113465325,63
43,1,328,8,43,71,1.00386581740968,63
44,1,349,3,44,38.5,0.228378778025808,63
45,0,355,4,45,55,0.658108613908824,63
46,0,362,1,46,4.5,-0.560111155164927,63
47,1,363,2,47,17.5,-0.216468238943832,63
48,0,369,5,48,61,0.877360691474,63
49,0,374,1,49,4.5,-0.488436654163043,63
50,0,382,1,50,4.5,-0.464545153829082,63
51,0,405,3,51,38.5,0.395619280363537,63
52,0,409,3,52,38.5,0.419510780697499,63
53,1,460,7,53,66.5,1.13209763832683,63
54,0,468,4,54,55,0.873132116914476,63
55,0,474,2,55,17.5,-0.0253362362721412,63
56,0,510,3,56,38.5,0.515076782033344,63
57,0,521,8,57,71,1.33834682208514,63
58,0,630,7,58,66.5,1.25155513999663,63
59,0,689,2,59,17.5,0.0702297650637043,63
60,0,720,3,60,38.5,0.61064278336919,63
61,0,723,2,61,17.5,0.118012765731627,63
62,0,738,3,62,38.5,0.658425784037112,63
63,0,760,4,63,55,1.08815561992013,63
64,0,868,2,64,17.5,0.189687266733511,63
65,0,891,3,65.5,38.5,0.742046035205977,63
66,0,891,3,65.5,38.5,0.742046035205977,63
67,0,951,5,67,61,1.33129919781927,63
68,0,984,3,68,38.5,0.801774786040881,63
69,0,1034,2,69,17.5,0.309144768403318,63
70,1,1042,3,70,38.5,0.849557786708803,63
71,0,1067,3,71,38.5,0.873449287042765,63
72,0,1073,2,72,17.5,0.380819269405202,63
1,1,171,9,1,48,0.0356319925188731,64
2,1,185,8,2,47,0.03411573751807,64
3,0,201,7,3,45,-0.00463202746995706,64
4,0,208,7,4,45,0.0310832275164636,64
5,1,218,7,5,45,0.0667984825028843,64
6,1,237,6,6,41,-0.04641230245959,64
7,1,240,6,7,41,-0.0106970474731694,64
8,1,244,6,8,41,0.0250182075132512,64
9,0,251,6,9,41,0.0607334624996719,64
10,0,259,6,10,41,0.0964487174860926,64
11,1,261,5,11,32.5,-0.184303862418889,64
12,0,282,5,12,32.5,-0.148588607432468,64
13,1,284,5,13.5,32.5,-0.0950157249528372,64
14,0,284,5,13.5,32.5,-0.0950157249528372,64
15,1,285,5,15,32.5,-0.0414428424732062,64
16,0,288,5,16,32.5,-0.00572758748678548,64
17,0,289,5,17,32.5,0.0299876674996352,64
18,1,292,5,18,32.5,0.0657029224860559,64
19,1,298,5,19,32.5,0.101418177472477,64
20,1,300,5,20,32.5,0.137133432458897,64
21,1,306,5,21,32.5,0.172848687445318,64
22,0,311,5,22,32.5,0.208563942431739,64
23,0,312,4,23,17,-0.332809207383809,64
24,0,323,4,24,17,-0.297093952397389,64
25,0,332,4,25,17,-0.261378697410968,64
26,1,340,4,26,17,-0.225663442424547,64
27,1,341,4,27,17,-0.189948187438127,64
28,0,352,4,28,17,-0.154232932451706,64
29,0,366,4,29,17,-0.118517677465285,64
30,0,368,4,30,17,-0.0828024224788647,64
31,1,371,4,31,17,-0.047087167492444,64
32,0,386,4,32,17,-0.0113719125060233,64
33,1,387,4,33,17,0.0243433424803974,64
34,0,397,4,34,17,0.0600585974668181,64
35,0,399,4,35,17,0.0957738524532387,64
36,1,435,4,36,17,0.131489107439659,64
37,1,451,4,37,17,0.16720436242608,64
38,1,459,4,38,17,0.202919617412501,64
39,0,470,4,39,17,0.238634872398921,64
40,0,471,4,40,17,0.274350127385342,64
41,0,486,4,41,17,0.310065382371763,64
42,1,527,3,42,5,-0.100997482488502,64
43,1,535,3,43,5,-0.0652822275020813,64
44,0,574,3,44,5,-0.0295669725156606,64
45,0,575,3,45,5,0.00614828247076005,64
46,0,586,3,46,5,0.0418635374571807,64
47,1,630,2,47,1.5,-0.0527314925116819,64
48,0,775,2,48,1.5,-0.0170162375252612,64
1,1,134,30,1,120,0.00372354522912322,65
2,1,149,24,2,118.5,-0.00355760735902033,65
3,0,167,24,3,118.5,0.0108169560410084,65
4,1,171,23,4,117,0.00353580345286486,65
5,0,188,22,5,116,0.00347322286077878,65
6,0,189,20,6,115,0.00341064226869259,65
7,0,201,19,7,113,-0.0110890823155082,65
8,0,237,19,8.5,113,0.0104727627845349,65
9,1,237,19,8.5,113,0.0104727627845349,65
10,0,247,18,10.5,111,0.0103476016003626,65
11,1,247,17,10.5,109.5,-0.0113081143878097,65
12,1,256,17,12,109.5,0.0102537307122335,65
13,0,261,16,13.5,108,0.0101598598241043,65
14,1,261,15,13.5,107,-0.00427728416801054,65
15,0,264,14,15,104,-0.026026871044312,65
16,1,266,14,16.5,104,-0.0044650259442689,65
17,0,266,14,16.5,104,-0.0044650259442689,65
18,0,275,14,18,104,0.0170968191557743,65
19,0,294,14,19,104,0.0314713825558031,65
20,0,303,13,20,99.5,-0.0191212020086851,65
21,0,304,13,21,99.5,-0.00474663860865632,65
22,1,315,13,22.5,99.5,0.0168152064913868,65
23,1,315,13,22.5,99.5,0.0168152064913868,65
24,1,319,12,24,93.5,-0.0482458123612592,65
25,0,322,12,25,93.5,-0.0338712489612305,65
26,0,326,12,26,93.5,-0.0194966855612017,65
27,1,328,12,27,93.5,-0.00512212216117297,65
28,1,333,12,28,93.5,0.00925244123885577,65
29,0,334,12,29,93.5,0.0236270046388846,65
30,0,342,12,30,93.5,0.0380015680389133,65
31,0,343,12,31,93.5,0.052376131438942,65
32,1,346,11,32,84.5,-0.0631836010900629,65
33,1,348,11,33,84.5,-0.0488090376900341,65
34,1,351,11,34.5,84.5,-0.027247192589991,65
35,0,351,11,34.5,84.5,-0.027247192589991,65
36,1,355,11,36,84.5,-0.00568534748994787,65
37,1,358,11,37,84.5,0.00868921591008087,65
38,0,362,11,38.5,84.5,0.030251061010124,65
39,0,362,11,38.5,84.5,0.030251061010124,65
40,0,363,11,40,84.5,0.0518129061101671,65
41,0,365,11,41.5,84.5,0.0733747512102103,65
42,1,365,10,41.5,74,-0.0782152607069957,65
43,1,366,10,43,74,-0.0566534156069526,65
44,0,368,10,44.5,74,-0.0350915705069095,65
45,1,368,10,44.5,74,-0.0350915705069095,65
46,0,369,10,46,74,-0.0135297254068663,65
47,1,370,10,47,74,0.000844837993162401,65
48,0,375,10,48,74,0.0152194013931912,65
49,1,378,10,49,74,0.0295939647932199,65
50,0,380,10,50.5,74,0.051155809893263,65
51,0,380,10,50.5,74,0.051155809893263,65
52,1,381,10,52.5,74,0.0799049366933205,65
53,1,381,9,52.5,63.5,-0.0716850752238855,65
54,1,383,9,54.5,63.5,-0.0429359484238279,65
55,1,383,9,54.5,63.5,-0.0429359484238279,65
56,0,387,9,56,63.5,-0.0213741033237848,65
57,0,394,9,57,63.5,-0.00699953992375606,65
58,0,400,9,58.5,63.5,0.0145623051762871,65
59,1,400,9,58.5,63.5,0.0145623051762871,65
60,0,402,9,60,63.5,0.0361241502763302,65
61,0,411,9,61,63.5,0.0504987136763589,65
62,0,418,9,62,63.5,0.0648732770763877,65
63,1,422,8,63,53,-0.0723421714407895,65
64,1,424,8,64,53,-0.0579676080407608,65
65,1,426,8,65,53,-0.043593044640732,65
66,0,427,8,66,53,-0.0292184812407033,65
67,0,429,8,67,53,-0.0148439178406745,65
68,1,432,8,68.5,53,0.00671792725936861,65
69,1,432,8,68.5,53,0.00671792725936861,65
70,0,436,8,70,53,0.0282797723594117,65
71,0,440,8,71,53,0.0426543357594405,65
72,1,444,8,72,53,0.0570288991594692,65
73,1,445,8,73,53,0.071403462559498,65
74,1,447,7,74,37.5,-0.137997705918253,65
75,1,462,7,75,37.5,-0.123623142518225,65
76,1,463,7,76,37.5,-0.109248579118196,65
77,1,464,7,78,37.5,-0.0804994523181385,65
78,1,464,7,78,37.5,-0.0804994523181385,65
79,1,464,7,78,37.5,-0.0804994523181385,65
80,1,483,7,80,37.5,-0.051750325518081,65
81,1,485,7,81,37.5,-0.0373757621180523,65
82,0,492,7,82.5,37.5,-0.0158139170180091,65
83,0,492,7,82.5,37.5,-0.0158139170180091,65
84,1,493,7,84,37.5,0.005747928082034,65
85,0,506,7,85,37.5,0.0201224914820627,65
86,0,509,7,86,37.5,0.0344970548820915,65
87,1,510,7,87,37.5,0.0488716182821202,65
88,0,515,7,88,37.5,0.063246181682149,65
89,0,518,7,89,37.5,0.0776207450821778,65
90,0,537,7,90.5,37.5,0.0991825901822209,65
91,0,537,7,90.5,37.5,0.0991825901822209,65
92,0,538,7,92,37.5,0.120744435282264,65
93,0,540,7,93,37.5,0.135118998682293,65
94,1,543,6,94,24.5,-0.0381893098151716,65
95,0,558,6,95.5,24.5,-0.0166274647151284,65
96,1,558,6,95.5,24.5,-0.0166274647151284,65
97,1,565,6,97,24.5,0.00493438038491467,65
98,0,566,6,98,24.5,0.0193089437849434,65
99,0,568,6,99,24.5,0.0336835071849722,65
100,1,572,5,100,16,-0.0746576533479754,65
101,1,595,5,101,16,-0.0602830899479466,65
102,1,616,5,102,16,-0.0459085265479179,65
103,1,622,5,103.5,16,-0.0243466814478748,65
104,1,622,5,103.5,16,-0.0243466814478748,65
105,0,623,5,105,16,-0.00278483634783155,65
106,0,631,5,106,16,0.0115897270521972,65
107,0,633,5,107,16,0.0259642904522259,65
108,0,639,5,108,16,0.0403388538522547,65
109,0,646,5,109,16,0.0547134172522834,65
110,1,667,5,110,16,0.0690879806523121,65
111,1,679,4,111,7.5,-0.0392531798806354,65
112,0,684,4,112,7.5,-0.0248786164806066,65
113,0,701,4,113,7.5,-0.0105040530805779,65
114,0,727,4,114,7.5,0.00387051031945085,65
115,1,752,4,115,7.5,0.0182450737194797,65
116,1,779,4,116,7.5,0.0326196371195084,65
117,1,802,3,117.5,3,-0.0107856657449653,65
118,0,802,3,117.5,3,-0.0107856657449653,65
119,0,849,3,119,3,0.0107761793550778,65
120,0,862,1,120,1,-0.00372354522912322,65
1,0,59,14,1,120,0.0259153507771146,66
2,0,124,13,2,118.5,0.0180748781799277,66
3,0,126,13,3,118.5,0.032449167032598,66
4,0,131,12,4,114.5,-0.0124159079810173,66
5,1,143,12,5,114.5,0.00195838087165301,66
6,0,147,12,6.5,114.5,0.0235198141506585,66
7,0,147,12,6.5,114.5,0.0235198141506585,66
8,1,157,12,8,114.5,0.045081247429664,66
9,1,161,12,9,114.5,0.0594555362823342,66
10,1,173,11,10,103.5,-0.0890784254972808,66
11,0,175,11,11,103.5,-0.0747041366446105,66
12,1,178,11,12,103.5,-0.0603298477919402,66
13,0,179,11,13.5,103.5,-0.0387684145129347,66
14,0,179,11,13.5,103.5,-0.0387684145129347,66
15,1,181,11,15,103.5,-0.0172069812339292,66
16,1,185,11,16,103.5,-0.00283269238125894,66
17,0,189,11,17,103.5,0.0115415964714114,66
18,0,191,11,18,103.5,0.0259158853240817,66
19,0,194,11,19,103.5,0.0402901741767521,66
20,1,195,11,20.5,103.5,0.0618516074557576,66
21,0,195,11,20.5,103.5,0.0618516074557576,66
22,1,203,11,22,103.5,0.0834130407347631,66
23,0,206,11,23,103.5,0.0977873295874333,66
24,0,210,11,24,103.5,0.112161618440104,66
25,0,215,11,25,103.5,0.126535907292774,66
26,0,220,10,26,78.5,-0.229335828018841,66
27,0,222,10,27,78.5,-0.21496153916617,66
28,0,224,10,28,78.5,-0.2005872503135,66
29,1,225,10,29.5,78.5,-0.179025817034495,66
30,0,225,10,29.5,78.5,-0.179025817034495,66
31,1,227,10,31,78.5,-0.157464383755489,66
32,1,230,10,32,78.5,-0.143090094902819,66
33,1,232,10,33,78.5,-0.128715806050149,66
34,1,235,10,34,78.5,-0.114341517197478,66
35,1,237,10,35,78.5,-0.0999672283448079,66
36,0,242,10,36,78.5,-0.0855929394921376,66
37,1,246,10,37,78.5,-0.0712186506394673,66
38,0,248,10,38,78.5,-0.0568443617867969,66
39,0,249,10,39,78.5,-0.0424700729341266,66
40,1,254,10,40,78.5,-0.0280957840814563,66
41,1,256,10,41,78.5,-0.013721495228786,66
42,1,257,10,42.5,78.5,0.00783993805021949,66
43,1,257,10,42.5,78.5,0.00783993805021949,66
44,0,261,10,44,78.5,0.029401371329225,66
45,1,264,10,45,78.5,0.0437756601818953,66
46,0,268,10,46,78.5,0.0581499490345656,66
47,1,269,10,47,78.5,0.0725242378872359,66
48,1,282,10,48,78.5,0.0868985267399063,66
49,1,285,10,49,78.5,0.101272815592577,66
50,1,287,10,50,78.5,0.115647104445247,66
51,1,295,10,51,78.5,0.130021393297917,66
52,0,296,10,52,78.5,0.144395682150588,66
53,0,297,10,53,78.5,0.158769971003258,66
54,0,311,10,54,78.5,0.173144259855928,66
55,0,323,10,55,78.5,0.187518548708598,66
56,0,330,10,56,78.5,0.201892837561269,66
57,1,335,10,57,78.5,0.216267126413939,66
58,0,340,10,58,78.5,0.230641415266609,66
59,1,344,10,60,78.5,0.25938999297195,66
60,0,344,9,60,43,-0.266359361341335,66
61,0,344,9,60,43,-0.266359361341335,66
62,1,345,9,62.5,43,-0.230423639209659,66
63,0,345,9,62.5,43,-0.230423639209659,66
64,1,363,9,64,43,-0.208862205930653,66
65,1,365,9,65,43,-0.194487917077983,66
66,1,366,9,66,43,-0.180113628225313,66
67,1,368,9,67,43,-0.165739339372643,66
68,0,376,9,68,43,-0.151365050519972,66
69,1,378,9,69,43,-0.136990761667302,66
70,1,379,9,70,43,-0.122616472814632,66
71,1,387,9,71,43,-0.108242183961961,66
72,1,403,9,72,43,-0.0938678951092909,66
73,0,404,9,73.5,43,-0.0723064618302854,66
74,0,404,9,73.5,43,-0.0723064618302854,66
75,1,408,9,75,43,-0.0507450285512799,66
76,1,410,9,76,43,-0.0363707396986096,66
77,0,414,9,77,43,-0.0219964508459393,66
78,0,416,9,78,43,-0.00762216199326898,66
79,1,424,9,79,43,0.00675212685940135,66
80,0,446,9,80,43,0.0211264157120716,66
81,0,456,9,81,43,0.035500704564742,66
82,1,460,9,82,43,0.0498749934174123,66
83,1,462,9,83,43,0.0642492822700826,66
84,0,468,9,84,43,0.0786235711227529,66
85,0,471,9,85.5,43,0.100185004401758,66
86,0,471,9,85.5,43,0.100185004401758,66
87,0,476,9,87,43,0.121746437680764,66
88,0,510,9,88,43,0.136120726533434,66
89,0,518,9,89,43,0.150495015386105,66
90,1,522,9,90,43,0.164869304238775,66
91,0,526,9,91,43,0.179243593091445,66
92,0,553,9,92,43,0.193617881944115,66
93,1,554,9,93,43,0.207992170796786,66
94,1,557,9,94,43,0.222366459649456,66
95,1,603,9,95,43,0.236740748502126,66
96,0,604,9,96,43,0.251115037354797,66
97,0,614,8,97,15.5,-0.141781300373246,66
98,1,639,8,98,15.5,-0.127407011520576,66
99,0,640,8,99,15.5,-0.113032722667906,66
100,1,660,8,100,15.5,-0.0986584338152355,66
101,1,669,8,101,15.5,-0.0842841449625652,66
102,0,673,8,102,15.5,-0.0699098561098949,66
103,1,704,8,103,15.5,-0.0555355672572245,66
104,1,812,8,104,15.5,-0.0411612784045542,66
105,1,865,8,105,15.5,-0.0267869895518839,66
106,1,876,8,106,15.5,-0.0124127006992136,66
107,0,911,8,107,15.5,0.00196158815345671,66
108,0,924,8,108,15.5,0.016335877006127,66
109,0,954,8,109,15.5,0.0307101658587974,66
110,0,970,8,110,15.5,0.0450844547114677,66
111,0,975,8,111,15.5,0.0594587435641381,66
112,1,995,8,112,15.5,0.0738330324168084,66
113,1,996,8,113,15.5,0.0882073212694786,66
114,0,999,8,114,15.5,0.102581610122149,66
115,0,1005,7,115,3.5,-0.0607621926240376,66
116,0,1021,7,116,3.5,-0.0463879037713673,66
117,0,1113,7,117,3.5,-0.0320136149186969,66
118,1,1249,7,118,3.5,-0.0176393260660266,66
119,1,1589,7,119,3.5,-0.00326503721335625,66
120,1,1725,7,120,3.5,0.011109251639314,66
1,0,41,9,1,85,-0.474198573931037,67
2,1,55,8,2,35,-1.23752746544034,67
3,0,56,9,3,85,-0.445449896392634,67
4,0,57,9,4,85,-0.431075557623432,67
5,1,60,9,5,85,-0.41670121885423,67
6,0,63,8,6,35,-1.18003011036353,67
7,0,67,8,7,35,-1.16565577159433,67
8,0,80,9,8,85,-0.373578202546625,67
9,1,85,8,9,35,-1.13690709405593,67
10,0,86,9,10,85,-0.344829525008221,67
11,0,90,9,11.5,85,-0.323268016854419,67
12,0,90,9,11.5,85,-0.323268016854419,67
13,1,96,8,13.5,35,-1.07222256959452,67
14,0,96,10,13.5,115,0.172102598851088,67
15,0,97,9,15,85,-0.272957831162213,67
16,1,98,10,16,115,0.208038445774093,67
17,0,99,9,17,85,-0.244209153623809,67
18,1,100,8,18,35,-1.00753804513311,67
19,1,101,7,19,5,-1.45978564453101,67
20,1,105,8,20.5,35,-0.971602198210109,67
21,0,105,10,20.5,115,0.272722970235501,67
22,0,110,10,22,115,0.294284478389303,67
23,1,114,8,23,35,-0.935666351287104,67
24,0,121,8,24.5,35,-0.914104843133301,67
25,0,121,9,24.5,85,-0.136401612854796,67
26,0,122,7,26,5,-1.3591652731466,67
27,1,124,8,27,35,-0.878168996210297,67
28,0,125,8,28,35,-0.863794657441095,67
29,0,128,8,29,35,-0.849420318671894,67
30,0,129,9,30.5,85,-0.0501555802395852,67
31,1,129,9,30.5,85,-0.0501555802395852,67
32,1,130,8,32.5,35,-0.799110132979687,67
33,0,130,9,32.5,85,-0.0214069027011816,67
34,0,133,9,34,85,0.000154605452621026,67
35,1,134,9,35,85,0.0145289442218228,67
36,1,135,9,36,85,0.0289032829910246,67
37,1,138,8,37,35,-0.734425608518279,67
38,1,142,9,38,85,0.0576519605294281,67
39,0,143,9,39,85,0.0720262992986299,67
40,0,144,8,40,35,-0.691302592210674,67
41,1,146,10,41.5,115,0.574584084388738,67
42,1,146,8,41.5,35,-0.669741084056871,67
43,0,152,8,43,35,-0.648179575903069,67
44,1,156,8,44,35,-0.633805237133867,67
45,0,157,9,45,85,0.15827233191384,67
46,0,162,8,46,35,-0.605056559595464,67
47,0,167,9,47,85,0.187021009452244,67
48,1,168,8,48.5,35,-0.569120712672459,67
49,0,168,8,48.5,35,-0.569120712672459,67
50,0,174,9,50,85,0.230144025759849,67
51,1,177,9,51,85,0.244518364529051,67
52,1,180,8,52,35,-0.518810526980253,67
53,1,181,8,53,35,-0.504436188211051,67
54,1,186,9,54.5,85,0.294828550221257,67
55,1,186,10,54.5,115,0.761450488388361,67
56,0,190,8,56,35,-0.461313171903446,67
57,0,192,9,57,85,0.330764397144262,67
58,1,193,7,58,5,-0.899186432532146,67
59,0,196,7,59.5,5,-0.877624924378343,67
60,1,196,8,59.5,35,-0.41100298621124,67
61,1,205,8,61,35,-0.389441478057437,67
62,1,208,9,62,85,0.40263609099027,67
63,1,216,8,63,35,-0.360692800519034,67
64,0,218,10,64,115,0.898006706695777,67
65,1,224,9,65,85,0.445759107297876,67
66,1,227,8,66.5,35,-0.310382614826827,67
67,0,227,9,66.5,85,0.467320615451678,67
68,0,228,8,68,35,-0.288821106673025,67
69,1,231,8,69,35,-0.274446767903823,67
70,1,232,10,70,115,0.984252739310988,67
71,1,244,9,71,85,0.532005139913086,67
72,1,247,8,72,35,-0.231323751596218,67
73,0,251,7,73,5,-0.683571350994119,67
74,1,262,8,74,35,-0.202575074057814,67
75,1,263,8,75,35,-0.188200735288612,67
76,0,269,8,76,35,-0.173826396519411,67
77,0,273,9,77,85,0.618251172528297,67
78,0,276,9,78,85,0.632625511297499,67
79,0,279,9,79,85,0.6469998500667,67
80,0,290,7,80,5,-0.582950979609707,67
81,1,292,9,81,85,0.675748527605104,67
82,1,294,8,82,35,-0.0875803639041999,67
83,1,301,8,83,35,-0.0732060251349981,67
84,1,304,9,84,85,0.718871543912709,67
85,1,311,9,85,85,0.733245882681911,67
86,0,318,8,86,35,-0.0300830088273928,67
87,1,324,8,87,35,-0.0157086700581911,67
88,0,328,8,88,35,-0.0013343312889893,67
89,0,343,9,89,85,0.790743237758718,67
90,1,348,9,90,85,0.80511757652792,67
91,0,352,8,91.5,35,0.0489758544032168,67
92,0,352,9,91.5,85,0.826679084681723,67
93,0,359,8,93,35,0.0705373625570195,67
94,1,363,7,94,5,-0.381710236840882,67
95,0,366,7,95,5,-0.36733589807168,67
96,0,367,10,96.5,115,1.36517271669483,67
97,1,367,8,96.5,35,0.120847548249226,67
98,1,378,7,98,5,-0.324212881764075,67
99,0,381,9,99,85,0.934486625450736,67
100,0,396,8,100,35,0.171157733941432,67
101,1,416,8,101,35,0.185532072710634,67
102,0,418,10,102,115,1.44423157992544,67
103,1,425,9,103.5,85,0.999171149912144,67
104,0,425,9,103.5,85,0.999171149912144,67
105,1,455,8,105,35,0.243029427787441,67
106,1,463,8,106,35,0.257403766556642,67
107,0,464,9,107,85,1.04948133560435,67
108,0,474,8,108,35,0.286152444095046,67
109,0,486,8,109,35,0.300526782864248,67
110,0,509,9,110,85,1.09260435191196,67
111,0,525,9,111,85,1.10697869068116,67
112,0,549,8,112,35,0.343649799171853,67
113,1,604,9,113,85,1.13572736821956,67
114,0,615,9,114,85,1.15010170698876,67
115,0,635,9,115,85,1.16447604575796,67
116,0,655,8,116,35,0.40114715424866,67
117,1,666,8,117,35,0.415521493017862,67
118,0,803,9,118,85,1.20759906206557,67
119,0,944,9,119,85,1.22197340083477,67
120,1,1060,10,120,115,1.70296967777108,67
1,1,180,30,1,120,0.00347925971958252,68
2,0,193,22,2,119,0.00342078476631225,68
3,0,199,20,3,118,0.00336230981304209,68
4,1,205,17,4,116.5,-0.00391327093848681,68
5,0,207,17,5,116.5,0.0104624657047598,68
6,0,208,16,6,112.5,-0.0328986440380611,68
7,0,210,16,7.5,112.5,-0.0113350390731912,68
8,0,210,16,7.5,112.5,-0.0113350390731912,68
9,0,211,16,9,112.5,0.0102285658916788,68
10,0,212,16,10,112.5,0.0246043025349253,68
11,0,213,16,11,112.5,0.0389800391781719,68
12,1,216,15,12,108.5,-0.00438107056464909,68
13,0,217,15,13.5,108.5,0.0171825344002208,68
14,1,217,14,13.5,106,-0.0189029945910715,68
15,0,219,14,15.5,106,0.00984847869542183,68
16,0,219,14,15.5,106,0.00984847869542183,68
17,0,220,13,17.5,102.5,-0.0119197886058942,68
18,1,220,13,17.5,102.5,-0.0119197886058942,68
19,1,222,13,19,102.5,0.00964381635897571,68
20,0,225,13,20.5,102.5,0.0312074213238457,68
21,0,225,12,20.5,98,-0.0337465308604804,68
22,0,226,12,22,98,-0.0121829258956105,68
23,0,228,12,24,98,0.0165685473908828,68
24,0,228,12,24,98,0.0165685473908828,68
25,0,228,12,24,98,0.0165685473908828,68
26,1,229,11,27,91.5,-0.0341266180567373,68
27,1,229,11,27,91.5,-0.0341266180567373,68
28,0,229,11,27,91.5,-0.0341266180567373,68
29,0,230,11,29,91.5,-0.00537514477024414,68
30,0,232,11,30.5,91.5,0.0161884601946258,68
31,0,232,11,30.5,91.5,0.0161884601946258,68
32,0,233,11,32.5,91.5,0.044939933481119,68
33,0,233,11,32.5,91.5,0.044939933481119,68
34,1,236,10,34,81.5,-0.0778385775191802,68
35,1,238,10,36,81.5,-0.0490871042326869,68
36,1,238,10,36,81.5,-0.0490871042326869,68
37,1,238,10,36,81.5,-0.0490871042326869,68
38,1,241,10,38,81.5,-0.0203356309461937,68
39,0,242,10,39.5,81.5,0.00122797401867625,68
40,1,242,10,39.5,81.5,0.00122797401867625,68
41,1,243,10,41.5,81.5,0.0299794473051694,68
42,0,243,10,41.5,81.5,0.0299794473051694,68
43,1,244,10,43,81.5,0.0515430522700394,68
44,0,245,10,44,81.5,0.065918788913286,68
45,0,246,10,45,81.5,0.0802945255565326,68
46,1,247,9,46,72,-0.0424547479671314,68
47,0,248,9,48,72,-0.0137032746806382,68
48,1,248,9,48,72,-0.0137032746806382,68
49,0,248,9,48,72,-0.0137032746806382,68
50,0,249,9,50.5,72,0.0222360669274783,68
51,1,249,9,50.5,72,0.0222360669274783,68
52,1,250,9,52.5,72,0.0509875402139715,68
53,1,250,8,52.5,64,-0.0644861525581637,68
54,1,251,8,54,64,-0.0429225475932938,68
55,0,252,8,55,64,-0.0285468109500472,68
56,1,253,8,57,64,0.000204662336446032,68
57,1,253,8,57,64,0.000204662336446032,68
58,0,253,8,57,64,0.000204662336446032,68
59,0,254,8,59.5,64,0.0361440039445626,68
60,0,254,8,59.5,64,0.0361440039445626,68
61,1,256,8,61,64,0.0577076089094325,68
62,1,258,7,63,55.5,-0.036231716374468,68
63,0,258,7,63,55.5,-0.036231716374468,68
64,1,258,7,63,55.5,-0.036231716374468,68
65,0,260,7,65.5,55.5,-0.00029237476635148,68
66,0,260,7,65.5,55.5,-0.00029237476635148,68
67,1,261,7,67,55.5,0.0212712301985184,68
68,0,262,7,68,55.5,0.0356469668417651,68
69,0,267,7,70.5,55.5,0.0715863084498816,68
70,1,267,6,70.5,46.5,-0.0583215959187706,68
71,1,267,6,70.5,46.5,-0.0583215959187706,68
72,1,267,6,70.5,46.5,-0.0583215959187706,68
73,1,268,6,73,46.5,-0.022382254310654,68
74,0,269,6,74,46.5,-0.00800651766740745,68
75,0,272,6,75,46.5,0.00636921897583917,68
76,0,273,6,77,46.5,0.0351206922623324,68
77,1,273,6,77,46.5,0.0351206922623324,68
78,1,273,6,77,46.5,0.0351206922623324,68
79,0,274,6,80,46.5,0.0782479021920722,68
80,1,274,5,80,33.5,-0.109396848562648,68
81,1,274,5,80,33.5,-0.109396848562648,68
82,1,275,5,82,33.5,-0.0806453752761543,68
83,1,276,5,83,33.5,-0.0662696386329077,68
84,1,278,5,84.5,33.5,-0.0447060336680378,68
85,1,278,5,84.5,33.5,-0.0447060336680378,68
86,0,279,5,86,33.5,-0.0231424287031679,68
87,0,280,5,88,33.5,0.00560904458332534,68
88,1,280,5,88,33.5,0.00560904458332534,68
89,0,280,5,88,33.5,0.00560904458332534,68
90,0,282,5,90,33.5,0.0343605178698186,68
91,0,283,5,91,33.5,0.0487362545130652,68
92,1,285,5,92,33.5,0.0631119911563118,68
93,0,286,5,93,33.5,0.0774877277995584,68
94,0,287,5,94,33.5,0.091863464442805,68
95,0,289,5,95.5,33.5,0.113427069407675,68
96,1,289,4,95.5,17,-0.124737421934854,68
97,1,292,4,97,17,-0.103173816969984,68
98,1,293,4,98.5,17,-0.0816102120051142,68
99,1,293,4,98.5,17,-0.0816102120051142,68
100,1,294,4,100.5,17,-0.052858738718621,68
101,1,294,4,100.5,17,-0.052858738718621,68
102,1,295,4,102.5,17,-0.0241072654321278,68
103,0,295,4,102.5,17,-0.0241072654321278,68
104,0,296,4,104.5,17,0.00464420785436548,68
105,1,296,4,104.5,17,0.00464420785436548,68
106,0,298,4,106,17,0.0262078128192353,68
107,1,302,4,107,17,0.040583549462482,68
108,0,303,4,109,17,0.0693350227489752,68
109,0,303,4,109,17,0.0693350227489752,68
110,0,303,4,109,17,0.0693350227489752,68
111,0,305,4,111,17,0.0980864960354685,68
112,0,311,4,112,17,0.112462232678715,68
113,1,313,3,113,5.5,-0.0391554640379828,68
114,0,314,3,114,5.5,-0.0247797273947361,68
115,1,315,3,115,5.5,-0.0104039907514896,68
116,0,319,3,116,5.5,0.00397174589175708,68
117,0,320,3,117,5.5,0.0183474825350037,68
118,1,322,3,118.5,5.5,0.0399110874998736,68
119,0,322,2,118.5,1.5,-0.0178257588861941,68
120,0,352,2,120,1.5,0.00373784607867589,68
1,0,162,4,1,1,-1.67676956219359,69
2,0,177,5,2,2,-1.58095415863967,69
3,0,181,6,3,3,-1.48513875508575,69
4,0,182,7,4,6,-1.29297077176021,69
5,1,183,7,5,6,-1.2453316580921,69
6,0,185,7,6,6,-1.197692544424,69
7,1,189,7,7,6,-1.15005343075589,69
8,0,190,7,8,6,-1.10241431708778,69
9,0,194,8,9,13.5,-0.693453029276082,69
10,0,196,8,10,13.5,-0.645813915607975,69
11,0,198,8,11,13.5,-0.598174801939867,69
12,1,200,8,12,13.5,-0.550535688271759,69
13,0,201,8,13.5,13.5,-0.479077017769598,69
14,1,201,8,13.5,13.5,-0.479077017769598,69
15,1,204,8,15,13.5,-0.407618347267437,69
16,0,208,8,16.5,13.5,-0.336159676765276,69
17,0,208,8,16.5,13.5,-0.336159676765276,69
18,0,209,8,18.5,13.5,-0.240881449429061,69
19,0,209,9,18.5,21,0.12044072471453,69
20,1,210,9,20,21,0.191899395216692,69
21,1,211,9,24,21,0.382455849889122,69
22,0,211,9,24,21,0.382455849889122,69
23,0,211,9,24,21,0.382455849889122,69
24,0,211,10,24,25.5,0.599249154375276,69
25,0,211,10,24,25.5,0.599249154375276,69
26,0,211,10,24,25.5,0.599249154375276,69
27,1,211,10,24,25.5,0.599249154375276,69
28,1,212,11,28,29.5,0.982510768590955,69
29,0,214,11,29,29.5,1.03014988225906,69
30,0,215,11,30,29.5,1.07778899592717,69
31,0,218,11,31,29.5,1.12542810959528,69
32,0,220,12,32,32.5,1.31759609292082,69
33,0,226,12,33,32.5,1.36523520658893,69
34,0,227,14,34,35,1.53331504497157,69
35,1,233,14,35,35,1.58095415863967,69
36,1,252,14,36,35,1.62859327230778,69
1,1,39,3,1,3.5,-1.54525319915346,70
2,0,42,5,2,8.5,-1.25957817532555,70
3,0,60,10,3,23.5,-0.49748112145141,70
4,0,61,9,4,21.5,-0.545301518655846,70
5,0,92,8,5,19.5,-0.593121915860282,70
6,0,96,3,6,3.5,-1.30793315512942,70
7,0,97,15,7,30.5,0.0258703348001729,70
8,0,102,11,8,25.5,-0.164876671418128,70
9,0,106,7,9,17,-0.522371388152606,70
10,0,113,8,10,19.5,-0.355801871836244,70
11,1,116,4,11.5,6,-0.927775599191426,70
12,0,116,15,11.5,30.5,0.239458374421808,70
13,0,117,21,13,36,0.572686504154439,70
14,0,122,6,14,13,-0.475620156147054,70
15,0,140,6,15,13,-0.428156147342247,70
16,1,144,3,16,3.5,-0.833293067081346,70
17,1,160,10,17,23.5,0.167015001815897,70
18,0,165,6,18.5,13,-0.26203211652542,70
19,0,165,5,18.5,8.5,-0.476422030046218,70
20,0,167,7,20,17,-0.000267291299721126,70
21,0,188,3,21,3.5,-0.595973023057307,70
22,0,193,15,22,30.5,0.737830466872288,70
23,1,199,14,23,27.5,0.642367866663231,70
24,1,221,7,24,17,0.18958874391951,70
25,0,224,6,25,13,0.0464839407058303,70
26,0,235,14,26,27.5,0.784759893077654,70
27,0,261,18,27,33.5,1.11807711991019,70
28,1,290,19,28,35,1.23700443322193,70
29,0,294,11,29,25.5,0.831867513482833,70
30,1,316,2,30,1,-0.287902451325593,70
31,1,357,15,31,30.5,1.16500654611556,70
32,1,369,18,32,33.5,1.35539716393423,70
33,0,374,5,33,8.5,0.211806097623494,70
34,0,425,5,34,8.5,0.259270106428302,70
35,0,507,6,35,13,0.521124028753907,70
36,1,563,9,36,21.5,0.973546763098,70
1,1,36,12,1,35.5,-0.00872525041563177,71
2,0,39,12,2,35.5,0.0387479263399689,71
3,1,44,9,3,34,0.0136868081419772,71
4,0,56,8,4,33,0.0128037882618496,71
5,0,58,7,5,31,-0.0364354282540063,71
6,1,67,7,6,31,0.0110377485015944,71
7,0,78,7,7,31,0.0585109252571953,71
8,1,84,6,9,28,0.00838868886121186,71
9,0,84,6,9,28,0.00838868886121186,71
10,1,84,6,9,28,0.00838868886121186,71
11,0,94,5,11,21,-0.235158334077685,71
12,0,99,5,12,21,-0.187685157322084,71
13,0,100,5,13.5,21,-0.116475392188683,71
14,0,100,5,13.5,21,-0.116475392188683,71
15,0,102,5,15,21,-0.0452656270552819,71
16,0,113,5,16,21,0.0022075497003189,71
17,1,118,5,17,21,0.0496807264559197,71
18,0,128,5,18,21,0.0971539032115204,71
19,0,141,5,19,21,0.144627079967121,71
20,0,144,5,20,21,0.192100256722722,71
21,0,146,5,21,21,0.239573433478323,71
22,0,148,4,22,13,-0.0998029628519031,71
23,0,161,4,23,13,-0.0523297860963023,71
24,0,162,4,24,13,-0.00485660934070159,71
25,0,170,4,25,13,0.0426165674148992,71
26,0,183,4,26,13,0.0900897441704999,71
27,1,185,3,27,7.5,-0.128396160570405,71
28,0,193,3,28,7.5,-0.0809229838148043,71
29,1,216,3,29,7.5,-0.0334498070592036,71
30,0,235,3,30,7.5,0.0140233696963972,71
31,0,236,3,31,7.5,0.061496546451998,71
32,1,277,3,32,7.5,0.108969723207599,71
33,0,378,2,33,3.5,-0.0369818865797138,71
34,1,381,2,34,3.5,0.0104912901758869,71
35,0,392,1,35,1.5,-0.0387479263399689,71
36,0,406,1,36,1.5,0.00872525041563177,71
1,1,93,4,1,8.5,-1.32058026720942,72
2,0,95,7,2,34,-0.0239845787541322,72
3,1,105,4,3,8.5,-1.22564002684592,72
4,1,109,4,4.5,8.5,-1.1544348465733,72
5,0,109,6,4.5,28.5,-0.174728518515625,72
6,1,110,4,6,8.5,-1.08322966630068,72
7,0,113,5,7.5,19,-0.497678663797779,72
8,0,113,8,7.5,36,0.335071715051246,72
9,1,121,5,9.5,19,-0.402738423434284,72
10,0,121,6,9.5,28.5,0.062622082393112,72
11,0,127,6,11,28.5,0.133827262665733,72
12,0,130,7,12,34,0.450716623063341,72
13,0,132,5,13.5,19,-0.212857942707295,72
14,0,132,6,13.5,28.5,0.252502563120101,72
15,0,136,5,15,19,-0.141652762434674,72
16,0,140,6,16,28.5,0.37117786357447,72
17,1,142,5,17,19,-0.0467125220711791,72
18,0,143,7,18,34,0.735537344153825,72
19,0,144,5,19,19,0.0482277182923155,72
20,0,146,3,20,2,-0.737052540374961,72
21,0,151,5,21,19,0.14316795865581,72
22,0,152,6,22,28.5,0.655998584664953,72
23,0,154,4,23,8.5,-0.276237623210975,72
24,1,159,4,24,8.5,-0.228767503029228,72
25,0,166,5,25,19,0.333048439382799,72
26,0,174,6,26,28.5,0.845879065391943,72
27,0,177,4,27,8.5,-0.0863571424839856,72
28,0,178,4,28,8.5,-0.0388870223022383,72
29,0,189,4,29,8.5,0.00858309787950901,72
30,0,194,6,30,28.5,1.03575954611893,72
31,0,206,4,31,8.5,0.103523338243004,72
32,0,214,3,32,2,-0.167411098193994,72
33,1,224,5,33,19,0.712809400836778,72
34,1,234,3,34,2,-0.072470857830499,72
35,0,260,5,35,19,0.807749641200273,72
36,0,277,5,36,19,0.85521976138202,72
1,1,28,1,1,3.5,-1.69042979817924,73
2,1,33,1,2.5,3.5,-1.66886787820011,73
3,1,33,1,2.5,3.5,-1.66886787820011,73
4,1,39,1,4,3.5,-1.64730595822098,73
5,1,51,1,5,3.5,-1.63293134490156,73
6,1,52,1,6,3.5,-1.61855673158214,73
7,1,60,2,7.5,17.5,-1.39187263126209,73
8,1,60,2,7.5,17.5,-1.39187263126209,73
9,1,61,2,9,17.5,-1.37031071128296,73
10,1,63,2,10,17.5,-1.35593609796354,73
11,1,64,2,11.5,17.5,-1.33437417798441,73
12,1,64,2,11.5,17.5,-1.33437417798441,73
13,1,65,2,13,17.5,-1.31281225800528,73
14,1,66,2,14,17.5,-1.29843764468586,73
15,1,68,2,15,17.5,-1.28406303136644,73
16,0,70,2,17,17.5,-1.2553138047276,73
17,1,70,2,17,17.5,-1.2553138047276,73
18,1,70,2,17,17.5,-1.2553138047276,73
19,0,77,2,19,17.5,-1.22656457808876,73
20,0,78,2,20,17.5,-1.21218996476934,73
21,0,80,2,21.5,17.5,-1.19062804479021,73
22,0,80,2,21.5,17.5,-1.19062804479021,73
23,0,81,2,23,17.5,-1.16906612481108,73
24,0,84,2,24,17.5,-1.15469151149166,73
25,0,91,2,25,17.5,-1.14031689817224,73
26,0,92,2,26,17.5,-1.12594228485282,73
27,0,93,2,27.5,17.5,-1.10438036487369,73
28,0,93,2,27.5,17.5,-1.10438036487369,73
29,0,100,3,29,45.5,-0.672574084212725,73
30,0,101,3,30,45.5,-0.658199470893304,73
31,0,108,3,31,45.5,-0.643824857573884,73
32,0,110,3,32,45.5,-0.629450244254463,73
33,0,112,3,33,45.5,-0.615075630935043,73
34,0,115,3,35,45.5,-0.586326404296202,73
35,0,115,3,35,45.5,-0.586326404296202,73
36,0,115,3,35,45.5,-0.586326404296202,73
37,0,116,3,37,45.5,-0.557577177657361,73
38,0,117,3,38,45.5,-0.543202564337941,73
39,0,118,3,39.5,45.5,-0.52164064435881,73
40,0,118,3,39.5,45.5,-0.52164064435881,73
41,0,127,3,41,45.5,-0.500078724379679,73
42,0,130,3,42,45.5,-0.485704111060259,73
43,0,131,3,43,45.5,-0.471329497740838,73
44,0,135,3,45,45.5,-0.442580271101997,73
45,0,135,3,45,45.5,-0.442580271101997,73
46,0,135,3,45,45.5,-0.442580271101997,73
47,0,137,3,48,45.5,-0.399456431143736,73
48,0,137,3,48,45.5,-0.399456431143736,73
49,0,137,3,48,45.5,-0.399456431143736,73
50,0,138,3,50,45.5,-0.370707204504895,73
51,0,142,3,51,45.5,-0.356332591185475,73
52,0,146,3,52,45.5,-0.341957977866054,73
53,0,148,3,53,45.5,-0.327583364546634,73
54,0,155,3,54,45.5,-0.313208751227213,73
55,0,156,3,55,45.5,-0.298834137907793,73
56,0,161,3,56,45.5,-0.284459524588372,73
57,0,167,3,57.5,45.5,-0.262897604609242,73
58,0,167,3,57.5,45.5,-0.262897604609242,73
59,0,168,3,59,45.5,-0.241335684630111,73
60,0,172,3,60,45.5,-0.226961071310691,73
61,0,175,3,61,45.5,-0.21258645799127,73
62,0,178,3,62,45.5,-0.19821184467185,73
63,0,179,4,63,73.5,0.226407129329401,73
64,0,181,4,64,73.5,0.240781742648821,73
65,0,183,4,65,73.5,0.255156355968242,73
66,0,195,4,66,73.5,0.269530969287662,73
67,0,200,4,67,73.5,0.283905582607083,73
68,0,202,4,68,73.5,0.298280195926503,73
69,0,204,4,69,73.5,0.312654809245924,73
70,0,208,4,70,73.5,0.327029422565344,73
71,0,217,4,71,73.5,0.341404035884764,73
72,0,224,4,72,73.5,0.355778649204185,73
73,0,225,4,73,73.5,0.370153262523605,73
74,0,232,4,74,73.5,0.384527875843026,73
75,0,236,4,75,73.5,0.398902489162446,73
76,0,243,4,76,73.5,0.413277102481867,73
77,0,254,4,77,73.5,0.427651715801287,73
78,0,257,4,78,73.5,0.442026329120708,73
79,0,266,4,79,73.5,0.456400942440128,73
80,0,268,4,80,73.5,0.470775555759549,73
81,0,271,4,81.5,73.5,0.492337475738679,73
82,0,271,4,81.5,73.5,0.492337475738679,73
83,0,273,4,83,73.5,0.51389939571781,73
84,0,285,4,84,73.5,0.528274009037231,73
85,0,289,5,85,91.5,0.806377139937827,73
86,0,292,5,86,91.5,0.820751753257248,73
87,0,297,5,87,91.5,0.835126366576668,73
88,0,305,5,88,91.5,0.849500979896089,73
89,0,307,5,89,91.5,0.863875593215509,73
90,0,315,5,90,91.5,0.87825020653493,73
91,0,319,5,91,91.5,0.89262481985435,73
92,0,322,5,92,91.5,0.906999433173771,73
93,0,325,5,93,91.5,0.921374046493191,73
94,0,340,5,94,91.5,0.935748659812611,73
95,0,349,5,95,91.5,0.950123273132032,73
96,0,354,5,96,91.5,0.964497886451452,73
97,0,372,5,97,91.5,0.978872499770873,73
98,0,377,5,98,91.5,0.993247113090293,73
99,0,381,6,99,104,1.19076653028553,73
100,0,391,6,100,104,1.20514114360495,73
101,0,401,6,101,104,1.21951575692437,73
102,0,406,6,102,104,1.23389037024379,73
103,0,419,6,103,104,1.24826498356321,73
104,0,431,6,104,104,1.26263959688263,73
105,0,433,6,105,104,1.27701421020205,73
106,0,436,6,106.5,104,1.29857613018118,73
107,0,436,6,106.5,104,1.29857613018118,73
108,0,447,6,108,104,1.32013805016032,73
109,0,457,6,109,104,1.33451266347974,73
110,0,462,7,110,111,1.45144836696961,73
111,0,485,7,111,111,1.46582298028903,73
112,0,522,7,112,111,1.48019759360845,73
113,0,593,8,113,114,1.53852695985807,73
114,0,614,8,114,114,1.55290157317749,73
115,0,663,8,115,114,1.56727618649691,73
116,0,671,9,116,117,1.62560555274653,73
117,0,767,9,117,117,1.63998016606595,73
118,0,824,9,118,117,1.65435477938537,73
119,0,861,10,119,119,1.69803256132492,73
120,0,1117,15,120,120,1.72705875895441,73
1,0,20,1,1,3.5,-1.67874766050232,74
2,0,33,1,2,3.5,-1.66437309710229,74
3,0,44,1,3,3.5,-1.64999853370227,74
4,0,45,1,4,3.5,-1.63562397030224,74
5,0,51,1,5.5,3.5,-1.61406212520219,74
6,0,51,1,5.5,3.5,-1.61406212520219,74
7,1,52,2,7.5,15,-1.4191761020985,74
8,0,52,2,7.5,15,-1.4191761020985,74
9,1,55,2,9,15,-1.39761425699846,74
10,0,60,2,11,15,-1.3688651301984,74
11,0,60,2,11,15,-1.3688651301984,74
12,0,60,2,11,15,-1.3688651301984,74
13,0,65,2,13,15,-1.34011600339835,74
14,0,71,2,14,15,-1.32574143999832,74
15,0,73,2,15.5,15,-1.30417959489827,74
16,0,73,2,15.5,15,-1.30417959489827,74
17,0,76,2,17,15,-1.28261774979823,74
18,0,78,2,18,15,-1.2682431863982,74
19,0,81,2,19,15,-1.25386862299817,74
20,0,82,2,20,15,-1.23949405959814,74
21,0,84,2,21,15,-1.22511949619812,74
22,0,87,2,22,15,-1.21074493279809,74
23,0,89,2,23,15,-1.19637036939806,74
24,0,90,3,24.5,32.5,-0.921991508183792,74
25,0,90,3,24.5,32.5,-0.921991508183792,74
26,0,93,3,26,32.5,-0.900429663083749,74
27,1,94,3,27,32.5,-0.88605509968372,74
28,0,95,3,28,32.5,-0.871680536283691,74
29,0,96,3,29,32.5,-0.857305972883663,74
30,0,97,3,30,32.5,-0.842931409483634,74
31,0,98,3,31,32.5,-0.828556846083605,74
32,1,99,3,32.5,32.5,-0.806995000983562,74
33,0,99,3,32.5,32.5,-0.806995000983562,74
34,0,100,3,34,32.5,-0.785433155883519,74
35,0,102,3,35,32.5,-0.77105859248349,74
36,0,107,3,36,32.5,-0.756684029083461,74
37,0,108,3,37,32.5,-0.742309465683433,74
38,0,109,3,38,32.5,-0.727934902283404,74
39,0,111,3,39,32.5,-0.713560338883375,74
40,0,115,3,41,32.5,-0.684811212083318,74
41,0,115,3,41,32.5,-0.684811212083318,74
42,0,115,4,41,48.5,-0.453664225921742,74
43,0,117,4,43,48.5,-0.424915099121685,74
44,0,119,4,44,48.5,-0.410540535721656,74
45,0,122,4,45,48.5,-0.396165972321627,74
46,0,123,4,46,48.5,-0.381791408921598,74
47,0,125,4,47,48.5,-0.36741684552157,74
48,0,127,4,48,48.5,-0.353042282121541,74
49,0,130,4,49.5,48.5,-0.331480437021498,74
50,0,130,4,49.5,48.5,-0.331480437021498,74
51,0,137,4,51,48.5,-0.309918591921455,74
52,0,138,4,52,48.5,-0.295544028521426,74
53,0,139,4,53,48.5,-0.281169465121397,74
54,0,141,4,55,48.5,-0.25242033832134,74
55,0,141,4,55,48.5,-0.25242033832134,74
56,0,141,5,55,61,-0.0718367553826089,74
57,1,143,5,57.5,61,-0.035900346882537,74
58,0,143,5,57.5,61,-0.035900346882537,74
59,0,146,5,59,61,-0.0143385017824939,74
60,0,147,5,60,61,3.6061617534857e-05,74
61,1,148,5,61,61,0.0144106250175636,74
62,0,150,5,62,61,0.0287851884175924,74
63,1,152,5,63,61,0.0431597518176211,74
64,0,154,5,64,61,0.0575343152176499,74
65,0,158,5,65,61,0.0719088786176786,74
66,0,160,5,66,61,0.0862834420177074,74
67,0,164,6,67,70.5,0.237901528451172,74
68,0,170,6,68,70.5,0.2522760918512,74
69,0,171,6,69.5,70.5,0.273837936951243,74
70,0,171,6,69.5,70.5,0.273837936951243,74
71,0,177,6,71,70.5,0.295399782051287,74
72,0,182,6,72,70.5,0.309774345451315,74
73,1,183,6,73,70.5,0.324148908851344,74
74,0,187,6,74.5,70.5,0.345710753951387,74
75,0,187,7,74.5,78.5,0.461284247032175,74
76,1,194,7,76,78.5,0.482846092132218,74
77,0,198,7,77,78.5,0.497220655532247,74
78,0,200,7,78,78.5,0.511595218932276,74
79,0,201,7,79,78.5,0.525969782332304,74
80,0,205,7,80,78.5,0.540344345732333,74
81,0,207,7,81.5,78.5,0.561906190832376,74
82,0,207,7,81.5,78.5,0.561906190832376,74
83,0,210,8,83,87.5,0.713488215648305,74
84,0,215,8,84,87.5,0.727862779048334,74
85,0,228,8,85.5,87.5,0.749424624148377,74
86,0,228,8,85.5,87.5,0.749424624148377,74
87,0,234,8,87,87.5,0.77098646924842,74
88,0,235,8,88,87.5,0.785361032648449,74
89,0,236,8,89,87.5,0.799735596048478,74
90,0,243,8,90,87.5,0.814110159448507,74
91,0,246,8,91,87.5,0.828484722848535,74
92,0,247,8,92,87.5,0.842859286248564,74
93,1,255,9,93,94,0.951137312776733,74
94,1,262,9,94,94,0.965511876176762,74
95,0,264,9,95,94,0.979886439576791,74
96,0,267,10,96,97,1.03760106288211,74
97,0,280,10,97,97,1.05197562628214,74
98,0,282,10,98,97,1.06635018968217,74
99,0,288,11,99,101,1.13851149962259,74
100,0,289,11,100,101,1.15288606302262,74
101,0,298,11,101,101,1.16726062642265,74
102,0,305,11,102,101,1.18163518982268,74
103,0,325,11,103,101,1.19600975322271,74
104,1,339,12,104,105.5,1.27539440648068,74
105,0,350,12,105,105.5,1.28976896988071,74
106,0,365,12,106,105.5,1.30414353328074,74
107,0,369,12,107,105.5,1.31851809668077,74
108,0,391,13,108,109,1.38345606330364,74
109,0,409,13,109,109,1.39783062670367,74
110,0,448,13,110,109,1.4122051901037,74
111,1,494,16,111,111,1.45547312677392,74
112,1,499,17,112,112.5,1.4915177201266,74
113,1,508,17,113,112.5,1.50589228352663,74
114,1,570,19,114,114,1.54193687687931,74
115,1,593,26,115,115,1.57075812691443,74
116,1,598,30,116,118,1.62847275021976,74
117,1,631,30,117,118,1.64284731361979,74
118,1,646,30,118,118,1.65722187701981,74
119,1,660,30,119,118,1.67159644041984,74
120,1,747,30,120,118,1.68597100381987,74
1,0,99,8,1,24,0.00869484215529914,75
2,0,102,7,2,22,-0.0637286680847962,75
3,0,104,7,3,22,0.00718269569350805,75
4,0,108,7,4,22,0.0780940594718122,75
5,0,109,6,6,19,0.00491447600082129,75
6,0,109,6,6,19,0.00491447600082129,75
7,0,109,6,6,19,0.00491447600082129,75
8,0,110,5,8.5,14.5,-0.140310581094817,75
9,0,110,5,8.5,14.5,-0.140310581094817,75
10,0,111,5,10,14.5,-0.0339435354273609,75
11,0,112,5,11,14.5,0.0369678283509433,75
12,0,113,5,13,14.5,0.178790555907552,75
13,0,113,5,13,14.5,0.178790555907552,75
14,0,113,4,13,11,-0.0720454736246476,75
15,0,114,3,15.5,9,-0.0381019381972866,75
16,0,114,3,15.5,9,-0.0381019381972866,75
17,0,115,3,17.5,9,0.103720789359322,75
18,1,115,2,17.5,6,-0.111281521668278,75
19,0,118,2,19.5,6,0.0305412058883309,75
20,0,118,2,19.5,6,0.0305412058883309,75
21,0,121,1,21.5,2.5,-0.07847209608726,75
22,0,121,1,21.5,2.5,-0.07847209608726,75
23,1,128,1,23,2.5,0.0278949495801963,75
24,1,131,1,24,2.5,0.0988063133585005,75
1,0,33,6,1,23,-0.0470271420649806,76
2,0,50,4,2,20.5,-0.158732096398599,76
3,1,66,2,3,11,-0.781200821598584,76
4,0,67,1,4,4.5,-1.18477078785584,76
5,0,70,3,5,16.5,-0.238465073966273,76
6,0,77,4,6,20.5,0.12411061607602,76
7,0,97,1,7,4.5,-0.972638753499877,76
8,0,100,5,8,22,0.374981351784693,76
9,1,117,1,9,4.5,-0.831217397262567,76
10,0,167,1,10,4.5,-0.760506719143912,76
11,0,171,3,11,16.5,0.185798994745656,76
12,0,179,2,12,11,-0.144804718530692,76
13,0,199,2,13,11,-0.0740940404120368,76
14,0,205,2,14,11,-0.00338336229338201,76
15,0,236,3,15,16.5,0.468641707220275,76
16,0,248,1,16,4.5,-0.336242650431984,76
17,0,257,1,17,4.5,-0.265531972313329,76
18,1,260,1,18,4.5,-0.194821294194674,76
19,0,283,3,19,16.5,0.751484419694894,76
20,1,353,3,20,16.5,0.822195097813548,76
21,1,372,15,21,24,1.44015267328902,76
22,0,568,2,22,11,0.562302062655856,76
23,0,620,1,23,4.5,0.158732096398599,76
24,1,660,3,24,16.5,1.10503781028817,76
1,0,20,2,1,2,-1.61825035165467,77
2,0,26,2,2,2,-1.57078634284986,77
3,0,31,2,3,2,-1.52332233404505,77
4,0,33,3,4,5,-1.33265283477288,77
5,1,34,3,5,5,-1.28518882596807,77
6,0,36,3,6,5,-1.23772481716326,77
7,0,37,4,7,8.5,-1.02318773614652,77
8,0,42,4,8,8.5,-0.975723727341714,77
9,0,48,4,9,8.5,-0.928259718536907,77
10,0,50,4,10,8.5,-0.880795709732099,77
11,1,53,5,11.5,13,-0.594791460823832,77
12,0,53,5,11.5,13,-0.594791460823832,77
13,0,54,5,13,13,-0.523595447616621,77
14,0,59,5,14.5,13,-0.452399434409409,77
15,0,59,5,14.5,13,-0.452399434409409,77
16,0,61,6,16,18.5,-0.118660022012019,77
17,0,64,6,17,18.5,-0.0711960132072116,77
18,0,73,6,18,18.5,-0.0237320044024039,77
19,0,83,6,19,18.5,0.0237320044024039,77
20,0,85,6,20,18.5,0.0711960132072116,77
21,0,87,6,21,18.5,0.118660022012019,77
22,0,88,7,22,23,0.380932266517882,77
23,0,89,7,23,23,0.42839627532269,77
24,0,90,7,24,23,0.475860284127497,77
25,0,94,8,25,25.5,0.642662201655113,77
26,0,105,8,26,25.5,0.690126210459921,77
27,1,108,9,27,27,0.809192964498414,77
28,0,109,11,28,28,0.904392136792345,77
29,0,110,12,29,30.5,1.07119405431996,77
30,1,119,12,30,30.5,1.11865806312477,77
31,0,127,12,31,30.5,1.16612207192958,77
32,0,137,12,32,30.5,1.21358608073438,77
33,0,183,14,33,33.5,1.40425558000656,77
34,1,187,14,34,33.5,1.45171958881137,77
35,1,193,17,35,35.5,1.59465392459442,77
36,1,236,17,36,35.5,1.64211793339923,77
1,1,20,1,1.5,9.5,-1.37835214832556,78
2,1,20,1,1.5,9.5,-1.37835214832556,78
3,1,22,1,3,9.5,-1.32477053991013,78
4,1,23,1,4.5,9.5,-1.2711889314947,78
5,1,23,1,4.5,9.5,-1.2711889314947,78
6,1,26,1,6,9.5,-1.21760732307927,78
7,0,28,1,7,9.5,-1.18188625080232,78
8,0,39,1,8,9.5,-1.14616517852537,78
9,0,40,1,9,9.5,-1.11044410624841,78
10,0,42,1,10,9.5,-1.07472303397146,78
11,0,43,1,11,9.5,-1.03900196169451,78
12,0,45,1,12.5,9.5,-0.985420353279078,78
13,0,45,1,12.5,9.5,-0.985420353279078,78
14,0,47,1,14,9.5,-0.931838744863648,78
15,0,48,1,15,9.5,-0.896117672586695,78
16,0,49,1,16.5,9.5,-0.842536064171265,78
17,0,49,1,16.5,9.5,-0.842536064171265,78
18,0,54,1,18,9.5,-0.788954455755836,78
19,0,56,2,19,25,-0.17790698132472,78
20,0,59,2,20,25,-0.142185909047767,78
21,0,60,2,21,25,-0.106464836770814,78
22,0,70,2,22,25,-0.0707437644938612,78
23,0,73,2,23.5,25,-0.0171621560784316,78
24,0,73,2,23.5,25,-0.0171621560784316,78
25,0,76,2,25,25,0.0364194523369979,78
26,0,90,2,26,25,0.0721405246139509,78
27,0,98,2,27,25,0.107861596890904,78
28,0,101,2,28,25,0.143582669167857,78
29,0,103,2,29,25,0.17930374144481,78
30,0,106,2,30,25,0.215024813721763,78
31,0,107,2,31.5,25,0.268606422137192,78
32,0,107,3,31.5,33.5,0.584107997512056,78
33,0,115,3,33,33.5,0.637689605927485,78
34,0,132,3,34.5,33.5,0.691271214342915,78
35,0,132,3,34.5,33.5,0.691271214342915,78
36,0,141,4,36,37.5,0.893324152346515,78
37,0,160,4,37,37.5,0.929045224623469,78
38,0,161,4,38,37.5,0.964766296900422,78
39,0,162,4,39,37.5,1.00048736917737,78
40,0,163,5,40,41.5,1.1846797710425,78
41,0,202,5,41,41.5,1.22040084331945,78
42,0,213,5,42,41.5,1.2561219155964,78
43,0,233,5,43,41.5,1.29184298787336,78
44,0,277,6,44,44,1.42035864114292,78
45,0,309,7,45,45,1.49319754581691,78
46,0,391,9,46,47,1.60315428288795,78
47,0,392,9,47,47,1.6388753551649,78
48,0,462,9,48,47,1.67459642744186,78
1,1,105,1,1,1.5,-1.69963597503117,79
2,1,135,1,2,1.5,-1.68168622972066,79
3,1,141,2,3,4,-1.61868206564515,79
4,1,149,2,4.5,4,-1.59175744767939,79
5,1,149,2,4.5,4,-1.59175744767939,79
6,1,152,3,6,12,-1.42065868966562,79
7,1,154,3,7,12,-1.40270894435512,79
8,1,163,3,8,12,-1.38475919904461,79
9,1,165,3,9,12,-1.3668094537341,79
10,1,166,3,10,12,-1.34885970842359,79
11,1,176,3,11,12,-1.33090996311308,79
12,1,180,3,12.5,12,-1.30398534514732,79
13,1,180,3,12.5,12,-1.30398534514732,79
14,1,181,3,14,12,-1.27706072718155,79
15,1,183,3,15,12,-1.25911098187104,79
16,1,190,3,16,12,-1.24116123656054,79
17,1,202,3,17,12,-1.22321149125003,79
18,1,206,3,18,12,-1.20526174593952,79
19,0,214,4,19.5,23,-0.980097685407755,79
20,0,214,4,19.5,23,-0.980097685407755,79
21,0,217,4,21,23,-0.953173067441992,79
22,0,224,4,22,23,-0.935223322131483,79
23,0,226,4,23,23,-0.917273576820974,79
24,0,229,4,24,23,-0.899323831510465,79
25,0,233,4,25,23,-0.881374086199956,79
26,0,239,4,26,23,-0.863424340889448,79
27,0,248,4,27,23,-0.845474595578939,79
28,0,251,5,28,34,-0.629285407702431,79
29,0,252,5,29,34,-0.611335662391922,79
30,0,254,5,30.5,34,-0.584411044426159,79
31,0,254,5,30.5,34,-0.584411044426159,79
32,0,256,5,32,34,-0.557486426460395,79
33,0,257,5,33.5,34,-0.530561808494632,79
34,0,257,5,33.5,34,-0.530561808494632,79
35,0,261,5,35,34,-0.503637190528869,79
36,0,262,5,36,34,-0.48568744521836,79
37,0,265,5,37,34,-0.467737699907851,79
38,0,266,5,38,34,-0.449787954597342,79
39,0,269,5,39.5,34,-0.422863336631579,79
40,0,269,5,39.5,34,-0.422863336631579,79
41,0,278,6,41,45.5,-0.188688392346816,79
42,0,282,6,42,45.5,-0.170738647036307,79
43,0,283,6,43.5,45.5,-0.143814029070544,79
44,0,283,6,43.5,45.5,-0.143814029070544,79
45,0,285,6,45,45.5,-0.116889411104781,79
46,0,288,6,46,45.5,-0.0989396657942719,79
47,0,295,6,47,45.5,-0.0809899204837631,79
48,1,297,6,48,45.5,-0.0630401751732542,79
49,0,301,6,49.5,45.5,-0.0361155572074909,79
50,0,301,6,49.5,45.5,-0.0361155572074909,79
51,0,306,7,51,54.5,0.153004968312272,79
52,0,308,7,52,54.5,0.170954713622781,79
53,0,309,7,53.5,54.5,0.197879331588544,79
54,0,309,7,53.5,54.5,0.197879331588544,79
55,0,313,7,55,54.5,0.224803949554307,79
56,0,315,7,56.5,54.5,0.251728567520071,79
57,0,315,7,56.5,54.5,0.251728567520071,79
58,0,318,7,58,54.5,0.278653185485834,79
59,0,320,8,59,60,0.395722652079342,79
60,0,322,8,60,60,0.413672397389851,79
61,0,326,8,61,60,0.43162214270036,79
62,0,332,9,62,62,0.485615423022869,79
63,0,342,10,63,65,0.557630470851377,79
64,0,349,10,64,65,0.575580216161886,79
65,0,353,10,65,65,0.593529961472395,79
66,0,357,10,66,65,0.611479706782904,79
67,0,358,10,67,65,0.629429452093413,79
68,0,359,11,68,70,0.737488034933921,79
69,0,366,11,69,70,0.75543778024443,79
70,0,367,11,70,70,0.773387525554939,79
71,0,372,11,71,70,0.791337270865448,79
72,0,378,11,72.5,70,0.818261888831211,79
73,0,378,12,72.5,73,0.872327191349211,79
74,0,380,13,74.5,74.5,0.935259333229228,79
75,0,380,13,74.5,74.5,0.935259333229228,79
76,0,381,15,76,76.5,0.998227486206992,79
77,0,385,15,77,76.5,1.0161772315175,79
78,0,396,16,78,78,1.06115962808701,79
79,0,401,17,79,79.5,1.10614202465652,79
80,0,416,17,80.5,79.5,1.13306664262228,79
81,0,416,18,80.5,81,1.16009929388128,79
82,0,424,19,82,82.5,1.21405656310604,79
83,0,425,19,83,82.5,1.23200630841655,79
84,0,426,20,84,86.5,1.32204312375106,79
85,0,437,20,85,86.5,1.33999286906157,79
86,0,447,20,86,86.5,1.35794261437208,79
87,0,449,20,87,86.5,1.37589235968259,79
88,0,465,20,88,86.5,1.3938421049931,79
89,0,470,20,89,86.5,1.41179185030361,79
90,0,473,21,90,90,1.49281778188511,79
91,0,498,23,91,91,1.52878929470162,79
92,0,506,24,92,92,1.56476080751813,79
93,0,510,25,93,94,1.61875408784064,79
94,0,513,25,94,94,1.63670383315115,79
95,0,523,25,95,94,1.65465357846166,79
96,0,561,30,96,96,1.70864685878417,79
1,0,120,1,1,4.5,-1.6292618607998,80
2,0,123,1,2,4.5,-1.60536997630562,80
3,0,126,1,3,4.5,-1.58147809181143,80
4,0,136,1,4,4.5,-1.55758620731725,80
5,0,139,1,5,4.5,-1.53369432282307,80
6,0,144,1,6,4.5,-1.50980243832889,80
7,0,150,1,7,4.5,-1.48591055383471,80
8,0,151,1,8,4.5,-1.46201866934053,80
9,0,159,2,9,19.5,-1.07198617800743,80
10,0,162,2,10,19.5,-1.04809429351325,80
11,0,164,2,11,19.5,-1.02420240901907,80
12,1,167,2,12,19.5,-1.00031052452489,80
13,0,168,2,13,19.5,-0.976418640030704,80
14,0,174,2,14.5,19.5,-0.940580813289431,80
15,0,174,2,14.5,19.5,-0.940580813289431,80
16,0,187,2,16,19.5,-0.904742986548159,80
17,0,191,2,17,19.5,-0.880851102053978,80
18,0,192,2,18,19.5,-0.856959217559796,80
19,0,193,2,19,19.5,-0.833067333065614,80
20,0,194,2,20,19.5,-0.809175448571433,80
21,0,195,2,21,19.5,-0.785283564077251,80
22,0,198,2,22,19.5,-0.76139167958307,80
23,0,203,2,23,19.5,-0.737499795088888,80
24,0,208,2,24,19.5,-0.713607910594706,80
25,0,211,2,25,19.5,-0.689716026100525,80
26,0,213,2,26,19.5,-0.665824141606343,80
27,0,221,2,27,19.5,-0.641932257112162,80
28,0,222,2,28,19.5,-0.61804037261798,80
29,0,229,2,29,19.5,-0.594148488123799,80
30,0,232,2,30,19.5,-0.570256603629617,80
31,0,241,3,31,38,-0.0947913040341072,80
32,0,243,3,32,38,-0.0708994195399257,80
33,0,244,3,33,38,-0.0470075350457441,80
34,0,255,3,34,38,-0.0231156505515625,80
35,0,263,3,35,38,0.000776233942619095,80
36,0,265,3,36,38,0.0246681184368007,80
37,0,271,3,37,38,0.0485600029309823,80
38,0,277,3,38.5,38,0.0843978296722546,80
39,1,277,3,38.5,38,0.0843978296722546,80
40,0,279,3,40,38,0.120235656413527,80
41,0,281,3,41.5,38,0.156073483154799,80
42,0,281,3,41.5,38,0.156073483154799,80
43,0,283,3,43.5,38,0.203857252143163,80
44,0,283,3,43.5,38,0.203857252143163,80
45,0,298,3,45,38,0.239695078884435,80
46,0,304,4,46,50.5,0.568704135744379,80
47,0,305,4,47,50.5,0.59259602023856,80
48,0,306,4,48,50.5,0.616487904732742,80
49,0,309,4,49,50.5,0.640379789226923,80
50,0,310,4,50,50.5,0.664271673721105,80
51,0,312,4,51,50.5,0.688163558215287,80
52,0,313,4,52,50.5,0.712055442709468,80
53,0,315,4,53,50.5,0.73594732720365,80
54,0,316,4,54,50.5,0.759839211697831,80
55,0,322,4,55.5,50.5,0.795677038439104,80
56,0,322,5,55.5,57.5,0.966542654963931,80
57,1,324,5,57,57.5,1.0023804817052,80
58,1,325,5,58,57.5,1.02627236619938,80
59,1,326,5,59,57.5,1.05016425069357,80
60,1,355,6,60,62,1.18389831723942,80
61,1,381,6,61,62,1.2077902017336,80
62,1,382,6,62,62,1.23168208622779,80
63,1,386,6,63,62,1.25557397072197,80
64,1,388,6,64,62,1.27946585521615,80
65,1,392,7,65,66,1.40099523486737,80
66,1,405,7,66,66,1.42488711936156,80
67,1,430,7,67,66,1.44877900385574,80
68,1,448,9,68,68,1.52148963592844,80
69,1,503,10,69,69,1.56979089421188,80
70,1,510,11,70,70,1.61809215249533,80
71,1,517,16,71,71,1.66639341077877,80
72,1,684,19,72,72,1.71469466906221,80
1,1,46,3,3,35.5,-1.3312197224104,81
2,1,46,5,3,132,-0.0907121117352092,81
3,1,46,3,3,35.5,-1.3312197224104,81
4,1,46,3,3,35.5,-1.3312197224104,81
5,0,46,4,3,93,-0.592057156464042,81
6,1,47,2,13.5,4.5,-1.60046376314766,81
7,1,47,3,13.5,35.5,-1.20195872759398,81
8,0,47,4,13.5,93,-0.462796161647622,81
9,0,47,4,13.5,93,-0.462796161647622,81
10,0,47,3,13.5,35.5,-1.20195872759398,81
11,0,47,4,13.5,93,-0.462796161647622,81
12,0,47,5,13.5,132,0.0385488830812107,81
13,1,47,4,13.5,93,-0.462796161647622,81
14,1,47,4,13.5,93,-0.462796161647622,81
15,0,47,4,13.5,93,-0.462796161647622,81
16,0,47,4,13.5,93,-0.462796161647622,81
17,1,47,4,13.5,93,-0.462796161647622,81
18,0,47,4,13.5,93,-0.462796161647622,81
19,1,47,2,13.5,4.5,-1.60046376314766,81
20,0,47,4,13.5,93,-0.462796161647622,81
21,0,47,3,13.5,35.5,-1.20195872759398,81
22,1,48,5,41.5,132,0.383244869258331,81
23,0,48,5,41.5,132,0.383244869258331,81
24,1,48,3,41.5,35.5,-0.857262741416857,81
25,1,48,5,41.5,132,0.383244869258331,81
26,1,48,6,41.5,142.5,0.518222381300709,81
27,0,48,6,41.5,142.5,0.518222381300709,81
28,1,48,3,41.5,35.5,-0.857262741416857,81
29,0,48,6,41.5,142.5,0.518222381300709,81
30,0,48,2,41.5,4.5,-1.25576777697054,81
31,1,48,3,41.5,35.5,-0.857262741416857,81
32,1,48,4,41.5,93,-0.118100175470502,81
33,0,48,4,41.5,93,-0.118100175470502,81
34,1,48,4,41.5,93,-0.118100175470502,81
35,1,48,4,41.5,93,-0.118100175470502,81
36,0,48,3,41.5,35.5,-0.857262741416857,81
37,1,48,4,41.5,93,-0.118100175470502,81
38,0,48,5,41.5,132,0.383244869258331,81
39,1,48,4,41.5,93,-0.118100175470502,81
40,0,48,3,41.5,35.5,-0.857262741416857,81
41,1,48,3,41.5,35.5,-0.857262741416857,81
42,0,48,4,41.5,93,-0.118100175470502,81
43,1,48,3,41.5,35.5,-0.857262741416857,81
44,0,48,5,41.5,132,0.383244869258331,81
45,1,48,3,41.5,35.5,-0.857262741416857,81
46,0,48,3,41.5,35.5,-0.857262741416857,81
47,0,48,4,41.5,93,-0.118100175470502,81
48,1,48,4,41.5,93,-0.118100175470502,81
49,1,48,3,41.5,35.5,-0.857262741416857,81
50,1,48,5,41.5,132,0.383244869258331,81
51,0,48,4,41.5,93,-0.118100175470502,81
52,0,48,4,41.5,93,-0.118100175470502,81
53,0,48,3,41.5,35.5,-0.857262741416857,81
54,1,48,2,41.5,4.5,-1.25576777697054,81
55,1,48,3,41.5,35.5,-0.857262741416857,81
56,1,48,3,41.5,35.5,-0.857262741416857,81
57,0,48,4,41.5,93,-0.118100175470502,81
58,1,48,4,41.5,93,-0.118100175470502,81
59,0,48,3,41.5,35.5,-0.857262741416857,81
60,0,48,5,41.5,132,0.383244869258331,81
61,0,48,4,41.5,93,-0.118100175470502,81
62,1,49,3,81.5,35.5,-0.364839904020972,81
63,0,49,3,81.5,35.5,-0.364839904020972,81
64,0,49,4,81.5,93,0.374322661925384,81
65,0,49,5,81.5,132,0.875667706654216,81
66,1,49,3,81.5,35.5,-0.364839904020972,81
67,1,49,4,81.5,93,0.374322661925384,81
68,1,49,3,81.5,35.5,-0.364839904020972,81
69,1,49,4,81.5,93,0.374322661925384,81
70,0,49,4,81.5,93,0.374322661925384,81
71,0,49,4,81.5,93,0.374322661925384,81
72,1,49,4,81.5,93,0.374322661925384,81
73,1,49,4,81.5,93,0.374322661925384,81
74,1,49,2,81.5,4.5,-0.763344939574659,81
75,1,49,4,81.5,93,0.374322661925384,81
76,1,49,5,81.5,132,0.875667706654216,81
77,1,49,4,81.5,93,0.374322661925384,81
78,1,49,3,81.5,35.5,-0.364839904020972,81
79,1,49,2,81.5,4.5,-0.763344939574659,81
80,1,49,3,81.5,35.5,-0.364839904020972,81
81,1,49,4,81.5,93,0.374322661925384,81
82,1,49,3,81.5,35.5,-0.364839904020972,81
83,1,49,5,81.5,132,0.875667706654216,81
84,0,49,4,81.5,93,0.374322661925384,81
85,0,49,4,81.5,93,0.374322661925384,81
86,0,49,4,81.5,93,0.374322661925384,81
87,1,49,4,81.5,93,0.374322661925384,81
88,0,49,4,81.5,93,0.374322661925384,81
89,0,49,4,81.5,93,0.374322661925384,81
90,0,49,3,81.5,35.5,-0.364839904020972,81
91,0,49,4,81.5,93,0.374322661925384,81
92,1,49,3,81.5,35.5,-0.364839904020972,81
93,0,49,4,81.5,93,0.374322661925384,81
94,0,49,5,81.5,132,0.875667706654216,81
95,1,49,4,81.5,93,0.374322661925384,81
96,0,49,4,81.5,93,0.374322661925384,81
97,0,49,3,81.5,35.5,-0.364839904020972,81
98,0,49,5,81.5,132,0.875667706654216,81
99,1,49,3,81.5,35.5,-0.364839904020972,81
100,1,49,4,81.5,93,0.374322661925384,81
101,1,49,3,81.5,35.5,-0.364839904020972,81
102,0,50,3,115.5,35.5,0.0537195077655307,81
103,0,50,4,115.5,93,0.792882073711886,81
104,0,50,3,115.5,35.5,0.0537195077655307,81
105,1,50,3,115.5,35.5,0.0537195077655307,81
106,0,50,3,115.5,35.5,0.0537195077655307,81
107,1,50,5,115.5,132,1.29422711844072,81
108,0,50,4,115.5,93,0.792882073711886,81
109,0,50,3,115.5,35.5,0.0537195077655307,81
110,1,50,3,115.5,35.5,0.0537195077655307,81
111,1,50,5,115.5,132,1.29422711844072,81
112,0,50,3,115.5,35.5,0.0537195077655307,81
113,1,50,3,115.5,35.5,0.0537195077655307,81
114,1,50,2,115.5,4.5,-0.344785527788157,81
115,0,50,4,115.5,93,0.792882073711886,81
116,1,50,4,115.5,93,0.792882073711886,81
117,0,50,3,115.5,35.5,0.0537195077655307,81
118,1,50,4,115.5,93,0.792882073711886,81
119,1,50,4,115.5,93,0.792882073711886,81
120,1,50,4,115.5,93,0.792882073711886,81
121,0,50,3,115.5,35.5,0.0537195077655307,81
122,1,50,4,115.5,93,0.792882073711886,81
123,1,50,3,115.5,35.5,0.0537195077655307,81
124,0,50,3,115.5,35.5,0.0537195077655307,81
125,0,50,3,115.5,35.5,0.0537195077655307,81
126,0,50,3,115.5,35.5,0.0537195077655307,81
127,0,50,4,115.5,93,0.792882073711886,81
128,0,50,3,115.5,35.5,0.0537195077655307,81
129,0,50,4,115.5,93,0.792882073711886,81
130,0,51,3,134.5,35.5,0.287620355528576,81
131,0,51,4,134.5,93,1.02678292147493,81
132,1,51,6,134.5,142.5,1.66310547824614,81
133,0,51,3,134.5,35.5,0.287620355528576,81
134,0,51,3,134.5,35.5,0.287620355528576,81
135,1,51,3,134.5,35.5,0.287620355528576,81
136,1,51,4,134.5,93,1.02678292147493,81
137,0,51,3,134.5,35.5,0.287620355528576,81
138,0,51,4,134.5,93,1.02678292147493,81
139,0,51,4,134.5,93,1.02678292147493,81
140,1,52,2,141.5,4.5,-0.0247106834808311,81
141,1,52,5,141.5,132,1.61430196274804,81
142,0,52,3,141.5,35.5,0.373794352072856,81
143,0,52,4,141.5,93,1.11295691801921,81
144,1,53,3,144,35.5,0.404570779410099,81
1,1,99,3,1,19,-0.329857425134999,82
2,0,123,1,2,5.5,-1.26295559910845,82
3,0,144,3,3,19,-0.18843606889769,82
4,0,159,2,4,13.5,-0.526684552742484,82
5,0,168,2,5,13.5,-0.455973874623829,82
6,0,170,1,6,5.5,-0.980112886633827,82
7,0,242,1,7,5.5,-0.909402208515172,82
8,0,261,1,8,5.5,-0.838691530396517,82
9,0,266,2,9,13.5,-0.17313116214921,82
10,0,271,2,10,13.5,-0.102420484030555,82
11,0,285,1,11,5.5,-0.626559496040553,82
12,0,310,3,12,19,0.447960034170203,82
13,0,317,1,13,5.5,-0.485138139803244,82
14,0,319,3,14,19,0.589381390407512,82
15,0,335,2,15,13.5,0.251132906562718,82
16,0,340,1,16,5.5,-0.273006105447279,82
17,0,413,1,17,5.5,-0.202295427328625,82
18,0,463,3,18,19,0.872224102882131,82
19,0,502,1,19,5.5,-0.060874071091315,82
20,0,503,1,20,5.5,0.00983660702733968,82
21,1,606,7,21,24,1.4561371935685,82
22,0,636,2,22,13.5,0.746107653393302,82
23,1,680,4,23,22,1.44884612727365,82
24,1,904,6,24,23,1.59391301665839,82
1,1,277,1,1,2,-1.70718355639677,83
2,1,285,1,2.5,2,-1.68920259858456,83
3,1,285,1,2.5,2,-1.68920259858456,83
4,1,300,2,4,8.5,-1.59284443479934,83
5,1,303,2,5,8.5,-1.5808571295912,83
6,1,319,2,6,8.5,-1.56886982438307,83
7,1,325,2,7,8.5,-1.55688251917493,83
8,1,328,2,8.5,8.5,-1.53890156136273,83
9,1,328,2,8.5,8.5,-1.53890156136273,83
10,1,331,2,10,8.5,-1.52092060355053,83
11,1,334,2,11.5,8.5,-1.50293964573833,83
12,1,334,2,11.5,8.5,-1.50293964573833,83
13,1,335,2,13,8.5,-1.48495868792612,83
14,1,336,3,14,21.5,-1.31621697077194,83
15,1,342,3,15,21.5,-1.3042296655638,83
16,1,348,3,16,21.5,-1.29224236035567,83
17,1,349,3,17,21.5,-1.28025505514753,83
18,1,353,3,18.5,21.5,-1.26227409733533,83
19,1,353,3,18.5,21.5,-1.26227409733533,83
20,1,354,3,20.5,21.5,-1.23829948691906,83
21,1,354,3,20.5,21.5,-1.23829948691906,83
22,1,358,3,22,21.5,-1.22031852910686,83
23,1,359,3,23.5,21.5,-1.20233757129466,83
24,1,359,3,23.5,21.5,-1.20233757129466,83
25,1,360,3,25,21.5,-1.18435661348245,83
26,1,361,3,26.5,21.5,-1.16637565567025,83
27,1,361,3,26.5,21.5,-1.16637565567025,83
28,1,363,3,28.5,21.5,-1.14240104525398,83
29,1,363,3,28.5,21.5,-1.14240104525398,83
30,1,364,4,30,40.5,-0.895317485366783,83
31,1,365,4,31,40.5,-0.883330180158648,83
32,1,367,4,32.5,40.5,-0.865349222346445,83
33,1,367,4,32.5,40.5,-0.865349222346445,83
34,1,368,4,34,40.5,-0.847368264534243,83
35,1,369,4,35,40.5,-0.835380959326107,83
36,1,370,4,37,40.5,-0.811406348909838,83
37,1,370,4,37,40.5,-0.811406348909838,83
38,1,370,4,37,40.5,-0.811406348909838,83
39,1,371,4,39,40.5,-0.787431738493568,83
40,1,372,4,40.5,40.5,-0.769450780681365,83
41,1,372,4,40.5,40.5,-0.769450780681365,83
42,1,373,4,42.5,40.5,-0.745476170265095,83
43,1,373,4,42.5,40.5,-0.745476170265095,83
44,1,380,4,44.5,40.5,-0.721501559848825,83
45,1,380,4,44.5,40.5,-0.721501559848825,83
46,1,383,4,46,40.5,-0.703520602036622,83
47,1,385,4,47,40.5,-0.691533296828488,83
48,1,387,4,48,40.5,-0.679545991620353,83
49,1,391,4,49,40.5,-0.667558686412218,83
50,1,392,4,50,40.5,-0.655571381204083,83
51,1,393,4,51.5,40.5,-0.63759042339188,83
52,1,393,5,51.5,63,-0.366284710408333,83
53,1,396,5,53,63,-0.34830375259613,83
54,1,401,5,55.5,63,-0.318335489575793,83
55,1,401,5,55.5,63,-0.318335489575793,83
56,1,401,5,55.5,63,-0.318335489575793,83
57,1,401,5,55.5,63,-0.318335489575793,83
58,1,402,5,59,63,-0.27637992134732,83
59,0,402,5,59,63,-0.27637992134732,83
60,0,402,5,59,63,-0.27637992134732,83
61,0,404,5,61,63,-0.25240531093105,83
62,0,406,5,62.5,63,-0.234424353118848,83
63,0,406,5,62.5,63,-0.234424353118848,83
64,0,407,5,64.5,63,-0.210449742702578,83
65,0,407,5,64.5,63,-0.210449742702578,83
66,0,408,5,66.5,63,-0.186475132286308,83
67,0,408,5,66.5,63,-0.186475132286308,83
68,0,413,5,68,63,-0.168494174474105,83
69,0,415,5,69,63,-0.15650686926597,83
70,0,416,5,70,63,-0.144519564057835,83
71,0,418,5,71.5,63,-0.126538606245633,83
72,0,418,5,71.5,63,-0.126538606245633,83
73,0,419,5,73.5,63,-0.102563995829363,83
74,0,419,5,73.5,63,-0.102563995829363,83
75,0,423,6,75,82,0.144519564057835,83
76,0,425,6,76.5,82,0.162500521870038,83
77,0,425,6,76.5,82,0.162500521870038,83
78,0,429,6,78,82,0.18048147968224,83
79,0,431,6,79,82,0.192468784890375,83
80,0,434,6,80.5,82,0.210449742702578,83
81,0,434,6,80.5,82,0.210449742702578,83
82,1,435,6,82,82,0.22843070051478,83
83,0,437,6,83,82,0.240418005722915,83
84,1,442,6,84.5,82,0.258398963535118,83
85,0,442,6,84.5,82,0.258398963535118,83
86,0,443,6,86,82,0.27637992134732,83
87,0,444,6,87,82,0.288367226555455,83
88,0,447,6,88,82,0.30035453176359,83
89,0,454,6,89,82,0.312341836971725,83
90,0,459,7,90,95.5,0.487112569969989,83
91,0,460,7,91,95.5,0.499099875178124,83
92,0,461,7,92.5,95.5,0.517080832990326,83
93,0,461,7,92.5,95.5,0.517080832990326,83
94,0,464,7,94,95.5,0.535061790802529,83
95,0,467,7,95,95.5,0.547049096010664,83
96,0,468,7,96.5,95.5,0.565030053822866,83
97,0,468,7,96.5,95.5,0.565030053822866,83
98,0,473,7,98,95.5,0.583011011635069,83
99,0,475,7,99,95.5,0.594998316843204,83
100,0,476,7,101.5,95.5,0.624966579863541,83
101,0,476,7,101.5,95.5,0.624966579863541,83
102,0,476,8,101.5,106.5,0.757604928433275,83
103,0,476,8,101.5,106.5,0.757604928433275,83
104,0,477,8,104,106.5,0.787573191453613,83
105,0,478,8,105.5,106.5,0.805554149265815,83
106,1,478,8,105.5,106.5,0.805554149265815,83
107,0,479,8,107,106.5,0.823535107078018,83
108,0,481,8,109,106.5,0.847509717494288,83
109,0,481,8,109,106.5,0.847509717494288,83
110,0,481,8,109,106.5,0.847509717494288,83
111,0,482,8,111,106.5,0.871484327910558,83
112,0,484,9,112,116,0.998022934156191,83
113,0,485,9,113.5,116,1.01600389196839,83
114,0,485,9,113.5,116,1.01600389196839,83
115,1,486,9,115,116,1.0339848497806,83
116,0,487,9,116,116,1.04597215498873,83
117,0,489,9,117.5,116,1.06395311280093,83
118,0,489,9,117.5,116,1.06395311280093,83
119,0,494,9,119,116,1.08193407061314,83
120,0,495,9,120.5,116,1.09991502842534,83
121,0,495,10,120.5,123.5,1.19035026608652,83
122,0,501,10,122,123.5,1.20833122389872,83
123,0,504,10,123,123.5,1.22031852910686,83
124,0,505,10,124,123.5,1.23230583431499,83
125,0,507,10,125,123.5,1.24429313952313,83
126,0,510,10,126,123.5,1.25628044473126,83
127,0,512,11,127,130,1.34664495591242,83
128,0,513,11,128,130,1.35863226112056,83
129,0,524,11,129,130,1.37061956632869,83
130,0,528,11,130,130,1.38260687153683,83
131,0,531,11,131,130,1.39459417674496,83
132,1,544,11,132,130,1.4065814819531,83
133,0,550,11,133.5,130,1.4245624397653,83
134,0,550,12,133.5,135.5,1.49088161405017,83
135,0,554,12,135,135.5,1.50886257186237,83
136,0,555,12,136,135.5,1.5208498770705,83
137,0,559,12,137,135.5,1.53283718227864,83
138,0,564,13,138,139,1.58702759839533,83
139,0,578,13,139,139,1.59901490360346,83
140,0,589,13,140,139,1.6110022088116,83
141,0,592,14,141,141,1.64710557739605,83
142,0,661,16,142,142,1.67115091429234,83
143,0,678,17,143,143,1.69519625118863,83
144,0,807,20,144,144,1.71924158808492,83
1,0,117,3,1,2,-1.56450731899286,84
2,0,184,3,2,2,-1.4937966408742,84
3,0,190,3,3,2,-1.42308596275555,84
4,0,198,4,4,4,-1.20926394737436,84
5,0,209,5,5,7,-0.923886263361892,84
6,0,213,5,6,7,-0.853175585243238,84
7,0,217,5,7,7,-0.782464907124583,84
8,0,233,5,8,7,-0.711754229005928,84
9,0,254,5,9,7,-0.641043550887273,84
10,0,300,6,10,11.5,-0.248332363927906,84
11,0,313,6,11,11.5,-0.177621685809252,84
12,0,329,6,12,11.5,-0.106911007690597,84
13,0,334,6,13,11.5,-0.036200329571942,84
14,0,353,9,14,16,0.356510857387425,84
15,1,368,9,15,16,0.42722153550608,84
16,0,427,9,16,16,0.497932213624734,84
17,0,441,9,17,16,0.568642891743389,84
18,0,460,9,18,16,0.639353569862044,84
19,0,463,10,19,19,0.924731253874507,84
20,0,467,11,20,20,1.06699760062443,84
21,0,472,12,21,21,1.20926394737436,84
22,0,542,13,22,22,1.35153029412428,84
23,1,636,17,23,23,1.4937966408742,84
24,1,651,26,24,24,1.63606298762413,84
1,0,20,4,3,3,-1.35116403985521,85
2,0,20,4,3,3,-1.35116403985521,85
3,0,20,4,3,3,-1.35116403985521,85
4,0,20,4,3,3,-1.35116403985521,85
5,0,20,4,3,3,-1.35116403985521,85
6,0,21,5,6.5,6,-0.888962801230747,85
7,0,21,6,6.5,7,-0.817770722796892,85
8,0,22,7,8,8.5,-0.604429032293438,85
9,1,23,7,9,8.5,-0.533393317058322,85
10,1,24,8,10,11,-0.284377405738571,85
11,0,25,8,11,11,-0.213341690503455,85
12,0,27,8,12,11,-0.142305975268339,85
13,0,32,9,13,14,0.142305975268339,85
14,0,34,9,14,14,0.213341690503455,85
15,0,39,9,15,14,0.284377405738571,85
16,0,41,10,16,16.5,0.533393317058322,85
17,0,46,10,17,16.5,0.604429032293438,85
18,0,49,11,18,18,0.782252865179335,85
19,0,51,12,19,19.5,0.960076698065232,85
20,0,55,12,20,19.5,1.03111241330035,85
21,1,66,13,21,21,1.20893624618624,85
22,0,99,16,22,22,1.35116403985521,85
23,1,149,24,23,23,1.49339183352418,85
24,1,184,27,24,24,1.63561962719315,85
1,0,20,5,23,5.5,-1.42774577469267,86
2,0,20,5,23,5.5,-1.42774577469267,86
3,0,20,5,23,5.5,-1.42774577469267,86
4,0,20,5,23,5.5,-1.42774577469267,86
5,0,20,5,23,5.5,-1.42774577469267,86
6,0,20,5,23,5.5,-1.42774577469267,86
7,0,20,5,23,5.5,-1.42774577469267,86
8,0,20,5,23,5.5,-1.42774577469267,86
9,0,20,5,23,5.5,-1.42774577469267,86
10,0,20,5,23,5.5,-1.42774577469267,86
11,0,20,6,23,25.5,-1.18145551646127,86
12,0,20,6,23,25.5,-1.18145551646127,86
13,0,20,6,23,25.5,-1.18145551646127,86
14,1,20,6,23,25.5,-1.18145551646127,86
15,0,20,6,23,25.5,-1.18145551646127,86
16,0,20,6,23,25.5,-1.18145551646127,86
17,0,20,6,23,25.5,-1.18145551646127,86
18,0,20,6,23,25.5,-1.18145551646127,86
19,0,20,6,23,25.5,-1.18145551646127,86
20,1,20,6,23,25.5,-1.18145551646127,86
21,0,20,6,23,25.5,-1.18145551646127,86
22,0,20,6,23,25.5,-1.18145551646127,86
23,0,20,6,23,25.5,-1.18145551646127,86
24,1,20,6,23,25.5,-1.18145551646127,86
25,0,20,6,23,25.5,-1.18145551646127,86
26,0,20,6,23,25.5,-1.18145551646127,86
27,0,20,6,23,25.5,-1.18145551646127,86
28,0,20,6,23,25.5,-1.18145551646127,86
29,1,20,6,23,25.5,-1.18145551646127,86
30,0,20,6,23,25.5,-1.18145551646127,86
31,0,20,6,23,25.5,-1.18145551646127,86
32,0,20,6,23,25.5,-1.18145551646127,86
33,0,20,6,23,25.5,-1.18145551646127,86
34,0,20,6,23,25.5,-1.18145551646127,86
35,0,20,6,23,25.5,-1.18145551646127,86
36,0,20,6,23,25.5,-1.18145551646127,86
37,0,20,6,23,25.5,-1.18145551646127,86
38,0,20,6,23,25.5,-1.18145551646127,86
39,0,20,6,23,25.5,-1.18145551646127,86
40,0,20,6,23,25.5,-1.18145551646127,86
41,0,20,7,23,63.5,-0.713504025821601,86
42,1,20,7,23,63.5,-0.713504025821601,86
43,0,20,7,23,63.5,-0.713504025821601,86
44,0,20,7,23,63.5,-0.713504025821601,86
45,0,20,7,23,63.5,-0.713504025821601,86
46,0,21,7,46.5,63.5,-0.427386346508257,86
47,1,21,7,46.5,63.5,-0.427386346508257,86
48,0,22,7,49,63.5,-0.396948295517475,86
49,0,22,7,49,63.5,-0.396948295517475,86
50,0,22,7,49,63.5,-0.396948295517475,86
51,1,23,7,52,63.5,-0.360422634328538,86
52,0,23,7,52,63.5,-0.360422634328538,86
53,0,23,7,52,63.5,-0.360422634328538,86
54,0,24,7,55.5,63.5,-0.317809362941444,86
55,1,24,7,55.5,63.5,-0.317809362941444,86
56,0,24,7,55.5,63.5,-0.317809362941444,86
57,0,24,7,55.5,63.5,-0.317809362941444,86
58,0,25,7,59.5,63.5,-0.269108481356194,86
59,0,25,7,59.5,63.5,-0.269108481356194,86
60,0,25,7,59.5,63.5,-0.269108481356194,86
61,0,25,7,59.5,63.5,-0.269108481356194,86
62,0,26,7,62.5,63.5,-0.232582820167256,86
63,0,26,7,62.5,63.5,-0.232582820167256,86
64,0,27,7,64.5,63.5,-0.208232379374631,86
65,0,27,7,64.5,63.5,-0.208232379374631,86
66,0,28,7,67,63.5,-0.17779432838385,86
67,0,28,7,67,63.5,-0.17779432838385,86
68,0,28,7,67,63.5,-0.17779432838385,86
69,0,29,7,70,63.5,-0.141268667194912,86
70,0,29,7,70,63.5,-0.141268667194912,86
71,0,29,7,70,63.5,-0.141268667194912,86
72,0,30,7,73,63.5,-0.104743006005975,86
73,0,30,7,73,63.5,-0.104743006005975,86
74,0,30,7,73,63.5,-0.104743006005975,86
75,0,31,7,75,63.5,-0.0803925652133499,86
76,0,32,7,76.5,63.5,-0.0621297346188811,86
77,1,32,7,76.5,63.5,-0.0621297346188811,86
78,1,33,7,79,63.5,-0.0316916836280998,86
79,0,33,7,79,63.5,-0.0316916836280998,86
80,0,33,7,79,63.5,-0.0316916836280998,86
81,0,34,7,83,63.5,0.0170091979571503,86
82,1,34,7,83,63.5,0.0170091979571503,86
83,1,34,7,83,63.5,0.0170091979571503,86
84,1,34,7,83,63.5,0.0170091979571503,86
85,0,34,7,83,63.5,0.0170091979571503,86
86,1,35,7,87.5,63.5,0.0717976897405567,86
87,1,35,8,87.5,101.5,0.539749180380222,86
88,1,35,8,87.5,101.5,0.539749180380222,86
89,1,35,8,87.5,101.5,0.539749180380222,86
90,1,36,8,90.5,101.5,0.576274841569159,86
91,1,36,8,90.5,101.5,0.576274841569159,86
92,1,37,8,92.5,101.5,0.600625282361784,86
93,1,37,8,92.5,101.5,0.600625282361784,86
94,1,38,8,96,101.5,0.643238553748878,86
95,1,38,8,96,101.5,0.643238553748878,86
96,1,38,8,96,101.5,0.643238553748878,86
97,1,38,8,96,101.5,0.643238553748878,86
98,1,38,8,96,101.5,0.643238553748878,86
99,1,39,8,99,101.5,0.679764214937816,86
100,1,40,8,101,101.5,0.704114655730441,86
101,1,40,8,101,101.5,0.704114655730441,86
102,1,40,8,101,101.5,0.704114655730441,86
103,1,41,8,103.5,101.5,0.734552706721222,86
104,1,41,8,103.5,101.5,0.734552706721222,86
105,1,45,8,105,101.5,0.752815537315691,86
106,1,46,8,107,101.5,0.777165978108316,86
107,1,46,8,107,101.5,0.777165978108316,86
108,1,46,8,107,101.5,0.777165978108316,86
109,1,52,8,110,101.5,0.813691639297254,86
110,1,52,8,110,101.5,0.813691639297254,86
111,1,52,8,110,101.5,0.813691639297254,86
112,1,54,8,112.5,101.5,0.844129690288035,86
113,1,54,8,112.5,101.5,0.844129690288035,86
114,1,55,8,114,101.5,0.862392520882504,86
115,1,59,8,115.5,101.5,0.880655351476972,86
116,1,59,8,115.5,101.5,0.880655351476972,86
117,1,60,9,118,124,1.18816994297808,86
118,1,60,9,118,124,1.18816994297808,86
119,1,60,9,118,124,1.18816994297808,86
120,1,67,9,120,124,1.21252038377071,86
121,1,68,9,121,124,1.22469560416702,86
122,1,72,9,122.5,124,1.24295843476149,86
123,1,72,9,122.5,124,1.24295843476149,86
124,1,73,9,124,124,1.26122126535596,86
125,1,78,9,125,124,1.27339648575227,86
126,1,84,9,126,124,1.28557170614858,86
127,1,88,9,127,124,1.29774692654489,86
128,1,90,9,128,124,1.30992214694121,86
129,1,91,9,129,124,1.32209736733752,86
130,1,94,9,130,124,1.33427258773383,86
131,1,95,9,131,124,1.34644780813014,86
132,1,100,10,132,137,1.51871169637687,86
133,1,103,10,133,137,1.53088691677318,86
134,1,108,10,134,137,1.54306213716949,86
135,1,112,10,135,137,1.55523735756581,86
136,1,113,10,136,137,1.56741257796212,86
137,1,120,10,137.5,137,1.58567540855659,86
138,1,120,10,137.5,137,1.58567540855659,86
139,1,122,10,139,137,1.60393823915106,86
140,1,124,10,140,137,1.61611345954737,86
141,1,125,10,141,137,1.62828867994368,86
142,1,128,10,142,137,1.64046390033999,86
143,1,129,12,143,143.5,1.73268345466151,86
144,1,193,12,144,143.5,1.74485867505782,86
1,1,20,5,8,128.5,-0.0413993640214682,87
2,1,20,4,8,80,-0.675591597935408,87
3,1,20,5,8,128.5,-0.0413993640214682,87
4,0,20,4,8,80,-0.675591597935408,87
5,1,20,4,8,80,-0.675591597935408,87
6,0,20,3,8,22.5,-1.42746898865812,87
7,1,20,4,8,80,-0.675591597935408,87
8,0,20,3,8,22.5,-1.42746898865812,87
9,1,20,4,8,80,-0.675591597935408,87
10,0,20,4,8,80,-0.675591597935408,87
11,0,20,5,8,128.5,-0.0413993640214682,87
12,1,20,5,8,128.5,-0.0413993640214682,87
13,0,20,4,8,80,-0.675591597935408,87
14,1,20,4,8,80,-0.675591597935408,87
15,0,20,3,8,22.5,-1.42746898865812,87
16,1,21,5,16.5,128.5,0.0605561673973397,87
17,0,21,3,16.5,22.5,-1.32551345723931,87
18,1,22,5,19,128.5,0.0905430884028714,87
19,0,22,4,19,80,-0.543649145511069,87
20,1,22,4,19,80,-0.543649145511069,87
21,0,23,4,21.5,80,-0.513662224505537,87
22,1,23,3,21.5,22.5,-1.26553961522825,87
23,1,25,3,24,22.5,-1.23555269422272,87
24,0,25,3,24,22.5,-1.23555269422272,87
25,0,25,4,24,80,-0.483675303500005,87
26,0,26,5,27,128.5,0.186501235620573,87
27,1,26,5,27,128.5,0.186501235620573,87
28,1,26,3,27,22.5,-1.19956838901608,87
29,0,27,4,29.5,80,-0.417704077287835,87
30,0,27,3,29.5,22.5,-1.16958146801055,87
31,1,28,3,31.5,22.5,-1.14559193120612,87
32,1,28,4,31.5,80,-0.39371454048341,87
33,0,29,4,35,80,-0.351732851075666,87
34,0,29,4,35,80,-0.351732851075666,87
35,0,29,3,35,22.5,-1.10361024179838,87
36,0,29,4,35,80,-0.351732851075666,87
37,1,29,4,35,80,-0.351732851075666,87
38,1,30,4,39,80,-0.303753777466815,87
39,1,30,4,39,80,-0.303753777466815,87
40,0,30,5,39,128.5,0.330438456447125,87
41,0,31,4,42.5,80,-0.26177208805907,87
42,1,31,3,42.5,22.5,-1.01364947878178,87
43,0,31,4,42.5,80,-0.26177208805907,87
44,1,31,3,42.5,22.5,-1.01364947878178,87
45,1,32,3,46,22.5,-0.971667789374039,87
46,1,32,3,46,22.5,-0.971667789374039,87
47,1,32,3,46,22.5,-0.971667789374039,87
48,0,33,4,48.5,80,-0.189803477645794,87
49,1,33,5,48.5,128.5,0.444388756268146,87
50,1,34,3,51,22.5,-0.911693947362975,87
51,1,34,5,51,128.5,0.474375677273678,87
52,0,34,4,51,80,-0.159816556640263,87
53,1,35,6,53,142.5,0.681431013558416,87
54,1,36,3,54,22.5,-0.875709642156337,87
55,1,37,4,55,80,-0.111837483031412,87
56,1,38,3,56.5,22.5,-0.845722721150805,87
57,1,38,3,56.5,22.5,-0.845722721150805,87
58,0,39,4,59,80,-0.063858409422561,87
59,0,39,4,59,80,-0.063858409422561,87
60,0,39,4,59,80,-0.063858409422561,87
61,1,41,3,62,22.5,-0.779751494938636,87
62,0,41,4,62,80,-0.0278741042159229,87
63,1,41,5,62,128.5,0.606318129698017,87
64,1,42,3,64,22.5,-0.75576195813421,87
65,0,43,4,65,80,0.00811020099071513,87
66,1,44,4,66.5,80,0.0261023535940342,87
67,0,44,5,66.5,128.5,0.660294587507974,87
68,1,45,5,69.5,128.5,0.696278892714613,87
69,0,45,4,69.5,80,0.0620866588006723,87
70,1,45,5,69.5,128.5,0.696278892714613,87
71,1,45,5,69.5,128.5,0.696278892714613,87
72,1,46,5,73.5,128.5,0.744257966323463,87
73,1,46,5,73.5,128.5,0.744257966323463,87
74,0,46,5,73.5,128.5,0.744257966323463,87
75,1,46,4,73.5,80,0.110065732409523,87
76,0,47,4,76,80,0.140052653415055,87
77,0,48,3,77.5,22.5,-0.593832584704339,87
78,1,48,4,77.5,80,0.158044806018374,87
79,0,49,4,79.5,80,0.182034342822799,87
80,1,49,3,79.5,22.5,-0.569843047899913,87
81,0,50,4,81.5,80,0.206023879627225,87
82,1,50,4,81.5,80,0.206023879627225,87
83,0,51,4,83,80,0.224016032230544,87
84,1,52,4,84,80,0.236010800632756,87
85,0,55,3,86,22.5,-0.491877053285531,87
86,1,55,4,86,80,0.260000337437182,87
87,0,55,4,86,80,0.260000337437182,87
88,0,56,4,88.5,80,0.289987258442713,87
89,1,56,5,88.5,128.5,0.924179492356654,87
90,1,57,4,90,80,0.307979411046032,87
91,0,58,4,91.5,80,0.325971563649352,87
92,1,58,4,91.5,80,0.325971563649352,87
93,0,59,4,93,80,0.343963716252671,87
94,0,61,6,94,142.5,1.17321651804914,87
95,1,63,4,95,80,0.367953253057096,87
96,0,64,2,96,1,-0.653066132751027,87
97,0,65,3,97,22.5,-0.359934600861191,87
98,0,67,4,99,80,0.415932326665947,87
99,1,67,5,99,128.5,1.05012456057989,87
100,0,67,4,99,80,0.415932326665947,87
101,1,68,4,101,80,0.439921863470372,87
102,1,69,4,102,80,0.451916631872585,87
103,1,70,4,103,80,0.463911400274798,87
104,1,71,5,104,128.5,1.11009840259095,87
105,0,72,3,106,22.5,-0.251981685241277,87
106,1,72,3,106,22.5,-0.251981685241277,87
107,0,72,4,106,80,0.499895705481436,87
108,0,75,4,108,80,0.523885242285861,87
109,0,77,3,109,22.5,-0.215997380034639,87
110,0,79,4,110,80,0.547874779090286,87
111,0,85,4,112,80,0.571864315894712,87
112,1,85,3,112,22.5,-0.180013074828001,87
113,0,85,5,112,128.5,1.20605654980865,87
114,1,88,6,114,142.5,1.41311188609339,87
115,1,89,6,116,142.5,1.43710142289782,87
116,1,89,4,116,80,0.619843389503563,87
117,1,89,3,116,22.5,-0.13203400121915,87
118,0,90,3,118,22.5,-0.108044464414725,87
119,1,91,3,119,22.5,-0.096049696012512,87
120,0,93,4,120,80,0.667822463112413,87
121,0,94,3,122,22.5,-0.0600653908058739,87
122,1,94,3,122,22.5,-0.0600653908058739,87
123,1,94,3,122,22.5,-0.0600653908058739,87
124,0,95,4,124,80,0.715801536721264,87
125,0,100,4,125,80,0.727796305123477,87
126,1,101,3,126,22.5,-0.0120863171970231,87
127,0,104,5,127,128.5,1.38597807584184,87
128,0,105,3,128,22.5,0.0119032196074023,87
129,1,106,3,129,22.5,0.023897988009615,87
130,0,109,4,130.5,80,0.793767531335647,87
131,1,109,4,130.5,80,0.793767531335647,87
132,0,110,4,132,80,0.811759683938966,87
133,1,113,4,133,80,0.823754452341178,87
134,0,114,4,134,80,0.835749220743391,87
135,1,117,3,135,22.5,0.095866598422891,87
136,0,132,4,136,80,0.859738757547816,87
137,0,154,4,137,80,0.871733525950029,87
138,0,155,3,138,22.5,0.131850903629529,87
139,1,160,4,139,80,0.895723062754454,87
140,0,162,4,140,80,0.907717831156667,87
141,0,171,4,141,80,0.91971259955888,87
142,0,172,3,142,22.5,0.17982997723838,87
143,0,185,4,143,80,0.943702136363305,87
144,0,337,4,144,80,0.955696904765518,87
1,0,42,1,1,1.5,-1.59576847041715,88
2,0,69,1,2,1.5,-1.5250577922985,88
3,0,74,2,3,3.5,-1.31205699198846,88
4,0,100,2,4,3.5,-1.2413463138698,88
5,0,105,3,5,5,-1.06391804410761,88
6,0,109,4,6,6.5,-0.886489774345413,88
7,0,119,4,7,6.5,-0.815779096226758,88
8,0,132,5,8,10,-0.496060704273178,88
9,0,134,5,9,10,-0.425350026154524,88
10,0,141,5,10,10,-0.354639348035869,88
11,0,160,5,11,10,-0.283928669917214,88
12,0,174,5,12,10,-0.213217991798559,88
13,0,198,6,13,13,0.0709278696071738,88
14,0,205,8,14,15,0.283928669917214,88
15,0,210,8,15,15,0.354639348035869,88
16,0,211,8,16,15,0.425350026154524,88
17,0,221,9,17,17,0.638350826464564,88
18,0,282,10,18,18,0.780206565678911,88
19,0,303,11,19,19,0.922062304893259,88
20,0,435,12,20,20.5,1.09949057465545,88
21,1,459,12,21,20.5,1.17020125277411,88
22,1,484,13,22,22,1.3476295225363,88
23,1,554,20,23,23,1.48948526175065,88
24,1,811,30,24,24,1.631341000965,88
1,1,20,2,3,15.5,-0.891058666178008,89
2,1,20,1,3,3.5,-1.50701628975121,89
3,1,20,1,3,3.5,-1.50701628975121,89
4,1,20,2,3,15.5,-0.891058666178008,89
5,1,20,2,3,15.5,-0.891058666178008,89
6,0,24,4,6.5,35,0.276307466386275,89
7,1,24,2,6.5,15.5,-0.724623671920171,89
8,1,26,2,8.5,15.5,-0.629517960915692,89
9,1,26,1,8.5,3.5,-1.24547558448889,89
10,0,29,3,10,29,0.134763648857514,89
11,1,30,1,11,3.5,-1.12659344573329,89
12,0,32,2,12,15.5,-0.463082966657855,89
13,0,33,3,13,29,0.277422215364231,89
14,0,37,3,15,29,0.37252792636871,89
15,0,37,4,15,35,0.680506738155308,89
16,0,37,2,15,15.5,-0.320424400151137,89
17,1,39,1,18,3.5,-0.793723457217616,89
18,0,39,3,18,29,0.515186492875428,89
19,1,39,4,18,35,0.823165304662026,89
20,0,40,3,20,29,0.610292203879906,89
21,0,43,3,21.5,29,0.681621487133265,89
22,0,43,2,21.5,15.5,-0.0113308393865814,89
23,0,45,2,23,15.5,0.0599984438667775,89
24,0,50,3,24,29,0.800503625888864,89
25,0,51,2,25,15.5,0.155104154871256,89
26,1,56,2,26,15.5,0.202657010373495,89
27,1,59,2,27,15.5,0.250209865875735,89
28,0,62,2,28,15.5,0.297762721377974,89
29,1,63,2,29,15.5,0.345315576880213,89
30,1,64,2,30,15.5,0.392868432382453,89
31,0,69,3,31,29,1.13337361440454,89
32,0,72,2,32,15.5,0.487974143386931,89
33,0,73,2,33,15.5,0.53552699888917,89
34,0,83,3,34,29,1.27603218091126,89
35,0,99,1,35,3.5,0.014675086320452,89
36,0,126,2,36,15.5,0.678185565395888,89
1,0,102,2,1,2,-1.64513795688028,90
2,0,107,2,2,2,-1.60941979360388,90
3,0,141,2,3,2,-1.57370163032748,90
4,0,165,3,4,5.5,-1.41264284840232,90
5,0,199,3,5,5.5,-1.37692468512592,90
6,0,222,3,6,5.5,-1.34120652184952,90
7,1,227,3,7,5.5,-1.30548835857313,90
8,1,234,4,8,10,-1.10861797131974,90
9,0,244,4,9,10,-1.07289980804334,90
10,1,254,4,10,10,-1.03718164476695,90
11,0,255,4,11,10,-1.00146348149055,90
12,0,260,4,12,10,-0.965745318214153,90
13,0,280,5,13,15.5,-0.733063325632543,90
14,0,293,5,14,15.5,-0.697345162356147,90
15,1,297,5,15,15.5,-0.66162699907975,90
16,0,312,5,16,15.5,-0.625908835803354,90
17,0,349,5,17,15.5,-0.590190672526958,90
18,0,352,5,18.5,15.5,-0.536613427612363,90
19,1,352,6,18.5,20,-0.375461203635371,90
20,0,358,6,20,20,-0.321883958720776,90
21,0,364,6,21,20,-0.28616579544438,90
22,0,375,7,22,23,-0.143012816183322,90
23,0,385,7,23.5,23,-0.0894355712687272,90
24,0,385,7,23.5,23,-0.0894355712687272,90
25,0,396,8,25.5,25.5,0.0715297686046169,90
26,1,396,8,25.5,25.5,0.0715297686046169,90
27,1,400,9,27,28,0.214636026839763,90
28,0,418,9,28,28,0.250354190116159,90
29,0,491,9,29,28,0.286072353392556,90
30,0,494,10,30,31,0.429225332653614,90
31,0,506,10,31,31,0.46494349593001,90
32,0,514,10,32,31,0.500661659206406,90
33,1,557,11,33,33,0.608003033139244,90
34,1,563,12,34,35.5,0.733250209736192,90
35,1,569,12,35,35.5,0.768968373012588,90
36,0,606,12,36,35.5,0.804686536288984,90
37,0,637,12,37,35.5,0.840404699565381,90
38,1,644,13,38.5,38.5,1.00141676046464,90
39,0,644,13,38.5,38.5,1.00141676046464,90
40,1,660,14,40,40.5,1.12661721603567,90
41,0,668,14,41,40.5,1.16233537931207,90
42,1,682,15,42,42.5,1.26967675324491,90
43,0,697,15,43,42.5,1.3053949165213,90
44,1,755,17,44,44,1.39483048779003,90
45,1,991,18,45,45.5,1.48426605905876,90
46,1,1022,18,46,45.5,1.51998422233515,90
47,1,1023,19,47,47,1.60941979360388,90
48,1,1231,30,48,48,1.6809495622085,90
1,0,151,5,1,127.5,0.0200215910779984,91
2,0,168,5,2,127.5,0.0320084144909438,91
3,0,217,5,3,127.5,0.0439952379038894,91
4,0,236,5,4,127.5,0.0559820613168348,91
5,0,244,5,5,127.5,0.0679688847297802,91
6,0,245,5,6,127.5,0.0799557081427257,91
7,0,250,5,7,127.5,0.0919425315556712,91
8,0,255,5,8.5,127.5,0.109922766675089,91
9,0,255,5,8.5,127.5,0.109922766675089,91
10,0,256,5,10.5,127.5,0.13389641350098,91
11,0,256,5,10.5,127.5,0.13389641350098,91
12,0,260,5,12,127.5,0.151876648620399,91
13,0,278,5,13,127.5,0.163863472033344,91
14,0,280,5,14,127.5,0.175850295446289,91
15,0,284,5,15,127.5,0.187837118859235,91
16,0,286,5,16,127.5,0.19982394227218,91
17,0,289,5,17,127.5,0.211810765685126,91
18,0,292,5,18,127.5,0.223797589098071,91
19,0,305,5,19.5,127.5,0.24177782421749,91
20,1,305,5,19.5,127.5,0.24177782421749,91
21,0,307,5,21,127.5,0.259758059336908,91
22,0,310,5,22,127.5,0.271744882749853,91
23,0,312,5,23,127.5,0.283731706162799,91
24,0,313,5,24,127.5,0.295718529575744,91
25,0,318,5,25,127.5,0.30770535298869,91
26,0,327,5,26,127.5,0.319692176401635,91
27,0,332,5,27,127.5,0.331678999814581,91
28,0,333,5,28,127.5,0.343665823227526,91
29,0,336,5,29,127.5,0.355652646640472,91
30,0,339,5,30,127.5,0.367639470053417,91
31,0,341,5,31,127.5,0.379626293466363,91
32,0,342,5,32,127.5,0.391613116879308,91
33,0,348,5,33,127.5,0.403599940292253,91
34,0,352,5,34,127.5,0.415586763705199,91
35,0,356,4,35.5,56.5,-0.698662856127302,91
36,1,356,4,35.5,56.5,-0.698662856127302,91
37,0,359,4,37,56.5,-0.680682621007884,91
38,0,361,4,38.5,56.5,-0.662702385888466,91
39,0,361,4,38.5,56.5,-0.662702385888466,91
40,0,364,4,40,56.5,-0.644722150769048,91
41,0,366,4,41,56.5,-0.632735327356102,91
42,0,368,4,42,56.5,-0.620748503943157,91
43,0,370,4,43.5,56.5,-0.602768268823739,91
44,0,370,4,43.5,56.5,-0.602768268823739,91
45,0,373,4,45,56.5,-0.58478803370432,91
46,0,374,4,46,56.5,-0.572801210291375,91
47,0,376,4,47,56.5,-0.560814386878429,91
48,0,377,4,49,56.5,-0.536840740052538,91
49,0,377,4,49,56.5,-0.536840740052538,91
50,0,377,4,49,56.5,-0.536840740052538,91
51,0,379,4,51,56.5,-0.512867093226647,91
52,0,385,4,52,56.5,-0.500880269813702,91
53,0,386,4,53,56.5,-0.488893446400757,91
54,0,388,4,54,56.5,-0.476906622987811,91
55,0,389,4,55,56.5,-0.464919799574866,91
56,0,394,4,56.5,56.5,-0.446939564455447,91
57,0,394,4,56.5,56.5,-0.446939564455447,91
58,0,396,4,58.5,56.5,-0.422965917629556,91
59,1,396,4,58.5,56.5,-0.422965917629556,91
60,0,397,4,60,56.5,-0.404985682510138,91
61,0,400,4,61,56.5,-0.392998859097193,91
62,0,402,4,62,56.5,-0.381012035684247,91
63,0,403,4,63,56.5,-0.369025212271302,91
64,0,405,4,64.5,56.5,-0.351044977151884,91
65,0,405,4,64.5,56.5,-0.351044977151884,91
66,0,409,4,66,56.5,-0.333064742032465,91
67,0,410,4,67,56.5,-0.32107791861952,91
68,0,414,4,68,56.5,-0.309091095206575,91
69,0,415,4,70,56.5,-0.285117448380684,91
70,0,415,4,70,56.5,-0.285117448380684,91
71,1,415,4,70,56.5,-0.285117448380684,91
72,0,423,4,72,56.5,-0.261143801554793,91
73,0,426,4,73,56.5,-0.249156978141847,91
74,0,427,4,74,56.5,-0.237170154728902,91
75,0,428,4,75,56.5,-0.225183331315956,91
76,0,430,4,76,56.5,-0.213196507903011,91
77,1,431,4,77.5,56.5,-0.195216272783593,91
78,0,431,4,77.5,56.5,-0.195216272783593,91
79,0,433,4,79,56.5,-0.177236037664174,91
80,0,434,4,80,56.5,-0.165249214251229,91
81,0,437,4,81,56.5,-0.153262390838283,91
82,0,438,4,82,56.5,-0.141275567425338,91
83,0,450,4,83,56.5,-0.129288744012392,91
84,0,460,4,84,56.5,-0.117301920599447,91
85,1,461,4,85,56.5,-0.105315097186502,91
86,0,462,4,86,56.5,-0.093328273773556,91
87,1,463,4,87,56.5,-0.0813414503606106,91
88,0,471,4,88.5,56.5,-0.0633612152411923,91
89,1,471,4,88.5,56.5,-0.0633612152411923,91
90,0,475,4,90,56.5,-0.0453809801217741,91
91,1,478,4,91,56.5,-0.0333941567088287,91
92,0,480,4,92,56.5,-0.0214073332958832,91
93,0,483,4,93,56.5,-0.00942050988293772,91
94,0,484,4,94,56.5,0.00256631353000775,91
95,0,492,4,95,56.5,0.0145531369429532,91
96,0,496,4,96,56.5,0.0265399603558987,91
97,0,500,4,97,56.5,0.0385267837688442,91
98,0,505,4,98,56.5,0.0505136071817896,91
99,0,507,4,99,56.5,0.0625004305947351,91
100,0,508,4,100,56.5,0.0744872540076806,91
101,0,510,4,101,56.5,0.086474077420626,91
102,0,511,4,102,56.5,0.0984609008335715,91
103,0,518,4,103,56.5,0.110447724246517,91
104,0,520,4,104,56.5,0.122434547659462,91
105,0,521,4,105,56.5,0.134421371072408,91
106,0,522,4,106,56.5,0.146408194485353,91
107,0,524,4,107,56.5,0.158395017898299,91
108,0,529,4,108,56.5,0.170381841311244,91
109,0,530,4,109,56.5,0.18236866472419,91
110,0,532,4,110,56.5,0.194355488137135,91
111,0,533,4,111,56.5,0.206342311550081,91
112,0,536,4,112,56.5,0.218329134963026,91
113,0,539,4,113,56.5,0.230315958375972,91
114,1,540,4,114,56.5,0.242302781788917,91
115,0,542,4,115,56.5,0.254289605201863,91
116,1,551,4,116,56.5,0.266276428614808,91
117,0,557,4,117,56.5,0.278263252027754,91
118,0,559,4,118,56.5,0.290250075440699,91
119,0,567,4,119,56.5,0.302236898853645,91
120,0,575,4,120.5,56.5,0.320217133973063,91
121,0,575,4,120.5,56.5,0.320217133973063,91
122,0,576,4,122,56.5,0.338197369092481,91
123,0,595,4,123,56.5,0.350184192505426,91
124,0,610,4,124,56.5,0.362171015918372,91
125,0,616,4,125,56.5,0.374157839331317,91
126,0,626,4,126,56.5,0.386144662744263,91
127,0,642,4,127,56.5,0.398131486157208,91
128,0,646,4,128,56.5,0.410118309570154,91
129,0,659,4,129,56.5,0.422105132983099,91
130,0,660,4,130,56.5,0.434091956396045,91
131,0,666,4,131,56.5,0.44607877980899,91
132,0,670,4,132,56.5,0.458065603221936,91
133,0,674,4,133,56.5,0.470052426634881,91
134,1,697,4,134,56.5,0.482039250047827,91
135,1,727,4,135,56.5,0.494026073460772,91
136,1,737,4,136,56.5,0.506012896873718,91
137,1,754,4,137,56.5,0.517999720286663,91
138,1,756,4,138,56.5,0.529986543699609,91
139,1,768,4,139,56.5,0.541973367112554,91
140,1,773,4,140,56.5,0.553960190525499,91
141,1,784,4,141,56.5,0.565947013938445,91
142,1,902,4,142,56.5,0.57793383735139,91
143,0,906,3,143,1.5,-0.287158804339264,91
144,0,1080,3,144,1.5,-0.275171980926318,91
1,1,114,2,1,68.5,-0.978158900419592,92
2,1,120,2,2,68.5,-0.966168510345935,92
3,1,122,2,3,68.5,-0.954178120272279,92
4,1,124,2,4.5,68.5,-0.936192535161794,92
5,0,124,3,4.5,140.5,1.23903564759486,92
6,1,128,2,7,68.5,-0.906216559977653,92
7,1,128,2,7,68.5,-0.906216559977653,92
8,1,128,2,7,68.5,-0.906216559977653,92
9,1,129,2,9,68.5,-0.882235779830339,92
10,1,130,2,11,68.5,-0.858254999683026,92
11,1,130,2,11,68.5,-0.858254999683026,92
12,1,130,2,11,68.5,-0.858254999683026,92
13,1,131,2,14.5,68.5,-0.816288634425228,92
14,1,131,2,14.5,68.5,-0.816288634425228,92
15,1,131,2,14.5,68.5,-0.816288634425228,92
16,1,131,2,14.5,68.5,-0.816288634425228,92
17,1,132,2,17.5,68.5,-0.780317464204259,92
18,1,132,2,17.5,68.5,-0.780317464204259,92
19,1,133,2,19,68.5,-0.762331879093774,92
20,0,134,2,21,68.5,-0.738351098946461,92
21,0,134,2,21,68.5,-0.738351098946461,92
22,1,134,2,21,68.5,-0.738351098946461,92
23,0,135,2,23.5,68.5,-0.708375123762319,92
24,0,135,2,23.5,68.5,-0.708375123762319,92
25,0,136,2,25,68.5,-0.690389538651834,92
26,0,137,2,26.5,68.5,-0.67240395354135,92
27,0,137,2,26.5,68.5,-0.67240395354135,92
28,0,138,2,28,68.5,-0.654418368430865,92
29,0,139,2,29,68.5,-0.642427978357208,92
30,0,140,2,30.5,68.5,-0.624442393246723,92
31,0,140,2,30.5,68.5,-0.624442393246723,92
32,0,141,2,34.5,68.5,-0.576480832952097,92
33,0,141,3,34.5,140.5,1.59874734980456,92
34,0,141,2,34.5,68.5,-0.576480832952097,92
35,0,141,2,34.5,68.5,-0.576480832952097,92
36,0,141,2,34.5,68.5,-0.576480832952097,92
37,0,141,2,34.5,68.5,-0.576480832952097,92
38,0,142,2,38,68.5,-0.534514467694299,92
39,0,143,3,39.5,140.5,1.65869930017284,92
40,0,143,2,39.5,68.5,-0.516528882583814,92
41,0,144,2,41.5,68.5,-0.492548102436501,92
42,0,144,2,41.5,68.5,-0.492548102436501,92
43,0,145,2,44.5,68.5,-0.456576932215531,92
44,0,145,2,44.5,68.5,-0.456576932215531,92
45,0,145,2,44.5,68.5,-0.456576932215531,92
46,0,145,2,44.5,68.5,-0.456576932215531,92
47,0,146,2,48,68.5,-0.414610566957733,92
48,0,146,2,48,68.5,-0.414610566957733,92
49,0,146,2,48,68.5,-0.414610566957733,92
50,0,147,2,51,68.5,-0.378639396736764,92
51,0,147,2,51,68.5,-0.378639396736764,92
52,0,147,2,51,68.5,-0.378639396736764,92
53,0,148,2,53,68.5,-0.354658616589451,92
54,0,149,2,55,68.5,-0.330677836442137,92
55,0,149,2,55,68.5,-0.330677836442137,92
56,0,149,2,55,68.5,-0.330677836442137,92
57,0,150,2,60.5,68.5,-0.264730691037026,92
58,0,150,2,60.5,68.5,-0.264730691037026,92
59,0,150,2,60.5,68.5,-0.264730691037026,92
60,0,150,2,60.5,68.5,-0.264730691037026,92
61,0,150,2,60.5,68.5,-0.264730691037026,92
62,0,150,2,60.5,68.5,-0.264730691037026,92
63,0,150,2,60.5,68.5,-0.264730691037026,92
64,0,150,2,60.5,68.5,-0.264730691037026,92
65,0,151,2,66,68.5,-0.198783545631915,92
66,0,151,2,66,68.5,-0.198783545631915,92
67,0,151,2,66,68.5,-0.198783545631915,92
68,0,152,2,69.5,68.5,-0.156817180374117,92
69,0,152,2,69.5,68.5,-0.156817180374117,92
70,0,152,2,69.5,68.5,-0.156817180374117,92
71,0,152,2,69.5,68.5,-0.156817180374117,92
72,0,153,2,73,68.5,-0.114850815116319,92
73,0,153,2,73,68.5,-0.114850815116319,92
74,0,153,2,73,68.5,-0.114850815116319,92
75,0,154,2,77,68.5,-0.066889254821693,92
76,0,154,2,77,68.5,-0.066889254821693,92
77,0,154,2,77,68.5,-0.066889254821693,92
78,0,154,2,77,68.5,-0.066889254821693,92
79,0,154,2,77,68.5,-0.066889254821693,92
80,0,155,2,82.5,68.5,-0.000942109416581877,92
81,0,155,2,82.5,68.5,-0.000942109416581877,92
82,0,155,3,82.5,140.5,2.17428607334007,92
83,0,155,2,82.5,68.5,-0.000942109416581877,92
84,0,155,2,82.5,68.5,-0.000942109416581877,92
85,0,155,2,82.5,68.5,-0.000942109416581877,92
86,0,156,2,86.5,68.5,0.0470194508780444,92
87,0,156,2,86.5,68.5,0.0470194508780444,92
88,0,157,2,89.5,68.5,0.0829906210990141,92
89,0,157,2,89.5,68.5,0.0829906210990141,92
90,0,157,2,89.5,68.5,0.0829906210990141,92
91,0,157,2,89.5,68.5,0.0829906210990141,92
92,0,158,2,92.5,68.5,0.118961791319984,92
93,0,158,2,92.5,68.5,0.118961791319984,92
94,0,159,2,95,68.5,0.148937766504125,92
95,0,159,2,95,68.5,0.148937766504125,92
96,0,159,2,95,68.5,0.148937766504125,92
97,0,160,2,98.5,68.5,0.190904131761923,92
98,0,160,2,98.5,68.5,0.190904131761923,92
99,0,160,3,98.5,140.5,2.36613231451858,92
100,0,160,2,98.5,68.5,0.190904131761923,92
101,0,161,2,101.5,68.5,0.226875301982893,92
102,0,161,2,101.5,68.5,0.226875301982893,92
103,0,162,3,104,140.5,2.43207945992369,92
104,0,162,2,104,68.5,0.256851277167034,92
105,0,162,2,104,68.5,0.256851277167034,92
106,0,163,2,106.5,68.5,0.286827252351176,92
107,0,163,2,106.5,68.5,0.286827252351176,92
108,0,164,2,108,68.5,0.304812837461661,92
109,0,165,2,109.5,68.5,0.322798422572145,92
110,0,165,2,109.5,68.5,0.322798422572145,92
111,0,167,2,113,68.5,0.364764787829943,92
112,0,167,2,113,68.5,0.364764787829943,92
113,0,167,2,113,68.5,0.364764787829943,92
114,0,167,2,113,68.5,0.364764787829943,92
115,0,167,2,113,68.5,0.364764787829943,92
116,0,168,2,116,68.5,0.400735958050913,92
117,0,169,2,117,68.5,0.41272634812457,92
118,0,170,2,118.5,68.5,0.430711933235054,92
119,0,170,2,118.5,68.5,0.430711933235054,92
120,0,171,2,121,68.5,0.460687908419196,92
121,0,171,2,121,68.5,0.460687908419196,92
122,0,171,2,121,68.5,0.460687908419196,92
123,0,173,2,123,68.5,0.484668688566509,92
124,0,174,2,124.5,68.5,0.502654273676994,92
125,0,174,2,124.5,68.5,0.502654273676994,92
126,0,175,2,127.5,68.5,0.538625443897964,92
127,0,175,2,127.5,68.5,0.538625443897964,92
128,0,175,2,127.5,68.5,0.538625443897964,92
129,0,175,3,127.5,140.5,2.71385362665462,92
130,0,176,2,130.5,68.5,0.574596614118933,92
131,0,176,2,130.5,68.5,0.574596614118933,92
132,0,177,2,132.5,68.5,0.598577394266246,92
133,0,177,2,132.5,68.5,0.598577394266246,92
134,0,178,2,134.5,68.5,0.62255817441356,92
135,0,178,2,134.5,68.5,0.62255817441356,92
136,0,179,2,136,68.5,0.640543759524044,92
137,0,180,2,137,68.5,0.652534149597701,92
138,0,181,2,138,68.5,0.664524539671357,92
139,0,183,2,139.5,68.5,0.682510124781842,92
140,0,183,3,139.5,140.5,2.8577383075385,92
141,0,184,2,141,68.5,0.700495709892327,92
142,0,189,2,142,68.5,0.712486099965984,92
143,0,193,2,143,68.5,0.72447649003964,92
144,0,199,2,144,68.5,0.736466880113297,92
1,0,34,24,1,70,-0.0440311920092209,93
2,0,43,10,2,47,-0.572220067987719,93
3,1,53,4,3,12.5,-1.37644913212245,93
4,0,71,7,4,33.5,-0.848484244720587,93
5,0,72,5,5,19,-1.1726434164097,93
6,0,81,2,6,2,-1.55681132465451,93
7,0,90,3,7,5.5,-1.44890759314257,93
8,0,94,6,8,24,-0.980951442296409,93
9,0,98,4,9,12.5,-1.23310013011868,93
10,1,104,6,10.5,24,-0.921222691461506,93
11,0,104,8,10.5,41.5,-0.501161535571591,93
12,0,105,4,12,12.5,-1.16142562911679,93
13,0,114,6,13,24,-0.861493940626602,93
14,0,118,4,14,12.5,-1.11364262844887,93
15,0,119,7,15,33.5,-0.585677741047012,93
16,0,128,18,16,64,0.170320345266515,93
17,1,132,26,17,71,0.362236307956442,93
18,0,135,20,18,67,0.29011382980128,93
19,0,137,10,19,47,-0.166064562310375,93
20,0,139,4,20,12.5,-0.970293626445102,93
21,0,143,18,21,64,0.289777846936322,93
22,1,152,4,22,12.5,-0.92251062577718,93
23,0,157,13,23,53.5,0.0855241540702956,93
24,0,181,4,24,12.5,-0.874727625109257,93
25,0,182,6,25,24,-0.574795936619066,93
26,0,188,4,26,12.5,-0.826944624441334,93
27,0,190,7,27,33.5,-0.298979737039475,93
28,1,191,3,28,5.5,-0.947186086129377,93
29,0,210,4,29.5,12.5,-0.743324373272469,93
30,0,210,13,29.5,53.5,0.240818906241044,93
31,0,211,14,31,56,0.336664893297689,93
32,0,214,14,32,56,0.36055639363165,93
33,0,223,11,33,50.5,0.252428673543067,93
34,0,233,7,34,33.5,-0.131739234701746,93
35,0,245,12,35,52,0.336216916144411,93
36,0,251,18,36,64,0.648150351945742,93
37,0,257,23,37,69,0.792059325391107,93
38,0,260,7,38,33.5,-0.0361732333659004,93
39,1,264,4,39,12.5,-0.516355120099836,93
40,0,271,2,40,2,-0.744500313299824,93
41,1,285,3,41,5.5,-0.636596581787879,93
42,0,291,17,42.5,60.5,0.719432872938508,93
43,0,291,8,42.5,41.5,0.263366475115172,93
44,1,295,7,44,33.5,0.107175768637868,93
45,0,313,7,45,33.5,0.131067268971829,93
46,0,335,10,46,47,0.479005946706582,93
47,1,338,8,47,41.5,0.370878226617999,93
48,0,352,8,48,41.5,0.39476972695196,93
49,0,377,3,49,5.5,-0.445464579116188,93
50,0,387,7,50,33.5,0.250524770641636,93
51,0,395,11,51,50.5,0.682475679554371,93
52,0,399,6,52,24,0.0702745723978909,93
53,0,405,18,53,64,1.05430585762309,93
54,0,448,6,54,24,0.118057573065814,93
55,0,451,9,55,44,0.622018965845392,93
56,1,460,6,56,24,0.165840573733736,93
57,0,501,18,57,64,1.14987185895893,93
58,0,503,10,58,47,0.765703950714118,93
59,0,512,7,59,33.5,0.465548273647288,93
60,1,552,15,60,58,1.07752539222713,93
61,1,579,10,61,47,0.837378451716002,93
62,0,630,5,62,19,0.1891721026261,93
63,0,638,7,63,33.5,0.561114274983134,93
64,0,645,5,64,19,0.236955103294023,93
65,0,654,17,65,60.5,1.25699163045264,93
66,1,658,21,66,68,1.46090934045371,93
67,0,734,2,67,2,-0.0994298042828667,93
68,0,810,7,68,33.5,0.680571776652941,93
69,0,860,7,69,33.5,0.704463276986902,93
70,1,949,30,70,72,1.65248932027868,93
71,0,1156,14,71,56,1.29232490665614,93
72,0,1616,16,72,59,1.38822689085695,93
1,0,20,6,4,48,0.174202403957151,94
2,0,20,4,4,46,0.0969479285641104,94
3,0,20,4,4,46,0.0969479285641104,94
4,0,20,4,4,46,0.0969479285641104,94
5,0,20,3,4,38.5,-0.192756354159793,94
6,0,20,3,4,38.5,-0.192756354159793,94
7,0,20,3,4,38.5,-0.192756354159793,94
8,0,23,3,8,38.5,-0.0496270503722653,94
9,0,25,3,9,38.5,-0.0138447244253834,94
10,0,27,3,10.5,38.5,0.0398287644949394,94
11,0,27,3,10.5,38.5,0.0398287644949394,94
12,0,28,3,12,38.5,0.0935022534152624,94
13,0,30,3,13.5,38.5,0.147175742335585,94
14,0,30,3,13.5,38.5,0.147175742335585,94
15,0,31,3,15,38.5,0.200849231255908,94
16,1,34,3,16.5,38.5,0.254522720176231,94
17,1,34,2,16.5,20.5,-0.440767558361137,94
18,1,36,2,18,20.5,-0.387094069440814,94
19,1,38,2,19,20.5,-0.351311743493933,94
20,1,41,2,20,20.5,-0.315529417547051,94
21,1,43,2,21,20.5,-0.279747091600169,94
22,1,44,2,22,20.5,-0.243964765653287,94
23,0,49,2,23,20.5,-0.208182439706405,94
24,0,50,2,24,20.5,-0.172400113759523,94
25,0,51,2,25,20.5,-0.136617787812641,94
26,0,53,2,26,20.5,-0.100835461865759,94
27,0,55,2,27,20.5,-0.065053135918877,94
28,0,56,2,28,20.5,-0.0292708099719951,94
29,0,60,2,29.5,20.5,0.0244026789483278,94
30,0,60,2,29.5,20.5,0.0244026789483278,94
31,0,61,2,31,20.5,0.0780761678686507,94
32,0,62,2,32,20.5,0.113858493815533,94
33,0,66,2,34.5,20.5,0.203314308682738,94
34,0,66,2,34.5,20.5,0.203314308682738,94
35,0,66,2,34.5,20.5,0.203314308682738,94
36,0,66,2,34.5,20.5,0.203314308682738,94
37,0,69,2,37,20.5,0.292770123549942,94
38,1,70,2,38,20.5,0.328552449496824,94
39,0,72,2,39,20.5,0.364334775443706,94
40,0,76,2,40,20.5,0.400117101390588,94
41,0,80,1,41,4.5,-0.182136375806857,94
42,0,81,1,42,4.5,-0.146354049859975,94
43,0,89,1,43,4.5,-0.110571723913094,94
44,1,90,1,44,4.5,-0.0747893979662116,94
45,0,100,1,45,4.5,-0.0390070720193297,94
46,0,130,1,46,4.5,-0.00322474607244772,94
47,0,144,1,47,4.5,0.0325575798744342,94
48,0,201,1,48,4.5,0.0683399058213161,94
1,0,20,3,8,105,-0.369264317204252,95
2,0,20,2,8,69.5,-0.810963573988254,95
3,1,20,6,8,132.5,-0.0271029211039684,95
4,0,20,2,8,69.5,-0.810963573988254,95
5,0,20,5,8,126.5,-0.101756316616758,95
6,0,20,3,8,105,-0.369264317204252,95
7,0,20,2,8,69.5,-0.810963573988254,95
8,0,20,2,8,69.5,-0.810963573988254,95
9,0,20,1,8,23,-1.38952738921237,95
10,0,20,1,8,23,-1.38952738921237,95
11,0,20,5,8,126.5,-0.101756316616758,95
12,0,20,2,8,69.5,-0.810963573988254,95
13,0,20,2,8,69.5,-0.810963573988254,95
14,0,20,2,8,69.5,-0.810963573988254,95
15,0,20,1,8,23,-1.38952738921237,95
16,0,21,2,16.5,69.5,-0.709011427508087,95
17,0,21,2,16.5,69.5,-0.709011427508087,95
18,0,23,10,18.5,142,0.21703917528639,95
19,0,23,8,18.5,135,0.129943547188136,95
20,0,24,1,20.5,23,-1.23959776203565,95
21,0,24,2,20.5,69.5,-0.661033946811537,95
22,0,25,5,23,126.5,0.0781592359953029,95
23,0,25,2,23,69.5,-0.631048021376194,95
24,0,25,2,23,69.5,-0.631048021376194,95
25,1,27,2,25.5,69.5,-0.60106209594085,95
26,0,27,1,25.5,23,-1.17962591116497,95
27,0,29,5,27.5,126.5,0.132133901778921,95
28,0,29,2,27.5,69.5,-0.577073355592576,95
29,0,30,6,30,132.5,0.236773222727054,95
30,0,30,2,30,69.5,-0.547087430157232,95
31,0,30,1,30,23,-1.12565124538135,95
32,0,31,1,33.5,23,-1.08367094977187,95
33,0,31,5,33.5,126.5,0.204100122823745,95
34,0,31,1,33.5,23,-1.08367094977187,95
35,0,31,3,33.5,105,-0.0634078777637492,95
36,0,32,1,36.5,23,-1.04768783924946,95
37,0,32,3,36.5,105,-0.0274247672413371,95
38,0,33,2,38.5,69.5,-0.445135283677065,95
39,0,33,9,38.5,138,0.407157648427278,95
40,0,34,3,41.5,105,0.0325470836293497,95
41,0,34,2,41.5,69.5,-0.409152173154653,95
42,1,34,1,41.5,23,-0.987715988378769,95
43,0,34,1,41.5,23,-0.987715988378769,95
44,0,36,1,44.5,23,-0.951732877856357,95
45,0,36,9,44.5,138,0.479123869472102,95
46,0,37,2,46,69.5,-0.355177507371035,95
47,1,38,1,47,23,-0.921746952421013,95
48,0,39,12,48.5,144,0.601754745681441,95
49,0,39,1,48.5,23,-0.903755397159807,95
50,0,40,1,50,23,-0.885763841898601,95
51,0,41,9,51,138,0.557087275603995,95
52,0,42,3,52.5,105,0.164485155544861,95
53,0,42,1,52.5,23,-0.855777916463258,95
54,0,43,4,54,119.5,0.362889083295307,95
55,0,44,2,55.5,69.5,-0.24123099071673,95
56,0,44,2,55.5,69.5,-0.24123099071673,95
57,0,45,2,58,69.5,-0.211245065281386,95
58,0,45,1,58,23,-0.789808880505502,95
59,0,45,1,58,23,-0.789808880505502,95
60,0,46,1,60,23,-0.765820140157227,95
61,0,47,10,62,142,0.738794277861365,95
62,0,47,1,62,23,-0.741831399808953,95
63,0,47,3,62,105,0.278431672199166,95
64,0,49,2,64,69.5,-0.139278844236562,95
65,0,50,3,66,105,0.326409152895715,95
66,0,50,2,66,69.5,-0.115290103888287,95
67,0,50,1,66,23,-0.693853919112403,95
68,0,51,3,69,105,0.362392263418127,95
69,1,51,2,69,69.5,-0.0793069933658753,95
70,0,51,1,69,23,-0.657870808589991,95
71,0,52,2,72,69.5,-0.0433238828434633,95
72,0,52,2,72,69.5,-0.0433238828434633,95
73,0,52,1,72,23,-0.621887698067579,95
74,0,53,3,75.5,105,0.44035566955002,95
75,0,53,3,75.5,105,0.44035566955002,95
76,0,53,1,75.5,23,-0.579907402458098,95
77,0,53,1,75.5,23,-0.579907402458098,95
78,0,54,3,78,105,0.470341594985363,95
79,0,55,2,79,69.5,0.0406367083754983,95
80,0,57,1,80.5,23,-0.519935551587412,95
81,0,57,1,80.5,23,-0.519935551587412,95
82,1,59,5,82,126.5,0.785827076269407,95
83,0,60,3,83.5,105,0.536310630943119,95
84,0,60,1,83.5,23,-0.483952441064999,95
85,0,61,3,85,105,0.554302186204325,95
86,0,62,1,86,23,-0.453966515629656,95
87,0,63,2,87,69.5,0.136591669768597,95
88,1,64,1,88.5,23,-0.423980590194313,95
89,0,64,2,88.5,69.5,0.154583225029803,95
90,0,65,2,90,69.5,0.172574780291009,95
91,0,66,1,91.5,23,-0.387997479671901,95
92,0,66,2,91.5,69.5,0.190566335552215,95
93,0,67,2,93,69.5,0.208557890813421,95
94,1,68,9,94.5,138,1.07884237817897,95
95,0,68,3,94.5,105,0.66824870285863,95
96,0,69,3,96,105,0.686240258119836,95
97,0,72,1,97.5,23,-0.316031258627076,95
98,0,72,2,97.5,69.5,0.262532556597039,95
99,1,73,4,99,119.5,0.902635741131488,95
100,0,74,3,100,105,0.734217738816385,95
101,1,76,1,101,23,-0.274050963017596,95
102,1,78,9,103,138,1.18079452465914,95
103,0,78,1,103,23,-0.250062222669321,95
104,0,78,2,103,69.5,0.328501592554795,95
105,0,79,2,105.5,69.5,0.358487517990138,95
106,0,79,3,105.5,105,0.800186774774141,95
107,0,83,1,107,23,-0.202084741972771,95
108,0,84,3,108.5,105,0.836169885296553,95
109,0,84,1,108.5,23,-0.184093186711565,95
110,1,85,4,110.5,119.5,1.04057099813407,95
111,0,85,2,110.5,69.5,0.418459368860825,95
112,0,93,2,112,69.5,0.436450924122031,95
113,1,94,10,113,142,1.35050715674237,95
114,0,95,1,114,23,-0.11812415075381,95
115,1,97,4,115,119.5,1.09454566391769,95
116,0,105,1,116,23,-0.0941354104055352,95
117,0,107,2,117,69.5,0.496422774992718,95
118,0,110,2,118,69.5,0.508417145166855,95
119,0,112,2,119,69.5,0.520411515340993,95
120,0,113,1,120,23,-0.0461579297089858,95
121,1,114,3,121.5,105,0.992096697560339,95
122,1,114,3,121.5,105,0.992096697560339,95
123,0,117,2,123,69.5,0.568388996037542,95
124,1,121,1,124.5,23,0.00781673607463229,95
125,1,121,3,124.5,105,1.02807980808275,95
126,0,122,2,126,69.5,0.604372106559954,95
127,1,130,4,127.5,119.5,1.2444752910944,95
128,0,130,2,127.5,69.5,0.62236366182116,95
129,1,132,5,129,126.5,1.34956247445386,95
130,0,140,1,130,23,0.0737857720323878,95
131,0,141,1,131,23,0.0857801422065252,95
132,0,144,2,132,69.5,0.676338327604779,95
133,0,147,2,133,69.5,0.688332697778916,95
134,1,152,1,134,23,0.121763252728937,95
135,1,154,5,135,126.5,1.42152869549869,95
136,1,158,6,136,132.5,1.50817646118561,95
137,1,167,6,137,132.5,1.52017083135975,95
138,0,172,1,138,23,0.169740733425487,95
139,1,235,4,139.5,119.5,1.38840773318405,95
140,0,235,1,139.5,23,0.187732288686693,95
141,1,288,3,141,105,1.22598691595602,95
142,0,317,2,142,69.5,0.796282029346152,95
143,0,416,2,143,69.5,0.80827639952029,95
144,0,439,2,144,69.5,0.820270769694427,95
1,0,326,3,1,4,-1.68252590653366,96
2,0,336,3,2,4,-1.67053883018549,96
3,0,337,3,3,4,-1.65855175383731,96
4,1,364,3,4,4,-1.64656467748913,96
5,0,377,3,5,4,-1.63457760114096,96
6,0,390,3,6,4,-1.62259052479278,96
7,0,395,3,7.5,4,-1.60460991027052,96
8,0,395,4,7.5,12,-1.50820699667764,96
9,0,397,4,9,12,-1.49022638215537,96
10,1,400,4,10,12,-1.47823930580719,96
11,0,401,4,11,12,-1.46625222945902,96
12,0,402,4,12.5,12,-1.44827161493675,96
13,0,402,4,12.5,12,-1.44827161493675,96
14,1,405,4,14,12,-1.43029100041449,96
15,0,409,4,16,12,-1.40631684771814,96
16,0,409,4,16,12,-1.40631684771814,96
17,0,409,5,16,22.5,-1.27978802362748,96
18,0,410,5,18,22.5,-1.25581387093113,96
19,0,413,5,19.5,22.5,-1.23783325640886,96
20,0,413,5,19.5,22.5,-1.23783325640886,96
21,0,415,5,21.5,22.5,-1.21385910371251,96
22,0,415,5,21.5,22.5,-1.21385910371251,96
23,0,417,5,23,22.5,-1.19587848919024,96
24,0,420,5,24,22.5,-1.18389141284207,96
25,0,421,5,25,22.5,-1.17190433649389,96
26,0,422,5,26,22.5,-1.15991726014571,96
27,0,424,5,27,22.5,-1.14793018379754,96
28,0,425,5,28,22.5,-1.13594310744936,96
29,0,426,6,30,38.5,-0.919163127567245,96
30,0,426,6,30,38.5,-0.919163127567245,96
31,0,426,6,30,38.5,-0.919163127567245,96
32,0,428,6,32.5,38.5,-0.889195436696804,96
33,0,428,6,32.5,38.5,-0.889195436696804,96
34,0,429,6,34.5,38.5,-0.865221284000451,96
35,0,429,6,34.5,38.5,-0.865221284000451,96
36,0,430,6,36,38.5,-0.847240669478187,96
37,0,431,6,37.5,38.5,-0.829260054955922,96
38,0,431,6,37.5,38.5,-0.829260054955922,96
39,0,432,6,39,38.5,-0.811279440433658,96
40,0,433,6,40,38.5,-0.799292364085481,96
41,0,434,6,41,38.5,-0.787305287737305,96
42,0,438,6,42,38.5,-0.775318211389129,96
43,0,439,6,43,38.5,-0.763331135040952,96
44,0,442,6,44,38.5,-0.751344058692776,96
45,1,443,6,45,38.5,-0.7393569823446,96
46,0,444,6,46,38.5,-0.727369905996423,96
47,0,446,6,47,38.5,-0.715382829648247,96
48,0,450,6,48,38.5,-0.703395753300071,96
49,0,451,7,49,61,-0.420275482471912,96
50,0,453,7,50.5,61,-0.402294867949648,96
51,0,453,7,50.5,61,-0.402294867949648,96
52,0,455,7,52,61,-0.384314253427383,96
53,0,456,7,53,61,-0.372327177079207,96
54,0,457,7,54.5,61,-0.354346562556943,96
55,0,457,7,54.5,61,-0.354346562556943,96
56,0,460,7,56.5,61,-0.33037240986059,96
57,0,460,7,56.5,61,-0.33037240986059,96
58,0,461,7,58,61,-0.312391795338325,96
59,0,466,7,59.5,61,-0.294411180816061,96
60,0,466,7,59.5,61,-0.294411180816061,96
61,0,467,7,61,61,-0.276430566293796,96
62,0,473,7,62,61,-0.26444348994562,96
63,0,474,7,63,61,-0.252456413597444,96
64,0,476,7,64,61,-0.240469337249267,96
65,0,481,7,65,61,-0.228482260901091,96
66,0,482,7,66,61,-0.216495184552915,96
67,0,483,7,67,61,-0.204508108204738,96
68,0,485,7,68,61,-0.192521031856562,96
69,0,488,7,69,61,-0.180533955508386,96
70,0,489,7,70,61,-0.168546879160209,96
71,0,490,7,71.5,61,-0.150566264637945,96
72,0,490,7,71.5,61,-0.150566264637945,96
73,0,491,7,73,61,-0.13258565011568,96
74,0,492,8,74,77.5,0.0782324355178161,96
75,0,493,8,75.5,77.5,0.0962130500400805,96
76,0,493,8,75.5,77.5,0.0962130500400805,96
77,0,494,8,77,77.5,0.114193664562345,96
78,0,496,8,78,77.5,0.126180740910521,96
79,0,497,8,79.5,77.5,0.144161355432786,96
80,0,497,8,79.5,77.5,0.144161355432786,96
81,0,498,8,81.5,77.5,0.168135508129139,96
82,0,498,9,81.5,87.5,0.288639150120242,96
83,0,503,9,83,87.5,0.306619764642506,96
84,0,504,9,84,87.5,0.318606840990682,96
85,0,505,9,85.5,87.5,0.336587455512947,96
86,0,505,9,85.5,87.5,0.336587455512947,96
87,0,506,9,87,87.5,0.354568070035212,96
88,0,509,9,88.5,87.5,0.372548684557476,96
89,0,509,9,88.5,87.5,0.372548684557476,96
90,0,510,9,90,87.5,0.39052929907974,96
91,0,511,9,91,87.5,0.402516375427917,96
92,0,513,9,92,87.5,0.414503451776093,96
93,0,514,9,93,87.5,0.426490528124269,96
94,0,515,10,94.5,98.5,0.577025148836747,96
95,0,515,10,94.5,98.5,0.577025148836747,96
96,0,516,10,96,98.5,0.595005763359012,96
97,0,517,10,97,98.5,0.606992839707188,96
98,0,518,10,98,98.5,0.618979916055365,96
99,0,520,10,99,98.5,0.630966992403541,96
100,0,521,10,100.5,98.5,0.648947606925805,96
101,0,521,10,100.5,98.5,0.648947606925805,96
102,0,523,10,102,98.5,0.66692822144807,96
103,0,525,10,104,98.5,0.690902374144422,96
104,0,525,11,104,109,0.817431198235081,96
105,0,525,11,104,109,0.817431198235081,96
106,0,527,11,106.5,109,0.847398889105522,96
107,0,527,11,106.5,109,0.847398889105522,96
108,0,528,11,108,109,0.865379503627786,96
109,0,529,11,109,109,0.877366579975962,96
110,0,531,11,110,109,0.889353656324139,96
111,0,533,11,111,109,0.901340732672315,96
112,0,538,11,112.5,109,0.91932134719458,96
113,0,538,11,112.5,109,0.91932134719458,96
114,0,544,11,114,109,0.937301961716844,96
115,0,545,12,115,118.5,1.06376749795657,96
116,0,548,12,116,118.5,1.07575457430474,96
117,0,549,12,117,118.5,1.08774165065292,96
118,0,553,12,119,118.5,1.11171580334927,96
119,0,553,12,119,118.5,1.11171580334927,96
120,0,553,12,119,118.5,1.11171580334927,96
121,0,555,12,121.5,118.5,1.14168349421971,96
122,1,555,12,121.5,118.5,1.14168349421971,96
123,1,557,13,123.5,124,1.23193465001117,96
124,1,557,13,123.5,124,1.23193465001117,96
125,1,558,13,125.5,124,1.25590880270753,96
126,1,558,14,125.5,126.5,1.2860347132053,96
127,1,559,14,127,126.5,1.30401532772757,96
128,1,560,15,128,129,1.34612831457352,96
129,1,561,15,129,129,1.3581153909217,96
130,1,568,15,130,129,1.37010246726987,96
131,1,576,16,131,132.5,1.42426581831493,96
132,1,582,16,132,132.5,1.43625289466311,96
133,1,584,16,133.5,132.5,1.45423350918537,96
134,1,584,16,133.5,132.5,1.45423350918537,96
135,1,585,17,135,135.5,1.50836521630497,96
136,1,589,17,136,135.5,1.52035229265315,96
137,1,590,19,137,137.5,1.55644009739954,96
138,1,600,19,138,137.5,1.56842717374772,96
139,1,601,21,139,139.5,1.60451497849412,96
140,1,613,21,140,139.5,1.61650205484229,96
141,1,618,22,141,141,1.64656467748913,96
142,1,626,23,142,142.5,1.67662730013598,96
143,1,642,23,143,142.5,1.68861437648415,96
144,1,650,27,144,144,1.71867699913099,96
1,0,20,2,2,1.5,-1.59531704516304,97
2,1,20,2,2,1.5,-1.59531704516304,97
3,0,20,3,2,3,-1.5237003109197,97
4,0,22,4,4.5,5.5,-1.28560261388709,97
5,0,22,4,4.5,5.5,-1.28560261388709,97
6,0,23,4,6.5,5.5,-1.19061343525212,97
7,0,23,4,6.5,5.5,-1.19061343525212,97
8,0,25,5,8.5,8,-0.976263032878243,97
9,1,25,6,8.5,11,-0.833029564391564,97
10,0,26,6,10,11,-0.761787680415334,97
11,0,30,6,11,11,-0.714293091097847,97
12,1,34,6,12,11,-0.666798501780361,97
13,1,36,6,13,11,-0.619303912462874,97
14,1,39,7,14,16,-0.333086875667589,97
15,0,41,7,16,16,-0.238097697032616,97
16,0,41,7,16,16,-0.238097697032616,97
17,1,41,7,16,16,-0.238097697032616,97
18,1,42,7,18,16,-0.143108518397643,97
19,0,44,8,19,19.5,0.071491784154303,97
20,0,50,8,20,19.5,0.11898637347179,97
21,1,52,9,21,23,0.333586676023735,97
22,0,58,9,22,23,0.381081265341222,97
23,0,59,9,23,23,0.428575854658708,97
24,1,62,9,24.5,23,0.499817738634938,97
25,0,62,9,24.5,23,0.499817738634938,97
26,0,63,11,26,28,0.809782070088967,97
27,1,64,11,27,28,0.857276659406453,97
28,1,65,11,28,28,0.90477124872394,97
29,1,69,11,29,28,0.952265838041426,97
30,1,70,11,30,28,0.999760427358913,97
31,1,89,12,31,31,1.19048848516308,97
32,0,94,14,32,32.5,1.3095998087239,97
33,0,98,14,33,32.5,1.35709439804139,97
34,1,110,15,34,34,1.47620572160222,97
35,1,124,19,35,35,1.57144480041526,97
36,1,188,22,36,36,1.66668387922831,97
1,0,20,2,2,1.5,-1.59531704516304,98
2,1,20,2,2,1.5,-1.59531704516304,98
3,0,20,3,2,3,-1.5237003109197,98
4,0,22,4,4.5,5.5,-1.28560261388709,98
5,0,22,4,4.5,5.5,-1.28560261388709,98
6,0,23,4,6.5,5.5,-1.19061343525212,98
7,0,23,4,6.5,5.5,-1.19061343525212,98
8,0,25,5,8.5,8,-0.976263032878243,98
9,1,25,6,8.5,11,-0.833029564391564,98
10,0,26,6,10,11,-0.761787680415334,98
11,0,30,6,11,11,-0.714293091097847,98
12,1,34,6,12,11,-0.666798501780361,98
13,1,36,6,13,11,-0.619303912462874,98
14,1,39,7,14,16,-0.333086875667589,98
15,0,41,7,16,16,-0.238097697032616,98
16,0,41,7,16,16,-0.238097697032616,98
17,1,41,7,16,16,-0.238097697032616,98
18,1,42,7,18,16,-0.143108518397643,98
19,0,44,8,19,19.5,0.071491784154303,98
20,0,50,8,20,19.5,0.11898637347179,98
21,1,52,9,21,23,0.333586676023735,98
22,0,58,9,22,23,0.381081265341222,98
23,0,59,9,23,23,0.428575854658708,98
24,1,62,9,24.5,23,0.499817738634938,98
25,0,62,9,24.5,23,0.499817738634938,98
26,0,63,11,26,28,0.809782070088967,98
27,1,64,11,27,28,0.857276659406453,98
28,1,65,11,28,28,0.90477124872394,98
29,1,69,11,29,28,0.952265838041426,98
30,1,70,11,30,28,0.999760427358913,98
31,1,89,12,31,31,1.19048848516308,98
32,0,94,14,32,32.5,1.3095998087239,98
33,0,98,14,33,32.5,1.35709439804139,98
34,1,110,15,34,34,1.47620572160222,98
35,1,124,19,35,35,1.57144480041526,98
36,1,188,22,36,36,1.66668387922831,98
1,0,20,2,2,1.5,-1.59531704516304,99
2,1,20,2,2,1.5,-1.59531704516304,99
3,0,20,3,2,3,-1.5237003109197,99
4,0,22,4,4.5,5.5,-1.28560261388709,99
5,0,22,4,4.5,5.5,-1.28560261388709,99
6,0,23,4,6.5,5.5,-1.19061343525212,99
7,0,23,4,6.5,5.5,-1.19061343525212,99
8,0,25,5,8.5,8,-0.976263032878243,99
9,1,25,6,8.5,11,-0.833029564391564,99
10,0,26,6,10,11,-0.761787680415334,99
11,0,30,6,11,11,-0.714293091097847,99
12,1,34,6,12,11,-0.666798501780361,99
13,1,36,6,13,11,-0.619303912462874,99
14,1,39,7,14,16,-0.333086875667589,99
15,0,41,7,16,16,-0.238097697032616,99
16,0,41,7,16,16,-0.238097697032616,99
17,1,41,7,16,16,-0.238097697032616,99
18,1,42,7,18,16,-0.143108518397643,99
19,0,44,8,19,19.5,0.071491784154303,99
20,0,50,8,20,19.5,0.11898637347179,99
21,1,52,9,21,23,0.333586676023735,99
22,0,58,9,22,23,0.381081265341222,99
23,0,59,9,23,23,0.428575854658708,99
24,1,62,9,24.5,23,0.499817738634938,99
25,0,62,9,24.5,23,0.499817738634938,99
26,0,63,11,26,28,0.809782070088967,99
27,1,64,11,27,28,0.857276659406453,99
28,1,65,11,28,28,0.90477124872394,99
29,1,69,11,29,28,0.952265838041426,99
30,1,70,11,30,28,0.999760427358913,99
31,1,89,12,31,31,1.19048848516308,99
32,0,94,14,32,32.5,1.3095998087239,99
33,0,98,14,33,32.5,1.35709439804139,99
34,1,110,15,34,34,1.47620572160222,99
35,1,124,19,35,35,1.57144480041526,99
36,1,188,22,36,36,1.66668387922831,99
1,0,20,2,2,1.5,-1.59531704516304,100
2,1,20,2,2,1.5,-1.59531704516304,100
3,0,20,3,2,3,-1.5237003109197,100
4,0,22,4,4.5,5.5,-1.28560261388709,100
5,0,22,4,4.5,5.5,-1.28560261388709,100
6,0,23,4,6.5,5.5,-1.19061343525212,100
7,0,23,4,6.5,5.5,-1.19061343525212,100
8,0,25,5,8.5,8,-0.976263032878243,100
9,1,25,6,8.5,11,-0.833029564391564,100
10,0,26,6,10,11,-0.761787680415334,100
11,0,30,6,11,11,-0.714293091097847,100
12,1,34,6,12,11,-0.666798501780361,100
13,1,36,6,13,11,-0.619303912462874,100
14,1,39,7,14,16,-0.333086875667589,100
15,0,41,7,16,16,-0.238097697032616,100
16,0,41,7,16,16,-0.238097697032616,100
17,1,41,7,16,16,-0.238097697032616,100
18,1,42,7,18,16,-0.143108518397643,100
19,0,44,8,19,19.5,0.071491784154303,100
20,0,50,8,20,19.5,0.11898637347179,100
21,1,52,9,21,23,0.333586676023735,100
22,0,58,9,22,23,0.381081265341222,100
23,0,59,9,23,23,0.428575854658708,100
24,1,62,9,24.5,23,0.499817738634938,100
25,0,62,9,24.5,23,0.499817738634938,100
26,0,63,11,26,28,0.809782070088967,100
27,1,64,11,27,28,0.857276659406453,100
28,1,65,11,28,28,0.90477124872394,100
29,1,69,11,29,28,0.952265838041426,100
30,1,70,11,30,28,0.999760427358913,100
31,1,89,12,31,31,1.19048848516308,100
32,0,94,14,32,32.5,1.3095998087239,100
33,0,98,14,33,32.5,1.35709439804139,100
34,1,110,15,34,34,1.47620572160222,100
35,1,124,19,35,35,1.57144480041526,100
36,1,188,22,36,36,1.66668387922831,100
1,1,22,1,1,3.5,-1.64479622544975,101
2,0,23,1,2,3.5,-1.62090414886851,101
3,0,36,1,3,3.5,-1.59701207228727,101
4,1,37,1,4,3.5,-1.57311999570602,101
5,1,47,1,5,3.5,-1.54922791912478,101
6,0,49,1,6,3.5,-1.52533584254354,101
7,0,55,2,7,10,-1.34453228734709,101
8,1,60,2,8,10,-1.32064021076585,101
9,1,68,2,9.5,10,-1.28480209589399,101
10,0,68,2,9.5,10,-1.28480209589399,101
11,0,74,2,11,10,-1.24896398102213,101
12,0,80,2,12,10,-1.22507190444088,101
13,0,83,2,13,10,-1.20117982785964,101
14,0,84,3,14,19.5,-0.9479555902254,101
15,0,87,3,15,19.5,-0.924063513644159,101
16,1,94,3,16,19.5,-0.900171437062918,101
17,0,95,3,17,19.5,-0.876279360481677,101
18,0,99,3,18.5,19.5,-0.840441245609816,101
19,0,99,3,18.5,19.5,-0.840441245609816,101
20,0,101,3,20,19.5,-0.804603130737954,101
21,0,110,3,21,19.5,-0.780711054156713,101
22,1,112,3,22,19.5,-0.756818977575472,101
23,0,113,3,23,19.5,-0.732926900994231,101
24,1,114,3,24,19.5,-0.70903482441299,101
25,0,116,3,25,19.5,-0.685142747831749,101
26,0,125,4,26,33.5,-0.323287486540821,101
27,0,127,4,27.5,33.5,-0.287449371668959,101
28,0,127,4,27.5,33.5,-0.287449371668959,101
29,0,129,4,29,33.5,-0.251611256797098,101
30,0,142,4,30.5,33.5,-0.215773141925236,101
31,0,142,4,30.5,33.5,-0.215773141925236,101
32,0,143,4,32,33.5,-0.179935027053375,101
33,0,144,4,33,33.5,-0.156042950472134,101
34,0,150,4,34,33.5,-0.132150873890893,101
35,0,151,4,35,33.5,-0.108258797309652,101
36,1,154,4,36,33.5,-0.0843667207284106,101
37,0,157,4,37,33.5,-0.0604746441471696,101
38,1,163,4,38,33.5,-0.0365825675659286,101
39,0,171,4,39,33.5,-0.0126904909846876,101
40,0,172,4,40,33.5,0.0112015855965534,101
41,0,174,4,41,33.5,0.0350936621777944,101
42,0,179,5,42,45.5,0.348668468510196,101
43,1,183,5,43,45.5,0.372560545091437,101
44,0,187,5,44,45.5,0.396452621672678,101
45,1,194,5,45,45.5,0.420344698253919,101
46,0,196,5,46,45.5,0.44423677483516,101
47,1,203,5,47.5,45.5,0.480074889707021,101
48,0,203,5,47.5,45.5,0.480074889707021,101
49,1,209,5,49,45.5,0.515913004578883,101
50,0,220,6,50,54,0.744997014733863,101
51,0,224,6,51,54,0.768889091315104,101
52,1,226,6,52,54,0.792781167896345,101
53,0,231,6,53,54,0.816673244477586,101
54,1,241,6,54,54,0.840565321058827,101
55,1,261,6,55,54,0.864457397640068,101
56,0,266,6,56,54,0.888349474221309,101
57,1,280,6,57,54,0.91224155080255,101
58,0,293,6,58,54,0.936133627383791,101
59,0,296,7,59,59.5,1.09279695510098,101
60,0,335,7,60,59.5,1.11668903168222,101
61,0,340,8,61,62.5,1.21300179070125,101
62,0,367,8,62.5,62.5,1.24883990557311,101
63,0,367,8,62.5,62.5,1.24883990557311,101
64,0,402,8,64,62.5,1.28467802044498,101
65,0,409,9,65,66,1.39306089320364,101
66,1,413,9,66,66,1.41695296978488,101
67,0,428,9,67,66,1.44084504636612,101
68,0,445,10,68,68.5,1.52508769164552,101
69,0,464,10,69,68.5,1.54897976822676,101
70,1,521,12,70,70.5,1.62115229976653,101
71,1,700,12,71,70.5,1.64504437634777,101
72,0,888,14,72,72,1.70514679414791,101
1,1,22,1,1,3.5,-1.64479622544975,102
2,0,23,1,2,3.5,-1.62090414886851,102
3,0,36,1,3,3.5,-1.59701207228727,102
4,1,37,1,4,3.5,-1.57311999570602,102
5,1,47,1,5,3.5,-1.54922791912478,102
6,0,49,1,6,3.5,-1.52533584254354,102
7,0,55,2,7,10,-1.34453228734709,102
8,1,60,2,8,10,-1.32064021076585,102
9,1,68,2,9.5,10,-1.28480209589399,102
10,0,68,2,9.5,10,-1.28480209589399,102
11,0,74,2,11,10,-1.24896398102213,102
12,0,80,2,12,10,-1.22507190444088,102
13,0,83,2,13,10,-1.20117982785964,102
14,0,84,3,14,19.5,-0.9479555902254,102
15,0,87,3,15,19.5,-0.924063513644159,102
16,1,94,3,16,19.5,-0.900171437062918,102
17,0,95,3,17,19.5,-0.876279360481677,102
18,0,99,3,18.5,19.5,-0.840441245609816,102
19,0,99,3,18.5,19.5,-0.840441245609816,102
20,0,101,3,20,19.5,-0.804603130737954,102
21,0,110,3,21,19.5,-0.780711054156713,102
22,1,112,3,22,19.5,-0.756818977575472,102
23,0,113,3,23,19.5,-0.732926900994231,102
24,1,114,3,24,19.5,-0.70903482441299,102
25,0,116,3,25,19.5,-0.685142747831749,102
26,0,125,4,26,33.5,-0.323287486540821,102
27,0,127,4,27.5,33.5,-0.287449371668959,102
28,0,127,4,27.5,33.5,-0.287449371668959,102
29,0,129,4,29,33.5,-0.251611256797098,102
30,0,142,4,30.5,33.5,-0.215773141925236,102
31,0,142,4,30.5,33.5,-0.215773141925236,102
32,0,143,4,32,33.5,-0.179935027053375,102
33,0,144,4,33,33.5,-0.156042950472134,102
34,0,150,4,34,33.5,-0.132150873890893,102
35,0,151,4,35,33.5,-0.108258797309652,102
36,1,154,4,36,33.5,-0.0843667207284106,102
37,0,157,4,37,33.5,-0.0604746441471696,102
38,1,163,4,38,33.5,-0.0365825675659286,102
39,0,171,4,39,33.5,-0.0126904909846876,102
40,0,172,4,40,33.5,0.0112015855965534,102
41,0,174,4,41,33.5,0.0350936621777944,102
42,0,179,5,42,45.5,0.348668468510196,102
43,1,183,5,43,45.5,0.372560545091437,102
44,0,187,5,44,45.5,0.396452621672678,102
45,1,194,5,45,45.5,0.420344698253919,102
46,0,196,5,46,45.5,0.44423677483516,102
47,1,203,5,47.5,45.5,0.480074889707021,102
48,0,203,5,47.5,45.5,0.480074889707021,102
49,1,209,5,49,45.5,0.515913004578883,102
50,0,220,6,50,54,0.744997014733863,102
51,0,224,6,51,54,0.768889091315104,102
52,1,226,6,52,54,0.792781167896345,102
53,0,231,6,53,54,0.816673244477586,102
54,1,241,6,54,54,0.840565321058827,102
55,1,261,6,55,54,0.864457397640068,102
56,0,266,6,56,54,0.888349474221309,102
57,1,280,6,57,54,0.91224155080255,102
58,0,293,6,58,54,0.936133627383791,102
59,0,296,7,59,59.5,1.09279695510098,102
60,0,335,7,60,59.5,1.11668903168222,102
61,0,340,8,61,62.5,1.21300179070125,102
62,0,367,8,62.5,62.5,1.24883990557311,102
63,0,367,8,62.5,62.5,1.24883990557311,102
64,0,402,8,64,62.5,1.28467802044498,102
65,0,409,9,65,66,1.39306089320364,102
66,1,413,9,66,66,1.41695296978488,102
67,0,428,9,67,66,1.44084504636612,102
68,0,445,10,68,68.5,1.52508769164552,102
69,0,464,10,69,68.5,1.54897976822676,102
70,1,521,12,70,70.5,1.62115229976653,102
71,1,700,12,71,70.5,1.64504437634777,102
72,0,888,14,72,72,1.70514679414791,102
1,1,22,1,1,3.5,-1.64479622544975,103
2,0,23,1,2,3.5,-1.62090414886851,103
3,0,36,1,3,3.5,-1.59701207228727,103
4,1,37,1,4,3.5,-1.57311999570602,103
5,1,47,1,5,3.5,-1.54922791912478,103
6,0,49,1,6,3.5,-1.52533584254354,103
7,0,55,2,7,10,-1.34453228734709,103
8,1,60,2,8,10,-1.32064021076585,103
9,1,68,2,9.5,10,-1.28480209589399,103
10,0,68,2,9.5,10,-1.28480209589399,103
11,0,74,2,11,10,-1.24896398102213,103
12,0,80,2,12,10,-1.22507190444088,103
13,0,83,2,13,10,-1.20117982785964,103
14,0,84,3,14,19.5,-0.9479555902254,103
15,0,87,3,15,19.5,-0.924063513644159,103
16,1,94,3,16,19.5,-0.900171437062918,103
17,0,95,3,17,19.5,-0.876279360481677,103
18,0,99,3,18.5,19.5,-0.840441245609816,103
19,0,99,3,18.5,19.5,-0.840441245609816,103
20,0,101,3,20,19.5,-0.804603130737954,103
21,0,110,3,21,19.5,-0.780711054156713,103
22,1,112,3,22,19.5,-0.756818977575472,103
23,0,113,3,23,19.5,-0.732926900994231,103
24,1,114,3,24,19.5,-0.70903482441299,103
25,0,116,3,25,19.5,-0.685142747831749,103
26,0,125,4,26,33.5,-0.323287486540821,103
27,0,127,4,27.5,33.5,-0.287449371668959,103
28,0,127,4,27.5,33.5,-0.287449371668959,103
29,0,129,4,29,33.5,-0.251611256797098,103
30,0,142,4,30.5,33.5,-0.215773141925236,103
31,0,142,4,30.5,33.5,-0.215773141925236,103
32,0,143,4,32,33.5,-0.179935027053375,103
33,0,144,4,33,33.5,-0.156042950472134,103
34,0,150,4,34,33.5,-0.132150873890893,103
35,0,151,4,35,33.5,-0.108258797309652,103
36,1,154,4,36,33.5,-0.0843667207284106,103
37,0,157,4,37,33.5,-0.0604746441471696,103
38,1,163,4,38,33.5,-0.0365825675659286,103
39,0,171,4,39,33.5,-0.0126904909846876,103
40,0,172,4,40,33.5,0.0112015855965534,103
41,0,174,4,41,33.5,0.0350936621777944,103
42,0,179,5,42,45.5,0.348668468510196,103
43,1,183,5,43,45.5,0.372560545091437,103
44,0,187,5,44,45.5,0.396452621672678,103
45,1,194,5,45,45.5,0.420344698253919,103
46,0,196,5,46,45.5,0.44423677483516,103
47,1,203,5,47.5,45.5,0.480074889707021,103
48,0,203,5,47.5,45.5,0.480074889707021,103
49,1,209,5,49,45.5,0.515913004578883,103
50,0,220,6,50,54,0.744997014733863,103
51,0,224,6,51,54,0.768889091315104,103
52,1,226,6,52,54,0.792781167896345,103
53,0,231,6,53,54,0.816673244477586,103
54,1,241,6,54,54,0.840565321058827,103
55,1,261,6,55,54,0.864457397640068,103
56,0,266,6,56,54,0.888349474221309,103
57,1,280,6,57,54,0.91224155080255,103
58,0,293,6,58,54,0.936133627383791,103
59,0,296,7,59,59.5,1.09279695510098,103
60,0,335,7,60,59.5,1.11668903168222,103
61,0,340,8,61,62.5,1.21300179070125,103
62,0,367,8,62.5,62.5,1.24883990557311,103
63,0,367,8,62.5,62.5,1.24883990557311,103
64,0,402,8,64,62.5,1.28467802044498,103
65,0,409,9,65,66,1.39306089320364,103
66,1,413,9,66,66,1.41695296978488,103
67,0,428,9,67,66,1.44084504636612,103
68,0,445,10,68,68.5,1.52508769164552,103
69,0,464,10,69,68.5,1.54897976822676,103
70,1,521,12,70,70.5,1.62115229976653,103
71,1,700,12,71,70.5,1.64504437634777,103
72,0,888,14,72,72,1.70514679414791,103
1,1,22,1,1,3.5,-1.64479622544975,104
2,0,23,1,2,3.5,-1.62090414886851,104
3,0,36,1,3,3.5,-1.59701207228727,104
4,1,37,1,4,3.5,-1.57311999570602,104
5,1,47,1,5,3.5,-1.54922791912478,104
6,0,49,1,6,3.5,-1.52533584254354,104
7,0,55,2,7,10,-1.34453228734709,104
8,1,60,2,8,10,-1.32064021076585,104
9,1,68,2,9.5,10,-1.28480209589399,104
10,0,68,2,9.5,10,-1.28480209589399,104
11,0,74,2,11,10,-1.24896398102213,104
12,0,80,2,12,10,-1.22507190444088,104
13,0,83,2,13,10,-1.20117982785964,104
14,0,84,3,14,19.5,-0.9479555902254,104
15,0,87,3,15,19.5,-0.924063513644159,104
16,1,94,3,16,19.5,-0.900171437062918,104
17,0,95,3,17,19.5,-0.876279360481677,104
18,0,99,3,18.5,19.5,-0.840441245609816,104
19,0,99,3,18.5,19.5,-0.840441245609816,104
20,0,101,3,20,19.5,-0.804603130737954,104
21,0,110,3,21,19.5,-0.780711054156713,104
22,1,112,3,22,19.5,-0.756818977575472,104
23,0,113,3,23,19.5,-0.732926900994231,104
24,1,114,3,24,19.5,-0.70903482441299,104
25,0,116,3,25,19.5,-0.685142747831749,104
26,0,125,4,26,33.5,-0.323287486540821,104
27,0,127,4,27.5,33.5,-0.287449371668959,104
28,0,127,4,27.5,33.5,-0.287449371668959,104
29,0,129,4,29,33.5,-0.251611256797098,104
30,0,142,4,30.5,33.5,-0.215773141925236,104
31,0,142,4,30.5,33.5,-0.215773141925236,104
32,0,143,4,32,33.5,-0.179935027053375,104
33,0,144,4,33,33.5,-0.156042950472134,104
34,0,150,4,34,33.5,-0.132150873890893,104
35,0,151,4,35,33.5,-0.108258797309652,104
36,1,154,4,36,33.5,-0.0843667207284106,104
37,0,157,4,37,33.5,-0.0604746441471696,104
38,1,163,4,38,33.5,-0.0365825675659286,104
39,0,171,4,39,33.5,-0.0126904909846876,104
40,0,172,4,40,33.5,0.0112015855965534,104
41,0,174,4,41,33.5,0.0350936621777944,104
42,0,179,5,42,45.5,0.348668468510196,104
43,1,183,5,43,45.5,0.372560545091437,104
44,0,187,5,44,45.5,0.396452621672678,104
45,1,194,5,45,45.5,0.420344698253919,104
46,0,196,5,46,45.5,0.44423677483516,104
47,1,203,5,47.5,45.5,0.480074889707021,104
48,0,203,5,47.5,45.5,0.480074889707021,104
49,1,209,5,49,45.5,0.515913004578883,104
50,0,220,6,50,54,0.744997014733863,104
51,0,224,6,51,54,0.768889091315104,104
52,1,226,6,52,54,0.792781167896345,104
53,0,231,6,53,54,0.816673244477586,104
54,1,241,6,54,54,0.840565321058827,104
55,1,261,6,55,54,0.864457397640068,104
56,0,266,6,56,54,0.888349474221309,104
57,1,280,6,57,54,0.91224155080255,104
58,0,293,6,58,54,0.936133627383791,104
59,0,296,7,59,59.5,1.09279695510098,104
60,0,335,7,60,59.5,1.11668903168222,104
61,0,340,8,61,62.5,1.21300179070125,104
62,0,367,8,62.5,62.5,1.24883990557311,104
63,0,367,8,62.5,62.5,1.24883990557311,104
64,0,402,8,64,62.5,1.28467802044498,104
65,0,409,9,65,66,1.39306089320364,104
66,1,413,9,66,66,1.41695296978488,104
67,0,428,9,67,66,1.44084504636612,104
68,0,445,10,68,68.5,1.52508769164552,104
69,0,464,10,69,68.5,1.54897976822676,104
70,1,521,12,70,70.5,1.62115229976653,104
71,1,700,12,71,70.5,1.64504437634777,104
72,0,888,14,72,72,1.70514679414791,104
1,0,112,1,1,2,-1.69959628450995,105
2,0,131,1,2,2,-1.68522162127061,105
3,0,137,1,3,2,-1.67084695803128,105
4,0,141,2,4,9.5,-1.54822821507789,105
5,0,147,2,5,9.5,-1.53385355183856,105
6,0,152,2,6,9.5,-1.51947888859922,105
7,0,156,2,7,9.5,-1.50510422535989,105
8,0,162,2,9,9.5,-1.47635489888123,105
9,0,162,2,9,9.5,-1.47635489888123,105
10,0,162,2,9,9.5,-1.47635489888123,105
11,0,166,2,11,9.5,-1.44760557240256,105
12,0,167,2,13,9.5,-1.4188562459239,105
13,0,167,2,13,9.5,-1.4188562459239,105
14,0,167,2,13,9.5,-1.4188562459239,105
15,0,168,2,15,9.5,-1.39010691944523,105
16,1,171,3,16,21.5,-1.2025417286634,105
17,0,172,3,17,21.5,-1.18816706542407,105
18,1,173,3,18,21.5,-1.17379240218474,105
19,0,176,3,19,21.5,-1.15941773894541,105
20,1,178,3,20,21.5,-1.14504307570607,105
21,0,179,3,21,21.5,-1.13066841246674,105
22,1,180,3,22,21.5,-1.11629374922741,105
23,0,182,3,23.5,21.5,-1.09473175436841,105
24,0,182,3,23.5,21.5,-1.09473175436841,105
25,1,185,3,25,21.5,-1.07316975950941,105
26,1,186,3,26,21.5,-1.05879509627008,105
27,1,187,3,27,21.5,-1.04442043303075,105
28,0,188,4,28.5,36,-0.813586550724565,105
29,0,188,4,28.5,36,-0.813586550724565,105
30,1,189,4,30.5,36,-0.7848372242459,105
31,1,189,4,30.5,36,-0.7848372242459,105
32,0,191,4,32,36,-0.763275229386902,105
33,0,193,4,33.5,36,-0.741713234527904,105
34,0,193,4,33.5,36,-0.741713234527904,105
35,0,198,4,35,36,-0.720151239668905,105
36,1,200,4,36,36,-0.705776576429573,105
37,0,201,4,37,36,-0.691401913190241,105
38,0,206,4,38.5,36,-0.669839918331242,105
39,0,206,4,38.5,36,-0.669839918331242,105
40,1,207,4,40,36,-0.648277923472244,105
41,1,208,4,41.5,36,-0.626715928613246,105
42,0,208,4,41.5,36,-0.626715928613246,105
43,0,209,4,44,36,-0.590779270514915,105
44,0,209,4,44,36,-0.590779270514915,105
45,0,209,5,44,51,-0.374291111086793,105
46,0,210,5,46,51,-0.345541784608128,105
47,0,212,5,47,51,-0.331167121368796,105
48,0,213,5,48,51,-0.316792458129464,105
49,0,214,5,49.5,51,-0.295230463270465,105
50,1,214,5,49.5,51,-0.295230463270465,105
51,0,215,5,51,51,-0.273668468411467,105
52,1,219,5,52,51,-0.259293805172135,105
53,0,220,5,53.5,51,-0.237731810313137,105
54,0,220,5,53.5,51,-0.237731810313137,105
55,1,221,5,55,51,-0.216169815454138,105
56,0,227,5,56,51,-0.201795152214806,105
57,0,228,5,57,51,-0.187420488975474,105
58,1,231,6,58,62,-0.0142878421555184,105
59,0,233,6,59,62,8.68210838138421e-05,105
60,0,236,6,60,62,0.0144614843231461,105
61,0,237,6,61,62,0.0288361475624783,105
62,0,238,6,62.5,62,0.0503981424214767,105
63,0,238,6,62.5,62,0.0503981424214767,105
64,0,239,6,64,62,0.0719601372804751,105
65,0,240,6,65,62,0.0863348005198074,105
66,0,241,6,66,62,0.10070946375914,105
67,0,243,7,67,72,0.25940956661722,105
68,0,244,7,68.5,72,0.280971561476218,105
69,1,244,7,68.5,72,0.280971561476218,105
70,0,246,7,70,72,0.302533556335217,105
71,1,247,7,71,72,0.316908219574549,105
72,0,248,7,72,72,0.331282882813881,105
73,0,249,7,73,72,0.345657546053213,105
74,1,268,7,74.5,72,0.367219540912212,105
75,0,268,7,74.5,72,0.367219540912212,105
76,1,269,7,76,72,0.38878153577121,105
77,1,270,7,77.5,72,0.410343530630209,105
78,0,270,8,77.5,82.5,0.561885242229894,105
79,0,271,8,79,82.5,0.583447237088893,105
80,1,272,8,80,82.5,0.597821900328225,105
81,0,276,8,81.5,82.5,0.619383895187223,105
82,0,276,8,81.5,82.5,0.619383895187223,105
83,0,281,8,83,82.5,0.640945890046221,105
84,0,282,8,84,82.5,0.655320553285554,105
85,0,283,8,85,82.5,0.669695216524886,105
86,0,284,8,86,82.5,0.684069879764218,105
87,0,287,8,87,82.5,0.698444543003551,105
88,0,290,9,88,90.5,0.828279557937881,105
89,1,293,9,89,90.5,0.842654221177214,105
90,0,296,9,90.5,90.5,0.864216216036212,105
91,1,296,9,90.5,90.5,0.864216216036212,105
92,0,298,9,92,90.5,0.88577821089521,105
93,0,302,9,93,90.5,0.900152874134543,105
94,0,311,10,94,95.5,0.986690257183249,105
95,0,319,10,95,95.5,1.00106492042258,105
96,1,320,10,96,95.5,1.01543958366191,105
97,0,321,10,97,95.5,1.02981424690125,105
98,0,322,12,98,98.5,1.0874865420262,105
99,0,331,12,99,98.5,1.10186120526553,105
100,0,344,13,100,100.5,1.14510095642862,105
101,1,355,13,101,100.5,1.15947561966795,105
102,0,360,14,102,104,1.22436418677384,105
103,1,370,14,103.5,104,1.24592618163284,105
104,0,370,14,103.5,104,1.24592618163284,105
105,0,373,14,105,104,1.26748817649184,105
106,1,374,14,106,104,1.28186283973117,105
107,1,375,15,107,107,1.33953513485613,105
108,0,383,16,108,108.5,1.37555861403827,105
109,1,388,16,109,108.5,1.38993327727761,105
110,1,399,17,110,110.5,1.43317302844069,105
111,0,401,17,111,110.5,1.44754769168002,105
112,1,406,18,112,112.5,1.4907874428431,105
113,1,415,18,113,112.5,1.50516210608243,105
114,1,416,19,114,114,1.54118558526458,105
115,0,423,22,115,115,1.56999279246579,105
116,1,434,23,116,116.5,1.60601627164793,105
117,0,452,23,117,116.5,1.62039093488726,105
118,0,455,24,118,118,1.65641441406941,105
119,0,528,25,119,119,1.68522162127061,105
120,0,533,30,120,120,1.71402882847182,105
1,0,112,1,1,2,-1.69959628450995,106
2,0,131,1,2,2,-1.68522162127061,106
3,0,137,1,3,2,-1.67084695803128,106
4,0,141,2,4,9.5,-1.54822821507789,106
5,0,147,2,5,9.5,-1.53385355183856,106
6,0,152,2,6,9.5,-1.51947888859922,106
7,0,156,2,7,9.5,-1.50510422535989,106
8,0,162,2,9,9.5,-1.47635489888123,106
9,0,162,2,9,9.5,-1.47635489888123,106
10,0,162,2,9,9.5,-1.47635489888123,106
11,0,166,2,11,9.5,-1.44760557240256,106
12,0,167,2,13,9.5,-1.4188562459239,106
13,0,167,2,13,9.5,-1.4188562459239,106
14,0,167,2,13,9.5,-1.4188562459239,106
15,0,168,2,15,9.5,-1.39010691944523,106
16,1,171,3,16,21.5,-1.2025417286634,106
17,0,172,3,17,21.5,-1.18816706542407,106
18,1,173,3,18,21.5,-1.17379240218474,106
19,0,176,3,19,21.5,-1.15941773894541,106
20,1,178,3,20,21.5,-1.14504307570607,106
21,0,179,3,21,21.5,-1.13066841246674,106
22,1,180,3,22,21.5,-1.11629374922741,106
23,0,182,3,23.5,21.5,-1.09473175436841,106
24,0,182,3,23.5,21.5,-1.09473175436841,106
25,1,185,3,25,21.5,-1.07316975950941,106
26,1,186,3,26,21.5,-1.05879509627008,106
27,1,187,3,27,21.5,-1.04442043303075,106
28,0,188,4,28.5,36,-0.813586550724565,106
29,0,188,4,28.5,36,-0.813586550724565,106
30,1,189,4,30.5,36,-0.7848372242459,106
31,1,189,4,30.5,36,-0.7848372242459,106
32,0,191,4,32,36,-0.763275229386902,106
33,0,193,4,33.5,36,-0.741713234527904,106
34,0,193,4,33.5,36,-0.741713234527904,106
35,0,198,4,35,36,-0.720151239668905,106
36,1,200,4,36,36,-0.705776576429573,106
37,0,201,4,37,36,-0.691401913190241,106
38,0,206,4,38.5,36,-0.669839918331242,106
39,0,206,4,38.5,36,-0.669839918331242,106
40,1,207,4,40,36,-0.648277923472244,106
41,1,208,4,41.5,36,-0.626715928613246,106
42,0,208,4,41.5,36,-0.626715928613246,106
43,0,209,4,44,36,-0.590779270514915,106
44,0,209,4,44,36,-0.590779270514915,106
45,0,209,5,44,51,-0.374291111086793,106
46,0,210,5,46,51,-0.345541784608128,106
47,0,212,5,47,51,-0.331167121368796,106
48,0,213,5,48,51,-0.316792458129464,106
49,0,214,5,49.5,51,-0.295230463270465,106
50,1,214,5,49.5,51,-0.295230463270465,106
51,0,215,5,51,51,-0.273668468411467,106
52,1,219,5,52,51,-0.259293805172135,106
53,0,220,5,53.5,51,-0.237731810313137,106
54,0,220,5,53.5,51,-0.237731810313137,106
55,1,221,5,55,51,-0.216169815454138,106
56,0,227,5,56,51,-0.201795152214806,106
57,0,228,5,57,51,-0.187420488975474,106
58,1,231,6,58,62,-0.0142878421555184,106
59,0,233,6,59,62,8.68210838138421e-05,106
60,0,236,6,60,62,0.0144614843231461,106
61,0,237,6,61,62,0.0288361475624783,106
62,0,238,6,62.5,62,0.0503981424214767,106
63,0,238,6,62.5,62,0.0503981424214767,106
64,0,239,6,64,62,0.0719601372804751,106
65,0,240,6,65,62,0.0863348005198074,106
66,0,241,6,66,62,0.10070946375914,106
67,0,243,7,67,72,0.25940956661722,106
68,0,244,7,68.5,72,0.280971561476218,106
69,1,244,7,68.5,72,0.280971561476218,106
70,0,246,7,70,72,0.302533556335217,106
71,1,247,7,71,72,0.316908219574549,106
72,0,248,7,72,72,0.331282882813881,106
73,0,249,7,73,72,0.345657546053213,106
74,1,268,7,74.5,72,0.367219540912212,106
75,0,268,7,74.5,72,0.367219540912212,106
76,1,269,7,76,72,0.38878153577121,106
77,1,270,7,77.5,72,0.410343530630209,106
78,0,270,8,77.5,82.5,0.561885242229894,106
79,0,271,8,79,82.5,0.583447237088893,106
80,1,272,8,80,82.5,0.597821900328225,106
81,0,276,8,81.5,82.5,0.619383895187223,106
82,0,276,8,81.5,82.5,0.619383895187223,106
83,0,281,8,83,82.5,0.640945890046221,106
84,0,282,8,84,82.5,0.655320553285554,106
85,0,283,8,85,82.5,0.669695216524886,106
86,0,284,8,86,82.5,0.684069879764218,106
87,0,287,8,87,82.5,0.698444543003551,106
88,0,290,9,88,90.5,0.828279557937881,106
89,1,293,9,89,90.5,0.842654221177214,106
90,0,296,9,90.5,90.5,0.864216216036212,106
91,1,296,9,90.5,90.5,0.864216216036212,106
92,0,298,9,92,90.5,0.88577821089521,106
93,0,302,9,93,90.5,0.900152874134543,106
94,0,311,10,94,95.5,0.986690257183249,106
95,0,319,10,95,95.5,1.00106492042258,106
96,1,320,10,96,95.5,1.01543958366191,106
97,0,321,10,97,95.5,1.02981424690125,106
98,0,322,12,98,98.5,1.0874865420262,106
99,0,331,12,99,98.5,1.10186120526553,106
100,0,344,13,100,100.5,1.14510095642862,106
101,1,355,13,101,100.5,1.15947561966795,106
102,0,360,14,102,104,1.22436418677384,106
103,1,370,14,103.5,104,1.24592618163284,106
104,0,370,14,103.5,104,1.24592618163284,106
105,0,373,14,105,104,1.26748817649184,106
106,1,374,14,106,104,1.28186283973117,106
107,1,375,15,107,107,1.33953513485613,106
108,0,383,16,108,108.5,1.37555861403827,106
109,1,388,16,109,108.5,1.38993327727761,106
110,1,399,17,110,110.5,1.43317302844069,106
111,0,401,17,111,110.5,1.44754769168002,106
112,1,406,18,112,112.5,1.4907874428431,106
113,1,415,18,113,112.5,1.50516210608243,106
114,1,416,19,114,114,1.54118558526458,106
115,0,423,22,115,115,1.56999279246579,106
116,1,434,23,116,116.5,1.60601627164793,106
117,0,452,23,117,116.5,1.62039093488726,106
118,0,455,24,118,118,1.65641441406941,106
119,0,528,25,119,119,1.68522162127061,106
120,0,533,30,120,120,1.71402882847182,106
1,0,112,1,1,2,-1.69959628450995,107
2,0,131,1,2,2,-1.68522162127061,107
3,0,137,1,3,2,-1.67084695803128,107
4,0,141,2,4,9.5,-1.54822821507789,107
5,0,147,2,5,9.5,-1.53385355183856,107
6,0,152,2,6,9.5,-1.51947888859922,107
7,0,156,2,7,9.5,-1.50510422535989,107
8,0,162,2,9,9.5,-1.47635489888123,107
9,0,162,2,9,9.5,-1.47635489888123,107
10,0,162,2,9,9.5,-1.47635489888123,107
11,0,166,2,11,9.5,-1.44760557240256,107
12,0,167,2,13,9.5,-1.4188562459239,107
13,0,167,2,13,9.5,-1.4188562459239,107
14,0,167,2,13,9.5,-1.4188562459239,107
15,0,168,2,15,9.5,-1.39010691944523,107
16,1,171,3,16,21.5,-1.2025417286634,107
17,0,172,3,17,21.5,-1.18816706542407,107
18,1,173,3,18,21.5,-1.17379240218474,107
19,0,176,3,19,21.5,-1.15941773894541,107
20,1,178,3,20,21.5,-1.14504307570607,107
21,0,179,3,21,21.5,-1.13066841246674,107
22,1,180,3,22,21.5,-1.11629374922741,107
23,0,182,3,23.5,21.5,-1.09473175436841,107
24,0,182,3,23.5,21.5,-1.09473175436841,107
25,1,185,3,25,21.5,-1.07316975950941,107
26,1,186,3,26,21.5,-1.05879509627008,107
27,1,187,3,27,21.5,-1.04442043303075,107
28,0,188,4,28.5,36,-0.813586550724565,107
29,0,188,4,28.5,36,-0.813586550724565,107
30,1,189,4,30.5,36,-0.7848372242459,107
31,1,189,4,30.5,36,-0.7848372242459,107
32,0,191,4,32,36,-0.763275229386902,107
33,0,193,4,33.5,36,-0.741713234527904,107
34,0,193,4,33.5,36,-0.741713234527904,107
35,0,198,4,35,36,-0.720151239668905,107
36,1,200,4,36,36,-0.705776576429573,107
37,0,201,4,37,36,-0.691401913190241,107
38,0,206,4,38.5,36,-0.669839918331242,107
39,0,206,4,38.5,36,-0.669839918331242,107
40,1,207,4,40,36,-0.648277923472244,107
41,1,208,4,41.5,36,-0.626715928613246,107
42,0,208,4,41.5,36,-0.626715928613246,107
43,0,209,4,44,36,-0.590779270514915,107
44,0,209,4,44,36,-0.590779270514915,107
45,0,209,5,44,51,-0.374291111086793,107
46,0,210,5,46,51,-0.345541784608128,107
47,0,212,5,47,51,-0.331167121368796,107
48,0,213,5,48,51,-0.316792458129464,107
49,0,214,5,49.5,51,-0.295230463270465,107
50,1,214,5,49.5,51,-0.295230463270465,107
51,0,215,5,51,51,-0.273668468411467,107
52,1,219,5,52,51,-0.259293805172135,107
53,0,220,5,53.5,51,-0.237731810313137,107
54,0,220,5,53.5,51,-0.237731810313137,107
55,1,221,5,55,51,-0.216169815454138,107
56,0,227,5,56,51,-0.201795152214806,107
57,0,228,5,57,51,-0.187420488975474,107
58,1,231,6,58,62,-0.0142878421555184,107
59,0,233,6,59,62,8.68210838138421e-05,107
60,0,236,6,60,62,0.0144614843231461,107
61,0,237,6,61,62,0.0288361475624783,107
62,0,238,6,62.5,62,0.0503981424214767,107
63,0,238,6,62.5,62,0.0503981424214767,107
64,0,239,6,64,62,0.0719601372804751,107
65,0,240,6,65,62,0.0863348005198074,107
66,0,241,6,66,62,0.10070946375914,107
67,0,243,7,67,72,0.25940956661722,107
68,0,244,7,68.5,72,0.280971561476218,107
69,1,244,7,68.5,72,0.280971561476218,107
70,0,246,7,70,72,0.302533556335217,107
71,1,247,7,71,72,0.316908219574549,107
72,0,248,7,72,72,0.331282882813881,107
73,0,249,7,73,72,0.345657546053213,107
74,1,268,7,74.5,72,0.367219540912212,107
75,0,268,7,74.5,72,0.367219540912212,107
76,1,269,7,76,72,0.38878153577121,107
77,1,270,7,77.5,72,0.410343530630209,107
78,0,270,8,77.5,82.5,0.561885242229894,107
79,0,271,8,79,82.5,0.583447237088893,107
80,1,272,8,80,82.5,0.597821900328225,107
81,0,276,8,81.5,82.5,0.619383895187223,107
82,0,276,8,81.5,82.5,0.619383895187223,107
83,0,281,8,83,82.5,0.640945890046221,107
84,0,282,8,84,82.5,0.655320553285554,107
85,0,283,8,85,82.5,0.669695216524886,107
86,0,284,8,86,82.5,0.684069879764218,107
87,0,287,8,87,82.5,0.698444543003551,107
88,0,290,9,88,90.5,0.828279557937881,107
89,1,293,9,89,90.5,0.842654221177214,107
90,0,296,9,90.5,90.5,0.864216216036212,107
91,1,296,9,90.5,90.5,0.864216216036212,107
92,0,298,9,92,90.5,0.88577821089521,107
93,0,302,9,93,90.5,0.900152874134543,107
94,0,311,10,94,95.5,0.986690257183249,107
95,0,319,10,95,95.5,1.00106492042258,107
96,1,320,10,96,95.5,1.01543958366191,107
97,0,321,10,97,95.5,1.02981424690125,107
98,0,322,12,98,98.5,1.0874865420262,107
99,0,331,12,99,98.5,1.10186120526553,107
100,0,344,13,100,100.5,1.14510095642862,107
101,1,355,13,101,100.5,1.15947561966795,107
102,0,360,14,102,104,1.22436418677384,107
103,1,370,14,103.5,104,1.24592618163284,107
104,0,370,14,103.5,104,1.24592618163284,107
105,0,373,14,105,104,1.26748817649184,107
106,1,374,14,106,104,1.28186283973117,107
107,1,375,15,107,107,1.33953513485613,107
108,0,383,16,108,108.5,1.37555861403827,107
109,1,388,16,109,108.5,1.38993327727761,107
110,1,399,17,110,110.5,1.43317302844069,107
111,0,401,17,111,110.5,1.44754769168002,107
112,1,406,18,112,112.5,1.4907874428431,107
113,1,415,18,113,112.5,1.50516210608243,107
114,1,416,19,114,114,1.54118558526458,107
115,0,423,22,115,115,1.56999279246579,107
116,1,434,23,116,116.5,1.60601627164793,107
117,0,452,23,117,116.5,1.62039093488726,107
118,0,455,24,118,118,1.65641441406941,107
119,0,528,25,119,119,1.68522162127061,107
120,0,533,30,120,120,1.71402882847182,107
1,0,112,1,1,2,-1.69959628450995,108
2,0,131,1,2,2,-1.68522162127061,108
3,0,137,1,3,2,-1.67084695803128,108
4,0,141,2,4,9.5,-1.54822821507789,108
5,0,147,2,5,9.5,-1.53385355183856,108
6,0,152,2,6,9.5,-1.51947888859922,108
7,0,156,2,7,9.5,-1.50510422535989,108
8,0,162,2,9,9.5,-1.47635489888123,108
9,0,162,2,9,9.5,-1.47635489888123,108
10,0,162,2,9,9.5,-1.47635489888123,108
11,0,166,2,11,9.5,-1.44760557240256,108
12,0,167,2,13,9.5,-1.4188562459239,108
13,0,167,2,13,9.5,-1.4188562459239,108
14,0,167,2,13,9.5,-1.4188562459239,108
15,0,168,2,15,9.5,-1.39010691944523,108
16,1,171,3,16,21.5,-1.2025417286634,108
17,0,172,3,17,21.5,-1.18816706542407,108
18,1,173,3,18,21.5,-1.17379240218474,108
19,0,176,3,19,21.5,-1.15941773894541,108
20,1,178,3,20,21.5,-1.14504307570607,108
21,0,179,3,21,21.5,-1.13066841246674,108
22,1,180,3,22,21.5,-1.11629374922741,108
23,0,182,3,23.5,21.5,-1.09473175436841,108
24,0,182,3,23.5,21.5,-1.09473175436841,108
25,1,185,3,25,21.5,-1.07316975950941,108
26,1,186,3,26,21.5,-1.05879509627008,108
27,1,187,3,27,21.5,-1.04442043303075,108
28,0,188,4,28.5,36,-0.813586550724565,108
29,0,188,4,28.5,36,-0.813586550724565,108
30,1,189,4,30.5,36,-0.7848372242459,108
31,1,189,4,30.5,36,-0.7848372242459,108
32,0,191,4,32,36,-0.763275229386902,108
33,0,193,4,33.5,36,-0.741713234527904,108
34,0,193,4,33.5,36,-0.741713234527904,108
35,0,198,4,35,36,-0.720151239668905,108
36,1,200,4,36,36,-0.705776576429573,108
37,0,201,4,37,36,-0.691401913190241,108
38,0,206,4,38.5,36,-0.669839918331242,108
39,0,206,4,38.5,36,-0.669839918331242,108
40,1,207,4,40,36,-0.648277923472244,108
41,1,208,4,41.5,36,-0.626715928613246,108
42,0,208,4,41.5,36,-0.626715928613246,108
43,0,209,4,44,36,-0.590779270514915,108
44,0,209,4,44,36,-0.590779270514915,108
45,0,209,5,44,51,-0.374291111086793,108
46,0,210,5,46,51,-0.345541784608128,108
47,0,212,5,47,51,-0.331167121368796,108
48,0,213,5,48,51,-0.316792458129464,108
49,0,214,5,49.5,51,-0.295230463270465,108
50,1,214,5,49.5,51,-0.295230463270465,108
51,0,215,5,51,51,-0.273668468411467,108
52,1,219,5,52,51,-0.259293805172135,108
53,0,220,5,53.5,51,-0.237731810313137,108
54,0,220,5,53.5,51,-0.237731810313137,108
55,1,221,5,55,51,-0.216169815454138,108
56,0,227,5,56,51,-0.201795152214806,108
57,0,228,5,57,51,-0.187420488975474,108
58,1,231,6,58,62,-0.0142878421555184,108
59,0,233,6,59,62,8.68210838138421e-05,108
60,0,236,6,60,62,0.0144614843231461,108
61,0,237,6,61,62,0.0288361475624783,108
62,0,238,6,62.5,62,0.0503981424214767,108
63,0,238,6,62.5,62,0.0503981424214767,108
64,0,239,6,64,62,0.0719601372804751,108
65,0,240,6,65,62,0.0863348005198074,108
66,0,241,6,66,62,0.10070946375914,108
67,0,243,7,67,72,0.25940956661722,108
68,0,244,7,68.5,72,0.280971561476218,108
69,1,244,7,68.5,72,0.280971561476218,108
70,0,246,7,70,72,0.302533556335217,108
71,1,247,7,71,72,0.316908219574549,108
72,0,248,7,72,72,0.331282882813881,108
73,0,249,7,73,72,0.345657546053213,108
74,1,268,7,74.5,72,0.367219540912212,108
75,0,268,7,74.5,72,0.367219540912212,108
76,1,269,7,76,72,0.38878153577121,108
77,1,270,7,77.5,72,0.410343530630209,108
78,0,270,8,77.5,82.5,0.561885242229894,108
79,0,271,8,79,82.5,0.583447237088893,108
80,1,272,8,80,82.5,0.597821900328225,108
81,0,276,8,81.5,82.5,0.619383895187223,108
82,0,276,8,81.5,82.5,0.619383895187223,108
83,0,281,8,83,82.5,0.640945890046221,108
84,0,282,8,84,82.5,0.655320553285554,108
85,0,283,8,85,82.5,0.669695216524886,108
86,0,284,8,86,82.5,0.684069879764218,108
87,0,287,8,87,82.5,0.698444543003551,108
88,0,290,9,88,90.5,0.828279557937881,108
89,1,293,9,89,90.5,0.842654221177214,108
90,0,296,9,90.5,90.5,0.864216216036212,108
91,1,296,9,90.5,90.5,0.864216216036212,108
92,0,298,9,92,90.5,0.88577821089521,108
93,0,302,9,93,90.5,0.900152874134543,108
94,0,311,10,94,95.5,0.986690257183249,108
95,0,319,10,95,95.5,1.00106492042258,108
96,1,320,10,96,95.5,1.01543958366191,108
97,0,321,10,97,95.5,1.02981424690125,108
98,0,322,12,98,98.5,1.0874865420262,108
99,0,331,12,99,98.5,1.10186120526553,108
100,0,344,13,100,100.5,1.14510095642862,108
101,1,355,13,101,100.5,1.15947561966795,108
102,0,360,14,102,104,1.22436418677384,108
103,1,370,14,103.5,104,1.24592618163284,108
104,0,370,14,103.5,104,1.24592618163284,108
105,0,373,14,105,104,1.26748817649184,108
106,1,374,14,106,104,1.28186283973117,108
107,1,375,15,107,107,1.33953513485613,108
108,0,383,16,108,108.5,1.37555861403827,108
109,1,388,16,109,108.5,1.38993327727761,108
110,1,399,17,110,110.5,1.43317302844069,108
111,0,401,17,111,110.5,1.44754769168002,108
112,1,406,18,112,112.5,1.4907874428431,108
113,1,415,18,113,112.5,1.50516210608243,108
114,1,416,19,114,114,1.54118558526458,108
115,0,423,22,115,115,1.56999279246579,108
116,1,434,23,116,116.5,1.60601627164793,108
117,0,452,23,117,116.5,1.62039093488726,108
118,0,455,24,118,118,1.65641441406941,108
119,0,528,25,119,119,1.68522162127061,108
120,0,533,30,120,120,1.71402882847182,108
1,1,39,2,1,46.5,-1.06084753720815,109
2,0,74,2,2,46.5,-1.04647327331355,109
3,0,86,4,3.5,91.5,-0.364122763430494,109
4,0,86,3,3.5,72.5,-0.643122611581203,109
5,0,92,1,5,16,-1.45121865892431,109
6,0,115,1,6,16,-1.43684439502971,109
7,0,117,3,7,72.5,-0.592812687950104,109
8,0,121,2,8,46.5,-0.960227689945949,109
9,0,130,6,9,110.5,-0.00606446385948634,109
10,0,136,3,10,72.5,-0.549689896266306,109
11,0,141,1,11,16,-1.36497307555671,109
12,0,162,2,12,46.5,-0.902730634367551,109
13,0,165,4,13,91.5,-0.227567256431797,109
14,0,170,2,14,46.5,-0.873982106578352,109
15,0,175,2,15,46.5,-0.859607842683752,109
16,1,176,1,16,16,-1.29310175608371,109
17,0,183,5,17,104,0.0134823308246993,109
18,0,196,2,18.5,46.5,-0.809297919052653,109
19,0,196,2,18.5,46.5,-0.809297919052653,109
20,0,199,2,20,46.5,-0.787736523210754,109
21,1,203,5,21,104,0.0709793864030978,109
22,0,209,3,22,72.5,-0.37719872953111,109
23,0,214,12,23,117.5,0.297964648404643,109
24,0,215,3,24,72.5,-0.348450201741911,109
25,0,221,3,25,72.5,-0.334075937847312,109
26,0,223,4,26,91.5,-0.0407018258020026,109
27,0,228,6,27,110.5,0.252672286243307,109
28,0,233,9,28,115.5,0.340467562809145,109
29,0,235,2,29.5,46.5,-0.651181016212058,109
30,0,235,7,29.5,113.5,0.332660553582549,109
31,0,236,3,31.5,72.5,-0.240643222532414,109
32,0,236,2,31.5,46.5,-0.622432488422859,109
33,0,240,1,33,16,-1.04873926987552,109
34,0,243,16,34,120,0.492792057580858,109
35,1,246,3,35,72.5,-0.190333298901316,109
36,0,247,4,36.5,91.5,0.110227945091293,109
37,0,247,3,36.5,72.5,-0.168771903059416,109
38,0,249,12,38.5,117.5,0.520765738770937,109
39,0,249,6,38.5,110.5,0.417976321031202,109
40,0,250,1,40,16,-0.948119422613322,109
41,0,252,1,41,16,-0.933745158718722,109
42,0,253,5,42,104,0.372838928189689,109
43,0,273,1,43,16,-0.904996630929523,109
44,0,276,3,44,72.5,-0.0609649238499191,109
45,0,283,2,45.5,46.5,-0.421192793898464,109
46,0,283,2,45.5,46.5,-0.421192793898464,109
47,1,287,1,47,16,-0.847499575351125,109
48,1,304,2,48,46.5,-0.385257134161965,109
49,0,307,5,49,104,0.473458775451887,109
50,0,324,1,50,16,-0.804376783667326,109
51,0,327,1,51,16,-0.790002519772726,109
52,0,328,1,52.5,16,-0.768441123930827,109
53,0,328,2,52.5,46.5,-0.320572946636267,109
54,0,332,6,54,110.5,0.640777411397496,109
55,0,347,3,55,72.5,0.0971519789906765,109
56,0,348,2,56,46.5,-0.270263023005168,109
57,0,349,5,57,104,0.588452886608683,109
58,0,366,2,58,46.5,-0.241514495215969,109
59,1,367,1,59,16,-0.675008408615929,109
60,0,368,1,60,16,-0.66063414472133,109
61,0,376,5,61,104,0.645949942187082,109
62,0,387,1,62,16,-0.631885616932131,109
63,0,396,1,63,16,-0.617511353037531,109
64,0,398,4,64,91.5,0.505520202192782,109
65,0,404,5,65,104,0.70344699776548,109
66,1,407,9,66,115.5,0.88668959080393,109
67,0,411,1,67,16,-0.560014297459133,109
68,1,413,4,68.5,91.5,0.570204389718481,109
69,0,413,3,68.5,72.5,0.291204541567771,109
70,0,432,1,70,16,-0.516891505775334,109
71,0,434,4,71,91.5,0.60614004945498,109
72,0,435,2,72,46.5,-0.0402748006915747,109
73,0,446,2,73,46.5,-0.0259005367969751,109
74,0,452,3,74,72.5,0.370262992988069,109
75,0,457,5,75,104,0.847189636711476,109
76,1,459,2,76,46.5,0.0172222548868237,109
77,0,468,5,77.5,104,0.883125296447975,109
78,0,468,1,77.5,16,-0.409084526565837,109
79,0,491,3,79,72.5,0.442134312461067,109
80,0,494,1,80,16,-0.373148866829338,109
81,0,511,1,81,16,-0.358774602934738,109
82,0,538,2,82,46.5,0.103467838254421,109
83,0,541,1,83,16,-0.330026075145539,109
84,0,565,1,84,16,-0.315651811250939,109
85,0,566,3,85,72.5,0.528379895828665,109
86,0,575,4,86,91.5,0.821754007873974,109
87,0,580,4,87.5,91.5,0.843315403715873,109
88,1,580,2,87.5,46.5,0.182526289674719,109
89,0,600,3,89,72.5,0.585876951407063,109
90,0,627,7,90,113.5,1.20230351920583,109
91,0,629,2,91,46.5,0.232836213305818,109
92,0,644,2,92,46.5,0.247210477200417,109
93,0,645,2,93,46.5,0.261584741095017,109
94,0,658,4,94,91.5,0.93674811903077,109
95,0,685,2,95,46.5,0.290333268884216,109
96,0,698,4,96,91.5,0.96549664681997,109
97,0,699,4,97,91.5,0.979870910714569,109
98,0,714,3,98,72.5,0.71524532645846,109
99,1,729,1,99,16,-0.100037852831945,109
100,0,757,13,100,119,1.42680927209018,109
101,0,761,3,101,72.5,0.758368118142258,109
102,0,772,2,102,46.5,0.390953116146413,109
103,0,799,1,103,16,-0.0425407972535468,109
104,0,838,4,104,91.5,1.08049075797677,109
105,1,861,1,105,16,-0.0137922694643475,109
106,0,878,1,106,16,0.000581994430252086,109
107,0,893,1,107,16,0.0149562583248517,109
108,0,929,4,108,91.5,1.13798781355517,109
109,0,936,1,109,16,0.0437047861140508,109
110,0,959,3,110,72.5,0.887736493193655,109
111,0,980,2,111,46.5,0.52032149119781,109
112,0,1031,4,112,91.5,1.19548486913356,109
113,0,1075,1,113,16,0.101201841692449,109
114,0,1130,3,114,72.5,0.945233548772053,109
115,0,1381,4,115,91.5,1.23860766081736,109
116,0,1389,2,116,46.5,0.592192810670808,109
117,0,1408,1,117,16,0.158698897270848,109
118,1,1714,3,118,72.5,1.00273060435045,109
119,0,1836,2,119,46.5,0.635315602354607,109
120,0,2013,3,120,72.5,1.03147913213965,109
1,1,39,2,1,46.5,-1.06084753720815,110
2,0,74,2,2,46.5,-1.04647327331355,110
3,0,86,4,3.5,91.5,-0.364122763430494,110
4,0,86,3,3.5,72.5,-0.643122611581203,110
5,0,92,1,5,16,-1.45121865892431,110
6,0,115,1,6,16,-1.43684439502971,110
7,0,117,3,7,72.5,-0.592812687950104,110
8,0,121,2,8,46.5,-0.960227689945949,110
9,0,130,6,9,110.5,-0.00606446385948634,110
10,0,136,3,10,72.5,-0.549689896266306,110
11,0,141,1,11,16,-1.36497307555671,110
12,0,162,2,12,46.5,-0.902730634367551,110
13,0,165,4,13,91.5,-0.227567256431797,110
14,0,170,2,14,46.5,-0.873982106578352,110
15,0,175,2,15,46.5,-0.859607842683752,110
16,1,176,1,16,16,-1.29310175608371,110
17,0,183,5,17,104,0.0134823308246993,110
18,0,196,2,18.5,46.5,-0.809297919052653,110
19,0,196,2,18.5,46.5,-0.809297919052653,110
20,0,199,2,20,46.5,-0.787736523210754,110
21,1,203,5,21,104,0.0709793864030978,110
22,0,209,3,22,72.5,-0.37719872953111,110
23,0,214,12,23,117.5,0.297964648404643,110
24,0,215,3,24,72.5,-0.348450201741911,110
25,0,221,3,25,72.5,-0.334075937847312,110
26,0,223,4,26,91.5,-0.0407018258020026,110
27,0,228,6,27,110.5,0.252672286243307,110
28,0,233,9,28,115.5,0.340467562809145,110
29,0,235,2,29.5,46.5,-0.651181016212058,110
30,0,235,7,29.5,113.5,0.332660553582549,110
31,0,236,3,31.5,72.5,-0.240643222532414,110
32,0,236,2,31.5,46.5,-0.622432488422859,110
33,0,240,1,33,16,-1.04873926987552,110
34,0,243,16,34,120,0.492792057580858,110
35,1,246,3,35,72.5,-0.190333298901316,110
36,0,247,4,36.5,91.5,0.110227945091293,110
37,0,247,3,36.5,72.5,-0.168771903059416,110
38,0,249,12,38.5,117.5,0.520765738770937,110
39,0,249,6,38.5,110.5,0.417976321031202,110
40,0,250,1,40,16,-0.948119422613322,110
41,0,252,1,41,16,-0.933745158718722,110
42,0,253,5,42,104,0.372838928189689,110
43,0,273,1,43,16,-0.904996630929523,110
44,0,276,3,44,72.5,-0.0609649238499191,110
45,0,283,2,45.5,46.5,-0.421192793898464,110
46,0,283,2,45.5,46.5,-0.421192793898464,110
47,1,287,1,47,16,-0.847499575351125,110
48,1,304,2,48,46.5,-0.385257134161965,110
49,0,307,5,49,104,0.473458775451887,110
50,0,324,1,50,16,-0.804376783667326,110
51,0,327,1,51,16,-0.790002519772726,110
52,0,328,1,52.5,16,-0.768441123930827,110
53,0,328,2,52.5,46.5,-0.320572946636267,110
54,0,332,6,54,110.5,0.640777411397496,110
55,0,347,3,55,72.5,0.0971519789906765,110
56,0,348,2,56,46.5,-0.270263023005168,110
57,0,349,5,57,104,0.588452886608683,110
58,0,366,2,58,46.5,-0.241514495215969,110
59,1,367,1,59,16,-0.675008408615929,110
60,0,368,1,60,16,-0.66063414472133,110
61,0,376,5,61,104,0.645949942187082,110
62,0,387,1,62,16,-0.631885616932131,110
63,0,396,1,63,16,-0.617511353037531,110
64,0,398,4,64,91.5,0.505520202192782,110
65,0,404,5,65,104,0.70344699776548,110
66,1,407,9,66,115.5,0.88668959080393,110
67,0,411,1,67,16,-0.560014297459133,110
68,1,413,4,68.5,91.5,0.570204389718481,110
69,0,413,3,68.5,72.5,0.291204541567771,110
70,0,432,1,70,16,-0.516891505775334,110
71,0,434,4,71,91.5,0.60614004945498,110
72,0,435,2,72,46.5,-0.0402748006915747,110
73,0,446,2,73,46.5,-0.0259005367969751,110
74,0,452,3,74,72.5,0.370262992988069,110
75,0,457,5,75,104,0.847189636711476,110
76,1,459,2,76,46.5,0.0172222548868237,110
77,0,468,5,77.5,104,0.883125296447975,110
78,0,468,1,77.5,16,-0.409084526565837,110
79,0,491,3,79,72.5,0.442134312461067,110
80,0,494,1,80,16,-0.373148866829338,110
81,0,511,1,81,16,-0.358774602934738,110
82,0,538,2,82,46.5,0.103467838254421,110
83,0,541,1,83,16,-0.330026075145539,110
84,0,565,1,84,16,-0.315651811250939,110
85,0,566,3,85,72.5,0.528379895828665,110
86,0,575,4,86,91.5,0.821754007873974,110
87,0,580,4,87.5,91.5,0.843315403715873,110
88,1,580,2,87.5,46.5,0.182526289674719,110
89,0,600,3,89,72.5,0.585876951407063,110
90,0,627,7,90,113.5,1.20230351920583,110
91,0,629,2,91,46.5,0.232836213305818,110
92,0,644,2,92,46.5,0.247210477200417,110
93,0,645,2,93,46.5,0.261584741095017,110
94,0,658,4,94,91.5,0.93674811903077,110
95,0,685,2,95,46.5,0.290333268884216,110
96,0,698,4,96,91.5,0.96549664681997,110
97,0,699,4,97,91.5,0.979870910714569,110
98,0,714,3,98,72.5,0.71524532645846,110
99,1,729,1,99,16,-0.100037852831945,110
100,0,757,13,100,119,1.42680927209018,110
101,0,761,3,101,72.5,0.758368118142258,110
102,0,772,2,102,46.5,0.390953116146413,110
103,0,799,1,103,16,-0.0425407972535468,110
104,0,838,4,104,91.5,1.08049075797677,110
105,1,861,1,105,16,-0.0137922694643475,110
106,0,878,1,106,16,0.000581994430252086,110
107,0,893,1,107,16,0.0149562583248517,110
108,0,929,4,108,91.5,1.13798781355517,110
109,0,936,1,109,16,0.0437047861140508,110
110,0,959,3,110,72.5,0.887736493193655,110
111,0,980,2,111,46.5,0.52032149119781,110
112,0,1031,4,112,91.5,1.19548486913356,110
113,0,1075,1,113,16,0.101201841692449,110
114,0,1130,3,114,72.5,0.945233548772053,110
115,0,1381,4,115,91.5,1.23860766081736,110
116,0,1389,2,116,46.5,0.592192810670808,110
117,0,1408,1,117,16,0.158698897270848,110
118,1,1714,3,118,72.5,1.00273060435045,110
119,0,1836,2,119,46.5,0.635315602354607,110
120,0,2013,3,120,72.5,1.03147913213965,110
1,1,39,2,1,46.5,-1.06084753720815,111
2,0,74,2,2,46.5,-1.04647327331355,111
3,0,86,4,3.5,91.5,-0.364122763430494,111
4,0,86,3,3.5,72.5,-0.643122611581203,111
5,0,92,1,5,16,-1.45121865892431,111
6,0,115,1,6,16,-1.43684439502971,111
7,0,117,3,7,72.5,-0.592812687950104,111
8,0,121,2,8,46.5,-0.960227689945949,111
9,0,130,6,9,110.5,-0.00606446385948634,111
10,0,136,3,10,72.5,-0.549689896266306,111
11,0,141,1,11,16,-1.36497307555671,111
12,0,162,2,12,46.5,-0.902730634367551,111
13,0,165,4,13,91.5,-0.227567256431797,111
14,0,170,2,14,46.5,-0.873982106578352,111
15,0,175,2,15,46.5,-0.859607842683752,111
16,1,176,1,16,16,-1.29310175608371,111
17,0,183,5,17,104,0.0134823308246993,111
18,0,196,2,18.5,46.5,-0.809297919052653,111
19,0,196,2,18.5,46.5,-0.809297919052653,111
20,0,199,2,20,46.5,-0.787736523210754,111
21,1,203,5,21,104,0.0709793864030978,111
22,0,209,3,22,72.5,-0.37719872953111,111
23,0,214,12,23,117.5,0.297964648404643,111
24,0,215,3,24,72.5,-0.348450201741911,111
25,0,221,3,25,72.5,-0.334075937847312,111
26,0,223,4,26,91.5,-0.0407018258020026,111
27,0,228,6,27,110.5,0.252672286243307,111
28,0,233,9,28,115.5,0.340467562809145,111
29,0,235,2,29.5,46.5,-0.651181016212058,111
30,0,235,7,29.5,113.5,0.332660553582549,111
31,0,236,3,31.5,72.5,-0.240643222532414,111
32,0,236,2,31.5,46.5,-0.622432488422859,111
33,0,240,1,33,16,-1.04873926987552,111
34,0,243,16,34,120,0.492792057580858,111
35,1,246,3,35,72.5,-0.190333298901316,111
36,0,247,4,36.5,91.5,0.110227945091293,111
37,0,247,3,36.5,72.5,-0.168771903059416,111
38,0,249,12,38.5,117.5,0.520765738770937,111
39,0,249,6,38.5,110.5,0.417976321031202,111
40,0,250,1,40,16,-0.948119422613322,111
41,0,252,1,41,16,-0.933745158718722,111
42,0,253,5,42,104,0.372838928189689,111
43,0,273,1,43,16,-0.904996630929523,111
44,0,276,3,44,72.5,-0.0609649238499191,111
45,0,283,2,45.5,46.5,-0.421192793898464,111
46,0,283,2,45.5,46.5,-0.421192793898464,111
47,1,287,1,47,16,-0.847499575351125,111
48,1,304,2,48,46.5,-0.385257134161965,111
49,0,307,5,49,104,0.473458775451887,111
50,0,324,1,50,16,-0.804376783667326,111
51,0,327,1,51,16,-0.790002519772726,111
52,0,328,1,52.5,16,-0.768441123930827,111
53,0,328,2,52.5,46.5,-0.320572946636267,111
54,0,332,6,54,110.5,0.640777411397496,111
55,0,347,3,55,72.5,0.0971519789906765,111
56,0,348,2,56,46.5,-0.270263023005168,111
57,0,349,5,57,104,0.588452886608683,111
58,0,366,2,58,46.5,-0.241514495215969,111
59,1,367,1,59,16,-0.675008408615929,111
60,0,368,1,60,16,-0.66063414472133,111
61,0,376,5,61,104,0.645949942187082,111
62,0,387,1,62,16,-0.631885616932131,111
63,0,396,1,63,16,-0.617511353037531,111
64,0,398,4,64,91.5,0.505520202192782,111
65,0,404,5,65,104,0.70344699776548,111
66,1,407,9,66,115.5,0.88668959080393,111
67,0,411,1,67,16,-0.560014297459133,111
68,1,413,4,68.5,91.5,0.570204389718481,111
69,0,413,3,68.5,72.5,0.291204541567771,111
70,0,432,1,70,16,-0.516891505775334,111
71,0,434,4,71,91.5,0.60614004945498,111
72,0,435,2,72,46.5,-0.0402748006915747,111
73,0,446,2,73,46.5,-0.0259005367969751,111
74,0,452,3,74,72.5,0.370262992988069,111
75,0,457,5,75,104,0.847189636711476,111
76,1,459,2,76,46.5,0.0172222548868237,111
77,0,468,5,77.5,104,0.883125296447975,111
78,0,468,1,77.5,16,-0.409084526565837,111
79,0,491,3,79,72.5,0.442134312461067,111
80,0,494,1,80,16,-0.373148866829338,111
81,0,511,1,81,16,-0.358774602934738,111
82,0,538,2,82,46.5,0.103467838254421,111
83,0,541,1,83,16,-0.330026075145539,111
84,0,565,1,84,16,-0.315651811250939,111
85,0,566,3,85,72.5,0.528379895828665,111
86,0,575,4,86,91.5,0.821754007873974,111
87,0,580,4,87.5,91.5,0.843315403715873,111
88,1,580,2,87.5,46.5,0.182526289674719,111
89,0,600,3,89,72.5,0.585876951407063,111
90,0,627,7,90,113.5,1.20230351920583,111
91,0,629,2,91,46.5,0.232836213305818,111
92,0,644,2,92,46.5,0.247210477200417,111
93,0,645,2,93,46.5,0.261584741095017,111
94,0,658,4,94,91.5,0.93674811903077,111
95,0,685,2,95,46.5,0.290333268884216,111
96,0,698,4,96,91.5,0.96549664681997,111
97,0,699,4,97,91.5,0.979870910714569,111
98,0,714,3,98,72.5,0.71524532645846,111
99,1,729,1,99,16,-0.100037852831945,111
100,0,757,13,100,119,1.42680927209018,111
101,0,761,3,101,72.5,0.758368118142258,111
102,0,772,2,102,46.5,0.390953116146413,111
103,0,799,1,103,16,-0.0425407972535468,111
104,0,838,4,104,91.5,1.08049075797677,111
105,1,861,1,105,16,-0.0137922694643475,111
106,0,878,1,106,16,0.000581994430252086,111
107,0,893,1,107,16,0.0149562583248517,111
108,0,929,4,108,91.5,1.13798781355517,111
109,0,936,1,109,16,0.0437047861140508,111
110,0,959,3,110,72.5,0.887736493193655,111
111,0,980,2,111,46.5,0.52032149119781,111
112,0,1031,4,112,91.5,1.19548486913356,111
113,0,1075,1,113,16,0.101201841692449,111
114,0,1130,3,114,72.5,0.945233548772053,111
115,0,1381,4,115,91.5,1.23860766081736,111
116,0,1389,2,116,46.5,0.592192810670808,111
117,0,1408,1,117,16,0.158698897270848,111
118,1,1714,3,118,72.5,1.00273060435045,111
119,0,1836,2,119,46.5,0.635315602354607,111
120,0,2013,3,120,72.5,1.03147913213965,111
1,1,39,2,1,46.5,-1.06084753720815,112
2,0,74,2,2,46.5,-1.04647327331355,112
3,0,86,4,3.5,91.5,-0.364122763430494,112
4,0,86,3,3.5,72.5,-0.643122611581203,112
5,0,92,1,5,16,-1.45121865892431,112
6,0,115,1,6,16,-1.43684439502971,112
7,0,117,3,7,72.5,-0.592812687950104,112
8,0,121,2,8,46.5,-0.960227689945949,112
9,0,130,6,9,110.5,-0.00606446385948634,112
10,0,136,3,10,72.5,-0.549689896266306,112
11,0,141,1,11,16,-1.36497307555671,112
12,0,162,2,12,46.5,-0.902730634367551,112
13,0,165,4,13,91.5,-0.227567256431797,112
14,0,170,2,14,46.5,-0.873982106578352,112
15,0,175,2,15,46.5,-0.859607842683752,112
16,1,176,1,16,16,-1.29310175608371,112
17,0,183,5,17,104,0.0134823308246993,112
18,0,196,2,18.5,46.5,-0.809297919052653,112
19,0,196,2,18.5,46.5,-0.809297919052653,112
20,0,199,2,20,46.5,-0.787736523210754,112
21,1,203,5,21,104,0.0709793864030978,112
22,0,209,3,22,72.5,-0.37719872953111,112
23,0,214,12,23,117.5,0.297964648404643,112
24,0,215,3,24,72.5,-0.348450201741911,112
25,0,221,3,25,72.5,-0.334075937847312,112
26,0,223,4,26,91.5,-0.0407018258020026,112
27,0,228,6,27,110.5,0.252672286243307,112
28,0,233,9,28,115.5,0.340467562809145,112
29,0,235,2,29.5,46.5,-0.651181016212058,112
30,0,235,7,29.5,113.5,0.332660553582549,112
31,0,236,3,31.5,72.5,-0.240643222532414,112
32,0,236,2,31.5,46.5,-0.622432488422859,112
33,0,240,1,33,16,-1.04873926987552,112
34,0,243,16,34,120,0.492792057580858,112
35,1,246,3,35,72.5,-0.190333298901316,112
36,0,247,4,36.5,91.5,0.110227945091293,112
37,0,247,3,36.5,72.5,-0.168771903059416,112
38,0,249,12,38.5,117.5,0.520765738770937,112
39,0,249,6,38.5,110.5,0.417976321031202,112
40,0,250,1,40,16,-0.948119422613322,112
41,0,252,1,41,16,-0.933745158718722,112
42,0,253,5,42,104,0.372838928189689,112
43,0,273,1,43,16,-0.904996630929523,112
44,0,276,3,44,72.5,-0.0609649238499191,112
45,0,283,2,45.5,46.5,-0.421192793898464,112
46,0,283,2,45.5,46.5,-0.421192793898464,112
47,1,287,1,47,16,-0.847499575351125,112
48,1,304,2,48,46.5,-0.385257134161965,112
49,0,307,5,49,104,0.473458775451887,112
50,0,324,1,50,16,-0.804376783667326,112
51,0,327,1,51,16,-0.790002519772726,112
52,0,328,1,52.5,16,-0.768441123930827,112
53,0,328,2,52.5,46.5,-0.320572946636267,112
54,0,332,6,54,110.5,0.640777411397496,112
55,0,347,3,55,72.5,0.0971519789906765,112
56,0,348,2,56,46.5,-0.270263023005168,112
57,0,349,5,57,104,0.588452886608683,112
58,0,366,2,58,46.5,-0.241514495215969,112
59,1,367,1,59,16,-0.675008408615929,112
60,0,368,1,60,16,-0.66063414472133,112
61,0,376,5,61,104,0.645949942187082,112
62,0,387,1,62,16,-0.631885616932131,112
63,0,396,1,63,16,-0.617511353037531,112
64,0,398,4,64,91.5,0.505520202192782,112
65,0,404,5,65,104,0.70344699776548,112
66,1,407,9,66,115.5,0.88668959080393,112
67,0,411,1,67,16,-0.560014297459133,112
68,1,413,4,68.5,91.5,0.570204389718481,112
69,0,413,3,68.5,72.5,0.291204541567771,112
70,0,432,1,70,16,-0.516891505775334,112
71,0,434,4,71,91.5,0.60614004945498,112
72,0,435,2,72,46.5,-0.0402748006915747,112
73,0,446,2,73,46.5,-0.0259005367969751,112
74,0,452,3,74,72.5,0.370262992988069,112
75,0,457,5,75,104,0.847189636711476,112
76,1,459,2,76,46.5,0.0172222548868237,112
77,0,468,5,77.5,104,0.883125296447975,112
78,0,468,1,77.5,16,-0.409084526565837,112
79,0,491,3,79,72.5,0.442134312461067,112
80,0,494,1,80,16,-0.373148866829338,112
81,0,511,1,81,16,-0.358774602934738,112
82,0,538,2,82,46.5,0.103467838254421,112
83,0,541,1,83,16,-0.330026075145539,112
84,0,565,1,84,16,-0.315651811250939,112
85,0,566,3,85,72.5,0.528379895828665,112
86,0,575,4,86,91.5,0.821754007873974,112
87,0,580,4,87.5,91.5,0.843315403715873,112
88,1,580,2,87.5,46.5,0.182526289674719,112
89,0,600,3,89,72.5,0.585876951407063,112
90,0,627,7,90,113.5,1.20230351920583,112
91,0,629,2,91,46.5,0.232836213305818,112
92,0,644,2,92,46.5,0.247210477200417,112
93,0,645,2,93,46.5,0.261584741095017,112
94,0,658,4,94,91.5,0.93674811903077,112
95,0,685,2,95,46.5,0.290333268884216,112
96,0,698,4,96,91.5,0.96549664681997,112
97,0,699,4,97,91.5,0.979870910714569,112
98,0,714,3,98,72.5,0.71524532645846,112
99,1,729,1,99,16,-0.100037852831945,112
100,0,757,13,100,119,1.42680927209018,112
101,0,761,3,101,72.5,0.758368118142258,112
102,0,772,2,102,46.5,0.390953116146413,112
103,0,799,1,103,16,-0.0425407972535468,112
104,0,838,4,104,91.5,1.08049075797677,112
105,1,861,1,105,16,-0.0137922694643475,112
106,0,878,1,106,16,0.000581994430252086,112
107,0,893,1,107,16,0.0149562583248517,112
108,0,929,4,108,91.5,1.13798781355517,112
109,0,936,1,109,16,0.0437047861140508,112
110,0,959,3,110,72.5,0.887736493193655,112
111,0,980,2,111,46.5,0.52032149119781,112
112,0,1031,4,112,91.5,1.19548486913356,112
113,0,1075,1,113,16,0.101201841692449,112
114,0,1130,3,114,72.5,0.945233548772053,112
115,0,1381,4,115,91.5,1.23860766081736,112
116,0,1389,2,116,46.5,0.592192810670808,112
117,0,1408,1,117,16,0.158698897270848,112
118,1,1714,3,118,72.5,1.00273060435045,112
119,0,1836,2,119,46.5,0.635315602354607,112
120,0,2013,3,120,72.5,1.03147913213965,112
1,0,70,1,1,1.5,-1.69477402874343,113
2,0,89,1,2,1.5,-1.67088214424924,113
3,0,95,2,3,8,-1.48976229290364,113
4,0,116,2,4,8,-1.46587040840946,113
5,0,121,2,5,8,-1.44197852391527,113
6,0,124,2,6,8,-1.41808663942109,113
7,0,142,2,7.5,8,-1.38224881267982,113
8,1,142,2,7.5,8,-1.38224881267982,113
9,0,144,2,9.5,8,-1.33446504369146,113
10,0,144,2,9.5,8,-1.33446504369146,113
11,0,145,2,11,8,-1.29862721695019,113
12,0,149,2,12,8,-1.274735332456,113
13,0,154,2,13,8,-1.25084344796182,113
14,0,162,3,14,21,-0.912495629764791,113
15,0,164,3,15,21,-0.888603745270609,113
16,1,175,3,16,21,-0.864711860776428,113
17,0,179,3,17,21,-0.840819976282246,113
18,1,180,3,18,21,-0.816928091788064,113
19,1,183,3,19,21,-0.793036207293883,113
20,0,187,3,20,21,-0.769144322799701,113
21,0,216,3,21,21,-0.74525243830552,113
22,1,221,3,22,21,-0.721360553811338,113
23,0,224,3,23,21,-0.697468669317157,113
24,0,230,3,24,21,-0.673576784822975,113
25,0,233,3,25,21,-0.649684900328793,113
26,0,237,3,26,21,-0.625793015834612,113
27,0,240,3,27,21,-0.60190113134043,113
28,0,242,3,28,21,-0.578009246846249,113
29,0,246,4,29,35.5,-0.203378051683504,113
30,0,257,4,30.5,35.5,-0.167540224942232,113
31,0,257,4,30.5,35.5,-0.167540224942232,113
32,0,259,4,32,35.5,-0.131702398200959,113
33,1,269,4,33,35.5,-0.107810513706778,113
34,0,270,4,34,35.5,-0.0839186292125962,113
35,1,276,4,35,35.5,-0.0600267447184146,113
36,0,277,4,36,35.5,-0.0361348602242331,113
37,0,294,4,37.5,35.5,-0.000297033482960691,113
38,0,294,4,37.5,35.5,-0.000297033482960691,113
39,0,299,4,39,35.5,0.0355407932583117,113
40,0,310,4,40,35.5,0.0594326777524933,113
41,0,311,4,41.5,35.5,0.0952705044937656,113
42,0,311,4,41.5,35.5,0.0952705044937656,113
43,1,316,5,43,47.5,0.421375346960745,113
44,0,330,5,44,47.5,0.445267231454927,113
45,1,339,5,45,47.5,0.469159115949108,113
46,1,345,5,46,47.5,0.49305100044329,113
47,0,352,5,47,47.5,0.516942884937472,113
48,0,355,5,48,47.5,0.540834769431653,113
49,0,358,5,49,47.5,0.564726653925835,113
50,0,460,5,50,47.5,0.588618538420016,113
51,0,483,5,51,47.5,0.612510422914198,113
52,0,484,5,52,47.5,0.63640230740838,113
53,0,490,6,53,56,0.86589999470827,113
54,0,495,6,54,56,0.889791879202452,113
55,0,533,6,55,56,0.913683763696634,113
56,1,585,6,56,56,0.937575648190815,113
57,0,647,6,57,56,0.961467532684997,113
58,0,677,6,58,56,0.985359417179178,113
59,0,683,6,59,56,1.00925130167336,113
60,0,689,7,60,63,1.20246561200754,113
61,0,698,7,61,63,1.22635749650172,113
62,0,814,7,62,63,1.2502493809959,113
63,1,822,7,63,63,1.27414126549008,113
64,1,828,7,64,63,1.29803314998426,113
65,0,909,7,65,63,1.32192503447845,113
66,0,948,7,66,63,1.34581691897263,113
67,0,1075,8,67,68.5,1.50274785234109,113
68,0,1124,8,68,68.5,1.52663973683527,113
69,0,1129,8,69,68.5,1.55053162132945,113
70,0,1458,8,70,68.5,1.57442350582364,113
71,0,1992,9,71,71,1.65878768526067,113
72,1,2007,13,72,72,1.706868487732,113
1,0,70,1,1,1.5,-1.69477402874343,114
2,0,89,1,2,1.5,-1.67088214424924,114
3,0,95,2,3,8,-1.48976229290364,114
4,0,116,2,4,8,-1.46587040840946,114
5,0,121,2,5,8,-1.44197852391527,114
6,0,124,2,6,8,-1.41808663942109,114
7,0,142,2,7.5,8,-1.38224881267982,114
8,1,142,2,7.5,8,-1.38224881267982,114
9,0,144,2,9.5,8,-1.33446504369146,114
10,0,144,2,9.5,8,-1.33446504369146,114
11,0,145,2,11,8,-1.29862721695019,114
12,0,149,2,12,8,-1.274735332456,114
13,0,154,2,13,8,-1.25084344796182,114
14,0,162,3,14,21,-0.912495629764791,114
15,0,164,3,15,21,-0.888603745270609,114
16,1,175,3,16,21,-0.864711860776428,114
17,0,179,3,17,21,-0.840819976282246,114
18,1,180,3,18,21,-0.816928091788064,114
19,1,183,3,19,21,-0.793036207293883,114
20,0,187,3,20,21,-0.769144322799701,114
21,0,216,3,21,21,-0.74525243830552,114
22,1,221,3,22,21,-0.721360553811338,114
23,0,224,3,23,21,-0.697468669317157,114
24,0,230,3,24,21,-0.673576784822975,114
25,0,233,3,25,21,-0.649684900328793,114
26,0,237,3,26,21,-0.625793015834612,114
27,0,240,3,27,21,-0.60190113134043,114
28,0,242,3,28,21,-0.578009246846249,114
29,0,246,4,29,35.5,-0.203378051683504,114
30,0,257,4,30.5,35.5,-0.167540224942232,114
31,0,257,4,30.5,35.5,-0.167540224942232,114
32,0,259,4,32,35.5,-0.131702398200959,114
33,1,269,4,33,35.5,-0.107810513706778,114
34,0,270,4,34,35.5,-0.0839186292125962,114
35,1,276,4,35,35.5,-0.0600267447184146,114
36,0,277,4,36,35.5,-0.0361348602242331,114
37,0,294,4,37.5,35.5,-0.000297033482960691,114
38,0,294,4,37.5,35.5,-0.000297033482960691,114
39,0,299,4,39,35.5,0.0355407932583117,114
40,0,310,4,40,35.5,0.0594326777524933,114
41,0,311,4,41.5,35.5,0.0952705044937656,114
42,0,311,4,41.5,35.5,0.0952705044937656,114
43,1,316,5,43,47.5,0.421375346960745,114
44,0,330,5,44,47.5,0.445267231454927,114
45,1,339,5,45,47.5,0.469159115949108,114
46,1,345,5,46,47.5,0.49305100044329,114
47,0,352,5,47,47.5,0.516942884937472,114
48,0,355,5,48,47.5,0.540834769431653,114
49,0,358,5,49,47.5,0.564726653925835,114
50,0,460,5,50,47.5,0.588618538420016,114
51,0,483,5,51,47.5,0.612510422914198,114
52,0,484,5,52,47.5,0.63640230740838,114
53,0,490,6,53,56,0.86589999470827,114
54,0,495,6,54,56,0.889791879202452,114
55,0,533,6,55,56,0.913683763696634,114
56,1,585,6,56,56,0.937575648190815,114
57,0,647,6,57,56,0.961467532684997,114
58,0,677,6,58,56,0.985359417179178,114
59,0,683,6,59,56,1.00925130167336,114
60,0,689,7,60,63,1.20246561200754,114
61,0,698,7,61,63,1.22635749650172,114
62,0,814,7,62,63,1.2502493809959,114
63,1,822,7,63,63,1.27414126549008,114
64,1,828,7,64,63,1.29803314998426,114
65,0,909,7,65,63,1.32192503447845,114
66,0,948,7,66,63,1.34581691897263,114
67,0,1075,8,67,68.5,1.50274785234109,114
68,0,1124,8,68,68.5,1.52663973683527,114
69,0,1129,8,69,68.5,1.55053162132945,114
70,0,1458,8,70,68.5,1.57442350582364,114
71,0,1992,9,71,71,1.65878768526067,114
72,1,2007,13,72,72,1.706868487732,114
1,0,70,1,1,1.5,-1.69477402874343,115
2,0,89,1,2,1.5,-1.67088214424924,115
3,0,95,2,3,8,-1.48976229290364,115
4,0,116,2,4,8,-1.46587040840946,115
5,0,121,2,5,8,-1.44197852391527,115
6,0,124,2,6,8,-1.41808663942109,115
7,0,142,2,7.5,8,-1.38224881267982,115
8,1,142,2,7.5,8,-1.38224881267982,115
9,0,144,2,9.5,8,-1.33446504369146,115
10,0,144,2,9.5,8,-1.33446504369146,115
11,0,145,2,11,8,-1.29862721695019,115
12,0,149,2,12,8,-1.274735332456,115
13,0,154,2,13,8,-1.25084344796182,115
14,0,162,3,14,21,-0.912495629764791,115
15,0,164,3,15,21,-0.888603745270609,115
16,1,175,3,16,21,-0.864711860776428,115
17,0,179,3,17,21,-0.840819976282246,115
18,1,180,3,18,21,-0.816928091788064,115
19,1,183,3,19,21,-0.793036207293883,115
20,0,187,3,20,21,-0.769144322799701,115
21,0,216,3,21,21,-0.74525243830552,115
22,1,221,3,22,21,-0.721360553811338,115
23,0,224,3,23,21,-0.697468669317157,115
24,0,230,3,24,21,-0.673576784822975,115
25,0,233,3,25,21,-0.649684900328793,115
26,0,237,3,26,21,-0.625793015834612,115
27,0,240,3,27,21,-0.60190113134043,115
28,0,242,3,28,21,-0.578009246846249,115
29,0,246,4,29,35.5,-0.203378051683504,115
30,0,257,4,30.5,35.5,-0.167540224942232,115
31,0,257,4,30.5,35.5,-0.167540224942232,115
32,0,259,4,32,35.5,-0.131702398200959,115
33,1,269,4,33,35.5,-0.107810513706778,115
34,0,270,4,34,35.5,-0.0839186292125962,115
35,1,276,4,35,35.5,-0.0600267447184146,115
36,0,277,4,36,35.5,-0.0361348602242331,115
37,0,294,4,37.5,35.5,-0.000297033482960691,115
38,0,294,4,37.5,35.5,-0.000297033482960691,115
39,0,299,4,39,35.5,0.0355407932583117,115
40,0,310,4,40,35.5,0.0594326777524933,115
41,0,311,4,41.5,35.5,0.0952705044937656,115
42,0,311,4,41.5,35.5,0.0952705044937656,115
43,1,316,5,43,47.5,0.421375346960745,115
44,0,330,5,44,47.5,0.445267231454927,115
45,1,339,5,45,47.5,0.469159115949108,115
46,1,345,5,46,47.5,0.49305100044329,115
47,0,352,5,47,47.5,0.516942884937472,115
48,0,355,5,48,47.5,0.540834769431653,115
49,0,358,5,49,47.5,0.564726653925835,115
50,0,460,5,50,47.5,0.588618538420016,115
51,0,483,5,51,47.5,0.612510422914198,115
52,0,484,5,52,47.5,0.63640230740838,115
53,0,490,6,53,56,0.86589999470827,115
54,0,495,6,54,56,0.889791879202452,115
55,0,533,6,55,56,0.913683763696634,115
56,1,585,6,56,56,0.937575648190815,115
57,0,647,6,57,56,0.961467532684997,115
58,0,677,6,58,56,0.985359417179178,115
59,0,683,6,59,56,1.00925130167336,115
60,0,689,7,60,63,1.20246561200754,115
61,0,698,7,61,63,1.22635749650172,115
62,0,814,7,62,63,1.2502493809959,115
63,1,822,7,63,63,1.27414126549008,115
64,1,828,7,64,63,1.29803314998426,115
65,0,909,7,65,63,1.32192503447845,115
66,0,948,7,66,63,1.34581691897263,115
67,0,1075,8,67,68.5,1.50274785234109,115
68,0,1124,8,68,68.5,1.52663973683527,115
69,0,1129,8,69,68.5,1.55053162132945,115
70,0,1458,8,70,68.5,1.57442350582364,115
71,0,1992,9,71,71,1.65878768526067,115
72,1,2007,13,72,72,1.706868487732,115
1,0,70,1,1,1.5,-1.69477402874343,116
2,0,89,1,2,1.5,-1.67088214424924,116
3,0,95,2,3,8,-1.48976229290364,116
4,0,116,2,4,8,-1.46587040840946,116
5,0,121,2,5,8,-1.44197852391527,116
6,0,124,2,6,8,-1.41808663942109,116
7,0,142,2,7.5,8,-1.38224881267982,116
8,1,142,2,7.5,8,-1.38224881267982,116
9,0,144,2,9.5,8,-1.33446504369146,116
10,0,144,2,9.5,8,-1.33446504369146,116
11,0,145,2,11,8,-1.29862721695019,116
12,0,149,2,12,8,-1.274735332456,116
13,0,154,2,13,8,-1.25084344796182,116
14,0,162,3,14,21,-0.912495629764791,116
15,0,164,3,15,21,-0.888603745270609,116
16,1,175,3,16,21,-0.864711860776428,116
17,0,179,3,17,21,-0.840819976282246,116
18,1,180,3,18,21,-0.816928091788064,116
19,1,183,3,19,21,-0.793036207293883,116
20,0,187,3,20,21,-0.769144322799701,116
21,0,216,3,21,21,-0.74525243830552,116
22,1,221,3,22,21,-0.721360553811338,116
23,0,224,3,23,21,-0.697468669317157,116
24,0,230,3,24,21,-0.673576784822975,116
25,0,233,3,25,21,-0.649684900328793,116
26,0,237,3,26,21,-0.625793015834612,116
27,0,240,3,27,21,-0.60190113134043,116
28,0,242,3,28,21,-0.578009246846249,116
29,0,246,4,29,35.5,-0.203378051683504,116
30,0,257,4,30.5,35.5,-0.167540224942232,116
31,0,257,4,30.5,35.5,-0.167540224942232,116
32,0,259,4,32,35.5,-0.131702398200959,116
33,1,269,4,33,35.5,-0.107810513706778,116
34,0,270,4,34,35.5,-0.0839186292125962,116
35,1,276,4,35,35.5,-0.0600267447184146,116
36,0,277,4,36,35.5,-0.0361348602242331,116
37,0,294,4,37.5,35.5,-0.000297033482960691,116
38,0,294,4,37.5,35.5,-0.000297033482960691,116
39,0,299,4,39,35.5,0.0355407932583117,116
40,0,310,4,40,35.5,0.0594326777524933,116
41,0,311,4,41.5,35.5,0.0952705044937656,116
42,0,311,4,41.5,35.5,0.0952705044937656,116
43,1,316,5,43,47.5,0.421375346960745,116
44,0,330,5,44,47.5,0.445267231454927,116
45,1,339,5,45,47.5,0.469159115949108,116
46,1,345,5,46,47.5,0.49305100044329,116
47,0,352,5,47,47.5,0.516942884937472,116
48,0,355,5,48,47.5,0.540834769431653,116
49,0,358,5,49,47.5,0.564726653925835,116
50,0,460,5,50,47.5,0.588618538420016,116
51,0,483,5,51,47.5,0.612510422914198,116
52,0,484,5,52,47.5,0.63640230740838,116
53,0,490,6,53,56,0.86589999470827,116
54,0,495,6,54,56,0.889791879202452,116
55,0,533,6,55,56,0.913683763696634,116
56,1,585,6,56,56,0.937575648190815,116
57,0,647,6,57,56,0.961467532684997,116
58,0,677,6,58,56,0.985359417179178,116
59,0,683,6,59,56,1.00925130167336,116
60,0,689,7,60,63,1.20246561200754,116
61,0,698,7,61,63,1.22635749650172,116
62,0,814,7,62,63,1.2502493809959,116
63,1,822,7,63,63,1.27414126549008,116
64,1,828,7,64,63,1.29803314998426,116
65,0,909,7,65,63,1.32192503447845,116
66,0,948,7,66,63,1.34581691897263,116
67,0,1075,8,67,68.5,1.50274785234109,116
68,0,1124,8,68,68.5,1.52663973683527,116
69,0,1129,8,69,68.5,1.55053162132945,116
70,0,1458,8,70,68.5,1.57442350582364,116
71,0,1992,9,71,71,1.65878768526067,116
72,1,2007,13,72,72,1.706868487732,116
1,0,44,30,1,119,-0.0120933708055957,117
2,0,53,30,2,119,0.00228124251382478,117
3,0,56,30,3,119,0.0166558558332452,117
4,0,58,25,4,117,0.0022032513167709,117
5,0,61,24,5,116,0.00216425571824397,117
6,0,62,23,6,114.5,-0.00508154433925656,117
7,0,63,23,7,114.5,0.00929306898016391,117
8,0,70,21,8,113,0.00204726892266327,117
9,0,72,17,10,112,0.0163828866435568,117
10,0,72,16,10,110,-0.0124443311923379,117
11,0,72,16,10,110,-0.0124443311923379,117
12,0,75,16,12.5,110,0.0234922021062132,117
13,0,75,15,12.5,106.5,-0.0269554291066026,117
14,0,76,15,14,106.5,-0.00539350912747194,117
15,0,78,15,15,106.5,0.00898110419194853,117
16,0,79,15,16,106.5,0.023355717511369,117
17,0,80,14,17,103,-0.0127173003820265,117
18,0,81,14,18,103,0.00165731293739402,117
19,0,86,14,19,103,0.0160319262568145,117
20,0,91,13,20.5,100.5,0.00155982394107679,117
21,0,91,13,20.5,100.5,0.00155982394107679,117
22,1,92,12,22,96,-0.0417394962105557,117
23,0,93,12,23,96,-0.0273648828911353,117
24,0,95,12,24,96,-0.0129902695717148,117
25,0,101,12,25,96,0.00138434374770569,117
26,0,109,12,26,96,0.0157589570671261,117
27,0,113,12,27,96,0.0301335703865466,117
28,0,117,12,29,96,0.0588827970253875,117
29,1,117,11,29,89,-0.0420124654002442,117
30,1,117,11,29,89,-0.0420124654002442,117
31,0,121,11,31,89,-0.0132632387614033,117
32,0,122,11,32,89,0.00111137455801719,117
33,0,123,11,33,89,0.0154859878774377,117
34,0,125,11,34,89,0.0298606011968581,117
35,0,129,11,35.5,89,0.0514225211759888,117
36,1,129,10,35.5,83,-0.0350591323316954,117
37,0,130,10,37.5,83,-0.00630990569285456,117
38,0,130,10,37.5,83,-0.00630990569285456,117
39,0,138,10,39,83,0.0152520142862761,117
40,0,141,10,40,83,0.0296266276056966,117
41,1,142,9,41,75.5,-0.0641008259594883,117
42,1,150,9,42,75.5,-0.0497262126400678,117
43,1,155,9,43,75.5,-0.0353515993206474,117
44,0,162,9,44,75.5,-0.0209769860012269,117
45,0,164,9,45.5,75.5,0.000584933977903768,117
46,0,164,9,45.5,75.5,0.000584933977903768,117
47,0,168,9,47,75.5,0.0221468539570345,117
48,0,183,9,48,75.5,0.0365214672764549,117
49,0,184,9,49.5,75.5,0.0580833872555856,117
50,0,184,9,49.5,75.5,0.0580833872555856,117
51,1,186,8,51,66.5,-0.0500771730268101,117
52,1,187,8,52,66.5,-0.0357025597073896,117
53,0,190,8,53,66.5,-0.0213279463879692,117
54,0,191,8,54,66.5,-0.00695333306854871,117
55,0,192,8,55,66.5,0.00742128025087174,117
56,0,204,8,56,66.5,0.0217958935702922,117
57,0,206,8,57,66.5,0.0361705068897127,117
58,0,212,8,58,66.5,0.0505451202091331,117
59,1,216,7,59,57,-0.0720095511919465,117
60,1,218,7,60,57,-0.0576349378725261,117
61,1,219,7,61,57,-0.0432603245531056,117
62,0,226,7,62,57,-0.0288857112336851,117
63,0,229,7,63,57,-0.0145110979142647,117
64,0,238,7,64,57,-0.000136484594844215,117
65,0,240,7,65,57,0.0142381287245762,117
66,0,241,7,66,57,0.0286127420439967,117
67,0,242,7,67,57,0.0429873553634172,117
68,0,245,7,68,57,0.0573619686828376,117
69,0,253,7,69,57,0.0717365820022581,117
70,1,264,6,70,45.5,-0.0796453072347163,117
71,1,267,6,71,45.5,-0.0652706939152959,117
72,1,274,6,72,45.5,-0.0508960805958754,117
73,1,277,6,73.5,45.5,-0.0293341606167447,117
74,1,277,6,73.5,45.5,-0.0293341606167447,117
75,0,282,6,75.5,45.5,-0.000584933977903768,117
76,0,282,6,75.5,45.5,-0.000584933977903768,117
77,0,283,6,77.5,45.5,0.0281642926609371,117
78,0,283,6,77.5,45.5,0.0281642926609371,117
79,0,295,6,79,45.5,0.0497262126400678,117
80,0,312,6,80,45.5,0.0641008259594883,117
81,0,314,6,81,45.5,0.0784754392789088,117
82,1,317,5,83,33,-0.0729454455565926,117
83,1,317,5,83,33,-0.0729454455565926,117
84,1,317,5,83,33,-0.0729454455565926,117
85,1,319,5,85,33,-0.0441962189177517,117
86,1,328,5,86,33,-0.0298216055983312,117
87,0,332,5,87,33,-0.0154469922789108,117
88,0,336,5,88,33,-0.00107237895949031,117
89,0,347,5,89,33,0.0133022343599302,117
90,0,361,5,90,33,0.0276768476793506,117
91,0,366,5,91,33,0.0420514609987711,117
92,0,381,5,92.5,33,0.0636133809779018,117
93,0,381,5,92.5,33,0.0636133809779018,117
94,0,387,5,94,33,0.0851753009570325,117
95,1,391,4,95.5,21.5,-0.0590192816202317,117
96,1,391,4,95.5,21.5,-0.0590192816202317,117
97,1,403,4,97,21.5,-0.037457361641101,117
98,0,407,4,98,21.5,-0.0230827483216806,117
99,0,421,4,99.5,21.5,-0.00152082834254985,117
100,0,421,4,99.5,21.5,-0.00152082834254985,117
101,0,430,4,101,21.5,0.0200410916365809,117
102,0,438,4,102,21.5,0.0344157049560013,117
103,0,441,4,103,21.5,0.0487903182754218,117
104,0,456,4,104,21.5,0.0631649315948423,117
105,1,457,3,105,12,-0.0593897398062374,117
106,1,470,3,106,12,-0.0450151264868169,117
107,0,493,3,107.5,12,-0.0234532065076862,117
108,1,493,3,107.5,12,-0.0234532065076862,117
109,0,509,3,109,12,-0.00189128652855552,117
110,1,511,3,110,12,0.0124833267908648,117
111,0,541,3,111,12,0.0268579401102853,117
112,0,552,3,112,12,0.0412325534297058,117
113,0,558,3,113,12,0.0556071667491262,117
114,1,607,2,114,5,-0.0309134823570849,117
115,0,612,2,115,5,-0.0165388690376644,117
116,0,621,2,116,5,-0.00216425571824397,117
117,0,622,2,117,5,0.0122103576011765,117
118,0,641,2,118,5,0.026584970920597,117
119,0,822,1,119,1.5,-0.00948804697279848,117
120,0,959,1,120,1.5,0.00488656634662199,117
1,0,44,30,1,119,-0.0120933708055957,118
2,0,53,30,2,119,0.00228124251382478,118
3,0,56,30,3,119,0.0166558558332452,118
4,0,58,25,4,117,0.0022032513167709,118
5,0,61,24,5,116,0.00216425571824397,118
6,0,62,23,6,114.5,-0.00508154433925656,118
7,0,63,23,7,114.5,0.00929306898016391,118
8,0,70,21,8,113,0.00204726892266327,118
9,0,72,17,10,112,0.0163828866435568,118
10,0,72,16,10,110,-0.0124443311923379,118
11,0,72,16,10,110,-0.0124443311923379,118
12,0,75,16,12.5,110,0.0234922021062132,118
13,0,75,15,12.5,106.5,-0.0269554291066026,118
14,0,76,15,14,106.5,-0.00539350912747194,118
15,0,78,15,15,106.5,0.00898110419194853,118
16,0,79,15,16,106.5,0.023355717511369,118
17,0,80,14,17,103,-0.0127173003820265,118
18,0,81,14,18,103,0.00165731293739402,118
19,0,86,14,19,103,0.0160319262568145,118
20,0,91,13,20.5,100.5,0.00155982394107679,118
21,0,91,13,20.5,100.5,0.00155982394107679,118
22,1,92,12,22,96,-0.0417394962105557,118
23,0,93,12,23,96,-0.0273648828911353,118
24,0,95,12,24,96,-0.0129902695717148,118
25,0,101,12,25,96,0.00138434374770569,118
26,0,109,12,26,96,0.0157589570671261,118
27,0,113,12,27,96,0.0301335703865466,118
28,0,117,12,29,96,0.0588827970253875,118
29,1,117,11,29,89,-0.0420124654002442,118
30,1,117,11,29,89,-0.0420124654002442,118
31,0,121,11,31,89,-0.0132632387614033,118
32,0,122,11,32,89,0.00111137455801719,118
33,0,123,11,33,89,0.0154859878774377,118
34,0,125,11,34,89,0.0298606011968581,118
35,0,129,11,35.5,89,0.0514225211759888,118
36,1,129,10,35.5,83,-0.0350591323316954,118
37,0,130,10,37.5,83,-0.00630990569285456,118
38,0,130,10,37.5,83,-0.00630990569285456,118
39,0,138,10,39,83,0.0152520142862761,118
40,0,141,10,40,83,0.0296266276056966,118
41,1,142,9,41,75.5,-0.0641008259594883,118
42,1,150,9,42,75.5,-0.0497262126400678,118
43,1,155,9,43,75.5,-0.0353515993206474,118
44,0,162,9,44,75.5,-0.0209769860012269,118
45,0,164,9,45.5,75.5,0.000584933977903768,118
46,0,164,9,45.5,75.5,0.000584933977903768,118
47,0,168,9,47,75.5,0.0221468539570345,118
48,0,183,9,48,75.5,0.0365214672764549,118
49,0,184,9,49.5,75.5,0.0580833872555856,118
50,0,184,9,49.5,75.5,0.0580833872555856,118
51,1,186,8,51,66.5,-0.0500771730268101,118
52,1,187,8,52,66.5,-0.0357025597073896,118
53,0,190,8,53,66.5,-0.0213279463879692,118
54,0,191,8,54,66.5,-0.00695333306854871,118
55,0,192,8,55,66.5,0.00742128025087174,118
56,0,204,8,56,66.5,0.0217958935702922,118
57,0,206,8,57,66.5,0.0361705068897127,118
58,0,212,8,58,66.5,0.0505451202091331,118
59,1,216,7,59,57,-0.0720095511919465,118
60,1,218,7,60,57,-0.0576349378725261,118
61,1,219,7,61,57,-0.0432603245531056,118
62,0,226,7,62,57,-0.0288857112336851,118
63,0,229,7,63,57,-0.0145110979142647,118
64,0,238,7,64,57,-0.000136484594844215,118
65,0,240,7,65,57,0.0142381287245762,118
66,0,241,7,66,57,0.0286127420439967,118
67,0,242,7,67,57,0.0429873553634172,118
68,0,245,7,68,57,0.0573619686828376,118
69,0,253,7,69,57,0.0717365820022581,118
70,1,264,6,70,45.5,-0.0796453072347163,118
71,1,267,6,71,45.5,-0.0652706939152959,118
72,1,274,6,72,45.5,-0.0508960805958754,118
73,1,277,6,73.5,45.5,-0.0293341606167447,118
74,1,277,6,73.5,45.5,-0.0293341606167447,118
75,0,282,6,75.5,45.5,-0.000584933977903768,118
76,0,282,6,75.5,45.5,-0.000584933977903768,118
77,0,283,6,77.5,45.5,0.0281642926609371,118
78,0,283,6,77.5,45.5,0.0281642926609371,118
79,0,295,6,79,45.5,0.0497262126400678,118
80,0,312,6,80,45.5,0.0641008259594883,118
81,0,314,6,81,45.5,0.0784754392789088,118
82,1,317,5,83,33,-0.0729454455565926,118
83,1,317,5,83,33,-0.0729454455565926,118
84,1,317,5,83,33,-0.0729454455565926,118
85,1,319,5,85,33,-0.0441962189177517,118
86,1,328,5,86,33,-0.0298216055983312,118
87,0,332,5,87,33,-0.0154469922789108,118
88,0,336,5,88,33,-0.00107237895949031,118
89,0,347,5,89,33,0.0133022343599302,118
90,0,361,5,90,33,0.0276768476793506,118
91,0,366,5,91,33,0.0420514609987711,118
92,0,381,5,92.5,33,0.0636133809779018,118
93,0,381,5,92.5,33,0.0636133809779018,118
94,0,387,5,94,33,0.0851753009570325,118
95,1,391,4,95.5,21.5,-0.0590192816202317,118
96,1,391,4,95.5,21.5,-0.0590192816202317,118
97,1,403,4,97,21.5,-0.037457361641101,118
98,0,407,4,98,21.5,-0.0230827483216806,118
99,0,421,4,99.5,21.5,-0.00152082834254985,118
100,0,421,4,99.5,21.5,-0.00152082834254985,118
101,0,430,4,101,21.5,0.0200410916365809,118
102,0,438,4,102,21.5,0.0344157049560013,118
103,0,441,4,103,21.5,0.0487903182754218,118
104,0,456,4,104,21.5,0.0631649315948423,118
105,1,457,3,105,12,-0.0593897398062374,118
106,1,470,3,106,12,-0.0450151264868169,118
107,0,493,3,107.5,12,-0.0234532065076862,118
108,1,493,3,107.5,12,-0.0234532065076862,118
109,0,509,3,109,12,-0.00189128652855552,118
110,1,511,3,110,12,0.0124833267908648,118
111,0,541,3,111,12,0.0268579401102853,118
112,0,552,3,112,12,0.0412325534297058,118
113,0,558,3,113,12,0.0556071667491262,118
114,1,607,2,114,5,-0.0309134823570849,118
115,0,612,2,115,5,-0.0165388690376644,118
116,0,621,2,116,5,-0.00216425571824397,118
117,0,622,2,117,5,0.0122103576011765,118
118,0,641,2,118,5,0.026584970920597,118
119,0,822,1,119,1.5,-0.00948804697279848,118
120,0,959,1,120,1.5,0.00488656634662199,118
1,0,44,30,1,119,-0.0120933708055957,119
2,0,53,30,2,119,0.00228124251382478,119
3,0,56,30,3,119,0.0166558558332452,119
4,0,58,25,4,117,0.0022032513167709,119
5,0,61,24,5,116,0.00216425571824397,119
6,0,62,23,6,114.5,-0.00508154433925656,119
7,0,63,23,7,114.5,0.00929306898016391,119
8,0,70,21,8,113,0.00204726892266327,119
9,0,72,17,10,112,0.0163828866435568,119
10,0,72,16,10,110,-0.0124443311923379,119
11,0,72,16,10,110,-0.0124443311923379,119
12,0,75,16,12.5,110,0.0234922021062132,119
13,0,75,15,12.5,106.5,-0.0269554291066026,119
14,0,76,15,14,106.5,-0.00539350912747194,119
15,0,78,15,15,106.5,0.00898110419194853,119
16,0,79,15,16,106.5,0.023355717511369,119
17,0,80,14,17,103,-0.0127173003820265,119
18,0,81,14,18,103,0.00165731293739402,119
19,0,86,14,19,103,0.0160319262568145,119
20,0,91,13,20.5,100.5,0.00155982394107679,119
21,0,91,13,20.5,100.5,0.00155982394107679,119
22,1,92,12,22,96,-0.0417394962105557,119
23,0,93,12,23,96,-0.0273648828911353,119
24,0,95,12,24,96,-0.0129902695717148,119
25,0,101,12,25,96,0.00138434374770569,119
26,0,109,12,26,96,0.0157589570671261,119
27,0,113,12,27,96,0.0301335703865466,119
28,0,117,12,29,96,0.0588827970253875,119
29,1,117,11,29,89,-0.0420124654002442,119
30,1,117,11,29,89,-0.0420124654002442,119
31,0,121,11,31,89,-0.0132632387614033,119
32,0,122,11,32,89,0.00111137455801719,119
33,0,123,11,33,89,0.0154859878774377,119
34,0,125,11,34,89,0.0298606011968581,119
35,0,129,11,35.5,89,0.0514225211759888,119
36,1,129,10,35.5,83,-0.0350591323316954,119
37,0,130,10,37.5,83,-0.00630990569285456,119
38,0,130,10,37.5,83,-0.00630990569285456,119
39,0,138,10,39,83,0.0152520142862761,119
40,0,141,10,40,83,0.0296266276056966,119
41,1,142,9,41,75.5,-0.0641008259594883,119
42,1,150,9,42,75.5,-0.0497262126400678,119
43,1,155,9,43,75.5,-0.0353515993206474,119
44,0,162,9,44,75.5,-0.0209769860012269,119
45,0,164,9,45.5,75.5,0.000584933977903768,119
46,0,164,9,45.5,75.5,0.000584933977903768,119
47,0,168,9,47,75.5,0.0221468539570345,119
48,0,183,9,48,75.5,0.0365214672764549,119
49,0,184,9,49.5,75.5,0.0580833872555856,119
50,0,184,9,49.5,75.5,0.0580833872555856,119
51,1,186,8,51,66.5,-0.0500771730268101,119
52,1,187,8,52,66.5,-0.0357025597073896,119
53,0,190,8,53,66.5,-0.0213279463879692,119
54,0,191,8,54,66.5,-0.00695333306854871,119
55,0,192,8,55,66.5,0.00742128025087174,119
56,0,204,8,56,66.5,0.0217958935702922,119
57,0,206,8,57,66.5,0.0361705068897127,119
58,0,212,8,58,66.5,0.0505451202091331,119
59,1,216,7,59,57,-0.0720095511919465,119
60,1,218,7,60,57,-0.0576349378725261,119
61,1,219,7,61,57,-0.0432603245531056,119
62,0,226,7,62,57,-0.0288857112336851,119
63,0,229,7,63,57,-0.0145110979142647,119
64,0,238,7,64,57,-0.000136484594844215,119
65,0,240,7,65,57,0.0142381287245762,119
66,0,241,7,66,57,0.0286127420439967,119
67,0,242,7,67,57,0.0429873553634172,119
68,0,245,7,68,57,0.0573619686828376,119
69,0,253,7,69,57,0.0717365820022581,119
70,1,264,6,70,45.5,-0.0796453072347163,119
71,1,267,6,71,45.5,-0.0652706939152959,119
72,1,274,6,72,45.5,-0.0508960805958754,119
73,1,277,6,73.5,45.5,-0.0293341606167447,119
74,1,277,6,73.5,45.5,-0.0293341606167447,119
75,0,282,6,75.5,45.5,-0.000584933977903768,119
76,0,282,6,75.5,45.5,-0.000584933977903768,119
77,0,283,6,77.5,45.5,0.0281642926609371,119
78,0,283,6,77.5,45.5,0.0281642926609371,119
79,0,295,6,79,45.5,0.0497262126400678,119
80,0,312,6,80,45.5,0.0641008259594883,119
81,0,314,6,81,45.5,0.0784754392789088,119
82,1,317,5,83,33,-0.0729454455565926,119
83,1,317,5,83,33,-0.0729454455565926,119
84,1,317,5,83,33,-0.0729454455565926,119
85,1,319,5,85,33,-0.0441962189177517,119
86,1,328,5,86,33,-0.0298216055983312,119
87,0,332,5,87,33,-0.0154469922789108,119
88,0,336,5,88,33,-0.00107237895949031,119
89,0,347,5,89,33,0.0133022343599302,119
90,0,361,5,90,33,0.0276768476793506,119
91,0,366,5,91,33,0.0420514609987711,119
92,0,381,5,92.5,33,0.0636133809779018,119
93,0,381,5,92.5,33,0.0636133809779018,119
94,0,387,5,94,33,0.0851753009570325,119
95,1,391,4,95.5,21.5,-0.0590192816202317,119
96,1,391,4,95.5,21.5,-0.0590192816202317,119
97,1,403,4,97,21.5,-0.037457361641101,119
98,0,407,4,98,21.5,-0.0230827483216806,119
99,0,421,4,99.5,21.5,-0.00152082834254985,119
100,0,421,4,99.5,21.5,-0.00152082834254985,119
101,0,430,4,101,21.5,0.0200410916365809,119
102,0,438,4,102,21.5,0.0344157049560013,119
103,0,441,4,103,21.5,0.0487903182754218,119
104,0,456,4,104,21.5,0.0631649315948423,119
105,1,457,3,105,12,-0.0593897398062374,119
106,1,470,3,106,12,-0.0450151264868169,119
107,0,493,3,107.5,12,-0.0234532065076862,119
108,1,493,3,107.5,12,-0.0234532065076862,119
109,0,509,3,109,12,-0.00189128652855552,119
110,1,511,3,110,12,0.0124833267908648,119
111,0,541,3,111,12,0.0268579401102853,119
112,0,552,3,112,12,0.0412325534297058,119
113,0,558,3,113,12,0.0556071667491262,119
114,1,607,2,114,5,-0.0309134823570849,119
115,0,612,2,115,5,-0.0165388690376644,119
116,0,621,2,116,5,-0.00216425571824397,119
117,0,622,2,117,5,0.0122103576011765,119
118,0,641,2,118,5,0.026584970920597,119
119,0,822,1,119,1.5,-0.00948804697279848,119
120,0,959,1,120,1.5,0.00488656634662199,119
1,0,44,30,1,119,-0.0120933708055957,120
2,0,53,30,2,119,0.00228124251382478,120
3,0,56,30,3,119,0.0166558558332452,120
4,0,58,25,4,117,0.0022032513167709,120
5,0,61,24,5,116,0.00216425571824397,120
6,0,62,23,6,114.5,-0.00508154433925656,120
7,0,63,23,7,114.5,0.00929306898016391,120
8,0,70,21,8,113,0.00204726892266327,120
9,0,72,17,10,112,0.0163828866435568,120
10,0,72,16,10,110,-0.0124443311923379,120
11,0,72,16,10,110,-0.0124443311923379,120
12,0,75,16,12.5,110,0.0234922021062132,120
13,0,75,15,12.5,106.5,-0.0269554291066026,120
14,0,76,15,14,106.5,-0.00539350912747194,120
15,0,78,15,15,106.5,0.00898110419194853,120
16,0,79,15,16,106.5,0.023355717511369,120
17,0,80,14,17,103,-0.0127173003820265,120
18,0,81,14,18,103,0.00165731293739402,120
19,0,86,14,19,103,0.0160319262568145,120
20,0,91,13,20.5,100.5,0.00155982394107679,120
21,0,91,13,20.5,100.5,0.00155982394107679,120
22,1,92,12,22,96,-0.0417394962105557,120
23,0,93,12,23,96,-0.0273648828911353,120
24,0,95,12,24,96,-0.0129902695717148,120
25,0,101,12,25,96,0.00138434374770569,120
26,0,109,12,26,96,0.0157589570671261,120
27,0,113,12,27,96,0.0301335703865466,120
28,0,117,12,29,96,0.0588827970253875,120
29,1,117,11,29,89,-0.0420124654002442,120
30,1,117,11,29,89,-0.0420124654002442,120
31,0,121,11,31,89,-0.0132632387614033,120
32,0,122,11,32,89,0.00111137455801719,120
33,0,123,11,33,89,0.0154859878774377,120
34,0,125,11,34,89,0.0298606011968581,120
35,0,129,11,35.5,89,0.0514225211759888,120
36,1,129,10,35.5,83,-0.0350591323316954,120
37,0,130,10,37.5,83,-0.00630990569285456,120
38,0,130,10,37.5,83,-0.00630990569285456,120
39,0,138,10,39,83,0.0152520142862761,120
40,0,141,10,40,83,0.0296266276056966,120
41,1,142,9,41,75.5,-0.0641008259594883,120
42,1,150,9,42,75.5,-0.0497262126400678,120
43,1,155,9,43,75.5,-0.0353515993206474,120
44,0,162,9,44,75.5,-0.0209769860012269,120
45,0,164,9,45.5,75.5,0.000584933977903768,120
46,0,164,9,45.5,75.5,0.000584933977903768,120
47,0,168,9,47,75.5,0.0221468539570345,120
48,0,183,9,48,75.5,0.0365214672764549,120
49,0,184,9,49.5,75.5,0.0580833872555856,120
50,0,184,9,49.5,75.5,0.0580833872555856,120
51,1,186,8,51,66.5,-0.0500771730268101,120
52,1,187,8,52,66.5,-0.0357025597073896,120
53,0,190,8,53,66.5,-0.0213279463879692,120
54,0,191,8,54,66.5,-0.00695333306854871,120
55,0,192,8,55,66.5,0.00742128025087174,120
56,0,204,8,56,66.5,0.0217958935702922,120
57,0,206,8,57,66.5,0.0361705068897127,120
58,0,212,8,58,66.5,0.0505451202091331,120
59,1,216,7,59,57,-0.0720095511919465,120
60,1,218,7,60,57,-0.0576349378725261,120
61,1,219,7,61,57,-0.0432603245531056,120
62,0,226,7,62,57,-0.0288857112336851,120
63,0,229,7,63,57,-0.0145110979142647,120
64,0,238,7,64,57,-0.000136484594844215,120
65,0,240,7,65,57,0.0142381287245762,120
66,0,241,7,66,57,0.0286127420439967,120
67,0,242,7,67,57,0.0429873553634172,120
68,0,245,7,68,57,0.0573619686828376,120
69,0,253,7,69,57,0.0717365820022581,120
70,1,264,6,70,45.5,-0.0796453072347163,120
71,1,267,6,71,45.5,-0.0652706939152959,120
72,1,274,6,72,45.5,-0.0508960805958754,120
73,1,277,6,73.5,45.5,-0.0293341606167447,120
74,1,277,6,73.5,45.5,-0.0293341606167447,120
75,0,282,6,75.5,45.5,-0.000584933977903768,120
76,0,282,6,75.5,45.5,-0.000584933977903768,120
77,0,283,6,77.5,45.5,0.0281642926609371,120
78,0,283,6,77.5,45.5,0.0281642926609371,120
79,0,295,6,79,45.5,0.0497262126400678,120
80,0,312,6,80,45.5,0.0641008259594883,120
81,0,314,6,81,45.5,0.0784754392789088,120
82,1,317,5,83,33,-0.0729454455565926,120
83,1,317,5,83,33,-0.0729454455565926,120
84,1,317,5,83,33,-0.0729454455565926,120
85,1,319,5,85,33,-0.0441962189177517,120
86,1,328,5,86,33,-0.0298216055983312,120
87,0,332,5,87,33,-0.0154469922789108,120
88,0,336,5,88,33,-0.00107237895949031,120
89,0,347,5,89,33,0.0133022343599302,120
90,0,361,5,90,33,0.0276768476793506,120
91,0,366,5,91,33,0.0420514609987711,120
92,0,381,5,92.5,33,0.0636133809779018,120
93,0,381,5,92.5,33,0.0636133809779018,120
94,0,387,5,94,33,0.0851753009570325,120
95,1,391,4,95.5,21.5,-0.0590192816202317,120
96,1,391,4,95.5,21.5,-0.0590192816202317,120
97,1,403,4,97,21.5,-0.037457361641101,120
98,0,407,4,98,21.5,-0.0230827483216806,120
99,0,421,4,99.5,21.5,-0.00152082834254985,120
100,0,421,4,99.5,21.5,-0.00152082834254985,120
101,0,430,4,101,21.5,0.0200410916365809,120
102,0,438,4,102,21.5,0.0344157049560013,120
103,0,441,4,103,21.5,0.0487903182754218,120
104,0,456,4,104,21.5,0.0631649315948423,120
105,1,457,3,105,12,-0.0593897398062374,120
106,1,470,3,106,12,-0.0450151264868169,120
107,0,493,3,107.5,12,-0.0234532065076862,120
108,1,493,3,107.5,12,-0.0234532065076862,120
109,0,509,3,109,12,-0.00189128652855552,120
110,1,511,3,110,12,0.0124833267908648,120
111,0,541,3,111,12,0.0268579401102853,120
112,0,552,3,112,12,0.0412325534297058,120
113,0,558,3,113,12,0.0556071667491262,120
114,1,607,2,114,5,-0.0309134823570849,120
115,0,612,2,115,5,-0.0165388690376644,120
116,0,621,2,116,5,-0.00216425571824397,120
117,0,622,2,117,5,0.0122103576011765,120
118,0,641,2,118,5,0.026584970920597,120
119,0,822,1,119,1.5,-0.00948804697279848,120
120,0,959,1,120,1.5,0.00488656634662199,120
