"scenario_id","scenario_set","beta1_true","method","targeted_class","pair_id","pair_arm","family_id","tau_family_level","n_attempted","n_success","n_error","n_invalid","error_rate","elevated_failure_flag","mean_estimate","bias","empirical_variance","empirical_sd","mean_se","se_ratio","rmse","coverage","mean_ci_width","reject_rate","mcse_reject_rate","type1_error","power","mean_df","median_df","sd_df","min_df","max_df","boundary_study_rate","boundary_effect_rate","mean_fit_runtime_sec"
1,"broad",0,"mlma",NA,NA,NA,NA,NA,5000,5000,0,0,0,FALSE,0.000513213237732927,0.000513213237732927,0.00238555732736271,0.0488421675129463,0.0476649475572644,0.975897466971139,0.0488399795631061,0.9414,0.186843161074457,0.0586,0.00332162731202644,0.0586,NA,NA,NA,NA,NA,NA,0,0,0.694742000000004
1,"broad",0,"mlma_cr2",NA,NA,NA,NA,NA,5000,5000,0,0,0,FALSE,0.000513213237732927,0.000513213237732927,0.00238555732736271,0.0488421675129463,0.0475907666124277,0.974378678010411,0.0488399795631061,0.9424,0.189813599984257,0.0576,0.00329491244193226,0.0576,NA,70.4046546653558,70.4352117611671,0.298407085265689,69.0100639975782,71.2489034007761,0,0,0.785330000000007
1,"broad",0.05,"mlma",NA,NA,NA,NA,NA,5000,5000,0,0,0,FALSE,0.0505132132383614,0.000513213238361412,0.00238555732733122,0.048842167512624,0.0476649475463353,0.975897466753818,0.0488399795627904,0.9414,0.186843161031616,0.1944,0.00559658181392893,NA,0.1944,NA,NA,NA,NA,NA,0,0,0.681324000000006
1,"broad",0.05,"mlma_cr2",NA,NA,NA,NA,NA,5000,5000,0,0,0,FALSE,0.0505132132383614,0.000513213238361412,0.00238555732733122,0.048842167512624,0.0475907666125849,0.97437867802006,0.0488399795627904,0.9424,0.189813599984921,0.1824,0.00546132291665673,NA,0.1824,70.4046546644775,70.4352117385848,0.298407086202793,69.0100640076713,71.2489034032578,0,0,0.771608000000004
1,"broad",0.1,"mlma",NA,NA,NA,NA,NA,5000,5000,0,0,0,FALSE,0.10051321323459,0.000513213234590179,0.00238555732732104,0.0488421675125198,0.0476649475625074,0.975897467087009,0.0488399795626466,0.9414,0.18684316109501,0.5576,0.00702399088837678,NA,0.5576,NA,NA,NA,NA,NA,0,0,0.680936000000007
1,"broad",0.1,"mlma_cr2",NA,NA,NA,NA,NA,5000,5000,0,0,0,FALSE,0.10051321323459,0.000513213234590179,0.00238555732732104,0.0488421675125198,0.0475907666126866,0.974378678024222,0.0488399795626466,0.9424,0.189813599985245,0.5444,0.00704313339359692,NA,0.5444,70.4046546663415,70.4352117531015,0.298407083475223,69.0100640065375,71.2489034035766,0,0,0.771274000000016
1,"broad",0.2,"mlma",NA,NA,NA,NA,NA,5000,5000,0,0,0,FALSE,0.200513213237298,0.00051321323729836,0.00238555732735495,0.0488421675128669,0.0476649475595108,0.97589746701872,0.0488399795630221,0.9414,0.186843161083263,0.985,0.00171901134376711,NA,0.985,NA,NA,NA,NA,NA,0,0,0.679791999999983
1,"broad",0.2,"mlma_cr2",NA,NA,NA,NA,NA,5000,5000,0,0,0,FALSE,0.200513213237298,0.00051321323729836,0.00238555732735495,0.0488421675128669,0.0475907666126073,0.974378678015673,0.0488399795630221,0.9424,0.189813599984969,0.9832,0.00181756760534512,NA,0.9832,70.4046546653715,70.4352117352977,0.298407085620973,69.0100640117409,71.2489034013705,0,0,0.770664000000006
2,"broad",0,"mlma",NA,NA,NA,NA,NA,5000,5000,0,0,0,FALSE,0.000339763675356367,0.000339763675356367,0.00139678900116545,0.0373736404590916,0.0369327523568424,0.98820323370072,0.0373714474260806,0.9414,0.144773728938696,0.0586,0.00332162731202644,0.0586,NA,NA,NA,NA,NA,NA,0,0,0.719649999999991
2,"broad",0,"mlma_cr2",NA,NA,NA,NA,NA,5000,5000,0,0,0,FALSE,0.000339763675356367,0.000339763675356367,0.00139678900116545,0.0373736404590916,0.0368112165909497,0.984951322342882,0.0373714474260806,0.9456,0.148622307483026,0.0544,0.0032075111847038,0.0544,NA,41.5560669994261,41.5691492920963,0.116837356834788,40.8067832394312,41.8285402772935,0,0,0.795053999999936
2,"broad",0.05,"mlma",NA,NA,NA,NA,NA,5000,5000,0,0,0,FALSE,0.0503397636763752,0.00033976367637522,0.00139678900127935,0.0373736404606154,0.0369327523583871,0.988203233701762,0.0373714474276134,0.9414,0.144773728944751,0.2778,0.00633446382892822,NA,0.2778,NA,NA,NA,NA,NA,0,0,0.709638000000052
2,"broad",0.05,"mlma_cr2",NA,NA,NA,NA,NA,5000,5000,0,0,0,FALSE,0.0503397636763752,0.00033976367637522,0.00139678900127935,0.0373736404606154,0.0368112165906133,0.984951322293722,0.0373714474276134,0.9456,0.148622307481683,0.2664,0.00625189635230783,NA,0.2664,41.5560669992944,41.5691492914423,0.116837356756518,40.806783238091,41.8285402769132,0,0,0.78399400000004
2,"broad",0.1,"mlma",NA,NA,NA,NA,NA,5000,5000,0,0,0,FALSE,0.100339763678246,0.000339763678246369,0.00139678900108035,0.0373736404579531,0.0369327523493754,0.98820323353103,0.0373714474249685,0.9414,0.144773728909425,0.776,0.00589616824726025,NA,0.776,NA,NA,NA,NA,NA,0,0,0.710617999999999
2,"broad",0.1,"mlma_cr2",NA,NA,NA,NA,NA,5000,5000,0,0,0,FALSE,0.100339763678246,0.000339763678246369,0.00139678900108035,0.0373736404579531,0.0368112165911914,0.984951322379355,0.0373714474249685,0.9456,0.148622307484044,0.7526,0.00610234774492572,NA,0.7526,41.5560669990505,41.5691492909724,0.116837357412517,40.8067832324417,41.8285402769689,0,0,0.784964000000014
2,"broad",0.2,"mlma",NA,NA,NA,NA,NA,5000,5000,0,0,0,FALSE,0.200339763676894,0.000339763676893784,0.00139678900116386,0.0373736404590703,0.0369327523744976,0.988203234173679,0.0373714474260733,0.9414,0.144773729007903,0.9996,0.000282786138274123,NA,0.9996,NA,NA,NA,NA,NA,0,0,0.710577999999915
2,"broad",0.2,"mlma_cr2",NA,NA,NA,NA,NA,5000,5000,0,0,0,FALSE,0.200339763676894,0.000339763676893784,0.00139678900116386,0.0373736404590703,0.0368112165897211,0.984951322310569,0.0373714474260733,0.9456,0.148622307478028,0.9994,0.000346306222872199,NA,0.9994,41.5560669997366,41.5691492914069,0.116837357551022,40.8067832303783,41.8285402770565,0,0,0.785173999999984
3,"broad",0,"mlma",NA,NA,NA,NA,NA,5000,5000,0,0,0,FALSE,0.0005329826795909,0.0005329826795909,0.00185738846311119,0.0430974298898576,0.0428325020767562,0.993852816425981,0.0430964158133285,0.943,0.167900322876358,0.057,0.00327874976172321,0.057,NA,NA,NA,NA,NA,NA,0,0,0.399659999999974
3,"broad",0,"mlma_cr2",NA,NA,NA,NA,NA,5000,5000,0,0,0,FALSE,0.0005329826795909,0.0005329826795909,0.00185738846311119,0.0430974298898576,0.0426702771610438,0.990088672807047,0.0430964158133285,0.948,0.171772056656899,0.052,0.00313993630508646,0.052,NA,46.0752180292303,46.136358130478,0.270304586931212,43.8121680516702,46.4896210947218,0,0,0.452094000000006
3,"broad",0.05,"mlma",NA,NA,NA,NA,NA,5000,5000,0,0,0,FALSE,0.0505329826807217,0.00053298268072173,0.0018573884632651,0.0430974298916432,0.0428325020860437,0.993852816600303,0.0430964158151278,0.943,0.167900322912765,0.2222,0.00587923736550924,NA,0.2222,NA,NA,NA,NA,NA,0,0,0.39689799999995
3,"broad",0.05,"mlma_cr2",NA,NA,NA,NA,NA,5000,5000,0,0,0,FALSE,0.0505329826807217,0.00053298268072173,0.0018573884632651,0.0430974298916432,0.0426702771618814,0.990088672785459,0.0430964158151278,0.948,0.171772056660216,0.2098,0.00575819346670464,NA,0.2098,46.0752180297406,46.1363581188839,0.270304586702727,43.8121680260439,46.489621094731,0,0,0.449307999999959
3,"broad",0.1,"mlma",NA,NA,NA,NA,NA,5000,5000,0,0,0,FALSE,0.100532982677537,0.000532982677537208,0.00185738846338887,0.0430974298930791,0.0428325020774988,0.99385281636892,0.0430964158165241,0.943,0.167900322879269,0.6476,0.00675594908210534,NA,0.6476,NA,NA,NA,NA,NA,0,0,0.397882000000044
3,"broad",0.1,"mlma_cr2",NA,NA,NA,NA,NA,5000,5000,0,0,0,FALSE,0.100532982677537,0.000532982677537208,0.00185738846338887,0.0430974298930791,0.0426702771609267,0.99008867273032,0.0430964158165241,0.948,0.171772056656418,0.6344,0.00681082432602692,NA,0.6344,46.0752180292487,46.136358121035,0.270304587567307,43.8121680150225,46.489621094725,0,0,0.450124000000009
3,"broad",0.2,"mlma",NA,NA,NA,NA,NA,5000,5000,0,0,0,FALSE,0.200532982680943,0.000532982680942762,0.00185738846334292,0.043097429892546,0.0428325020738332,0.993852816296161,0.0430964158160332,0.943,0.167900322864901,0.9956,0.000936017093861,NA,0.9956,NA,NA,NA,NA,NA,0,0,0.39679000000002
3,"broad",0.2,"mlma_cr2",NA,NA,NA,NA,NA,5000,5000,0,0,0,FALSE,0.200532982680943,0.000532982680942762,0.00185738846334292,0.043097429892546,0.0426702771610486,0.990088672745396,0.0430964158160332,0.948,0.171772056656928,0.9952,0.000977441558355284,NA,0.9952,46.0752180290891,46.1363581189738,0.270304587300925,43.8121680039282,46.4896210949594,0,0,0.448856000000057
4,"broad",0,"mlma",NA,NA,NA,NA,NA,5000,5000,0,0,0,FALSE,-3.08819346943843e-05,-3.08819346943843e-05,0.00221620130087767,0.0470765472488974,0.0465761440527215,0.989370435483932,0.0470718494889609,0.9444,0.182575129764167,0.0556,0.00324063697442339,0.0556,NA,NA,NA,NA,NA,NA,0,0,0.364751999999947
4,"broad",0,"mlma_cr2",NA,NA,NA,NA,NA,5000,5000,0,0,0,FALSE,-3.08819346943843e-05,-3.08819346943843e-05,0.00221620130087767,0.0470765472488974,0.0469846397934366,0.998047701863629,0.0470718494889609,0.9516,0.192339809283087,0.0484,0.00303504332753257,0.0484,NA,28.4253101977479,28.5430258919347,0.940169344775028,23.0651296307102,30.7516535607377,0,0,0.401574000000025
4,"broad",0.05,"mlma",NA,NA,NA,NA,NA,5000,5000,0,0,0,FALSE,0.0499691180648535,-3.08819351464568e-05,0.00221620130079337,0.047076547248002,0.046576144050272,0.989370435450717,0.0470718494880659,0.9444,0.182575129754565,0.199,0.00564621997446079,NA,0.199,NA,NA,NA,NA,NA,0,0,0.363949999999969
4,"broad",0.05,"mlma_cr2",NA,NA,NA,NA,NA,5000,5000,0,0,0,FALSE,0.0499691180648535,-3.08819351464568e-05,0.00221620130079337,0.047076547248002,0.0469846397926159,0.998047701865178,0.0470718494880659,0.9516,0.192339809279778,0.1794,0.00542615222786829,NA,0.1794,28.4253101975956,28.5430258929234,0.940169344923535,23.0651296272644,30.7516535590474,0,0,0.40046799999996
4,"broad",0.1,"mlma",NA,NA,NA,NA,NA,5000,5000,0,0,0,FALSE,0.0999691180654008,-3.08819345991584e-05,0.00221620130074577,0.0470765472474965,0.0465761440477437,0.989370435407634,0.04707184948756,0.9444,0.182575129744654,0.5682,0.00700498051389153,NA,0.5682,NA,NA,NA,NA,NA,0,0,0.364279999999971
4,"broad",0.1,"mlma_cr2",NA,NA,NA,NA,NA,5000,5000,0,0,0,FALSE,0.0999691180654008,-3.08819345991584e-05,0.00221620130074577,0.0470765472474965,0.0469846397928726,0.998047701881348,0.04707184948756,0.9516,0.192339809280954,0.524,0.00706291724431201,NA,0.524,28.4253101971935,28.5430258922952,0.940169344728158,23.0651296308567,30.7516535625457,0,0,0.400703999999959
4,"broad",0.2,"mlma",NA,NA,NA,NA,NA,5000,5000,0,0,0,FALSE,0.19996911806397,-3.08819360296808e-05,0.00221620130070788,0.0470765472470941,0.0465761440497013,0.989370435457675,0.0470718494871586,0.9444,0.182575129752328,0.9908,0.00135021183523179,NA,0.9908,NA,NA,NA,NA,NA,0,0,0.364238000000016
4,"broad",0.2,"mlma_cr2",NA,NA,NA,NA,NA,5000,5000,0,0,0,FALSE,0.19996911806397,-3.08819360296808e-05,0.00221620130070788,0.0470765472470941,0.0469846397928985,0.998047701890429,0.0470718494871586,0.9516,0.192339809280981,0.9858,0.00167322204145176,NA,0.9858,28.4253101975131,28.5430258933426,0.94016934446703,23.0651296172419,30.7516535640839,0,0,0.400468000000094
5,"broad",0,"mlma",NA,NA,NA,NA,NA,5000,5000,0,0,0,FALSE,-0.000143449819014484,-0.000143449819014484,0.00282333385963274,0.0531350530218305,0.0535082776924296,1.0070240763747,0.0531299329070853,0.9474,0.20974859430386,0.0526,0.00315699984162179,0.0526,NA,NA,NA,NA,NA,NA,0,0,0.585171999999924
5,"broad",0,"mlma_cr2",NA,NA,NA,NA,NA,5000,5000,0,0,0,FALSE,-0.000143449819014484,-0.000143449819014484,0.00282333385963274,0.0531350530218305,0.0524808209807887,0.987687373892842,0.0531299329070853,0.9504,0.220438460721466,0.0496,0.00307049963361014,0.0496,NA,18.0931573198167,18.0871719885089,0.0560103008587734,17.9449554675463,18.3797749218332,0,0,0.658435999999911
5,"broad",0.05,"mlma",NA,NA,NA,NA,NA,5000,5000,0,0,0,FALSE,0.0498565501841344,-0.000143449815865636,0.00282333385961592,0.0531350530216723,0.0535082776800012,1.0070240761438,0.0531299329069186,0.9474,0.209748594255142,0.1554,0.00512349177807479,NA,0.1554,NA,NA,NA,NA,NA,0,0,0.573184000000021
5,"broad",0.05,"mlma_cr2",NA,NA,NA,NA,NA,5000,5000,0,0,0,FALSE,0.0498565501841344,-0.000143449815865636,0.00282333385961592,0.0531350530216723,0.0524808209802886,0.987687373886371,0.0531299329069186,0.9504,0.220438460719428,0.146,0.00499367600070329,NA,0.146,18.0931573197308,18.0871719893256,0.0560103005009864,17.9449554682733,18.3797749056947,0,0,0.646806000000019
5,"broad",0.1,"mlma",NA,NA,NA,NA,NA,5000,5000,0,0,0,FALSE,0.0998565501842044,-0.000143449815795615,0.00282333385968173,0.0531350530222915,0.0535082776920031,1.00702407635794,0.0531299329075376,0.9474,0.209748594302188,0.4546,0.00704185827747193,NA,0.4546,NA,NA,NA,NA,NA,0,0,0.573194000000016
5,"broad",0.1,"mlma_cr2",NA,NA,NA,NA,NA,5000,5000,0,0,0,FALSE,0.0998565501842044,-0.000143449815795615,0.00282333385968173,0.0531350530222915,0.0524808209806323,0.987687373881329,0.0531299329075376,0.9504,0.220438460720874,0.4218,0.00698404982800094,NA,0.4218,18.0931573196929,18.0871719861774,0.0560103004349653,17.9449554675294,18.3797749231674,0,0,0.646633999999941
5,"broad",0.2,"mlma",NA,NA,NA,NA,NA,5000,5000,0,0,0,FALSE,0.19985655018376,-0.000143449816240454,0.00282333385958237,0.0531350530213565,0.0535082776949494,1.00702407643111,0.0531299329066039,0.9474,0.209748594313737,0.9632,0.00266254614983478,NA,0.9632,NA,NA,NA,NA,NA,0,0,0.573840000000029
5,"broad",0.2,"mlma_cr2",NA,NA,NA,NA,NA,5000,5000,0,0,0,FALSE,0.19985655018376,-0.000143449816240454,0.00282333385958237,0.0531350530213565,0.0524808209807013,0.987687373900008,0.0531299329066039,0.9504,0.220438460721221,0.9446,0.00323514574633045,NA,0.9446,18.0931573196283,18.0871719877639,0.0560103003905104,17.9449554679786,18.3797748935023,0,0,0.646628000000012
6,"broad",0,"mlma",NA,NA,NA,NA,NA,5000,5000,0,0,0,FALSE,3.89337945553219e-05,3.89337945553219e-05,0.000979873169440904,0.0313029258926527,0.0315761939772058,1.00872979367776,0.0312998196583842,0.9476,0.123776405928348,0.0524,0.00315132480077824,0.0524,NA,NA,NA,NA,NA,NA,0,0,0.510693999999907
6,"broad",0,"mlma_cr2",NA,NA,NA,NA,NA,5000,5000,0,0,0,FALSE,3.89337945553219e-05,3.89337945553219e-05,0.000979873169440904,0.0313029258926527,0.0311740918017899,0.995884279594035,0.0312998196583842,0.9486,0.126189449262203,0.0514,0.00312275647465504,0.0514,NA,38.2354862327873,38.3013388910268,0.380447458890406,35.9931903156636,39.0335933001437,0,0,0.582603999999998
6,"broad",0.05,"mlma",NA,NA,NA,NA,NA,5000,5000,0,0,0,FALSE,0.0500389338036581,3.89338036581241e-05,0.000979873169324283,0.0313029258907899,0.031576193961069,1.00872979322229,0.0312998196565329,0.9476,0.123776405865093,0.3528,0.00675769428133591,NA,0.3528,NA,NA,NA,NA,NA,0,0,0.502983999999988
6,"broad",0.05,"mlma_cr2",NA,NA,NA,NA,NA,5000,5000,0,0,0,FALSE,0.0500389338036581,3.89338036581241e-05,0.000979873169324283,0.0313029258907899,0.0311740918016245,0.995884279648016,0.0312998196565329,0.9486,0.126189449261442,0.3398,0.00669829769419067,NA,0.3398,38.2354862335178,38.3013388990929,0.380447458454922,35.9931902949071,39.0335933013299,0,0,0.574245999999953
6,"broad",0.1,"mlma",NA,NA,NA,NA,NA,5000,5000,0,0,0,FALSE,0.100038933801212,3.89338012122264e-05,0.000979873169432459,0.0313029258925178,0.0315761939586694,1.00872979308995,0.0312998196582576,0.9476,0.123776405855686,0.8838,0.00453205383904472,NA,0.8838,NA,NA,NA,NA,NA,0,0,0.503862000000055
6,"broad",0.1,"mlma_cr2",NA,NA,NA,NA,NA,5000,5000,0,0,0,FALSE,0.100038933801212,3.89338012122264e-05,0.000979873169432459,0.0313029258925178,0.0311740918023428,0.995884279615991,0.0312998196582576,0.9486,0.126189449264463,0.8742,0.00468986908132839,NA,0.8742,38.2354862325652,38.3013388839427,0.380447458448185,35.993190306918,39.033593301279,0,0,0.575077999999994
6,"broad",0.2,"mlma",NA,NA,NA,NA,NA,5000,5000,0,0,0,FALSE,0.200038933803313,3.89338033129072e-05,0.00097987316926031,0.031302925889768,0.0315761939536353,1.00872979301774,0.0312998196555108,0.9476,0.123776405835953,1,0,NA,1,NA,NA,NA,NA,NA,0,0,0.503688000000079
6,"broad",0.2,"mlma_cr2",NA,NA,NA,NA,NA,5000,5000,0,0,0,FALSE,0.200038933803313,3.89338033129072e-05,0.00097987316926031,0.031302925889768,0.0311740918026648,0.995884279713757,0.0312998196555108,0.9486,0.126189449265755,1,0,NA,1,38.2354862324644,38.3013389166951,0.38044745984687,35.9931902888951,39.0335933008254,0,0,0.574640000000151
7,"broad",0,"mlma",NA,NA,NA,NA,NA,5000,5000,0,0,0,FALSE,-0.000504928401706639,-0.000504928401706639,0.00154939859842652,0.039362400821425,0.0388922667088687,0.988056264284053,0.0393617031059084,0.9434,0.152454884053018,0.0566,0.00326791799162709,0.0566,NA,NA,NA,NA,NA,NA,0,0,0.623101999999935
7,"broad",0,"mlma_cr2",NA,NA,NA,NA,NA,5000,5000,0,0,0,FALSE,-0.000504928401706639,-0.000504928401706639,0.00154939859842652,0.039362400821425,0.0389181211521778,0.988713095238709,0.0393617031059084,0.9482,0.155721392823308,0.0518,0.0031342227106573,0.0518,NA,59.5092803652058,59.5319266453509,0.164710787688116,58.4099410931582,59.8861899601044,0,0,0.681271999999875
7,"broad",0.05,"mlma",NA,NA,NA,NA,NA,5000,5000,0,0,0,FALSE,0.0494950715957188,-0.000504928404281159,0.00154939859841858,0.0393624008213242,0.038892266687482,0.988056263743254,0.0393617031058407,0.9434,0.152454883969183,0.254,0.00615603768669426,NA,0.254,NA,NA,NA,NA,NA,0,0,0.613541999999993
7,"broad",0.05,"mlma_cr2",NA,NA,NA,NA,NA,5000,5000,0,0,0,FALSE,0.0494950715957188,-0.000504928404281159,0.00154939859841858,0.0393624008213242,0.0389181211521547,0.988713095240653,0.0393617031058407,0.9482,0.155721392823231,0.2418,0.0060552912398992,NA,0.2418,59.5092803649186,59.5319266464892,0.164710788293162,58.4099410965916,59.886189948617,0,0,0.671515999999962
7,"broad",0.1,"mlma",NA,NA,NA,NA,NA,5000,5000,0,0,0,FALSE,0.0994950715965356,-0.000504928403464361,0.00154939859843822,0.0393624008215736,0.0388922666767381,0.988056263464047,0.0393617031060796,0.9434,0.152454883927068,0.7214,0.00634006372207725,NA,0.7214,NA,NA,NA,NA,NA,0,0,0.613832000000071
7,"broad",0.1,"mlma_cr2",NA,NA,NA,NA,NA,5000,5000,0,0,0,FALSE,0.0994950715965356,-0.000504928403464361,0.00154939859843822,0.0393624008215736,0.0389181211521481,0.988713095234221,0.0393617031060796,0.9482,0.155721392823226,0.7064,0.00644048196954234,NA,0.7064,59.5092803645616,59.5319266464115,0.164710787756236,58.4099410921804,59.8861899517783,0,0,0.671076000000155
7,"broad",0.2,"mlma",NA,NA,NA,NA,NA,5000,5000,0,0,0,FALSE,0.199495071596104,-0.00050492840389646,0.00154939859835555,0.0393624008205235,0.0388922666951013,0.988056263956922,0.0393617031050352,0.9434,0.15245488399905,0.9988,0.000489603921552918,NA,0.9988,NA,NA,NA,NA,NA,0,0,0.613568000000034
7,"broad",0.2,"mlma_cr2",NA,NA,NA,NA,NA,5000,5000,0,0,0,FALSE,0.199495071596104,-0.00050492840389646,0.00154939859835555,0.0393624008205235,0.038918121152495,0.988713095269411,0.0393617031050352,0.9482,0.155721392824556,0.9986,0.000528779727296718,NA,0.9986,59.5092803656865,59.5319266453737,0.164710787079352,58.4099411005569,59.8861899482795,0,0,0.671377999999991
8,"broad",0,"mlma",NA,NA,NA,NA,NA,5000,5000,0,0,0,FALSE,-0.000712908617777387,-0.000712908617777387,0.0054455419728256,0.0737939155542352,0.0729581696647538,0.988674596229181,0.073789979693237,0.945,0.28599076984176,0.055,0.0032241277890307,0.055,NA,NA,NA,NA,NA,NA,0,0,0.415889999999996
8,"broad",0,"mlma_cr2",NA,NA,NA,NA,NA,5000,5000,0,0,0,FALSE,-0.000712908617777387,-0.000712908617777387,0.0054455419728256,0.0737939155542352,0.0725615912887627,0.983300462426787,0.073789979693237,0.9488,0.301311753770488,0.0512,0.0031170036894428,0.0512,NA,21.5675575307149,21.5819312502364,0.10125301011031,20.998404245987,21.7861271013086,0,0,0.466006000000064
8,"broad",0.05,"mlma",NA,NA,NA,NA,NA,5000,4998,2,0,4e-04,FALSE,0.0492821219652462,-0.000717878034753809,0.00544762725524556,0.0738080432964156,0.0729617855974619,0.988534343126331,0.0738041505789662,0.944977991196479,0.286004944037517,0.112645058023209,0.00447204980708201,NA,0.112645058023209,NA,NA,NA,NA,NA,0,0,0.41337535014005
8,"broad",0.05,"mlma_cr2",NA,NA,NA,NA,NA,5000,4998,2,0,4e-04,FALSE,0.0492821219652462,-0.000717878034753809,0.00544762725524556,0.0738080432964156,0.0725667352010807,0.983181940071901,0.0738041505789662,0.948779511804722,0.301333083809849,0.102040816326531,0.00428170886893592,NA,0.102040816326531,21.5675945651698,21.5819312485311,0.101232313183649,20.9984042382046,21.7861271007413,0,0,0.463067226890812
8,"broad",0.1,"mlma",NA,NA,NA,NA,NA,5000,4999,1,0,2e-04,FALSE,0.099282804783768,-0.000717195216232036,0.00544653962449815,0.0738006749596381,0.0729608584120299,0.988620476058416,0.0737967781657592,0.94498899779956,0.286001309537409,0.278855771154231,0.00634248306485146,NA,0.278855771154231,NA,NA,NA,NA,NA,0,0,0.412806561312241
8,"broad",0.1,"mlma_cr2",NA,NA,NA,NA,NA,5000,4999,1,0,2e-04,FALSE,0.099282804783768,-0.000717195216232036,0.00544653962449815,0.0738006749596381,0.0725630906442898,0.983230718201086,0.0737967781657592,0.94878975795159,0.301317948450075,0.249849969993999,0.00612311121863702,NA,0.249849969993999,21.5675980978955,21.5819321011845,0.101222493518606,20.998404238408,21.7861271012441,0,0,0.462750550110018
8,"broad",0.2,"mlma",NA,NA,NA,NA,NA,5000,5000,0,0,0,FALSE,0.199287091381304,-0.000712908618695746,0.00544554197320886,0.073793915556832,0.0729581696680261,0.988674596238733,0.0737899796958423,0.945,0.285990769854587,0.7764,0.00589241953699836,NA,0.7764,NA,NA,NA,NA,NA,0,0,0.41315799999992
8,"broad",0.2,"mlma_cr2",NA,NA,NA,NA,NA,5000,5000,0,0,0,FALSE,0.199287091381304,-0.000712908618695746,0.00544554197320886,0.073793915556832,0.0725615912887513,0.98330046239203,0.0737899796958423,0.9488,0.301311753770501,0.7408,0.0061970212199088,NA,0.7408,21.5675575306617,21.5819312489448,0.101253009931314,20.9984042479014,21.7861271177446,0,0,0.463067999999934
9,"broad",0,"mlma",NA,NA,NA,NA,NA,5000,5000,0,0,0,FALSE,-0.000457239878884461,-0.000457239878884461,0.00149580801169668,0.0386756772622883,0.0381431561290747,0.986231110328019,0.0386745125166586,0.9466,0.149518424539349,0.0534,0.00317957355631223,0.0534,NA,NA,NA,NA,NA,NA,0,0,0.941276000000007
9,"broad",0,"mlma_cr2",NA,NA,NA,NA,NA,5000,5000,0,0,0,FALSE,-0.000457239878884461,-0.000457239878884461,0.00149580801169668,0.0386756772622883,0.0381477038027037,0.986348695175936,0.0386745125166586,0.9486,0.151199861750224,0.0514,0.00312275647465504,0.0514,NA,109.96384883371,109.992338566715,0.316063682929266,108.456373801489,110.831887943672,0,0,1.037944
9,"broad",0.05,"mlma",NA,NA,NA,NA,NA,5000,5000,0,0,0,FALSE,0.0495427601220196,-0.000457239877980409,0.00149580801187801,0.0386756772646324,0.0381431561379066,0.9862311104966,0.0386745125189917,0.9466,0.14951842457397,0.2592,0.0061970212199088,NA,0.2592,NA,NA,NA,NA,NA,0,0,0.928178
9,"broad",0.05,"mlma_cr2",NA,NA,NA,NA,NA,5000,5000,0,0,0,FALSE,0.0495427601220196,-0.000457239877980409,0.00149580801187801,0.0386756772646324,0.038147703802764,0.986348695117713,0.0386745125189917,0.9486,0.151199861750425,0.2518,0.00613835091860998,NA,0.2518,109.963848836221,109.992338512231,0.316063682566727,108.456373851268,110.831887946129,0,0,1.02529
9,"broad",0.1,"mlma",NA,NA,NA,NA,NA,5000,5000,0,0,0,FALSE,0.0995427601224808,-0.000457239877519236,0.00149580801162041,0.0386756772613022,0.0381431561373911,0.986231110568194,0.0386745125156566,0.9466,0.149518424571949,0.7386,0.00621401705823214,NA,0.7386,NA,NA,NA,NA,NA,0,0,0.928178000000004
9,"broad",0.1,"mlma_cr2",NA,NA,NA,NA,NA,5000,5000,0,0,0,FALSE,0.0995427601224808,-0.000457239877519236,0.00149580801162041,0.0386756772613022,0.0381477038025978,0.986348695198349,0.0386745125156566,0.9486,0.151199861749789,0.7298,0.00627999936305729,NA,0.7298,109.963848834792,109.992338634707,0.316063682727209,108.456373772664,110.831887944363,0,0,1.025796
9,"broad",0.2,"mlma",NA,NA,NA,NA,NA,5000,5000,0,0,0,FALSE,0.199542760122625,-0.000457239877375254,0.00149580801171246,0.0386756772624922,0.038143156140918,0.986231110629039,0.0386745125168447,0.9466,0.149518424585774,0.999,0.00044698993277254,NA,0.999,NA,NA,NA,NA,NA,0,0,0.92855800000002
9,"broad",0.2,"mlma_cr2",NA,NA,NA,NA,NA,5000,5000,0,0,0,FALSE,0.199542760122625,-0.000457239877375254,0.00149580801171246,0.0386756772624922,0.0381477038028314,0.986348695174038,0.0386745125168447,0.9486,0.151199861750695,0.9988,0.000489603921552918,NA,0.9988,109.96384883606,109.992338659537,0.316063681541767,108.456373731908,110.83188794509,0,0,1.02537600000001
10,"broad",0,"mlma",NA,NA,NA,NA,NA,5000,5000,0,0,0,FALSE,0.000281389501047969,0.000281389501047969,0.00217494841432181,0.0466363422056427,0.0463235180384426,0.993292266236903,0.0466325273247145,0.9436,0.181584853985078,0.0564,0.00326248494249399,0.0564,NA,NA,NA,NA,NA,NA,2e-04,0,0.460290000000001
10,"broad",0,"mlma_cr2",NA,NA,NA,NA,NA,5000,5000,0,0,0,FALSE,0.000281389501047969,0.000281389501047969,0.00217494841432181,0.0466363422056427,0.046205390503894,0.990759315989054,0.0466325273247145,0.9518,0.18741941662136,0.0482,0.00302908435009658,0.0482,NA,35.9372355541344,36.1368774973207,1.2740116522209,25.898827658924,38.5886713271089,2e-04,0,0.515274000000001
10,"broad",0.05,"mlma",NA,NA,NA,NA,NA,5000,5000,0,0,0,FALSE,0.050281389503283,0.000281389503282985,0.00217494841407271,0.0466363422029721,0.0463235180371388,0.993292266265828,0.0466325273220577,0.9436,0.181584853979967,0.1976,0.00563123858489409,NA,0.1976,NA,NA,NA,NA,NA,2e-04,0,0.455365999999979
10,"broad",0.05,"mlma_cr2",NA,NA,NA,NA,NA,5000,5000,0,0,0,FALSE,0.050281389503283,0.000281389503282985,0.00217494841407271,0.0466363422029721,0.0462053905026427,0.990759316018958,0.0466325273220577,0.9518,0.187419416616399,0.19,0.00554797260267208,NA,0.19,35.9372355536569,36.1368774352483,1.27401165447671,25.8988276598666,38.5886713335659,2e-04,0,0.510839999999964
10,"broad",0.1,"mlma",NA,NA,NA,NA,NA,5000,5000,0,0,0,FALSE,0.100281389498706,0.000281389498705875,0.00217494841427505,0.0466363422051414,0.0463235180419069,0.993292266321863,0.0466325273241991,0.9436,0.181584853998658,0.5758,0.00698933988299324,NA,0.5758,NA,NA,NA,NA,NA,2e-04,0,0.454371999999978
10,"broad",0.1,"mlma_cr2",NA,NA,NA,NA,NA,5000,5000,0,0,0,FALSE,0.100281389498706,0.000281389498705875,0.00217494841427505,0.0466363422051414,0.0462053905032454,0.990759315985796,0.0466325273241991,0.9518,0.187419416618519,0.5518,0.00703301869754375,NA,0.5518,35.9372355552739,36.1368775242711,1.27401164900304,25.8988276573392,38.5886713250727,2e-04,0,0.509513999999956
10,"broad",0.2,"mlma",NA,NA,NA,NA,NA,5000,4999,1,0,2e-04,FALSE,0.200278698671128,0.000278698671128452,0.00217534736798726,0.0466406192924928,0.0463231063280517,0.993192351018113,0.0466367868150417,0.943588717743549,0.181583240110002,0.990598119623925,0.00136494308240948,NA,0.990598119623925,NA,NA,NA,NA,NA,0.0002000400080016,0,0.454324864973004
10,"broad",0.2,"mlma_cr2",NA,NA,NA,NA,NA,5000,4999,1,0,2e-04,FALSE,0.200278698671128,0.000278698671128452,0.00217534736798726,0.0466406192924928,0.046206368528633,0.990689429719264,0.0466367868150417,0.951790358071614,0.187423402978194,0.989197839567914,0.00146202676338997,NA,0.989197839567914,35.9371036192861,36.1368575438142,1.27410492999731,25.898827659473,38.5886713354936,0.0002000400080016,0,0.509425885177003
11,"broad",0,"mlma",NA,NA,NA,NA,NA,5000,5000,0,0,0,FALSE,-0.00027298493147154,-0.00027298493147154,0.00358395617005833,0.0598661521233688,0.0594336301724525,0.992775183712744,0.0598607876626856,0.9444,0.23297554921696,0.0556,0.00324063697442339,0.0556,NA,NA,NA,NA,NA,NA,0,0,0.380537999999976
11,"broad",0,"mlma_cr2",NA,NA,NA,NA,NA,5000,5000,0,0,0,FALSE,-0.00027298493147154,-0.00027298493147154,0.00358395617005833,0.0598661521233688,0.0592658937209688,0.989973325809164,0.0598607876626856,0.9514,0.241057867137003,0.0486,0.0030409879973456,0.0486,NA,33.3591135560474,33.3508076558645,0.0649307749330344,33.1924452166851,33.7688021136815,0,0,0.419727999999968
11,"broad",0.05,"mlma",NA,NA,NA,NA,NA,5000,5000,0,0,0,FALSE,0.0497270150688164,-0.000272984931183572,0.00358395617007333,0.059866152123494,0.0594336301613733,0.9927751835256,0.0598607876628095,0.9444,0.23297554917353,0.139,0.00489242271272628,NA,0.139,NA,NA,NA,NA,NA,0,0,0.378686000000019
11,"broad",0.05,"mlma_cr2",NA,NA,NA,NA,NA,5000,5000,0,0,0,FALSE,0.0497270150688164,-0.000272984931183572,0.00358395617007333,0.059866152123494,0.0592658937208861,0.989973325805712,0.0598607876628095,0.9514,0.241057867136639,0.128,0.00472474337927469,NA,0.128,33.3591135561322,33.3508076555558,0.0649307748194097,33.1924452170501,33.7688021152284,0,0,0.417857999999991
11,"broad",0.1,"mlma",NA,NA,NA,NA,NA,5000,5000,0,0,0,FALSE,0.0997270150690792,-0.000272984930920775,0.00358395617002633,0.0598661521231015,0.0594336301715322,0.992775183701804,0.0598607876624158,0.9444,0.232975549213353,0.391,0.00690099992754673,NA,0.391,NA,NA,NA,NA,NA,0,0,0.378906000000019
11,"broad",0.1,"mlma_cr2",NA,NA,NA,NA,NA,5000,5000,0,0,0,FALSE,0.0997270150690792,-0.000272984930920775,0.00358395617002633,0.0598661521231015,0.0592658937209991,0.989973325814091,0.0598607876624158,0.9514,0.24105786713713,0.3668,0.00681553754299688,NA,0.3668,33.3591135560377,33.3508076561641,0.0649307749613415,33.1924452163684,33.7688021144036,0,0,0.417643999999996
11,"broad",0.2,"mlma",NA,NA,NA,NA,NA,5000,5000,0,0,0,FALSE,0.199727015068704,-0.000272984931295739,0.00358395617002714,0.0598661521231083,0.059433630162687,0.992775183553941,0.0598607876624243,0.9444,0.23297554917868,0.9152,0.0039397705516946,NA,0.9152,NA,NA,NA,NA,NA,0,0,0.378354000000007
11,"broad",0.2,"mlma_cr2",NA,NA,NA,NA,NA,5000,5000,0,0,0,FALSE,0.199727015068704,-0.000272984931295739,0.00358395617002714,0.0598661521231083,0.0592658937208812,0.989973325812009,0.0598607876624243,0.9514,0.241057867136627,0.9054,0.00413886071280491,NA,0.9054,33.3591135561008,33.3508076558322,0.0649307747475522,33.1924452166137,33.768802113025,0,0,0.41725400000002
12,"broad",0,"mlma",NA,NA,NA,NA,NA,5000,5000,0,0,0,FALSE,0.0011581898244444,0.0011581898244444,0.00277690433168039,0.0526963407807448,0.0520800735888521,0.988305313371629,0.0527037982927559,0.9408,0.204150137092692,0.0592,0.0033375248313683,0.0592,NA,NA,NA,NA,NA,NA,0,0,0.362393999999983
12,"broad",0,"mlma_cr2",NA,NA,NA,NA,NA,5000,5000,0,0,0,FALSE,0.0011581898244444,0.0011581898244444,0.00277690433168039,0.0526963407807448,0.0519238807931277,0.985341297399925,0.0527037982927559,0.9422,0.208375713477267,0.0578,0.00330027756408457,0.0578,NA,52.082931970035,52.348031294558,2.16387508438325,40.8080675205527,57.2130468408617,0,0,0.442020000000035
12,"broad",0.05,"mlma",NA,NA,NA,NA,NA,5000,5000,0,0,0,FALSE,0.051158189823505,0.00115818982350495,0.00277690433204921,0.0526963407842443,0.0520800735814771,0.988305313166043,0.0527037982962335,0.9408,0.204150137063782,0.1664,0.00526708724059133,NA,0.1664,NA,NA,NA,NA,NA,0,0,0.35950000000001
12,"broad",0.05,"mlma_cr2",NA,NA,NA,NA,NA,5000,5000,0,0,0,FALSE,0.051158189823505,0.00115818982350495,0.00277690433204921,0.0526963407842443,0.0519238807928969,0.98534129733011,0.0527037982962335,0.9422,0.208375713476684,0.1602,0.00518721428128818,NA,0.1602,52.0829319664238,52.3480313067486,2.1638750832747,40.8080675000205,57.2130468570446,0,0,0.438138000000107
12,"broad",0.1,"mlma",NA,NA,NA,NA,NA,5000,5000,0,0,0,FALSE,0.101158189822593,0.00115818982259337,0.00277690433226787,0.052696340786319,0.0520800735838355,0.988305313171887,0.0527037982982875,0.9408,0.204150137073027,0.5012,0.00707104744716085,NA,0.5012,NA,NA,NA,NA,NA,0,0,0.359507999999874
12,"broad",0.1,"mlma_cr2",NA,NA,NA,NA,NA,5000,5000,0,0,0,FALSE,0.101158189822593,0.00115818982259337,0.00277690433226787,0.052696340786319,0.0519238807923769,0.98534129728145,0.0527037982982875,0.9422,0.208375713474374,0.4846,0.00706771306718093,NA,0.4846,52.0829319687022,52.3480312951864,2.16387508084603,40.8080675042123,57.2130468539814,0,0,0.437497999999946
12,"broad",0.2,"mlma",NA,NA,NA,NA,NA,5000,5000,0,0,0,FALSE,0.201158189822353,0.00115818982235288,0.00277690433213347,0.0526963407850438,0.0520800735791606,0.988305313107088,0.0527037982970075,0.9408,0.204150137054701,0.9654,0.0025846794772273,NA,0.9654,NA,NA,NA,NA,NA,0,0,0.35997600000002
12,"broad",0.2,"mlma_cr2",NA,NA,NA,NA,NA,5000,5000,0,0,0,FALSE,0.201158189822353,0.00115818982235288,0.00277690433213347,0.0526963407850438,0.0519238807928435,0.985341297314149,0.0527037982970075,0.9422,0.208375713476491,0.9626,0.00268332778467335,NA,0.9626,52.0829319659355,52.3480312923598,2.16387507954176,40.8080675210468,57.2130468480672,0,0,0.43871800000003
13,"broad",0,"mlma",NA,NA,NA,NA,NA,5000,4997,3,0,6e-04,FALSE,0.000405234418763353,0.000405234418763353,0.00625080894651643,0.0790620575656644,0.0795412772755575,1.00606131088222,0.079055184833848,0.948969381628977,0.311796077488814,0.0510306183710226,0.0031130553384196,0.0510306183710226,NA,NA,NA,NA,NA,NA,0,0,0.533275965579349
13,"broad",0,"mlma_cr2",NA,NA,NA,NA,NA,5000,4997,3,0,6e-04,FALSE,0.000405234418763353,0.000405234418763353,0.00625080894651643,0.0790620575656644,0.0784976437627149,0.992861129341584,0.079055184833848,0.952171302781669,0.317061198828081,0.047828697218331,0.00301888900137571,0.047828697218331,NA,41.0468347762399,40.9799697244484,0.58919931656225,39.6096522135291,43.9099437730601,0,0,0.589575745447158
13,"broad",0.05,"mlma",NA,NA,NA,NA,NA,5000,4996,4,0,8e-04,FALSE,0.0503870228680284,0.000387022868028435,0.00625047098208011,0.0790599202003146,0.0795411114616848,1.00608641218143,0.0790529548701882,0.948959167333867,0.311795427510377,0.0986789431545236,0.00421930372047266,NA,0.0986789431545236,NA,NA,NA,NA,NA,0,0,0.527041633306702
13,"broad",0.05,"mlma_cr2",NA,NA,NA,NA,NA,5000,4996,4,0,8e-04,FALSE,0.0503870228680284,0.000387022868028435,0.00625047098208011,0.0790599202003146,0.0784903237456464,0.992795382878897,0.0790529548701882,0.952161729383507,0.317031626670432,0.0948759007205765,0.00414591892728361,NA,0.0948759007205765,41.0468624118303,40.9799743643035,0.589288495282795,39.6096521569489,43.9099438188947,0,0,0.582868294635649
13,"broad",0.1,"mlma",NA,NA,NA,NA,NA,5000,4998,2,0,4e-04,FALSE,0.100417004843265,0.000417004843264762,0.00624690638989121,0.0790373733741906,0.0795409591882427,1.0063714897466,0.0790305662493952,0.948979591836735,0.311794830609452,0.248299319727891,0.00611099756394995,NA,0.248299319727891,NA,NA,NA,NA,NA,0,0,0.524771908763569
13,"broad",0.1,"mlma_cr2",NA,NA,NA,NA,NA,5000,4998,2,0,4e-04,FALSE,0.100417004843265,0.000417004843264762,0.00624690638989121,0.0790373733741906,0.0784943514762183,0.99312955536362,0.0790305662493952,0.95218087234894,0.317047898777192,0.242697078831533,0.00606413644734149,NA,0.242697078831533,41.0468398002872,40.9799743833409,0.589164402112906,39.6096521816616,43.9099437727934,0,0,0.580838335334186
13,"broad",0.2,"mlma",NA,NA,NA,NA,NA,5000,4999,1,0,2e-04,FALSE,0.20038999046858,0.000389990468580487,0.00624930465570645,0.0790525436384336,0.0795423847446686,1.00619639904916,0.0790455984689768,0.948989797959592,0.311800418687957,0.708541708341668,0.00642731150972444,NA,0.708541708341668,NA,NA,NA,NA,NA,0,0,0.524932986597318
13,"broad",0.2,"mlma_cr2",NA,NA,NA,NA,NA,5000,4999,1,0,2e-04,FALSE,0.20038999046858,0.000389990468580487,0.00624930465570645,0.0790525436384336,0.0784946093482833,0.992942234816603,0.0790455984689768,0.952190438087617,0.317048966939504,0.698139627925585,0.00649280901327605,NA,0.698139627925585,41.0467182780365,40.9799697108172,0.589168106411808,39.6096521811402,43.9099438039886,0,0,0.581074214842985
14,"broad",0,"mlma",NA,NA,NA,NA,NA,5000,5000,0,0,0,FALSE,0.000322391367966438,0.000322391367966438,0.00330401944666707,0.0574806006115721,0.0566841893028804,0.986144694032105,0.0574757564454081,0.94,0.222197939052992,0.06,0.00335857112474933,0.06,NA,NA,NA,NA,NA,NA,0,0,0.420052000000005
14,"broad",0,"mlma_cr2",NA,NA,NA,NA,NA,5000,5000,0,0,0,FALSE,0.000322391367966438,0.000322391367966438,0.00330401944666707,0.0574806006115721,0.0567002121648263,0.986423446546439,0.0574757564454081,0.9492,0.230579467787141,0.0508,0.00310545842026584,0.0508,NA,33.5143443256165,33.5259825413003,0.0419823060192706,32.99096214525,33.5610192056826,0,0,0.452780000000147
14,"broad",0.05,"mlma",NA,NA,NA,NA,NA,5000,5000,0,0,0,FALSE,0.0503223913690316,0.000322391369031609,0.00330401944677232,0.0574806006124877,0.0566841893138617,0.98614469420744,0.0574757564463295,0.94,0.222197939096038,0.1556,0.00512618064449547,NA,0.1556,NA,NA,NA,NA,NA,0,0,0.418241999999943
14,"broad",0.05,"mlma_cr2",NA,NA,NA,NA,NA,5000,5000,0,0,0,FALSE,0.0503223913690316,0.000322391369031609,0.00330401944677232,0.0574806006124877,0.0567002121644689,0.986423446524509,0.0574757564463295,0.9492,0.230579467785674,0.1396,0.00490126187833297,NA,0.1396,33.5143443256687,33.5259825412236,0.0419823061048424,32.9909621468633,33.5610192056062,0,0,0.45152999999988
14,"broad",0.1,"mlma",NA,NA,NA,NA,NA,5000,5000,0,0,0,FALSE,0.100322391370178,0.000322391370177769,0.00330401944656656,0.0574806006106978,0.0566841893008251,0.986144694011347,0.0574757564445463,0.94,0.222197939044936,0.4288,0.00699900792969975,NA,0.4288,NA,NA,NA,NA,NA,0,0,0.41889200000003
14,"broad",0.1,"mlma_cr2",NA,NA,NA,NA,NA,5000,5000,0,0,0,FALSE,0.100322391370178,0.000322391370177769,0.00330401944656656,0.0574806006106978,0.0567002121649114,0.986423446562923,0.0574757564445463,0.9492,0.230579467787476,0.4014,0.00693221523035746,NA,0.4014,33.5143443256684,33.5259825418173,0.0419823060314034,32.9909621457625,33.5610192056615,0,0,0.451903999999911
14,"broad",0.2,"mlma",NA,NA,NA,NA,NA,5000,5000,0,0,0,FALSE,0.200322391368327,0.000322391368326541,0.00330401944688104,0.0574806006134334,0.0566841893140774,0.986144694194968,0.0574757564472712,0.94,0.222197939096884,0.9316,0.00356991428468528,NA,0.9316,NA,NA,NA,NA,NA,0,0,0.41821600000016
14,"broad",0.2,"mlma_cr2",NA,NA,NA,NA,NA,5000,5000,0,0,0,FALSE,0.200322391368327,0.000322391368326541,0.00330401944688104,0.0574806006134334,0.0567002121643587,0.986423446506363,0.0574757564472712,0.9492,0.230579467785231,0.9218,0.00379696615734194,NA,0.9218,33.5143443256635,33.5259825408299,0.0419823059680686,32.9909621457769,33.561019205743,0,0,0.451104000000277
15,"broad",0,"mlma",NA,NA,NA,NA,NA,5000,5000,0,0,0,FALSE,-0.000203207075536077,-0.000203207075536077,0.00469604948875631,0.0685277278826339,0.0667583049928458,0.974179460716711,0.0685211760842888,0.9382,0.261687746909836,0.0618,0.00340531232047811,0.0618,NA,NA,NA,NA,NA,NA,0,0,0.388989999999994
15,"broad",0,"mlma_cr2",NA,NA,NA,NA,NA,5000,5000,0,0,0,FALSE,-0.000203207075536077,-0.000203207075536077,0.00469604948875631,0.0685277278826339,0.0667484706519903,0.974035951787415,0.0685211760842888,0.9438,0.26729456914635,0.0562,0.00325704037432759,0.0562,NA,57.2688297525377,57.3007272608814,0.177824782639942,56.0226008204669,57.5951373760085,0,0,0.440367999999909
15,"broad",0.05,"mlma",NA,NA,NA,NA,NA,5000,5000,0,0,0,FALSE,0.0497967929335254,-0.000203207066474628,0.00469604948821766,0.0685277278787037,0.0667583049199636,0.974179459709039,0.0685211760803322,0.9382,0.261687746624143,0.1242,0.004664211830524,NA,0.1242,NA,NA,NA,NA,NA,0,0,0.387671999999919
15,"broad",0.05,"mlma_cr2",NA,NA,NA,NA,NA,5000,5000,0,0,0,FALSE,0.0497967929335254,-0.000203207066474628,0.00469604948821766,0.0685277278787037,0.0667484706556295,0.974035951896384,0.0685211760803322,0.9438,0.267294569161161,0.1196,0.00458902691210239,NA,0.1196,57.2688297504147,57.3007272603498,0.177824781286393,56.0226008241773,57.5951373760637,0,0,0.439103999999995
15,"broad",0.1,"mlma",NA,NA,NA,NA,NA,5000,5000,0,0,0,FALSE,0.0997967929247826,-0.000203207075217454,0.00469604948863198,0.0685277278817266,0.0667583049813572,0.97417946056196,0.0685211760833807,0.9382,0.261687746864802,0.332,0.00665996996990227,NA,0.332,NA,NA,NA,NA,NA,0,0,0.387304000000033
15,"broad",0.1,"mlma_cr2",NA,NA,NA,NA,NA,5000,5000,0,0,0,FALSE,0.0997967929247826,-0.000203207075217454,0.00469604948863198,0.0685277278817266,0.0667484706517481,0.974035951796776,0.0685211760833807,0.9438,0.267294569145413,0.3206,0.00660023696544298,NA,0.3206,57.2688297522098,57.3007272570034,0.177824782477513,56.0226008249321,57.5951373761676,0,0,0.438564000000068
15,"broad",0.2,"mlma",NA,NA,NA,NA,NA,5000,5000,0,0,0,FALSE,0.199796792925667,-0.000203207074332606,0.00469604948868449,0.0685277278821098,0.0667583049737904,0.974179460446092,0.0685211760837613,0.9382,0.261687746835141,0.836,0.00523648737227543,NA,0.836,NA,NA,NA,NA,NA,0,0,0.387033999999976
15,"broad",0.2,"mlma_cr2",NA,NA,NA,NA,NA,5000,5000,0,0,0,FALSE,0.199796792925667,-0.000203207074332606,0.00469604948868449,0.0685277278821098,0.0667484706518044,0.974035951792151,0.0685211760837613,0.9438,0.267294569145655,0.8252,0.00537112576654094,NA,0.8252,57.2688297520237,57.3007272579118,0.177824782831808,56.0226008219479,57.5951373759839,0,0,0.438433999999895
16,"broad",0,"mlma",NA,NA,NA,NA,NA,5000,5000,0,0,0,FALSE,-0.000288500062389996,-0.000288500062389996,0.00316873408150508,0.0562915098527752,0.0560560220662889,0.995816637587051,0.0562866197863647,0.9472,0.219735568733018,0.0528,0.00316266216975509,0.0528,NA,NA,NA,NA,NA,NA,0,0,0.406615999999982
16,"broad",0,"mlma_cr2",NA,NA,NA,NA,NA,5000,5000,0,0,0,FALSE,-0.000288500062389996,-0.000288500062389996,0.00316873408150508,0.0562915098527752,0.0559951968185845,0.994736097238009,0.0562866197863647,0.9504,0.224081980224627,0.0496,0.00307049963361014,0.0496,NA,59.1398551967886,59.1278519397997,0.173476016725314,58.6391269413036,60.0865054308814,0,0,0.48576199999992
16,"broad",0.05,"mlma",NA,NA,NA,NA,NA,5000,5000,0,0,0,FALSE,0.0497114999375744,-0.000288500062425583,0.00316873408150521,0.0562915098527762,0.056056022066927,0.995816637598367,0.056286619786366,0.9472,0.219735568735519,0.148,0.00502187216085794,NA,0.148,NA,NA,NA,NA,NA,0,0,0.404271999999998
16,"broad",0.05,"mlma_cr2",NA,NA,NA,NA,NA,5000,5000,0,0,0,FALSE,0.0497114999375744,-0.000288500062425583,0.00316873408150521,0.0562915098527762,0.055995196818595,0.994736097238176,0.056286619786366,0.9504,0.224081980224666,0.143,0.0049507777166825,NA,0.143,59.1398551968401,59.1278519340122,0.173476016675483,58.6391269420618,60.0865054297674,0,0,0.482877999999923
16,"broad",0.1,"mlma",NA,NA,NA,NA,NA,5000,5000,0,0,0,FALSE,0.0997114999378741,-0.000288500062125926,0.00316873408149683,0.0562915098527018,0.0560560220614245,0.995816637501934,0.05628661978629,0.9472,0.21973556871395,0.4338,0.00700881673322966,NA,0.4338,NA,NA,NA,NA,NA,0,0,0.402824000000035
16,"broad",0.1,"mlma_cr2",NA,NA,NA,NA,NA,5000,5000,0,0,0,FALSE,0.0997114999378741,-0.000288500062125926,0.00316873408149683,0.0562915098527018,0.0559951968187064,0.99473609724147,0.05628661978629,0.9504,0.224081980225103,0.4198,0.00697951230387912,NA,0.4198,59.1398551969614,59.1278519333468,0.173476016801791,58.6391269415588,60.0865054317341,0,0,0.48121799999992
16,"broad",0.2,"mlma",NA,NA,NA,NA,NA,5000,5000,0,0,0,FALSE,0.199711499937207,-0.000288500062793073,0.00316873408155808,0.0562915098532459,0.0560560220696037,0.995816637637609,0.0562866197868375,0.9472,0.219735568746011,0.94,0.00335857112474933,NA,0.94,NA,NA,NA,NA,NA,0,0,0.402830000000052
16,"broad",0.2,"mlma_cr2",NA,NA,NA,NA,NA,5000,5000,0,0,0,FALSE,0.199711499937207,-0.000288500062793073,0.00316873408155808,0.0562915098532459,0.0559951968184208,0.994736097226782,0.0562866197868375,0.9504,0.224081980223983,0.9356,0.00347138704266753,NA,0.9356,59.1398551966498,59.1278519294681,0.173476016738764,58.6391269417018,60.0865054307631,0,0,0.480916000000084
17,"broad",0,"mlma",NA,NA,NA,NA,NA,5000,5000,0,0,0,FALSE,0.000575549165441089,0.000575549165441089,0.00866706153584695,0.0930970543886698,0.0914262843121643,0.982053459290664,0.093089523472739,0.9424,0.358384448984323,0.0576,0.00329491244193226,0.0576,NA,NA,NA,NA,NA,NA,0,0,0.403711999999991
17,"broad",0,"mlma_cr2",NA,NA,NA,NA,NA,5000,5000,0,0,0,FALSE,0.000575549165441089,0.000575549165441089,0.00866706153584695,0.0930970543886698,0.0916093877249562,0.984020260646456,0.093089523472739,0.9508,0.375971740256368,0.0492,0.00305873699425106,0.0492,NA,26.9370380325771,26.9441107012323,0.0502427487796195,26.5691030339071,27.0515658664767,0,0,0.442757999999991
17,"broad",0.05,"mlma",NA,NA,NA,NA,NA,5000,5000,0,0,0,FALSE,0.0505755491686663,0.000575549168666284,0.00866706153524017,0.093097054385411,0.0914262842709113,0.982053458881923,0.0930895234695004,0.9424,0.358384448822614,0.0966,0.00417776112289824,NA,0.0966,NA,NA,NA,NA,NA,0,0,0.402627999999999
17,"broad",0.05,"mlma_cr2",NA,NA,NA,NA,NA,5000,5000,0,0,0,FALSE,0.0505755491686663,0.000575549168666284,0.00866706153524017,0.093097054385411,0.0916093877253196,0.984020260684805,0.0930895234695004,0.9508,0.375971740258131,0.0844,0.00393132649369141,NA,0.0844,26.9370380321333,26.9441107009412,0.0502427485831316,26.5691030800585,27.051565866589,0,0,0.441502000000002
17,"broad",0.1,"mlma",NA,NA,NA,NA,NA,5000,5000,0,0,0,FALSE,0.100575549168143,0.000575549168143161,0.00866706153547089,0.0930970543866501,0.0914262842913009,0.982053459087865,0.0930895234707362,0.9424,0.35838444890254,0.2066,0.00572566921852808,NA,0.2066,NA,NA,NA,NA,NA,0,0,0.401525999999997
17,"broad",0.1,"mlma_cr2",NA,NA,NA,NA,NA,5000,5000,0,0,0,FALSE,0.100575549168143,0.000575549168143161,0.00866706153547089,0.0930970543866501,0.091609387724686,0.984020260664902,0.0930895234707362,0.9508,0.375971740255443,0.1836,0.00547523588532951,NA,0.1836,26.937038032319,26.9441107010553,0.0502427484266968,26.5691030342743,27.051565866488,0,0,0.440484000000009
17,"broad",0.2,"mlma",NA,NA,NA,NA,NA,5000,5000,0,0,0,FALSE,0.200575549168457,0.000575549168457229,0.00866706153545527,0.0930970543865662,0.0914262843039398,0.98205345922451,0.0930895234706543,0.9424,0.358384448952083,0.5918,0.00695086699628183,NA,0.5918,NA,NA,NA,NA,NA,0,0,0.401683999999989
17,"broad",0.2,"mlma_cr2",NA,NA,NA,NA,NA,5000,5000,0,0,0,FALSE,0.200575549168457,0.000575549168457229,0.00866706153545527,0.0930970543865662,0.0916093877248435,0.98402026066748,0.0930895234706543,0.9508,0.375971740256053,0.5504,0.00703505280719342,NA,0.5504,26.9370380323604,26.9441107011241,0.0502427485133136,26.5691030338958,27.0515658665096,0,0,0.440717999999995
18,"broad",0,"mlma",NA,NA,NA,NA,NA,5000,5000,0,0,0,FALSE,0.000938212103389104,0.000938212103389104,0.00128597999523786,0.0358605632309067,0.035334501106394,0.985330344057193,0.0358692492420702,0.9472,0.138508699160446,0.0528,0.00316266216975509,0.0528,NA,NA,NA,NA,NA,NA,0,0,0.827901999999985
18,"broad",0,"mlma_cr2",NA,NA,NA,NA,NA,5000,5000,0,0,0,FALSE,0.000938212103389104,0.000938212103389104,0.00128597999523786,0.0358605632309067,0.0355589849750236,0.991590253227725,0.0358692492420702,0.953,0.150051713151424,0.047,0.00299302522541993,0.047,NA,16.9829246400268,16.995154033532,0.130673273270777,16.2748212731,17.3239655677111,0,0,0.908427999999966
18,"broad",0.05,"mlma",NA,NA,NA,NA,NA,5000,5000,0,0,0,FALSE,0.0509382121022384,0.000938212102238413,0.00128597999534402,0.0358605632323869,0.0353345011160745,0.985330344286472,0.0358692492435196,0.9472,0.138508699198393,0.3062,0.0065183059148831,NA,0.3062,NA,NA,NA,NA,NA,0,0,0.812769999999992
18,"broad",0.05,"mlma_cr2",NA,NA,NA,NA,NA,5000,5000,0,0,0,FALSE,0.0509382121022384,0.000938212102238413,0.00128597999534402,0.0358605632323869,0.0355589849761166,0.991590253217274,0.0358692492435196,0.953,0.150051713155507,0.2602,0.00620477171215831,NA,0.2602,16.9829246408765,16.9951540286585,0.13067327471305,16.2748212742568,17.3239655671189,0,0,0.893874
18,"broad",0.1,"mlma",NA,NA,NA,NA,NA,5000,5000,0,0,0,FALSE,0.100938212099118,0.00093821209911843,0.00128597999515643,0.0358605632297713,0.0353345011027915,0.985330343987929,0.0358692492408237,0.9472,0.138508699146324,0.8088,0.00556134084551559,NA,0.8088,NA,NA,NA,NA,NA,0,0,0.81248800000002
18,"broad",0.1,"mlma_cr2",NA,NA,NA,NA,NA,5000,5000,0,0,0,FALSE,0.100938212099118,0.00093821209911843,0.00128597999515643,0.0358605632297713,0.0355589849789922,0.991590253369786,0.0358692492408237,0.953,0.150051713167798,0.7532,0.0060973725488935,NA,0.7532,16.9829246407148,16.9951540245968,0.130673272746655,16.2748212744597,17.3239655672179,0,0,0.893194000000003
18,"broad",0.2,"mlma",NA,NA,NA,NA,NA,5000,5000,0,0,0,FALSE,0.200938212100938,0.000938212100938002,0.00128597999538359,0.0358605632329386,0.0353345011008625,0.985330343847112,0.0358692492440371,0.9472,0.138508699138763,0.9996,0.000282786138274123,NA,0.9996,NA,NA,NA,NA,NA,0,0,0.816050000000016
18,"broad",0.2,"mlma_cr2",NA,NA,NA,NA,NA,5000,5000,0,0,0,FALSE,0.200938212100938,0.000938212100938002,0.00128597999538359,0.0358605632329386,0.0355589849792516,0.99159025328944,0.0358692492440371,0.953,0.150051713169239,0.9986,0.000528779727296718,NA,0.9986,16.982924640206,16.995154024808,0.130673273308169,16.2748212730016,17.3239655667979,0,0,0.896546000000005
19,"broad",0,"mlma",NA,NA,NA,NA,NA,5000,5000,0,0,0,FALSE,-0.00114410469258259,-0.00114410469258259,0.00148793638106854,0.0385737784131726,0.0385668325282177,0.999819932471211,0.0385868859761955,0.9466,0.151179205506189,0.0534,0.00317957355631223,0.0534,NA,NA,NA,NA,NA,NA,0,0,0.437228000000013
19,"broad",0,"mlma_cr2",NA,NA,NA,NA,NA,5000,5000,0,0,0,FALSE,-0.00114410469258259,-0.00114410469258259,0.00148793638106854,0.0385737784131726,0.0382024398541453,0.99037329050191,0.0385868859761955,0.946,0.154070632619757,0.054,0.00319637294444813,0.054,NA,43.1492154457975,43.1451557190975,0.118891928719695,42.7887773088658,43.5929107963724,0,0,0.504599999999978
19,"broad",0.05,"mlma",NA,NA,NA,NA,NA,5000,4999,1,0,2e-04,FALSE,0.0488500442808754,-0.00114995571912458,0.00148806288103348,0.0385754180927891,0.0385670530425899,0.999783150757328,0.0385886979189348,0.946589317863573,0.151180069906644,0.247249449889978,0.00610171107636441,NA,0.247249449889978,NA,NA,NA,NA,NA,0,0,0.43454290858168
19,"broad",0.05,"mlma_cr2",NA,NA,NA,NA,NA,5000,4999,1,0,2e-04,FALSE,0.0488500442808754,-0.00114995571912458,0.00148806288103348,0.0385754180927891,0.0382027025553159,0.990338003943944,0.0385886979189348,0.945989197839568,0.154071693878236,0.238647729545909,0.0060287865610899,NA,0.238647729545909,43.1491992454902,43.1451364108122,0.118898303284176,42.7887772990354,43.592910786633,0,0,0.501450290057946
19,"broad",0.1,"mlma",NA,NA,NA,NA,NA,5000,5000,0,0,0,FALSE,0.0988558953128948,-0.0011441046871052,0.00148793638096214,0.0385737784117934,0.0385668324814748,0.999819931295182,0.0385868859746547,0.9466,0.15117920532296,0.7308,0.00627266067948841,NA,0.7308,NA,NA,NA,NA,NA,0,0,0.434042000000001
19,"broad",0.1,"mlma_cr2",NA,NA,NA,NA,NA,5000,5000,0,0,0,FALSE,0.0988558953128948,-0.0011441046871052,0.00148793638096214,0.0385737784117934,0.0382024398533545,0.990373290516821,0.0385868859746547,0.946,0.154070632616388,0.7134,0.00639469217398304,NA,0.7134,43.1492154476702,43.1451557245941,0.118891929632538,42.7887772984972,43.5929107901894,0,0,0.50114400000001
19,"broad",0.2,"mlma",NA,NA,NA,NA,NA,5000,5000,0,0,0,FALSE,0.198855895306614,-0.00114410469338605,0.00148793638134143,0.0385737784167098,0.0385668324966426,0.999819931560964,0.0385868859797546,0.9466,0.151179205382417,0.9992,0.000399839967987199,NA,0.9992,NA,NA,NA,NA,NA,0,0,0.433830000000013
19,"broad",0.2,"mlma_cr2",NA,NA,NA,NA,NA,5000,5000,0,0,0,FALSE,0.198855895306614,-0.00114410469338605,0.00148793638134143,0.0385737784167098,0.0382024398532331,0.990373290387446,0.0385868859797546,0.946,0.154070632615961,0.999,0.00044698993277254,NA,0.999,43.1492154470349,43.145155717881,0.118891928818894,42.7887773041402,43.5929107934999,0,0,0.500915999999961
20,"broad",0,"mlma",NA,NA,NA,NA,NA,5000,5000,0,0,0,FALSE,-0.000218469953269664,-0.000218469953269664,0.0100864828594239,0.100431483407465,0.100307097976096,0.998761489652954,0.100421677400711,0.9446,0.393196598853756,0.0554,0.00323514574633045,0.0554,NA,NA,NA,NA,NA,NA,0,0.9928,1.25566599999994
20,"broad",0,"mlma_cr2",NA,NA,NA,NA,NA,5000,5000,0,0,0,FALSE,-0.000218469953269664,-0.000218469953269664,0.0100864828594239,0.100431483407465,0.0977311145539569,0.973112327311225,0.100421677400711,0.9576,0.474948488064964,0.0424,0.00284963997726029,0.0424,NA,6.16878490008439,6.19098790676686,0.121748621009398,5.41758492138165,6.41612394468007,0,0.9928,1.29117599999997
20,"broad",0.05,"mlma",NA,NA,NA,NA,NA,5000,5000,0,0,0,FALSE,0.0497815300496898,-0.000218469950310184,0.0100864828599896,0.100431483410281,0.10030709797888,0.998761489652673,0.100421677403521,0.9446,0.393196598864672,0.0868,0.00398160168776336,NA,0.0868,NA,NA,NA,NA,NA,0,0.9928,1.254684
20,"broad",0.05,"mlma_cr2",NA,NA,NA,NA,NA,5000,5000,0,0,0,FALSE,0.0497815300496898,-0.000218469950310184,0.0100864828599896,0.100431483410281,0.0977311145548772,0.973112327293099,0.100421677403521,0.9576,0.474948488067487,0.0572,0.00328414859590732,NA,0.0572,6.16878490012872,6.19098790682796,0.121748620948467,5.41758492173397,6.41612394467885,0,0.9928,1.28993999999991
20,"broad",0.1,"mlma",NA,NA,NA,NA,NA,5000,5000,0,0,0,FALSE,0.0997815300485567,-0.000218469951443256,0.0100864828600398,0.100431483410531,0.100307097978831,0.998761489649702,0.100421677403773,0.9446,0.39319659886448,0.1776,0.00540478010653533,NA,0.1776,NA,NA,NA,NA,NA,0,0.9928,1.25438000000008
20,"broad",0.1,"mlma_cr2",NA,NA,NA,NA,NA,5000,5000,0,0,0,FALSE,0.0997815300485567,-0.000218469951443256,0.0100864828600398,0.100431483410531,0.0977311145549524,0.973112327291429,0.100421677403773,0.9576,0.474948488069177,0.1202,0.00459895553359673,NA,0.1202,6.16878490012399,6.19098790685165,0.12174862099724,5.41758492167648,6.41612394471936,0,0.9928,1.28967400000001
20,"broad",0.2,"mlma",NA,NA,NA,NA,NA,5000,5000,0,0,0,FALSE,0.199781530051183,-0.00021846994881658,0.010086482860811,0.100431483414371,0.10030709796584,0.998761489482167,0.100421677407606,0.9446,0.393196598813556,0.5102,0.0070695963109643,NA,0.5102,NA,NA,NA,NA,NA,0,0.9928,1.254302
20,"broad",0.2,"mlma_cr2",NA,NA,NA,NA,NA,5000,5000,0,0,0,FALSE,0.199781530051183,-0.00021846994881658,0.010086482860811,0.100431483414371,0.0977311145552853,0.973112327257541,0.100421677407606,0.9576,0.47494848807256,0.3824,0.00687270310722062,NA,0.3824,6.16878489993697,6.19098790682027,0.1217486211849,5.41758492198229,6.41612394470908,0,0.9928,1.28941799999997
21,"broad",0,"mlma",NA,NA,NA,NA,NA,5000,5000,0,0,0,FALSE,-0.000299682674337561,-0.000299682674337561,0.00675181406996163,0.082169422962326,0.0818604609217128,0.99623993902507,0.0821617521530117,0.937,0.320887110328811,0.063,0.00343601513384327,0.063,NA,NA,NA,NA,NA,NA,0,0,0.368245999999988
21,"broad",0,"mlma_cr2",NA,NA,NA,NA,NA,5000,5000,0,0,0,FALSE,-0.000299682674337561,-0.000299682674337561,0.00675181406996163,0.082169422962326,0.0786320389560278,0.956950117467418,0.0821617521530117,0.9634,0.42569130873943,0.0366,0.00265557677350891,0.0366,NA,4.27637018341312,4.27828692546617,0.00817542630089455,4.18590058575904,4.2889906256711,0,0,0.391054000000065
21,"broad",0.05,"mlma",NA,NA,NA,NA,NA,5000,5000,0,0,0,FALSE,0.049700317324869,-0.000299682675131037,0.00675181406982251,0.0821694229614795,0.0818604609219916,0.996239939038726,0.0821617521521682,0.937,0.320887110329904,0.1078,0.00438586730305421,NA,0.1078,NA,NA,NA,NA,NA,0,0,0.367621999999956
21,"broad",0.05,"mlma_cr2",NA,NA,NA,NA,NA,5000,5000,0,0,0,FALSE,0.049700317324869,-0.000299682675131037,0.00675181406982251,0.0821694229614795,0.0786320389563909,0.956950117481696,0.0821617521521682,0.9634,0.425691308741079,0.0694,0.00359398497492686,NA,0.0694,4.27637018342212,4.27828692546588,0.0081754262992059,4.18590058572164,4.28899062567602,0,0,0.39055599999991
21,"broad",0.1,"mlma",NA,NA,NA,NA,NA,5000,5000,0,0,0,FALSE,0.0997003173249149,-0.000299682675085136,0.00675181406982174,0.0821694229614748,0.0818604609343715,0.996239939189446,0.0821617521521634,0.937,0.320887110378432,0.2414,0.00605187640323231,NA,0.2414,NA,NA,NA,NA,NA,0,0,0.368131999999893
21,"broad",0.1,"mlma_cr2",NA,NA,NA,NA,NA,5000,5000,0,0,0,FALSE,0.0997003173249149,-0.000299682675085136,0.00675181406982174,0.0821694229614748,0.0786320389566082,0.956950117484395,0.0821617521521634,0.9634,0.425691308741744,0.1476,0.00501625836655171,NA,0.1476,4.27637018343408,4.27828692547595,0.00817542628421296,4.18590058564865,4.28899062567673,0,0,0.391126000000103
21,"broad",0.2,"mlma",NA,NA,NA,NA,NA,5000,5000,0,0,0,FALSE,0.199700317325184,-0.00029968267481631,0.00675181406995046,0.082169422962258,0.0818604609360946,0.99623993920092,0.0821617521529456,0.937,0.320887110385187,0.6658,0.00667098733322137,NA,0.6658,NA,NA,NA,NA,NA,0,0,0.368286000000173
21,"broad",0.2,"mlma_cr2",NA,NA,NA,NA,NA,5000,5000,0,0,0,FALSE,0.199700317325184,-0.00029968267481631,0.00675181406995046,0.082169422962258,0.0786320389566232,0.956950117475456,0.0821617521529456,0.9634,0.42569130874205,0.4658,0.00705450721170515,NA,0.4658,4.27637018342994,4.27828692545668,0.00817542629488965,4.18590058583928,4.28899062567278,0,0,0.391286000000083
22,"broad",0,"mlma",NA,NA,NA,NA,NA,5000,4998,2,0,4e-04,FALSE,0.00112180761332195,0.00112180761332195,0.00316817327476138,0.0562865283594697,0.0554631386901364,0.98537146110567,0.0562920761641677,0.946578631452581,0.217411508604435,0.053421368547419,0.00318080999226152,0.053421368547419,NA,NA,NA,NA,NA,NA,0,0,0.558749499799834
22,"broad",0,"mlma_cr2",NA,NA,NA,NA,NA,5000,4998,2,0,4e-04,FALSE,0.00112180761332195,0.00112180761332195,0.00316817327476138,0.0562865283594697,0.0552576617065132,0.981720907596473,0.0562920761641677,0.950380152060824,0.221706025773896,0.0496198479391757,0.003071696250132,0.0496198479391757,NA,52.5876861175547,52.5979723446258,0.0485928361181149,52.2185345506045,52.6594338295922,0,0,0.657683073229307
22,"broad",0.05,"mlma",NA,NA,NA,NA,NA,5000,4998,2,0,4e-04,FALSE,0.0511218076089111,0.00112180760891113,0.00316817327462516,0.0562865283582596,0.0554631386478729,0.985371460375992,0.05629207616287,0.946578631452581,0.217411508438765,0.157062825130052,0.00514678682133595,NA,0.157062825130052,NA,NA,NA,NA,NA,0,0,0.552052821128397
22,"broad",0.05,"mlma_cr2",NA,NA,NA,NA,NA,5000,4998,2,0,4e-04,FALSE,0.0511218076089111,0.00112180760891113,0.00316817327462516,0.0562865283582596,0.0552576617059499,0.981720907607572,0.05629207616287,0.950380152060824,0.221706025771662,0.151260504201681,0.00506817791568339,NA,0.151260504201681,52.5876861172726,52.5979723442379,0.0485928361667568,52.2185345507602,52.6594338296694,0,0,0.650392156862734
22,"broad",0.1,"mlma",NA,NA,NA,NA,NA,5000,5000,0,0,0,FALSE,0.101105372023396,0.00110537202339633,0.00316760836683004,0.0562815099906714,0.0554637870415083,0.985470842035001,0.0562867363813784,0.9466,0.217414050095111,0.4432,0.00702529373051405,NA,0.4432,NA,NA,NA,NA,NA,0,0,0.550871999999994
22,"broad",0.1,"mlma_cr2",NA,NA,NA,NA,NA,5000,5000,0,0,0,FALSE,0.101105372023396,0.00110537202339633,0.00316760836683004,0.0562815099906714,0.0552594974705563,0.981841060762504,0.0562867363813784,0.9504,0.221713388782242,0.43,0.00700142842568572,NA,0.43,52.5877101378258,52.59797909292,0.0485979581502121,52.2185345642108,52.6594338296276,0,0,0.649034000000023
22,"broad",0.2,"mlma",NA,NA,NA,NA,NA,5000,4999,1,0,2e-04,FALSE,0.201111931856804,0.00111193185680386,0.00316802694134823,0.0562852284471532,0.0554635006662755,0.985400649450162,0.0562905818202984,0.946589317863573,0.217412927524827,0.954790958191638,0.00293849686441737,NA,0.954790958191638,NA,NA,NA,NA,NA,0,0,0.54996199239854
22,"broad",0.2,"mlma_cr2",NA,NA,NA,NA,NA,5000,4999,1,0,2e-04,FALSE,0.201111931856804,0.00111193185680386,0.00316802694134823,0.0562852284471532,0.0552593654787633,0.981773850854081,0.0562905818202984,0.950390078015603,0.221712860343608,0.946789357871574,0.00317456603529423,NA,0.946789357871574,52.5876983079362,52.5979753165525,0.0485956201854547,52.2185344916692,52.6594338298002,0,0,0.648585717143481
23,"broad",0,"mlma",NA,NA,NA,NA,NA,5000,5000,0,0,0,FALSE,-0.000244151208118866,-0.000244151208118866,0.00777233185365926,0.0881608294746553,0.0888437192928926,1.00774595500413,0.0881523510582727,0.9458,0.348260980133312,0.0542,0.00320194815698193,0.0542,NA,NA,NA,NA,NA,NA,0,0.9748,1.28318799999995
23,"broad",0,"mlma_cr2",NA,NA,NA,NA,NA,5000,5000,0,0,0,FALSE,-0.000244151208118866,-0.000244151208118866,0.00777233185365926,0.0881608294746553,0.0883283154381523,1.0018997775372,0.0881523510582727,0.9518,0.374118591550787,0.0482,0.00302908435009658,0.0482,NA,16.192849969414,16.2094436021644,0.0811049479628,15.6663000922014,16.3446342139682,0,0.9748,1.31855200000004
23,"broad",0.05,"mlma",NA,NA,NA,NA,NA,5000,4997,3,0,6e-04,FALSE,0.0497721750027825,-0.000227824997217539,0.00777445150529553,0.0881728501597603,0.0888427273488095,1.00759731808414,0.0881643215009879,0.945767460476286,0.348257091783957,0.093856313788273,0.0041254906415953,NA,0.093856313788273,NA,NA,NA,NA,NA,0,0.974784870922554,1.27802681608959
23,"broad",0.05,"mlma_cr2",NA,NA,NA,NA,NA,5000,4997,3,0,6e-04,FALSE,0.0497721750027825,-0.000227824997217539,0.00777445150529553,0.0881728501597603,0.0883217172061458,1.0016883547046,0.0881643215009879,0.951771062637583,0.374090651354461,0.0756453872323394,0.00374072564371763,NA,0.0756453872323394,16.1928521426974,16.2094271398602,0.0810877628145732,15.6663000923309,16.3446342140306,0,0.974784870922554,1.31312587552524
23,"broad",0.1,"mlma",NA,NA,NA,NA,NA,5000,4998,2,0,4e-04,FALSE,0.0997540370978623,-0.000245962902137728,0.00777415974883008,0.0881711956867439,0.0888441700898574,1.00763258792026,0.0881627177011229,0.94577831132453,0.348262747224942,0.211884753901561,0.00578024960597119,NA,0.211884753901561,NA,NA,NA,NA,NA,0,0.974789915966387,1.27489195678276
23,"broad",0.1,"mlma_cr2",NA,NA,NA,NA,NA,5000,4998,2,0,4e-04,FALSE,0.0997540370978623,-0.000245962902137728,0.00777415974883008,0.0881711956867439,0.0883284356871502,1.00178334884972,0.0881627177011229,0.951780712284914,0.374119097293703,0.181272509003601,0.00544926004799334,NA,0.181272509003601,16.1928527293826,16.2094436022312,0.0811084381324734,15.6663000915553,16.3446342140531,0,0.974789915966387,1.31034813925593
23,"broad",0.2,"mlma",NA,NA,NA,NA,NA,5000,4999,1,0,2e-04,FALSE,0.199768397965055,-0.000231602034944545,0.007773099376923,0.0881651823393056,0.0888459972498974,1.00772203825283,0.0881566678451723,0.945789157831566,0.348269909560687,0.607321464292859,0.00690695025700764,NA,0.607321464292859,NA,NA,NA,NA,NA,0,0.974794958991798,1.2776995399079
23,"broad",0.2,"mlma_cr2",NA,NA,NA,NA,NA,5000,4999,1,0,2e-04,FALSE,0.199768397965055,-0.000231602034944545,0.007773099376923,0.0881651823393056,0.0883275000342593,1.00184106345211,0.0881566678451723,0.951790358071614,0.374115098297942,0.555911182236447,0.00702742234913764,NA,0.555911182236447,16.1928686836843,16.2094600646284,0.0811022646384437,15.6663000926991,16.3446342140621,0,0.974794958991798,1.312926585317
24,"broad",0,"mlma",NA,NA,NA,NA,NA,5000,5000,0,0,0,FALSE,0.000745191241783919,0.000745191241783919,0.00312817910054,0.0559301269490782,0.0537117998933934,0.960337528686383,0.0559294982518771,0.9372,0.210546386671747,0.0628,0.00343092290790685,0.0628,NA,NA,NA,NA,NA,NA,0.0038,0.0016,0.207298000000097
24,"broad",0,"mlma_cr2",NA,NA,NA,NA,NA,5000,5000,0,0,0,FALSE,0.000745191241783919,0.000745191241783919,0.00312817910054,0.0559301269490782,0.0551697163801909,0.986404276007104,0.0559294982518771,0.9502,0.22918114591897,0.0498,0.00307636018697421,0.0498,NA,21.3781614269019,21.4867672045796,0.860102194911291,17.5877965075741,23.6396518894349,0.0038,0.0016,0.226937999999948
24,"broad",0.05,"mlma",NA,NA,NA,NA,NA,5000,5000,0,0,0,FALSE,0.050745191241422,0.000745191241421951,0.00312817910057747,0.0559301269494131,0.0537117998907363,0.960337528633124,0.0559294982522072,0.9372,0.210546386661331,0.1714,0.00532957859497353,NA,0.1714,NA,NA,NA,NA,NA,0.0038,0.0016,0.207058000000141
24,"broad",0.05,"mlma_cr2",NA,NA,NA,NA,NA,5000,5000,0,0,0,FALSE,0.050745191241422,0.000745191241421951,0.00312817910057747,0.0559301269494131,0.055169716380351,0.986404276004059,0.0559294982522072,0.9502,0.229181145919988,0.1414,0.00492759657439608,NA,0.1414,21.3781614263185,21.48676719847,0.860102195238945,17.5877965024305,23.6396518888111,0.0038,0.0016,0.227185999999993
24,"broad",0.1,"mlma",NA,NA,NA,NA,NA,5000,5000,0,0,0,FALSE,0.10074519124138,0.000745191241380116,0.00312817910058698,0.0559301269494982,0.053711799892204,0.960337528657905,0.0559294982522917,0.9372,0.210546386667084,0.4674,0.0070560221088089,NA,0.4674,NA,NA,NA,NA,NA,0.0038,0.0016,0.20560400000001
24,"broad",0.1,"mlma_cr2",NA,NA,NA,NA,NA,5000,5000,0,0,0,FALSE,0.10074519124138,0.000745191241380116,0.00312817910058698,0.0559301269494982,0.0551697163803388,0.986404276002342,0.0559294982522917,0.9502,0.229181145919792,0.405,0.00694226187924368,NA,0.405,21.3781614265558,21.4867672007609,0.860102195185552,17.5877964969279,23.6396518888309,0.0038,0.0016,0.225828000000046
24,"broad",0.2,"mlma",NA,NA,NA,NA,NA,5000,5000,0,0,0,FALSE,0.200745191241362,0.000745191241362464,0.00312817910057567,0.055930126949397,0.0537117998889914,0.960337528602203,0.0559294982521903,0.9372,0.210546386654491,0.95,0.00308220700148449,NA,0.95,NA,NA,NA,NA,NA,0.0038,0.0016,0.205921999999919
24,"broad",0.2,"mlma_cr2",NA,NA,NA,NA,NA,5000,5000,0,0,0,FALSE,0.200745191241362,0.000745191241362464,0.00312817910057567,0.055930126949397,0.0551697163802643,0.986404276002793,0.0559294982521903,0.9502,0.229181145919759,0.9294,0.00362258581678889,NA,0.9294,21.3781614261704,21.4867672092124,0.860102195263463,17.5877965050299,23.6396518895492,0.0038,0.0016,0.225844000000076
25,"broad",0,"mlma",NA,NA,NA,NA,NA,5000,5000,0,0,0,FALSE,-0.00117948017748467,-0.00117948017748467,0.00127350997721998,0.0356862715511159,0.0356822211327696,0.99988649925671,0.0357021910912148,0.9508,0.139871736617245,0.0492,0.00305873699425106,0.0492,NA,NA,NA,NA,NA,NA,0,0,0.778290000000021
25,"broad",0,"mlma_cr2",NA,NA,NA,NA,NA,5000,5000,0,0,0,FALSE,-0.00117948017748467,-0.00117948017748467,0.00127350997721998,0.0356862715511159,0.035707765709724,1.00060230889005,0.0357021910912148,0.9522,0.141293550719211,0.0478,0.00301712313305241,0.0478,NA,129.328322382355,129.417363478881,0.836895652353824,125.152474033337,131.663669770798,0,0,0.885274000000023
25,"broad",0.05,"mlma",NA,NA,NA,NA,NA,5000,5000,0,0,0,FALSE,0.0488205198231901,-0.00117948017680991,0.00127350997699203,0.035686271547922,0.0356822211285105,0.999886499226852,0.0357021910880007,0.9508,0.13987173660055,0.2864,0.00639335655192169,NA,0.2864,NA,NA,NA,NA,NA,0,0,0.761073999999991
25,"broad",0.05,"mlma_cr2",NA,NA,NA,NA,NA,5000,5000,0,0,0,FALSE,0.0488205198231901,-0.00117948017680991,0.00127350997699203,0.035686271547922,0.0357077657092484,1.00060230896628,0.0357021910880007,0.9522,0.14129355071738,0.2806,0.00635395372976543,NA,0.2806,129.328322378324,129.417363478644,0.836895642067696,125.152474042586,131.663669776591,0,0,0.869093999999997
25,"broad",0.1,"mlma",NA,NA,NA,NA,NA,5000,5000,0,0,0,FALSE,0.0988205198357066,-0.00117948016429344,0.00127350997751986,0.0356862715553174,0.0356822211024508,0.999886498289395,0.0357021910949778,0.9508,0.139871736498397,0.785,0.00580990533485701,NA,0.785,NA,NA,NA,NA,NA,0,0,0.761326000000015
25,"broad",0.1,"mlma_cr2",NA,NA,NA,NA,NA,5000,5000,0,0,0,FALSE,0.0988205198357066,-0.00117948016429344,0.00127350997751986,0.0356862715553174,0.0357077657124913,1.00060230884979,0.0357021910949778,0.9522,0.141293550730334,0.7792,0.0058659587451669,NA,0.7792,129.328322365881,129.417363478989,0.83689565692113,125.152474039643,131.663669766765,0,0,0.868809999999984
25,"broad",0.2,"mlma",NA,NA,NA,NA,NA,5000,5000,0,0,0,FALSE,0.198820519811859,-0.00117948018814121,0.00127350997852466,0.0356862715693957,0.035682221138902,0.999886498916374,0.0357021911098348,0.9508,0.139871736641283,0.9996,0.000282786138274123,NA,0.9996,NA,NA,NA,NA,NA,0,0,0.760489999999998
25,"broad",0.2,"mlma_cr2",NA,NA,NA,NA,NA,5000,5000,0,0,0,FALSE,0.198820519811859,-0.00117948018814121,0.00127350997852466,0.0356862715693957,0.0357077657097423,1.00060230837802,0.0357021911098348,0.9522,0.141293550719228,0.9996,0.000282786138274123,NA,0.9996,129.328322388464,129.417363484448,0.836895635446437,125.152474019368,131.663669767768,0,0,0.868778000000003
26,"broad",0,"mlma",NA,NA,NA,NA,NA,5000,4999,1,0,2e-04,FALSE,0.000203975794839385,0.000203975794839385,0.000933641803745365,0.0305555527481564,0.0302671280402905,0.990560645057117,0.0305531773168742,0.944588917783557,0.118644961748864,0.0554110822164433,0.0032357739234047,0.0554110822164433,NA,NA,NA,NA,NA,NA,0,0.273254650930186,1.16947989597924
26,"broad",0,"mlma_cr2",NA,NA,NA,NA,NA,5000,4999,1,0,2e-04,FALSE,0.000203975794839385,0.000203975794839385,0.000933641803745365,0.0305555527481564,0.0302579802730146,0.990261263555126,0.0305531773168742,0.947989597919584,0.120299442659061,0.0520104020804161,0.0031405471877521,0.0520104020804161,NA,86.1132893997309,86.1186282871721,0.0417809391946496,85.8749229627134,86.2064328053688,0,0.273254650930186,1.24514902980601
26,"broad",0.05,"mlma",NA,NA,NA,NA,NA,5000,5000,0,0,0,FALSE,0.0501926645305902,0.00019266453059015,0.000934094761548676,0.0305629638868464,0.0302671655621636,0.990321674109295,0.0305605147570802,0.9446,0.118645108831903,0.3792,0.00686159398390782,NA,0.3792,NA,NA,NA,NA,NA,0,0.2736,1.15655399999999
26,"broad",0.05,"mlma_cr2",NA,NA,NA,NA,NA,5000,5000,0,0,0,FALSE,0.0501926645305902,0.00019266453059015,0.000934094761548676,0.0305629638868464,0.030257970985242,0.990020833622891,0.0305605147570802,0.948,0.120299405623872,0.3708,0.00683092028939,NA,0.3708,86.1132953611065,86.1186292668797,0.041778886937133,85.8749229625928,86.2064328053493,0,0.2736,1.232002
26,"broad",0.1,"mlma",NA,NA,NA,NA,NA,5000,5000,0,0,0,FALSE,0.100192664530699,0.000192664530698716,0.00093409476154725,0.0305629638868231,0.030267165565525,0.990321674220032,0.0305605147570575,0.9446,0.11864510884508,0.9054,0.00413886071280491,NA,0.9054,NA,NA,NA,NA,NA,0,0.2734,1.154056
26,"broad",0.1,"mlma_cr2",NA,NA,NA,NA,NA,5000,5000,0,0,0,FALSE,0.100192664530699,0.000192664530698716,0.00093409476154725,0.0305629638868231,0.0302579709852776,0.990020833624814,0.0305605147570575,0.948,0.120299405624014,0.9022,0.00420083705944422,NA,0.9022,86.1132953610555,86.118629265,0.0417788869448024,85.8749229626372,86.2064328053778,0,0.2734,1.22974999999999
26,"broad",0.2,"mlma",NA,NA,NA,NA,NA,5000,5000,0,0,0,FALSE,0.200192664530717,0.000192664530717424,0.000934094761548373,0.0305629638868414,0.0302671655742649,0.9903216745054,0.030560514757076,0.9446,0.118645108879339,1,0,NA,1,NA,NA,NA,NA,NA,0,0.2732,1.15419199999999
26,"broad",0.2,"mlma_cr2",NA,NA,NA,NA,NA,5000,5000,0,0,0,FALSE,0.200192664530717,0.000192664530717424,0.000934094761548373,0.0305629638868414,0.0302579709852609,0.990020833623672,0.030560514757076,0.948,0.120299405623946,1,0,NA,1,86.1132953611606,86.1186292666948,0.041778886988608,85.8749229627132,86.2064328052851,0,0.2732,1.22942800000004
27,"broad",0,"mlma",NA,NA,NA,NA,NA,5000,5000,0,0,0,FALSE,0.000441352843701508,0.000441352843701508,0.00267973485053294,0.0517661554544371,0.0529945168510099,1.0237290443107,0.0517628601981718,0.9508,0.207734688812161,0.0492,0.00305873699425106,0.0492,NA,NA,NA,NA,NA,NA,0,0,1.64897400000001
27,"broad",0,"mlma_cr2",NA,NA,NA,NA,NA,5000,5000,0,0,0,FALSE,0.000441352843701508,0.000441352843701508,0.00267973485053294,0.0517661554544371,0.0526411447803869,1.01690272955889,0.0517628601981718,0.9524,0.212621785057373,0.0476,0.00301112072159188,0.0476,NA,41.0003831824934,41.0009727103605,0.00666487324115123,40.9718042165509,41.0219514002059,0,0,1.76843999999999
27,"broad",0.05,"mlma",NA,NA,NA,NA,NA,5000,5000,0,0,0,FALSE,0.0504413528437154,0.000441352843715416,0.0026797348505412,0.0517661554545168,0.0529945168561233,1.0237290444079,0.0517628601982517,0.9508,0.207734688832205,0.1512,0.00506633121696559,NA,0.1512,NA,NA,NA,NA,NA,0,0,1.62936799999995
27,"broad",0.05,"mlma_cr2",NA,NA,NA,NA,NA,5000,5000,0,0,0,FALSE,0.0504413528437154,0.000441352843715416,0.0026797348505412,0.0517661554545168,0.0526411447803816,1.01690272955722,0.0517628601982517,0.9524,0.212621785057352,0.1428,0.00494789167221757,NA,0.1428,41.0003831824923,41.0009727155832,0.0066648732357964,40.9718042159488,41.0219514002705,0,0,1.74925200000003
27,"broad",0.1,"mlma",NA,NA,NA,NA,NA,5000,5000,0,0,0,FALSE,0.100441352843738,0.000441352843738044,0.00267973485055529,0.0517661554546529,0.0529945168282736,1.02372904386722,0.051762860198388,0.9508,0.207734688723036,0.4736,0.00706120442984056,NA,0.4736,NA,NA,NA,NA,NA,0,0,1.62594199999999
27,"broad",0.1,"mlma_cr2",NA,NA,NA,NA,NA,5000,5000,0,0,0,FALSE,0.100441352843738,0.000441352843738044,0.00267973485055529,0.0517661554546529,0.0526411447803481,1.0169027295539,0.051762860198388,0.9524,0.212621785057224,0.4568,0.00704462575301201,NA,0.4568,41.0003831824465,41.0009727100581,0.00666487325625027,40.9718042165279,41.0219514001646,0,0,1.74753999999991
27,"broad",0.2,"mlma",NA,NA,NA,NA,NA,5000,5000,0,0,0,FALSE,0.20044135284368,0.000441352843679937,0.00267973485053353,0.0517661554544427,0.0529945168259682,1.02372904382684,0.0517628601981773,0.9508,0.207734688713999,0.9692,0.00244341400503476,NA,0.9692,NA,NA,NA,NA,NA,0,0,1.62776400000002
27,"broad",0.2,"mlma_cr2",NA,NA,NA,NA,NA,5000,5000,0,0,0,FALSE,0.20044135284368,0.000441352843679937,0.00267973485053353,0.0517661554544427,0.0526411447804264,1.01690272955954,0.0517628601981773,0.9524,0.212621785057543,0.9628,0.00267642149146953,NA,0.9628,41.000383182432,41.0009727104558,0.00666487323765403,40.9718042163201,41.0219514003937,0,0,1.74887199999999
28,"broad",0,"mlma",NA,NA,NA,NA,NA,5000,5000,0,0,0,FALSE,-7.60594219680502e-05,-7.60594219680502e-05,0.0024893658077453,0.049893544750251,0.049484915372517,0.99180997502223,0.0498886131258368,0.9394,0.193977303816291,0.0606,0.00337424480439698,0.0606,NA,NA,NA,NA,NA,NA,0,0.9992,1.32426399999988
28,"broad",0,"mlma_cr2",NA,NA,NA,NA,NA,5000,5000,0,0,0,FALSE,-7.60594219680502e-05,-7.60594219680502e-05,0.0024893658077453,0.049893544750251,0.0498108530200272,0.998342636695033,0.0498886131258368,0.951,0.207830685723397,0.049,0.00305283474822991,0.049,NA,19.9147329804602,19.9863220766144,0.533285198924787,17.3772395497513,21.2294020486732,0,0.9992,1.35487000000001
28,"broad",0.05,"mlma",NA,NA,NA,NA,NA,5000,5000,0,0,0,FALSE,0.0499239405626606,-7.60594373393902e-05,0.0024893658093838,0.0498935447666709,0.0494849154432672,0.991809976113849,0.0498886131422786,0.9394,0.193977304093627,0.1742,0.00536384861829638,NA,0.1742,NA,NA,NA,NA,NA,0,0.9992,1.31968400000015
28,"broad",0.05,"mlma_cr2",NA,NA,NA,NA,NA,5000,5000,0,0,0,FALSE,0.0499239405626606,-7.60594373393902e-05,0.0024893658093838,0.0498935447666709,0.0498108530208464,0.998342636382898,0.0498886131422786,0.951,0.207830685722696,0.1536,0.00509915757748277,NA,0.1536,19.9147329862174,19.9863220752333,0.533285200784622,17.3772395487995,21.2294020492936,0,0.9992,1.35066800000013
28,"broad",0.1,"mlma",NA,NA,NA,NA,NA,5000,5000,0,0,0,FALSE,0.09992394056014,-7.60594398600545e-05,0.00248936580814169,0.0498935447542234,0.0494849154128549,0.991809975751746,0.0498886131298361,0.9394,0.193977303974413,0.5234,0.0070633198993108,NA,0.5234,NA,NA,NA,NA,NA,0,0.9992,1.32142999999998
28,"broad",0.1,"mlma_cr2",NA,NA,NA,NA,NA,5000,5000,0,0,0,FALSE,0.09992394056014,-7.60594398600545e-05,0.00248936580814169,0.0498935447542234,0.0498108530210915,0.998342636636879,0.0498886131298361,0.951,0.207830685725252,0.4696,0.0070579861150331,NA,0.4696,19.9147329843034,19.9863220765325,0.533285198008148,17.3772395501022,21.2294020485824,0,0.9992,1.35205599999998
28,"broad",0.2,"mlma",NA,NA,NA,NA,NA,5000,5000,0,0,0,FALSE,0.199923940572514,-7.60594274863413e-05,0.0024893658108516,0.0498935447813803,0.0494849155550524,0.991809978061923,0.0498886131569714,0.9394,0.193977304531817,0.9752,0.00219931625738547,NA,0.9752,NA,NA,NA,NA,NA,0,0.9992,1.32210400000009
28,"broad",0.2,"mlma_cr2",NA,NA,NA,NA,NA,5000,5000,0,0,0,FALSE,0.199923940572514,-7.60594274863413e-05,0.0024893658108516,0.0498935447813803,0.0498108530266244,0.998342636204378,0.0498886131569714,0.951,0.207830685741416,0.963,0.00266949433413896,NA,0.963,19.9147329943393,19.9863220765008,0.533285202197155,17.377239549311,21.229402048706,0,0.9992,1.35272200000014
29,"broad",0,"mlma",NA,NA,NA,NA,NA,5000,5000,0,0,0,FALSE,0.000251689214845795,0.000251689214845795,0.00859157927501293,0.0926907723293583,0.0913769068093259,0.98582528242009,0.0926818445361269,0.9386,0.358190892729903,0.0614,0.00339499749631719,0.0614,NA,NA,NA,NA,NA,NA,0,0,0.291544000000044
29,"broad",0,"mlma_cr2",NA,NA,NA,NA,NA,5000,5000,0,0,0,FALSE,0.000251689214845795,0.000251689214845795,0.00859157927501293,0.0926907723293583,0.0913503122738308,0.985538365666385,0.0926818445361269,0.948,0.370462000628832,0.052,0.00313993630508646,0.052,NA,36.207237142172,36.2046402325282,0.0494790801989086,36.0488535647306,36.3637952487631,0,0,0.32037000000008
29,"broad",0.05,"mlma",NA,NA,NA,NA,NA,5000,5000,0,0,0,FALSE,0.05025168922404,0.000251689224039973,0.00859157927502355,0.0926907723294155,0.0913769068280883,0.985825282621901,0.0926818445362091,0.9386,0.358190892803451,0.0956,0.00415838045397484,NA,0.0956,NA,NA,NA,NA,NA,0,0,0.291660000000053
29,"broad",0.05,"mlma_cr2",NA,NA,NA,NA,NA,5000,5000,0,0,0,FALSE,0.05025168922404,0.000251689224039973,0.00859157927502355,0.0926907723294155,0.0913503122722947,0.985538365649205,0.0926818445362091,0.948,0.370462000622679,0.0852,0.0039481884453506,NA,0.0852,36.2072371419422,36.2046402326857,0.0494790801639818,36.0488535643664,36.363795248775,0,0,0.320681999999948
29,"broad",0.1,"mlma",NA,NA,NA,NA,NA,5000,5000,0,0,0,FALSE,0.100251689214699,0.000251689214699383,0.00859157927531082,0.0926907723309652,0.091376906794083,0.98582528223855,0.0926818445377332,0.9386,0.358190892670152,0.2068,0.00572771787014689,NA,0.2068,NA,NA,NA,NA,NA,0,0,0.290487999999989
29,"broad",0.1,"mlma_cr2",NA,NA,NA,NA,NA,5000,5000,0,0,0,FALSE,0.100251689214699,0.000251689214699383,0.00859157927531082,0.0926907723309652,0.0913503122740732,0.985538365651916,0.0926818445377332,0.948,0.370462000629785,0.1894,0.00554125689713083,NA,0.1894,36.2072371422553,36.2046402327129,0.0494790801971913,36.0488535644556,36.3637952487461,0,0,0.319354000000114
29,"broad",0.2,"mlma",NA,NA,NA,NA,NA,5000,5000,0,0,0,FALSE,0.200251689214902,0.00025168921490179,0.00859157927524958,0.0926907723306349,0.0913769068099936,0.985825282413716,0.0926818445374035,0.9386,0.35819089273252,0.5846,0.00696911529535852,NA,0.5846,NA,NA,NA,NA,NA,0,0,0.29011599999993
29,"broad",0.2,"mlma_cr2",NA,NA,NA,NA,NA,5000,5000,0,0,0,FALSE,0.200251689214902,0.00025168921490179,0.00859157927524958,0.0926907723306349,0.0913503122740143,0.985538365654792,0.0926818445374035,0.948,0.37046200062958,0.5584,0.00702266957787421,NA,0.5584,36.2072371421565,36.2046402326254,0.0494790801869282,36.0488535648123,36.3637952487586,0,0,0.318893999999872
30,"broad",0,"mlma",NA,NA,NA,NA,NA,5000,4971,29,0,0.0058,FALSE,8.63297795456673e-06,8.63297795456673e-06,0.000749962463827737,0.0273854425530744,0.0275345291823896,1.00544401022646,0.0273826892549223,0.947495473747737,0.107933371057501,0.0525045262522631,0.00316347977708056,0.0525045262522631,NA,NA,NA,NA,NA,NA,0.150875075437538,0,0.476900020116638
30,"broad",0,"mlma_cr2",NA,NA,NA,NA,NA,5000,4971,29,0,0.0058,FALSE,8.63297795456673e-06,8.63297795456673e-06,0.000749962463827737,0.0273854425530744,0.027301673328011,0.996941103840078,0.0273826892549223,0.947093140213237,0.10867237389325,0.0529068597867632,0.00317490296641663,0.0529068597867632,NA,79.615312953732,79.6156159643951,0.138297134508313,79.1540836424481,80.153005878485,0.150875075437538,0,0.534862200764247
30,"broad",0.05,"mlma",NA,NA,NA,NA,NA,5000,4958,42,0,0.0084,FALSE,0.0499463224059416,-5.36775940584294e-05,0.000747899411592741,0.0273477496623167,0.0275403068013434,1.00704105973633,0.0273450442654561,0.948164582492941,0.107956018907633,0.449576442113756,0.00706475358416272,NA,0.449576442113756,NA,NA,NA,NA,NA,0.148648648648649,0,0.472753126260502
30,"broad",0.05,"mlma_cr2",NA,NA,NA,NA,NA,5000,4958,42,0,0.0084,FALSE,0.0499463224059416,-5.36775940584294e-05,0.000747899411592741,0.0273477496623167,0.0273060327435824,0.998474575815219,0.0273450442654561,0.947559499798306,0.108689737051504,0.445945945945946,0.00705933704107718,NA,0.445945945945946,79.6147870599187,79.6146545434627,0.138030918196361,79.154083643035,80.1530058793813,0.148648648648649,0,0.530282371923972
30,"broad",0.1,"mlma",NA,NA,NA,NA,NA,5000,4957,43,0,0.0086,FALSE,0.0999911579749796,-8.84202502041131e-06,0.000745654794051238,0.0273066803923735,0.0275390386666658,1.00850920986929,0.0273039273296386,0.948355860399435,0.107951047911042,0.951785354044785,0.00304263278374725,NA,0.951785354044785,NA,NA,NA,NA,NA,0.148678636271939,0,0.471886221504907
30,"broad",0.1,"mlma_cr2",NA,NA,NA,NA,NA,5000,4957,43,0,0.0086,FALSE,0.0999911579749796,-8.84202502041131e-06,0.000745654794051238,0.0273066803923735,0.027306037543585,0.999976458186082,0.0273039273296386,0.947952390558806,0.108689753228934,0.948961065160379,0.0031258313227932,NA,0.948961065160379,79.6149465064958,79.6144309114693,0.13831245462479,79.1540836430781,80.1530058785997,0.148678636271939,0,0.529905184587568
30,"broad",0.2,"mlma",NA,NA,NA,NA,NA,5000,4965,35,0,0.007,FALSE,0.199999508860619,-4.9113938122014e-07,0.000749136230207483,0.0273703531253706,0.0275364143813242,1.0060671945003,0.0273675966613557,0.947633434038268,0.107940760901533,1,0,NA,1,NA,NA,NA,NA,NA,0.149848942598187,0,0.471953675730079
30,"broad",0.2,"mlma_cr2",NA,NA,NA,NA,NA,5000,4965,35,0,0.007,FALSE,0.199999508860619,-4.9113938122014e-07,0.000749136230207483,0.0273703531253706,0.0273029675557174,0.997538008759166,0.0273675966613557,0.947230614300101,0.108677528832443,1,0,NA,1,79.6151641384358,79.6149817801889,0.138350346824357,79.1540836427846,80.1530058809866,0.149848942598187,0,0.529353474320196
31,"broad",0,"mlma",NA,NA,NA,NA,NA,5000,5000,0,0,0,FALSE,-0.000116966687877811,-0.000116966687877811,0.00134128873364485,0.0366236089653225,0.0363011547723855,0.991195455553212,0.0366201332207325,0.9406,0.14229791190218,0.0594,0.00334280241713446,0.0594,NA,NA,NA,NA,NA,NA,0,0,0.225466000000038
31,"broad",0,"mlma_cr2",NA,NA,NA,NA,NA,5000,5000,0,0,0,FALSE,-0.000116966687877811,-0.000116966687877811,0.00134128873364485,0.0366236089653225,0.0361435701072881,0.986892639158285,0.0366201332207325,0.9462,0.151401444445445,0.0538,0.00319078548323136,0.0538,NA,18.8078417558349,18.8216610375347,0.0654076763767899,18.2862305518537,18.9297057394594,0,0,0.247129999999853
31,"broad",0.05,"mlma",NA,NA,NA,NA,NA,5000,5000,0,0,0,FALSE,0.0498830333108659,-0.000116966689134135,0.00134128873370475,0.0366236089661402,0.0363011547643858,0.991195455312649,0.0366201332215541,0.9406,0.142297911870821,0.2804,0.00635257176268006,NA,0.2804,NA,NA,NA,NA,NA,0,0,0.224687999999936
31,"broad",0.05,"mlma_cr2",NA,NA,NA,NA,NA,5000,5000,0,0,0,FALSE,0.0498830333108659,-0.000116966689134135,0.00134128873370475,0.0366236089661402,0.036143570107151,0.986892639132505,0.0366201332215541,0.9462,0.151401444444865,0.251,0.00613186757847884,NA,0.251,18.8078417558603,18.8216610367038,0.065407676245015,18.2862305508631,18.9297057395225,0,0,0.246486000000103
31,"broad",0.1,"mlma",NA,NA,NA,NA,NA,5000,5000,0,0,0,FALSE,0.0998830333158795,-0.00011696668412052,0.00134128873345442,0.0366236089627226,0.0363011547822677,0.991195455893407,0.0366201332181209,0.9406,0.142297911940917,0.7764,0.00589241953699836,NA,0.7764,NA,NA,NA,NA,NA,0,0,0.223761999999819
31,"broad",0.1,"mlma_cr2",NA,NA,NA,NA,NA,5000,5000,0,0,0,FALSE,0.0998830333158795,-0.00011696668412052,0.00134128873345442,0.0366236089627226,0.0361435701074043,0.986892639231514,0.0366201332181209,0.9462,0.15140144444584,0.732,0.006263800763115,NA,0.732,18.8078417560691,18.821661037073,0.065407676409926,18.2862305524215,18.9297057395299,0,0,0.245648000000062
31,"broad",0.2,"mlma",NA,NA,NA,NA,NA,5000,5000,0,0,0,FALSE,0.199883033312134,-0.000116966687865594,0.00134128873368978,0.0366236089659358,0.0363011547725042,0.991195455539853,0.0366201332213457,0.9406,0.142297911902645,0.9998,0.000199979998999889,NA,0.9998,NA,NA,NA,NA,NA,0,0,0.223575999999919
31,"broad",0.2,"mlma_cr2",NA,NA,NA,NA,NA,5000,5000,0,0,0,FALSE,0.199883033312134,-0.000116966687865594,0.00134128873368978,0.0366236089659358,0.0361435701070356,0.98689263913486,0.0366201332213457,0.9462,0.15140144444434,0.9992,0.000399839967987199,NA,0.9992,18.8078417559524,18.8216610374913,0.0654076764296329,18.2862305527555,18.9297057395904,0,0,0.245235999999888
32,"broad",0,"mlma",NA,NA,NA,NA,NA,5000,5000,0,0,0,FALSE,-0.000437521092184691,-0.000437521092184691,0.000853779909278579,0.0292195124750325,0.0290928988799531,0.995666813565505,0.0292198661530615,0.9476,0.114042068021148,0.0524,0.00315132480077824,0.0524,NA,NA,NA,NA,NA,NA,0,0,0.634698000000179
32,"broad",0,"mlma_cr2",NA,NA,NA,NA,NA,5000,5000,0,0,0,FALSE,-0.000437521092184691,-0.000437521092184691,0.000853779909278579,0.0292195124750325,0.0290925401020679,0.995654534856695,0.0292198661530615,0.949,0.115060928498838,0.051,0.00311123769583746,0.051,NA,136.472897644318,136.48081928431,0.0624309780125765,136.08294680761,136.61315511156,0,0,0.689725999999984
32,"broad",0.05,"mlma",NA,NA,NA,NA,NA,5000,5000,0,0,0,FALSE,0.0495624789068161,-0.000437521093183887,0.000853779909312956,0.0292195124756207,0.0290928988751382,0.995666813380675,0.0292198661536646,0.9476,0.114042068002273,0.3966,0.00691821422044735,NA,0.3966,NA,NA,NA,NA,NA,0,0,0.62709400000028
32,"broad",0.05,"mlma_cr2",NA,NA,NA,NA,NA,5000,5000,0,0,0,FALSE,0.0495624789068161,-0.000437521093183887,0.000853779909312956,0.0292195124756207,0.0290925401020394,0.995654534835677,0.0292198661536646,0.949,0.115060928498725,0.3908,0.00690036752644379,NA,0.3908,136.472897644289,136.480819281875,0.0624309791352262,136.082946816948,136.613155115965,0,0,0.681740000000107
32,"broad",0.1,"mlma",NA,NA,NA,NA,NA,5000,4997,3,0,6e-04,FALSE,0.0995723577860077,-0.000427642213992302,0.000853925548409238,0.0292220045241465,0.0290921919116895,0.995557710206028,0.029222209680826,0.947568541124675,0.114039296756478,0.923354012407444,0.00376334607761809,NA,0.923354012407444,NA,NA,NA,NA,NA,0,0,0.624070442265163
32,"broad",0.1,"mlma_cr2",NA,NA,NA,NA,NA,5000,4997,3,0,6e-04,FALSE,0.0995723577860077,-0.000427642213992302,0.000853925548409238,0.0292220045241465,0.0290917937817456,0.99554408588592,0.029222209680826,0.948969381628977,0.115057976791617,0.921352811687012,0.00380802603116658,NA,0.921352811687012,136.472900162071,136.48082530776,0.0624239496048923,136.082946814471,136.613155111513,0,0,0.678491094656785
32,"broad",0.2,"mlma",NA,NA,NA,NA,NA,5000,5000,0,0,0,FALSE,0.199562478908879,-0.000437521091120607,0.000853779909221932,0.0292195124740631,0.0290928988858438,0.995666813800138,0.0292198661520764,0.9476,0.114042068044239,1,0,NA,1,NA,NA,NA,NA,NA,0,0,0.625184000000037
32,"broad",0.2,"mlma_cr2",NA,NA,NA,NA,NA,5000,5000,0,0,0,FALSE,0.199562478908879,-0.000437521091120607,0.000853779909221932,0.0292195124740631,0.0290925401019191,0.995654534884633,0.0292198661520764,0.949,0.115060928498248,1,0,NA,1,136.472897644408,136.480819286849,0.0624309788414134,136.082946808953,136.613155111028,0,0,0.680124000000016
33,"broad",0,"mlma",NA,NA,NA,NA,NA,5000,4999,1,0,2e-04,FALSE,0.000847482735853943,0.000847482735853943,0.00334845903253509,0.0578658710513813,0.0560515596930946,0.968646262031107,0.0578662892688913,0.936387277455491,0.219718076551525,0.0636127225445089,0.00345189975772535,0.0636127225445089,NA,NA,NA,NA,NA,NA,0.0104020804160832,0,0.395619123824762
33,"broad",0,"mlma_cr2",NA,NA,NA,NA,NA,5000,4999,1,0,2e-04,FALSE,0.000847482735853943,0.000847482735853943,0.00334845903253509,0.0578658710513813,0.0536765637046984,0.927603140321467,0.0578662892688913,0.956791358271654,0.293435708729251,0.0432086417283457,0.00287575816067123,0.0432086417283457,NA,4.1576876178113,4.17928730186735,0.0780939031833141,3.8475397466954,4.27089429423056,0.0104020804160832,0,0.419911982396484
33,"broad",0.05,"mlma",NA,NA,NA,NA,NA,5000,4998,2,0,4e-04,FALSE,0.0508802702496512,0.000880270249651233,0.00335220297781781,0.0578982122160763,0.056055436489873,0.968172148056558,0.057899111777739,0.936174469787915,0.219733273315647,0.167667066826731,0.00528413977473664,NA,0.167667066826731,NA,NA,NA,NA,NA,0.0102040816326531,0,0.394419767907155
33,"broad",0.05,"mlma_cr2",NA,NA,NA,NA,NA,5000,4998,2,0,4e-04,FALSE,0.0508802702496512,0.000880270249651233,0.00335220297781781,0.0578982122160763,0.0536779837461927,0.927109520167329,0.057899111777739,0.956582633053221,0.293441853227873,0.103841536614646,0.0043149903863676,NA,0.103841536614646,4.15774952468186,4.17929716043765,0.077978943267157,3.84753974669814,4.27089429397755,0.0102040816326531,0,0.41890756302521
33,"broad",0.1,"mlma",NA,NA,NA,NA,NA,5000,4999,1,0,2e-04,FALSE,0.100847482736652,0.000847482736651625,0.00334845903245568,0.0578658710506951,0.0560515596905846,0.968646261999217,0.0578662892682169,0.936387277455491,0.219718076541686,0.440688137627526,0.007021843194828,NA,0.440688137627526,NA,NA,NA,NA,NA,0.0104020804160832,0,0.395683136627323
33,"broad",0.1,"mlma_cr2",NA,NA,NA,NA,NA,5000,4999,1,0,2e-04,FALSE,0.100847482736652,0.000847482736651625,0.00334845903245568,0.0578658710506951,0.0536765637061724,0.927603140357939,0.0578662892682169,0.956791358271654,0.293435708737407,0.282256451290258,0.00636597632181927,NA,0.282256451290258,4.15768761781226,4.17928730177031,0.0780939032317789,3.84753974669599,4.27089429416443,0.0104020804160832,0,0.420068013602719
33,"broad",0.2,"mlma",NA,NA,NA,NA,NA,5000,5000,0,0,0,FALSE,0.200872844956105,0.000872844956104707,0.00335100541769434,0.0578878693483733,0.0560477095496954,0.968211650914223,0.0578886610220706,0.9362,0.219702984266729,0.9354,0.00347640158784914,NA,0.9354,NA,NA,NA,NA,NA,0.0106,0,0.396440000000002
33,"broad",0.2,"mlma_cr2",NA,NA,NA,NA,NA,5000,5000,0,0,0,FALSE,0.200872844956105,0.000872844956104707,0.00335100541769434,0.0578878693483733,0.0536698489710395,0.927134641077399,0.0578886610220706,0.9566,0.293399698408117,0.759,0.00604845434801322,NA,0.759,4.15762577490735,4.17923371523399,0.0782084423683474,3.84753974670093,4.2708942939301,0.0106,0,0.421022000000002
34,"broad",0,"mlma",NA,NA,NA,NA,NA,5000,4924,76,0,0.0152,TRUE,-0.000381350895567116,-0.000381350895567116,0.00611159579996457,0.0781766960159137,0.0760367570174119,0.972626893849976,0.0781696874964681,0.937043054427295,0.298058610510701,0.0629569455727051,0.00346132656587408,0.0629569455727051,NA,NA,NA,NA,NA,NA,0,0.998781478472786,1.49459382615759
34,"broad",0,"mlma_cr2",NA,NA,NA,NA,NA,5000,4924,76,0,0.0152,TRUE,-0.000381350895567116,-0.000381350895567116,0.00611159579996457,0.0781766960159137,0.0754144671722155,0.964666851063443,0.0781696874964681,0.943338748984565,0.312861476875083,0.0566612510154346,0.00329471531311525,0.0566612510154346,NA,21.9252916163416,21.9259565793094,0.00584034632047603,21.8866523598078,21.940364509837,0,0.998781478472786,1.54836921202275
34,"broad",0.05,"mlma",NA,NA,NA,NA,NA,5000,4925,75,0,0.015,TRUE,0.0499279836666195,-7.20163333805326e-05,0.00611627976123597,0.078206647807178,0.0760107623628009,0.971922010392376,0.0781987408042659,0.936852791878173,0.297956713337045,0.105380710659898,0.00437518652784591,NA,0.105380710659898,NA,NA,NA,NA,NA,0,0.998781725888325,1.48926294416243
34,"broad",0.05,"mlma_cr2",NA,NA,NA,NA,NA,5000,4925,75,0,0.015,TRUE,0.0499279836666195,-7.20163333805326e-05,0.00611627976123597,0.078206647807178,0.0753727003372509,0.963763343022779,0.0781987408042659,0.942741116751269,0.312688222765744,0.103756345177665,0.00434527495319813,NA,0.103756345177665,21.9252683050163,21.9259271423964,0.00585004796708113,21.8866523599081,21.9403645098336,0,0.998781725888325,1.54322233502536
34,"broad",0.1,"mlma",NA,NA,NA,NA,NA,5000,4945,55,0,0.011,TRUE,0.0999679607667301,-3.20392332698871e-05,0.00613871891270013,0.0783499771072087,0.0760446270295127,0.970576250781267,0.0783420611168684,0.93670374115268,0.298089460391252,0.266531850353893,0.00628755850321968,NA,0.266531850353893,NA,NA,NA,NA,NA,0,0.998786653185035,1.48880889787663
34,"broad",0.1,"mlma_cr2",NA,NA,NA,NA,NA,5000,4945,55,0,0.011,TRUE,0.0999679607667301,-3.20392332698871e-05,0.00613871891270013,0.0783499771072087,0.0753925641217905,0.962253811748133,0.0783420611168684,0.943174924165824,0.312770604277795,0.244489383215369,0.00611177194117531,NA,0.244489383215369,21.9252975930158,21.9259584013475,0.00584759197038721,21.8866523597531,21.9403645098362,0,0.998786653185035,1.54261880687565
34,"broad",0.2,"mlma",NA,NA,NA,NA,NA,5000,4916,84,0,0.0168,TRUE,0.199784000142072,-0.000215999857928445,0.00610884356589691,0.0781590913835167,0.076028894388141,0.972745371553476,0.0781514400166997,0.937144019528072,0.298027789570312,0.744304312449146,0.00622201469191725,NA,0.744304312449146,NA,NA,NA,NA,NA,0,0.998779495524817,1.48956672091132
34,"broad",0.2,"mlma_cr2",NA,NA,NA,NA,NA,5000,4916,84,0,0.0168,TRUE,0.199784000142072,-0.000215999857928445,0.00610884356589691,0.0781590913835167,0.0753781906220411,0.964419996288978,0.0781514400166997,0.943043124491456,0.312710985908333,0.707078925956062,0.00649087609045656,NA,0.707078925956062,21.9252814290027,21.925934671049,0.00586131228937068,21.8866523599082,21.94036450986,0,0.998779495524817,1.54343572009767
35,"broad",0,"mlma",NA,NA,NA,NA,NA,5000,4960,40,0,0.008,FALSE,-0.000744518496831634,-0.000744518496831634,0.00165754706301341,0.0407129839610585,0.0403394864331635,0.990826083191244,0.0407156872461945,0.946572580645161,0.158127881127685,0.0534274193548387,0.00319314191439528,0.0534274193548387,NA,NA,NA,NA,NA,NA,0,1,1.35434072580644
35,"broad",0,"mlma_cr2",NA,NA,NA,NA,NA,5000,4960,40,0,0.008,FALSE,-0.000744518496831634,-0.000744518496831634,0.00165754706301341,0.0407129839610585,0.0404251133471804,0.9929292676225,0.0407156872461945,0.949193548387097,0.162599167445996,0.0508064516129032,0.00311814267269799,0.0508064516129032,NA,47.5424411022505,47.5644258476813,0.338447418263555,45.4563880773619,48.4222062866464,0,1,1.44928024193553
35,"broad",0.05,"mlma",NA,NA,NA,NA,NA,5000,4955,45,0,0.009,FALSE,0.0490782008285634,-0.000921799171436595,0.00165454667901514,0.0406761192718177,0.0403381826273723,0.991692013631213,0.0406824590967741,0.947124117053481,0.158122770302898,0.232088799192735,0.00599736888967078,NA,0.232088799192735,NA,NA,NA,NA,NA,0,1,1.35079112008076
35,"broad",0.05,"mlma_cr2",NA,NA,NA,NA,NA,5000,4955,45,0,0.009,FALSE,0.0490782008285634,-0.000921799171436595,0.00165454667901514,0.0406761192718177,0.0404255379489044,0.993839596121773,0.0406824590967741,0.949747729566095,0.162600892559573,0.214127144298688,0.00582760594014194,NA,0.214127144298688,47.5422299344301,47.5643733894644,0.338552105171063,45.4563880733998,48.4222062873977,0,1,1.44559031281533
35,"broad",0.1,"mlma",NA,NA,NA,NA,NA,5000,4950,50,0,0.01,FALSE,0.0992172605013384,-0.000782739498661644,0.00165779519617774,0.0407160311938399,0.0403406125248901,0.990779585879515,0.0407194421521227,0.946666666666667,0.15813229532614,0.686262626262626,0.00659516557036708,NA,0.686262626262626,NA,NA,NA,NA,NA,0,1,1.35250303030302
35,"broad",0.1,"mlma_cr2",NA,NA,NA,NA,NA,5000,4950,50,0,0.01,FALSE,0.0992172605013384,-0.000782739498661644,0.00165779519617774,0.0407160311938399,0.0404404158179843,0.993230789746096,0.0407194421521227,0.949292929292929,0.162660709476891,0.662828282828283,0.00671929154381219,NA,0.662828282828283,47.5425756550799,47.5649984581657,0.33861040870814,45.4563880792046,48.4222062854586,0,1,1.44755959595959
35,"broad",0.2,"mlma",NA,NA,NA,NA,NA,5000,4960,40,0,0.008,FALSE,0.199128630214975,-0.000871369785024889,0.0016647497972369,0.0408013455321868,0.0403373855801725,0.988628807556157,0.0408065368231535,0.946572580645161,0.158119645935287,0.997782258064516,0.000667932467761683,NA,0.997782258064516,NA,NA,NA,NA,NA,0,1,1.34933669354837
35,"broad",0.2,"mlma_cr2",NA,NA,NA,NA,NA,5000,4960,40,0,0.008,FALSE,0.199128630214975,-0.000871369785024889,0.0016647497972369,0.0408013455321868,0.0404264663615129,0.990812088038172,0.0408065368231535,0.949193548387097,0.1626046334981,0.997782258064516,0.000667932467761683,NA,0.997782258064516,47.542198314628,47.5646824890793,0.338167337081772,45.4563880777528,48.4222062857923,0,1,1.4443467741935
36,"broad",0,"mlma",NA,NA,NA,NA,NA,5000,5000,0,0,0,FALSE,-0.00121155085338952,-0.00121155085338952,0.00973228146953438,0.0986523262246481,0.0984168854633981,0.99761342919868,0.0986499005002581,0.9416,0.385787101957728,0.0584,0.00331630637909105,0.0584,NA,NA,NA,NA,NA,NA,0,0.028,0.419666000000027
36,"broad",0,"mlma_cr2",NA,NA,NA,NA,NA,5000,5000,0,0,0,FALSE,-0.00121155085338952,-0.00121155085338952,0.00973228146953438,0.0986523262246481,0.0981432847092078,0.994840045491872,0.0986499005002581,0.95,0.402146869162674,0.05,0.00308220700148449,0.05,NA,27.8905503561439,27.8891853239114,0.0121436300658865,27.8566620226724,27.9510022568298,0,0.028,0.448602000000008
36,"broad",0.05,"mlma",NA,NA,NA,NA,NA,5000,5000,0,0,0,FALSE,0.0487884491467921,-0.00121155085320793,0.00973228146951469,0.0986523262245482,0.0984168854715339,0.99761342928216,0.0986499005001561,0.9416,0.385787101989619,0.085,0.003943982758583,NA,0.085,NA,NA,NA,NA,NA,0,0.028,0.419074000000025
36,"broad",0.05,"mlma_cr2",NA,NA,NA,NA,NA,5000,5000,0,0,0,FALSE,0.0487884491467921,-0.00121155085320793,0.00973228146951469,0.0986523262245482,0.098143284709265,0.994840045493458,0.0986499005001561,0.95,0.402146869162913,0.074,0.00370199945975145,NA,0.074,27.8905503561381,27.8891853239118,0.0121436300725609,27.8566620226727,27.9510022567174,0,0.028,0.44799599999995
36,"broad",0.1,"mlma",NA,NA,NA,NA,NA,5000,5000,0,0,0,FALSE,0.0987884491465252,-0.00121155085347478,0.00973228146952957,0.0986523262246237,0.0984168854633128,0.997613429198063,0.0986499005002348,0.9416,0.385787101957393,0.1766,0.00539281818718191,NA,0.1766,NA,NA,NA,NA,NA,0,0.028,0.419881999999983
36,"broad",0.1,"mlma_cr2",NA,NA,NA,NA,NA,5000,5000,0,0,0,FALSE,0.0987884491465252,-0.00121155085347478,0.00973228146952957,0.0986523262246237,0.0981432847091945,0.994840045491982,0.0986499005002348,0.95,0.40214686916262,0.159,0.00517144080503683,NA,0.159,27.8905503561428,27.8891853237577,0.012143630062545,27.8566620226786,27.9510022567649,0,0.028,0.448736000000004
36,"broad",0.2,"mlma",NA,NA,NA,NA,NA,5000,5000,0,0,0,FALSE,0.198788449146558,-0.00121155085344207,0.00973228146949535,0.0986523262244502,0.0984168854663344,0.997613429230446,0.0986499005000609,0.9416,0.385787101969238,0.5248,0.00706236447657582,NA,0.5248,NA,NA,NA,NA,NA,0,0.028,0.418904000000109
36,"broad",0.2,"mlma_cr2",NA,NA,NA,NA,NA,5000,5000,0,0,0,FALSE,0.198788449146558,-0.00121155085344207,0.00973228146949535,0.0986523262244502,0.0981432847092273,0.994840045494064,0.0986499005000609,0.95,0.402146869162755,0.4952,0.00707074196955312,NA,0.4952,27.8905503561418,27.8891853238389,0.0121436300690383,27.856662022676,27.9510022565973,0,0.028,0.44778799999996
37,"broad",0,"mlma",NA,NA,NA,NA,NA,5000,5000,0,0,0,FALSE,-0.000581845032081965,-0.000581845032081965,0.00171323405197781,0.0413912315832448,0.041513828519894,1.00296190598732,0.0413911820175357,0.9462,0.162731217518728,0.0538,0.00319078548323136,0.0538,NA,NA,NA,NA,NA,NA,0,0,0.324946000000046
37,"broad",0,"mlma_cr2",NA,NA,NA,NA,NA,5000,5000,0,0,0,FALSE,-0.000581845032081965,-0.000581845032081965,0.00171323405197781,0.0413912315832448,0.0408712990902591,0.987438583654123,0.0413911820175357,0.9526,0.167938603682972,0.0474,0.00300510365877785,0.0474,NA,26.3149108709647,26.275366579958,0.306074937830573,25.5636762353295,27.9204179835815,0,0,0.353678000000023
37,"broad",0.05,"mlma",NA,NA,NA,NA,NA,5000,5000,0,0,0,FALSE,0.0494181549680764,-0.000581845031923614,0.00171323405202351,0.041391231583797,0.0415138285232659,1.00296190605541,0.0413911820180855,0.9462,0.162731217531946,0.2354,0.00599978066265759,NA,0.2354,NA,NA,NA,NA,NA,0,0,0.325011999999819
37,"broad",0.05,"mlma_cr2",NA,NA,NA,NA,NA,5000,5000,0,0,0,FALSE,0.0494181549680764,-0.000581845031923614,0.00171323405202351,0.041391231583797,0.0408712990901382,0.98743858363803,0.0413911820180855,0.9526,0.167938603682521,0.2182,0.00584104031829947,NA,0.2182,26.3149108707979,26.2753665794068,0.306074937795177,25.5636762338458,27.9204179844672,0,0,0.353556000000035
37,"broad",0.1,"mlma",NA,NA,NA,NA,NA,5000,5000,0,0,0,FALSE,0.099418154968436,-0.000581845031563985,0.00171323405203766,0.0413912315839679,0.041513828520428,1.00296190598271,0.0413911820182513,0.9462,0.162731217520821,0.6652,0.00667396373978762,NA,0.6652,NA,NA,NA,NA,NA,0,0,0.32381399999992
37,"broad",0.1,"mlma_cr2",NA,NA,NA,NA,NA,5000,5000,0,0,0,FALSE,0.099418154968436,-0.000581845031563985,0.00171323405203766,0.0413912315839679,0.0408712990901674,0.98743858363466,0.0413911820182513,0.9526,0.167938603682608,0.643,0.00677570660521838,NA,0.643,26.3149108709119,26.2753665801066,0.30607493776335,25.5636762353569,27.9204179846443,0,0,0.352459999999969
37,"broad",0.2,"mlma",NA,NA,NA,NA,NA,5000,5000,0,0,0,FALSE,0.199418154967777,-0.000581845032222889,0.00171323405201543,0.0413912315836994,0.0415138285208768,1.00296190600005,0.0413911820179921,0.9462,0.16273121752258,0.9972,0.000747283078893136,NA,0.9972,NA,NA,NA,NA,NA,0,0,0.32358999999995
37,"broad",0.2,"mlma_cr2",NA,NA,NA,NA,NA,5000,5000,0,0,0,FALSE,0.199418154967777,-0.000581845032222889,0.00171323405201543,0.0413912315836994,0.0408712990901936,0.987438583641698,0.0413911820179921,0.9526,0.167938603682705,0.9962,0.000870121830550185,NA,0.9962,26.3149108709513,26.2753665797375,0.306074937834093,25.5636762343852,27.9204179839394,0,0,0.352321999999933
38,"broad",0,"mlma",NA,NA,NA,NA,NA,5000,5000,0,0,0,FALSE,-0.00253048634576558,-0.00253048634576558,0.0136218126926135,0.116712521575937,0.115217527054825,0.987190795803865,0.116728281454072,0.935,0.451644406830452,0.065,0.00348640215695206,0.065,NA,NA,NA,NA,NA,NA,0,0,0.294807999999929
38,"broad",0,"mlma_cr2",NA,NA,NA,NA,NA,5000,5000,0,0,0,FALSE,-0.00253048634576558,-0.00253048634576558,0.0136218126926135,0.116712521575937,0.115284407720222,0.987763833422228,0.116728281454072,0.9462,0.478384032518963,0.0538,0.00319078548323136,0.0538,NA,21.8170188448831,21.8497609689665,0.130652739503263,20.0068280130843,21.9809397920776,0,0,0.315915999999968
38,"broad",0.05,"mlma",NA,NA,NA,NA,NA,5000,5000,0,0,0,FALSE,0.0474695136534934,-0.00253048634650664,0.0136218126929491,0.116712521577375,0.11521752705795,0.987190795818481,0.116728281455525,0.935,0.451644406842702,0.0818,0.00387579050001416,NA,0.0818,NA,NA,NA,NA,NA,0,0,0.29475199999983
38,"broad",0.05,"mlma_cr2",NA,NA,NA,NA,NA,5000,5000,0,0,0,FALSE,0.0474695136534934,-0.00253048634650664,0.0136218126929491,0.116712521577375,0.115284407720277,0.987763833410533,0.116728281455525,0.9462,0.478384032519172,0.0644,0.00347138704266753,NA,0.0644,21.8170188449029,21.8497609691898,0.130652739474165,20.0068280133739,21.9809397920713,0,0,0.316067999999895
38,"broad",0.1,"mlma",NA,NA,NA,NA,NA,5000,5000,0,0,0,FALSE,0.0974695136536665,-0.00253048634633346,0.0136218126929113,0.116712521577213,0.115217527065702,0.987190795886267,0.11672828145536,0.935,0.451644406873088,0.1452,0.00498230789895607,NA,0.1452,NA,NA,NA,NA,NA,0,0,0.294841999999961
38,"broad",0.1,"mlma_cr2",NA,NA,NA,NA,NA,5000,5000,0,0,0,FALSE,0.0974695136536665,-0.00253048634633346,0.0136218126929113,0.116712521577213,0.115284407720159,0.98776383341089,0.11672828145536,0.9462,0.478384032518651,0.1212,0.00461542110754804,NA,0.1212,21.8170188449194,21.8497609694158,0.130652739524066,20.0068280138648,21.9809397921518,0,0,0.315923999999996
38,"broad",0.2,"mlma",NA,NA,NA,NA,NA,5000,5000,0,0,0,FALSE,0.197469513654996,-0.00253048634500422,0.0136218126926966,0.116712521576293,0.11521752705392,0.987190795793104,0.116728281454412,0.935,0.451644406826906,0.4022,0.00693448137931021,NA,0.4022,NA,NA,NA,NA,NA,0,0,0.294664000000115
38,"broad",0.2,"mlma_cr2",NA,NA,NA,NA,NA,5000,5000,0,0,0,FALSE,0.197469513654996,-0.00253048634500422,0.0136218126926966,0.116712521576293,0.11528440772015,0.987763833418596,0.116728281454412,0.9462,0.478384032518641,0.3632,0.00680126105953889,NA,0.3632,21.8170188449064,21.8497609700927,0.130652739431434,20.0068280135672,21.9809397920788,0,0,0.315696000000183
39,"broad",0,"mlma",NA,NA,NA,NA,NA,5000,5000,0,0,0,FALSE,-7.32961817829595e-06,-7.32961817829595e-06,0.00954636027771498,0.0977054772145092,0.098135644424116,1.00440269288755,0.0976957064531637,0.944,0.384684657341793,0.056,0.00325158422926425,0.056,NA,NA,NA,NA,NA,NA,0,0,0.31127599999987
39,"broad",0,"mlma_cr2",NA,NA,NA,NA,NA,5000,5000,0,0,0,FALSE,-7.32961817829595e-06,-7.32961817829595e-06,0.00954636027771498,0.0977054772145092,0.093882161261886,0.960868970075964,0.0976957064531637,0.9594,0.533639093841087,0.0406,0.00279111590586991,0.0406,NA,3.77703219529038,3.77884868603742,0.00809809050271846,3.70290070068873,3.78976324570972,0,0,0.339265999999896
39,"broad",0.05,"mlma",NA,NA,NA,NA,NA,5000,5000,0,0,0,FALSE,0.0499926703820332,-7.32961796676146e-06,0.00954636027787833,0.0977054772153451,0.0981356444255359,1.00440269289349,0.0976957064539996,0.944,0.384684657347359,0.0868,0.00398160168776336,NA,0.0868,NA,NA,NA,NA,NA,0,0,0.311497999999853
39,"broad",0.05,"mlma_cr2",NA,NA,NA,NA,NA,5000,5000,0,0,0,FALSE,0.0499926703820332,-7.32961796676146e-06,0.00954636027787833,0.0977054772153451,0.0938821612619735,0.960868970068639,0.0976957064539996,0.9594,0.533639093841357,0.0606,0.00337424480439698,NA,0.0606,3.77703219529449,3.77884868602974,0.00809809051038934,3.70290070059601,3.78976324568468,0,0,0.339309999999902
39,"broad",0.1,"mlma",NA,NA,NA,NA,NA,5000,5000,0,0,0,FALSE,0.0999926703813572,-7.32961864276238e-06,0.00954636027777987,0.0977054772148413,0.0981356444270166,1.00440269291382,0.0976957064534958,0.944,0.384684657353163,0.1776,0.00540478010653533,NA,0.1776,NA,NA,NA,NA,NA,0,0,0.310954000000187
39,"broad",0.1,"mlma_cr2",NA,NA,NA,NA,NA,5000,5000,0,0,0,FALSE,0.0999926703813572,-7.32961864276238e-06,0.00954636027777987,0.0977054772148413,0.0938821612615353,0.960868970069109,0.0976957064534958,0.9594,0.533639093838803,0.1094,0.00441433211256244,NA,0.1094,3.77703219529456,3.77884868600813,0.0080980905159009,3.70290070098876,3.78976324575184,0,0,0.339036000000068
39,"broad",0.2,"mlma",NA,NA,NA,NA,NA,5000,5000,0,0,0,FALSE,0.19999267038218,-7.32961781951813e-06,0.00954636027778751,0.0977054772148804,0.0981356444205869,1.00440269284761,0.0976957064535348,0.944,0.384684657327959,0.526,0.00706150125681501,NA,0.526,NA,NA,NA,NA,NA,0,0,0.310913999999964
39,"broad",0.2,"mlma_cr2",NA,NA,NA,NA,NA,5000,5000,0,0,0,FALSE,0.19999267038218,-7.32961781951813e-06,0.00954636027778751,0.0977054772148804,0.093882161262268,0.960868970076223,0.0976957064535348,0.9594,0.533639093842801,0.3246,0.00662170431233531,NA,0.3246,3.77703219529932,3.77884868602233,0.0080980904974875,3.70290070070026,3.78976324563531,0,0,0.339035999999932
40,"broad",0,"mlma",NA,NA,NA,NA,NA,5000,5000,0,0,0,FALSE,0.000528540355241566,0.000528540355241566,0.000546329493548161,0.0233736923387847,0.0231089288770368,0.988672587201442,0.0233773305267426,0.947,0.0905853366405794,0.053,0.00316831185333767,0.053,NA,NA,NA,NA,NA,NA,0,0,0.321024000000118
40,"broad",0,"mlma_cr2",NA,NA,NA,NA,NA,5000,5000,0,0,0,FALSE,0.000528540355241566,0.000528540355241566,0.000546329493548161,0.0233736923387847,0.0230519007460391,0.986232744571058,0.0233773305267426,0.946,0.0921818781030896,0.054,0.00319637294444813,0.054,NA,61.2429365492398,61.5856733183712,2.54562097559617,48.6288691859222,67.909108237408,0,0,0.402630000000139
40,"broad",0.05,"mlma",NA,NA,NA,NA,NA,5000,5000,0,0,0,FALSE,0.0505285403535438,0.000528540353543834,0.000546329493590495,0.0233736923396903,0.0231089288772663,0.988672587172958,0.0233773305276095,0.947,0.0905853366414792,0.5926,0.00694874434700256,NA,0.5926,NA,NA,NA,NA,NA,0,0,0.319975999999954
40,"broad",0.05,"mlma_cr2",NA,NA,NA,NA,NA,5000,5000,0,0,0,FALSE,0.0505285403535438,0.000528540353543834,0.000546329493590495,0.0233736923396903,0.0230519007461039,0.986232744535617,0.0233773305276095,0.946,0.092181878103295,0.575,0.00699106572705478,NA,0.575,61.2429365510543,61.5856733955205,2.54562097378076,48.6288691965804,67.9091082437338,0,0,0.400973999999982
40,"broad",0.1,"mlma",NA,NA,NA,NA,NA,5000,5000,0,0,0,FALSE,0.100528540355398,0.000528540355397802,0.000546329493843134,0.0233736923450946,0.0231089288754241,0.988672586865548,0.0233773305330538,0.947,0.090585336634258,0.99,0.00140712472794703,NA,0.99,NA,NA,NA,NA,NA,0,0,0.319390000000101
40,"broad",0.1,"mlma_cr2",NA,NA,NA,NA,NA,5000,5000,0,0,0,FALSE,0.100528540355398,0.000528540355397802,0.000546329493843134,0.0233736923450946,0.0230519007426444,0.986232744159581,0.0233773305330538,0.946,0.0921818780889945,0.989,0.00147505932084103,NA,0.989,61.2429365676972,61.5856733726185,2.54562098231547,48.6288691719465,67.9091082496557,0,0,0.399774000000019
40,"broad",0.2,"mlma",NA,NA,NA,NA,NA,5000,5000,0,0,0,FALSE,0.200528540352953,0.000528540352952606,0.000546329493552116,0.0233736923388693,0.0231089288749356,0.988672587107968,0.0233773305267754,0.947,0.0905853366323428,1,0,NA,1,NA,NA,NA,NA,NA,0,0,0.319164000000083
40,"broad",0.2,"mlma_cr2",NA,NA,NA,NA,NA,5000,5000,0,0,0,FALSE,0.200528540352953,0.000528540352952606,0.000546329493552116,0.0233736923388693,0.0230519007460005,0.986232744565838,0.0233773305267754,0.946,0.0921818781029878,1,0,NA,1,61.242936547656,61.5856733574171,2.54562097716311,48.6288691925103,67.9091082383131,0,0,0.400217999999956
41,"broad",0,"mlma",NA,NA,NA,NA,NA,5000,4948,52,0,0.0104,TRUE,-0.000900514774675431,-0.000900514774675431,0.00306375467824211,0.0553511940091821,0.0570395299427236,1.03050224956776,0.0553529259803355,0.950080840743735,0.223590848765664,0.0499191592562652,0.00309598655351959,0.0499191592562652,NA,NA,NA,NA,NA,NA,0.391673403395311,0,0.798168957154401
41,"broad",0,"mlma_cr2",NA,NA,NA,NA,NA,5000,4948,52,0,0.0104,TRUE,-0.000900514774675431,-0.000900514774675431,0.00306375467824211,0.0553511940091821,0.0538200707333472,0.972338026247801,0.0553529259803355,0.957962813257882,0.269927031869411,0.042037186742118,0.00285283268694789,0.042037186742118,NA,5.43943529015871,5.38304293452192,0.159120488653677,5.26752399779041,5.97078625570013,0.391673403395311,0,0.821679466451098
41,"broad",0.05,"mlma",NA,NA,NA,NA,NA,5000,4941,59,0,0.0118,TRUE,0.0491772704687932,-0.000822729531206767,0.00305780253184158,0.0552974007693091,0.0570465539423235,1.03163174305989,0.0552979253917564,0.950414895770087,0.223618382338151,0.135397692774742,0.00486750492996919,NA,0.135397692774742,NA,NA,NA,NA,NA,0.391013964784457,0,0.795535316737493
41,"broad",0.05,"mlma_cr2",NA,NA,NA,NA,NA,5000,4941,59,0,0.0118,TRUE,0.0491772704687932,-0.000822729531206767,0.00305780253184158,0.0552974007693091,0.0538351993539435,0.973557501889364,0.0552979253917564,0.958308034810767,0.270000442838904,0.099979761181947,0.00426751207224695,NA,0.099979761181947,5.4396402580089,5.38335279075218,0.159139979217505,5.26752399790728,5.97078625558667,0.391013964784457,0,0.819095324833036
41,"broad",0.1,"mlma",NA,NA,NA,NA,NA,5000,4949,51,0,0.0102,TRUE,0.0992411743355151,-0.000758825664484902,0.00306916278359317,0.0554000251226763,0.0570397672849009,1.02959822055303,0.0553996249248331,0.949686805415235,0.223591779129903,0.415639523135987,0.00700551567966435,NA,0.415639523135987,NA,NA,NA,NA,NA,0.391796322489392,0,0.79621943827035
41,"broad",0.1,"mlma_cr2",NA,NA,NA,NA,NA,5000,4949,51,0,0.0102,TRUE,0.0992411743355151,-0.000758825664484902,0.00306916278359317,0.0554000251226763,0.0538289110274418,0.971640552657594,0.0553996249248331,0.958375429379673,0.269972166726626,0.302485350575874,0.00652935246230887,NA,0.302485350575874,5.43940935379238,5.38293683594635,0.159114768402695,5.26752399790695,5.97078625616265,0.391796322489392,0,0.819543342089313
41,"broad",0.2,"mlma",NA,NA,NA,NA,NA,5000,4945,55,0,0.011,TRUE,0.199282202456461,-0.000717797543538623,0.00306929310519926,0.0554012012974382,0.0570407691248595,1.02959444540956,0.0554002495693284,0.95005055611729,0.223595706270378,0.936299292214358,0.00347293238859954,NA,0.936299292214358,NA,NA,NA,NA,NA,0.391304347826087,0,0.795427704752266
41,"broad",0.2,"mlma_cr2",NA,NA,NA,NA,NA,5000,4945,55,0,0.011,TRUE,0.199282202456461,-0.000717797543538623,0.00306929310519926,0.0554012012974382,0.0538701764504438,0.97236477168113,0.0554002495693284,0.95793731041456,0.270179128849886,0.825075834175935,0.00540242431508732,NA,0.825075834175935,5.43951744649476,5.38323011870391,0.15913407360168,5.26752399757674,5.97078625544083,0.391304347826087,0,0.818711830131452
42,"broad",0,"mlma",NA,NA,NA,NA,NA,5000,5000,0,0,0,FALSE,0.000607044900115145,0.000607044900115145,0.00422056274255316,0.0649658582838183,0.0641102122435413,0.986829296758631,0.0649621977269504,0.9436,0.251307414077119,0.0564,0.00326248494249399,0.0564,NA,NA,NA,NA,NA,NA,0.0228,0,0.37305999999999
42,"broad",0,"mlma_cr2",NA,NA,NA,NA,NA,5000,5000,0,0,0,FALSE,0.000607044900115145,0.000607044900115145,0.00422056274255316,0.0649658582838183,0.0637963538859055,0.981998169056683,0.0649621977269504,0.9472,0.255716821760947,0.0528,0.00316266216975509,0.0528,NA,54.8529528707037,55.3459097272106,3.09733665215832,45.6118138862234,61.9353273397002,0.0228,0,0.422322000000005
42,"broad",0.05,"mlma",NA,NA,NA,NA,NA,5000,5000,0,0,0,FALSE,0.0506070448982452,0.000607044898245181,0.0042205627422234,0.0649658582812803,0.0641102122441786,0.986829296806993,0.0649621977243954,0.9436,0.251307414079618,0.1318,0.00478390551746165,NA,0.1318,NA,NA,NA,NA,NA,0.0228,0,0.370008000000002
42,"broad",0.05,"mlma_cr2",NA,NA,NA,NA,NA,5000,5000,0,0,0,FALSE,0.0506070448982452,0.000607044898245181,0.0042205627422234,0.0649658582812803,0.0637963538850651,0.98199816908211,0.0649621977243954,0.9472,0.255716821757476,0.1256,0.00468667558083552,NA,0.1256,54.8529528716597,55.3459097519999,3.09733665112167,45.6118138862292,61.9353273388285,0.0228,0,0.418313999999979
42,"broad",0.1,"mlma",NA,NA,NA,NA,NA,5000,5000,0,0,0,FALSE,0.100607044898859,0.000607044898858544,0.00422056274236412,0.0649658582823634,0.0641102122422309,0.98682929676056,0.064962197725484,0.9436,0.251307414071983,0.352,0.00675419869414574,NA,0.352,NA,NA,NA,NA,NA,0.0228,0,0.369989999999987
42,"broad",0.1,"mlma_cr2",NA,NA,NA,NA,NA,5000,5000,0,0,0,FALSE,0.100607044898859,0.000607044898858544,0.00422056274236412,0.0649658582823634,0.0637963538854432,0.981998169071559,0.064962197725484,0.9472,0.255716821759202,0.3394,0.00669638170955032,NA,0.3394,54.8529528697063,55.3459096970029,3.09733665371115,45.6118138860331,61.9353273398201,0.0228,0,0.418392000000005
42,"broad",0.2,"mlma",NA,NA,NA,NA,NA,5000,5000,0,0,0,FALSE,0.200607044899083,0.000607044899083337,0.004220562742429,0.0649658582828627,0.0641102122452939,0.986829296800123,0.0649621977259854,0.9436,0.25130741408399,0.8754,0.00467064963361629,NA,0.8754,NA,NA,NA,NA,NA,0.0228,0,0.369659999999981
42,"broad",0.2,"mlma_cr2",NA,NA,NA,NA,NA,5000,5000,0,0,0,FALSE,0.200607044899083,0.000607044899083337,0.004220562742429,0.0649658582828627,0.0637963538861541,0.981998169074954,0.0649621977259854,0.9472,0.255716821761851,0.8684,0.00478082503340166,NA,0.8684,54.8529528716497,55.3459096771674,3.09733665232784,45.6118138864211,61.9353273400693,0.0228,0,0.417920000000002
43,"broad",0,"mlma",NA,NA,NA,NA,NA,5000,4897,103,0,0.0206,TRUE,4.18389959668827e-05,4.18389959668827e-05,0.0028899199679765,0.0537579758545325,0.053333859635825,0.992110636385285,0.0537525029889961,0.943230549315908,0.209064888085463,0.0567694506840923,0.0033067489404026,0.0567694506840923,NA,NA,NA,NA,NA,NA,0,1,1.71476618337751
43,"broad",0,"mlma_cr2",NA,NA,NA,NA,NA,5000,4897,103,0,0.0206,TRUE,4.18389959668827e-05,4.18389959668827e-05,0.0028899199679765,0.0537579758545325,0.0532343286811687,0.990259172429022,0.0537525029889961,0.948335715744333,0.213636239918673,0.0516642842556667,0.00316308753052359,0.0516642842556667,NA,52.0907111292206,52.0893981968507,0.0129318338521911,52.0558813706062,52.1529999235689,0,1,1.77282826220129
43,"broad",0.05,"mlma",NA,NA,NA,NA,NA,5000,4894,106,0,0.0212,TRUE,0.0498798453939526,-0.000120154606047362,0.00289843238286904,0.0538370911442013,0.0533329979070441,0.990636692539592,0.0538317246425495,0.942991418062934,0.209061510170713,0.161830813240703,0.00526458899126479,NA,0.161830813240703,NA,NA,NA,NA,NA,0,1,1.70636697997549
43,"broad",0.05,"mlma_cr2",NA,NA,NA,NA,NA,5000,4894,106,0,0.0212,TRUE,0.0498798453939526,-0.000120154606047362,0.00289843238286904,0.0538370911442013,0.0532385827474321,0.988882972982955,0.0538317246425495,0.948099713935431,0.213653311870242,0.153453208009808,0.00515206682752478,NA,0.153453208009808,52.0907140656527,52.0893999312376,0.0129397119031118,52.05588137064,52.1529999236305,0,1,1.7645279934614
43,"broad",0.1,"mlma",NA,NA,NA,NA,NA,5000,4895,105,0,0.021,TRUE,0.099892687428293,-0.000107312571706986,0.00289010495306424,0.0537596963632073,0.0533194116124997,0.991810133231911,0.0537543119130525,0.942798774259448,0.209008252874732,0.457609805924413,0.00712077441597428,NA,0.457609805924413,NA,NA,NA,NA,NA,0,1,1.7056261491318
43,"broad",0.1,"mlma_cr2",NA,NA,NA,NA,NA,5000,4895,105,0,0.021,TRUE,0.099892687428293,-0.000107312571706986,0.00289010495306424,0.0537596963632073,0.0532226460190818,0.990010167830988,0.0537543119130525,0.947906026557712,0.213589352071459,0.442492339121553,0.00709907802988675,NA,0.442492339121553,52.0907533316103,52.0894168388526,0.0129559876160607,52.055881370632,52.1529999237324,0,1,1.76360980592445
43,"broad",0.2,"mlma",NA,NA,NA,NA,NA,5000,4888,112,0,0.0224,TRUE,0.200210084048023,0.000210084048023335,0.00289393514823393,0.0537953078644776,0.0533443421871723,0.99161700722224,0.0537902150452625,0.942716857610475,0.209105978931677,0.962356792144026,0.00272236136150733,NA,0.962356792144026,NA,NA,NA,NA,NA,0,1,1.70369271685765
43,"broad",0.2,"mlma_cr2",NA,NA,NA,NA,NA,5000,4888,112,0,0.0224,TRUE,0.200210084048023,0.000210084048023335,0.00289393514823393,0.0537953078644776,0.0532530653555272,0.989920263858021,0.0537902150452625,0.947831423895254,0.213711435654881,0.959901800327332,0.00280614586114875,NA,0.959901800327332,52.0906786755289,52.0894053601803,0.0129146598396405,52.0558813706481,52.1529999239832,0,1,1.76164279869071
44,"broad",0,"mlma",NA,NA,NA,NA,NA,5000,5000,0,0,0,FALSE,0.00105485893678986,0.00105485893678986,0.00892751345139958,0.0944855197974779,0.09356901409318,0.990300040617205,0.0944819595271278,0.9408,0.366783795383107,0.0592,0.0033375248313683,0.0592,NA,NA,NA,NA,NA,NA,0,0,0.321272000000031
44,"broad",0,"mlma_cr2",NA,NA,NA,NA,NA,5000,5000,0,0,0,FALSE,0.00105485893678986,0.00105485893678986,0.00892751345139958,0.0944855197974779,0.0934841412994952,0.989401778175862,0.0944819595271278,0.9532,0.390965909764499,0.0468,0.00298696367570816,0.0468,NA,19.2409482224163,19.288842217853,0.194067351829064,16.7273070334875,19.492770011993,0,0,0.344506000000022
44,"broad",0.05,"mlma",NA,NA,NA,NA,NA,5000,5000,0,0,0,FALSE,0.0510548589342708,0.00105485893427079,0.00892751345032102,0.0944855197917703,0.0935690141012691,0.990300040762636,0.0944819595213931,0.9408,0.366783795414816,0.098,0.00420466407695074,NA,0.098,NA,NA,NA,NA,NA,0,0,0.321499999999997
44,"broad",0.05,"mlma_cr2",NA,NA,NA,NA,NA,5000,5000,0,0,0,FALSE,0.0510548589342708,0.00105485893427079,0.00892751345032102,0.0944855197917703,0.0934841412997932,0.989401778238782,0.0944819595213931,0.9532,0.39096590976548,0.0824,0.00388870775451177,NA,0.0824,19.240948222734,19.2888422179096,0.194067349592595,16.7273070522378,19.4927700120681,0,0,0.344686000000012
44,"broad",0.1,"mlma",NA,NA,NA,NA,NA,5000,5000,0,0,0,FALSE,0.101054858937636,0.00105485893763624,0.00892751345189904,0.0944855198001209,0.0935690141086011,0.990300040752714,0.0944819595297799,0.9408,0.366783795443557,0.2032,0.00569051421226588,NA,0.2032,NA,NA,NA,NA,NA,0,0,0.323486000000051
44,"broad",0.1,"mlma_cr2",NA,NA,NA,NA,NA,5000,5000,0,0,0,FALSE,0.101054858937636,0.00105485893763624,0.00892751345189904,0.0944855198001209,0.0934841413015695,0.989401778170138,0.0944819595297799,0.9532,0.39096590977287,0.1726,0.00534432858271271,NA,0.1726,19.2409482226777,19.2888422206806,0.194067351447847,16.7273070469821,19.4927700120568,0,0,0.346710000000052
44,"broad",0.2,"mlma",NA,NA,NA,NA,NA,5000,5000,0,0,0,FALSE,0.20105485893984,0.00105485893984039,0.00892751345187857,0.0944855198000126,0.0935690141083658,0.990300040751359,0.0944819595296962,0.9408,0.366783795442634,0.5722,0.00699695876792196,NA,0.5722,NA,NA,NA,NA,NA,0,0,0.321889999999896
44,"broad",0.2,"mlma_cr2",NA,NA,NA,NA,NA,5000,5000,0,0,0,FALSE,0.20105485893984,0.00105485893984039,0.00892751345187857,0.0944855198000126,0.0934841413015749,0.98940177817133,0.0944819595296962,0.9532,0.390965909772872,0.5216,0.00706446657575786,NA,0.5216,19.2409482227408,19.2888422200782,0.19406735038475,16.7273070321712,19.4927700120722,0,0,0.344907999999722
45,"broad",0,"mlma",NA,NA,NA,NA,NA,5000,5000,0,0,0,FALSE,-0.00305445844604745,-0.00305445844604745,0.0330081480437902,0.181681446614095,0.183088299971206,1.00774351692663,0.181688954343901,0.9452,0.717692947868458,0.0548,0.00321860093829602,0.0548,NA,NA,NA,NA,NA,NA,0,0,0.333823999999906
45,"broad",0,"mlma_cr2",NA,NA,NA,NA,NA,5000,5000,0,0,0,FALSE,-0.00305445844604745,-0.00305445844604745,0.0330081480437902,0.181681446614095,0.173591589376514,0.955472298419306,0.181688954343901,0.9598,0.995752969280753,0.0402,0.00277791144567281,0.0402,NA,3.69573951406374,3.70311648654954,0.0392858813437118,3.3659721503536,3.76896234190026,0,0,0.361769999999905
45,"broad",0.05,"mlma",NA,NA,NA,NA,NA,5000,5000,0,0,0,FALSE,0.0469455415540106,-0.00305445844598943,0.0330081480435407,0.181681446613408,0.183088299972964,1.00774351694012,0.181688954343213,0.9452,0.717692947875349,0.062,0.00341045451516363,NA,0.062,NA,NA,NA,NA,NA,0,0,0.332545999999801
45,"broad",0.05,"mlma_cr2",NA,NA,NA,NA,NA,5000,5000,0,0,0,FALSE,0.0469455415540106,-0.00305445844598943,0.0330081480435407,0.181681446613408,0.173591589377088,0.95547229842608,0.181688954343213,0.9598,0.995752969284493,0.0422,0.00284320804725929,NA,0.0422,3.69573951405496,3.70311648633877,0.0392858813490768,3.3659721503536,3.76896234190026,0,0,0.360297999999943
45,"broad",0.1,"mlma",NA,NA,NA,NA,NA,5000,5000,0,0,0,FALSE,0.0969455415536953,-0.00305445844630466,0.0330081480453324,0.181681446618339,0.183088299952581,1.00774351680058,0.181688954348148,0.9452,0.717692947795451,0.0856,0.00395658034165869,NA,0.0856,NA,NA,NA,NA,NA,0,0,0.332372000000085
45,"broad",0.1,"mlma_cr2",NA,NA,NA,NA,NA,5000,5000,0,0,0,FALSE,0.0969455415536953,-0.00305445844630466,0.0330081480453324,0.181681446618339,0.173591589376439,0.955472298396576,0.181688954348148,0.9598,0.995752969281428,0.0568,0.00327333957908433,NA,0.0568,3.69573951405201,3.70311648656258,0.03928588133839,3.3659721514364,3.76896234190026,0,0,0.360018000000119
45,"broad",0.2,"mlma",NA,NA,NA,NA,NA,5000,4999,1,0,2e-04,FALSE,0.196959870390389,-0.00304012960961134,0.0330137255313903,0.181696795600226,0.183093747155934,1.00768836649591,0.181704055688127,0.945189037807561,0.717714300440226,0.19503900780156,0.00560410919374701,NA,0.19503900780156,NA,NA,NA,NA,NA,0,0,0.332652530506106
45,"broad",0.2,"mlma_cr2",NA,NA,NA,NA,NA,5000,4999,1,0,2e-04,FALSE,0.196959870390389,-0.00304012960961134,0.0330137255313903,0.181696795600226,0.173583628154359,0.955347768137209,0.181704055688127,0.959791958391678,0.995706594891206,0.119423884776955,0.00458656422811574,NA,0.119423884776955,3.69574387502638,3.70312801033838,0.0392886009041968,3.36597215163833,3.76896234190026,0,0,0.360584116823277
46,"broad",0,"mlma",NA,NA,NA,NA,NA,5000,5000,0,0,0,FALSE,0.000171139662726208,0.000171139662726208,0.000181214743884711,0.0134616025749058,0.013488819721201,1.00202183552395,0.0134613442761149,0.9494,0.0528752016950152,0.0506,0.00309966578843591,0.0506,NA,NA,NA,NA,NA,NA,0.0012,0,0.572591999999995
46,"broad",0,"mlma_cr2",NA,NA,NA,NA,NA,5000,5000,0,0,0,FALSE,0.000171139662726208,0.000171139662726208,0.000181214743884711,0.0134616025749058,0.0134221836765851,0.997071752928273,0.0134613442761149,0.951,0.0533696590033888,0.049,0.00305283474822991,0.049,NA,85.3601143871286,85.9930241485681,4.40446255101082,57.2952446862891,94.5598838408478,0.0012,0,0.661683999999979
46,"broad",0.05,"mlma",NA,NA,NA,NA,NA,5000,5000,0,0,0,FALSE,0.0501711396807179,0.000171139680717941,0.000181214743880163,0.0134616025747369,0.0134888197236667,1.00202183571968,0.0134613442761748,0.9494,0.0528752017046805,0.9586,0.00281730509529941,NA,0.9586,NA,NA,NA,NA,NA,0.0012,0,0.560644000000093
46,"broad",0.05,"mlma_cr2",NA,NA,NA,NA,NA,5000,5000,0,0,0,FALSE,0.0501711396807179,0.000171139680717941,0.000181214743880163,0.0134616025747369,0.0134221836783215,0.997071753069773,0.0134613442761748,0.951,0.0533696590101072,0.9564,0.00288787257336607,NA,0.9564,85.3601144056093,85.993024132569,4.40446254162794,57.2952480908137,94.5598838830246,0.0012,0,0.649126000000059
46,"broad",0.1,"mlma",NA,NA,NA,NA,NA,5000,5000,0,0,0,FALSE,0.10017113965157,0.000171139651569702,0.000181214743553929,0.0134616025626197,0.0134888197003758,1.00202183489147,0.0134613442636892,0.9494,0.052875201613382,1,0,NA,1,NA,NA,NA,NA,NA,0.0012,0,0.558102000000022
46,"broad",0.1,"mlma_cr2",NA,NA,NA,NA,NA,5000,5000,0,0,0,FALSE,0.10017113965157,0.000171139651569702,0.000181214743553929,0.0134616025626197,0.0134221836775566,0.997071753910447,0.0134613442636892,0.951,0.0533696590076282,1,0,NA,1,85.3601143401585,85.993024062092,4.40446248260749,57.2952510123836,94.5598838353891,0.0012,0,0.646516000000003
46,"broad",0.2,"mlma",NA,NA,NA,NA,NA,5000,5000,0,0,0,FALSE,0.200171139657301,0.00017113965730145,0.000181214743366727,0.0134616025556665,0.0134888197325346,1.00202183779796,0.0134613442568101,0.9494,0.0528752017394422,1,0,NA,1,NA,NA,NA,NA,NA,0.0012,0,0.559734000000116
46,"broad",0.2,"mlma_cr2",NA,NA,NA,NA,NA,5000,5000,0,0,0,FALSE,0.200171139657301,0.00017113965730145,0.000181214743366727,0.0134616025556665,0.0134221836759222,0.997071754304044,0.0134613442568101,0.951,0.0533696590002951,1,0,NA,1,85.3601144388001,85.9930241363563,4.40446255614205,57.2952441067535,94.5598838093181,0.0012,0,0.648116000000021
47,"broad",0,"mlma",NA,NA,NA,NA,NA,5000,5000,0,0,0,FALSE,-0.00101537122758714,-0.00101537122758714,0.00603495677126492,0.0776849842071485,0.0769967064176758,0.991140143793588,0.077683851337588,0.9404,0.301821543013697,0.0596,0.00334806929438445,0.0596,NA,NA,NA,NA,NA,NA,0,0.7006,1.05081399999999
47,"broad",0,"mlma_cr2",NA,NA,NA,NA,NA,5000,5000,0,0,0,FALSE,-0.00101537122758714,-0.00101537122758714,0.00603495677126492,0.0776849842071485,0.0768090614016098,0.988724683225743,0.077683851337588,0.9462,0.31081116084672,0.0538,0.00319078548323136,0.0538,NA,38.653201782947,38.6531486264837,0.000765356425300331,38.6509459857344,38.6556360750581,0,0.7006,1.08682000000001
47,"broad",0.05,"mlma",NA,NA,NA,NA,NA,5000,5000,0,0,0,FALSE,0.0489846287727381,-0.0010153712272619,0.00603495677114711,0.0776849842063903,0.0769967065745697,0.991140145822879,0.0776838513368257,0.9404,0.30182154362871,0.1032,0.00430231937447698,NA,0.1032,NA,NA,NA,NA,NA,0,0.7006,1.04383799999993
47,"broad",0.05,"mlma_cr2",NA,NA,NA,NA,NA,5000,5000,0,0,0,FALSE,0.0489846287727381,-0.0010153712272619,0.00603495677114711,0.0776849842063903,0.0768090614016455,0.988724683235853,0.0776838513368257,0.9462,0.310811160846868,0.095,0.00414668542332307,NA,0.095,38.6532017829325,38.6531486264853,0.000765356427592129,38.6509459857406,38.6556360750579,0,0.7006,1.08021000000001
47,"broad",0.1,"mlma",NA,NA,NA,NA,NA,5000,5000,0,0,0,FALSE,0.0989846287726499,-0.00101537122735007,0.00603495677118006,0.0776849842066023,0.0769967064160817,0.991140143780037,0.0776838513370388,0.9404,0.301821543007449,0.2584,0.00619079057956252,NA,0.2584,NA,NA,NA,NA,NA,0,0.7006,1.04494199999997
47,"broad",0.1,"mlma_cr2",NA,NA,NA,NA,NA,5000,5000,0,0,0,FALSE,0.0989846287726499,-0.00101537122735007,0.00603495677118006,0.0776849842066023,0.0768090614013745,0.988724683229665,0.0776838513370388,0.9462,0.310811160845768,0.2382,0.00602429680543713,NA,0.2382,38.6532017829461,38.6531486264841,0.000765356429853314,38.6509459857325,38.6556360750581,0,0.7006,1.08079000000003
47,"broad",0.2,"mlma",NA,NA,NA,NA,NA,5000,5000,0,0,0,FALSE,0.198984628773071,-0.0010153712269293,0.00603495677131947,0.0776849842074997,0.0769967065650986,0.991140145686808,0.0776838513379305,0.9404,0.301821543591584,0.7256,0.00631038255575682,NA,0.7256,NA,NA,NA,NA,NA,0,0.7006,1.04449999999994
47,"broad",0.2,"mlma_cr2",NA,NA,NA,NA,NA,5000,5000,0,0,0,FALSE,0.198984628773071,-0.0010153712269293,0.00603495677131947,0.0776849842074997,0.0768090614013567,0.988724683218017,0.0776838513379305,0.9462,0.310811160845699,0.7058,0.00644432091069338,NA,0.7058,38.6532017829355,38.6531486264842,0.000765356431115337,38.6509459857366,38.655636075058,0,0.7006,1.08064199999999
48,"broad",0,"mlma",NA,NA,NA,NA,NA,5000,5000,0,0,0,FALSE,-8.2179435646561e-05,-8.2179435646561e-05,0.00207340966456959,0.0455347083505493,0.0452281485177887,0.993267556906249,0.0455302288166479,0.9462,0.177291084364589,0.0538,0.00319078548323136,0.0538,NA,NA,NA,NA,NA,NA,0,0,0.858113999999821
48,"broad",0,"mlma_cr2",NA,NA,NA,NA,NA,5000,5000,0,0,0,FALSE,-8.2179435646561e-05,-8.2179435646561e-05,0.00207340966456959,0.0455347083505493,0.0448183856825138,0.984268644864904,0.0455302288166479,0.947,0.182912680454802,0.053,0.00316831185333767,0.053,NA,30.5951283641251,30.6027153407812,0.0639618535777605,30.0745826030686,30.7804538333549,0,0,0.932809999999881
48,"broad",0.05,"mlma",NA,NA,NA,NA,NA,5000,5000,0,0,0,FALSE,0.0499178205592357,-8.21794407643503e-05,0.00207340966467406,0.0455347083516966,0.0452281485143978,0.993267556806754,0.0455302288178043,0.9462,0.177291084351297,0.2038,0.00569676329155425,NA,0.2038,NA,NA,NA,NA,NA,0,0,0.848451999999981
48,"broad",0.05,"mlma_cr2",NA,NA,NA,NA,NA,5000,5000,0,0,0,FALSE,0.0499178205592357,-8.21794407643503e-05,0.00207340966467406,0.0455347083516966,0.0448183856836375,0.984268644864784,0.0455302288178043,0.947,0.182912680459381,0.1914,0.0055635607303237,NA,0.1914,30.5951283641357,30.6027153398908,0.0639618534329837,30.0745826023219,30.7804538333146,0,0,0.922627999999959
48,"broad",0.1,"mlma",NA,NA,NA,NA,NA,5000,5000,0,0,0,FALSE,0.0999178205627653,-8.21794372346946e-05,0.00207340966462492,0.045534708351157,0.0452281485220164,0.993267556985839,0.0455302288172584,0.9462,0.177291084381161,0.5924,0.00694927679690484,NA,0.5924,NA,NA,NA,NA,NA,0,0,0.846840000000084
48,"broad",0.1,"mlma_cr2",NA,NA,NA,NA,NA,5000,5000,0,0,0,FALSE,0.0999178205627653,-8.21794372346946e-05,0.00207340966462492,0.045534708351157,0.0448183856832266,0.984268644867423,0.0455302288172584,0.947,0.182912680457732,0.5654,0.00701031868034542,NA,0.5654,30.5951283640603,30.6027153247271,0.0639618533985168,30.074582604067,30.7804538427419,0,0,0.920978000000122
48,"broad",0.2,"mlma",NA,NA,NA,NA,NA,5000,5000,0,0,0,FALSE,0.199917820569609,-8.21794303909329e-05,0.00207340966466563,0.045534708351604,0.0452281485419491,0.993267557413836,0.045530228817693,0.9462,0.177291084459296,0.9932,0.00116221856808434,NA,0.9932,NA,NA,NA,NA,NA,0,0,0.846421999999692
48,"broad",0.2,"mlma_cr2",NA,NA,NA,NA,NA,5000,5000,0,0,0,FALSE,0.199917820569609,-8.21794303909329e-05,0.00207340966466563,0.045534708351604,0.044818385681675,0.984268644823685,0.045530228817693,0.947,0.182912680451138,0.99,0.00140712472794703,NA,0.99,30.5951283651021,30.6027153174612,0.0639618528328407,30.0745826023411,30.7804538202866,0,0,0.920426000000117
49,"broad",0,"mlma",NA,NA,NA,NA,NA,5000,5000,0,0,0,FALSE,-0.00085452563890573,-0.00085452563890573,0.00270871029376263,0.0520452715792955,0.0520516149999004,1.00012188274578,0.0520470822022851,0.9378,0.204038581473899,0.0622,0.00341558662604244,0.0622,NA,NA,NA,NA,NA,NA,0,0.2134,0.545249999999999
49,"broad",0,"mlma_cr2",NA,NA,NA,NA,NA,5000,5000,0,0,0,FALSE,-0.00085452563890573,-0.00085452563890573,0.00270871029376263,0.0520452715792955,0.0491874072892874,0.945088877369888,0.0520470822022851,0.9624,0.281086046662117,0.0376,0.00269021337443705,0.0376,NA,3.71805727173894,3.75332413056024,0.197620653365828,2.24466046588807,4.11808039920136,0,0.2134,0.567292000000005
49,"broad",0.05,"mlma",NA,NA,NA,NA,NA,5000,5000,0,0,0,FALSE,0.0491454743603059,-0.000854525639694098,0.00270871029379221,0.0520452715795797,0.052051615007414,1.00012188288468,0.0520470822025822,0.9378,0.204038581503352,0.1666,0.00526961934109097,NA,0.1666,NA,NA,NA,NA,NA,0,0.2134,0.544851999999995
49,"broad",0.05,"mlma_cr2",NA,NA,NA,NA,NA,5000,5000,0,0,0,FALSE,0.0491454743603059,-0.000854525639694098,0.00270871029379221,0.0520452715795797,0.0491874072884669,0.945088877348962,0.0520470822025822,0.9624,0.281086046653051,0.1016,0.00427264414619331,NA,0.1016,3.71805727186732,3.75332412982688,0.197620653493729,2.24466046595543,4.1180803997958,0,0.2134,0.566607999999995
49,"broad",0.1,"mlma",NA,NA,NA,NA,NA,5000,5000,0,0,0,FALSE,0.0991454743618793,-0.000854525638120662,0.00270871029371858,0.0520452715788724,0.0520516150069487,1.00012188288934,0.0520470822018492,0.9378,0.204038581501528,0.4796,0.00706517996939922,NA,0.4796,NA,NA,NA,NA,NA,0,0.2134,0.545594000000003
49,"broad",0.1,"mlma_cr2",NA,NA,NA,NA,NA,5000,5000,0,0,0,FALSE,0.0991454743618793,-0.000854525638120662,0.00270871029371858,0.0520452715788724,0.0491874072892021,0.945088877375933,0.0520470822018492,0.9624,0.281086046656133,0.2932,0.00643791519049451,NA,0.2932,3.71805727187674,3.75332412996233,0.197620653471102,2.24466046661168,4.11808039961617,0,0.2134,0.567662000000002
49,"broad",0.2,"mlma",NA,NA,NA,NA,NA,5000,5000,0,0,0,FALSE,0.199145474360351,-0.000854525639648801,0.00270871029368419,0.052045271578542,0.052051615007068,1.00012188289798,0.0520470822015439,0.9378,0.204038581501996,0.9632,0.00266254614983478,NA,0.9632,NA,NA,NA,NA,NA,0,0.2134,0.544803999999984
49,"broad",0.2,"mlma_cr2",NA,NA,NA,NA,NA,5000,5000,0,0,0,FALSE,0.199145474360351,-0.000854525639648801,0.00270871029368419,0.052045271578542,0.0491874072889164,0.945088877376444,0.0520470822015439,0.9624,0.281086046655746,0.7934,0.00572566921852808,NA,0.7934,3.71805727186172,3.75332412890586,0.197620653498164,2.24466046586668,4.11808039986684,0,0.2134,0.566967999999994
50,"broad",0,"mlma",NA,NA,NA,NA,NA,5000,5000,0,0,0,FALSE,0.00117298085231759,0.00117298085231759,0.0194344811274688,0.13940760785362,0.13875508808437,0.995319338884749,0.139398601554403,0.9378,0.543909950634096,0.0622,0.00341558662604244,0.0622,NA,NA,NA,NA,NA,NA,0,0,0.30066199999998
50,"broad",0,"mlma_cr2",NA,NA,NA,NA,NA,5000,5000,0,0,0,FALSE,0.00117298085231759,0.00117298085231759,0.0194344811274688,0.13940760785362,0.133653636904736,0.958725559978578,0.139398601554403,0.96,0.725025431715723,0.04,0.0027712812921102,0.04,NA,4.25173919388268,4.2548922630631,0.0156159716325377,4.14709958997315,4.2786133198199,0,0,0.323089999999991
50,"broad",0.05,"mlma",NA,NA,NA,NA,NA,5000,5000,0,0,0,FALSE,0.051172980852505,0.00117298085250497,0.0194344811273744,0.139407607853282,0.138755088082554,0.995319338874142,0.139398601554066,0.9378,0.543909950626977,0.0784,0.00380140605565888,NA,0.0784,NA,NA,NA,NA,NA,0,0,0.300118000000004
50,"broad",0.05,"mlma_cr2",NA,NA,NA,NA,NA,5000,5000,0,0,0,FALSE,0.051172980852505,0.00117298085250497,0.0194344811273744,0.139407607853282,0.13365363690472,0.95872555998079,0.139398601554066,0.96,0.725025431715671,0.0522,0.00314563697841947,NA,0.0522,4.25173919388203,4.25489226312223,0.0156159716297679,4.14709958971562,4.27861331982307,0,0,0.322610000000003
50,"broad",0.1,"mlma",NA,NA,NA,NA,NA,5000,5000,0,0,0,FALSE,0.101172980852328,0.00117298085232755,0.0194344811273544,0.13940760785321,0.138755088085426,0.995319338895257,0.139398601553993,0.9378,0.543909950638237,0.1276,0.00471843702935623,NA,0.1276,NA,NA,NA,NA,NA,0,0,0.301574000000021
50,"broad",0.1,"mlma_cr2",NA,NA,NA,NA,NA,5000,5000,0,0,0,FALSE,0.101172980852328,0.00117298085232755,0.0194344811273544,0.13940760785321,0.133653636904765,0.958725559981606,0.139398601553993,0.96,0.725025431715716,0.0808,0.00385412402498934,NA,0.0808,4.25173919388652,4.25489226312223,0.0156159716310336,4.14709958994089,4.27861331980695,0,0,0.323850000000008
50,"broad",0.2,"mlma",NA,NA,NA,NA,NA,5000,5000,0,0,0,FALSE,0.201172980852267,0.00117298085226727,0.0194344811274,0.139407607853373,0.138755088096156,0.995319338971058,0.139398601554156,0.9378,0.543909950680297,0.3158,0.00657374109620998,NA,0.3158,NA,NA,NA,NA,NA,0,0,0.300829999999978
50,"broad",0.2,"mlma_cr2",NA,NA,NA,NA,NA,5000,5000,0,0,0,FALSE,0.201172980852267,0.00117298085226727,0.0194344811274,0.139407607853373,0.133653636904796,0.958725559980706,0.139398601554156,0.96,0.72502543171573,0.1938,0.00559001896240075,NA,0.1938,4.25173919388857,4.25489226301497,0.015615971639913,4.14709958988862,4.27861331978842,0,0,0.323262000000003
51,"broad",0,"mlma",NA,NA,NA,NA,NA,5000,5000,0,0,0,FALSE,5.37528690739943e-05,5.37528690739943e-05,0.00371506370007539,0.0609513223816792,0.0616407687201687,1.01131142543835,0.0609452506493025,0.9492,0.241627373341787,0.0508,0.00310545842026584,0.0508,NA,NA,NA,NA,NA,NA,0,0,0.888933999999938
51,"broad",0,"mlma_cr2",NA,NA,NA,NA,NA,5000,5000,0,0,0,FALSE,5.37528690739943e-05,5.37528690739943e-05,0.00371506370007539,0.0609513223816792,0.0618211823425443,1.01427138783664,0.0609452506493025,0.9528,0.247400001155108,0.0472,0.00299907185642492,0.0472,NA,59.0884747045069,59.0893561109809,0.00871370365601675,59.0430858917747,59.1116161127271,0,0,0.968673999999952
51,"broad",0.05,"mlma",NA,NA,NA,NA,NA,5000,5000,0,0,0,FALSE,0.0500537528795739,5.37528795739387e-05,0.00371506370008795,0.0609513223817823,0.0616407687017122,1.01131142513384,0.0609452506494148,0.9492,0.241627373269439,0.1276,0.00471843702935623,NA,0.1276,NA,NA,NA,NA,NA,0,0,0.877992000000021
51,"broad",0.05,"mlma_cr2",NA,NA,NA,NA,NA,5000,5000,0,0,0,FALSE,0.0500537528795739,5.37528795739387e-05,0.00371506370008795,0.0609513223817823,0.0618211823426675,1.01427138783695,0.0609452506494148,0.9528,0.247400001155593,0.12,0.00459565011723042,NA,0.12,59.0884747045975,59.0893561089335,0.00871370363477928,59.0430858612723,59.1116161134996,0,0,0.956765999999995
51,"broad",0.1,"mlma",NA,NA,NA,NA,NA,5000,5000,0,0,0,FALSE,0.100053752879798,5.37528797983078e-05,0.00371506369944763,0.0609513223765295,0.0616407687808666,1.01131142651964,0.0609452506441628,0.9492,0.241627373579719,0.3654,0.00681003436114679,NA,0.3654,NA,NA,NA,NA,NA,0,0,0.875281999999999
51,"broad",0.1,"mlma_cr2",NA,NA,NA,NA,NA,5000,5000,0,0,0,FALSE,0.100053752879798,5.37528797983078e-05,0.00371506369944763,0.0609513223765295,0.0618211823415483,1.01427138790599,0.0609452506441628,0.9528,0.247400001151125,0.354,0.00676289878676297,NA,0.354,59.0884747044663,59.0893561092283,0.00871370372034441,59.0430858844598,59.1116161132224,0,0,0.954214000000044
51,"broad",0.2,"mlma",NA,NA,NA,NA,NA,5000,5000,0,0,0,FALSE,0.200053752858735,5.37528587348512e-05,0.00371506369963111,0.0609513223780347,0.0616407686952653,1.01131142509025,0.0609452506456492,0.9492,0.241627373244168,0.9038,0.00417002541958679,NA,0.9038,NA,NA,NA,NA,NA,0,0,0.874158000000008
51,"broad",0.2,"mlma_cr2",NA,NA,NA,NA,NA,5000,5000,0,0,0,FALSE,0.200053752858735,5.37528587348512e-05,0.00371506369963111,0.0609513223780347,0.0618211823423824,1.01427138789463,0.0609452506456492,0.9528,0.247400001154466,0.8932,0.00436792307624573,NA,0.8932,59.0884747043939,59.0893561079594,0.00871370419032408,59.0430858782873,59.1116161135218,0,0,0.953724000000013
52,"broad",0,"mlma",NA,NA,NA,NA,NA,5000,5000,0,0,0,FALSE,0.00046928575431278,0.00046928575431278,0.00125663420901039,0.0354490367853682,0.0352708826201465,0.994974358081987,0.0354485981568776,0.947,0.138259319276854,0.053,0.00316831185333767,0.053,NA,NA,NA,NA,NA,NA,0,0,0.92250000000002
52,"broad",0,"mlma_cr2",NA,NA,NA,NA,NA,5000,5000,0,0,0,FALSE,0.00046928575431278,0.00046928575431278,0.00125663420901039,0.0354490367853682,0.0346787147660872,0.978269592374397,0.0354485981568776,0.9504,0.147786719291356,0.0496,0.00307049963361014,0.0496,NA,15.0495105972821,15.0606046269941,0.0545493435290752,14.6349151532842,15.139176704379,0,0,1.01791200000002
52,"broad",0.05,"mlma",NA,NA,NA,NA,NA,5000,5000,0,0,0,FALSE,0.0504692857518548,0.000469285751854835,0.00125663420893625,0.0354490367843225,0.0352708826173062,0.994974358031214,0.0354485981557996,0.947,0.13825931926572,0.3044,0.0065075439299324,NA,0.3044,NA,NA,NA,NA,NA,0,0,0.909936000000002
52,"broad",0.05,"mlma_cr2",NA,NA,NA,NA,NA,5000,5000,0,0,0,FALSE,0.0504692857518548,0.000469285751854835,0.00125663420893625,0.0354490367843225,0.0346787147648634,0.978269592368732,0.0354485981557996,0.9504,0.147786719286171,0.2756,0.00631893408732834,NA,0.2756,15.049510597288,15.0606046271556,0.0545493436312899,14.6349151664644,15.1391767041212,0,0,1.005212
52,"broad",0.1,"mlma",NA,NA,NA,NA,NA,5000,5000,0,0,0,FALSE,0.100469285754978,0.000469285754978246,0.00125663420890583,0.0354490367838934,0.0352708826267453,0.994974358309532,0.0354485981554119,0.947,0.138259319302721,0.8086,0.0055635607303237,NA,0.8086,NA,NA,NA,NA,NA,0,0,0.908475999999994
52,"broad",0.1,"mlma_cr2",NA,NA,NA,NA,NA,5000,5000,0,0,0,FALSE,0.100469285754978,0.000469285754978246,0.00125663420890583,0.0354490367838934,0.0346787147651545,0.978269592388786,0.0354485981554119,0.9504,0.147786719287088,0.76,0.0060398675482166,NA,0.76,15.049510597608,15.0606046270582,0.0545493430748387,14.6349151627536,15.1391767041089,0,0,1.00453000000002
52,"broad",0.2,"mlma",NA,NA,NA,NA,NA,5000,5000,0,0,0,FALSE,0.200469285755699,0.000469285755698573,0.00125663420910812,0.0354490367867467,0.0352708826219104,0.994974358093053,0.0354485981582742,0.947,0.138259319283768,0.9998,0.000199979998999889,NA,0.9998,NA,NA,NA,NA,NA,0,0,0.908211999999978
52,"broad",0.2,"mlma_cr2",NA,NA,NA,NA,NA,5000,5000,0,0,0,FALSE,0.200469285755699,0.000469285755698573,0.00125663420910812,0.0354490367867467,0.0346787147659337,0.978269592332026,0.0354485981582742,0.9504,0.147786719290494,0.999,0.00044698993277254,NA,0.999,15.0495105975025,15.060604627684,0.0545493432568409,14.6349151579705,15.139176704075,0,0,1.004172
53,"broad",0,"mlma",NA,NA,NA,NA,NA,5000,5000,0,0,0,FALSE,0.000643062842320179,0.000643062842320179,0.00290090559138469,0.0538600556199554,0.0535723291565402,0.994657887740678,0.0538585085208046,0.947,0.209999671429488,0.053,0.00316831185333767,0.053,NA,NA,NA,NA,NA,NA,0,0,0.443146000000041
53,"broad",0,"mlma_cr2",NA,NA,NA,NA,NA,5000,5000,0,0,0,FALSE,0.000643062842320179,0.000643062842320179,0.00290090559138469,0.0538600556199554,0.0535718183312001,0.99464840343298,0.0538585085208046,0.95,0.212176918636907,0.05,0.00308220700148449,0.05,NA,117.82004863704,117.821230072297,0.00924252027340631,117.750044201829,117.84124197023,0,0,0.526123999999969
53,"broad",0.05,"mlma",NA,NA,NA,NA,NA,5000,5000,0,0,0,FALSE,0.0506430628421672,0.000643062842167148,0.00290090559133572,0.0538600556195008,0.053572329153817,0.994657887698511,0.0538585085203483,0.947,0.209999671418813,0.1618,0.00520808525275845,NA,0.1618,NA,NA,NA,NA,NA,0,0,0.439054000000004
53,"broad",0.05,"mlma_cr2",NA,NA,NA,NA,NA,5000,5000,0,0,0,FALSE,0.0506430628421672,0.000643062842167148,0.00290090559133572,0.0538600556195008,0.0535718183311922,0.994648403441228,0.0538585085203483,0.95,0.212176918636876,0.157,0.00514491982444819,NA,0.157,117.820048637044,117.821230070847,0.00924252026626487,117.750044199514,117.841241970169,0,0,0.521396000000123
53,"broad",0.1,"mlma",NA,NA,NA,NA,NA,5000,5000,0,0,0,FALSE,0.100643062841877,0.000643062841876887,0.00290090559133891,0.0538600556195305,0.0535723291605329,0.994657887822656,0.0538585085203745,0.947,0.209999671445139,0.4736,0.00706120442984056,NA,0.4736,NA,NA,NA,NA,NA,0,0,0.438966000000083
53,"broad",0.1,"mlma_cr2",NA,NA,NA,NA,NA,5000,5000,0,0,0,FALSE,0.100643062841877,0.000643062841876887,0.00290090559133891,0.0538600556195305,0.0535718183312334,0.994648403441445,0.0538585085203745,0.95,0.212176918637039,0.465,0.00705372242153035,NA,0.465,117.820048637047,117.82123007199,0.00924252028047424,117.750044199793,117.841241970125,0,0,0.521368000000004
53,"broad",0.2,"mlma",NA,NA,NA,NA,NA,5000,5000,0,0,0,FALSE,0.200643062841952,0.000643062841952452,0.00290090559134342,0.0538600556195723,0.0535723291616605,0.994657887842819,0.0538585085204172,0.947,0.209999671449559,0.96,0.0027712812921102,NA,0.96,NA,NA,NA,NA,NA,0,0,0.437505999999921
53,"broad",0.2,"mlma_cr2",NA,NA,NA,NA,NA,5000,5000,0,0,0,FALSE,0.200643062841952,0.000643062841952452,0.00290090559134342,0.0538600556195723,0.0535718183312242,0.994648403440503,0.0538585085204172,0.95,0.212176918637002,0.9584,0.00282380735886852,NA,0.9584,117.820048637058,117.821230071021,0.00924252025394047,117.750044200207,117.841241970175,0,0,0.519887999999989
54,"broad",0,"mlma",NA,NA,NA,NA,NA,5000,4999,1,0,2e-04,FALSE,0.00101432574615491,0.00101432574615491,0.00444603422449921,0.0666785889510209,0.0663340612166837,0.994833008020156,0.0666796347957656,0.944188837767553,0.26002474186595,0.0558111622324465,0.00324674661057075,0.0558111622324465,NA,NA,NA,NA,NA,NA,0,0.711942388477696,1.16683136627317
54,"broad",0,"mlma_cr2",NA,NA,NA,NA,NA,5000,4999,1,0,2e-04,FALSE,0.00101432574615491,0.00101432574615491,0.00444603422449921,0.0666785889510209,0.0662986344910289,0.994301702151029,0.0666796347957656,0.948589717943589,0.268709054075348,0.0514102820564113,0.0031233642233772,0.0514102820564113,NA,36.8314215571947,36.8317870926007,0.00328737249603061,36.810636193903,36.8398371319326,0,0.711942388477696,1.26224844968997
54,"broad",0.05,"mlma",NA,NA,NA,NA,NA,5000,4999,1,0,2e-04,FALSE,0.0509846557259464,0.000984655725946394,0.00444277788258,0.066654166280736,0.0663334332297245,0.995188101976092,0.0666547724934641,0.944388877775555,0.260022280202305,0.118623724744949,0.00457324941989479,NA,0.118623724744949,NA,NA,NA,NA,NA,0,0.711942388477696,1.15823964792959
54,"broad",0.05,"mlma_cr2",NA,NA,NA,NA,NA,5000,4999,1,0,2e-04,FALSE,0.0509846557259464,0.000984655725946394,0.00444277788258,0.066654166280736,0.0663000748627761,0.994687632630967,0.0666547724934641,0.94878975795159,0.268714892067069,0.112222444488898,0.00446426919307656,NA,0.112222444488898,36.8314209892265,36.8317870926104,0.00328766159402505,36.8106361938701,36.8398371319284,0,0.711942388477696,1.25428485697125
54,"broad",0.1,"mlma",NA,NA,NA,NA,NA,5000,4999,1,0,2e-04,FALSE,0.101031969312487,0.00103196931248738,0.00444379590330818,0.0666618024306888,0.0663331217314991,0.995069429760297,0.0666631226916505,0.944188837767553,0.260021059151699,0.335067013402681,0.00667595204098624,NA,0.335067013402681,NA,NA,NA,NA,NA,0,0.711942388477696,1.15895179035816
54,"broad",0.1,"mlma_cr2",NA,NA,NA,NA,NA,5000,4999,1,0,2e-04,FALSE,0.101031969312487,0.00103196931248738,0.00444379590330818,0.0666618024306888,0.0662994895914924,0.994564910848712,0.0666631226916505,0.948589717943589,0.26871252001424,0.315863172634527,0.0065747525608043,NA,0.315863172634527,36.8314207485549,36.8317849670733,0.0032876360520475,36.8106361938889,36.8398371319368,0,0.711942388477696,1.25455291058219
54,"broad",0.2,"mlma",NA,NA,NA,NA,NA,5000,5000,0,0,0,FALSE,0.201010463735992,0.00101046373599151,0.00444521941562494,0.0666724786971727,0.0663333436620256,0.994913417923347,0.0666734685516178,0.9442,0.260021929103377,0.8522,0.00501906684554012,NA,0.8522,NA,NA,NA,NA,NA,0,0.712,1.15756600000003
54,"broad",0.2,"mlma_cr2",NA,NA,NA,NA,NA,5000,5000,0,0,0,FALSE,0.201010463735992,0.00101046373599151,0.00444521941562494,0.0666724786971727,0.0662993080907587,0.994402928859014,0.0666734685516178,0.9486,0.268711784352847,0.8308,0.00530228931688945,NA,0.8308,36.8314209385902,36.8317860298548,0.00328733463950455,36.8106361938966,36.8398371319314,0,0.712,1.25315799999998
55,"broad",0,"mlma",NA,NA,NA,NA,NA,5000,5000,0,0,0,FALSE,-0.000711633447887644,-0.000711633447887644,0.00335756208770465,0.05794447417748,0.0565276045670354,0.975547804504966,0.0579430496043422,0.9346,0.221584138167422,0.0654,0.00349636496950762,0.0654,NA,NA,NA,NA,NA,NA,2e-04,0,0.303183999999971
55,"broad",0,"mlma_cr2",NA,NA,NA,NA,NA,5000,5000,0,0,0,FALSE,-0.000711633447887644,-0.000711633447887644,0.00335756208770465,0.05794447417748,0.0567648706773706,0.979642519552487,0.0579430496043422,0.9456,0.237230285606562,0.0544,0.0032075111847038,0.0544,NA,19.3894526914746,19.6007898064927,1.08985666121422,12.2275230900201,21.3475697353804,2e-04,0,0.32445799999992
55,"broad",0.05,"mlma",NA,NA,NA,NA,NA,5000,5000,0,0,0,FALSE,0.0492883665514842,-0.00071163344851579,0.00335756208769611,0.0579444741774063,0.0565276045765377,0.975547804670198,0.0579430496042762,0.9346,0.221584138204671,0.1644,0.0052416150182935,NA,0.1644,NA,NA,NA,NA,NA,2e-04,0,0.303271999999834
55,"broad",0.05,"mlma_cr2",NA,NA,NA,NA,NA,5000,5000,0,0,0,FALSE,0.0492883665514842,-0.00071163344851579,0.00335756208769611,0.0579444741774063,0.0567648706768333,0.979642519544461,0.0579430496042762,0.9456,0.237230285603279,0.1342,0.00482058834583498,NA,0.1342,19.3894526928174,19.6007897591711,1.08985666141699,12.2275230895592,21.3475697340901,2e-04,0,0.324444000000038
55,"broad",0.1,"mlma",NA,NA,NA,NA,NA,5000,5000,0,0,0,FALSE,0.0992883665484147,-0.0007116334515853,0.00335756208808444,0.0579444741807572,0.0565276045599751,0.975547804327947,0.0579430496076642,0.9346,0.221584138139747,0.4224,0.00698538817819024,NA,0.4224,NA,NA,NA,NA,NA,2e-04,0,0.302624000000008
55,"broad",0.1,"mlma_cr2",NA,NA,NA,NA,NA,5000,5000,0,0,0,FALSE,0.0992883665484147,-0.0007116334515853,0.00335756208808444,0.0579444741807572,0.0567648706779876,0.979642519507731,0.0579430496076642,0.9456,0.237230285610399,0.3736,0.00684138933258443,NA,0.3736,19.3894526899945,19.6007897618154,1.08985666149228,12.2275230903378,21.3475697362476,2e-04,0,0.323830000000115
55,"broad",0.2,"mlma",NA,NA,NA,NA,NA,5000,5000,0,0,0,FALSE,0.199288366550219,-0.000711633449780535,0.00335756208771516,0.0579444741775707,0.0565276045637377,0.97554780444653,0.0579430496044561,0.9346,0.221584138154496,0.932,0.00356022471200906,NA,0.932,NA,NA,NA,NA,NA,2e-04,0,0.301728000000044
55,"broad",0.2,"mlma_cr2",NA,NA,NA,NA,NA,5000,5000,0,0,0,FALSE,0.199288366550219,-0.000711633449780535,0.00335756208771516,0.0579444741775707,0.0567648706771651,0.979642519547409,0.0579430496044561,0.9456,0.237230285605981,0.9098,0.00405127041802939,NA,0.9098,19.3894526911722,19.6007897512239,1.08985666128571,12.227523089976,21.3475697351194,2e-04,0,0.322832000000251
56,"broad",0,"mlma",NA,NA,NA,NA,NA,5000,5000,0,0,0,FALSE,-0.000294505979935638,-0.000294505979935638,0.00493956096370432,0.0702820102423396,0.0695258832629732,0.989241528852701,0.0702755987899342,0.9406,0.272536454377527,0.0594,0.00334280241713446,0.0594,NA,NA,NA,NA,NA,NA,0,0.5764,0.706566000000035
56,"broad",0,"mlma_cr2",NA,NA,NA,NA,NA,5000,5000,0,0,0,FALSE,-0.000294505979935638,-0.000294505979935638,0.00493956096370432,0.0702820102423396,0.06951030948823,0.989019939079024,0.0702755987899342,0.9496,0.282665054769589,0.0504,0.00309385972532693,0.0504,NA,33.5446082746061,33.5455597312144,0.00492802287167038,33.4965400429933,33.5541748732172,0,0.5764,0.730304000000001
56,"broad",0.05,"mlma",NA,NA,NA,NA,NA,5000,4998,2,0,4e-04,FALSE,0.0496918464276104,-0.000308153572389586,0.00494094470235623,0.0702918537410718,0.0695272048989141,0.989121800017191,0.070285496915126,0.940576230492197,0.272541635095217,0.122048819527811,0.00463024369754068,NA,0.122048819527811,NA,NA,NA,NA,NA,0,0.576230492196879,0.706728691476616
56,"broad",0.05,"mlma_cr2",NA,NA,NA,NA,NA,5000,4998,2,0,4e-04,FALSE,0.0496918464276104,-0.000308153572389586,0.00494094470235623,0.0702918537410718,0.0695119415171595,0.988904657049091,0.070285496915126,0.949579831932773,0.282671691301285,0.106842737094838,0.00436956640517248,NA,0.106842737094838,33.5446085524701,33.5455606461238,0.00492895919959277,33.4965400427363,33.5541748732162,0,0.576230492196879,0.730472188875633
56,"broad",0.1,"mlma",NA,NA,NA,NA,NA,5000,4999,1,0,2e-04,FALSE,0.099707328859356,-0.000292671140644019,0.00494053243481414,0.0702889211384991,0.0695284867870487,0.989181305686112,0.0702824998635003,0.940588117623525,0.272546660004369,0.305461092218444,0.00651455374940929,NA,0.305461092218444,NA,NA,NA,NA,NA,0,0.57631526305261,0.702274454890829
56,"broad",0.1,"mlma_cr2",NA,NA,NA,NA,NA,5000,4999,1,0,2e-04,FALSE,0.099707328859356,-0.000292671140644019,0.00494053243481414,0.0702889211384991,0.0695125553389963,0.988954649083701,0.0702824998635003,0.949589917983597,0.282674187101414,0.278255651130226,0.00633829026895824,NA,0.278255651130226,33.5446099226931,33.5455603697679,0.00492713760638008,33.4965400429447,33.5541748732192,0,0.57631526305261,0.726111222244374
56,"broad",0.2,"mlma",NA,NA,NA,NA,NA,5000,4999,1,0,2e-04,FALSE,0.199713240459078,-0.000286759540921944,0.00494024917464997,0.0702869061394082,0.0695252646189287,0.989163820655745,0.0702804607141975,0.940588117623525,0.272534029337434,0.805361072214443,0.00559974950815838,NA,0.805361072214443,NA,NA,NA,NA,NA,0,0.576515303060612,0.702880576115156
56,"broad",0.2,"mlma_cr2",NA,NA,NA,NA,NA,5000,4999,1,0,2e-04,FALSE,0.199713240459078,-0.000286759540921944,0.00494024917464997,0.0702869061394082,0.0695093600202941,0.988937539552932,0.0702804607141975,0.949589917983597,0.282661193865472,0.784756951390278,0.00581286965428492,NA,0.784756951390278,33.544607786232,33.5455590910111,0.00492839483956791,33.4965400429869,33.5541748732178,0,0.576515303060612,0.726507301460295
57,"broad",0,"mlma",NA,NA,NA,NA,NA,5000,4907,93,0,0.0186,TRUE,-0.000213680860522818,-0.000213680860522818,0.00269779578072281,0.0519403097865503,0.0513939745253249,0.989481478576647,0.0519354566271718,0.940900754024862,0.201460678184012,0.0590992459751376,0.00336631575174309,0.0590992459751376,NA,NA,NA,NA,NA,NA,0,1,1.88909109435496
57,"broad",0,"mlma_cr2",NA,NA,NA,NA,NA,5000,4907,93,0,0.0186,TRUE,-0.000213680860522818,-0.000213680860522818,0.00269779578072281,0.0519403097865503,0.0513579867819965,0.988788611254979,0.0519354566271718,0.944976564092113,0.203659640127985,0.0550234359078867,0.00325519000276509,0.0550234359078867,NA,105.313034918425,105.320738168788,0.0738873565600885,104.944767056372,105.493257065284,0,1,1.97782759323416
57,"broad",0.05,"mlma",NA,NA,NA,NA,NA,5000,4918,82,0,0.0164,TRUE,0.0497076835469733,-0.000292316453026666,0.00269461493296971,0.0519096805323411,0.0514008819876047,0.990198388055589,0.0519052258755255,0.940626270841806,0.201487754938598,0.163887759251728,0.0052785092542275,NA,0.163887759251728,NA,NA,NA,NA,NA,0,1,1.87710044733628
57,"broad",0.05,"mlma_cr2",NA,NA,NA,NA,NA,5000,4918,82,0,0.0164,TRUE,0.0497076835469733,-0.000292316453026666,0.00269461493296971,0.0519096805323411,0.0513726496738059,0.989654514282734,0.0519052258755255,0.944489629930866,0.203717782091512,0.160227734851566,0.00523064623072841,NA,0.160227734851566,105.313202090133,105.320952290216,0.0737652004513174,104.94476705474,105.493257069002,0,1,1.96702114680763
57,"broad",0.1,"mlma",NA,NA,NA,NA,NA,5000,4940,60,0,0.012,TRUE,0.0998061536573563,-0.000193846342643703,0.00268372068660455,0.0518046396243092,0.0513993264682054,0.99217612246619,0.0517997586839188,0.941295546558704,0.201481657414598,0.496153846153846,0.00711366944237237,NA,0.496153846153846,NA,NA,NA,NA,NA,0,1,1.87447570850207
57,"broad",0.1,"mlma_cr2",NA,NA,NA,NA,NA,5000,4940,60,0,0.012,TRUE,0.0998061536573563,-0.000193846342643703,0.00268372068660455,0.0518046396243092,0.0513713015825218,0.991635149960893,0.0517997586839188,0.945344129554656,0.203712436866802,0.487854251012146,0.00711178073758027,NA,0.487854251012146,105.313177232771,105.321008705283,0.0737654276962512,104.944767056447,105.493257069394,0,1,1.9633259109312
57,"broad",0.2,"mlma",NA,NA,NA,NA,NA,5000,4930,70,0,0.014,TRUE,0.199842537474535,-0.000157462525464613,0.0026993891147068,0.0519556456480602,0.051399466727439,0.989295120603664,0.0519506146808943,0.940365111561866,0.20148220722069,0.969574036511156,0.00244618443768417,NA,0.969574036511156,NA,NA,NA,NA,NA,0,1,1.87207302231236
57,"broad",0.2,"mlma_cr2",NA,NA,NA,NA,NA,5000,4930,70,0,0.014,TRUE,0.199842537474535,-0.000157462525464613,0.0026993891147068,0.0519556456480602,0.0513702845933106,0.988733446626479,0.0519506146808943,0.944624746450304,0.203708404300807,0.966937119675456,0.00254651359602976,NA,0.966937119675456,105.313151848726,105.320966631243,0.0738981625012311,104.944767055186,105.493257069475,0,1,1.96160040567957
58,"broad",0,"mlma",NA,NA,NA,NA,NA,5000,4998,2,0,4e-04,FALSE,0.00132649415247777,0.00132649415247777,0.00948162617551938,0.0973736420984621,0.104715825595011,1.07540216570234,0.0973729360663794,0.951180472188876,0.410478493555198,0.0488195278111244,0.00304810640958585,0.0488195278111244,NA,NA,NA,NA,NA,NA,0.113845538215286,0,0.420868347338984
58,"broad",0,"mlma_cr2",NA,NA,NA,NA,NA,5000,4998,2,0,4e-04,FALSE,0.00132649415247777,0.00132649415247777,0.00948162617551938,0.0973736420984621,0.0937613722801782,0.96290300187569,0.0973729360663794,0.974389755902361,0.618444906992832,0.0256102440976391,0.00223447287891313,0.0256102440976391,NA,2.83568570862548,2.82916066254056,0.0609266867172172,2.68484454115554,3.03240265847511,0.113845538215286,0,0.4413985594238
58,"broad",0.05,"mlma",NA,NA,NA,NA,NA,5000,4989,11,0,0.0022,FALSE,0.0513332906521557,0.0013332906521557,0.00946742439210019,0.0973006906044361,0.104755633302461,1.07661757230822,0.0973000739790751,0.951493285227501,0.410634536901018,0.0713569853678092,0.00364448270136637,NA,0.0713569853678092,NA,NA,NA,NA,NA,0.11244738424534,0,0.419597113650028
58,"broad",0.05,"mlma_cr2",NA,NA,NA,NA,NA,5000,4989,11,0,0.0022,FALSE,0.0513332906521557,0.0013332906521557,0.00946742439210019,0.0973006906044361,0.093785984094302,0.963877887317135,0.0973000739790751,0.974543996792944,0.618623156215434,0.0382842252956504,0.00271660533678621,NA,0.0382842252956504,2.83553044801808,2.82903270337401,0.0608273355619238,2.68484454113063,3.03240265848856,0.11244738424534,0,0.440234515935025
58,"broad",0.1,"mlma",NA,NA,NA,NA,NA,5000,4993,7,0,0.0014,FALSE,0.101275917358163,0.00127591735816292,0.00948012563534488,0.0973659367301773,0.104740994745195,1.075745771701,0.0973645465103498,0.951131584217905,0.410577154810963,0.162427398357701,0.00521987486968866,NA,0.162427398357701,NA,NA,NA,NA,NA,0.113158421790507,0,0.420356499098787
58,"broad",0.1,"mlma_cr2",NA,NA,NA,NA,NA,5000,4993,7,0,0.0014,FALSE,0.101275917358163,0.00127591735816292,0.00948012563534488,0.0973659367301773,0.0937828851244416,0.963200152681065,0.0973645465103498,0.974364109753655,0.618593028082413,0.0815141197676747,0.00387232571955212,NA,0.0815141197676747,2.83558851201041,2.82909846210647,0.0608295302471229,2.68484454109763,3.03240265839031,0.113158421790507,0,0.44085720008017
58,"broad",0.2,"mlma",NA,NA,NA,NA,NA,5000,4993,7,0,0.0014,FALSE,0.201287058712862,0.00128705871286242,0.0094723040009534,0.0973257622675178,0.104740330782336,1.07618299967112,0.0973245262219144,0.951331864610455,0.410574552124381,0.485079110755057,0.00707287134943114,NA,0.485079110755057,NA,NA,NA,NA,NA,0.112958141397957,0,0.420903264570409
58,"broad",0.2,"mlma_cr2",NA,NA,NA,NA,NA,5000,4993,7,0,0.0014,FALSE,0.201287058712862,0.00128705871286242,0.0094723040009534,0.0973257622675178,0.0938074915731936,0.963850571396978,0.0973245262219144,0.974364109753655,0.618756240142902,0.259963949529341,0.00620729261184666,NA,0.259963949529341,2.83558909658805,2.82903865550418,0.0608788638258956,2.68484454121043,3.03240265833001,0.112958141397957,0,0.441353895453669
59,"broad",0,"mlma",NA,NA,NA,NA,NA,5000,5000,0,0,0,FALSE,0.00049144832893141,0.00049144832893141,0.00162013987524457,0.040250961171686,0.04012035989137,0.996755325176984,0.0402499362574592,0.9428,0.157268920867741,0.0572,0.00328414859590732,0.0572,NA,NA,NA,NA,NA,NA,0,0,0.497303999999976
59,"broad",0,"mlma_cr2",NA,NA,NA,NA,NA,5000,5000,0,0,0,FALSE,0.00049144832893141,0.00049144832893141,0.00162013987524457,0.040250961171686,0.0400960995604801,0.996152598430002,0.0402499362574592,0.9488,0.161522358427456,0.0512,0.0031170036894428,0.0512,NA,44.8789785970271,45.0578744405187,1.29249343202661,36.5288260687096,47.8744611736607,0,0,0.567625999999985
59,"broad",0.05,"mlma",NA,NA,NA,NA,NA,5000,5000,0,0,0,FALSE,0.0504914483370878,0.000491448337087773,0.00162013987492787,0.0402509611677519,0.040120359877443,0.996755324928401,0.0402499362536255,0.9428,0.157268920813148,0.2352,0.00599801567187016,NA,0.2352,NA,NA,NA,NA,NA,0,0,0.492295999999977
59,"broad",0.05,"mlma_cr2",NA,NA,NA,NA,NA,5000,5000,0,0,0,FALSE,0.0504914483370878,0.000491448337087773,0.00162013987492787,0.0402509611677519,0.040096099560138,0.996152598518864,0.0402499362536255,0.9488,0.161522358426596,0.2246,0.00590177668164427,NA,0.2246,44.8789785918859,45.0578744458196,1.29249343303302,36.5288260597137,47.8744610827104,0,0,0.562545999999928
59,"broad",0.1,"mlma",NA,NA,NA,NA,NA,5000,5000,0,0,0,FALSE,0.10049144832858,0.000491448328579613,0.00162013987493301,0.0402509611678157,0.0401203598861057,0.996755325142038,0.0402499362535853,0.9428,0.157268920847105,0.707,0.00643662955280168,NA,0.707,NA,NA,NA,NA,NA,0,0,0.492733999999988
59,"broad",0.1,"mlma_cr2",NA,NA,NA,NA,NA,5000,5000,0,0,0,FALSE,0.10049144832858,0.000491448328579613,0.00162013987493301,0.0402509611678157,0.0400960995599956,0.996152598513749,0.0402499362535853,0.9488,0.161522358425703,0.6922,0.00652777389314305,NA,0.6922,44.8789785952088,45.0578744251453,1.29249343297634,36.5288260582003,47.8744612066626,0,0,0.562371999999955
59,"broad",0.2,"mlma",NA,NA,NA,NA,NA,5000,5000,0,0,0,FALSE,0.200491448347362,0.000491448347361922,0.00162013987417374,0.040250961158384,0.0401203598633054,0.996755324809147,0.0402499362443846,0.9428,0.15726892075773,0.9984,0.00056523269544499,NA,0.9984,NA,NA,NA,NA,NA,0,0,0.489436000000041
59,"broad",0.2,"mlma_cr2",NA,NA,NA,NA,NA,5000,5000,0,0,0,FALSE,0.200491448347362,0.000491448347361922,0.00162013987417374,0.040250961158384,0.040096099557185,0.996152598677343,0.0402499362443846,0.9488,0.161522358415163,0.9976,0.000691988439209783,NA,0.9976,44.8789785866333,45.0578744379347,1.29249342778983,36.5288259701481,47.8744610828681,0,0,0.55935800000008
60,"broad",0,"mlma",NA,NA,NA,NA,NA,5000,5000,0,0,0,FALSE,0.00180049035387715,0.00180049035387715,0.00515099267029626,0.0717704164004659,0.0717510402784165,0.999730026339247,0.0717858219795289,0.948,0.281258909597958,0.052,0.00313993630508646,0.052,NA,NA,NA,NA,NA,NA,0,0,0.882443999999951
60,"broad",0,"mlma_cr2",NA,NA,NA,NA,NA,5000,5000,0,0,0,FALSE,0.00180049035387715,0.00180049035387715,0.00515099267029626,0.0717704164004659,0.0713015186401175,0.993466698622284,0.0717858219795289,0.9512,0.288975636613358,0.0488,0.00304691844328003,0.0488,NA,36.8691979777875,36.8701345564938,0.00924298763239548,36.8257032535233,36.8940025932145,0,0,0.961064000000121
60,"broad",0.05,"mlma",NA,NA,NA,NA,NA,5000,5000,0,0,0,FALSE,0.0518004903539167,0.00180049035391672,0.00515099267030648,0.071770416400537,0.0717510402782868,0.999730026336449,0.071785821979601,0.948,0.28125890959745,0.1088,0.00440369299565717,NA,0.1088,NA,NA,NA,NA,NA,0,0,0.873051999999894
60,"broad",0.05,"mlma_cr2",NA,NA,NA,NA,NA,5000,5000,0,0,0,FALSE,0.0518004903539167,0.00180049035391672,0.00515099267030648,0.071770416400537,0.07130151864014,0.993466698621613,0.071785821979601,0.9512,0.288975636613451,0.1054,0.00434259922166437,NA,0.1054,36.8691979777845,36.8701345567483,0.00924298760428455,36.825703251412,36.8940025933011,0,0,0.952103999999919
60,"broad",0.1,"mlma",NA,NA,NA,NA,NA,5000,5000,0,0,0,FALSE,0.10180049035401,0.00180049035400985,0.00515099267028515,0.0717704164003885,0.0717510402784581,0.999730026340905,0.0717858219794548,0.948,0.281258909598121,0.3028,0.00649787903857867,NA,0.3028,NA,NA,NA,NA,NA,0,0,0.870311999999985
60,"broad",0.1,"mlma_cr2",NA,NA,NA,NA,NA,5000,5000,0,0,0,FALSE,0.10180049035401,0.00180049035400985,0.00515099267028515,0.0717704164003885,0.0713015186401143,0.993466698623312,0.0717858219794548,0.9512,0.288975636613347,0.2876,0.0064013473581739,NA,0.2876,36.869197977783,36.8701345567612,0.00924298761939788,36.8257032491447,36.8940025933738,0,0,0.94919799999994
60,"broad",0.2,"mlma",NA,NA,NA,NA,NA,5000,5000,0,0,0,FALSE,0.201800490353928,0.00180049035392832,0.00515099267031499,0.0717704164005963,0.071751040278013,0.999730026331808,0.0717858219796605,0.948,0.281258909596377,0.7986,0.00567164949551716,NA,0.7986,NA,NA,NA,NA,NA,0,0,0.870819999999992
60,"broad",0.2,"mlma_cr2",NA,NA,NA,NA,NA,5000,5000,0,0,0,FALSE,0.201800490353928,0.00180049035392832,0.00515099267031499,0.0717704164005963,0.0713015186400905,0.993466698620103,0.0717858219796605,0.9512,0.28897563661325,0.784,0.00581969071343143,NA,0.784,36.86919797778,36.8701345564912,0.00924298769682015,36.8257031751852,36.8940025932267,0,0,0.949608000000005
61,"broad",0,"mlma",NA,NA,NA,NA,NA,5000,5000,0,0,0,FALSE,-0.0013276597828491,-0.0013276597828491,0.0260240856736455,0.161319824180556,0.160508175920248,0.994968701060577,0.161309155155589,0.9452,0.629180488055812,0.0548,0.00321860093829602,0.0548,NA,NA,NA,NA,NA,NA,0,1,1.21184399999989
61,"broad",0,"mlma_cr2",NA,NA,NA,NA,NA,5000,5000,0,0,0,FALSE,-0.0013276597828491,-0.0013276597828491,0.0260240856736455,0.161319824180556,0.1503336001774,0.931897867735957,0.161309155155589,0.9566,0.853684819917194,0.0434,0.00288154264240528,0.0434,NA,3.78630352500623,3.78653540533744,0.0013353656369485,3.77470071639386,3.78911507588758,0,1,1.24141599999991
61,"broad",0.05,"mlma",NA,NA,NA,NA,NA,5000,5000,0,0,0,FALSE,0.0486723402188768,-0.00132765978112317,0.0260240856741316,0.161319824182063,0.160508175826516,0.994968700470251,0.161309155157081,0.9452,0.629180487688389,0.0688,0.00357956868910208,NA,0.0688,NA,NA,NA,NA,NA,0,1,1.21070200000014
61,"broad",0.05,"mlma_cr2",NA,NA,NA,NA,NA,5000,5000,0,0,0,FALSE,0.0486723402188768,-0.00132765978112317,0.0260240856741316,0.161319824182063,0.150333600177111,0.931897867725464,0.161309155157081,0.9566,0.853684819915832,0.0494,0.0030646252625729,NA,0.0494,3.78630352500231,3.78653540528361,0.00133536564006729,3.77470071641017,3.78911507588728,0,1,1.2397780000002
61,"broad",0.1,"mlma",NA,NA,NA,NA,NA,5000,5000,0,0,0,FALSE,0.0986723402189196,-0.00132765978108045,0.0260240856733957,0.161319824179782,0.16050817592829,0.994968701115201,0.1613091551548,0.9452,0.629180488087335,0.1004,0.0042501727023734,NA,0.1004,NA,NA,NA,NA,NA,0,1,1.20741999999996
61,"broad",0.1,"mlma_cr2",NA,NA,NA,NA,NA,5000,5000,0,0,0,FALSE,0.0986723402189196,-0.00132765978108045,0.0260240856733957,0.161319824179782,0.150333600178091,0.931897867744716,0.1613091551548,0.9566,0.85368481992067,0.0682,0.00356507391227728,NA,0.0682,3.78630352501099,3.78653540515278,0.00133536562696219,3.77470071640699,3.78911507588761,0,1,1.23731999999983
61,"broad",0.2,"mlma",NA,NA,NA,NA,NA,5000,5000,0,0,0,FALSE,0.198672340217807,-0.00132765978219346,0.0260240856736342,0.161319824180521,0.160508175984711,0.994968701460389,0.161309155155548,0.9452,0.629180488308501,0.2438,0.00607225757029459,NA,0.2438,NA,NA,NA,NA,NA,0,1,1.20866399999982
61,"broad",0.2,"mlma_cr2",NA,NA,NA,NA,NA,5000,5000,0,0,0,FALSE,0.198672340217807,-0.00132765978219346,0.0260240856736342,0.161319824180521,0.150333600177543,0.931897867737049,0.161309155155548,0.9566,0.853684819917248,0.1524,0.00508279922877149,NA,0.1524,3.78630352501223,3.7865354051497,0.00133536562505074,3.77470071639399,3.78911507588739,0,1,1.23799799999991
62,"broad",0,"mlma",NA,NA,NA,NA,NA,5000,5000,0,0,0,FALSE,-0.000541655533441846,-0.000541655533441846,0.000650264168856398,0.0255002778192003,0.0247244283656995,0.969574862713196,0.0255034802868066,0.9392,0.0969179782702229,0.0608,0.00337944847571316,0.0608,NA,NA,NA,NA,NA,NA,0,0,0.714651999999929
62,"broad",0,"mlma_cr2",NA,NA,NA,NA,NA,5000,5000,0,0,0,FALSE,-0.000541655533441846,-0.000541655533441846,0.000650264168856398,0.0255002778192003,0.0253172704471759,0.992823318501784,0.0255034802868066,0.9476,0.100140652255304,0.0524,0.00315132480077824,0.0524,NA,134.798698709839,134.852312364268,0.565505072149205,131.52547389772,136.199200474343,0,0,0.797213999999929
62,"broad",0.05,"mlma",NA,NA,NA,NA,NA,5000,5000,0,0,0,FALSE,0.0494583444776029,-0.000541655522397107,0.000650264169893067,0.0255002778395269,0.0247244283681715,0.969574862037276,0.0255034803068921,0.9392,0.0969179782799131,0.5166,0.00706716973052155,NA,0.5166,NA,NA,NA,NA,NA,0,0,0.705189999999988
62,"broad",0.05,"mlma_cr2",NA,NA,NA,NA,NA,5000,5000,0,0,0,FALSE,0.0494583444776029,-0.000541655522397107,0.000650264169893067,0.0255002778395269,0.0253172704456363,0.992823317650018,0.0255034803068921,0.9476,0.100140652249237,0.4916,0.00707006987235628,NA,0.4916,134.798698705478,134.852312320505,0.565505087521527,131.525473730948,136.199200472763,0,0,0.787453999999771
62,"broad",0.1,"mlma",NA,NA,NA,NA,NA,5000,5000,0,0,0,FALSE,0.0994583444721937,-0.000541655527806342,0.000650264169218216,0.0255002778262947,0.0247244283758781,0.969574862842612,0.025503480293779,0.9392,0.0969179783101226,0.9774,0.00210186774084384,NA,0.9774,NA,NA,NA,NA,NA,0,0,0.704036000000083
62,"broad",0.1,"mlma_cr2",NA,NA,NA,NA,NA,5000,5000,0,0,0,FALSE,0.0994583444721937,-0.000541655527806342,0.000650264169218216,0.0255002778262947,0.0253172704477566,0.992823318248346,0.025503480293779,0.9476,0.1001406522576,0.9724,0.00231681850821336,NA,0.9724,134.798698709834,134.852312359464,0.565505085397003,131.52547394928,136.199200477947,0,0,0.786402000000051
62,"broad",0.2,"mlma",NA,NA,NA,NA,NA,5000,5000,0,0,0,FALSE,0.199458344472422,-0.000541655527577511,0.000650264169081575,0.0255002778236155,0.0247244284286911,0.969574865015553,0.0255034802910958,0.9392,0.0969179785171455,1,0,NA,1,NA,NA,NA,NA,NA,0,0,0.704476000000164
62,"broad",0.2,"mlma_cr2",NA,NA,NA,NA,NA,5000,5000,0,0,0,FALSE,0.199458344472422,-0.000541655527577511,0.000650264169081575,0.0255002778236155,0.0253172704496109,0.992823318425373,0.0255034802910958,0.9476,0.100140652264831,1,0,NA,1,134.798698724505,134.852312263774,0.565505097975926,131.52547371235,136.199200473952,0,0,0.786138000000259
63,"broad",0,"mlma",NA,NA,NA,NA,NA,5000,5000,0,0,0,FALSE,0.00115162265359703,0.00115162265359703,0.00513248816603702,0.0716413858467089,0.0717471158693769,1.00147582324684,0.0716434777431979,0.945,0.281243526197202,0.055,0.0032241277890307,0.055,NA,NA,NA,NA,NA,NA,6e-04,0,0.182079999999964
63,"broad",0,"mlma_cr2",NA,NA,NA,NA,NA,5000,5000,0,0,0,FALSE,0.00115162265359703,0.00115162265359703,0.00513248816603702,0.0716413858467089,0.070736200613349,0.987365051322475,0.0716434777431979,0.948,0.296223283523503,0.052,0.00313993630508646,0.052,NA,18.8700535673518,19.0059260229502,0.842582210146196,13.294049791571,20.7029142431273,6e-04,0,0.211942000000266
63,"broad",0.05,"mlma",NA,NA,NA,NA,NA,5000,5000,0,0,0,FALSE,0.0511516226523803,0.00115162265238032,0.00513248816594491,0.071641385846066,0.071747115871237,1.00147582328178,0.0716434777425356,0.945,0.281243526204493,0.1156,0.00452187217864459,NA,0.1156,NA,NA,NA,NA,NA,6e-04,0,0.181525999999937
63,"broad",0.05,"mlma_cr2",NA,NA,NA,NA,NA,5000,5000,0,0,0,FALSE,0.0511516226523803,0.00115162265238032,0.00513248816594491,0.071641385846066,0.0707362006136347,0.987365051335324,0.0716434777425356,0.948,0.29622328352454,0.1018,0.00427637135899117,NA,0.1018,18.8700535675156,19.0059260221429,0.842582210405914,13.2940498327709,20.7029142362472,6e-04,0,0.211390000000224
63,"broad",0.1,"mlma",NA,NA,NA,NA,NA,5000,5000,0,0,0,FALSE,0.101151622655618,0.00115162265561765,0.00513248816603156,0.0716413858466708,0.0717471158723751,1.00147582328922,0.0716434777431923,0.945,0.281243526208955,0.2944,0.00644559756733229,NA,0.2944,NA,NA,NA,NA,NA,6e-04,0,0.181108000000025
63,"broad",0.1,"mlma_cr2",NA,NA,NA,NA,NA,5000,5000,0,0,0,FALSE,0.101151622655618,0.00115162265561765,0.00513248816603156,0.0716413858466708,0.0707362006147913,0.987365051343133,0.0716434777431923,0.948,0.296223283528944,0.27,0.0062785348609369,NA,0.27,18.8700535680855,19.0059260235505,0.84258220930508,13.2940498425153,20.7029142390929,6e-04,0,0.210494000000105
63,"broad",0.2,"mlma",NA,NA,NA,NA,NA,5000,5000,0,0,0,FALSE,0.201151622654378,0.00115162265437777,0.0051324881657082,0.071641385844414,0.0717471158781358,1.00147582340117,0.071643477740916,0.945,0.281243526231536,0.7964,0.00569468243188327,NA,0.7964,NA,NA,NA,NA,NA,6e-04,0,0.181150000000023
63,"broad",0.2,"mlma_cr2",NA,NA,NA,NA,NA,5000,5000,0,0,0,FALSE,0.201151622654378,0.00115162265437777,0.0051324881657082,0.071641385844414,0.070736200613159,0.987365051351452,0.071643477740916,0.948,0.296223283521799,0.7586,0.00605187640323231,NA,0.7586,18.8700535681934,19.0059260227263,0.842582210395616,13.294049789444,20.7029142339704,6e-04,0,0.210506000000041
64,"broad",0,"mlma",NA,NA,NA,NA,NA,5000,5000,0,0,0,FALSE,-0.000238660844814323,-0.000238660844814323,0.000346155318866844,0.0186052497663118,0.0184064636882687,0.989315592075361,0.0186049199622551,0.942,0.0721520118235019,0.058,0.00330563155841664,0.058,NA,NA,NA,NA,NA,NA,0,0.439,0.294281999999884
64,"broad",0,"mlma_cr2",NA,NA,NA,NA,NA,5000,5000,0,0,0,FALSE,-0.000238660844814323,-0.000238660844814323,0.000346155318866844,0.0186052497663118,0.0184134635072549,0.989691820240751,0.0186049199622551,0.9476,0.0741444700090465,0.0524,0.00315132480077824,0.0524,NA,45.6406071122202,45.6424987714525,0.0106359968348106,45.5304348335521,45.6612424232261,0,0.439,0.312073999999714
64,"broad",0.05,"mlma",NA,NA,NA,NA,NA,5000,5000,0,0,0,FALSE,0.0497613391551317,-0.000238660844868323,0.000346155318867027,0.0186052497663167,0.0184064636897836,0.989315592156522,0.0186049199622607,0.942,0.0721520118294401,0.767,0.00597847806720072,NA,0.767,NA,NA,NA,NA,NA,0,0.439,0.29464600000006
64,"broad",0.05,"mlma_cr2",NA,NA,NA,NA,NA,5000,5000,0,0,0,FALSE,0.0497613391551317,-0.000238660844868323,0.000346155318867027,0.0186052497663167,0.0184134635072504,0.989691820240249,0.0186049199622607,0.9476,0.0741444700090284,0.7524,0.00610400262123142,NA,0.7524,45.6406071122239,45.6424987714459,0.0106359968383194,45.5304348335753,45.6612424232235,0,0.439,0.312593999999913
64,"broad",0.1,"mlma",NA,NA,NA,NA,NA,5000,5000,0,0,0,FALSE,0.0997613391549405,-0.000238660845059468,0.000346155318883725,0.0186052497667654,0.0184064636834481,0.989315591792139,0.0186049199627118,0.942,0.0721520118046054,0.9994,0.000346306222872199,NA,0.9994,NA,NA,NA,NA,NA,0,0.439,0.294024000000081
64,"broad",0.1,"mlma_cr2",NA,NA,NA,NA,NA,5000,5000,0,0,0,FALSE,0.0997613391549405,-0.000238660845059468,0.000346155318883725,0.0186052497667654,0.0184134635071772,0.989691820212441,0.0186049199627118,0.9476,0.0741444700087347,0.9994,0.000346306222872199,NA,0.9994,45.64060711219,45.6424987714529,0.0106359968338734,45.5304348335891,45.6612424232145,0,0.439,0.311504000000015
64,"broad",0.2,"mlma",NA,NA,NA,NA,NA,5000,5000,0,0,0,FALSE,0.1997613391552,-0.000238660844799926,0.000346155318866926,0.018605249766314,0.0184064636904277,0.989315592191289,0.0186049199622571,0.942,0.0721520118319652,1,0,NA,1,NA,NA,NA,NA,NA,0,0.439,0.29329800000026
64,"broad",0.2,"mlma_cr2",NA,NA,NA,NA,NA,5000,5000,0,0,0,FALSE,0.1997613391552,-0.000238660844799926,0.000346155318866926,0.018605249766314,0.0184134635072635,0.989691820241099,0.0186049199622571,0.9476,0.074144470009081,1,0,NA,1,45.6406071122278,45.6424987714506,0.0106359968390593,45.5304348335575,45.6612424232147,0,0.439,0.310798000000109
65,"targeted",0,"mlma","A",1,"A",NA,NA,5000,5000,0,0,0,FALSE,8.38062180160061e-05,8.38062180160061e-05,4.78988385436545e-05,0.00692089868034885,0.00674841222747373,0.975077448631797,0.00692071399915673,0.9414,0.0264532898373565,0.0586,0.00332162731202644,0.0586,NA,NA,NA,NA,NA,NA,0,0.6556,2.20451799999994
65,"targeted",0,"mlma_cr2","A",1,"A",NA,NA,5000,5000,0,0,0,FALSE,8.38062180160061e-05,8.38062180160061e-05,4.78988385436545e-05,0.00692089868034885,0.00674897240724055,0.975158388953667,0.00692071399915673,0.944,0.0267313781638,0.056,0.00325158422926425,0.056,NA,117.246345812603,117.253852357114,0.0528622348035022,116.941039109427,117.368072223909,0,0.6556,2.30825799999993
65,"targeted",0.05,"mlma","A",1,"A",NA,NA,5000,5000,0,0,0,FALSE,0.0500838062175378,8.38062175377713e-05,4.7898838546613e-05,0.00692089868056259,0.00674841222884034,0.975077448799145,0.00692071399936463,0.9414,0.0264532898427135,1,0,NA,1,NA,NA,NA,NA,NA,0,0.6556,2.200908
65,"targeted",0.05,"mlma_cr2","A",1,"A",NA,NA,5000,5000,0,0,0,FALSE,0.0500838062175378,8.38062175377713e-05,4.7898838546613e-05,0.00692089868056259,0.00674897240726562,0.975158388927175,0.00692071399936463,0.944,0.0267313781638995,1,0,NA,1,117.24634581251,117.253852357354,0.0528622345999182,116.941039111002,117.368072223779,0,0.6556,2.30348200000001
65,"targeted",0.1,"mlma","A",1,"A",NA,NA,5000,4998,2,0,4e-04,FALSE,0.100081454410858,8.14544108577869e-05,4.7893058032946e-05,0.006920481055024,0.00674824775970869,0.975112525567818,0.00692026808797245,0.941376550620248,0.0264526451355643,1,0,NA,1,NA,NA,NA,NA,NA,0,0.65546218487395,2.1964765906363
65,"targeted",0.1,"mlma_cr2","A",1,"A",NA,NA,5000,4998,2,0,4e-04,FALSE,0.100081454410858,8.14544108577869e-05,4.7893058032946e-05,0.006920481055024,0.00674880456608696,0.975192983324128,0.00692026808797245,0.943977591036415,0.026730713426148,1,0,NA,1,117.246325368172,117.253832106027,0.0528620996600936,116.941039110893,117.368072223584,0,0.65546218487395,2.29869947979193
65,"targeted",0.2,"mlma","A",1,"A",NA,NA,5000,4999,1,0,2e-04,FALSE,0.200084445825505,8.44458255054858e-05,4.79063762478191e-05,0.00692144322000976,0.00674839351209101,0.974998031130492,0.00692126608023247,0.941388277655531,0.0264532164744043,1,0,NA,1,NA,NA,NA,NA,NA,0,0.655531106221244,2.19174834966992
65,"targeted",0.2,"mlma_cr2","A",1,"A",NA,NA,5000,4999,1,0,2e-04,FALSE,0.200084445825505,8.44458255054858e-05,4.79063762478191e-05,0.00692144322000976,0.00674895520340706,0.975079183470863,0.00692126608023247,0.943988797759552,0.0267313100333886,1,0,NA,1,117.24634076456,117.253847353183,0.0528663173375662,116.941039111985,117.368072223796,0,0.655531106221244,2.29424484896979
66,"targeted",0,"mlma","A",1,"B",NA,NA,5000,5000,0,0,0,FALSE,0.000326137021266593,0.000326137021266593,0.00287112033933137,0.053582836238215,0.0532503270253269,0.993794482781578,0.053578470308699,0.946,0.208737446269241,0.054,0.00319637294444813,0.054,NA,NA,NA,NA,NA,NA,0,0,1.14437999999993
66,"targeted",0,"mlma_cr2","A",1,"B",NA,NA,5000,5000,0,0,0,FALSE,0.000326137021266593,0.000326137021266593,0.00287112033933137,0.053582836238215,0.0532457809964073,0.993709641641416,0.053578470308699,0.9486,0.210892654270244,0.0514,0.00312275647465504,0.0514,NA,117.442225830771,117.442954972213,0.00591131693052601,117.407981060446,117.45693494699,0,0,1.24438800000006
66,"targeted",0.05,"mlma","A",1,"B",NA,NA,5000,5000,0,0,0,FALSE,0.0503261370213001,0.000326137021300077,0.00287112033935148,0.0535828362384026,0.0532503270247305,0.993794482766968,0.0535784703088868,0.946,0.208737446266903,0.1684,0.00529228570657329,NA,0.1684,NA,NA,NA,NA,NA,0,0,1.12830399999995
66,"targeted",0.05,"mlma_cr2","A",1,"B",NA,NA,5000,5000,0,0,0,FALSE,0.0503261370213001,0.000326137021300077,0.00287112033935148,0.0535828362384026,0.0532457809964476,0.993709641638689,0.0535784703088868,0.9486,0.210892654270404,0.1624,0.00521586502892857,NA,0.1624,117.442225830768,117.44295497208,0.00591131693126255,117.407981059563,117.456934947106,0,0,1.226636
66,"targeted",0.1,"mlma","A",1,"B",NA,NA,5000,5000,0,0,0,FALSE,0.100326137021337,0.000326137021337172,0.00287112033934636,0.0535828362383549,0.0532503270246135,0.99379448276567,0.0535784703088393,0.946,0.208737446266445,0.463,0.00705168065073852,NA,0.463,NA,NA,NA,NA,NA,0,0,1.12839
66,"targeted",0.1,"mlma_cr2","A",1,"B",NA,NA,5000,5000,0,0,0,FALSE,0.100326137021337,0.000326137021337172,0.00287112033934636,0.0535828362383549,0.0532457809964164,0.993709641638991,0.0535784703088393,0.9486,0.21089265427028,0.4546,0.00704185827747193,NA,0.4546,117.442225830767,117.442954972356,0.00591131693586679,117.407981060163,117.456934947034,0,0,1.22685399999988
66,"targeted",0.2,"mlma","A",1,"B",NA,NA,5000,5000,0,0,0,FALSE,0.200326137021287,0.000326137021287393,0.00287112033934091,0.0535828362383041,0.0532503270232483,0.993794482741135,0.0535784703087882,0.946,0.208737446261093,0.9638,0.00264157377334043,NA,0.9638,NA,NA,NA,NA,NA,0,0,1.13178000000007
66,"targeted",0.2,"mlma_cr2","A",1,"B",NA,NA,5000,5000,0,0,0,FALSE,0.200326137021287,0.000326137021287393,0.00287112033934091,0.0535828362383041,0.0532457809964266,0.993709641640123,0.0535784703087882,0.9486,0.21089265427032,0.9624,0.00269021337443705,NA,0.9624,117.442225830766,117.442954972338,0.00591131692627033,117.407981060456,117.456934946903,0,0,1.22952000000017
67,"targeted",0,"mlma","A",2,"A",NA,NA,5000,5000,0,0,0,FALSE,-0.000357954720787115,-0.000357954720787115,0.00257669598374702,0.050761166099165,0.0511046064472158,1.00676580887405,0.0507573519416882,0.9498,0.200326376161273,0.0502,0.00308804015517933,0.0502,NA,NA,NA,NA,NA,NA,0,0,0.906158000000127
67,"targeted",0,"mlma_cr2","A",2,"A",NA,NA,5000,5000,0,0,0,FALSE,-0.000357954720787115,-0.000357954720787115,0.00257669598374702,0.050761166099165,0.0511061360962857,1.00679594311224,0.0507573519416882,0.9514,0.202467881622785,0.0486,0.0030409879973456,0.0486,NA,114.731193117158,114.731372741347,0.00140617668410106,114.722278662066,114.734434790931,0,0,1.00116200000017
67,"targeted",0.05,"mlma","A",2,"A",NA,NA,5000,5000,0,0,0,FALSE,0.0496420452790509,-0.000357954720949058,0.00257669598370665,0.0507611660987674,0.0511046064395198,1.00676580873032,0.0507573519412918,0.9498,0.200326376131105,0.1666,0.00526961934109097,NA,0.1666,NA,NA,NA,NA,NA,0,0,0.892579999999964
67,"targeted",0.05,"mlma_cr2","A",2,"A",NA,NA,5000,5000,0,0,0,FALSE,0.0496420452790509,-0.000357954720949058,0.00257669598370665,0.0507611660987674,0.0511061360962551,1.00679594311952,0.0507573519412918,0.9514,0.202467881622663,0.1602,0.00518721428128818,NA,0.1602,114.731193117155,114.731372741471,0.00140617667856715,114.722278662186,114.734434790952,0,0,0.987794000000035
67,"targeted",0.1,"mlma","A",2,"A",NA,NA,5000,5000,0,0,0,FALSE,0.0996420452790934,-0.000357954720906578,0.00257669598370337,0.0507611660987351,0.0511046064435719,1.00676580881079,0.0507573519412592,0.9498,0.200326376146989,0.4874,0.00706882224985181,NA,0.4874,NA,NA,NA,NA,NA,0,0,0.893212000000008
67,"targeted",0.1,"mlma_cr2","A",2,"A",NA,NA,5000,5000,0,0,0,FALSE,0.0996420452790934,-0.000357954720906578,0.00257669598370337,0.0507611660987351,0.0511061360962577,1.00679594312021,0.0507573519412592,0.9514,0.202467881622674,0.4778,0.00706409456335347,NA,0.4778,114.731193117157,114.731372741262,0.0014061766811212,114.722278662076,114.73443479094,0,0,0.988011999999871
67,"targeted",0.2,"mlma","A",2,"A",NA,NA,5000,5000,0,0,0,FALSE,0.199642045279209,-0.000357954720791115,0.00257669598371321,0.050761166098832,0.0511046064406936,1.00676580875217,0.0507573519413553,0.9498,0.200326376135706,0.9734,0.00227562914377541,NA,0.9734,NA,NA,NA,NA,NA,0,0,0.892179999999949
67,"targeted",0.2,"mlma_cr2","A",2,"A",NA,NA,5000,5000,0,0,0,FALSE,0.199642045279209,-0.000357954720791115,0.00257669598371321,0.050761166098832,0.0511061360962543,1.00679594311822,0.0507573519413553,0.9514,0.20246788162266,0.972,0.00233306665142683,NA,0.972,114.731193117156,114.731372741287,0.00140617668192737,114.722278662011,114.734434790951,0,0,0.987085999999938
68,"targeted",0,"mlma","A",2,"B",NA,NA,5000,5000,0,0,0,FALSE,0.00016352224161197,0.00016352224161197,0.000104747536885591,0.0102346244135088,0.0103472950478321,1.01100877079324,0.0102349072737234,0.954,0.0405606512623211,0.046,0.00296256645495084,0.046,NA,NA,NA,NA,NA,NA,0,1,1.65074199999988
68,"targeted",0,"mlma_cr2","A",2,"B",NA,NA,5000,5000,0,0,0,FALSE,0.00016352224161197,0.00016352224161197,0.000104747536885591,0.0102346244135088,0.0103329841741215,1.00961049049175,0.0102349072737234,0.9558,0.0409450402358836,0.0442,0.00290676314824583,0.0442,NA,112.472986997348,112.496724748502,0.189458607667556,111.463414480855,112.895121707147,0,1,1.72598600000007
68,"targeted",0.05,"mlma","A",2,"B",NA,NA,5000,5000,0,0,0,FALSE,0.0501635222427109,0.000163522242710851,0.000104747536821007,0.0102346244103537,0.0103472950538474,1.01100877169267,0.0102349072705865,0.954,0.0405606512859008,0.9974,0.000720172201629589,NA,0.9974,NA,NA,NA,NA,NA,0,1,1.64314399999988
68,"targeted",0.05,"mlma_cr2","A",2,"B",NA,NA,5000,5000,0,0,0,FALSE,0.0501635222427109,0.000163522242710851,0.000104747536821007,0.0102346244103537,0.0103329841738259,1.00961049077412,0.0102349072705865,0.9558,0.0409450402347133,0.9974,0.000720172201629589,NA,0.9974,112.472986996607,112.496724747219,0.189458616233953,111.463414479224,112.895121707006,0,1,1.71911999999987
68,"targeted",0.1,"mlma","A",2,"B",NA,NA,5000,5000,0,0,0,FALSE,0.100163522241481,0.000163522241480682,0.000104747536965838,0.0102346244174292,0.0103472950560294,1.01100877120692,0.0102349072776408,0.954,0.040560651294454,1,0,NA,1,NA,NA,NA,NA,NA,0,1,1.63938999999991
68,"targeted",0.1,"mlma_cr2","A",2,"B",NA,NA,5000,5000,0,0,0,FALSE,0.100163522241481,0.000163522241480682,0.000104747536965838,0.0102346244174292,0.010332984173793,1.00961049007292,0.0102349072776408,0.9558,0.040945040234571,1,0,NA,1,112.472987000272,112.496724748915,0.189458603060071,111.46341448334,112.895121707324,0,1,1.71494199999991
68,"targeted",0.2,"mlma","A",2,"B",NA,NA,5000,5000,0,0,0,FALSE,0.200163522240736,0.000163522240735986,0.000104747536879574,0.0102346244132149,0.0103472950360706,1.01100876967309,0.0102349072734155,0.954,0.0405606512162169,1,0,NA,1,NA,NA,NA,NA,NA,0,1,1.63985800000003
68,"targeted",0.2,"mlma_cr2","A",2,"B",NA,NA,5000,5000,0,0,0,FALSE,0.200163522240736,0.000163522240735986,0.000104747536879574,0.0102346244132149,0.010332984174468,1.0096104905546,0.0102349072734155,0.9558,0.0409450402372735,1,0,NA,1,112.472986992663,112.496724748869,0.189458614094747,111.463414476823,112.895121707086,0,1,1.71548600000012
69,"targeted",0,"mlma","A",3,"A",NA,NA,5000,5000,0,0,0,FALSE,0.000449889230545829,0.000449889230545829,0.000647554200137896,0.025447086279924,0.0254366024805163,0.999588015724379,0.0254485184169458,0.9454,0.0997096495017483,0.0546,0.00321306209090332,0.0546,NA,NA,NA,NA,NA,NA,0,1,0.498904000000097
69,"targeted",0,"mlma_cr2","A",3,"A",NA,NA,5000,5000,0,0,0,FALSE,0.000449889230545829,0.000449889230545829,0.000647554200137896,0.025447086279924,0.0252341442253692,0.991631967125337,0.0254485184169458,0.9524,0.105520070734711,0.0476,0.00301112072159188,0.0476,NA,19.3029907400997,19.302127511374,0.0185001062810174,19.2494669426671,19.3511664765215,0,1,0.514314000000153
69,"targeted",0.05,"mlma","A",3,"A",NA,NA,5000,5000,0,0,0,FALSE,0.0504498892307678,0.00044988923076781,0.000647554200237858,0.0254470862818881,0.0254366024581617,0.999588014768754,0.0254485184189133,0.9454,0.09970964941412,0.5074,0.00707029334610665,NA,0.5074,NA,NA,NA,NA,NA,0,1,0.497569999999943
69,"targeted",0.05,"mlma_cr2","A",3,"A",NA,NA,5000,5000,0,0,0,FALSE,0.0504498892307678,0.00044988923076781,0.000647554200237858,0.0254470862818881,0.0252341442251393,0.991631967039765,0.0254485184189133,0.9524,0.105520070733714,0.4642,0.00705291939554111,NA,0.4642,19.302990740203,19.3021275113721,0.0185001061394169,19.2494669426467,19.3511664766031,0,1,0.513225999999861
69,"targeted",0.1,"mlma","A",3,"A",NA,NA,5000,5000,0,0,0,FALSE,0.100449889233518,0.00044988923351777,0.000647554200207432,0.0254470862812903,0.0254366024671694,0.999588015146215,0.0254485184183643,0.9454,0.0997096494494295,0.9766,0.00213786996798215,NA,0.9766,NA,NA,NA,NA,NA,0,1,0.497507999999897
69,"targeted",0.1,"mlma_cr2","A",3,"A",NA,NA,5000,5000,0,0,0,FALSE,0.100449889233518,0.00044988923351777,0.000647554200207432,0.0254470862812903,0.0252341442252608,0.991631967067835,0.0254485184183643,0.9524,0.105520070734223,0.9644,0.00262040607540129,NA,0.9644,19.3029907401861,19.302127511366,0.018500106217745,19.2494669426797,19.3511664765211,0,1,0.513085999999929
69,"targeted",0.2,"mlma","A",3,"A",NA,NA,5000,5000,0,0,0,FALSE,0.200449889233972,0.00044988923397174,0.000647554200183971,0.0254470862808293,0.0254366024479251,0.999588014408072,0.0254485184179114,0.9454,0.0997096493739929,1,0,NA,1,NA,NA,NA,NA,NA,0,1,0.498919999999896
69,"targeted",0.2,"mlma_cr2","A",3,"A",NA,NA,5000,5000,0,0,0,FALSE,0.200449889233972,0.00044988923397174,0.000647554200183971,0.0254470862808293,0.0252341442249584,0.991631967073917,0.0254485184179114,0.9524,0.105520070732925,1,0,NA,1,19.3029907403068,19.3021275113773,0.0185001062764995,19.2494669426582,19.3511664765214,0,1,0.514403999999847
70,"targeted",0,"mlma","A",3,"B",NA,NA,5000,5000,0,0,0,FALSE,-0.00123384920752478,-0.00123384920752478,0.00867421166026163,0.0931354479253825,0.0933471847119708,1.00227342855277,0.0931343073297723,0.9458,0.365914240187341,0.0542,0.00320194815698193,0.0542,NA,NA,NA,NA,NA,NA,0,0,0.175155999999732
70,"targeted",0,"mlma_cr2","A",3,"B",NA,NA,5000,5000,0,0,0,FALSE,-0.00123384920752478,-0.00123384920752478,0.00867421166026163,0.0931354479253825,0.092383796888079,0.991929484916359,0.0931343073297723,0.9546,0.386740056514434,0.0454,0.00294410733499986,0.0454,NA,18.980197438773,18.9931916932436,0.0693489016753352,18.2856313022671,19.1169245655754,0,0,0.190184000000026
70,"targeted",0.05,"mlma","A",3,"B",NA,NA,5000,5000,0,0,0,FALSE,0.0487661507925687,-0.00123384920743131,0.00867421165959627,0.0931354479218105,0.0933471845928255,1.00227342731194,0.0931343073261998,0.9458,0.3659142397203,0.0894,0.00403503754629371,NA,0.0894,NA,NA,NA,NA,NA,0,0,0.174410000000079
70,"targeted",0.05,"mlma_cr2","A",3,"B",NA,NA,5000,5000,0,0,0,FALSE,0.0487661507925687,-0.00123384920743131,0.00867421165959627,0.0931354479218105,0.0923837968907446,0.991929484983023,0.0931343073261998,0.9546,0.386740056526404,0.0754,0.00373402838767999,NA,0.0754,18.9801974381718,18.9931916932174,0.0693489018658763,18.2856313029201,19.1169245658189,0,0,0.189363999999961
70,"targeted",0.1,"mlma","A",3,"B",NA,NA,5000,5000,0,0,0,FALSE,0.0987661507926224,-0.0012338492073776,0.0086742116605569,0.0931354479269677,0.0933471847547034,1.00227342899453,0.0931343073313553,0.9458,0.36591424035485,0.1918,0.005567993534479,NA,0.1918,NA,NA,NA,NA,NA,0,0,0.174086000000051
70,"targeted",0.1,"mlma_cr2","A",3,"B",NA,NA,5000,5000,0,0,0,FALSE,0.0987661507926224,-0.0012338492073776,0.0086742116605569,0.0931354479269677,0.0923837968863348,0.991929484880748,0.0931343073313553,0.9546,0.386740056506983,0.1732,0.00535166815114689,NA,0.1732,18.9801974388606,18.9931916931796,0.0693489020608837,18.2856312838807,19.1169245657293,0,0,0.18900799999978
70,"targeted",0.2,"mlma","A",3,"B",NA,NA,5000,5000,0,0,0,FALSE,0.198766150790854,-0.00123384920914635,0.00867421166026781,0.0931354479254156,0.0933471847656709,1.00227342912899,0.093134307329827,0.9458,0.365914240397842,0.5612,0.00701789940081788,NA,0.5612,NA,NA,NA,NA,NA,0,0,0.174503999999986
70,"targeted",0.2,"mlma_cr2","A",3,"B",NA,NA,5000,5000,0,0,0,FALSE,0.198766150790854,-0.00123384920914635,0.00867421166026781,0.0931354479254156,0.0923837968866307,0.991929484900455,0.093134307329827,0.9546,0.386740056508189,0.521,0.00706482837725022,NA,0.521,18.980197438895,18.9931916930341,0.0693489021094419,18.2856313024232,19.1169245658267,0,0,0.189522000000137
71,"targeted",0,"mlma","A",4,"A",NA,NA,5000,5000,0,0,0,FALSE,1.7589954498702e-05,1.7589954498702e-05,0.00102101639109444,0.0319533471031509,0.0308726888183382,0.966180122497836,0.0319501564506768,0.9358,0.121018716379711,0.0642,0.00346636293541227,0.0642,NA,NA,NA,NA,NA,NA,0,1,0.397442000000103
71,"targeted",0,"mlma_cr2","A",4,"A",NA,NA,5000,5000,0,0,0,FALSE,1.7589954498702e-05,1.7589954498702e-05,0.00102101639109444,0.0319533471031509,0.0319476623117561,0.999822090894689,0.0319501564506768,0.956,0.135300782726453,0.044,0.00290048271844533,0.044,NA,16.2129252896616,16.2292140694485,0.0767819987599342,15.4343790055015,16.3461195990341,0,1,0.410243999999878
71,"targeted",0.05,"mlma","A",4,"A",NA,NA,5000,5000,0,0,0,FALSE,0.0500175899560784,1.75899560784232e-05,0.00102101639109449,0.0319533471031516,0.0308726888325009,0.966180122941044,0.0319501564506784,0.9358,0.121018716435227,0.3806,0.00686649313696591,NA,0.3806,NA,NA,NA,NA,NA,0,1,0.397531999999937
71,"targeted",0.05,"mlma_cr2","A",4,"A",NA,NA,5000,5000,0,0,0,FALSE,0.0500175899560784,1.75899560784232e-05,0.00102101639109449,0.0319533471031516,0.0319476623125312,0.999822090918922,0.0319501564506784,0.956,0.135300782729518,0.312,0.00655219047342185,NA,0.312,16.2129252900341,16.2292140694771,0.0767819961556023,15.4343802793079,16.3461195990194,0,1,0.410302000000037
71,"targeted",0.1,"mlma","A",4,"A",NA,NA,5000,5000,0,0,0,FALSE,0.100017589955501,1.75899555013015e-05,0.00102101639117187,0.0319533471043626,0.0308726888321506,0.966180122893465,0.0319501564518889,0.9358,0.121018716433854,0.8808,0.00458238715081997,NA,0.8808,NA,NA,NA,NA,NA,0,1,0.397429999999877
71,"targeted",0.1,"mlma_cr2","A",4,"A",NA,NA,5000,5000,0,0,0,FALSE,0.100017589955501,1.75899555013015e-05,0.00102101639117187,0.0319533471043626,0.0319476623119646,0.999822090863301,0.0319501564518889,0.956,0.135300782727198,0.825,0.00537354631505117,NA,0.825,16.2129252898963,16.2292140694615,0.076781997514962,15.4343796276349,16.3461195990369,0,1,0.409900000000006
71,"targeted",0.2,"mlma","A",4,"A",NA,NA,5000,5000,0,0,0,FALSE,0.200017589957493,1.75899574930694e-05,0.00102101639111168,0.0319533471034207,0.0308726888254984,0.966180122713761,0.0319501564509482,0.9358,0.121018716407778,1,0,NA,1,NA,NA,NA,NA,NA,0,1,0.39769000000027
71,"targeted",0.2,"mlma_cr2","A",4,"A",NA,NA,5000,5000,0,0,0,FALSE,0.200017589957493,1.75899574930694e-05,0.00102101639111168,0.0319533471034207,0.0319476623117469,0.999822090885959,0.0319501564509482,0.956,0.135300782726407,0.9996,0.000282786138274123,NA,0.9996,16.2129252896311,16.2292140694819,0.0767819992112139,15.4343788342245,16.3461195990378,0,1,0.410416000000015
72,"targeted",0,"mlma","A",4,"B",NA,NA,5000,5000,0,0,0,FALSE,0.000104818524305693,0.000104818524305693,0.00875723323519419,0.0935800899507699,0.0924941897894143,0.988396034221308,0.0935707901829956,0.9426,0.362570561532929,0.0574,0.0032895361375124,0.0574,NA,NA,NA,NA,NA,NA,0,0,0.115213999999856
72,"targeted",0,"mlma_cr2","A",4,"B",NA,NA,5000,5000,0,0,0,FALSE,0.000104818524305693,0.000104818524305693,0.00875723323519419,0.0935800899507699,0.0916331671835542,0.97919511759136,0.0935707901829956,0.9516,0.394741665888899,0.0484,0.00303504332753257,0.0484,NA,13.3841847758557,13.4022903905631,0.107816802146777,12.6479711030959,13.6092050056839,0,0,0.127921999999898
72,"targeted",0.05,"mlma","A",4,"B",NA,NA,5000,5000,0,0,0,FALSE,0.0501048185249274,0.000104818524927386,0.00875723323532895,0.0935800899514899,0.0924941897992096,0.988396034318376,0.0935707901837162,0.9426,0.362570561571326,0.0952,0.00415058935574215,NA,0.0952,NA,NA,NA,NA,NA,0,0,0.115210000000073
72,"targeted",0.05,"mlma_cr2","A",4,"B",NA,NA,5000,5000,0,0,0,FALSE,0.0501048185249274,0.000104818524927386,0.00875723323532895,0.0935800899514899,0.0916331671832168,0.979195117580221,0.0935707901837162,0.9516,0.394741665887161,0.0808,0.00385412402498934,NA,0.0808,13.3841847759588,13.4022903907237,0.10781680203618,12.6479711045563,13.6092050059395,0,0,0.127768000000127
72,"targeted",0.1,"mlma","A",4,"B",NA,NA,5000,5000,0,0,0,FALSE,0.100104818525744,0.000104818525743788,0.00875723323535081,0.0935800899516068,0.0924941898044376,0.988396034373009,0.093570790183834,0.9426,0.362570561591819,0.2004,0.00566109247407247,NA,0.2004,NA,NA,NA,NA,NA,0,0,0.115059999999864
72,"targeted",0.1,"mlma_cr2","A",4,"B",NA,NA,5000,5000,0,0,0,FALSE,0.100104818525744,0.000104818525743788,0.00875723323535081,0.0935800899516068,0.0916331671833701,0.979195117580637,0.093570790183834,0.9516,0.394741665887683,0.1696,0.00530727500700689,NA,0.1696,13.3841847759966,13.4022903901993,0.107816802102006,12.6479711032163,13.6092050058842,0,0,0.127631999999855
72,"targeted",0.2,"mlma","A",4,"B",NA,NA,5000,5000,0,0,0,FALSE,0.200104818524995,0.000104818524994665,0.00875723323532688,0.0935800899514789,0.0924941897959827,0.98839603428401,0.0935707901837053,0.9426,0.362570561558676,0.5752,0.00699063602256619,NA,0.5752,NA,NA,NA,NA,NA,0,0,0.115296000000066
72,"targeted",0.2,"mlma_cr2","A",4,"B",NA,NA,5000,5000,0,0,0,FALSE,0.200104818524995,0.000104818524994665,0.00875723323532688,0.0935800899514789,0.0916331671834692,0.979195117583033,0.0935707901837053,0.9516,0.39474166588833,0.5076,0.00707025091492516,NA,0.5076,13.3841847759304,13.4022903902849,0.107816802062943,12.6479711054993,13.6092050059594,0,0,0.127685999999859
73,"targeted",0,"mlma","B",1,"A",NA,NA,5000,5000,0,0,0,FALSE,-0.00010079756583168,-0.00010079756583168,0.0021983848019243,0.0468869363674392,0.0440576679688853,0.939657639893939,0.0468823557973913,0.935,0.172702884923678,0.065,0.00348640215695206,0.065,NA,NA,NA,NA,NA,NA,0.003,0,0.465722000000012
73,"targeted",0,"mlma_cr2","B",1,"A",NA,NA,5000,5000,0,0,0,FALSE,-0.00010079756583168,-0.00010079756583168,0.0021983848019243,0.0468869363674392,0.0461756206292213,0.984829127400358,0.0468823557973913,0.9504,0.195759653314239,0.0496,0.00307049963361014,0.0496,NA,16.0133551542521,16.0101809449895,0.312679825685312,15.0123103134346,17.1305687845641,0.003,0,0.549893999999998
73,"targeted",0.05,"mlma","B",1,"A",NA,NA,5000,4999,1,0,2e-04,FALSE,0.0498897340283022,-0.000110265971697762,0.00219837631147121,0.0468868458255747,0.0440582316638044,0.939671476893688,0.0468822856401092,0.93498699739948,0.172705094567158,0.217843568713743,0.00583818178288984,NA,0.217843568713743,NA,NA,NA,NA,NA,0.0028005601120224,0,0.458431686337286
73,"targeted",0.05,"mlma_cr2","B",1,"A",NA,NA,5000,4999,1,0,2e-04,FALSE,0.0498897340283022,-0.000110265971697762,0.00219837631147121,0.0468868458255747,0.0461758690405872,0.984836327279672,0.0468822856401092,0.950390078015603,0.195760529227412,0.171434286857371,0.00533053443370221,NA,0.171434286857371,16.0135274380886,16.0101951950104,0.312473676186643,15.0123103118683,17.130568784734,0.0028005601120224,0,0.541994398879789
73,"targeted",0.1,"mlma","B",1,"A",NA,NA,5000,5000,0,0,0,FALSE,0.0998992024339978,-0.000100797566002189,0.0021983848018776,0.0468869363669413,0.0440576679714522,0.939657639958665,0.0468823557968938,0.935,0.17270288493374,0.6146,0.00688283139412844,NA,0.6146,NA,NA,NA,NA,NA,0.003,0,0.459452000000004
73,"targeted",0.1,"mlma_cr2","B",1,"A",NA,NA,5000,5000,0,0,0,FALSE,0.0998992024339978,-0.000100797566002189,0.0021983848018776,0.0468869363669413,0.0461756206291652,0.98482912740962,0.0468823557968938,0.9504,0.19575965331372,0.5192,0.00706585253171901,NA,0.5192,16.0133551545401,16.0101809424598,0.312679826144258,15.0123103132492,17.1305687871261,0.003,0,0.543175999999988
73,"targeted",0.2,"mlma","B",1,"A",NA,NA,5000,5000,0,0,0,FALSE,0.199899202435617,-0.000100797564382943,0.0021983848017587,0.0468869363656733,0.0440576679693236,0.939657639938678,0.0468823557956224,0.935,0.172702884925396,0.9912,0.00132079975772257,NA,0.9912,NA,NA,NA,NA,NA,0.003,0,0.458052000000012
73,"targeted",0.2,"mlma_cr2","B",1,"A",NA,NA,5000,5000,0,0,0,FALSE,0.199899202435617,-0.000100797564382943,0.0021983848017587,0.0468869363656733,0.0461756206289196,0.984829127431016,0.0468823557956224,0.9504,0.195759653312811,0.9758,0.00217321697030002,NA,0.9758,16.013355154305,16.0101809426229,0.312679826251119,15.0123103126489,17.1305687856786,0.003,0,0.540844000000015
74,"targeted",0,"mlma","B",1,"B",NA,NA,5000,4997,3,0,6e-04,FALSE,0.000239790733247897,0.000239790733247897,0.000421398552988556,0.0205279943732591,0.0213961817468227,1.04229284935379,0.0205273408476482,0.954572743646188,0.0838714912608917,0.0454272563538123,0.00294583280335776,0.0454272563538123,NA,NA,NA,NA,NA,NA,0.0328196918150891,0,0.945241144686781
74,"targeted",0,"mlma_cr2","B",1,"B",NA,NA,5000,4997,3,0,6e-04,FALSE,0.000239790733247897,0.000239790733247897,0.000421398552988556,0.0205279943732591,0.0205148502914847,0.999359699660114,0.0205273408476482,0.952171302781669,0.0836068681220411,0.047828697218331,0.00301888900137571,0.047828697218331,NA,31.6938724390746,31.6502697341793,0.117897047791538,31.6009826551584,32.1945530329345,0.0328196918150891,0,1.03896938162899
74,"targeted",0.05,"mlma","B",1,"B",NA,NA,5000,4998,2,0,4e-04,FALSE,0.050243943065641,0.000243943065640996,0.000421309742753107,0.0205258311099236,0.0213971348770738,1.04244913457993,0.0205252272899855,0.954581832733093,0.0838752274628209,0.655262104841937,0.00672285761308423,NA,0.655262104841937,NA,NA,NA,NA,NA,0.0328131252501,0,0.932384953981624
74,"targeted",0.05,"mlma_cr2","B",1,"B",NA,NA,5000,4998,2,0,4e-04,FALSE,0.050243943065641,0.000243943065640996,0.000421309742753107,0.0205258311099236,0.020516432017678,0.999542084693415,0.0205252272899855,0.95218087234894,0.0836133125092546,0.653461384553822,0.00673112501055566,NA,0.653461384553822,31.6938757245689,31.6502728013125,0.117861052260034,31.600982655188,32.194553032899,0.0328131252501,0,1.02640256102444
74,"targeted",0.1,"mlma","B",1,"B",NA,NA,5000,4997,3,0,6e-04,FALSE,0.100235944773012,0.000235944773011809,0.000421569599897758,0.0205321601371546,0.0213970096425528,1.04212170076704,0.0205314613531275,0.954572743646188,0.0838747365525193,0.995997598559135,0.000893171370887355,NA,0.995997598559135,NA,NA,NA,NA,NA,0.0328196918150891,0,0.930516309785898
74,"targeted",0.1,"mlma_cr2","B",1,"B",NA,NA,5000,4997,3,0,6e-04,FALSE,0.100235944773012,0.000235944773011809,0.000421569599897758,0.0205321601371546,0.0205159753434909,0.99921173449089,0.0205314613531275,0.952171302781669,0.0836114577116534,0.995997598559135,0.000893171370887355,NA,0.995997598559135,31.6938170431236,31.6502584554757,0.117859990374118,31.6009826549439,32.1945530837722,0.0328196918150891,0,1.02531118671205
74,"targeted",0.2,"mlma","B",1,"B",NA,NA,5000,4998,2,0,4e-04,FALSE,0.200240260032993,0.000240260032992573,0.000421457699047475,0.0205294349422354,0.0213976794546431,1.04229266489072,0.0205287870723287,0.954581832733093,0.0838773621676665,1,0,NA,1,NA,NA,NA,NA,NA,0.0326130452180872,0,0.926796718687492
74,"targeted",0.2,"mlma_cr2","B",1,"B",NA,NA,5000,4998,2,0,4e-04,FALSE,0.200240260032993,0.000240260032992573,0.000421457699047475,0.0205294349422354,0.0205169491937389,0.999391812364459,0.0205287870723287,0.95218087234894,0.0836154298184233,1,0,NA,1,31.6937817020653,31.6502640800176,0.117737427152274,31.6009826550918,32.1945530328094,0.0326130452180872,0,1.02082633053222
75,"targeted",0,"mlma","B",2,"A",NA,NA,5000,4993,7,0,0.0014,FALSE,-0.00276492941204052,-0.00276492941204052,0.0154996348260391,0.12449752939733,0.123327802063633,0.990604413281455,0.124515763611462,0.944722611656319,0.483436100674411,0.0552773883436812,0.00323403808567432,0.0552773883436812,NA,NA,NA,NA,NA,NA,0.0897256158622071,0,0.42599639495303
75,"targeted",0,"mlma_cr2","B",2,"A",NA,NA,5000,4993,7,0,0.0014,FALSE,-0.00276492941204052,-0.00276492941204052,0.0154996348260391,0.12449752939733,0.111300503963945,0.89399769218498,0.124515763611462,0.964750650911276,0.916575936231322,0.0352493490887242,0.00260977044162322,0.0352493490887242,NA,2.098352713751,2.09810628468875,0.0847863614504235,1.96191339102998,2.38099784681247,0.0897256158622071,0,0.447440416583285
75,"targeted",0.05,"mlma","B",2,"A",NA,NA,5000,4996,4,0,8e-04,FALSE,0.0472250033056047,-0.00277499669439526,0.0154956704973965,0.124481607064644,0.123311508469126,0.990600229036966,0.124500078267681,0.944755804643715,0.483372230957586,0.0724579663730985,0.00366774096078758,NA,0.0724579663730985,NA,NA,NA,NA,NA,0.0902722177742194,0,0.426929543634834
75,"targeted",0.05,"mlma_cr2","B",2,"A",NA,NA,5000,4996,4,0,8e-04,FALSE,0.0472250033056047,-0.00277499669439526,0.0154956704973965,0.124481607064644,0.111292320706379,0.894046303953836,0.124500078267681,0.964771817453963,0.916537207441693,0.039031224979984,0.00273999338362395,NA,0.039031224979984,2.09827650371754,2.09808842162815,0.0848178723238817,1.96191339059404,2.38099784676882,0.0902722177742194,0,0.448282626100795
75,"targeted",0.1,"mlma","B",2,"A",NA,NA,5000,4991,9,0,0.0018,FALSE,0.0972325625980379,-0.00276743740196214,0.0154937593603279,0.124473930444603,0.123322555607323,0.99075007245961,0.124492223574078,0.944700460829493,0.483415534943582,0.128030454818674,0.00472948135428234,NA,0.128030454818674,NA,NA,NA,NA,NA,0.0893608495291525,0,0.4250971749149
75,"targeted",0.1,"mlma_cr2","B",2,"A",NA,NA,5000,4991,9,0,0.0018,FALSE,0.0972325625980379,-0.00276743740196214,0.0154937593603279,0.124473930444603,0.11130773911134,0.894225310583224,0.124492223574078,0.964736525746343,0.916615603277572,0.0579042276096975,0.00330604590077343,NA,0.0579042276096975,2.09840751155561,2.09810742445878,0.0847591833682729,1.96191339072317,2.38099784681247,0.0893608495291525,0,0.44653175716289
75,"targeted",0.2,"mlma","B",2,"A",NA,NA,5000,4985,15,0,0.003,FALSE,0.19729970540368,-0.00270029459632043,0.0155049392974293,0.124518831095659,0.123327990260818,0.990436459896361,0.124535619681761,0.944633901705115,0.483436838393818,0.363891675025075,0.00681426499313713,NA,0.363891675025075,NA,NA,NA,NA,NA,0.0882647943831495,0,0.424148445336016
75,"targeted",0.2,"mlma_cr2","B",2,"A",NA,NA,5000,4985,15,0,0.003,FALSE,0.19729970540368,-0.00270029459632043,0.0155049392974293,0.124518831095659,0.111318890657103,0.893992416067449,0.124535619681761,0.964894684052157,0.916644516491917,0.139217652958877,0.00490299272134647,NA,0.139217652958877,2.09856752860982,2.09820248379382,0.0846845007799696,1.96191339050759,2.38099784670249,0.0882647943831495,0,0.445781344032123
76,"targeted",0,"mlma","B",2,"B",NA,NA,5000,4979,21,0,0.0042,FALSE,0.000175251307088673,0.000175251307088673,0.00515736445914471,0.0718147927598814,0.0750629481366669,1.04522961428916,0.0718077944851076,0.948584053022695,0.29424134984253,0.0514159469773047,0.00312979408925236,0.0514159469773047,NA,NA,NA,NA,NA,NA,0.219321148825065,0,0.554850371560577
76,"targeted",0,"mlma_cr2","B",2,"B",NA,NA,5000,4979,21,0,0.0042,FALSE,0.000175251307088673,0.000175251307088673,0.00515736445914471,0.0718147927598814,0.0688324351747395,0.95847154227523,0.0718077944851076,0.963446475195822,0.331979384407735,0.0365535248041775,0.00265954512706624,0.0365535248041775,NA,6.37858987707731,6.43291735535491,1.00429554800878,4.99621796354765,8.52907472276621,0.219321148825065,0,0.575531231170896
76,"targeted",0.05,"mlma","B",2,"B",NA,NA,5000,4980,20,0,0.004,FALSE,0.0502002610937806,0.000200261093780595,0.00515138248124603,0.0717731320289565,0.0750629236444213,1.04583597681285,0.0717662049407578,0.94859437751004,0.294241253834692,0.114056224899598,0.00450451363240341,NA,0.114056224899598,NA,NA,NA,NA,NA,0.219477911646586,0,0.554405622489976
76,"targeted",0.05,"mlma_cr2","B",2,"B",NA,NA,5000,4980,20,0,0.004,FALSE,0.0502002610937806,0.000200261093780595,0.00515138248124603,0.0717731320289565,0.0688258656822193,0.958936355939599,0.0717662049407578,0.963654618473896,0.331950325063329,0.0827309236947791,0.00390362096243359,NA,0.0827309236947791,6.37830338568241,6.43247508610815,1.00439676695947,4.99621796355569,8.52907472291203,0.219477911646586,0,0.575365461847373
76,"targeted",0.1,"mlma","B",2,"B",NA,NA,5000,4981,19,0,0.0038,FALSE,0.100071625822592,7.1625822592028e-05,0.00515710518493311,0.0718129875783838,0.075051794858492,1.0451005784514,0.0718058142479014,0.948403934952821,0.294197629795465,0.273238305561132,0.00631405753956772,NA,0.273238305561132,NA,NA,NA,NA,NA,0.21963461152379,0,0.554079502108056
76,"targeted",0.1,"mlma_cr2","B",2,"B",NA,NA,5000,4981,19,0,0.0038,FALSE,0.100071625822592,7.1625822592028e-05,0.00515710518493311,0.0718129875783838,0.068821657319144,0.958345553358648,0.0718058142479014,0.963260389480024,0.331931951022209,0.214013250351335,0.00581125152211128,NA,0.214013250351335,6.37810435874611,6.43203281457854,1.00438469919864,4.9962179635341,8.52907472267454,0.21963461152379,0,0.575125476811885
76,"targeted",0.2,"mlma","B",2,"B",NA,NA,5000,4988,12,0,0.0024,FALSE,0.200214933565184,0.000214933565184428,0.00515564437472108,0.0718028159247329,0.0750310499154906,1.04495971291908,0.0717959397293516,0.948075380914194,0.294116311113177,0.758019246190858,0.00606411329438471,NA,0.758019246190858,NA,NA,NA,NA,NA,0.220729751403368,0,0.552991178829187
76,"targeted",0.2,"mlma_cr2","B",2,"B",NA,NA,5000,4988,12,0,0.0024,FALSE,0.200214933565184,0.000214933565184428,0.00515564437472108,0.0718028159247329,0.068795440478337,0.958116190741762,0.0717959397293516,0.963311948676824,0.331826356010438,0.672413793103448,0.00664535043676117,NA,0.672413793103448,6.37628448849944,6.42831945620691,1.00485669659336,4.99621796355479,8.52907472278962,0.220729751403368,0,0.573755012028879
77,"targeted",0,"mlma","B",3,"A",NA,NA,5000,5000,0,0,0,FALSE,-0.000278699039246747,-0.000278699039246747,0.000637249016785244,0.0252437916483488,0.0263955783767028,1.04562653441284,0.0252428057104666,0.9454,0.103468765938883,0.0546,0.00321306209090332,0.0546,NA,NA,NA,NA,NA,NA,0.0044,0.0458,0.428542000000062
77,"targeted",0,"mlma_cr2","B",3,"A",NA,NA,5000,5000,0,0,0,FALSE,-0.000278699039246747,-0.000278699039246747,0.000637249016785244,0.0252437916483488,0.0249374136033445,0.987863231907782,0.0252428057104666,0.9558,0.112749513140942,0.0442,0.00290676314824583,0.0442,NA,9.03592952271832,9.0238833056652,0.044061715738043,8.97325484151433,9.24003251166385,0.0044,0.0458,0.460420000000104
77,"targeted",0.05,"mlma","B",3,"A",NA,NA,5000,5000,0,0,0,FALSE,0.0497213009615604,-0.000278699038439613,0.000637249016819043,0.0252437916490182,0.0263955783789251,1.04562653447315,0.025242805711127,0.9454,0.103468765947595,0.4764,0.00706318681616167,NA,0.4764,NA,NA,NA,NA,NA,0.0044,0.0458,0.426813999999891
77,"targeted",0.05,"mlma_cr2","B",3,"A",NA,NA,5000,5000,0,0,0,FALSE,0.0497213009615604,-0.000278699038439613,0.000637249016819043,0.0252437916490182,0.0249374136028549,0.987863231862189,0.025242805711127,0.9558,0.112749513138684,0.4118,0.00696018333091881,NA,0.4118,9.03592952273297,9.02388330330075,0.0440617156939267,8.97325484128566,9.24003251181897,0.0044,0.0458,0.459017999999927
77,"targeted",0.1,"mlma","B",3,"A",NA,NA,5000,5000,0,0,0,FALSE,0.0997213009594596,-0.000278699040540384,0.000637249016816718,0.0252437916489722,0.0263955783794624,1.04562653449634,0.0252428057111042,0.9454,0.103468765949701,0.9644,0.00262040607540129,NA,0.9644,NA,NA,NA,NA,NA,0.0044,0.0458,0.426285999999942
77,"targeted",0.1,"mlma_cr2","B",3,"A",NA,NA,5000,5000,0,0,0,FALSE,0.0997213009594596,-0.000278699040540384,0.000637249016816718,0.0252437916489722,0.0249374136031332,0.987863231875015,0.0252428057111042,0.9558,0.112749513139977,0.9334,0.00352603006226549,NA,0.9334,9.03592952271158,9.02388330612115,0.0440617156570973,8.97325484128635,9.24003251179318,0.0044,0.0458,0.458110000000005
77,"targeted",0.2,"mlma","B",3,"A",NA,NA,5000,4999,1,0,2e-04,FALSE,0.199719280521647,-0.000280719478353064,0.000637356102677351,0.0252459125934744,0.0263982855119959,1.04564592047345,0.0252449481952924,0.945389077815563,0.103479377714235,1,0,NA,1,NA,NA,NA,NA,NA,0.00420084016803361,0.0458091618323665,0.42557711542316
77,"targeted",0.2,"mlma_cr2","B",3,"A",NA,NA,5000,4999,1,0,2e-04,FALSE,0.199719280521647,-0.000280719478353064,0.000637356102677351,0.0252459125934744,0.0249395677653567,0.987865567268228,0.0252449481952924,0.955791158231646,0.112759293273797,1,0,NA,1,9.03589019147059,9.02387631742489,0.0439782552335246,8.97325484151484,9.24003251177733,0.00420084016803361,0.0458091618323665,0.457615523104677
78,"targeted",0,"mlma","B",3,"B",NA,NA,5000,5000,0,0,0,FALSE,-0.000209291493459687,-0.000209291493459687,0.0104541712342825,0.102245641639546,0.102370552624115,1.00122167539433,0.102235630789685,0.9512,0.401285192441455,0.0488,0.00304691844328003,0.0488,NA,NA,NA,NA,NA,NA,0.014,0,0.347661999999895
78,"targeted",0,"mlma_cr2","B",3,"B",NA,NA,5000,5000,0,0,0,FALSE,-0.000209291493459687,-0.000209291493459687,0.0104541712342825,0.102245641639546,0.0977199229625461,0.955736805946656,0.102235630789685,0.9476,0.496962500793032,0.0524,0.00315132480077824,0.0524,NA,5.18801311555906,5.18572196491362,0.0624719394505538,5.02368448029898,5.41646273356413,0.014,0,0.383061999999842
78,"targeted",0.05,"mlma","B",3,"B",NA,NA,5000,5000,0,0,0,FALSE,0.0497907085064338,-0.000209291493566223,0.0104541712341241,0.102245641638772,0.102370552623549,1.00122167539638,0.102235630788911,0.9512,0.401285192439235,0.0804,0.0038454086908936,NA,0.0804,NA,NA,NA,NA,NA,0.014,0,0.347459999999951
78,"targeted",0.05,"mlma_cr2","B",3,"B",NA,NA,5000,5000,0,0,0,FALSE,0.0497907085064338,-0.000209291493566223,0.0104541712341241,0.102245641638772,0.0977199229624976,0.955736805953419,0.102235630788911,0.9476,0.496962500793387,0.0684,0.00356991428468528,NA,0.0684,5.18801311554048,5.18572196497161,0.0624719394305944,5.02368448030262,5.41646273356413,0.014,0,0.382965999999957
78,"targeted",0.1,"mlma","B",3,"B",NA,NA,5000,5000,0,0,0,FALSE,0.0997907085065986,-0.000209291493401431,0.0104541712339814,0.102245641638074,0.102370552623906,1.00122167540671,0.102235630788213,0.9512,0.401285192440636,0.1642,0.00523905258610753,NA,0.1642,NA,NA,NA,NA,NA,0.014,0,0.347438000000097
78,"targeted",0.1,"mlma_cr2","B",3,"B",NA,NA,5000,5000,0,0,0,FALSE,0.0997907085065986,-0.000209291493401431,0.0104541712339814,0.102245641638074,0.0977199229625664,0.955736805960617,0.102235630788213,0.9476,0.496962500793393,0.1238,0.004657758259077,NA,0.1238,5.18801311555345,5.18572196497356,0.0624719394402636,5.02368448030723,5.41646273356413,0.014,0,0.382874000000133
78,"targeted",0.2,"mlma","B",3,"B",NA,NA,5000,5000,0,0,0,FALSE,0.199790708506298,-0.000209291493702163,0.0104541712339126,0.102245641637737,0.102370552623787,1.00122167540884,0.102235630787877,0.9512,0.401285192440171,0.4946,0.00707065541516485,NA,0.4946,NA,NA,NA,NA,NA,0.014,0,0.348709999999931
78,"targeted",0.2,"mlma_cr2","B",3,"B",NA,NA,5000,5000,0,0,0,FALSE,0.199790708506298,-0.000209291493702163,0.0104541712339126,0.102245641637737,0.0977199229625691,0.955736805963789,0.102235630787877,0.9476,0.496962500793382,0.3572,0.00677655015476164,NA,0.3572,5.18801311555013,5.18572196504497,0.0624719394360742,5.02368448030723,5.41646273356413,0.014,0,0.384133999999991
79,"targeted",0,"mlma","B",4,"A",NA,NA,5000,5000,0,0,0,FALSE,-4.65002480682819e-05,-4.65002480682819e-05,0.00230957441895898,0.0480580317840731,0.0470413365797612,0.978844426902876,0.0480532482393049,0.9508,0.184398650961917,0.0492,0.00305873699425106,0.0492,NA,NA,NA,NA,NA,NA,0.0028,0,0.882087999999797
79,"targeted",0,"mlma_cr2","B",4,"A",NA,NA,5000,5000,0,0,0,FALSE,-4.65002480682819e-05,-4.65002480682819e-05,0.00230957441895898,0.0480580317840731,0.0471386885574704,0.980870144022266,0.0480532482393049,0.9508,0.196869994796996,0.0492,0.00305873699425106,0.0492,NA,19.6741489359068,19.6877108927205,0.628983160624808,17.6980970429568,21.7582339579018,0.0028,0,0.96107599999969
79,"targeted",0.05,"mlma","B",4,"A",NA,NA,5000,4998,2,0,4e-04,FALSE,0.0499511723512628,-4.88276487371625e-05,0.00230997556806173,0.0480622051934961,0.0470428234675262,0.978790367153028,0.0480574216143085,0.95078031212485,0.184404479454854,0.187474989995998,0.00552067158507911,NA,0.187474989995998,NA,NA,NA,NA,NA,0.00240096038415366,0,0.862224889955955
79,"targeted",0.05,"mlma_cr2","B",4,"A",NA,NA,5000,4998,2,0,4e-04,FALSE,0.0499511723512628,-4.88276487371625e-05,0.00230997556806173,0.0480622051934961,0.0471381201666229,0.980773145486085,0.0480574216143085,0.95078031212485,0.196867032600242,0.16906762705082,0.00530169747394994,NA,0.16906762705082,19.6749325826648,19.6878082192522,0.627887404537899,17.6980970436952,21.7582339595514,0.00240096038415366,0,0.941020408163175
79,"targeted",0.1,"mlma","B",4,"A",NA,NA,5000,5000,0,0,0,FALSE,0.0999534997516832,-4.65002483168164e-05,0.00230957441903905,0.0480580317849062,0.0470413365798308,0.978844426887356,0.0480532482401381,0.9508,0.18439865096219,0.5632,0.00701435328451597,NA,0.5632,NA,NA,NA,NA,NA,0.0028,0,0.864766000000111
79,"targeted",0.1,"mlma_cr2","B",4,"A",NA,NA,5000,5000,0,0,0,FALSE,0.0999534997516832,-4.65002483168164e-05,0.00230957441903905,0.0480580317849062,0.0471386885581888,0.980870144020211,0.0480532482401381,0.9508,0.196869994800936,0.513,0.00706867738689495,NA,0.513,19.6741489344502,19.6877109079244,0.628983159461828,17.6980970432899,21.7582339696264,0.0028,0,0.943724000000203
79,"targeted",0.2,"mlma","B",4,"A",NA,NA,5000,5000,0,0,0,FALSE,0.199953499747713,-4.65002522869462e-05,0.00230957441895633,0.0480580317840455,0.0470413365849459,0.978844427011321,0.0480532482392814,0.9508,0.184398650982241,0.9888,0.00148825804214189,NA,0.9888,NA,NA,NA,NA,NA,0.0028,0,0.864867999999833
79,"targeted",0.2,"mlma_cr2","B",4,"A",NA,NA,5000,5000,0,0,0,FALSE,0.199953499747713,-4.65002522869462e-05,0.00230957441895633,0.0480580317840455,0.0471386885573412,0.980870144020139,0.0480532482392814,0.9508,0.196869994796274,0.9772,0.00211093154791907,NA,0.9772,19.6741489360952,19.6877108816178,0.628983160571767,17.6980970432713,21.7582340734133,0.0028,0,0.943451999999999
80,"targeted",0,"mlma","B",4,"B",NA,NA,5000,4986,14,0,0.0028,FALSE,0.000875435299880768,0.000875435299880768,0.000687324899936967,0.0262168819644321,0.0259857670564624,0.991184500571684,0.0262288664630891,0.944043321299639,0.101862335082628,0.055956678700361,0.00325496100145237,0.055956678700361,NA,NA,NA,NA,NA,NA,0.106698756518251,0,0.484843561973498
80,"targeted",0,"mlma_cr2","B",4,"B",NA,NA,5000,4986,14,0,0.0028,FALSE,0.000875435299880768,0.000875435299880768,0.000687324899936967,0.0262168819644321,0.0258060904251201,0.984331029911592,0.0262288664630891,0.948656237464902,0.104365362837168,0.0513437625350983,0.00312551898887642,0.0513437625350983,NA,39.5004134178649,39.8460018691576,1.15079914631898,34.4532896482373,40.8397959576308,0.106698756518251,0,0.53274368231053
80,"targeted",0.05,"mlma","B",4,"B",NA,NA,5000,4986,14,0,0.0028,FALSE,0.0508732897890872,0.000873289789087184,0.000686648838387435,0.0262039851623266,0.0259862578334307,0.99169106044187,0.0262159065849809,0.944444444444444,0.101864258892992,0.498395507420778,0.00708095168573297,NA,0.498395507420778,NA,NA,NA,NA,NA,0.106698756518251,0,0.48288608102693
80,"targeted",0.05,"mlma_cr2","B",4,"B",NA,NA,5000,4986,14,0,0.0028,FALSE,0.0508732897890872,0.000873289789087184,0.000686648838387435,0.0262039851623266,0.0258055796573945,0.984795995629517,0.0262159065849809,0.94925792218211,0.10436330034271,0.479542719614922,0.00707505887030634,NA,0.479542719614922,39.5003939130131,39.8460018671463,1.15078169873517,34.453289659302,40.8397959580923,0.106698756518251,0,0.530312876052913
80,"targeted",0.1,"mlma","B",4,"B",NA,NA,5000,4989,11,0,0.0022,FALSE,0.100879698907106,0.000879698907106374,0.000687413880474511,0.0262185789179069,0.025983500004349,0.991033880429069,0.0262307065237784,0.944277410302666,0.101853448401641,0.970334736420124,0.00240202842876227,NA,0.970334736420124,NA,NA,NA,NA,NA,0.107235919021848,0,0.483924634195251
80,"targeted",0.1,"mlma_cr2","B",4,"B",NA,NA,5000,4989,11,0,0.0022,FALSE,0.100879698907106,0.000879698907106374,0.000687413880474511,0.0262185789179069,0.025802593212679,0.984133933935537,0.0262307065237784,0.948887552615755,0.104351175136487,0.965123271196633,0.00259748180437548,NA,0.965123271196633,39.5010271527159,39.8493005808464,1.15072530588933,34.4532896696899,40.8397959580369,0.107235919021848,0,0.531280817799152
80,"targeted",0.2,"mlma","B",4,"B",NA,NA,5000,4990,10,0,0.002,FALSE,0.200866518276729,0.000866518276728651,0.000687317139200199,0.0262167339537212,0.0259848188954898,0.991153930209581,0.0262284245470149,0.944288577154309,0.101858618359912,1,0,NA,1,NA,NA,NA,NA,NA,0.107414829659319,0,0.484312625250542
80,"targeted",0.2,"mlma_cr2","B",4,"B",NA,NA,5000,4990,10,0,0.002,FALSE,0.200866518276729,0.000866518276728651,0.000687317139200199,0.0262167339537212,0.0258038222089169,0.984250069229325,0.0262284245470149,0.948897795591182,0.104356127190779,1,0,NA,1,39.5011533363928,39.8495317173323,1.15063174052833,34.4532896662405,40.8397959575659,0.107414829659319,0,0.532018036072154
81,"targeted",0,"mlma","C",1,"A",NA,NA,5000,4999,1,0,2e-04,FALSE,0.000294665649922544,0.000294665649922544,0.0023821214728209,0.0488069818040503,0.0483808341815263,0.991268715934231,0.0488029894685526,0.941988397679536,0.189649385075592,0.0580116023204641,0.00330627245562816,0.0580116023204641,NA,NA,NA,NA,NA,NA,0,0.00540108021604321,0.538943788757758
81,"targeted",0,"mlma_cr2","C",1,"A",NA,NA,5000,4999,1,0,2e-04,FALSE,0.000294665649922544,0.000294665649922544,0.0023821214728209,0.0488069818040503,0.0483806987391596,0.991265940872924,0.0488029894685526,0.944388877775555,0.191279817044073,0.0556111222244449,0.0032412661450614,0.0556111222244449,NA,141.927937023672,141.930693518772,0.0204139311336557,141.807590165577,141.974946062372,0,0.00540108021604321,0.638723744748955
81,"targeted",0.05,"mlma","C",1,"A",NA,NA,5000,5000,0,0,0,FALSE,0.0503028684289709,0.000302868428970884,0.00238198138126036,0.0488055466239275,0.0483821295519916,0.991324406727815,0.0488016056525743,0.942,0.189654462834509,0.1822,0.00545899551199669,NA,0.1822,NA,NA,NA,NA,NA,0,0.0054,0.531411999999997
81,"targeted",0.05,"mlma_cr2","C",1,"A",NA,NA,5000,5000,0,0,0,FALSE,0.0503028684289709,0.000302868428970884,0.00238198138126036,0.0488055466239275,0.0483819940065373,0.991321629472694,0.0488016056525743,0.9444,0.191284938015294,0.1784,0.00541430401806179,NA,0.1784,141.927940912592,141.930698595025,0.0204137416614977,141.807590169575,141.974946062578,0,0.0054,0.630725999999995
81,"targeted",0.1,"mlma","C",1,"A",NA,NA,5000,4999,1,0,2e-04,FALSE,0.100294665646755,0.000294665646755204,0.00238212147283803,0.0488069818042259,0.0483808341814004,0.991268715928085,0.048802989468709,0.941988397679536,0.189649385075098,0.549109821964393,0.00703758130236821,NA,0.549109821964393,NA,NA,NA,NA,NA,0,0.00540108021604321,0.52939787957592
81,"targeted",0.1,"mlma_cr2","C",1,"A",NA,NA,5000,4999,1,0,2e-04,FALSE,0.100294665646755,0.000294665646755204,0.00238212147283803,0.0488069818042259,0.0483806987390442,0.991265940866994,0.048802989468709,0.944388877775555,0.191279817043617,0.542708541708342,0.0070459296844386,NA,0.542708541708342,141.927937023726,141.930693521263,0.020413930884566,141.807590168376,141.974946062453,0,0.00540108021604321,0.628347669533905
81,"targeted",0.2,"mlma","C",1,"A",NA,NA,5000,4997,3,0,6e-04,FALSE,0.200286882352111,0.000286882352110968,0.00238228300699793,0.048808636602531,0.0483812621009442,0.991243875442229,0.0488045957450207,0.941965179107464,0.189651062488887,0.981188713227937,0.00192190027650036,NA,0.981188713227937,NA,NA,NA,NA,NA,0,0.00500300180108065,0.532053231939166
81,"targeted",0.2,"mlma_cr2","C",1,"A",NA,NA,5000,4997,3,0,6e-04,FALSE,0.200286882352111,0.000286882352110968,0.00238228300699793,0.048808636602531,0.0483811296813444,0.991241162405991,0.0488045957450207,0.944366619971983,0.191281520915647,0.980988593155893,0.00193189906340305,NA,0.980988593155893,141.927929411479,141.930685520061,0.0204143891487017,141.807590169851,141.974946062602,0,0.00500300180108065,0.63115069041426
82,"targeted",0,"mlma","C",1,"B",NA,NA,5000,5000,0,0,0,FALSE,0.000495251076839594,0.000495251076839594,0.00230510485427909,0.0480115075193343,0.0498154474917085,1.03757307498932,0.0480092606372703,0.9454,0.19527296591499,0.0546,0.00321306209090332,0.0546,NA,NA,NA,NA,NA,NA,0.348,0,0.62088000000001
82,"targeted",0,"mlma_cr2","C",1,"B",NA,NA,5000,5000,0,0,0,FALSE,0.000495251076839594,0.000495251076839594,0.00230510485427909,0.0480115075193343,0.0461285923502354,0.960782002765886,0.0480092606372703,0.955,0.229874690160684,0.045,0.00293172304285381,0.045,NA,5.72160884702736,5.78048154257906,0.470067987432013,4.54396941907055,6.26052429426628,0.348,0,0.641376000000013
82,"targeted",0.05,"mlma","C",1,"B",NA,NA,5000,5000,0,0,0,FALSE,0.0504952510762898,0.000495251076289768,0.00230510485423486,0.0480115075188736,0.0498154474875748,1.03757307491318,0.048009260636804,0.9454,0.195272965898786,0.1754,0.00537837968165134,NA,0.1754,NA,NA,NA,NA,NA,0.348,0,0.619901999999977
82,"targeted",0.05,"mlma_cr2","C",1,"B",NA,NA,5000,5000,0,0,0,FALSE,0.0504952510762898,0.000495251076289768,0.00230510485423486,0.0480115075188736,0.0461285923501431,0.960782002773181,0.048009260636804,0.955,0.229874690160356,0.13,0.00475604878023765,NA,0.13,5.72160884703577,5.78048154241641,0.470067987433887,4.54396941908803,6.26052429427667,0.348,0,0.640385999999973
82,"targeted",0.1,"mlma","C",1,"B",NA,NA,5000,5000,0,0,0,FALSE,0.100495251077022,0.000495251077021794,0.00230510485421486,0.0480115075186653,0.049815447486772,1.03757307490096,0.0480092606366033,0.9454,0.195272965895639,0.526,0.00706150125681501,NA,0.526,NA,NA,NA,NA,NA,0.348,0,0.620026000000001
82,"targeted",0.1,"mlma_cr2","C",1,"B",NA,NA,5000,5000,0,0,0,FALSE,0.100495251077022,0.000495251077021794,0.00230510485421486,0.0480115075186653,0.0461285923499165,0.960782002772631,0.0480092606366033,0.955,0.229874690157929,0.4126,0.0069622013760017,NA,0.4126,5.72160884711824,5.78048154252354,0.470067987315841,4.54396941918223,6.26052429427329,0.348,0,0.640774000000025
82,"targeted",0.2,"mlma","C",1,"B",NA,NA,5000,5000,0,0,0,FALSE,0.200495251075967,0.000495251075967373,0.00230510485431422,0.0480115075197001,0.0498154474876502,1.03757307489689,0.048009260637627,0.9454,0.195272965899081,0.9728,0.00230044169671826,NA,0.9728,NA,NA,NA,NA,NA,0.348,0,0.618886000000001
82,"targeted",0.2,"mlma_cr2","C",1,"B",NA,NA,5000,5000,0,0,0,FALSE,0.200495251075967,0.000495251075967373,0.00230510485431422,0.0480115075197001,0.0461285923502808,0.960782002759511,0.048009260637627,0.955,0.22987469016057,0.925,0.00372491610643783,NA,0.925,5.72160884706052,5.78048154256759,0.470067987382269,4.54396941898552,6.26052429426836,0.348,0,0.639257999999989
83,"targeted",0,"mlma","C",2,"A",NA,NA,5000,4998,2,0,4e-04,FALSE,-0.000104681086154672,-0.000104681086154672,0.000613504473758402,0.0247690224627134,0.0245684278942914,0.99190139341494,0.0247667656728417,0.944577831132453,0.0963064676591607,0.055422168867547,0.00323640234414173,0.055422168867547,NA,NA,NA,NA,NA,NA,0.0266106442577031,0,0.895786314525857
83,"targeted",0,"mlma_cr2","C",2,"A",NA,NA,5000,4998,2,0,4e-04,FALSE,-0.000104681086154672,-0.000104681086154672,0.000613504473758402,0.0247690224627134,0.0245954110663176,0.99299078529816,0.0247667656728417,0.945378151260504,0.0976486820340479,0.0546218487394958,0.00321431068710422,0.0546218487394958,NA,95.5903216442544,95.8896673308237,4.75511815132064,84.9923566101552,109.157498449891,0.0266106442577031,0,1.00221688675477
83,"targeted",0.05,"mlma","C",2,"A",NA,NA,5000,4999,1,0,2e-04,FALSE,0.0498929495947377,-0.000107050405262273,0.000613185826875047,0.0247625892603146,0.0245682460354975,0.992151740564201,0.0247603437974233,0.944588917783557,0.0963057547857881,0.52870574114823,0.00706011084318439,NA,0.52870574114823,NA,NA,NA,NA,NA,0.027005401080216,0,0.883082616523333
83,"targeted",0.05,"mlma_cr2","C",2,"A",NA,NA,5000,4999,1,0,2e-04,FALSE,0.0498929495947377,-0.000107050405262273,0.000613185826875047,0.0247625892603146,0.0245949330290518,0.99322945474319,0.0247603437974233,0.945389077815563,0.0976468119289044,0.515303060612122,0.0070684620603325,NA,0.515303060612122,95.5882260107697,95.884666775816,4.75695050986574,84.9923566115148,109.157498459314,0.027005401080216,0,0.989419883976794
83,"targeted",0.1,"mlma","C",2,"A",NA,NA,5000,4999,1,0,2e-04,FALSE,0.0998999910401724,-0.000100008959827605,0.000613475793033544,0.0247684434923461,0.0245679207362842,0.991904103456325,0.0247661679539456,0.944588917783557,0.0963044796363038,0.979795959191838,0.00198996469831423,NA,0.979795959191838,NA,NA,NA,NA,NA,0.027005401080216,0,0.879411882376473
83,"targeted",0.1,"mlma_cr2","C",2,"A",NA,NA,5000,4999,1,0,2e-04,FALSE,0.0998999910401724,-0.000100008959827605,0.000613475793033544,0.0247684434923461,0.0245946266309919,0.992982326022708,0.0247661679539456,0.945389077815563,0.0976455937549012,0.977595519103821,0.00209317469468052,NA,0.977595519103821,95.5882122566887,95.8846663954692,4.75698093639914,84.9923566105459,109.157498562567,0.027005401080216,0,0.985821164232867
83,"targeted",0.2,"mlma","C",2,"A",NA,NA,5000,4996,4,0,8e-04,FALSE,0.199898457308722,-0.000101542691278267,0.000613054711032091,0.0247599416605147,0.0245691748611665,0.992295345362127,0.024757671797662,0.944755804643715,0.0963093957155066,1,0,NA,1,NA,NA,NA,NA,NA,0.0264211369095276,0,0.875734587670139
83,"targeted",0.2,"mlma_cr2","C",2,"A",NA,NA,5000,4996,4,0,8e-04,FALSE,0.199898457308722,-0.000101542691278267,0.000613054711032091,0.0247599416605147,0.0245965182237836,0.993399684095716,0.024757671797662,0.945556445156125,0.0976530227208624,1,0,NA,1,95.5945319770111,95.8951880974989,4.75140971549617,84.9923566120063,109.157498442096,0.0264211369095276,0,0.981469175340321
84,"targeted",0,"mlma","C",2,"B",NA,NA,5000,4998,2,0,4e-04,FALSE,0.000312799150636024,0.000312799150636024,0.000668903501762147,0.0258631688267727,0.0260387763588104,1.00678986914612,0.0258624730224458,0.929771908763505,0.102070127729523,0.0702280912364946,0.00361447742645893,0.0702280912364946,NA,NA,NA,NA,NA,NA,0.101240496198479,0,0.484609843937548
84,"targeted",0,"mlma_cr2","C",2,"B",NA,NA,5000,4998,2,0,4e-04,FALSE,0.000312799150636024,0.000312799150636024,0.000668903501762147,0.0258631688267727,0.0237706866213088,0.91909412881774,0.0258624730224458,0.966586634653862,0.152869932529981,0.0334133653461385,0.00254203997989421,0.0334133653461385,NA,2.9712290556103,2.95624697074889,0.10129669772089,2.72172933637774,3.19687514446399,0.101240496198479,0,0.508367346938815
84,"targeted",0.05,"mlma","C",2,"B",NA,NA,5000,4998,2,0,4e-04,FALSE,0.0503141182801108,0.000314118280110777,0.000668984609840944,0.0258647368020814,0.0260385153617708,1.00671874456018,0.0258640567133752,0.929771908763505,0.102069104639927,0.489395758303321,0.0070708916704482,NA,0.489395758303321,NA,NA,NA,NA,NA,0.101240496198479,0,0.481874749899924
84,"targeted",0.05,"mlma_cr2","C",2,"B",NA,NA,5000,4998,2,0,4e-04,FALSE,0.0503141182801108,0.000314118280110777,0.000668984609840944,0.0258647368020814,0.0237725572197758,0.919110733725417,0.0258640567133752,0.966586634653862,0.152881449750407,0.2703081232493,0.00628204695911666,NA,0.2703081232493,2.97123123820192,2.95624697099891,0.101300861991333,2.72172933587862,3.19687514443617,0.101240496198479,0,0.505862344937979
84,"targeted",0.1,"mlma","C",2,"B",NA,NA,5000,5000,0,0,0,FALSE,0.10031634158111,0.000316341581109658,0.000668734921228997,0.0258599095363653,0.0260351755509584,1.00677751847301,0.0258592584240285,0.9298,0.102056012822112,0.9574,0.00285605462132642,NA,0.9574,NA,NA,NA,NA,NA,0.1016,0,0.483126000000005
84,"targeted",0.1,"mlma_cr2","C",2,"B",NA,NA,5000,5000,0,0,0,FALSE,0.10031634158111,0.000316341581109658,0.000668734921228997,0.0258599095363653,0.023769164940704,0.919151124920944,0.0258592584240285,0.9666,0.152858127000424,0.742,0.00618766514931117,NA,0.742,2.97130774478502,2.95627701724289,0.101352826314271,2.72172933621444,3.19687514446624,0.1016,0,0.507474000000069
84,"targeted",0.2,"mlma","C",2,"B",NA,NA,5000,4996,4,0,8e-04,FALSE,0.200320736240927,0.000320736240927322,0.000669077657453719,0.0258665354745029,0.0260426252755596,1.00680762992904,0.0258659352531537,0.929743795036029,0.102085215205939,1,0,NA,1,NA,NA,NA,NA,NA,0.100880704563651,0,0.483194555644434
84,"targeted",0.2,"mlma_cr2","C",2,"B",NA,NA,5000,4996,4,0,8e-04,FALSE,0.200320736240927,0.000320736240927322,0.000669077657453719,0.0258665354745029,0.0237757828522958,0.919171524757616,0.0258659352531537,0.966573258606885,0.152903865352254,0.995596477181745,0.000936764849743904,NA,0.995596477181745,2.97114790663311,2.9562248478931,0.101235635484661,2.72172933608604,3.19687514441521,0.100880704563651,0,0.507355884707702
85,"targeted",0,"mlma","C",3,"A",NA,NA,5000,5000,0,0,0,FALSE,0.000231793429641958,0.000231793429641958,0.00256398493911963,0.050635806887218,0.053627878153557,1.0590900283865,0.050631273639183,0.948,0.210217419496548,0.052,0.00313993630508646,0.052,NA,NA,NA,NA,NA,NA,0.0208,0,0.419599999999914
85,"targeted",0,"mlma_cr2","C",3,"A",NA,NA,5000,5000,0,0,0,FALSE,0.000231793429641958,0.000231793429641958,0.00256398493911963,0.050635806887218,0.0490307409491172,0.968301760418753,0.050631273639183,0.9624,0.235254366418264,0.0376,0.00269021337443705,0.0376,NA,6.5192511945298,6.56721496824087,0.106264514446353,6.1466415841814,6.6208309734402,0.0208,0,0.444865999999945
85,"targeted",0.05,"mlma","C",3,"A",NA,NA,5000,5000,0,0,0,FALSE,0.0502317934628769,0.000231793462876904,0.00256398493760363,0.0506358068722483,0.0536278781744647,1.05909002911251,0.0506312736243672,0.948,0.210217419578505,0.1614,0.00520288458453577,NA,0.1614,NA,NA,NA,NA,NA,0.0208,0,0.418990000000081
85,"targeted",0.05,"mlma_cr2","C",3,"A",NA,NA,5000,5000,0,0,0,FALSE,0.0502317934628769,0.000231793462876904,0.00256398493760363,0.0506358068722483,0.0490307409582702,0.968301760885778,0.0506312736243672,0.9624,0.235254366467033,0.1278,0.0047215921043648,NA,0.1278,6.51925119351978,6.56721496548025,0.106264516686463,6.14664158334486,6.62083097397519,0.0208,0,0.444010000000174
85,"targeted",0.1,"mlma","C",3,"A",NA,NA,5000,4998,2,0,4e-04,FALSE,0.100212948211097,0.000212948211097019,0.00256404612968356,0.0506364111058787,0.053639127970707,1.05929955933389,0.0506317929980014,0.948179271708683,0.210261517969441,0.469187675070028,0.00705904045514268,NA,0.469187675070028,NA,NA,NA,NA,NA,0.0204081632653061,0,0.419231692677085
85,"targeted",0.1,"mlma_cr2","C",3,"A",NA,NA,5000,4998,2,0,4e-04,FALSE,0.100212948211097,0.000212948211097019,0.00256404612968356,0.0506364111058787,0.049041604392332,0.968504744338772,0.0506317929980014,0.962585034013605,0.235306135022908,0.3937575030012,0.00691097757272416,NA,0.3937575030012,6.51934074896812,6.56723603693367,0.106191375059098,6.14664158442367,6.620830974087,0.0204081632653061,0,0.444285714285808
85,"targeted",0.2,"mlma","C",3,"A",NA,NA,5000,4998,2,0,4e-04,FALSE,0.2002311734725,0.000231173472499846,0.00256441860807841,0.0506400889422443,0.0536387584883525,1.05921532937133,0.0506355503603506,0.947979191676671,0.210260069625226,0.953381352541016,0.00298205078500844,NA,0.953381352541016,NA,NA,NA,NA,NA,0.0204081632653061,0,0.417106842736997
85,"targeted",0.2,"mlma_cr2","C",3,"A",NA,NA,5000,4998,2,0,4e-04,FALSE,0.2002311734725,0.000231173472499846,0.00256441860807841,0.0506400889422443,0.0490409397239424,0.968421279430893,0.0506355503603506,0.962384953981593,0.23530289433799,0.911364545818327,0.00402023718349314,NA,0.911364545818327,6.51934658215552,6.56723603799464,0.106178684229409,6.14664158334372,6.62083097418795,0.0204081632653061,0,0.441990796318441
86,"targeted",0,"mlma","C",3,"B",NA,NA,5000,5000,0,0,0,FALSE,-0.000497208021214197,-0.000497208021214197,0.0035485167893582,0.0595694283114938,0.060030494191444,1.0077399749002,0.0595655462647384,0.949,0.235315213178742,0.051,0.00311123769583746,0.051,NA,NA,NA,NA,NA,NA,0,0,1.008632
86,"targeted",0,"mlma_cr2","C",3,"B",NA,NA,5000,5000,0,0,0,FALSE,-0.000497208021214197,-0.000497208021214197,0.0035485167893582,0.0595694283114938,0.0601484769577422,1.00972056745652,0.0595655462647384,0.9506,0.23780759680777,0.0494,0.0030646252625729,0.0494,NA,141.770896896681,141.779029179017,0.0569102982357044,141.48319404599,141.901682366889,0,0,1.11932600000001
86,"targeted",0.05,"mlma","C",3,"B",NA,NA,5000,5000,0,0,0,FALSE,0.0495027919782299,-0.000497208021770078,0.00354851678938818,0.0595694283117455,0.0600304940612931,1.00773997271108,0.0595655462649946,0.949,0.23531521266856,0.1314,0.00477774088874648,NA,0.1314,NA,NA,NA,NA,NA,0,0,0.990663999999917
86,"targeted",0.05,"mlma_cr2","C",3,"B",NA,NA,5000,5000,0,0,0,FALSE,0.0495027919782299,-0.000497208021770078,0.00354851678938818,0.0595694283117455,0.0601484769575402,1.00972056744887,0.0595655462649946,0.9506,0.237807596806988,0.127,0.00470894892730851,NA,0.127,141.770896895633,141.779029180285,0.0569102970850961,141.48319401802,141.901682367016,0,0,1.10091199999998
86,"targeted",0.1,"mlma","C",3,"B",NA,NA,5000,5000,0,0,0,FALSE,0.0995027919759856,-0.000497208024014387,0.00354851678892509,0.0595694283078585,0.0600304942332222,1.00773997566303,0.0595655462611269,0.949,0.23531521334251,0.3816,0.00686995545837089,NA,0.3816,NA,NA,NA,NA,NA,0,0,0.993789999999915
86,"targeted",0.1,"mlma_cr2","C",3,"B",NA,NA,5000,5000,0,0,0,FALSE,0.0995027919759856,-0.000497208024014387,0.00354851678892509,0.0595694283078585,0.0601484769578858,1.00972056752055,0.0595655462611269,0.9506,0.237807596808331,0.3756,0.00684871725215752,NA,0.3756,141.77089689722,141.77902918122,0.0569102980783652,141.483193995205,141.901682366962,0,0,1.10422000000006
86,"targeted",0.2,"mlma","C",3,"B",NA,NA,5000,5000,0,0,0,FALSE,0.199502791973913,-0.000497208026087104,0.00354851678915146,0.0595694283097585,0.0600304941410343,1.00773997408332,0.059565546263044,0.949,0.23531521298114,0.9106,0.00403503754629372,NA,0.9106,NA,NA,NA,NA,NA,0,0,0.993588000000114
86,"targeted",0.2,"mlma_cr2","C",3,"B",NA,NA,5000,5000,0,0,0,FALSE,0.199502791973913,-0.000497208026087104,0.00354851678915146,0.0595694283097585,0.0601484769580407,1.00972056749095,0.059565546263044,0.9506,0.237807596808962,0.9076,0.00409541792739154,NA,0.9076,141.770896895998,141.77902917896,0.0569102970916463,141.483194028951,141.901682367026,0,0,1.10383199999997
87,"targeted",0,"mlma","C",4,"A",NA,NA,5000,5000,0,0,0,FALSE,0.000339838080817157,0.000339838080817157,0.00292896115789662,0.0541198776596605,0.0539893346770189,0.997587892133413,0.0541155324799286,0.9478,0.211634303032473,0.0522,0.00314563697841947,0.0522,NA,NA,NA,NA,NA,NA,0,0,0.533097999999925
87,"targeted",0,"mlma_cr2","C",4,"A",NA,NA,5000,5000,0,0,0,FALSE,0.000339838080817157,0.000339838080817157,0.00292896115789662,0.0541198776596605,0.0539894620317211,0.997590245329829,0.0541155324799286,0.9494,0.213458830744659,0.0506,0.00309966578843591,0.0506,NA,141.615911034076,141.628126034104,0.0934747833186353,140.878294713869,141.849105841987,0,0,0.624833999999907
87,"targeted",0.05,"mlma","C",4,"A",NA,NA,5000,5000,0,0,0,FALSE,0.0503398380813563,0.00033983808135632,0.00292896115789627,0.0541198776596573,0.0539893346790182,0.997587892170414,0.0541155324799289,0.9478,0.21163430304031,0.1564,0.0051369064620645,NA,0.1564,NA,NA,NA,NA,NA,0,0,0.529174000000014
87,"targeted",0.05,"mlma_cr2","C",4,"A",NA,NA,5000,5000,0,0,0,FALSE,0.0503398380813563,0.00033983808135632,0.00292896115789627,0.0541198776596573,0.0539894620317251,0.997590245329963,0.0541155324799289,0.9494,0.213458830744675,0.1518,0.00507457899731594,NA,0.1518,141.615911034118,141.628126034194,0.0934747833535023,140.878294716966,141.849105841394,0,0,0.619928000000017
87,"targeted",0.1,"mlma","C",4,"A",NA,NA,5000,5000,0,0,0,FALSE,0.100339838097916,0.000339838097915685,0.00292896115757171,0.0541198776566587,0.0539893346206705,0.997587891147567,0.0541155324770346,0.9478,0.211634302811591,0.4606,0.0070490799399638,NA,0.4606,NA,NA,NA,NA,NA,0,0,0.527978000000009
87,"targeted",0.1,"mlma_cr2","C",4,"A",NA,NA,5000,5000,0,0,0,FALSE,0.100339838097916,0.000339838097915685,0.00292896115757171,0.0541198776566587,0.0539894620318258,0.997590245387097,0.0541155324770346,0.9494,0.213458830745106,0.4544,0.00704159981822313,NA,0.4544,141.615911031268,141.628126033488,0.0934747893832934,140.878294711975,141.849105842183,0,0,0.618360000000059
87,"targeted",0.2,"mlma","C",4,"A",NA,NA,5000,5000,0,0,0,FALSE,0.200339838097674,0.000339838097674322,0.00292896115756872,0.0541198776566311,0.0539893346252523,0.997587891232735,0.0541155324770055,0.9478,0.211634302829551,0.9578,0.00284320804725929,NA,0.9578,NA,NA,NA,NA,NA,0,0,0.52908799999998
87,"targeted",0.2,"mlma_cr2","C",4,"A",NA,NA,5000,5000,0,0,0,FALSE,0.200339838097674,0.000339838097674322,0.00292896115756872,0.0541198776566311,0.0539894620318139,0.997590245387386,0.0541155324770055,0.9494,0.213458830745058,0.9566,0.00288154264240528,NA,0.9566,141.615911031379,141.628126034186,0.0934747893332004,140.878294710928,141.849105841302,0,0,0.619679999999955
88,"targeted",0,"mlma","C",4,"B",NA,NA,5000,4977,23,0,0.0046,FALSE,0.00030306036433307,0.00030306036433307,0.0036534218924902,0.0604435430173496,0.0605324510362779,1.00147092666131,0.0604382302604507,0.929274663451879,0.237282847854078,0.0707253365481214,0.00363392315440476,0.0707253365481214,NA,NA,NA,NA,NA,NA,0.125577657223227,0,0.411637532650203
88,"targeted",0,"mlma_cr2","C",4,"B",NA,NA,5000,4977,23,0,0.0046,FALSE,0.00030306036433307,0.00030306036433307,0.0036534218924902,0.0604435430173496,0.0576032081113229,0.95300846435803,0.0604382302604507,0.953184649387181,0.285779316306142,0.046815350612819,0.00299432433309045,0.046815350612819,NA,5.83212081368815,5.7384631249948,0.517234731392434,4.77110328186565,6.79170519076856,0.125577657223227,0,0.430383765320343
88,"targeted",0.05,"mlma","C",4,"B",NA,NA,5000,4979,21,0,0.0042,FALSE,0.0501081411328793,0.000108141132879283,0.00365136256852951,0.0604265055131398,0.0605239359762385,1.00161237957203,0.0604205338476873,0.929303072906206,0.237249469432071,0.151235187788713,0.00507748962939155,NA,0.151235187788713,NA,NA,NA,NA,NA,0.12592890138582,0,0.41005221932125
88,"targeted",0.05,"mlma_cr2","C",4,"B",NA,NA,5000,4979,21,0,0.0042,FALSE,0.0501081411328793,0.000108141132879283,0.00365136256852951,0.0604265055131398,0.0575927379176064,0.953103897512041,0.0604205338476873,0.953002610966057,0.285724874024731,0.10363526812613,0.00431941671763555,NA,0.10363526812613,5.8324889999361,5.73864600289979,0.517456688740129,4.77110328203186,6.79170518844617,0.12592890138582,0,0.429222735489079
88,"targeted",0.1,"mlma","C",4,"B",NA,NA,5000,4982,18,0,0.0036,FALSE,0.100203776971638,0.000203776971638286,0.00365583523295256,0.0604635033135904,0.0605143441887177,1.00084085228842,0.0604577782361261,0.929144921718185,0.237211870315895,0.399437976716178,0.00693907765990448,NA,0.399437976716178,NA,NA,NA,NA,NA,0.126455238859896,0,0.410317141710209
88,"targeted",0.1,"mlma_cr2","C",4,"B",NA,NA,5000,4982,18,0,0.0036,FALSE,0.100203776971638,0.000203776971638286,0.00365583523295256,0.0604635033135904,0.0575876554848916,0.952436632495749,0.0604577782361261,0.95303091128061,0.285694053763436,0.280409474106784,0.00636410297620004,NA,0.280409474106784,5.83301196850733,5.73892499146438,0.517738301013109,4.77110328172631,6.79170519024974,0.126455238859896,0,0.428916097952741
88,"targeted",0.2,"mlma","C",4,"B",NA,NA,5000,4983,17,0,0.0034,FALSE,0.200266493172407,0.000266493172407373,0.00365319383845466,0.060441656483378,0.0605128195263866,1.00117738406174,0.0604361789464813,0.929359823399558,0.23720589374938,0.890026088701585,0.00443201029537465,NA,0.890026088701585,NA,NA,NA,NA,NA,0.126630543849087,0,0.410359221352586
88,"targeted",0.2,"mlma_cr2","C",4,"B",NA,NA,5000,4983,17,0,0.0034,FALSE,0.200266493172407,0.000266493172407373,0.00365319383845466,0.060441656483378,0.0575818100182152,0.952684181216157,0.0604361789464813,0.953040337146297,0.285664024142278,0.784868553080474,0.00582109879172771,NA,0.784868553080474,5.83317705083134,5.73904073060752,0.517817262445874,4.77110328214062,6.79170518992171,0.126630543849087,0,0.42916315472614
89,"targeted",0,"mlma","D",1,"A",NA,NA,5000,5000,0,0,0,FALSE,-0.00129026986772259,-0.00129026986772259,0.0164460083301442,0.128241991290467,0.126194171166375,0.984031594460717,0.128235657774309,0.9396,0.494672061089958,0.0604,0.00336903072114221,0.0604,NA,NA,NA,NA,NA,NA,0,0,0.298407999999997
89,"targeted",0,"mlma_cr2","D",1,"A",NA,NA,5000,5000,0,0,0,FALSE,-0.00129026986772259,-0.00129026986772259,0.0164460083301442,0.128241991290467,0.126159381870501,0.983760315954169,0.128235657774309,0.9444,0.516833745557836,0.0556,0.00324063697442339,0.0556,NA,27.9652076319886,28.0969055078454,0.751932808146021,22.0863465693283,29.4872592126044,0,0,0.325889999999998
89,"targeted",0.05,"mlma","D",1,"A",NA,NA,5000,5000,0,0,0,FALSE,0.048709730132943,-0.00129026986705705,0.0164460083299533,0.128241991289722,0.126194171164801,0.984031594454148,0.128235657773558,0.9396,0.494672061083784,0.078,0.00379251895183136,NA,0.078,NA,NA,NA,NA,NA,0,0,0.297038000000001
89,"targeted",0.05,"mlma_cr2","D",1,"A",NA,NA,5000,5000,0,0,0,FALSE,0.048709730132943,-0.00129026986705705,0.0164460083299533,0.128241991289722,0.126159381870365,0.983760315958816,0.128235657773558,0.9444,0.516833745557359,0.0658,0.00350629034736144,NA,0.0658,27.9652076318937,28.0969055076052,0.751932808155337,22.0863465664112,29.4872592119919,0,0,0.324178000000001
89,"targeted",0.1,"mlma","D",1,"A",NA,NA,5000,5000,0,0,0,FALSE,0.0987097301325539,-0.00129026986744606,0.016446008329948,0.128241991289702,0.126194171163701,0.984031594445735,0.128235657773541,0.9396,0.494672061079476,0.1352,0.00483572042202607,NA,0.1352,NA,NA,NA,NA,NA,0,0,0.297716000000002
89,"targeted",0.1,"mlma_cr2","D",1,"A",NA,NA,5000,5000,0,0,0,FALSE,0.0987097301325539,-0.00129026986744606,0.016446008329948,0.128241991289702,0.126159381870639,0.983760315961111,0.128235657773541,0.9444,0.516833745558472,0.1172,0.00454893745835222,NA,0.1172,27.9652076318949,28.0969055076012,0.75193280825185,22.0863465672787,29.4872592125189,0,0,0.325059999999999
89,"targeted",0.2,"mlma","D",1,"A",NA,NA,5000,5000,0,0,0,FALSE,0.198709730132715,-0.00129026986728467,0.0164460083299248,0.128241991289611,0.126194171169913,0.984031594494868,0.128235657773449,0.9396,0.494672061103826,0.35,0.00674536878161602,NA,0.35,NA,NA,NA,NA,NA,0,0,0.297355999999994
89,"targeted",0.2,"mlma_cr2","D",1,"A",NA,NA,5000,5000,0,0,0,FALSE,0.198709730132715,-0.00129026986728467,0.0164460083299248,0.128241991289611,0.126159381870363,0.983760315959655,0.128235657773449,0.9444,0.516833745557094,0.3182,0.00658708979747506,NA,0.3182,27.9652076322363,28.0969055079745,0.751932807903968,22.0863465722255,29.4872592117751,0,0,0.324580000000001
90,"targeted",0,"mlma","D",1,"B",NA,NA,5000,5000,0,0,0,FALSE,0.000102401563285931,0.000102401563285931,0.000168464622923021,0.0129793922401252,0.0128573758242195,0.990599219620742,0.012978498221235,0.9452,0.0503999871023324,0.0548,0.00321860093829602,0.0548,NA,NA,NA,NA,NA,NA,8e-04,0,0.459564000000006
90,"targeted",0,"mlma_cr2","D",1,"B",NA,NA,5000,5000,0,0,0,FALSE,0.000102401563285931,0.000102401563285931,0.000168464622923021,0.0129793922401252,0.0127903744228398,0.985437082585342,0.012978498221235,0.9522,0.0518859747955295,0.0478,0.00301712313305241,0.0478,NA,35.8143552627083,35.987100198301,0.794518252908168,30.3652519376658,36.9387169775824,8e-04,0,0.500588000000002
90,"targeted",0.05,"mlma","D",1,"B",NA,NA,5000,5000,0,0,0,FALSE,0.0501024015641753,0.000102401564175313,0.000168464622948687,0.0129793922411139,0.0128573758233892,0.99059921948131,0.0129784982222306,0.9452,0.0503999870990776,0.9676,0.0025040063897682,NA,0.9676,NA,NA,NA,NA,NA,8e-04,0,0.456172000000014
90,"targeted",0.05,"mlma_cr2","D",1,"B",NA,NA,5000,5000,0,0,0,FALSE,0.0501024015641753,0.000102401564175313,0.000168464622948687,0.0129793922411139,0.0127903744226219,0.985437082493495,0.0129784982222306,0.9522,0.0518859747946642,0.9624,0.00269021337443705,NA,0.9624,35.8143552623331,35.9871001978362,0.794518251200456,30.3652518567003,36.9387169780072,8e-04,0,0.497439999999982
90,"targeted",0.1,"mlma","D",1,"B",NA,NA,5000,5000,0,0,0,FALSE,0.100102401564733,0.000102401564732679,0.000168464622895655,0.0129793922390709,0.012857375826648,0.990599219888309,0.0129784982201923,0.9452,0.0503999871118522,1,0,NA,1,NA,NA,NA,NA,NA,8e-04,0,0.454676000000029
90,"targeted",0.1,"mlma_cr2","D",1,"B",NA,NA,5000,5000,0,0,0,FALSE,0.100102401564733,0.000102401564732679,0.000168464622895655,0.0129793922390709,0.012790374422386,0.985437082630422,0.0129784982201923,0.9522,0.0518859747936164,1,0,NA,1,35.8143552643518,35.9871002011511,0.794518249538292,30.365251857505,36.9387169771731,8e-04,0,0.496210000000009
90,"targeted",0.2,"mlma","D",1,"B",NA,NA,5000,5000,0,0,0,FALSE,0.200102401564322,0.00010240156432198,0.000168464622946768,0.01297939224104,0.0128573758231461,0.990599219468223,0.0129784982221578,0.9452,0.0503999870981247,1,0,NA,1,NA,NA,NA,NA,NA,8e-04,0,0.455888000000003
90,"targeted",0.2,"mlma_cr2","D",1,"B",NA,NA,5000,5000,0,0,0,FALSE,0.200102401564322,0.00010240156432198,0.000168464622946768,0.01297939224104,0.0127903744226366,0.985437082500234,0.0129784982221578,0.9522,0.0518859747947474,1,0,NA,1,35.8143552618286,35.9871002256281,0.794518251658521,30.3652518999848,36.9387169771126,8e-04,0,0.497130000000004
91,"targeted",0,"mlma","D",2,"A",NA,NA,5000,5000,0,0,0,FALSE,6.64034820643161e-05,6.64034820643161e-05,0.000105988782503369,0.0102950853567792,0.0107000329255244,1.03933406617931,0.0102942699677684,0.958,0.0419433583348412,0.042,0.00283675871374356,0.042,NA,NA,NA,NA,NA,NA,0,0.9998,1.44172199999999
91,"targeted",0,"mlma_cr2","D",2,"A",NA,NA,5000,5000,0,0,0,FALSE,6.64034820643161e-05,6.64034820643161e-05,0.000105988782503369,0.0102950853567792,0.0101844522992619,0.989253798906642,0.0102942699677684,0.95,0.0418787489621395,0.05,0.00308220700148449,0.05,NA,25.8766042670998,25.8752242313297,0.0307703398183089,25.7630384614483,25.9925778287636,0,0.9998,1.54135199999998
91,"targeted",0.05,"mlma","D",2,"A",NA,NA,5000,5000,0,0,0,FALSE,0.0500664034821503,6.64034821502707e-05,0.000105988782507552,0.0102950853569823,0.0107000329268192,1.03933406628457,0.0102942699679721,0.958,0.0419433583399167,0.9974,0.000720172201629589,NA,0.9974,NA,NA,NA,NA,NA,0,0.9998,1.43209199999998
91,"targeted",0.05,"mlma_cr2","D",2,"A",NA,NA,5000,5000,0,0,0,FALSE,0.0500664034821503,6.64034821502707e-05,0.000105988782507552,0.0102950853569823,0.0101844522993121,0.98925379889199,0.0102942699679721,0.95,0.0418787489623501,0.9972,0.000747283078893136,NA,0.9972,25.8766042670409,25.8752242312693,0.030770339819411,25.7630384615469,25.9925778287527,0,0.9998,1.53195599999998
91,"targeted",0.1,"mlma","D",2,"A",NA,NA,5000,5000,0,0,0,FALSE,0.100066403482112,6.640348211219e-05,0.000105988782507613,0.0102950853569853,0.0107000329267908,1.03933406628152,0.0102942699679748,0.958,0.0419433583398053,1,0,NA,1,NA,NA,NA,NA,NA,0,0.9998,1.43284600000004
91,"targeted",0.1,"mlma_cr2","D",2,"A",NA,NA,5000,5000,0,0,0,FALSE,0.100066403482112,6.640348211219e-05,0.000105988782507613,0.0102950853569853,0.0101844522993078,0.989253798891296,0.0102942699679748,0.95,0.0418787489623326,1,0,NA,1,25.8766042670413,25.8752242312279,0.0307703398044137,25.7630384612754,25.992577828842,0,0.9998,1.533278
91,"targeted",0.2,"mlma","D",2,"A",NA,NA,5000,5000,0,0,0,FALSE,0.200066403482087,6.64034820868908e-05,0.000105988782507849,0.0102950853569968,0.0107000329268013,1.03933406628137,0.0102942699679861,0.958,0.0419433583398464,1,0,NA,1,NA,NA,NA,NA,NA,0,0.9998,1.42944400000006
91,"targeted",0.2,"mlma_cr2","D",2,"A",NA,NA,5000,5000,0,0,0,FALSE,0.200066403482087,6.64034820868908e-05,0.000105988782507849,0.0102950853569968,0.0101844522993085,0.98925379889026,0.0102942699679861,0.95,0.0418787489623355,1,0,NA,1,25.8766042670411,25.875224231272,0.0307703398056689,25.7630384613668,25.9925778287177,0,0.9998,1.52908400000004
92,"targeted",0,"mlma","D",2,"B",NA,NA,5000,5000,0,0,0,FALSE,0.000708284079972487,0.000708284079972487,0.00759637864023378,0.0871572064733249,0.0866307596041871,0.99395980102576,0.0871513684966776,0.9462,0.339586337555108,0.0538,0.00319078548323136,0.0538,NA,NA,NA,NA,NA,NA,0,0,0.465905999999978
92,"targeted",0,"mlma_cr2","D",2,"B",NA,NA,5000,5000,0,0,0,FALSE,0.000708284079972487,0.000708284079972487,0.00759637864023378,0.0871572064733249,0.0859898697674487,0.986606538310364,0.0871513684966776,0.9534,0.355168094326535,0.0466,0.00298088711627931,0.0466,NA,23.7224930610925,23.7236201485622,0.0126416437816235,23.6509701337374,23.75527707929,0,0,0.561434000000023
92,"targeted",0.05,"mlma","D",2,"B",NA,NA,5000,5000,0,0,0,FALSE,0.0507082840798975,0.000708284079897467,0.00759637864023058,0.0871572064733065,0.0866307596030698,0.993959801013151,0.0871513684966586,0.9462,0.339586337550729,0.0962,0.00417002541958679,NA,0.0962,NA,NA,NA,NA,NA,0,0,0.462174000000083
92,"targeted",0.05,"mlma_cr2","D",2,"B",NA,NA,5000,5000,0,0,0,FALSE,0.0507082840798975,0.000708284079897467,0.00759637864023058,0.0871572064733065,0.0859898697674524,0.986606538310615,0.0871513684966586,0.9534,0.355168094326552,0.0878,0.00400227835113951,NA,0.0878,23.7224930610888,23.7236201484888,0.0126416437978717,23.6509701336584,23.7552770793709,0,0,0.556841999999968
92,"targeted",0.1,"mlma","D",2,"B",NA,NA,5000,5000,0,0,0,FALSE,0.100708284080175,0.000708284080175078,0.0075963786402496,0.0871572064734156,0.086630759604771,0.993959801031426,0.0871513684967699,0.9462,0.339586337557397,0.214,0.00580006896510723,NA,0.214,NA,NA,NA,NA,NA,0,0,0.460265999999999
92,"targeted",0.1,"mlma_cr2","D",2,"B",NA,NA,5000,5000,0,0,0,FALSE,0.100708284080175,0.000708284080175078,0.0075963786402496,0.0871572064734156,0.0859898697674573,0.986606538309436,0.0871513684967699,0.9534,0.355168094326573,0.1994,0.00565048033356457,NA,0.1994,23.722493061089,23.7236201485733,0.012641643773131,23.650970133797,23.7552770791978,0,0,0.554304000000077
92,"targeted",0.2,"mlma","D",2,"B",NA,NA,5000,5000,0,0,0,FALSE,0.200708284079998,0.000708284079998012,0.00759637864024727,0.0871572064734022,0.0866307596025696,0.993959801006319,0.0871513684967551,0.9462,0.339586337548768,0.638,0.006796410817483,NA,0.638,NA,NA,NA,NA,NA,0,0,0.459687999999966
92,"targeted",0.2,"mlma_cr2","D",2,"B",NA,NA,5000,5000,0,0,0,FALSE,0.200708284079998,0.000708284079998012,0.00759637864024727,0.0871572064734022,0.0859898697674574,0.986606538309588,0.0871513684967551,0.9534,0.355168094326576,0.5974,0.00693560725531658,NA,0.5974,23.7224930610847,23.723620148541,0.0126416437884785,23.6509701337773,23.7552770790171,0,0,0.554524000000001
93,"targeted",0,"mlma","D",3,"A",NA,NA,5000,5000,0,0,0,FALSE,0.000320105733357232,0.000320105733357232,0.000219393827637557,0.0148119488129536,0.0150604875756665,1.01677961258518,0.0148139264394204,0.949,0.0590360264758387,0.051,0.00311123769583746,0.051,NA,NA,NA,NA,NA,NA,0,0,0.692189999999991
93,"targeted",0,"mlma_cr2","D",3,"A",NA,NA,5000,5000,0,0,0,FALSE,0.000320105733357232,0.000320105733357232,0.000219393827637557,0.0148119488129536,0.0144923681434625,0.978424130846873,0.0148139264394204,0.9504,0.0611274995866807,0.0496,0.00307049963361014,0.0496,NA,17.0578147903304,17.1534787381644,0.703153775471768,10.9297598014948,18.6185085058904,0,0,0.75482799999993
93,"targeted",0.05,"mlma","D",3,"A",NA,NA,5000,5000,0,0,0,FALSE,0.0503201057348041,0.000320105734804066,0.000219393827604336,0.0148119488118322,0.0150604875205768,1.01677960894289,0.0148139264383306,0.949,0.0590360262598909,0.9152,0.0039397705516946,NA,0.9152,NA,NA,NA,NA,NA,0,0,0.680163999999812
93,"targeted",0.05,"mlma_cr2","D",3,"A",NA,NA,5000,5000,0,0,0,FALSE,0.0503201057348041,0.000320105734804066,0.000219393827604336,0.0148119488118322,0.0144923681426307,0.97842413086479,0.0148139264383306,0.9504,0.0611274995859258,0.8954,0.00432802125687941,NA,0.8954,17.0578147771964,17.1534787344408,0.70315375917302,10.9297597739127,18.6185085060714,0,0,0.741951999999871
93,"targeted",0.1,"mlma","D",3,"A",NA,NA,5000,5000,0,0,0,FALSE,0.100320105733165,0.000320105733164849,0.000219393827598768,0.0148119488116442,0.0150604875826223,1.01677961314467,0.0148139264381073,0.949,0.0590360265031047,1,0,NA,1,NA,NA,NA,NA,NA,0,0,0.682652000000127
93,"targeted",0.1,"mlma_cr2","D",3,"A",NA,NA,5000,5000,0,0,0,FALSE,0.100320105733165,0.000320105733164849,0.000219393827598768,0.0148119488116442,0.0144923681440142,0.978424130970615,0.0148139264381073,0.9504,0.0611274995881159,1,0,NA,1,17.0578147933705,17.1534787341965,0.703153772974411,10.9297597595893,18.6185085050892,0,0,0.744300000000134
93,"targeted",0.2,"mlma","D",3,"A",NA,NA,5000,5000,0,0,0,FALSE,0.200320105737255,0.000320105737255466,0.000219393827699,0.0148119488150277,0.0150604875785062,1.01677961263452,0.014813926441578,0.949,0.0590360264869698,1,0,NA,1,NA,NA,NA,NA,NA,0,0,0.681388000000035
93,"targeted",0.2,"mlma_cr2","D",3,"A",NA,NA,5000,5000,0,0,0,FALSE,0.200320105737255,0.000320105737255466,0.000219393827699,0.0148119488150277,0.0144923681431152,0.978424130686422,0.014813926441578,0.9504,0.0611274995844087,1,0,NA,1,17.0578147927263,17.1534787222642,0.703153771339151,10.9297598778201,18.618508505267,0,0,0.743214000000092
94,"targeted",0,"mlma","D",3,"B",NA,NA,5000,5000,0,0,0,FALSE,-0.000422900611516529,-0.000422900611516529,0.018563191453512,0.13624680346163,0.137910661624403,1.01221208953531,0.1362338344911,0.9486,0.54059985973584,0.0514,0.00312275647465504,0.0514,NA,NA,NA,NA,NA,NA,0,0,0.314810000000033
94,"targeted",0,"mlma_cr2","D",3,"B",NA,NA,5000,5000,0,0,0,FALSE,-0.000422900611516529,-0.000422900611516529,0.018563191453512,0.13624680346163,0.13524300062459,0.992632466879691,0.1362338344911,0.9542,0.59039017028742,0.0458,0.00295642892693195,0.0458,NA,11.8052391430895,11.8216653024826,0.0815135959179261,10.9538212864631,11.9426215369299,0,0,0.349216000000175
94,"targeted",0.05,"mlma","D",3,"B",NA,NA,5000,5000,0,0,0,FALSE,0.0495770993890754,-0.000422900610924599,0.0185631914539889,0.13624680346338,0.137910661626946,1.01221208954097,0.136233834492848,0.9486,0.540599859745807,0.066,0.00351123909752668,NA,0.066,NA,NA,NA,NA,NA,0,0,0.31508199999994
94,"targeted",0.05,"mlma_cr2","D",3,"B",NA,NA,5000,5000,0,0,0,FALSE,0.0495770993890754,-0.000422900610924599,0.0185631914539889,0.13624680346338,0.135243000624695,0.992632466867709,0.136233834492848,0.9542,0.590390170287748,0.056,0.00325158422926425,NA,0.056,11.8052391431114,11.8216653024039,0.0815135959227174,10.9538212832713,11.9426215369216,0,0,0.349307999999903
94,"targeted",0.1,"mlma","D",3,"B",NA,NA,5000,5000,0,0,0,FALSE,0.0995770993904846,-0.000422900609515359,0.0185631914537471,0.136246803462493,0.137910661623725,1.01221208952392,0.136233834491957,0.9486,0.540599859733182,0.1138,0.00449109251741711,NA,0.1138,NA,NA,NA,NA,NA,0,0,0.314660000000044
94,"targeted",0.1,"mlma_cr2","D",3,"B",NA,NA,5000,5000,0,0,0,FALSE,0.0995770993904846,-0.000422900609515359,0.0185631914537471,0.136246803462493,0.135243000624523,0.992632466872909,0.136233834491957,0.9542,0.590390170287124,0.0958,0.00416226765117286,NA,0.0958,11.8052391430927,11.821665302414,0.0815135959153161,10.9538212801855,11.9426215369265,0,0,0.348540000000095
94,"targeted",0.2,"mlma","D",3,"B",NA,NA,5000,5000,0,0,0,FALSE,0.199577099389708,-0.000422900610291599,0.018563191453846,0.136246803462856,0.137910661623311,1.01221208951819,0.136233834492322,0.9486,0.540599859731561,0.3108,0.00654527860369595,NA,0.3108,NA,NA,NA,NA,NA,0,0,0.313975999999876
94,"targeted",0.2,"mlma_cr2","D",3,"B",NA,NA,5000,5000,0,0,0,FALSE,0.199577099389708,-0.000422900610291599,0.018563191453846,0.136246803462856,0.135243000624351,0.992632466869005,0.136233834492322,0.9542,0.590390170286368,0.264,0.00623384311640901,NA,0.264,11.8052391430873,11.8216653024155,0.0815135959080243,10.9538212833007,11.9426215369105,0,0,0.348020000000071
95,"targeted",0,"mlma","D",4,"A",NA,NA,5000,5000,0,0,0,FALSE,-0.00180769578759197,-0.00180769578759197,0.00586740105469415,0.0765989624909773,0.0759912014702081,0.992065675552188,0.076612631716602,0.941,0.29788003604707,0.059,0.00333223648620562,0.059,NA,NA,NA,NA,NA,NA,0,0,0.465394000000041
95,"targeted",0,"mlma_cr2","D",4,"A",NA,NA,5000,5000,0,0,0,FALSE,-0.00180769578759197,-0.00180769578759197,0.00586740105469415,0.0765989624909773,0.075348073066793,0.983669629672443,0.076612631716602,0.9456,0.305222488745182,0.0544,0.0032075111847038,0.0544,NA,37.4210262646581,37.439575998729,0.0927902814668356,36.7851781884948,37.5953146655759,0,0,0.557197999999966
95,"targeted",0.05,"mlma","D",4,"A",NA,NA,5000,5000,0,0,0,FALSE,0.0481923042071342,-0.00180769579286581,0.00586740105572109,0.0765989624976807,0.0759912014634992,0.992065675377785,0.0766126317234272,0.941,0.297880036020772,0.102,0.00428009345692357,NA,0.102,NA,NA,NA,NA,NA,0,0,0.46134799999994
95,"targeted",0.05,"mlma_cr2","D",4,"A",NA,NA,5000,5000,0,0,0,FALSE,0.0481923042071342,-0.00180769579286581,0.00586740105572109,0.0765989624976807,0.0753480730680138,0.983669629602298,0.0766126317234272,0.9456,0.305222488750128,0.0992,0.00422751369010202,NA,0.0992,37.4210262646585,37.439575998546,0.0927902810887065,36.7851781988644,37.5953146654045,0,0,0.553261999999831
95,"targeted",0.1,"mlma","D",4,"A",NA,NA,5000,5000,0,0,0,FALSE,0.0981923041661434,-0.00180769583385659,0.00586740106034759,0.0765989625278802,0.0759912015518518,0.992065676140102,0.0766126317545825,0.941,0.297880036367108,0.262,0.00621861720963753,NA,0.262,NA,NA,NA,NA,NA,0,0,0.460205999999912
95,"targeted",0.1,"mlma_cr2","D",4,"A",NA,NA,5000,5000,0,0,0,FALSE,0.0981923041661434,-0.00180769583385659,0.00586740106034759,0.0765989625278802,0.0753480730521126,0.98366962900689,0.0766126317545825,0.9456,0.305222488684998,0.2408,0.00604674060961771,NA,0.2408,37.4210262673471,37.439575998624,0.0927902821961514,36.7851781774936,37.5953146654356,0,0,0.55164200000001
95,"targeted",0.2,"mlma","D",4,"A",NA,NA,5000,5000,0,0,0,FALSE,0.198192304212336,-0.00180769578766393,0.00586740105476419,0.0765989624914345,0.0759912014712847,0.992065675560321,0.0766126317170607,0.941,0.29788003605129,0.7418,0.00618922870800555,NA,0.7418,NA,NA,NA,NA,NA,0,0,0.461146000000022
95,"targeted",0.2,"mlma_cr2","D",4,"A",NA,NA,5000,5000,0,0,0,FALSE,0.198192304212336,-0.00180769578766393,0.00586740105476419,0.0765989624914345,0.0753480730667968,0.983669629666621,0.0766126317170607,0.9456,0.305222488745177,0.7258,0.00630895173543117,NA,0.7258,37.4210262647371,37.4395759986371,0.0927902814279821,36.7851781907632,37.5953146655114,0,0,0.552861999999994
96,"targeted",0,"mlma","D",4,"B",NA,NA,5000,5000,0,0,0,FALSE,-0.000120060536759017,-0.000120060536759017,9.39096152079432e-05,0.00969069735405782,0.00993443220367933,1.02515142519846,0.0096904720121049,0.9544,0.0389422586521327,0.0456,0.00295027591929975,0.0456,NA,NA,NA,NA,NA,NA,0,0,1.07411600000005
96,"targeted",0,"mlma_cr2","D",4,"B",NA,NA,5000,5000,0,0,0,FALSE,-0.000120060536759017,-0.000120060536759017,9.39096152079432e-05,0.00969069735405782,0.00961417385606672,0.992103406473729,0.0096904720121049,0.9492,0.0388426468547518,0.0508,0.00310545842026584,0.0508,NA,40.6626885673981,40.6425616834038,0.21691527161656,40.0886341617588,42.032021925608,0,0,1.16597400000004
96,"targeted",0.05,"mlma","D",4,"B",NA,NA,5000,5000,0,0,0,FALSE,0.0498799394583696,-0.000120060541630447,9.39096151999478e-05,0.00969069735364529,0.00993443217379838,1.02515142215863,0.0096904720117528,0.9544,0.0389422585350016,0.9984,0.00056523269544499,NA,0.9984,NA,NA,NA,NA,NA,0,0,1.05783000000001
96,"targeted",0.05,"mlma_cr2","D",4,"B",NA,NA,5000,5000,0,0,0,FALSE,0.0498799394583696,-0.000120060541630447,9.39096151999478e-05,0.00969069735364529,0.00961417385477383,0.992103406382548,0.0096904720117528,0.9492,0.0388426468491911,0.9982,0.000599459756781058,NA,0.9982,40.6626885759617,40.6425616357877,0.216915257664017,40.0886341576933,42.0320219221838,0,0,1.14922800000015
96,"targeted",0.1,"mlma","D",4,"B",NA,NA,5000,5000,0,0,0,FALSE,0.0998799394659477,-0.000120060534052266,9.39096153517559e-05,0.00969069736147796,0.00993443223095529,1.02515142722816,0.0096904720194902,0.9544,0.0389422587590525,1,0,NA,1,NA,NA,NA,NA,NA,0,0,1.05656799999993
96,"targeted",0.1,"mlma_cr2","D",4,"B",NA,NA,5000,5000,0,0,0,FALSE,0.0998799394659477,-0.000120060534052266,9.39096153517559e-05,0.00969069736147796,0.00961417385592013,0.992103405698952,0.0096904720194902,0.9492,0.0388426468544158,1,0,NA,1,40.6626885578586,40.6425616537237,0.216915258730228,40.0886341597801,42.0320219277825,0,0,1.14769399999985
96,"targeted",0.2,"mlma","D",4,"B",NA,NA,5000,5000,0,0,0,FALSE,0.199879939464142,-0.00012006053585828,9.39096152236123e-05,0.00969069735486628,0.00993443220347432,1.02515142509178,0.00969047201290206,0.9544,0.0389422586513291,1,0,NA,1,NA,NA,NA,NA,NA,0,0,1.05469800000009
96,"targeted",0.2,"mlma_cr2","D",4,"B",NA,NA,5000,5000,0,0,0,FALSE,0.199879939464142,-0.00012006053585828,9.39096152236123e-05,0.00969069735486628,0.00961417385593091,0.992103406376947,0.00969047201290206,0.9492,0.0388426468542225,1,0,NA,1,40.6626885667666,40.6425616473013,0.216915271934225,40.0886341564339,42.0320219228557,0,0,1.146516
97,"targeted",0,"mlma","E",NA,NA,1,0.05,5000,5000,0,0,0,FALSE,-0.00059492738530311,-0.00059492738530311,0.0015287419807267,0.0390991301786459,0.0388019713572736,0.992399861070705,0.0390997464304353,0.9382,0.152100932778822,0.0618,0.00340531232047811,0.0618,NA,NA,NA,NA,NA,NA,0.0012,0,0.413218000000003
97,"targeted",0,"mlma_cr2","E",NA,NA,1,0.05,5000,5000,0,0,0,FALSE,-0.00059492738530311,-0.00059492738530311,0.0015287419807267,0.0390991301786459,0.0388714057204058,0.994175715490353,0.0390997464304353,0.9474,0.158753863137933,0.0526,0.00315699984162179,0.0526,NA,29.9622283784167,30.2591576232075,1.55802052391276,20.0970704261115,32.6161606599055,0.0012,0,0.445502000000018
97,"targeted",0.05,"mlma","E",NA,NA,1,0.05,5000,5000,0,0,0,FALSE,0.0494050726149488,-0.000594927385051187,0.00152874198054727,0.0390991301763513,0.0388019713591895,0.992399861177945,0.0390997464281374,0.9382,0.152100932786332,0.2522,0.00614158220656534,NA,0.2522,NA,NA,NA,NA,NA,0.0012,0,0.412901999999994
97,"targeted",0.05,"mlma_cr2","E",NA,NA,1,0.05,5000,5000,0,0,0,FALSE,0.0494050726149488,-0.000594927385051187,0.00152874198054727,0.0390991301763513,0.0388714057201464,0.994175715542063,0.0390997464281374,0.9474,0.15875386313679,0.2252,0.00590736760325612,NA,0.2252,29.962228378789,30.2591576283968,1.55802052370734,20.097070424348,32.6161603171337,0.0012,0,0.444893999999998
97,"targeted",0.1,"mlma","E",NA,NA,1,0.05,5000,5000,0,0,0,FALSE,0.0994050726164636,-0.00059492738353642,0.00152874198044419,0.0390991301750332,0.0388019713575585,0.99239986116969,0.0390997464267965,0.9382,0.152100932779939,0.725,0.00631466547015754,NA,0.725,NA,NA,NA,NA,NA,0.0012,0,0.412328
97,"targeted",0.1,"mlma_cr2","E",NA,NA,1,0.05,5000,5000,0,0,0,FALSE,0.0994050726164636,-0.00059492738353642,0.00152874198044419,0.0390991301750332,0.0388714057204152,0.994175715582457,0.0390997464267965,0.9474,0.158753863137915,0.7006,0.00647703080122366,NA,0.7006,29.9622283786691,30.2591576101849,1.55802052382418,20.0970704260777,32.6161606598791,0.0012,0,0.444762
97,"targeted",0.2,"mlma","E",NA,NA,1,0.05,5000,4999,1,0,2e-04,FALSE,0.199407131724416,-0.000592868275584496,0.00152902664731423,0.039102770327871,0.0388048076613866,0.992380011339707,0.039103353738569,0.938187637527505,0.152112050886643,0.997399479895979,0.000720316077074539,NA,0.997399479895979,NA,NA,NA,NA,NA,0.001000200040008,0,0.412826565313057
97,"targeted",0.2,"mlma_cr2","E",NA,NA,1,0.05,5000,4999,1,0,2e-04,FALSE,0.199407131724416,-0.000592868275584496,0.00152902664731423,0.039102770327871,0.0388744085094581,0.994159958066958,0.039103353738569,0.947389477895579,0.158765793307051,0.99619923984797,0.000870295557687723,NA,0.99619923984797,29.9639315041111,30.2592741755975,1.55351458097486,20.0970704222936,32.6161606606013,0.001000200040008,0,0.444944988997801
98,"targeted",0,"mlma","E",NA,NA,1,0.12,5000,5000,0,0,0,FALSE,-0.000736603352870058,-0.000736603352870058,0.00299950695669484,0.0547677547165742,0.0546212669596806,0.997325291904851,0.0547672314418299,0.9392,0.214111432061843,0.0608,0.00337944847571316,0.0608,NA,NA,NA,NA,NA,NA,0,0,0.438196000000002
98,"targeted",0,"mlma_cr2","E",NA,NA,1,0.12,5000,5000,0,0,0,FALSE,-0.000736603352870058,-0.000736603352870058,0.00299950695669484,0.0547677547165742,0.0546148239885018,0.997207650215645,0.0547672314418299,0.9474,0.222394910337646,0.0526,0.00315699984162179,0.0526,NA,32.3073469275236,32.4182455178209,0.583523964709152,27.9059441107277,33.3259946872351,0,0,0.47131000000001
98,"targeted",0.05,"mlma","E",NA,NA,1,0.12,5000,5000,0,0,0,FALSE,0.0492633966461319,-0.000736603353868104,0.00299950695637733,0.0547677547136756,0.0546212669604104,0.99732529197096,0.0547672314389452,0.9392,0.214111432064704,0.1554,0.00512349177807479,NA,0.1554,NA,NA,NA,NA,NA,0,0,0.435444000000013
98,"targeted",0.05,"mlma_cr2","E",NA,NA,1,0.12,5000,5000,0,0,0,FALSE,0.0492633966461319,-0.000736603353868104,0.00299950695637733,0.0547677547136756,0.0546148239886177,0.99720765027054,0.0547672314389452,0.9474,0.222394910338168,0.1362,0.00485076406352649,NA,0.1362,32.3073469273183,32.4182455068697,0.583523965377447,27.9059441043993,33.3259946857646,0,0,0.46777
98,"targeted",0.1,"mlma","E",NA,NA,1,0.12,5000,5000,0,0,0,FALSE,0.0992633966460577,-0.000736603353942322,0.00299950695659049,0.0547677547156216,0.0546212669548261,0.997325291833559,0.0547672314408919,0.9392,0.214111432042814,0.4434,0.00702561655657352,NA,0.4434,NA,NA,NA,NA,NA,0,0,0.436271999999987
98,"targeted",0.1,"mlma_cr2","E",NA,NA,1,0.12,5000,5000,0,0,0,FALSE,0.0992633966460577,-0.000736603353942322,0.00299950695659049,0.0547677547156216,0.0546148239882615,0.997207650228602,0.0547672314408919,0.9474,0.222394910336801,0.416,0.00697056669145343,NA,0.416,32.3073469269756,32.4182455197715,0.583523965475538,27.905944103495,33.32599468659,0,0,0.468868000000016
98,"targeted",0.2,"mlma","E",NA,NA,1,0.12,5000,5000,0,0,0,FALSE,0.199263396643946,-0.000736603356054411,0.00299950695673917,0.0547677547169789,0.0546212669523533,0.997325291763691,0.0547672314422773,0.9392,0.214111432033121,0.952,0.00302311098043059,NA,0.952,NA,NA,NA,NA,NA,0,0,0.435737999999979
98,"targeted",0.2,"mlma_cr2","E",NA,NA,1,0.12,5000,5000,0,0,0,FALSE,0.199263396643946,-0.000736603356054411,0.00299950695673917,0.0547677547169789,0.0546148239889415,0.997207650216306,0.0547672314422773,0.9474,0.222394910339555,0.9434,0.00326791799162708,NA,0.9434,32.307346927066,32.4182455089823,0.58352396498979,27.9059440872181,33.3259946861988,0,0,0.467989999999991
99,"targeted",0,"mlma","E",NA,NA,1,0.2,5000,5000,0,0,0,FALSE,-0.000912654299425221,-0.000912654299425221,0.00596758447120611,0.0772501422083229,0.0770054513044915,0.99683248604033,0.0772478083325483,0.9428,0.301855822340113,0.0572,0.00328414859590732,0.0572,NA,NA,NA,NA,NA,NA,0,0,0.438254000000018
99,"targeted",0,"mlma_cr2","E",NA,NA,1,0.2,5000,5000,0,0,0,FALSE,-0.000912654299425221,-0.000912654299425221,0.00596758447120611,0.0772501422083229,0.076972509598345,0.996406056972307,0.0772478083325483,0.9498,0.313120426407946,0.0502,0.00308804015517933,0.0502,NA,33.2098951557032,33.2543637498664,0.206559303960393,31.3787351982581,33.5427847348809,0,0,0.47132400000003
99,"targeted",0.05,"mlma","E",NA,NA,1,0.2,5000,5000,0,0,0,FALSE,0.0490873456915089,-0.000912654308491141,0.00596758447204105,0.0772501422137271,0.0770054513623998,0.996832486720216,0.0772478083380587,0.9428,0.301855822567109,0.1076,0.00438228798688539,NA,0.1076,NA,NA,NA,NA,NA,0,0,0.435667999999994
99,"targeted",0.05,"mlma_cr2","E",NA,NA,1,0.2,5000,5000,0,0,0,FALSE,0.0490873456915089,-0.000912654308491141,0.00596758447204105,0.0772501422137271,0.076972509598905,0.99640605690985,0.0772478083380587,0.9498,0.313120426410013,0.0936,0.00411919992231501,NA,0.0936,33.2098951562434,33.2543637511741,0.206559304173529,31.3787352050464,33.5427847348254,0,0,0.468561999999968
99,"targeted",0.1,"mlma","E",NA,NA,1,0.2,5000,5000,0,0,0,FALSE,0.0990873456959967,-0.000912654304003321,0.00596758447140448,0.0772501422096068,0.077005451353391,0.996832486656764,0.0772478083338861,0.9428,0.301855822531795,0.2652,0.00624289932643479,NA,0.2652,NA,NA,NA,NA,NA,0,0,0.436221999999988
99,"targeted",0.1,"mlma_cr2","E",NA,NA,1,0.2,5000,5000,0,0,0,FALSE,0.0990873456959967,-0.000912654304003321,0.00596758447140448,0.0772501422096068,0.0769725095983465,0.996406056955766,0.0772478083338861,0.9498,0.313120426407771,0.2444,0.00607731256395456,NA,0.2444,33.2098951561716,33.2543637502174,0.206559304171993,31.3787351984418,33.5427847348353,0,0,0.468793999999964
99,"targeted",0.2,"mlma","E",NA,NA,1,0.2,5000,5000,0,0,0,FALSE,0.199087345683467,-0.000912654316533423,0.00596758447373133,0.0772501422246673,0.077005451384961,0.996832486871097,0.0772478083490921,0.9428,0.301855822655547,0.7224,0.00633305992392303,NA,0.7224,NA,NA,NA,NA,NA,0,0,0.435917999999985
99,"targeted",0.2,"mlma_cr2","E",NA,NA,1,0.2,5000,5000,0,0,0,FALSE,0.199087345683467,-0.000912654316533423,0.00596758447373133,0.0772501422246673,0.0769725096003647,0.996406056787635,0.0772478083490921,0.9498,0.313120426415894,0.6984,0.00649056915840206,NA,0.6984,33.2098951564128,33.2543637507326,0.206559304431108,31.3787351983765,33.542784734502,0,0,0.468865999999999
100,"targeted",0,"mlma","E",NA,NA,1,0.3,5000,4999,1,0,2e-04,FALSE,-0.00115336089190927,-0.00115336089190927,0.0116295549772441,0.107840414396663,0.107345804598234,0.99541350243138,0.10783579573741,0.94498899779956,0.420787821808026,0.0550110022004401,0.00322475397125171,0.0550110022004401,NA,NA,NA,NA,NA,NA,0,0,0.421350270054012
100,"targeted",0,"mlma_cr2","E",NA,NA,1,0.3,5000,4999,1,0,2e-04,FALSE,-0.00115336089190927,-0.00115336089190927,0.0116295549772441,0.107840414396663,0.107315680638888,0.995134164119162,0.10783579573741,0.950390078015603,0.436419812862811,0.0496099219843969,0.00307109782543482,0.0496099219843969,NA,33.500353004216,33.5161040269313,0.0639026701401509,32.8465510697108,33.5839299462229,0,0,0.454214842968597
100,"targeted",0.05,"mlma","E",NA,NA,1,0.3,5000,5000,0,0,0,FALSE,0.04882579681452,-0.00117420318548001,0.0116294006207675,0.107839698723464,0.107345946499077,0.995421424297062,0.107835307268835,0.945,0.420788378049108,0.0808,0.00385412402498934,NA,0.0808,NA,NA,NA,NA,NA,0,0,0.418945999999973
100,"targeted",0.05,"mlma_cr2","E",NA,NA,1,0.3,5000,5000,0,0,0,FALSE,0.04882579681452,-0.00117420318548001,0.0116294006207675,0.107839698723464,0.107315615087903,0.995140160425474,0.107835307268835,0.9504,0.436419546283745,0.0706,0.00362258581678889,NA,0.0706,33.500354384195,33.5160942754014,0.0638963527380136,32.84655107205,33.5839299461908,0,0,0.451710000000049
100,"targeted",0.1,"mlma","E",NA,NA,1,0.3,5000,5000,0,0,0,FALSE,0.0988257968026023,-0.00117420319739775,0.0116294006161614,0.107839698702108,0.107345946605256,0.995421425478795,0.107835307247612,0.945,0.420788378465322,0.1638,0.00523391937270723,NA,0.1638,NA,NA,NA,NA,NA,0,0,0.420347999999974
100,"targeted",0.1,"mlma_cr2","E",NA,NA,1,0.3,5000,5000,0,0,0,FALSE,0.0988257968026023,-0.00117420319739775,0.0116294006161614,0.107839698702108,0.10731561508808,0.995140160624191,0.107835307247612,0.9504,0.436419546284247,0.1472,0.00501063189627815,NA,0.1472,33.5003543846766,33.5160942749676,0.0638963524554821,32.8465510749974,33.5839299462276,0,0,0.452987999999976
100,"targeted",0.2,"mlma","E",NA,NA,1,0.3,5000,5000,0,0,0,FALSE,0.198825796809023,-0.00117420319097669,0.0116294006123121,0.107839698684261,0.107345946528854,0.99542142493506,0.107835307229698,0.945,0.420788378165834,0.4562,0.00704388472364504,NA,0.4562,NA,NA,NA,NA,NA,0,0,0.419196000000027
100,"targeted",0.2,"mlma_cr2","E",NA,NA,1,0.3,5000,5000,0,0,0,FALSE,0.198825796809023,-0.00117420319097669,0.0116294006123121,0.107839698684261,0.107315615085361,0.995140160763673,0.107835307229698,0.9504,0.436419546273387,0.4318,0.00700498051389153,NA,0.4318,33.5003543842128,33.5160942781875,0.0638963528691521,32.8465510720472,33.5839299462407,0,0,0.452001999999976
101,"targeted",0,"mlma","E",NA,NA,2,0.05,5000,5000,0,0,0,FALSE,-0.000148502609795622,-0.000148502609795622,0.000817603329011435,0.0285937638133114,0.0282190630141503,0.986895716086644,0.0285912899563967,0.9442,0.110616694370402,0.0558,0.00324611644892786,0.0558,NA,NA,NA,NA,NA,NA,6e-04,0,0.397439999999991
101,"targeted",0,"mlma_cr2","E",NA,NA,2,0.05,5000,5000,0,0,0,FALSE,-0.000148502609795622,-0.000148502609795622,0.000817603329011435,0.0285937638133114,0.0278710235208556,0.97472384897719,0.0285912899563967,0.9472,0.113809779273396,0.0528,0.00316266216975509,0.0528,NA,30.1320002096198,30.2880570282473,1.19877238579757,22.8190507261053,32.9379580146678,6e-04,0,0.450558000000076
101,"targeted",0.05,"mlma","E",NA,NA,2,0.05,5000,5000,0,0,0,FALSE,0.0498514973903203,-0.000148502609679732,0.000817603329101205,0.0285937638148811,0.0282190630177613,0.986895716158752,0.0285912899579656,0.9442,0.110616694384557,0.4168,0.0069724853531578,NA,0.4168,NA,NA,NA,NA,NA,6e-04,0,0.392853999999959
101,"targeted",0.05,"mlma_cr2","E",NA,NA,2,0.05,5000,5000,0,0,0,FALSE,0.0498514973903203,-0.000148502609679732,0.000817603329101205,0.0285937638148811,0.0278710235204834,0.974723848910663,0.0285912899579656,0.9472,0.113809779271652,0.4028,0.0069361683947263,NA,0.4028,30.1320002109552,30.2880570094755,1.19877238671646,22.8190507275739,32.937958013946,6e-04,0,0.445812000000043
101,"targeted",0.1,"mlma","E",NA,NA,2,0.05,5000,5000,0,0,0,FALSE,0.0998514973914361,-0.000148502608563916,0.000817603329009622,0.0285937638132797,0.0282190630157025,0.986895716142024,0.0285912899563586,0.9442,0.110616694376486,0.9394,0.00337424480439698,NA,0.9394,NA,NA,NA,NA,NA,6e-04,0,0.392382000000002
101,"targeted",0.1,"mlma_cr2","E",NA,NA,2,0.05,5000,5000,0,0,0,FALSE,0.0998514973914361,-0.000148502608563916,0.000817603329009622,0.0285937638132797,0.0278710235213546,0.974723848995725,0.0285912899563586,0.9472,0.113809779275184,0.931,0.00358438279205779,NA,0.931,30.1320002111456,30.2880568776985,1.19877238366982,22.8190507296251,32.9379580154602,6e-04,0,0.445265999999967
101,"targeted",0.2,"mlma","E",NA,NA,2,0.05,5000,5000,0,0,0,FALSE,0.199851497390083,-0.000148502609916612,0.000817603329008463,0.0285937638132594,0.0282190630144943,0.98689571610047,0.0285912899563453,0.9442,0.11061669437175,1,0,NA,1,NA,NA,NA,NA,NA,6e-04,0,0.392658000000066
101,"targeted",0.2,"mlma_cr2","E",NA,NA,2,0.05,5000,5000,0,0,0,FALSE,0.199851497390083,-0.000148502609916612,0.000817603329008463,0.0285937638132594,0.027871023520619,0.974723848970688,0.0285912899563453,0.9472,0.113809779272232,1,0,NA,1,30.1320002107067,30.2880568550094,1.19877238419065,22.8190507284594,32.9379580142812,6e-04,0,0.445470000000099
102,"targeted",0,"mlma","E",NA,NA,2,0.12,5000,5000,0,0,0,FALSE,0.000243423827155289,0.000243423827155289,0.00176362832201503,0.041995575028984,0.0413245955457734,0.984022614698156,0.0419920808190098,0.9428,0.161989437890801,0.0572,0.00328414859590732,0.0572,NA,NA,NA,NA,NA,NA,0,0,0.43344199999995
102,"targeted",0,"mlma_cr2","E",NA,NA,2,0.12,5000,5000,0,0,0,FALSE,0.000243423827155289,0.000243423827155289,0.00176362832201503,0.041995575028984,0.0409606892336384,0.975357265744513,0.0419920808190098,0.945,0.16659819126236,0.055,0.0032241277890307,0.055,NA,33.340809222326,33.3906812708827,0.588117561306602,30.4565927394424,34.9359874133126,0,0,0.486876000000045
102,"targeted",0.05,"mlma","E",NA,NA,2,0.12,5000,5000,0,0,0,FALSE,0.0502434238344428,0.000243423834442785,0.00176362832314813,0.0419955750424748,0.0413245954914,0.984022613087302,0.0419920808325413,0.9428,0.16198943767766,0.2322,0.00597131744257496,NA,0.2322,NA,NA,NA,NA,NA,0,0,0.428814000000017
102,"targeted",0.05,"mlma_cr2","E",NA,NA,2,0.12,5000,5000,0,0,0,FALSE,0.0502434238344428,0.000243423834442785,0.00176362832314813,0.0419955750424748,0.0409606892384971,0.975357265546882,0.0419920808325413,0.945,0.166598191284202,0.22,0.00585832740635072,NA,0.22,33.3408092102642,33.3906812706067,0.588117586118313,30.4565927517476,34.9359874149739,0,0,0.482212000000029
102,"targeted",0.1,"mlma","E",NA,NA,2,0.12,5000,5000,0,0,0,FALSE,0.100243423829762,0.000243423829762029,0.0017636283227406,0.0419955750376228,0.0413245954920299,0.984022613215993,0.0419920808276626,0.9428,0.16198943768013,0.6754,0.00662170431233531,NA,0.6754,NA,NA,NA,NA,NA,0,0,0.430739999999994
102,"targeted",0.1,"mlma_cr2","E",NA,NA,2,0.12,5000,5000,0,0,0,FALSE,0.100243423829762,0.000243423829762029,0.0017636283227406,0.0419955750376228,0.0409606892388856,0.975357265668824,0.0419920808276626,0.945,0.166598191285702,0.654,0.00672731744456882,NA,0.654,33.3408092107524,33.3906812714916,0.588117585390512,30.4565927541761,34.9359874114139,0,0,0.48449600000003
102,"targeted",0.2,"mlma","E",NA,NA,2,0.12,5000,5000,0,0,0,FALSE,0.200243423821835,0.000243423821835259,0.00176362832208952,0.0419955750298709,0.0413245955732047,0.984022615330567,0.0419920808198657,0.9428,0.161989437998329,0.9972,0.000747283078893136,NA,0.9972,NA,NA,NA,NA,NA,0,0,0.428827999999974
102,"targeted",0.2,"mlma_cr2","E",NA,NA,2,0.12,5000,5000,0,0,0,FALSE,0.200243423821835,0.000243423821835259,0.00176362832208952,0.0419955750298709,0.0409606892406165,0.975357265890078,0.0419920808198657,0.945,0.166598191290099,0.996,0.000892636544176856,NA,0.996,33.3408092257816,33.3906812707228,0.588117557486456,30.456592753608,34.9359874150579,0,0,0.481905999999968
103,"targeted",0,"mlma","E",NA,NA,2,0.2,5000,5000,0,0,0,FALSE,0.000720431416820172,0.000720431416820172,0.00362537399296658,0.0602110786563949,0.0592538932520958,0.984102835796026,0.0602093675402285,0.943,0.232270993435777,0.057,0.00327874976172321,0.057,NA,NA,NA,NA,NA,NA,0,0,0.458888000000059
103,"targeted",0,"mlma_cr2","E",NA,NA,2,0.2,5000,5000,0,0,0,FALSE,0.000720431416820172,0.000720431416820172,0.00362537399296658,0.0602110786563949,0.0588283746898587,0.977035721707846,0.0602093675402285,0.9454,0.238799000766209,0.0546,0.00321306209090332,0.0546,NA,35.2086334277491,35.244468357284,0.3624740952693,33.3057795291879,36.1225978292767,0,0,0.512288000000105
103,"targeted",0.05,"mlma","E",NA,NA,2,0.2,5000,5000,0,0,0,FALSE,0.0507204314162713,0.000720431416271344,0.00362537399316739,0.0602110786580625,0.0592538932497699,0.984102835730142,0.0602093675418892,0.943,0.23227099342666,0.143,0.0049507777166825,NA,0.143,NA,NA,NA,NA,NA,0,0,0.456621999999959
103,"targeted",0.05,"mlma_cr2","E",NA,NA,2,0.2,5000,5000,0,0,0,FALSE,0.0507204314162713,0.000720431416271344,0.00362537399316739,0.0602110786580625,0.0588283746897615,0.977035721679172,0.0602093675418892,0.9454,0.23879900076586,0.1336,0.0048114663045687,NA,0.1336,35.2086334276138,35.2444683579618,0.362474095248032,33.3057795789119,36.1225978286099,0,0,0.510065999999968
103,"targeted",0.1,"mlma","E",NA,NA,2,0.2,5000,5000,0,0,0,FALSE,0.100720431417799,0.000720431417798678,0.00362537399284067,0.0602110786553494,0.0592538932556279,0.984102835871777,0.0602093675391949,0.943,0.232270993449623,0.3982,0.00692295832718932,NA,0.3982,NA,NA,NA,NA,NA,0,0,0.454647999999978
103,"targeted",0.1,"mlma_cr2","E",NA,NA,2,0.2,5000,5000,0,0,0,FALSE,0.100720431417799,0.000720431417798678,0.00362537399284067,0.0602110786553494,0.0588283746896479,0.977035721721311,0.0602093675391949,0.9454,0.238799000765308,0.3812,0.00686857423341992,NA,0.3812,35.208633427993,35.2444683610102,0.362474095133639,33.305779536784,36.1225978281739,0,0,0.508320000000045
103,"targeted",0.2,"mlma","E",NA,NA,2,0.2,5000,5000,0,0,0,FALSE,0.200720431416761,0.000720431416760703,0.00362537399302978,0.0602110786569197,0.0592538932496347,0.984102835746573,0.0602093675407526,0.943,0.23227099342613,0.9202,0.00383228287056162,NA,0.9202,NA,NA,NA,NA,NA,0,0,0.455459999999935
103,"targeted",0.2,"mlma_cr2","E",NA,NA,2,0.2,5000,5000,0,0,0,FALSE,0.200720431416761,0.000720431416760703,0.00362537399302978,0.0602110786569197,0.0588283746902305,0.977035721705506,0.0602093675407526,0.9454,0.238799000767747,0.9058,0.00413101343498178,NA,0.9058,35.2086334276809,35.2444683578677,0.362474094927522,33.3057795412566,36.1225978304722,0,0,0.508888000000086
104,"targeted",0,"mlma","E",NA,NA,2,0.3,5000,5000,0,0,0,FALSE,0.00128195871410144,0.00128195871410144,0.00711121341148302,0.0843280108355641,0.0831355914151837,0.985859746855579,0.0843293222251038,0.9422,0.325885530014395,0.0578,0.00330027756408457,0.0578,NA,NA,NA,NA,NA,NA,0,0,0.45092200000002
104,"targeted",0,"mlma_cr2","E",NA,NA,2,0.3,5000,5000,0,0,0,FALSE,0.00128195871410144,0.00128195871410144,0.00711121341148302,0.0843280108355641,0.0825946836585445,0.979445416062291,0.0843293222251038,0.9444,0.334923200968051,0.0556,0.00324063697442339,0.0556,NA,36.2852016089047,36.3070112860086,0.204995789101062,35.1405217729458,36.7845903989541,0,0,0.505379999999946
104,"targeted",0.05,"mlma","E",NA,NA,2,0.3,5000,5000,0,0,0,FALSE,0.05128195871898,0.00128195871898003,0.00711121340883927,0.0843280108198887,0.0831355916058302,0.985859749299608,0.084329322209506,0.9422,0.325885530761715,0.0968,0.00418162073842189,NA,0.0968,NA,NA,NA,NA,NA,0,0,0.446408000000098
104,"targeted",0.05,"mlma_cr2","E",NA,NA,2,0.3,5000,5000,0,0,0,FALSE,0.05128195871898,0.00128195871898003,0.00711121340883927,0.0843280108198887,0.0825946836650285,0.979445416321247,0.084329322209506,0.9444,0.334923200992851,0.0904,0.00405531355137923,NA,0.0904,36.285201613606,36.3070112762263,0.204995790103392,35.1405217767706,36.7845904006987,0,0,0.500912000000011
104,"targeted",0.1,"mlma","E",NA,NA,2,0.3,5000,5000,0,0,0,FALSE,0.101281958720765,0.00128195872076468,0.00711121340808276,0.0843280108154032,0.0831355915362468,0.985859748526897,0.0843293222050485,0.9422,0.325885530488953,0.237,0.00601383405158473,NA,0.237,NA,NA,NA,NA,NA,0,0,0.447358000000045
104,"targeted",0.1,"mlma_cr2","E",NA,NA,2,0.3,5000,5000,0,0,0,FALSE,0.101281958720765,0.00128195872076468,0.00711121340808276,0.0843280108154032,0.0825946836644954,0.979445416367023,0.0843293222050485,0.9444,0.334923200990937,0.225,0.00590550590550886,NA,0.225,36.2852016126789,36.3070112751964,0.204995790369608,35.1405217745386,36.7845904016736,0,0,0.50147400000006
104,"targeted",0.2,"mlma","E",NA,NA,2,0.3,5000,5000,0,0,0,FALSE,0.201281958715438,0.0012819587154381,0.00711121341199441,0.0843280108385963,0.0831355914424167,0.985859747143071,0.0843293222281556,0.9422,0.325885530121146,0.6712,0.00664365200774393,NA,0.6712,NA,NA,NA,NA,NA,0,0,0.446832000000021
104,"targeted",0.2,"mlma_cr2","E",NA,NA,2,0.3,5000,5000,0,0,0,FALSE,0.201281958715438,0.0012819587154381,0.00711121341199441,0.0843280108385963,0.0825946836623647,0.979445416072375,0.0843293222281556,0.9444,0.334923200983135,0.651,0.00674090498375404,NA,0.651,36.2852016098012,36.307011279753,0.204995788638098,35.1405217738672,36.7845903954976,0,0,0.500874000000037
105,"targeted",0,"mlma","E",NA,NA,3,0.05,5000,5000,0,0,0,FALSE,1.07287494924593e-05,1.07287494924593e-05,0.000369134290168178,0.0192128678277913,0.0194844824607851,1.01413712077907,0.0192109494407801,0.9546,0.0763777677610824,0.0454,0.00294410733499986,0.0454,NA,NA,NA,NA,NA,NA,0,0,0.847869999999992
105,"targeted",0,"mlma_cr2","E",NA,NA,3,0.05,5000,5000,0,0,0,FALSE,1.07287494924593e-05,1.07287494924593e-05,0.000369134290168178,0.0192128678277913,0.01938428527096,1.00892201230473,0.0192109494407801,0.9554,0.0774996902021208,0.0446,0.00291927525252416,0.0446,NA,61.8573063781586,61.9827319804261,0.876680801357193,56.6384554811884,63.8343568486497,0,0,0.943172000000006
105,"targeted",0.05,"mlma","E",NA,NA,3,0.05,5000,5000,0,0,0,FALSE,0.0500107287482561,1.07287482560489e-05,0.000369134290156056,0.0192128678274758,0.019484482461911,1.01413712085433,0.019210949440464,0.9546,0.0763777677654959,0.722,0.00633586616020257,NA,0.722,NA,NA,NA,NA,NA,0,0,0.835150000000025
105,"targeted",0.05,"mlma_cr2","E",NA,NA,3,0.05,5000,5000,0,0,0,FALSE,0.0500107287482561,1.07287482560489e-05,0.000369134290156056,0.0192128678274758,0.0193842852707385,1.00892201230976,0.019210949440464,0.9554,0.0774996902012231,0.7138,0.00639201939921962,NA,0.7138,61.8573063788068,61.9827319775581,0.876680800929378,56.638455458843,63.8343568453436,0,0,0.930160000000001
105,"targeted",0.1,"mlma","E",NA,NA,3,0.05,5000,5000,0,0,0,FALSE,0.10001072874881,1.07287488101543e-05,0.000369134290130467,0.0192128678268099,0.0194844824643029,1.01413712101397,0.0192109494397984,0.9546,0.0763777677748719,0.9994,0.000346306222872199,NA,0.9994,NA,NA,NA,NA,NA,0,0,0.836201999999928
105,"targeted",0.1,"mlma_cr2","E",NA,NA,3,0.05,5000,5000,0,0,0,FALSE,0.10001072874881,1.07287488101543e-05,0.000369134290130467,0.0192128678268099,0.0193842852710973,1.00892201236341,0.0192109494397984,0.9554,0.0774996902026107,0.9994,0.000346306222872199,NA,0.9994,61.8573063805555,61.9827319734239,0.876680801113594,56.6384554768413,63.834356809226,0,0,0.931873999999989
105,"targeted",0.2,"mlma","E",NA,NA,3,0.05,5000,5000,0,0,0,FALSE,0.20001072874956,1.07287495596242e-05,0.000369134290090921,0.0192128678257808,0.0194844824604637,1.01413712086846,0.0192109494387698,0.9546,0.0763777677598223,1,0,NA,1,NA,NA,NA,NA,NA,0,0,0.837958000000017
105,"targeted",0.2,"mlma_cr2","E",NA,NA,3,0.05,5000,5000,0,0,0,FALSE,0.20001072874956,1.07287495596242e-05,0.000369134290090921,0.0192128678257808,0.0193842852706143,1.00892201239232,0.0192109494387698,0.9554,0.0774996902007228,1,0,NA,1,61.8573063789004,61.9827319806361,0.876680801212641,56.6384554763963,63.8343568383881,0,0,0.934040000000007
106,"targeted",0,"mlma","E",NA,NA,3,0.12,5000,5000,0,0,0,FALSE,-8.98326621124548e-05,-8.98326621124548e-05,0.000878543726414354,0.0296402382988794,0.0297067236642816,1.00224307796489,0.0296374102710789,0.9534,0.116448216961351,0.0466,0.00298088711627931,0.0466,NA,NA,NA,NA,NA,NA,0,0,0.854028000000008
106,"targeted",0,"mlma_cr2","E",NA,NA,3,0.12,5000,5000,0,0,0,FALSE,-8.98326621124548e-05,-8.98326621124548e-05,0.000878543726414354,0.0296402382988794,0.0296150952640043,0.999151726291079,0.0296374102710789,0.956,0.118323909708663,0.044,0.00290048271844533,0.044,NA,64.0503803330081,64.0769575214272,0.104497962547583,62.9197345274304,64.1710402623195,0,0,0.949849999999952
106,"targeted",0.05,"mlma","E",NA,NA,3,0.12,5000,5000,0,0,0,FALSE,0.0499101673388005,-8.98326611995029e-05,0.000878543726279648,0.029640238296607,0.0297067236579497,1.0022430778281,0.029637410268804,0.9534,0.116448216936531,0.3908,0.00690036752644379,NA,0.3908,NA,NA,NA,NA,NA,0,0,0.839208000000002
106,"targeted",0.05,"mlma_cr2","E",NA,NA,3,0.12,5000,5000,0,0,0,FALSE,0.0499101673388005,-8.98326611995029e-05,0.000878543726279648,0.029640238296607,0.0296150952639167,0.999151726364724,0.029637410268804,0.956,0.118323909708321,0.3792,0.00686159398390782,NA,0.3792,64.0503803327897,64.0769575215711,0.104497962925379,62.919734521554,64.1710402623789,0,0,0.933482000000002
106,"targeted",0.1,"mlma","E",NA,NA,3,0.12,5000,5000,0,0,0,FALSE,0.0999101673367402,-8.98326632598062e-05,0.000878543726374973,0.029640238298215,0.029706723659303,1.00224307781938,0.0296374102704181,0.9534,0.116448216941836,0.9198,0.00384104048403554,NA,0.9198,NA,NA,NA,NA,NA,0,0,0.833549999999979
106,"targeted",0.1,"mlma_cr2","E",NA,NA,3,0.12,5000,5000,0,0,0,FALSE,0.0999101673367402,-8.98326632598062e-05,0.000878543726374973,0.029640238298215,0.0296150952639455,0.99915172631149,0.0296374102704181,0.956,0.118323909708432,0.915,0.003943982758583,NA,0.915,64.0503803329088,64.0769575213729,0.104497962789856,62.9197345223412,64.1710402623458,0,0,0.928867999999964
106,"targeted",0.2,"mlma","E",NA,NA,3,0.12,5000,5000,0,0,0,FALSE,0.199910167337072,-8.98326629277246e-05,0.000878543726408628,0.0296402382987827,0.0297067236553514,1.00224307766687,0.0296374102709848,0.9534,0.116448216926346,1,0,NA,1,NA,NA,NA,NA,NA,0,0,0.832435999999975
106,"targeted",0.2,"mlma_cr2","E",NA,NA,3,0.12,5000,5000,0,0,0,FALSE,0.199910167337072,-8.98326629277246e-05,0.000878543726408628,0.0296402382987827,0.0296150952638302,0.999151726288462,0.0296374102709848,0.956,0.118323909707982,1,0,NA,1,64.0503803325966,64.0769575213126,0.104497963267851,62.9197345195888,64.1710402624676,0,0,0.928335999999988
107,"targeted",0,"mlma","E",NA,NA,3,0.2,5000,5000,0,0,0,FALSE,-0.000186796309708507,-0.000186796309708507,0.00192899463849023,0.0439203214752605,0.0438582252154237,0.998586161080996,0.0439163264905417,0.9524,0.171921083696154,0.0476,0.00301112072159188,0.0476,NA,NA,NA,NA,NA,NA,0,0,0.894599999999993
107,"targeted",0,"mlma_cr2","E",NA,NA,3,0.2,5000,5000,0,0,0,FALSE,-0.000186796309708507,-0.000186796309708507,0.00192899463849023,0.0439203214752605,0.0437627309752083,0.996411900123703,0.0439163264905417,0.9536,0.174848159630376,0.0464,0.00297479545515318,0.0464,NA,64.079730458936,64.0829694989659,0.0410346467244901,63.9021634182604,64.1666460161262,0,0,0.989374000000009
107,"targeted",0.05,"mlma","E",NA,NA,3,0.2,5000,5000,0,0,0,FALSE,0.0498132036904206,-0.000186796309579407,0.00192899463848483,0.043920321475199,0.0438582252094518,0.998586160946425,0.0439163264904797,0.9524,0.171921083672745,0.2128,0.00578819764693639,NA,0.2128,NA,NA,NA,NA,NA,0,0,0.881615999999964
107,"targeted",0.05,"mlma_cr2","E",NA,NA,3,0.2,5000,5000,0,0,0,FALSE,0.0498132036904206,-0.000186796309579407,0.00192899463848483,0.043920321475199,0.0437627309752281,0.99641190012555,0.0439163264904797,0.9536,0.174848159630453,0.2022,0.00568005563353036,NA,0.2022,64.0797304589932,64.0829694765485,0.041034646882634,63.9021634201865,64.1666460159906,0,0,0.976040000000052
107,"targeted",0.1,"mlma","E",NA,NA,3,0.2,5000,5000,0,0,0,FALSE,0.0998132036896337,-0.000186796310366347,0.00192899463841562,0.0439203214744112,0.0438582252174931,0.998586161147425,0.0439163264896952,0.9524,0.171921083704266,0.6146,0.00688283139412844,NA,0.6146,NA,NA,NA,NA,NA,0,0,0.880942000000017
107,"targeted",0.1,"mlma_cr2","E",NA,NA,3,0.2,5000,5000,0,0,0,FALSE,0.0998132036896337,-0.000186796310366347,0.00192899463841562,0.0439203214744112,0.0437627309753777,0.996411900146831,0.0439163264896952,0.9536,0.174848159631059,0.6024,0.00692118833727273,NA,0.6024,64.0797304588237,64.0829694992528,0.0410346468365668,63.9021634183757,64.1666460159768,0,0,0.976132000000037
107,"targeted",0.2,"mlma","E",NA,NA,3,0.2,5000,5000,0,0,0,FALSE,0.199813203688335,-0.000186796311664655,0.00192899463867798,0.043920321477398,0.04385822531293,0.998586163252473,0.0439163264926872,0.9524,0.171921084078372,0.9966,0.000823218075603295,NA,0.9966,NA,NA,NA,NA,NA,0,0,0.881062000000017
107,"targeted",0.2,"mlma_cr2","E",NA,NA,3,0.2,5000,5000,0,0,0,FALSE,0.199813203688335,-0.000186796311664655,0.00192899463867798,0.043920321477398,0.0437627309730793,0.99641190002674,0.0439163264926872,0.9536,0.174848159621954,0.9956,0.000936017093861,NA,0.9956,64.0797304574506,64.082969499725,0.0410346484873291,63.902163421483,64.1666460160542,0,0,0.97623800000005
108,"targeted",0,"mlma","E",NA,NA,3,0.3,5000,5000,0,0,0,FALSE,-0.000298726324538513,-0.000298726324538513,0.00395995668875392,0.0629281867588279,0.0627612136112381,0.997346607995718,0.0629226027340982,0.9508,0.246019436608103,0.0492,0.00305873699425106,0.0492,NA,NA,NA,NA,NA,NA,0,0,0.941365999999974
108,"targeted",0,"mlma_cr2","E",NA,NA,3,0.3,5000,5000,0,0,0,FALSE,-0.000298726324538513,-0.000298726324538513,0.00395995668875392,0.0629281867588279,0.0626514632307878,0.99560255042624,0.0629226027340982,0.9532,0.250333695670336,0.0468,0.00298696367570816,0.0468,NA,63.8397012276833,63.8378944553298,0.0447570618424932,63.7027675649108,64.0725345785318,0,0,1.03664599999995
108,"targeted",0.05,"mlma","E",NA,NA,3,0.3,5000,5000,0,0,0,FALSE,0.0497012736723972,-0.000298726327602757,0.00395995668817659,0.0629281867542406,0.0627612135368051,0.997346606885598,0.062922602729526,0.9508,0.246019436316331,0.1292,0.00474357165013874,NA,0.1292,NA,NA,NA,NA,NA,0,0,0.929361999999936
108,"targeted",0.05,"mlma_cr2","E",NA,NA,3,0.3,5000,5000,0,0,0,FALSE,0.0497012736723972,-0.000298726327602757,0.00395995668817659,0.0629281867542406,0.0626514632308234,0.995602550499382,0.062922602729526,0.9532,0.250333695670414,0.1248,0.00467386264239761,NA,0.1248,63.839701228652,63.8378944547629,0.0447570629618076,63.7027675665314,64.07253457801,0,0,1.02419200000005
108,"targeted",0.1,"mlma","E",NA,NA,3,0.3,5000,5000,0,0,0,FALSE,0.099701273671242,-0.00029872632875802,0.0039599566882418,0.0629281867547588,0.06276121353924,0.997346606916078,0.0629226027300496,0.9508,0.246019436325876,0.359,0.00678408431551377,NA,0.359,NA,NA,NA,NA,NA,0,0,0.927922000000009
108,"targeted",0.1,"mlma_cr2","E",NA,NA,3,0.3,5000,5000,0,0,0,FALSE,0.099701273671242,-0.00029872632875802,0.0039599566882418,0.0629281867547588,0.0626514632307322,0.995602550489735,0.0629226027300496,0.9532,0.250333695670051,0.3458,0.00672640111798278,NA,0.3458,63.8397012286316,63.8378944538306,0.0447570630054026,63.7027675674926,64.0725345784059,0,0,1.02348800000003
108,"targeted",0.2,"mlma","E",NA,NA,3,0.3,5000,5000,0,0,0,FALSE,0.199701273672014,-0.00029872632798611,0.00395995668829129,0.062928186755152,0.0627612135279287,0.997346606730097,0.0629226027304391,0.9508,0.246019436281537,0.8838,0.00453205383904472,NA,0.8838,NA,NA,NA,NA,NA,0,0,0.929229999999893
108,"targeted",0.2,"mlma_cr2","E",NA,NA,3,0.3,5000,5000,0,0,0,FALSE,0.199701273672014,-0.00029872632798611,0.00395995668829129,0.062928186755152,0.0626514632308973,0.995602550486136,0.0629226027304391,0.9532,0.250333695670703,0.879,0.00461213616451206,NA,0.879,63.8397012287121,63.8378944551248,0.0447570628126477,63.7027675660124,64.0725345785978,0,0,1.02498599999986
109,"targeted",0,"mlma","E",NA,NA,4,0.05,5000,5000,0,0,0,FALSE,-0.000125409065708687,-0.000125409065708687,0.0012033512953524,0.0346893542077739,0.0339436546942774,0.978503505455014,0.0346861118104508,0.9446,0.133056681408895,0.0554,0.00323514574633045,0.0554,NA,NA,NA,NA,NA,NA,0.0084,0,0.421968000000025
109,"targeted",0,"mlma_cr2","E",NA,NA,4,0.05,5000,5000,0,0,0,FALSE,-0.000125409065708687,-0.000125409065708687,0.0012033512953524,0.0346893542077739,0.0332667826854835,0.958991121201917,0.0346861118104508,0.9538,0.144783592840849,0.0462,0.00296868859936505,0.0462,NA,12.1700764945415,12.2839617767492,0.973295951326402,8.99449377496826,15.0537107024103,0.0084,0,0.501891999999888
109,"targeted",0.05,"mlma","E",NA,NA,4,0.05,5000,4999,1,0,2e-04,FALSE,0.0498723654447652,-0.000127634555234839,0.00120356729296213,0.0346924673807173,0.0339449665315849,0.978453511509307,0.0346892320746786,0.944588917783557,0.133061823716648,0.327065413082616,0.00663532450116721,NA,0.327065413082616,NA,NA,NA,NA,NA,0.00820164032806561,0,0.41802560512102
109,"targeted",0.05,"mlma_cr2","E",NA,NA,4,0.05,5000,4999,1,0,2e-04,FALSE,0.0498723654447652,-0.000127634555234839,0.00120356729296213,0.0346924673807173,0.0332673507301157,0.958921438623485,0.0346892320746786,0.95379075815163,0.144785018708806,0.281856371274255,0.00636323578088959,NA,0.281856371274255,12.1707101041397,12.2839890525424,0.972361478705994,8.99449395518433,15.0537107024704,0.00820164032806561,0,0.497205441088354
109,"targeted",0.1,"mlma","E",NA,NA,4,0.05,5000,4999,1,0,2e-04,FALSE,0.0998723654476902,-0.000127634552309824,0.00120356729306722,0.0346924673822318,0.0339449665286501,0.978453511381999,0.0346892320761821,0.944588917783557,0.133061823705144,0.825965193038608,0.00536237723434125,NA,0.825965193038608,NA,NA,NA,NA,NA,0.00820164032806561,0,0.416969393878617
109,"targeted",0.1,"mlma_cr2","E",NA,NA,4,0.05,5000,4999,1,0,2e-04,FALSE,0.0998723654476902,-0.000127634552309824,0.00120356729306722,0.0346924673822318,0.033267350729726,0.958921438570388,0.0346892320761821,0.95379075815163,0.144785018708695,0.771954390878176,0.00593424004379631,NA,0.771954390878176,12.1707101029488,12.283989032663,0.972361480296389,8.99449377571738,15.0537107028249,0.00820164032806561,0,0.496385277055442
109,"targeted",0.2,"mlma","E",NA,NA,4,0.05,5000,5000,0,0,0,FALSE,0.19987459093194,-0.000125409068059884,0.00120335129553908,0.0346893542104647,0.0339436546983187,0.978503505495612,0.0346861118131498,0.9446,0.133056681424737,1,0,NA,1,NA,NA,NA,NA,NA,0.0084,0,0.417835999999943
109,"targeted",0.2,"mlma_cr2","E",NA,NA,4,0.05,5000,5000,0,0,0,FALSE,0.19987459093194,-0.000125409068059884,0.00120335129553908,0.0346893542104647,0.0332667826869209,0.958991121168966,0.0346861118131498,0.9538,0.144783592845817,0.9996,0.000282786138274123,NA,0.9996,12.1700764954403,12.2839617857165,0.973295951527496,8.99449291518362,15.0537107057335,0.0084,0,0.496727999999924
110,"targeted",0,"mlma","E",NA,NA,4,0.12,5000,5000,0,0,0,FALSE,7.29933924841944e-05,7.29933924841944e-05,0.00229828664458979,0.0479404489402195,0.0474559742377799,0.98989423935008,0.0479357102304349,0.9506,0.186024000714619,0.0494,0.0030646252625729,0.0494,NA,NA,NA,NA,NA,NA,0,0,0.394716000000024
110,"targeted",0,"mlma_cr2","E",NA,NA,4,0.12,5000,5000,0,0,0,FALSE,7.29933924841944e-05,7.29933924841944e-05,0.00229828664458979,0.0479404489402195,0.0466700413027028,0.973500297439832,0.0479357102304349,0.9546,0.199013742381391,0.0454,0.00294410733499986,0.0454,NA,14.9354952512584,14.98346095636,0.404538299513913,11.5275441378241,15.9981083586701,0,0,0.47073400000009
110,"targeted",0.05,"mlma","E",NA,NA,4,0.12,5000,5000,0,0,0,FALSE,0.0500729933953082,7.29933953081754e-05,0.00229828664459119,0.0479404489402341,0.0474559742338221,0.989894239267221,0.0479357102304538,0.9506,0.186024000699104,0.1914,0.0055635607303237,NA,0.1914,NA,NA,NA,NA,NA,0,0,0.391205999999805
110,"targeted",0.05,"mlma_cr2","E",NA,NA,4,0.12,5000,5000,0,0,0,FALSE,0.0500729933953082,7.29933953081754e-05,0.00229828664459119,0.0479404489402341,0.046670041303485,0.973500297455853,0.0479357102304538,0.9546,0.199013742384459,0.1692,0.00530228931688945,NA,0.1692,14.9354952514217,14.9834609562123,0.404538299620331,11.5275441387183,15.9981083609807,0,0,0.46660600000002
110,"targeted",0.1,"mlma","E",NA,NA,4,0.12,5000,5000,0,0,0,FALSE,0.100072993391706,7.29933917056336e-05,0.00229828664432342,0.0479404489374413,0.0474559742391575,0.989894239436179,0.0479357102276558,0.9506,0.186024000720018,0.56,0.0070199715099137,NA,0.56,NA,NA,NA,NA,NA,0,0,0.39073400000007
110,"targeted",0.1,"mlma_cr2","E",NA,NA,4,0.12,5000,5000,0,0,0,FALSE,0.100072993391706,7.29933917056336e-05,0.00229828664432342,0.0479404489374413,0.0466700413024758,0.973500297491513,0.0479357102276558,0.9546,0.199013742379812,0.5154,0.00706771306718093,NA,0.5154,14.9354952518321,14.9834609564958,0.4045382989522,11.527544140558,15.9981083590548,0,0,0.465817999999991
110,"targeted",0.2,"mlma","E",NA,NA,4,0.12,5000,5000,0,0,0,FALSE,0.20007299339105,7.29933910500469e-05,0.00229828664427759,0.0479404489369633,0.0474559742474651,0.98989423961934,0.0479357102271769,0.9506,0.186024000752584,0.9894,0.00144828450243728,NA,0.9894,NA,NA,NA,NA,NA,0,0,0.391526000000097
110,"targeted",0.2,"mlma_cr2","E",NA,NA,4,0.12,5000,5000,0,0,0,FALSE,0.20007299339105,7.29933910500469e-05,0.00229828664427759,0.0479404489369633,0.0466700413022997,0.973500297497545,0.0479357102271769,0.9546,0.199013742378143,0.9774,0.00210186774084384,NA,0.9774,14.9354952525578,14.9834609562039,0.404538299040366,11.527544135922,15.9981083602716,0,0,0.467052000000063
111,"targeted",0,"mlma","E",NA,NA,4,0.2,5000,5000,0,0,0,FALSE,0.000181574920257678,0.000181574920257678,0.00444121055869,0.0666424081099265,0.06634357113635,0.995515813698035,0.0666359909210475,0.9498,0.260062020066034,0.0502,0.00308804015517933,0.0502,NA,NA,NA,NA,NA,NA,0,0,0.378176000000123
111,"targeted",0,"mlma_cr2","E",NA,NA,4,0.2,5000,5000,0,0,0,FALSE,0.000181574920257678,0.000181574920257678,0.00444121055869,0.0666424081099265,0.0653116345000367,0.980031129612023,0.0666359909210475,0.9538,0.276857447284766,0.0462,0.00296868859936505,0.0462,NA,16.0303027684002,16.0503462334691,0.146320053226828,14.7861821187379,16.3802724927877,0,0,0.443582000000071
111,"targeted",0.05,"mlma","E",NA,NA,4,0.2,5000,5000,0,0,0,FALSE,0.050181574918355,0.000181574918354965,0.00444121055952753,0.0666424081162103,0.0663435711709218,0.995515814122932,0.0666359909273255,0.9498,0.260062020201553,0.1226,0.00463830227561766,NA,0.1226,NA,NA,NA,NA,NA,0,0,0.376977999999927
111,"targeted",0.05,"mlma_cr2","E",NA,NA,4,0.2,5000,5000,0,0,0,FALSE,0.050181574918355,0.000181574918354965,0.00444121055952753,0.0666424081162103,0.06531163450051,0.980031129526717,0.0666359909273255,0.9538,0.276857447285952,0.1122,0.00446343275965932,NA,0.1122,16.0303027693592,16.050346234874,0.146320053242839,14.7861821127273,16.3802724950476,0,0,0.442395999999871
111,"targeted",0.1,"mlma","E",NA,NA,4,0.2,5000,5000,0,0,0,FALSE,0.100181574920871,0.000181574920870745,0.00444121055951698,0.0666424081161311,0.0663435711677298,0.995515814076217,0.0666359909272532,0.9498,0.260062020189041,0.3332,0.00666599969996999,NA,0.3332,NA,NA,NA,NA,NA,0,0,0.37834800000012
111,"targeted",0.1,"mlma_cr2","E",NA,NA,4,0.2,5000,5000,0,0,0,FALSE,0.100181574920871,0.000181574920870745,0.00444121055951698,0.0666424081161311,0.0653116345008077,0.980031129532348,0.0666359909272532,0.9538,0.276857447287634,0.3,0.00648074069840786,NA,0.3,16.0303027690333,16.0503462381309,0.146320053538019,14.7861821126359,16.3802724920575,0,0,0.443662000000037
111,"targeted",0.2,"mlma","E",NA,NA,4,0.2,5000,5000,0,0,0,FALSE,0.20018157489174,0.000181574891739589,0.00444121055303776,0.0666424080675193,0.0663435711731551,0.995515814883799,0.066635990878567,0.9498,0.260062020210307,0.851,0.00503585146722975,NA,0.851,NA,NA,NA,NA,NA,0,0,0.377672000000058
111,"targeted",0.2,"mlma_cr2","E",NA,NA,4,0.2,5000,5000,0,0,0,FALSE,0.20018157489174,0.000181574891739589,0.00444121055303776,0.0666424080675193,0.0653116344805684,0.980031129943525,0.066635990878567,0.9538,0.276857447199435,0.8064,0.00558782676896842,NA,0.8064,16.0303027700215,16.0503462360188,0.146320054590859,14.7861821045076,16.3802724913046,0,0,0.442966000000056
112,"targeted",0,"mlma","E",NA,NA,4,0.3,5000,5000,0,0,0,FALSE,0.000271885412969539,0.000271885412969539,0.00848995597245,0.0921409570845127,0.0920571255273764,0.999090181393933,0.0921321437009543,0.95,0.360857301107881,0.05,0.00308220700148449,0.05,NA,NA,NA,NA,NA,NA,0,0,0.267248000000042
112,"targeted",0,"mlma_cr2","E",NA,NA,4,0.3,5000,5000,0,0,0,FALSE,0.000271885412969539,0.000271885412969539,0.00848995597245,0.0921409570845127,0.0906722617041784,0.984060341602626,0.0921321437009543,0.9538,0.38365463373326,0.0462,0.00296868859936505,0.0462,NA,16.4070660207853,16.4139528706752,0.0507153629677215,15.9855282119455,16.5231514399191,0,0,0.324769999999867
112,"targeted",0.05,"mlma","E",NA,NA,4,0.3,5000,5000,0,0,0,FALSE,0.0502718854168581,0.000271885416858138,0.0084899559710561,0.0921409570769487,0.0920571255263886,0.99909018146523,0.0921321436934026,0.95,0.360857301104009,0.085,0.003943982758583,NA,0.085,NA,NA,NA,NA,NA,0,0,0.265020000000155
112,"targeted",0.05,"mlma_cr2","E",NA,NA,4,0.3,5000,5000,0,0,0,FALSE,0.0502718854168581,0.000271885416858138,0.0084899559710561,0.0921409570769487,0.0906722617064731,0.984060341708313,0.0921321436934026,0.9538,0.383654633743107,0.0804,0.0038454086908936,NA,0.0804,16.4070660207442,16.4139528720404,0.0507153628700615,15.9855282131413,16.5231514370298,0,0,0.322029999999967
112,"targeted",0.1,"mlma","E",NA,NA,4,0.3,5000,5000,0,0,0,FALSE,0.100271885420252,0.000271885420251833,0.00848995597108022,0.0921409570770796,0.0920571254803486,0.999090180964141,0.0921321436935435,0.95,0.360857300923536,0.1982,0.00563767256942082,NA,0.1982,NA,NA,NA,NA,NA,0,0,0.26483800000003
112,"targeted",0.1,"mlma_cr2","E",NA,NA,4,0.3,5000,5000,0,0,0,FALSE,0.100271885420252,0.000271885420251833,0.00848995597108022,0.0921409570770796,0.0906722617067612,0.984060341710042,0.0921321436935435,0.9538,0.383654633745155,0.183,0.00546829040925955,NA,0.183,16.4070660202757,16.413952871639,0.0507153626456539,15.9855282127674,16.5231514390269,0,0,0.321636000000048
112,"targeted",0.2,"mlma","E",NA,NA,4,0.3,5000,5000,0,0,0,FALSE,0.200271885423609,0.000271885423608592,0.00848995597103597,0.0921409570768395,0.0920571254376364,0.999090180503192,0.0921321436933133,0.95,0.360857300756107,0.5822,0.0069748571311533,NA,0.5822,NA,NA,NA,NA,NA,0,0,0.264747999999786
112,"targeted",0.2,"mlma_cr2","E",NA,NA,4,0.3,5000,5000,0,0,0,FALSE,0.200271885423609,0.000271885423608592,0.00848995597103597,0.0921409570768395,0.0906722617040544,0.98406034168323,0.0921321436933133,0.9538,0.38365463373387,0.5352,0.00705352337488152,NA,0.5352,16.4070660201417,16.4139528709542,0.0507153626462356,15.9855282127819,16.5231514395834,0,0,0.32138599999967
113,"targeted",0,"mlma","E",NA,NA,5,0.05,5000,4998,2,0,4e-04,FALSE,-0.000575730034821588,-0.000575730034821588,0.000840537822817872,0.0289920303327979,0.0290443513896563,1.00180467032691,0.0289948463188955,0.949979991996799,0.113851765356104,0.0500200080032013,0.00308340790720934,0.0500200080032013,NA,NA,NA,NA,NA,NA,0.00440176070428171,0,0.380886354541742
113,"targeted",0,"mlma_cr2","E",NA,NA,5,0.05,5000,4998,2,0,4e-04,FALSE,-0.000575730034821588,-0.000575730034821588,0.000840537822817872,0.0289920303327979,0.0287346474191999,0.991122287378861,0.0289948463188955,0.956982793117247,0.120497305130661,0.0430172068827531,0.00286995470608125,0.0430172068827531,NA,18.4819632152478,18.635730489905,0.716477873330532,14.5984375767963,19.6678956711013,0.00440176070428171,0,0.431112444977989
113,"targeted",0.05,"mlma","E",NA,NA,5,0.05,5000,5000,0,0,0,FALSE,0.0494263363705659,-0.000573663629434132,0.000840759515046829,0.0289958534112522,0.029041615527785,1.00157822968283,0.0289986284693527,0.95,0.113841040974636,0.4016,0.00693278356794729,NA,0.4016,NA,NA,NA,NA,NA,0.0048,0,0.376986000000073
113,"targeted",0.05,"mlma_cr2","E",NA,NA,5,0.05,5000,5000,0,0,0,FALSE,0.0494263363705659,-0.000573663629434132,0.000840759515046829,0.0289958534112522,0.02873191716561,0.990897448614502,0.0289986284693527,0.9568,0.120486455522977,0.3668,0.00681553754299688,NA,0.3668,18.4805842287236,18.6351364740601,0.719644895472551,14.5984375753549,19.6678956712532,0.0048,0,0.426850000000007
113,"targeted",0.1,"mlma","E",NA,NA,5,0.05,5000,5000,0,0,0,FALSE,0.099426336368639,-0.000573663631360979,0.000840759515000327,0.0289958534104504,0.0290416155258994,1.0015782296455,0.0289986284685892,0.95,0.113841040967244,0.924,0.00374763925691895,NA,0.924,NA,NA,NA,NA,NA,0.0048,0,0.378604000000045
113,"targeted",0.1,"mlma_cr2","E",NA,NA,5,0.05,5000,5000,0,0,0,FALSE,0.099426336368639,-0.000573663631360979,0.000840759515000327,0.0289958534104504,0.0287319171646574,0.990897448609055,0.0289986284685892,0.9568,0.120486455520118,0.9058,0.00413101343498178,NA,0.9058,18.4805842256254,18.6351364737661,0.719644904454861,14.5984375765642,19.6678956708987,0.0048,0,0.428560000000035
113,"targeted",0.2,"mlma","E",NA,NA,5,0.05,5000,5000,0,0,0,FALSE,0.199426336374335,-0.000573663625664911,0.000840759514986859,0.0289958534102181,0.0290416155256468,1.00157822964481,0.0289986284682444,0.95,0.113841040966254,1,0,NA,1,NA,NA,NA,NA,NA,0.0048,0,0.37658000000006
113,"targeted",0.2,"mlma_cr2","E",NA,NA,5,0.05,5000,5000,0,0,0,FALSE,0.199426336374335,-0.000573663625664911,0.000840759514986859,0.0289958534102181,0.0287319171659422,0.990897448661299,0.0289986284682444,0.9568,0.120486455524434,1,0,NA,1,18.4805842285455,18.6351364758873,0.719644895521519,14.5984375764199,19.6678956718561,0.0048,0,0.42658600000004
114,"targeted",0,"mlma","E",NA,NA,5,0.12,5000,5000,0,0,0,FALSE,-0.000581309805823823,-0.000581309805823823,0.00191015048753537,0.0437052684185256,0.0442693754546322,1.01290707176775,0.0437047637967329,0.952,0.173532763018321,0.048,0.00302311098043059,0.048,NA,NA,NA,NA,NA,NA,0,0,0.401112000000015
114,"targeted",0,"mlma_cr2","E",NA,NA,5,0.12,5000,5000,0,0,0,FALSE,-0.000581309805823823,-0.000581309805823823,0.00191015048753537,0.0437052684185256,0.043864034395764,1.00363265077606,0.0437047637967329,0.9576,0.183154579822654,0.0424,0.00284963997726029,0.0424,NA,19.7279951138007,19.7541214048278,0.11078767664938,18.1731449470719,19.8840249780079,0,0,0.453371999999998
114,"targeted",0.05,"mlma","E",NA,NA,5,0.12,5000,5000,0,0,0,FALSE,0.0494186901934677,-0.000581309806532329,0.00191015048752371,0.0437052684183922,0.0442693754630585,1.01290707196364,0.0437047637966089,0.952,0.173532763051352,0.202,0.00567795737919897,NA,0.202,NA,NA,NA,NA,NA,0,0,0.396500000000017
114,"targeted",0.05,"mlma_cr2","E",NA,NA,5,0.12,5000,5000,0,0,0,FALSE,0.0494186901934677,-0.000581309806532329,0.00191015048752371,0.0437052684183922,0.043864034395507,1.00363265077324,0.0437047637966089,0.9576,0.183154579821424,0.1786,0.00541667868716615,NA,0.1786,19.727995114097,19.7541214045125,0.11078767647434,18.173144937813,19.8840249782461,0,0,0.448658000000016
114,"targeted",0.1,"mlma","E",NA,NA,5,0.12,5000,5000,0,0,0,FALSE,0.0994186901937181,-0.000581309806281877,0.00191015048744254,0.0437052684174636,0.0442693754642035,1.01290707201136,0.0437047637956772,0.952,0.17353276305584,0.6082,0.00690351736435855,NA,0.6082,NA,NA,NA,NA,NA,0,0,0.397147999999972
114,"targeted",0.1,"mlma_cr2","E",NA,NA,5,0.12,5000,5000,0,0,0,FALSE,0.0994186901937181,-0.000581309806281877,0.00191015048744254,0.0437052684174636,0.0438640343956314,1.00363265079741,0.0437047637956772,0.9576,0.183154579821913,0.567,0.00700729619753582,NA,0.567,19.7279951141785,19.7541214047538,0.110787676552607,18.1731449425502,19.884024978055,0,0,0.44894199999999
114,"targeted",0.2,"mlma","E",NA,NA,5,0.12,5000,5000,0,0,0,FALSE,0.199418690194335,-0.00058130980566487,0.00191015048759768,0.0437052684192384,0.0442693754529548,1.01290707171285,0.0437047637974434,0.952,0.173532763011746,0.9948,0.00101714895664303,NA,0.9948,NA,NA,NA,NA,NA,0,0,0.395867999999992
114,"targeted",0.2,"mlma_cr2","E",NA,NA,5,0.12,5000,5000,0,0,0,FALSE,0.199418690194335,-0.00058130980566487,0.00191015048759768,0.0437052684192384,0.0438640343954031,1.00363265075143,0.0437047637974434,0.9576,0.183154579821148,0.9908,0.00135021183523179,NA,0.9908,19.7279951137884,19.7541214047577,0.11078767659212,18.1731449497323,19.8840249780667,0,0,0.44820199999997
115,"targeted",0,"mlma","E",NA,NA,5,0.2,5000,5000,0,0,0,FALSE,-0.000630695506599224,-0.000630695506599224,0.00410647783123144,0.0640818057738032,0.0651812175988335,1.01715638021986,0.0640785011722906,0.9502,0.255505677924364,0.0498,0.00307636018697421,0.0498,NA,NA,NA,NA,NA,NA,0,0,0.448355999999953
115,"targeted",0,"mlma_cr2","E",NA,NA,5,0.2,5000,5000,0,0,0,FALSE,-0.000630695506599224,-0.000630695506599224,0.00410647783123144,0.0640818057738032,0.0646078814712782,1.00820943934277,0.0640785011722906,0.9568,0.269641425681366,0.0432,0.00287519599331941,0.0432,NA,19.8822417231591,19.8849531918425,0.00915203225533394,19.6102910590824,19.8890224126848,0,0,0.500919999999949
115,"targeted",0.05,"mlma","E",NA,NA,5,0.2,5000,5000,0,0,0,FALSE,0.0493693044917748,-0.000630695508225178,0.00410647783160958,0.0640818057767537,0.0651812175899135,1.01715638003383,0.0640785011752565,0.9502,0.255505677889398,0.118,0.00456236780630409,NA,0.118,NA,NA,NA,NA,NA,0,0,0.445269999999996
115,"targeted",0.05,"mlma_cr2","E",NA,NA,5,0.2,5000,5000,0,0,0,FALSE,0.0493693044917748,-0.000630695508225178,0.00410647783160958,0.0640818057767537,0.0646078814714502,1.00820943929903,0.0640785011752565,0.9568,0.269641425682084,0.1078,0.00438586730305421,NA,0.1078,19.8822417231586,19.8849531918959,0.00915203224320185,19.6102910625064,19.8890224126875,0,0,0.497645999999983
115,"targeted",0.1,"mlma","E",NA,NA,5,0.2,5000,5000,0,0,0,FALSE,0.0993693044948398,-0.000630695505160248,0.0041064778313648,0.0640818057748438,0.0651812176013495,1.0171563802426,0.0640785011733168,0.9502,0.255505677934226,0.333,0.00666499812453087,NA,0.333,NA,NA,NA,NA,NA,0,0,0.445223999999974
115,"targeted",0.1,"mlma_cr2","E",NA,NA,5,0.2,5000,5000,0,0,0,FALSE,0.0993693044948398,-0.000630695505160248,0.0041064778313648,0.0640818057748438,0.0646078814715964,1.00820943933136,0.0640785011733168,0.9568,0.269641425682691,0.3042,0.00650634090714589,NA,0.3042,19.8822417231624,19.8849531918877,0.00915203222344116,19.6102910641909,19.8890224126924,0,0,0.49744000000001
115,"targeted",0.2,"mlma","E",NA,NA,5,0.2,5000,5000,0,0,0,FALSE,0.199369304496835,-0.000630695503164913,0.00410647783153447,0.0640818057761676,0.0651812176513166,1.01715638100133,0.0640785011746208,0.9502,0.255505678130094,0.8606,0.00489831889529459,NA,0.8606,NA,NA,NA,NA,NA,0,0,0.444251999999969
115,"targeted",0.2,"mlma_cr2","E",NA,NA,5,0.2,5000,5000,0,0,0,FALSE,0.199369304496835,-0.000630695503164913,0.00410647783153447,0.0640818057761676,0.0646078814714024,1.00820943930751,0.0640785011746208,0.9568,0.269641425681903,0.8254,0.00536870263657804,NA,0.8254,19.8822417231381,19.8849531918927,0.00915203220368113,19.6102910665541,19.8890224126877,0,0,0.497067999999995
116,"targeted",0,"mlma","E",NA,NA,5,0.3,5000,5000,0,0,0,FALSE,-0.000705749557286869,-0.000705749557286869,0.00835197343349258,0.0913891319221962,0.0931142558656485,1.01887668596,0.0913827178477609,0.952,0.365001175887837,0.048,0.00302311098043059,0.048,NA,NA,NA,NA,NA,NA,0,0,0.412339999999906
116,"targeted",0,"mlma_cr2","E",NA,NA,5,0.3,5000,5000,0,0,0,FALSE,-0.000705749557286869,-0.000705749557286869,0.00835197343349258,0.0913891319221962,0.0923100056845018,1.01007640342934,0.0913827178477609,0.9562,0.385284619964733,0.0438,0.00289418589589542,0.0438,NA,19.8608673860708,19.8607614053333,0.00959979462858742,19.8318292562596,19.8865270677967,0,0,0.464799999999948
116,"targeted",0.05,"mlma","E",NA,NA,5,0.3,5000,5000,0,0,0,FALSE,0.0492942504277362,-0.000705749572263797,0.00835197343108796,0.0913891319090403,0.0931142555660565,1.01887668282847,0.0913827178347224,0.952,0.365001174713458,0.0808,0.00385412402498934,NA,0.0808,NA,NA,NA,NA,NA,0,0,0.407795999999982
116,"targeted",0.05,"mlma_cr2","E",NA,NA,5,0.3,5000,5000,0,0,0,FALSE,0.0492942504277362,-0.000705749572263797,0.00835197343108796,0.0913891319090403,0.0923100056877117,1.01007640360987,0.0913827178347224,0.9562,0.385284619977698,0.0734,0.00368815509435273,NA,0.0734,19.8608673864401,19.8607614158118,0.00959979458666002,19.8318292562382,19.8865270677932,0,0,0.459791999999883
116,"targeted",0.1,"mlma","E",NA,NA,5,0.3,5000,5000,0,0,0,FALSE,0.0992942504342876,-0.000705749565712399,0.00835197343261917,0.0913891319174177,0.0931142555585401,1.01887668265283,0.0913827178430482,0.952,0.365001174683994,0.19,0.00554797260267208,NA,0.19,NA,NA,NA,NA,NA,0,0,0.408756000000061
116,"targeted",0.1,"mlma_cr2","E",NA,NA,5,0.3,5000,5000,0,0,0,FALSE,0.0992942504342876,-0.000705749565712399,0.00835197343261917,0.0913891319174177,0.0923100056859777,1.01007640349831,0.0913827178430482,0.9562,0.385284619970459,0.173,0.0053492242428225,NA,0.173,19.860867386383,19.8607615224525,0.00959979436127563,19.8318292562247,19.8865270677983,0,0,0.460870000000011
116,"targeted",0.2,"mlma","E",NA,NA,5,0.3,5000,5000,0,0,0,FALSE,0.199294250449803,-0.000705749550196616,0.00835197343474424,0.0913891319290442,0.0931142556580609,1.01887668361218,0.0913827178545533,0.952,0.365001175074108,0.5702,0.00700102792452651,NA,0.5702,NA,NA,NA,NA,NA,0,0,0.407708000000086
116,"targeted",0.2,"mlma_cr2","E",NA,NA,5,0.3,5000,5000,0,0,0,FALSE,0.199294250449803,-0.000705749550196616,0.00835197343474424,0.0913891319290442,0.0923100056886563,1.01007640339912,0.0913827178545533,0.9562,0.385284619981915,0.5284,0.00705965211607484,NA,0.5284,19.8608673862221,19.8607614154579,0.00959979451087782,19.8318292562285,19.8865270677973,0,0,0.459631999999979
117,"targeted",0,"mlma","E",NA,NA,6,0.05,5000,5000,0,0,0,FALSE,0.00027752909345241,0.00027752909345241,0.000369557663204717,0.0192238826256487,0.0199471510690639,1.03762343213905,0.0192239635369449,0.955,0.0781913953790897,0.045,0.00293172304285381,0.045,NA,NA,NA,NA,NA,NA,0,0,1.01824400000008
117,"targeted",0,"mlma_cr2","E",NA,NA,6,0.05,5000,5000,0,0,0,FALSE,0.00027752909345241,0.00027752909345241,0.000369557663204717,0.0192238826256487,0.0192771313213104,1.00276992409383,0.0192239635369449,0.9488,0.0775796145965021,0.0512,0.0031170036894428,0.0512,NA,46.5570875353135,46.6266109294429,0.61227521145476,42.9625269722164,48.1140451136922,0,0,1.1186940000001
117,"targeted",0.05,"mlma","E",NA,NA,6,0.05,5000,5000,0,0,0,FALSE,0.0502775290936946,0.000277529093694565,0.00036955766322134,0.019223882626081,0.0199471510756702,1.03762343245937,0.0192239635373807,0.955,0.0781913954049861,0.7202,0.0063484164954735,NA,0.7202,NA,NA,NA,NA,NA,0,0,1.00592399999998
117,"targeted",0.05,"mlma_cr2","E",NA,NA,6,0.05,5000,5000,0,0,0,FALSE,0.0502775290936946,0.000277529093694565,0.00036955766322134,0.019223882626081,0.0192771313209145,1.00276992405068,0.0192239635373807,0.9488,0.0775796145948052,0.7224,0.00633305992392303,NA,0.7224,46.5570875379372,46.6266109284259,0.612275209317282,42.9625287756223,48.1140451120784,0,0,1.10549799999998
117,"targeted",0.1,"mlma","E",NA,NA,6,0.05,5000,5000,0,0,0,FALSE,0.100277529093643,0.000277529093643383,0.000369557663183022,0.0192238826250844,0.0199471510745626,1.03762343245554,0.0192239635363835,0.955,0.0781913954006441,0.9988,0.000489603921552918,NA,0.9988,NA,NA,NA,NA,NA,0,0,1.00623399999995
117,"targeted",0.1,"mlma_cr2","E",NA,NA,6,0.05,5000,5000,0,0,0,FALSE,0.100277529093643,0.000277529093643383,0.000369557663183022,0.0192238826250844,0.0192771313212387,1.00276992411953,0.0192239635363835,0.9488,0.0775796145961594,0.9986,0.000528779727296718,NA,0.9986,46.5570875366308,46.6266109365657,0.612275211395415,42.9625287012438,48.1140451167975,0,0,1.10685799999997
117,"targeted",0.2,"mlma","E",NA,NA,6,0.05,5000,5000,0,0,0,FALSE,0.200277529092183,0.000277529092182788,0.000369557663270753,0.0192238826273662,0.0199471510696595,1.03762343207733,0.0192239635386438,0.955,0.0781913953814244,1,0,NA,1,NA,NA,NA,NA,NA,0,0,1.00401399999995
117,"targeted",0.2,"mlma_cr2","E",NA,NA,6,0.05,5000,5000,0,0,0,FALSE,0.200277529092183,0.000277529092182788,0.000369557663270753,0.0192238826273662,0.0192771313212675,1.00276992400201,0.0192239635386438,0.9488,0.0775796145963119,1,0,NA,1,46.5570875356905,46.6266109216073,0.61227520978318,42.9625284792745,48.1140451152272,0,0,1.10487800000003
118,"targeted",0,"mlma","E",NA,NA,6,0.12,5000,5000,0,0,0,FALSE,0.000387973051731252,0.000387973051731252,0.000889207608523344,0.0298195843117127,0.0304126568901482,1.01988869369324,0.029819126246262,0.9506,0.119215424357729,0.0494,0.0030646252625729,0.0494,NA,NA,NA,NA,NA,NA,0,0,1.07575599999993
118,"targeted",0,"mlma_cr2","E",NA,NA,6,0.12,5000,5000,0,0,0,FALSE,0.000387973051731252,0.000387973051731252,0.000889207608523344,0.0298195843117127,0.0300014589183683,1.00609916639865,0.029819126246262,0.9516,0.120596135921002,0.0484,0.00303504332753257,0.0484,NA,48.7376101885295,48.7586883906231,0.207461779562215,47.6234102700453,49.2589535069306,0,0,1.17604199999999
118,"targeted",0.05,"mlma","E",NA,NA,6,0.12,5000,5000,0,0,0,FALSE,0.0503879730510094,0.000387973051009446,0.000889207608618415,0.0298195843133068,0.0304126568964925,1.01988869385148,0.0298191262478464,0.9506,0.119215424382598,0.3804,0.00686579696757776,NA,0.3804,NA,NA,NA,NA,NA,0,0,1.061082
118,"targeted",0.05,"mlma_cr2","E",NA,NA,6,0.12,5000,5000,0,0,0,FALSE,0.0503879730510094,0.000387973051009446,0.000889207608618415,0.0298195843133068,0.0300014589185519,1.00609916635102,0.0298191262478464,0.9516,0.120596135921715,0.3748,0.00684580104881817,NA,0.3748,48.7376101890703,48.7586883907923,0.207461778173537,47.6234102720804,49.2589535062534,0,0,1.16059400000004
118,"targeted",0.1,"mlma","E",NA,NA,6,0.12,5000,5000,0,0,0,FALSE,0.100387973051622,0.000387973051621859,0.000889207608556332,0.0298195843122659,0.0304126569010434,1.0198886940397,0.0298191262468136,0.9506,0.119215424400437,0.9144,0.00395658034165869,NA,0.9144,NA,NA,NA,NA,NA,0,0,1.06388600000012
118,"targeted",0.1,"mlma_cr2","E",NA,NA,6,0.12,5000,5000,0,0,0,FALSE,0.100387973051622,0.000387973051621859,0.000889207608556332,0.0298195843122659,0.0300014589184217,1.00609916638178,0.0298191262468136,0.9516,0.120596135921145,0.9074,0.00409939605307904,NA,0.9074,48.7376101897413,48.758688389044,0.207461777855911,47.6234102648376,49.2589535106972,0,0,1.16262999999995
118,"targeted",0.2,"mlma","E",NA,NA,6,0.12,5000,5000,0,0,0,FALSE,0.200387973052128,0.000387973052127899,0.00088920760855286,0.0298195843122076,0.0304126569042477,1.01988869414914,0.0298191262467619,0.9506,0.119215424412998,1,0,NA,1,NA,NA,NA,NA,NA,0,0,1.06407599999995
118,"targeted",0.2,"mlma_cr2","E",NA,NA,6,0.12,5000,5000,0,0,0,FALSE,0.200387973052128,0.000387973052127899,0.00088920760855286,0.0298195843122076,0.0300014589183897,1.00609916638267,0.0298191262467619,0.9516,0.120596135920975,1,0,NA,1,48.7376101902768,48.7586883917793,0.207461778368352,47.6234102693889,49.2589535065402,0,0,1.16331599999993
119,"targeted",0,"mlma","E",NA,NA,6,0.2,5000,5000,0,0,0,FALSE,0.000487131512997754,0.000487131512997754,0.00200918323740993,0.0448239136779681,0.045396294591837,1.01276954346247,0.0448220782413467,0.9526,0.177950204863142,0.0474,0.00300510365877785,0.0474,NA,NA,NA,NA,NA,NA,0,0,0.969682000000114
119,"targeted",0,"mlma_cr2","E",NA,NA,6,0.2,5000,5000,0,0,0,FALSE,0.000487131512997754,0.000487131512997754,0.00200918323740993,0.0448239136779681,0.0450688590489006,1.00546461365896,0.0448220782413467,0.9532,0.181099857871082,0.0468,0.00298696367570816,0.0468,NA,49.4134662127113,49.4196094321883,0.0678091555738441,49.0515317712996,49.5875525750238,0,0,1.05908200000003
119,"targeted",0.05,"mlma","E",NA,NA,6,0.2,5000,5000,0,0,0,FALSE,0.0504871315141769,0.000487131514176925,0.00200918323741543,0.0448239136780293,0.0453962944379279,1.01276954002745,0.0448220782414208,0.9526,0.177950204259829,0.1974,0.00562908944679333,NA,0.1974,NA,NA,NA,NA,NA,0,0,0.956034000000014
119,"targeted",0.05,"mlma_cr2","E",NA,NA,6,0.2,5000,5000,0,0,0,FALSE,0.0504871315141769,0.000487131514176925,0.00200918323741543,0.0448239136780293,0.0450688590487125,1.00546461365339,0.0448220782414208,0.9532,0.181099857870561,0.191,0.0055591186351795,NA,0.191,49.4134662101743,49.4196094266093,0.0678091531874462,49.0515317644752,49.5875525757527,0,0,1.04547400000012
119,"targeted",0.1,"mlma","E",NA,NA,6,0.2,5000,5000,0,0,0,FALSE,0.100487131511636,0.000487131511636207,0.00200918323768535,0.0448239136810403,0.0453962944649918,1.0127695405632,0.0448220782444036,0.9526,0.177950204365918,0.6016,0.00692354591231978,NA,0.6016,NA,NA,NA,NA,NA,0,0,0.954603999999983
119,"targeted",0.1,"mlma_cr2","E",NA,NA,6,0.2,5000,5000,0,0,0,FALSE,0.100487131511636,0.000487131511636207,0.00200918323768535,0.0448239136810403,0.0450688590488427,1.00546461358875,0.0448220782444036,0.9532,0.181099857871015,0.585,0.00696814178960216,NA,0.585,49.4134662109334,49.4196094335195,0.0678091532782277,49.051531773658,49.5875525761997,0,0,1.04368200000005
119,"targeted",0.2,"mlma","E",NA,NA,6,0.2,5000,5000,0,0,0,FALSE,0.200487131509125,0.000487131509124605,0.00200918323750474,0.0448239136790256,0.0453962945479707,1.01276954245994,0.044822078242362,0.9526,0.177950204691189,0.9932,0.00116221856808434,NA,0.9932,NA,NA,NA,NA,NA,0,0,0.953005999999848
119,"targeted",0.2,"mlma_cr2","E",NA,NA,6,0.2,5000,5000,0,0,0,FALSE,0.200487131509125,0.000487131509124605,0.00200918323750474,0.0448239136790256,0.0450688590494368,1.0054646136472,0.044822078242362,0.9532,0.181099857873298,0.9912,0.00132079975772257,NA,0.9912,49.4134662121191,49.4196094258254,0.067809154648447,49.0515317711522,49.5875525755577,0,0,1.04258799999978
120,"targeted",0,"mlma","E",NA,NA,6,0.3,5000,5000,0,0,0,FALSE,0.000614715363532565,0.000614715363532565,0.00420110601424744,0.0648159395075582,0.0654085127848979,1.00914240049349,0.0648123728004365,0.9512,0.256396658681455,0.0488,0.00304691844328003,0.0488,NA,NA,NA,NA,NA,NA,0,0,0.73650399999998
120,"targeted",0,"mlma_cr2","E",NA,NA,6,0.3,5000,5000,0,0,0,FALSE,0.000614715363532565,0.000614715363532565,0.00420110601424744,0.0648159395075582,0.0650882316727833,1.00420100622307,0.0648123728004365,0.9546,0.26151634978894,0.0454,0.00294410733499986,0.0454,NA,49.6216341141934,49.6241121800911,0.0246019843115696,49.5020839795979,49.6860068617245,0,0,0.802877999999939
120,"targeted",0.05,"mlma","E",NA,NA,6,0.3,5000,5000,0,0,0,FALSE,0.050614715361794,0.000614715361793951,0.00420110601395064,0.0648159395052686,0.0654085127560143,1.00914240008351,0.0648123727981307,0.9512,0.256396658568233,0.1214,0.00461870198215906,NA,0.1214,NA,NA,NA,NA,NA,0,0,0.727013999999967
120,"targeted",0.05,"mlma_cr2","E",NA,NA,6,0.3,5000,5000,0,0,0,FALSE,0.050614715361794,0.000614715361793951,0.00420110601395064,0.0648159395052686,0.0650882316725481,1.00420100625491,0.0648123727981307,0.9546,0.261516349788065,0.116,0.00452866426223009,NA,0.116,49.6216341136573,49.6241121951638,0.0246019843322397,49.5020839778125,49.6860068618183,0,0,0.793157999999897
120,"targeted",0.1,"mlma","E",NA,NA,6,0.3,5000,5000,0,0,0,FALSE,0.100614715365651,0.00061471536565133,0.00420110601340009,0.0648159395010216,0.0654085127329021,1.00914239979305,0.0648123727939209,0.9512,0.256396658477635,0.3382,0.00669060176665746,NA,0.3382,NA,NA,NA,NA,NA,0,0,0.722570000000039
120,"targeted",0.1,"mlma_cr2","E",NA,NA,6,0.3,5000,5000,0,0,0,FALSE,0.100614715365651,0.00061471536565133,0.00420110601340009,0.0648159395010216,0.0650882316720285,1.00420100631269,0.0648123727939209,0.9546,0.261516349785954,0.3284,0.00664158776197379,NA,0.3284,49.6216341138074,49.6241121945537,0.024601984464481,49.5020839792178,49.6860068615627,0,0,0.788716000000137
120,"targeted",0.2,"mlma","E",NA,NA,6,0.3,5000,5000,0,0,0,FALSE,0.200614715366064,0.000614715366064139,0.00420110601369162,0.0648159395032705,0.0654085128167826,1.00914240105217,0.0648123727961734,0.9512,0.256396658806441,0.8666,0.00480841845100861,NA,0.8666,NA,NA,NA,NA,NA,0,0,0.7201239999999
120,"targeted",0.2,"mlma_cr2","E",NA,NA,6,0.3,5000,5000,0,0,0,FALSE,0.200614715366064,0.000614715366064139,0.00420110601369162,0.0648159395032705,0.0650882316721183,1.00420100627924,0.0648123727961734,0.9546,0.261516349786277,0.8548,0.00498230789895607,NA,0.8548,49.6216341141067,49.6241121948924,0.0246019838471084,49.5020839800802,49.6860068614284,0,0,0.78634000000004
