"scenario_id","scenario_set","beta1_true","method","pair_id","pair_class","n_attempted","n_success","n_error","n_invalid","error_rate","mean_estimate","bias","empirical_variance","empirical_sd","mean_se","se_ratio","rmse","coverage","reject_rate","mcse_reject_rate","type1_error","power","mean_df","median_df","sd_df","min_df","max_df","boundary_study_rate","boundary_effect_rate","mean_fit_runtime_sec","scenario_set_design","pair_id_design","pair_class_design","J","J0","J1","N_total","K_total","alignment_pattern","alignment_strength","nk_mode","rho_true","tau","omega","I_C_star","J0_star","J1_star","nu_C_star","predicted_variance","predicted_se","metric_status"
1,"broad",0,"aggregate_hksj",NA,NA,5000,5000,0,0,0,-9.2303810175467e-05,-9.2303810175467e-05,0.00421072614874092,0.0648901082503406,0.063335183271879,0.976037565348746,0.0648836845709655,0.9478,0.0522,0.00314563697841947,0.0522,NA,34,34,0,34,34,0,0,0.0396839999999995,"broad",NA,NA,36,27,9,9961,159,"n_minority",0.601719927269296,"independent",0.528381075495854,0.146718092065479,0.0661716804737225,14291.9185535866,19.3367182035899,5.9092178750291,13.6869602995081,0.00027987844913909,0.0167295681097597,"ok"
1,"broad",0,"che_rve",NA,NA,5000,5000,0,0,0,-3.04306190026519e-05,-3.04306190026519e-05,0.00420426371247091,0.0648402938956242,0.0625918922212528,0.965324005502032,0.0648338166835101,0.9472,0.0528,0.00316266216975509,0.0528,NA,13.0676770049872,13.093510480646,0.181228790634386,11.7247225885424,13.4680313136342,0,0,0.386445999999994,"broad",NA,NA,36,27,9,9961,159,"n_minority",0.601719927269296,"independent",0.528381075495854,0.146718092065479,0.0661716804737225,14291.9185535866,19.3367182035899,5.9092178750291,13.6869602995081,0.00027987844913909,0.0167295681097597,"ok"
1,"broad",0,"mlma",NA,NA,5000,5000,0,0,0,-3.14888709355248e-05,-3.14888709355248e-05,0.00419960246129072,0.0648043398337698,0.0639165720057808,0.98630079667093,0.0647978667268257,0.942,0.058,0.00330563155841664,0.058,NA,NA,NA,NA,NA,NA,0,0,0.313418000000003,"broad",NA,NA,36,27,9,9961,159,"n_minority",0.601719927269296,"independent",0.528381075495854,0.146718092065479,0.0661716804737225,14291.9185535866,19.3367182035899,5.9092178750291,13.6869602995081,0.00027987844913909,0.0167295681097597,"ok"
1,"broad",0,"mlma_cr2",NA,NA,5000,5000,0,0,0,-3.14888709355248e-05,-3.14888709355248e-05,0.00419960246129072,0.0648043398337698,0.0627634646246445,0.968507121369335,0.0647978667268257,0.9486,0.0514,0.00312275647465504,0.0514,NA,13.0528517967948,13.0697975619924,0.15288915206854,12.0781293649548,13.4244697026499,0,0,0.339436000000002,"broad",NA,NA,36,27,9,9961,159,"n_minority",0.601719927269296,"independent",0.528381075495854,0.146718092065479,0.0661716804737225,14291.9185535866,19.3367182035899,5.9092178750291,13.6869602995081,0.00027987844913909,0.0167295681097597,"ok"
1,"broad",0.05,"aggregate_hksj",NA,NA,5000,5000,0,0,0,0.0499076961898245,-9.23038101754703e-05,0.00421072614874092,0.0648901082503406,0.063335183271879,0.976037565348746,0.0648836845709655,0.9478,0.123,0.00464480354805238,NA,0.123,34,34,0,34,34,0,0,0.0398660000000147,"broad",NA,NA,36,27,9,9961,159,"n_minority",0.601719927269296,"independent",0.528381075495854,0.146718092065479,0.0661716804737225,14291.9185535866,19.3367182035899,5.9092178750291,13.6869602995081,0.00027987844913909,0.0167295681097597,"ok"
1,"broad",0.05,"che_rve",NA,NA,5000,5000,0,0,0,0.0499695693824448,-3.04306175552063e-05,0.00420426371247851,0.0648402938956827,0.0625918922208038,0.965324005494235,0.064833816683568,0.9472,0.1112,0.00444599955015742,NA,0.1112,13.0676770049378,13.0935104802968,0.181228790431613,11.7247225939933,13.4680313136299,0,0,0.386179999999987,"broad",NA,NA,36,27,9,9961,159,"n_minority",0.601719927269296,"independent",0.528381075495854,0.146718092065479,0.0661716804737225,14291.9185535866,19.3367182035899,5.9092178750291,13.6869602995081,0.00027987844913909,0.0167295681097597,"ok"
1,"broad",0.05,"mlma",NA,NA,5000,5000,0,0,0,0.0499685111283308,-3.14888716691566e-05,0.0041996024616494,0.0648043398365372,0.0639165720130753,0.986300796741373,0.0647978667295931,0.942,0.1358,0.00484475716625715,NA,0.1358,NA,NA,NA,NA,NA,0,0,0.312989999999996,"broad",NA,NA,36,27,9,9961,159,"n_minority",0.601719927269296,"independent",0.528381075495854,0.146718092065479,0.0661716804737225,14291.9185535866,19.3367182035899,5.9092178750291,13.6869602995081,0.00027987844913909,0.0167295681097597,"ok"
1,"broad",0.05,"mlma_cr2",NA,NA,5000,5000,0,0,0,0.0499685111283308,-3.14888716691566e-05,0.0041996024616494,0.0648043398365372,0.0627634646236079,0.96850712131198,0.0647978667295931,0.9486,0.1146,0.0045048160894758,NA,0.1146,13.0528517970073,13.0697975646717,0.152889152139178,12.0781293654641,13.4244697032898,0,0,0.339123999999997,"broad",NA,NA,36,27,9,9961,159,"n_minority",0.601719927269296,"independent",0.528381075495854,0.146718092065479,0.0661716804737225,14291.9185535866,19.3367182035899,5.9092178750291,13.6869602995081,0.00027987844913909,0.0167295681097597,"ok"
1,"broad",0.1,"aggregate_hksj",NA,NA,5000,5000,0,0,0,0.0999076961898245,-9.23038101754703e-05,0.00421072614874092,0.0648901082503406,0.063335183271879,0.976037565348746,0.0648836845709655,0.9478,0.335,0.00667495318335642,NA,0.335,34,34,0,34,34,0,0,0.0400120000000052,"broad",NA,NA,36,27,9,9961,159,"n_minority",0.601719927269296,"independent",0.528381075495854,0.146718092065479,0.0661716804737225,14291.9185535866,19.3367182035899,5.9092178750291,13.6869602995081,0.00027987844913909,0.0167295681097597,"ok"
1,"broad",0.1,"che_rve",NA,NA,5000,5000,0,0,0,0.0999695693790633,-3.04306209367167e-05,0.00420426371230144,0.0648402938943173,0.0625918922205137,0.965324005510088,0.0648338166822043,0.9472,0.3108,0.00654527860369595,NA,0.3108,13.0676770050902,13.0935104808801,0.18122879064946,11.7247226152084,13.4680313136945,0,0,0.386012000000001,"broad",NA,NA,36,27,9,9961,159,"n_minority",0.601719927269296,"independent",0.528381075495854,0.146718092065479,0.0661716804737225,14291.9185535866,19.3367182035899,5.9092178750291,13.6869602995081,0.00027987844913909,0.0167295681097597,"ok"
1,"broad",0.1,"mlma",NA,NA,5000,5000,0,0,0,0.0999685111292427,-3.1488870757268e-05,0.00419960246157518,0.0648043398359645,0.0639165720156541,0.986300796789881,0.0647978667290201,0.942,0.3554,0.00676891187710403,NA,0.3554,NA,NA,NA,NA,NA,0,0,0.312385999999995,"broad",NA,NA,36,27,9,9961,159,"n_minority",0.601719927269296,"independent",0.528381075495854,0.146718092065479,0.0661716804737225,14291.9185535866,19.3367182035899,5.9092178750291,13.6869602995081,0.00027987844913909,0.0167295681097597,"ok"
1,"broad",0.1,"mlma_cr2",NA,NA,5000,5000,0,0,0,0.0999685111292427,-3.1488870757268e-05,0.00419960246157518,0.0648043398359645,0.0627634646245708,0.968507121335397,0.0647978667290201,0.9486,0.3084,0.00653130063616735,NA,0.3084,13.0528517970298,13.0697975649183,0.152889152111037,12.0781293660885,13.4244697037985,0,0,0.338538000000002,"broad",NA,NA,36,27,9,9961,159,"n_minority",0.601719927269296,"independent",0.528381075495854,0.146718092065479,0.0661716804737225,14291.9185535866,19.3367182035899,5.9092178750291,13.6869602995081,0.00027987844913909,0.0167295681097597,"ok"
1,"broad",0.2,"aggregate_hksj",NA,NA,5000,5000,0,0,0,0.199907696189825,-9.23038101754703e-05,0.00421072614874092,0.0648901082503406,0.063335183271879,0.976037565348746,0.0648836845709655,0.9478,0.8588,0.00492468394924994,NA,0.8588,34,34,0,34,34,0,0,0.0396320000000039,"broad",NA,NA,36,27,9,9961,159,"n_minority",0.601719927269296,"independent",0.528381075495854,0.146718092065479,0.0661716804737225,14291.9185535866,19.3367182035899,5.9092178750291,13.6869602995081,0.00027987844913909,0.0167295681097597,"ok"
1,"broad",0.2,"che_rve",NA,NA,5000,5000,0,0,0,0.19996956937784,-3.04306221602935e-05,0.00420426371249749,0.0648402938958291,0.0625918922212592,0.965324005499079,0.0648338166837165,0.9472,0.826,0.00536141772295351,NA,0.826,13.0676770050489,13.0935104803032,0.181228790408191,11.724722594062,13.4680313136826,0,0,0.386405999999992,"broad",NA,NA,36,27,9,9961,159,"n_minority",0.601719927269296,"independent",0.528381075495854,0.146718092065479,0.0661716804737225,14291.9185535866,19.3367182035899,5.9092178750291,13.6869602995081,0.00027987844913909,0.0167295681097597,"ok"
1,"broad",0.2,"mlma",NA,NA,5000,5000,0,0,0,0.19996851112695,-3.14888730499896e-05,0.00419960246222355,0.064804339840967,0.063916571999267,0.986300796460875,0.0647978667340232,0.942,0.8676,0.00479312507660712,NA,0.8676,NA,NA,NA,NA,NA,0,0,0.312622000000004,"broad",NA,NA,36,27,9,9961,159,"n_minority",0.601719927269296,"independent",0.528381075495854,0.146718092065479,0.0661716804737225,14291.9185535866,19.3367182035899,5.9092178750291,13.6869602995081,0.00027987844913909,0.0167295681097597,"ok"
1,"broad",0.2,"mlma_cr2",NA,NA,5000,5000,0,0,0,0.19996851112695,-3.14888730499896e-05,0.00419960246222355,0.064804339840967,0.0627634646239904,0.968507121251678,0.0647978667340232,0.9486,0.822,0.0054095471159793,NA,0.822,13.052851796589,13.0697975644619,0.152889152389142,12.0781293643269,13.4244697039343,0,0,0.338988000000001,"broad",NA,NA,36,27,9,9961,159,"n_minority",0.601719927269296,"independent",0.528381075495854,0.146718092065479,0.0661716804737225,14291.9185535866,19.3367182035899,5.9092178750291,13.6869602995081,0.00027987844913909,0.0167295681097597,"ok"
2,"broad",0,"aggregate_hksj",NA,NA,5000,5000,0,0,0,0.000527761007283975,0.000527761007283975,0.00189557095765803,0.0435381551935544,0.0437035464025088,1.00379876474369,0.0435370000705987,0.9516,0.0484,0.00303504332753257,0.0484,NA,70,70,0,70,70,0,0,0.0673359999999822,"broad",NA,NA,72,50,22,12194,332,"n_majority",0.521268129811506,"negative",0.37844381217612,0.134981860155822,0.126372454819968,12351.4844562263,45.6039995825514,17.7575436249841,28.340304359957,0.000323847713542125,0.0179957693234306,"ok"
2,"broad",0,"che_rve",NA,NA,5000,5000,0,0,0,0.000507431158734725,0.000507431158734725,0.00186124560485822,0.0431421557743493,0.0427402137879089,0.990683312430126,0.0431408257004674,0.9482,0.0518,0.0031342227106573,0.0518,NA,39.2884096540826,39.3162791005396,0.208680735164918,37.5705939373639,39.8226505697779,0,0,0.554285999999977,"broad",NA,NA,72,50,22,12194,332,"n_majority",0.521268129811506,"negative",0.37844381217612,0.134981860155822,0.126372454819968,12351.4844562263,45.6039995825514,17.7575436249841,28.340304359957,0.000323847713542125,0.0179957693234306,"ok"
2,"broad",0,"mlma",NA,NA,5000,5000,0,0,0,0.000463418183705905,0.000463418183705905,0.00187842192101404,0.0433407651180046,0.0423287191640367,0.976649098113234,0.0433389085354353,0.9398,0.0602,0.00336380617753164,0.0602,NA,NA,NA,NA,NA,NA,0,0,0.378720000000007,"broad",NA,NA,72,50,22,12194,332,"n_majority",0.521268129811506,"negative",0.37844381217612,0.134981860155822,0.126372454819968,12351.4844562263,45.6039995825514,17.7575436249841,28.340304359957,0.000323847713542125,0.0179957693234306,"ok"
2,"broad",0,"mlma_cr2",NA,NA,5000,5000,0,0,0,0.000463418183705905,0.000463418183705905,0.00187842192101404,0.0433407651180046,0.042922066119274,0.990339372237879,0.0433389085354353,0.9476,0.0524,0.00315132480077824,0.0524,NA,40.5929391131468,40.5986633668804,0.0219195272516435,40.3489673639697,40.6293157584699,0,0,0.426114000000027,"broad",NA,NA,72,50,22,12194,332,"n_majority",0.521268129811506,"negative",0.37844381217612,0.134981860155822,0.126372454819968,12351.4844562263,45.6039995825514,17.7575436249841,28.340304359957,0.000323847713542125,0.0179957693234306,"ok"
2,"broad",0.05,"aggregate_hksj",NA,NA,5000,5000,0,0,0,0.050527761007284,0.000527761007283974,0.00189557095765803,0.0435381551935544,0.0437035464025088,1.00379876474369,0.0435370000705987,0.9516,0.2062,0.00572156552003034,NA,0.2062,70,70,0,70,70,0,0,0.0672460000000567,"broad",NA,NA,72,50,22,12194,332,"n_majority",0.521268129811506,"negative",0.37844381217612,0.134981860155822,0.126372454819968,12351.4844562263,45.6039995825514,17.7575436249841,28.340304359957,0.000323847713542125,0.0179957693234306,"ok"
2,"broad",0.05,"che_rve",NA,NA,5000,5000,0,0,0,0.0505074311588827,0.000507431158882715,0.00186124560492794,0.0431421557751573,0.0427402137880481,0.9906833124148,0.0431408257012769,0.9482,0.2084,0.0057440306405868,NA,0.2084,39.2884096536239,39.3162790943414,0.208680735267158,37.570593944227,39.8226505704747,0,0,0.553091999999936,"broad",NA,NA,72,50,22,12194,332,"n_majority",0.521268129811506,"negative",0.37844381217612,0.134981860155822,0.126372454819968,12351.4844562263,45.6039995825514,17.7575436249841,28.340304359957,0.000323847713542125,0.0179957693234306,"ok"
2,"broad",0.05,"mlma",NA,NA,5000,5000,0,0,0,0.050463418185091,0.000463418185090964,0.00187842192078705,0.0433407651153859,0.0423287191627068,0.97664909814156,0.0433389085328319,0.9398,0.231,0.00596052011153389,NA,0.231,NA,NA,NA,NA,NA,0,0,0.377119999999966,"broad",NA,NA,72,50,22,12194,332,"n_majority",0.521268129811506,"negative",0.37844381217612,0.134981860155822,0.126372454819968,12351.4844562263,45.6039995825514,17.7575436249841,28.340304359957,0.000323847713542125,0.0179957693234306,"ok"
2,"broad",0.05,"mlma_cr2",NA,NA,5000,5000,0,0,0,0.050463418185091,0.000463418185090964,0.00187842192078705,0.0433407651153859,0.0429220661193284,0.990339372298972,0.0433389085328319,0.9476,0.204,0.00569884198763222,NA,0.204,40.5929391131663,40.5986633665153,0.0219195271770114,40.3489673641265,40.6293157584567,0,0,0.424455999999969,"broad",NA,NA,72,50,22,12194,332,"n_majority",0.521268129811506,"negative",0.37844381217612,0.134981860155822,0.126372454819968,12351.4844562263,45.6039995825514,17.7575436249841,28.340304359957,0.000323847713542125,0.0179957693234306,"ok"
2,"broad",0.1,"aggregate_hksj",NA,NA,5000,5000,0,0,0,0.100527761007284,0.000527761007283967,0.00189557095765803,0.0435381551935544,0.0437035464025088,1.00379876474369,0.0435370000705987,0.9516,0.625,0.00684653196881458,NA,0.625,70,70,0,70,70,0,0,0.0669020000000804,"broad",NA,NA,72,50,22,12194,332,"n_majority",0.521268129811506,"negative",0.37844381217612,0.134981860155822,0.126372454819968,12351.4844562263,45.6039995825514,17.7575436249841,28.340304359957,0.000323847713542125,0.0179957693234306,"ok"
2,"broad",0.1,"che_rve",NA,NA,5000,5000,0,0,0,0.100507431159099,0.000507431159099125,0.00186124560489207,0.0431421557747416,0.0427402137880265,0.990683312423844,0.0431408257008638,0.9482,0.6276,0.00683693264556555,NA,0.6276,39.288409653942,39.316279103933,0.208680735245353,37.5705939369499,39.8226505714292,0,0,0.553336000000031,"broad",NA,NA,72,50,22,12194,332,"n_majority",0.521268129811506,"negative",0.37844381217612,0.134981860155822,0.126372454819968,12351.4844562263,45.6039995825514,17.7575436249841,28.340304359957,0.000323847713542125,0.0179957693234306,"ok"
2,"broad",0.1,"mlma",NA,NA,5000,5000,0,0,0,0.100463418185018,0.000463418185017786,0.00187842192087476,0.0433407651163977,0.0423287191639338,0.97664909814707,0.0433389085338427,0.9398,0.6588,0.00670496174485731,NA,0.6588,NA,NA,NA,NA,NA,0,0,0.378227999999978,"broad",NA,NA,72,50,22,12194,332,"n_majority",0.521268129811506,"negative",0.37844381217612,0.134981860155822,0.126372454819968,12351.4844562263,45.6039995825514,17.7575436249841,28.340304359957,0.000323847713542125,0.0179957693234306,"ok"
2,"broad",0.1,"mlma_cr2",NA,NA,5000,5000,0,0,0,0.100463418185018,0.000463418185017786,0.00187842192087476,0.0433407651163977,0.0429220661190989,0.990339372270555,0.0433389085338427,0.9476,0.6236,0.00685161353259216,NA,0.6236,40.5929391131322,40.598663366465,0.0219195272546817,40.3489673648716,40.6293157584517,0,0,0.426231999999956,"broad",NA,NA,72,50,22,12194,332,"n_majority",0.521268129811506,"negative",0.37844381217612,0.134981860155822,0.126372454819968,12351.4844562263,45.6039995825514,17.7575436249841,28.340304359957,0.000323847713542125,0.0179957693234306,"ok"
2,"broad",0.2,"aggregate_hksj",NA,NA,5000,5000,0,0,0,0.200527761007284,0.000527761007283967,0.00189557095765803,0.0435381551935544,0.0437035464025088,1.00379876474369,0.0435370000705987,0.9516,0.9926,0.00121204290353106,NA,0.9926,70,70,0,70,70,0,0,0.0673800000000072,"broad",NA,NA,72,50,22,12194,332,"n_majority",0.521268129811506,"negative",0.37844381217612,0.134981860155822,0.126372454819968,12351.4844562263,45.6039995825514,17.7575436249841,28.340304359957,0.000323847713542125,0.0179957693234306,"ok"
2,"broad",0.2,"che_rve",NA,NA,5000,5000,0,0,0,0.200507431159304,0.000507431159304073,0.00186124560488495,0.0431421557746591,0.0427402137881756,0.990683312429194,0.0431408257007838,0.9482,0.993,0.00117906742809731,NA,0.993,39.2884096537966,39.3162790987391,0.208680735033502,37.5705939435047,39.822650571424,0,0,0.55321399999994,"broad",NA,NA,72,50,22,12194,332,"n_majority",0.521268129811506,"negative",0.37844381217612,0.134981860155822,0.126372454819968,12351.4844562263,45.6039995825514,17.7575436249841,28.340304359957,0.000323847713542125,0.0179957693234306,"ok"
2,"broad",0.2,"mlma",NA,NA,5000,5000,0,0,0,0.200463418185875,0.000463418185874559,0.00187842192103276,0.0433407651182205,0.0423287191684578,0.976649098210375,0.0433389085356744,0.9398,0.9956,0.000936017093861,NA,0.9956,NA,NA,NA,NA,NA,0,0,0.378321999999975,"broad",NA,NA,72,50,22,12194,332,"n_majority",0.521268129811506,"negative",0.37844381217612,0.134981860155822,0.126372454819968,12351.4844562263,45.6039995825514,17.7575436249841,28.340304359957,0.000323847713542125,0.0179957693234306,"ok"
2,"broad",0.2,"mlma_cr2",NA,NA,5000,5000,0,0,0,0.200463418185875,0.000463418185874559,0.00187842192103276,0.0433407651182205,0.0429220661190736,0.990339372228322,0.0433389085356744,0.9476,0.9934,0.00114511484140239,NA,0.9934,40.5929391131058,40.598663366476,0.0219195272448753,40.3489673646284,40.6293157584514,0,0,0.426132000000019,"broad",NA,NA,72,50,22,12194,332,"n_majority",0.521268129811506,"negative",0.37844381217612,0.134981860155822,0.126372454819968,12351.4844562263,45.6039995825514,17.7575436249841,28.340304359957,0.000323847713542125,0.0179957693234306,"ok"
3,"broad",0,"aggregate_hksj",NA,NA,5000,5000,0,0,0,0.000141374820183869,0.000141374820183869,0.00151683058896731,0.0389465093296859,0.0396725313927038,1.01864151821341,0.0389428711022864,0.953,0.047,0.00299302522541993,0.047,NA,58,58,0,58,58,0,0,0.0578859999999826,"broad",NA,NA,60,41,19,25460,322,"nk_minority",0.875806031678658,"independent",0.428818386686035,0.123539096849214,0.119197474338929,39873.1246505416,36.1756629262617,16.8621304424385,42.2893252327221,0.000100318197659628,0.0100158972468585,"ok"
3,"broad",0,"che_rve",NA,NA,5000,5000,0,0,0,0.000167098439841183,0.000167098439841183,0.00150734475918186,0.0388245381064844,0.0384882875549242,0.991339225964827,0.0388210150835681,0.949,0.051,0.00311123769583746,0.051,NA,37.9160233855573,37.8564551914472,0.517860545062866,36.6539113328544,40.2396762217634,0,0,0.528154000000042,"broad",NA,NA,60,41,19,25460,322,"nk_minority",0.875806031678658,"independent",0.428818386686035,0.123539096849214,0.119197474338929,39873.1246505416,36.1756629262617,16.8621304424385,42.2893252327221,0.000100318197659628,0.0100158972468585,"ok"
3,"broad",0,"mlma",NA,NA,5000,5000,0,0,0,0.00016298732000833,0.00016298732000833,0.00150983594029244,0.0388566074212925,0.0387456812671726,0.997145243460984,0.0388530634309686,0.9434,0.0566,0.00326791799162709,0.0566,NA,NA,NA,NA,NA,NA,0,0,0.367519999999939,"broad",NA,NA,60,41,19,25460,322,"nk_minority",0.875806031678658,"independent",0.428818386686035,0.123539096849214,0.119197474338929,39873.1246505416,36.1756629262617,16.8621304424385,42.2893252327221,0.000100318197659628,0.0100158972468585,"ok"
3,"broad",0,"mlma_cr2",NA,NA,5000,5000,0,0,0,0.00016298732000833,0.00016298732000833,0.00150983594029244,0.0388566074212925,0.0384946806222346,0.990685579028199,0.0388530634309686,0.9488,0.0512,0.0031170036894428,0.0512,NA,37.4013857217612,37.3635715228922,0.400228840948494,36.3983880698627,39.0796229482709,0,0,0.409593999999997,"broad",NA,NA,60,41,19,25460,322,"nk_minority",0.875806031678658,"independent",0.428818386686035,0.123539096849214,0.119197474338929,39873.1246505416,36.1756629262617,16.8621304424385,42.2893252327221,0.000100318197659628,0.0100158972468585,"ok"
3,"broad",0.05,"aggregate_hksj",NA,NA,5000,5000,0,0,0,0.0501413748201839,0.000141374820183865,0.00151683058896731,0.0389465093296859,0.0396725313927038,1.01864151821341,0.0389428711022864,0.953,0.2334,0.00598204714123852,NA,0.2334,58,58,0,58,58,0,0,0.0579319999999832,"broad",NA,NA,60,41,19,25460,322,"nk_minority",0.875806031678658,"independent",0.428818386686035,0.123539096849214,0.119197474338929,39873.1246505416,36.1756629262617,16.8621304424385,42.2893252327221,0.000100318197659628,0.0100158972468585,"ok"
3,"broad",0.05,"che_rve",NA,NA,5000,5000,0,0,0,0.0501670984395184,0.000167098439518398,0.0015073447591412,0.0388245381059607,0.0384882875548739,0.991339225976902,0.0388210150830431,0.949,0.2438,0.00607225757029459,NA,0.2438,37.9160233858201,37.8564551916273,0.517860546136541,36.6539113324708,40.2396762210019,0,0,0.528251999999944,"broad",NA,NA,60,41,19,25460,322,"nk_minority",0.875806031678658,"independent",0.428818386686035,0.123539096849214,0.119197474338929,39873.1246505416,36.1756629262617,16.8621304424385,42.2893252327221,0.000100318197659628,0.0100158972468585,"ok"
3,"broad",0.05,"mlma",NA,NA,5000,5000,0,0,0,0.0501629873203503,0.00016298732035025,0.00150983594030095,0.038856607421402,0.0387456812665411,0.997145243441924,0.0388530634310795,0.9434,0.2606,0.00620786017883779,NA,0.2606,NA,NA,NA,NA,NA,0,0,0.365202000000027,"broad",NA,NA,60,41,19,25460,322,"nk_minority",0.875806031678658,"independent",0.428818386686035,0.123539096849214,0.119197474338929,39873.1246505416,36.1756629262617,16.8621304424385,42.2893252327221,0.000100318197659628,0.0100158972468585,"ok"
3,"broad",0.05,"mlma_cr2",NA,NA,5000,5000,0,0,0,0.0501629873203503,0.00016298732035025,0.00150983594030095,0.038856607421402,0.0384946806222835,0.990685579026667,0.0388530634310795,0.9488,0.2428,0.00606379683036957,NA,0.2428,37.4013857217877,37.3635715233372,0.400228840797982,36.3983880708194,39.0796229492201,0,0,0.40677000000007,"broad",NA,NA,60,41,19,25460,322,"nk_minority",0.875806031678658,"independent",0.428818386686035,0.123539096849214,0.119197474338929,39873.1246505416,36.1756629262617,16.8621304424385,42.2893252327221,0.000100318197659628,0.0100158972468585,"ok"
3,"broad",0.1,"aggregate_hksj",NA,NA,5000,5000,0,0,0,0.100141374820184,0.000141374820183865,0.00151683058896731,0.0389465093296859,0.0396725313927038,1.01864151821341,0.0389428711022864,0.953,0.6988,0.00648812083734574,NA,0.6988,58,58,0,58,58,0,0,0.0579959999999861,"broad",NA,NA,60,41,19,25460,322,"nk_minority",0.875806031678658,"independent",0.428818386686035,0.123539096849214,0.119197474338929,39873.1246505416,36.1756629262617,16.8621304424385,42.2893252327221,0.000100318197659628,0.0100158972468585,"ok"
3,"broad",0.1,"che_rve",NA,NA,5000,5000,0,0,0,0.100167098439876,0.000167098439875682,0.00150734475912316,0.0388245381057284,0.0384882875551287,0.991339225989397,0.0388210150828123,0.949,0.7112,0.00640928326726164,NA,0.7112,37.9160233862589,37.8564551914057,0.517860544933514,36.6539113312706,40.2396762286558,0,0,0.528884000000043,"broad",NA,NA,60,41,19,25460,322,"nk_minority",0.875806031678658,"independent",0.428818386686035,0.123539096849214,0.119197474338929,39873.1246505416,36.1756629262617,16.8621304424385,42.2893252327221,0.000100318197659628,0.0100158972468585,"ok"
3,"broad",0.1,"mlma",NA,NA,5000,5000,0,0,0,0.100162987319083,0.000162987319083277,0.00150983594026825,0.0388566074209812,0.038745681260005,0.997145243284511,0.0388530634306535,0.9434,0.7308,0.00627266067948841,NA,0.7308,NA,NA,NA,NA,NA,0,0,0.36613199999997,"broad",NA,NA,60,41,19,25460,322,"nk_minority",0.875806031678658,"independent",0.428818386686035,0.123539096849214,0.119197474338929,39873.1246505416,36.1756629262617,16.8621304424385,42.2893252327221,0.000100318197659628,0.0100158972468585,"ok"
3,"broad",0.1,"mlma_cr2",NA,NA,5000,5000,0,0,0,0.100162987319083,0.000162987319083277,0.00150983594026825,0.0388566074209812,0.0384946806219676,0.990685579029265,0.0388530634306535,0.9488,0.711,0.00641060059588803,NA,0.711,37.4013857224749,37.3635715211006,0.400228841540479,36.3983880696644,39.0796229497256,0,0,0.408137999999942,"broad",NA,NA,60,41,19,25460,322,"nk_minority",0.875806031678658,"independent",0.428818386686035,0.123539096849214,0.119197474338929,39873.1246505416,36.1756629262617,16.8621304424385,42.2893252327221,0.000100318197659628,0.0100158972468585,"ok"
3,"broad",0.2,"aggregate_hksj",NA,NA,5000,5000,0,0,0,0.200141374820184,0.000141374820183865,0.00151683058896731,0.0389465093296859,0.0396725313927038,1.01864151821341,0.0389428711022864,0.953,0.9988,0.000489603921552918,NA,0.9988,58,58,0,58,58,0,0,0.0578619999999879,"broad",NA,NA,60,41,19,25460,322,"nk_minority",0.875806031678658,"independent",0.428818386686035,0.123539096849214,0.119197474338929,39873.1246505416,36.1756629262617,16.8621304424385,42.2893252327221,0.000100318197659628,0.0100158972468585,"ok"
3,"broad",0.2,"che_rve",NA,NA,5000,5000,0,0,0,0.200167098439631,0.000167098439630975,0.00150734475910875,0.0388245381055429,0.038488287555011,0.991339225991104,0.0388210150826257,0.949,0.9996,0.000282786138274123,NA,0.9996,37.9160233859459,37.8564551917161,0.517860545126664,36.6539113317518,40.23967622736,0,0,0.528859999999953,"broad",NA,NA,60,41,19,25460,322,"nk_minority",0.875806031678658,"independent",0.428818386686035,0.123539096849214,0.119197474338929,39873.1246505416,36.1756629262617,16.8621304424385,42.2893252327221,0.000100318197659628,0.0100158972468585,"ok"
3,"broad",0.2,"mlma",NA,NA,5000,5000,0,0,0,0.200162987320344,0.00016298732034406,0.00150983594026776,0.0388566074209749,0.0387456812651596,0.997145243417328,0.0388530634306525,0.9434,0.9998,0.000199979998999889,NA,0.9998,NA,NA,NA,NA,NA,0,0,0.365878000000001,"broad",NA,NA,60,41,19,25460,322,"nk_minority",0.875806031678658,"independent",0.428818386686035,0.123539096849214,0.119197474338929,39873.1246505416,36.1756629262617,16.8621304424385,42.2893252327221,0.000100318197659628,0.0100158972468585,"ok"
3,"broad",0.2,"mlma_cr2",NA,NA,5000,5000,0,0,0,0.200162987320344,0.00016298732034406,0.00150983594026776,0.0388566074209749,0.0384946806222085,0.990685579035624,0.0388530634306525,0.9488,0.9996,0.000282786138274123,NA,0.9996,37.4013857218531,37.363571521877,0.400228840578457,36.398388071458,39.0796229495559,0,0,0.408116000000088,"broad",NA,NA,60,41,19,25460,322,"nk_minority",0.875806031678658,"independent",0.428818386686035,0.123539096849214,0.119197474338929,39873.1246505416,36.1756629262617,16.8621304424385,42.2893252327221,0.000100318197659628,0.0100158972468585,"ok"
4,"broad",0,"aggregate_hksj",NA,NA,5000,5000,0,0,0,-0.000892086346398492,-0.000892086346398492,0.00296784168323484,0.0544779008703056,0.0523238845115601,0.9604607313363,0.0544797570933243,0.938,0.062,0.00341045451516363,0.062,NA,70,70,0,70,70,0,0,0.0683100000000704,"broad",NA,NA,72,55,17,36585,245,"n_majority",0.659044230544241,"positive",0.41817113694502,0.163687455617764,0.10674967614701,27417.6728517442,32.6196794963293,6.84974805969533,7.82179245855678,0.00014589130235922,0.0120785471957194,"ok"
4,"broad",0,"che_rve",NA,NA,5000,5000,0,0,0,-0.000934241882355324,-0.000934241882355324,0.00294137182378795,0.0542344154922679,0.0532665721929241,0.982154443989872,0.0542370386112474,0.9458,0.0542,0.00320194815698193,0.0542,NA,23.6383979361486,23.7103258443727,0.603745361363853,19.469459846874,25.0777662252417,0,0,0.501843999999973,"broad",NA,NA,72,55,17,36585,245,"n_majority",0.659044230544241,"positive",0.41817113694502,0.163687455617764,0.10674967614701,27417.6728517442,32.6196794963293,6.84974805969533,7.82179245855678,0.00014589130235922,0.0120785471957194,"ok"
4,"broad",0,"mlma",NA,NA,5000,5000,0,0,0,-0.00093343216916578,-0.00093343216916578,0.0029416188274452,0.0542366926300379,0.0536121169325107,0.988484259138226,0.0542393012426796,0.9404,0.0596,0.00334806929438445,0.0596,NA,NA,NA,NA,NA,NA,0,0,0.33068599999997,"broad",NA,NA,72,55,17,36585,245,"n_majority",0.659044230544241,"positive",0.41817113694502,0.163687455617764,0.10674967614701,27417.6728517442,32.6196794963293,6.84974805969533,7.82179245855678,0.00014589130235922,0.0120785471957194,"ok"
4,"broad",0,"mlma_cr2",NA,NA,5000,5000,0,0,0,-0.00093343216916578,-0.00093343216916578,0.0029416188274452,0.0542366926300379,0.0532708965049949,0.982192938429508,0.0542393012426796,0.9456,0.0544,0.0032075111847038,0.0544,NA,23.6203074948446,23.6915383791057,0.599242822280967,19.5937249138456,25.0523054727317,0,0,0.376184000000072,"broad",NA,NA,72,55,17,36585,245,"n_majority",0.659044230544241,"positive",0.41817113694502,0.163687455617764,0.10674967614701,27417.6728517442,32.6196794963293,6.84974805969533,7.82179245855678,0.00014589130235922,0.0120785471957194,"ok"
4,"broad",0.05,"aggregate_hksj",NA,NA,5000,5000,0,0,0,0.0491079136536015,-0.000892086346398493,0.00296784168323484,0.0544779008703056,0.0523238845115601,0.9604607313363,0.0544797570933243,0.938,0.1604,0.00518983313797274,NA,0.1604,70,70,0,70,70,0,0,0.0683140000000669,"broad",NA,NA,72,55,17,36585,245,"n_majority",0.659044230544241,"positive",0.41817113694502,0.163687455617764,0.10674967614701,27417.6728517442,32.6196794963293,6.84974805969533,7.82179245855678,0.00014589130235922,0.0120785471957194,"ok"
4,"broad",0.05,"che_rve",NA,NA,5000,5000,0,0,0,0.0490657581161086,-0.000934241883891448,0.0029413718238056,0.0542344154924306,0.0532665721926247,0.982154443981406,0.0542370386114365,0.9458,0.1392,0.0048953725088087,NA,0.1392,23.6383979356915,23.71032584519,0.603745362354865,19.469459851872,25.0777662259351,0,0,0.502843999999997,"broad",NA,NA,72,55,17,36585,245,"n_majority",0.659044230544241,"positive",0.41817113694502,0.163687455617764,0.10674967614701,27417.6728517442,32.6196794963293,6.84974805969533,7.82179245855678,0.00014589130235922,0.0120785471957194,"ok"
4,"broad",0.05,"mlma",NA,NA,5000,5000,0,0,0,0.0490665678299038,-0.000933432170096227,0.00294161882732713,0.0542366926289493,0.053612116934355,0.988484259192071,0.0542393012416074,0.9404,0.1508,0.0050608173252944,NA,0.1508,NA,NA,NA,NA,NA,0,0,0.329745999999889,"broad",NA,NA,72,55,17,36585,245,"n_majority",0.659044230544241,"positive",0.41817113694502,0.163687455617764,0.10674967614701,27417.6728517442,32.6196794963293,6.84974805969533,7.82179245855678,0.00014589130235922,0.0120785471957194,"ok"
4,"broad",0.05,"mlma_cr2",NA,NA,5000,5000,0,0,0,0.0490665678299038,-0.000933432170096227,0.00294161882732713,0.0542366926289493,0.0532708965040261,0.982192938431358,0.0542393012416074,0.9456,0.139,0.00489242271272628,NA,0.139,23.620307495276,23.6915383839597,0.599242823240598,19.5937249120332,25.0523054805528,0,0,0.375667999999945,"broad",NA,NA,72,55,17,36585,245,"n_majority",0.659044230544241,"positive",0.41817113694502,0.163687455617764,0.10674967614701,27417.6728517442,32.6196794963293,6.84974805969533,7.82179245855678,0.00014589130235922,0.0120785471957194,"ok"
4,"broad",0.1,"aggregate_hksj",NA,NA,5000,5000,0,0,0,0.0991079136536015,-0.000892086346398493,0.00296784168323484,0.0544779008703056,0.0523238845115601,0.9604607313363,0.0544797570933243,0.938,0.4652,0.00705392032844148,NA,0.4652,70,70,0,70,70,0,0,0.068624000000034,"broad",NA,NA,72,55,17,36585,245,"n_majority",0.659044230544241,"positive",0.41817113694502,0.163687455617764,0.10674967614701,27417.6728517442,32.6196794963293,6.84974805969533,7.82179245855678,0.00014589130235922,0.0120785471957194,"ok"
4,"broad",0.1,"che_rve",NA,NA,5000,5000,0,0,0,0.0990657581160451,-0.000934241883954953,0.0029413718238286,0.0542344154926426,0.0532665721929871,0.982154443984247,0.0542370386116496,0.9458,0.4228,0.00698627454370353,NA,0.4228,23.6383979357615,23.7103258456193,0.603745361671182,19.4694598563975,25.0777662255608,0,0,0.50141400000006,"broad",NA,NA,72,55,17,36585,245,"n_majority",0.659044230544241,"positive",0.41817113694502,0.163687455617764,0.10674967614701,27417.6728517442,32.6196794963293,6.84974805969533,7.82179245855678,0.00014589130235922,0.0120785471957194,"ok"
4,"broad",0.1,"mlma",NA,NA,5000,5000,0,0,0,0.0990665678292788,-0.000933432170721241,0.00294161882722992,0.0542366926280532,0.0536121169364648,0.988484259247303,0.0542393012407223,0.9404,0.4624,0.00705104587986775,NA,0.4624,NA,NA,NA,NA,NA,0,0,0.331411999999944,"broad",NA,NA,72,55,17,36585,245,"n_majority",0.659044230544241,"positive",0.41817113694502,0.163687455617764,0.10674967614701,27417.6728517442,32.6196794963293,6.84974805969533,7.82179245855678,0.00014589130235922,0.0120785471957194,"ok"
4,"broad",0.1,"mlma_cr2",NA,NA,5000,5000,0,0,0,0.0990665678292788,-0.000933432170721241,0.00294161882722992,0.0542366926280532,0.0532708965039983,0.982192938447074,0.0542393012407223,0.9456,0.4232,0.00698715621694549,NA,0.4232,23.6203074952887,23.691538377501,0.599242823931615,19.593724916808,25.0523054696523,0,0,0.377175999999874,"broad",NA,NA,72,55,17,36585,245,"n_majority",0.659044230544241,"positive",0.41817113694502,0.163687455617764,0.10674967614701,27417.6728517442,32.6196794963293,6.84974805969533,7.82179245855678,0.00014589130235922,0.0120785471957194,"ok"
4,"broad",0.2,"aggregate_hksj",NA,NA,5000,5000,0,0,0,0.199107913653602,-0.00089208634639848,0.00296784168323484,0.0544779008703056,0.0523238845115601,0.9604607313363,0.0544797570933243,0.938,0.9574,0.00285605462132642,NA,0.9574,70,70,0,70,70,0,0,0.068764000000016,"broad",NA,NA,72,55,17,36585,245,"n_majority",0.659044230544241,"positive",0.41817113694502,0.163687455617764,0.10674967614701,27417.6728517442,32.6196794963293,6.84974805969533,7.82179245855678,0.00014589130235922,0.0120785471957194,"ok"
4,"broad",0.2,"che_rve",NA,NA,5000,5000,0,0,0,0.199065758116123,-0.000934241883877335,0.00294137182390657,0.0542344154933615,0.0532665721931029,0.982154443973364,0.0542370386123669,0.9458,0.9432,0.00327333957908433,NA,0.9432,23.6383979363205,23.7103258461302,0.60374536122599,19.4694598519029,25.0777662260059,0,0,0.501993999999994,"broad",NA,NA,72,55,17,36585,245,"n_majority",0.659044230544241,"positive",0.41817113694502,0.163687455617764,0.10674967614701,27417.6728517442,32.6196794963293,6.84974805969533,7.82179245855678,0.00014589130235922,0.0120785471957194,"ok"
4,"broad",0.2,"mlma",NA,NA,5000,5000,0,0,0,0.199066567829151,-0.000933432170848875,0.00294161882715234,0.054236692627338,0.0536121169379946,0.988484259288544,0.0542393012400094,0.9404,0.9572,0.00286245209566902,NA,0.9572,NA,NA,NA,NA,NA,0,0,0.331028000000062,"broad",NA,NA,72,55,17,36585,245,"n_majority",0.659044230544241,"positive",0.41817113694502,0.163687455617764,0.10674967614701,27417.6728517442,32.6196794963293,6.84974805969533,7.82179245855678,0.00014589130235922,0.0120785471957194,"ok"
4,"broad",0.2,"mlma_cr2",NA,NA,5000,5000,0,0,0,0.199066567829151,-0.000933432170848875,0.00294161882715234,0.054236692627338,0.0532708965040654,0.982192938461263,0.0542393012400094,0.9456,0.943,0.00327874976172321,NA,0.943,23.6203074958579,23.6915383764713,0.599242822857901,19.5937249177452,25.0523054753176,0,0,0.376820000000001,"broad",NA,NA,72,55,17,36585,245,"n_majority",0.659044230544241,"positive",0.41817113694502,0.163687455617764,0.10674967614701,27417.6728517442,32.6196794963293,6.84974805969533,7.82179245855678,0.00014589130235922,0.0120785471957194,"ok"
5,"broad",0,"aggregate_hksj",NA,NA,5000,5000,0,0,0,-0.000513826280496027,-0.000513826280496027,0.00227520212947416,0.0476990789164127,0.0483483919632796,1.01361269570854,0.047697076498406,0.9562,0.0438,0.00289418589589542,0.0438,NA,94,94,0,94,94,0,0,0.0908119999998511,"broad",NA,NA,96,66,30,14650,593,"n_majority",0.69960644200517,"negative",0.592471749645192,0.184341202856973,0.116892401734658,11962.4234025281,49.1418091933105,16.1644355500067,21.2857484152546,0.000334380406494779,0.018286071379462,"ok"
5,"broad",0,"che_rve",NA,NA,5000,5000,0,0,0,-0.000481457205027927,-0.000481457205027927,0.00227660386359867,0.0477137701675173,0.0482562756151379,1.0113699975021,0.0477114278120684,0.9552,0.0448,0.00292550713552369,0.0448,NA,50.5102743061333,50.5586057739808,0.79720534059159,46.948654458508,52.6801729237422,0,0,0.846816000000102,"broad",NA,NA,96,66,30,14650,593,"n_majority",0.69960644200517,"negative",0.592471749645192,0.184341202856973,0.116892401734658,11962.4234025281,49.1418091933105,16.1644355500067,21.2857484152546,0.000334380406494779,0.018286071379462,"ok"
5,"broad",0,"mlma",NA,NA,5000,5000,0,0,0,-0.000449290335614326,-0.000449290335614326,0.00232325367422627,0.0482001418486115,0.0469469271869234,0.973999772332117,0.0481974157533068,0.9424,0.0576,0.00329491244193226,0.0576,NA,NA,NA,NA,NA,NA,0,0,0.51492199999989,"broad",NA,NA,96,66,30,14650,593,"n_majority",0.69960644200517,"negative",0.592471749645192,0.184341202856973,0.116892401734658,11962.4234025281,49.1418091933105,16.1644355500067,21.2857484152546,0.000334380406494779,0.018286071379462,"ok"
5,"broad",0,"mlma_cr2",NA,NA,5000,5000,0,0,0,-0.000449290335614326,-0.000449290335614326,0.00232325367422627,0.0482001418486115,0.0486902601225517,1.01016839899516,0.0481974157533068,0.9524,0.0476,0.00301112072159188,0.0476,NA,56.0295785702667,56.0313746798063,0.0748868755067712,55.6425930560047,56.2862052747085,0,0,0.582167999999895,"broad",NA,NA,96,66,30,14650,593,"n_majority",0.69960644200517,"negative",0.592471749645192,0.184341202856973,0.116892401734658,11962.4234025281,49.1418091933105,16.1644355500067,21.2857484152546,0.000334380406494779,0.018286071379462,"ok"
5,"broad",0.05,"aggregate_hksj",NA,NA,5000,5000,0,0,0,0.049486173719504,-0.000513826280496024,0.00227520212947416,0.0476990789164127,0.0483483919632796,1.01361269570854,0.047697076498406,0.9562,0.1708,0.00532216797931069,NA,0.1708,94,94,0,94,94,0,0,0.0909340000000171,"broad",NA,NA,96,66,30,14650,593,"n_majority",0.69960644200517,"negative",0.592471749645192,0.184341202856973,0.116892401734658,11962.4234025281,49.1418091933105,16.1644355500067,21.2857484152546,0.000334380406494779,0.018286071379462,"ok"
5,"broad",0.05,"che_rve",NA,NA,5000,5000,0,0,0,0.0495185427862687,-0.000481457213731287,0.00227660386477583,0.0477137701798531,0.048256275618674,1.01136999731474,0.0477114278244902,0.9552,0.168,0.00528726772539466,NA,0.168,50.5102742954055,50.5586057743821,0.797205329434946,46.9486544492753,52.6801729175211,0,0,0.848613999999964,"broad",NA,NA,96,66,30,14650,593,"n_majority",0.69960644200517,"negative",0.592471749645192,0.184341202856973,0.116892401734658,11962.4234025281,49.1418091933105,16.1644355500067,21.2857484152546,0.000334380406494779,0.018286071379462,"ok"
5,"broad",0.05,"mlma",NA,NA,5000,5000,0,0,0,0.0495507096648226,-0.000449290335177356,0.00232325367415435,0.0482001418478655,0.0469469272158241,0.973999772946791,0.0481974157525567,0.9424,0.1964,0.00561831006620318,NA,0.1964,NA,NA,NA,NA,NA,0,0,0.508164000000025,"broad",NA,NA,96,66,30,14650,593,"n_majority",0.69960644200517,"negative",0.592471749645192,0.184341202856973,0.116892401734658,11962.4234025281,49.1418091933105,16.1644355500067,21.2857484152546,0.000334380406494779,0.018286071379462,"ok"
5,"broad",0.05,"mlma_cr2",NA,NA,5000,5000,0,0,0,0.0495507096648226,-0.000449290335177356,0.00232325367415435,0.0482001418478655,0.0486902601218117,1.01016839899545,0.0481974157525567,0.9524,0.1712,0.00532711103695052,NA,0.1712,56.0295785710282,56.0313746794579,0.0748868768923187,55.6425930555073,56.2862052708444,0,0,0.575704000000036,"broad",NA,NA,96,66,30,14650,593,"n_majority",0.69960644200517,"negative",0.592471749645192,0.184341202856973,0.116892401734658,11962.4234025281,49.1418091933105,16.1644355500067,21.2857484152546,0.000334380406494779,0.018286071379462,"ok"
5,"broad",0.1,"aggregate_hksj",NA,NA,5000,5000,0,0,0,0.099486173719504,-0.000513826280496038,0.00227520212947416,0.0476990789164127,0.0483483919632796,1.01361269570854,0.047697076498406,0.9562,0.5276,0.00706028667973192,NA,0.5276,94,94,0,94,94,0,0,0.0905180000000575,"broad",NA,NA,96,66,30,14650,593,"n_majority",0.69960644200517,"negative",0.592471749645192,0.184341202856973,0.116892401734658,11962.4234025281,49.1418091933105,16.1644355500067,21.2857484152546,0.000334380406494779,0.018286071379462,"ok"
5,"broad",0.1,"che_rve",NA,NA,5000,5000,0,0,0,0.0995185427833776,-0.000481457216622447,0.00227660386492228,0.0477137701813877,0.0482562756184256,1.011369997277,0.0477114278260537,0.9552,0.5202,0.00706529489830396,NA,0.5202,50.5102743009476,50.5586057758159,0.79720532932673,46.9486544644223,52.6801729116061,0,0,0.850125999999896,"broad",NA,NA,96,66,30,14650,593,"n_majority",0.69960644200517,"negative",0.592471749645192,0.184341202856973,0.116892401734658,11962.4234025281,49.1418091933105,16.1644355500067,21.2857484152546,0.000334380406494779,0.018286071379462,"ok"
5,"broad",0.1,"mlma",NA,NA,5000,5000,0,0,0,0.0995507096629393,-0.000449290337060732,0.0023232536734705,0.0482001418407716,0.0469469270053745,0.973999768723979,0.0481974157454815,0.9424,0.5588,0.0070220019937337,NA,0.5588,NA,NA,NA,NA,NA,0,0,0.507353999999823,"broad",NA,NA,96,66,30,14650,593,"n_majority",0.69960644200517,"negative",0.592471749645192,0.184341202856973,0.116892401734658,11962.4234025281,49.1418091933105,16.1644355500067,21.2857484152546,0.000334380406494779,0.018286071379462,"ok"
5,"broad",0.1,"mlma_cr2",NA,NA,5000,5000,0,0,0,0.0995507096629393,-0.000449290337060732,0.0023232536734705,0.0482001418407716,0.048690260121243,1.01016839913232,0.0481974157454815,0.9524,0.517,0.0070669795528217,NA,0.517,56.0295785645589,56.0313746793093,0.0748868817048432,55.6425930549489,56.286205268038,0,0,0.574295999999924,"broad",NA,NA,96,66,30,14650,593,"n_majority",0.69960644200517,"negative",0.592471749645192,0.184341202856973,0.116892401734658,11962.4234025281,49.1418091933105,16.1644355500067,21.2857484152546,0.000334380406494779,0.018286071379462,"ok"
5,"broad",0.2,"aggregate_hksj",NA,NA,5000,5000,0,0,0,0.199486173719504,-0.000513826280496038,0.00227520212947416,0.0476990789164127,0.0483483919632796,1.01361269570854,0.047697076498406,0.9562,0.9842,0.00176353962246387,NA,0.9842,94,94,0,94,94,0,0,0.0908480000000243,"broad",NA,NA,96,66,30,14650,593,"n_majority",0.69960644200517,"negative",0.592471749645192,0.184341202856973,0.116892401734658,11962.4234025281,49.1418091933105,16.1644355500067,21.2857484152546,0.000334380406494779,0.018286071379462,"ok"
5,"broad",0.2,"che_rve",NA,NA,5000,5000,0,0,0,0.199518542789893,-0.000481457210107061,0.00227660386314992,0.0477137701628149,0.0482562756150274,1.01136999759946,0.0477114278074179,0.9552,0.9836,0.00179616480312915,NA,0.9836,50.5102743164272,50.5586057720206,0.797205352599106,46.9486544446955,52.6801729200347,0,0,0.848935999999917,"broad",NA,NA,96,66,30,14650,593,"n_majority",0.69960644200517,"negative",0.592471749645192,0.184341202856973,0.116892401734658,11962.4234025281,49.1418091933105,16.1644355500067,21.2857484152546,0.000334380406494779,0.018286071379462,"ok"
5,"broad",0.2,"mlma",NA,NA,5000,5000,0,0,0,0.199550709663195,-0.000449290336805158,0.00232325367519524,0.048200141858663,0.0469469273943544,0.973999776432539,0.0481974157633679,0.9424,0.9874,0.00157741814367656,NA,0.9874,NA,NA,NA,NA,NA,0,0,0.508958000000054,"broad",NA,NA,96,66,30,14650,593,"n_majority",0.69960644200517,"negative",0.592471749645192,0.184341202856973,0.116892401734658,11962.4234025281,49.1418091933105,16.1644355500067,21.2857484152546,0.000334380406494779,0.018286071379462,"ok"
5,"broad",0.2,"mlma_cr2",NA,NA,5000,5000,0,0,0,0.199550709663195,-0.000449290336805158,0.00232325367519524,0.048200141858663,0.0486902601207101,1.0101683987463,0.0481974157633679,0.9524,0.9814,0.0019107087690174,NA,0.9814,56.029578570752,56.0313746794023,0.0748868733405186,55.642593053629,56.286205266901,0,0,0.57627400000015,"broad",NA,NA,96,66,30,14650,593,"n_majority",0.69960644200517,"negative",0.592471749645192,0.184341202856973,0.116892401734658,11962.4234025281,49.1418091933105,16.1644355500067,21.2857484152546,0.000334380406494779,0.018286071379462,"ok"
6,"broad",0,"aggregate_hksj",NA,NA,5000,5000,0,0,0,-0.00124616836189991,-0.00124616836189991,0.00446049176919011,0.0667869131581188,0.0661558788522076,0.990551527596173,0.0667918603306007,0.948,0.052,0.00313993630508646,0.052,NA,70,70,0,70,70,0,0,0.0684619999998802,"broad",NA,NA,72,48,24,18347,298,"n_minority",0.760634647838742,"independent",0.213470312964637,0.231286168812134,0.187023835308442,25743.0445684125,44.0960749046357,20.2732490865408,46.5125693711712,0.000155381776594837,0.0124652226853289,"ok"
6,"broad",0,"che_rve",NA,NA,5000,4999,1,0,2e-04,-0.00121478928618552,-0.00121478928618552,0.00438613944421194,0.0662279355273282,0.0656025663880457,0.990557320950697,0.0662324524221492,0.9499899979996,0.0500100020004001,0.00308280733752209,0.0500100020004001,NA,44.3542199255537,44.4334218045915,0.549457439325457,41.1539202452449,45.6075744266531,0,0,0.564910982196295,"broad",NA,NA,72,48,24,18347,298,"n_minority",0.760634647838742,"independent",0.213470312964637,0.231286168812134,0.187023835308442,25743.0445684125,44.0960749046357,20.2732490865408,46.5125693711712,0.000155381776594837,0.0124652226853289,"ok"
6,"broad",0,"mlma",NA,NA,5000,5000,0,0,0,-0.00121815364763412,-0.00121815364763412,0.00438530441062543,0.0662216309873551,0.0658399379081175,0.994236126873552,0.0662262126959752,0.9456,0.0544,0.0032075111847038,0.0544,NA,NA,NA,NA,NA,NA,0,0,0.377259999999843,"broad",NA,NA,72,48,24,18347,298,"n_minority",0.760634647838742,"independent",0.213470312964637,0.231286168812134,0.187023835308442,25743.0445684125,44.0960749046357,20.2732490865408,46.5125693711712,0.000155381776594837,0.0124652226853289,"ok"
6,"broad",0,"mlma_cr2",NA,NA,5000,5000,0,0,0,-0.00121815364763412,-0.00121815364763412,0.00438530441062543,0.0662216309873551,0.0656034379228411,0.990664786485974,0.0662262126959752,0.9506,0.0494,0.0030646252625729,0.0494,NA,44.3149758655321,44.3923905051424,0.551156415704661,41.1236839204511,45.5712843825326,0,0,0.425444000000006,"broad",NA,NA,72,48,24,18347,298,"n_minority",0.760634647838742,"independent",0.213470312964637,0.231286168812134,0.187023835308442,25743.0445684125,44.0960749046357,20.2732490865408,46.5125693711712,0.000155381776594837,0.0124652226853289,"ok"
6,"broad",0.05,"aggregate_hksj",NA,NA,5000,5000,0,0,0,0.0487538316381001,-0.0012461683618999,0.00446049176919011,0.0667869131581188,0.0661558788522076,0.990551527596173,0.0667918603306007,0.948,0.1142,0.00449796309455736,NA,0.1142,70,70,0,70,70,0,0,0.0688580000001763,"broad",NA,NA,72,48,24,18347,298,"n_minority",0.760634647838742,"independent",0.213470312964637,0.231286168812134,0.187023835308442,25743.0445684125,44.0960749046357,20.2732490865408,46.5125693711712,0.000155381776594837,0.0124652226853289,"ok"
6,"broad",0.05,"che_rve",NA,NA,5000,4999,1,0,2e-04,0.0487908215579267,-0.00120917844207331,0.00438585838401874,0.066225813577628,0.0656016870031272,0.990575780941229,0.0662302283657341,0.9499899979996,0.114622924584917,0.00450565890201775,NA,0.114622924584917,44.3542360340802,44.4334218029941,0.549456782932199,41.1539202895433,45.6075744243524,0,0,0.565379075815062,"broad",NA,NA,72,48,24,18347,298,"n_minority",0.760634647838742,"independent",0.213470312964637,0.231286168812134,0.187023835308442,25743.0445684125,44.0960749046357,20.2732490865408,46.5125693711712,0.000155381776594837,0.0124652226853289,"ok"
6,"broad",0.05,"mlma",NA,NA,5000,4998,2,0,4e-04,0.0487661785550512,-0.00123382144494882,0.0043864348202785,0.0662301654858154,0.0658398335186507,0.994106432253317,0.0662350322534627,0.945578231292517,0.119447779111645,0.0045874196672061,NA,0.119447779111645,NA,NA,NA,NA,NA,0,0,0.376230492196732,"broad",NA,NA,72,48,24,18347,298,"n_minority",0.760634647838742,"independent",0.213470312964637,0.231286168812134,0.187023835308442,25743.0445684125,44.0960749046357,20.2732490865408,46.5125693711712,0.000155381776594837,0.0124652226853289,"ok"
6,"broad",0.05,"mlma_cr2",NA,NA,5000,4998,2,0,4e-04,0.0487661785550512,-0.00123382144494882,0.0043864348202785,0.0662301654858154,0.065602974082058,0.990530124767818,0.0662350322534627,0.950580232092837,0.114245698279312,0.00449964692723604,NA,0.114245698279312,44.3149626071719,44.3924811025918,0.551265679601875,41.123683988987,45.5712843777826,0,0,0.423883553421288,"broad",NA,NA,72,48,24,18347,298,"n_minority",0.760634647838742,"independent",0.213470312964637,0.231286168812134,0.187023835308442,25743.0445684125,44.0960749046357,20.2732490865408,46.5125693711712,0.000155381776594837,0.0124652226853289,"ok"
6,"broad",0.1,"aggregate_hksj",NA,NA,5000,5000,0,0,0,0.0987538316381001,-0.00124616836189992,0.00446049176919011,0.0667869131581188,0.0661558788522076,0.990551527596173,0.0667918603306007,0.948,0.3046,0.00650874550124676,NA,0.3046,70,70,0,70,70,0,0,0.068234000000087,"broad",NA,NA,72,48,24,18347,298,"n_minority",0.760634647838742,"independent",0.213470312964637,0.231286168812134,0.187023835308442,25743.0445684125,44.0960749046357,20.2732490865408,46.5125693711712,0.000155381776594837,0.0124652226853289,"ok"
6,"broad",0.1,"che_rve",NA,NA,5000,4999,1,0,2e-04,0.0987908215537549,-0.00120917844624512,0.00438585838375318,0.0662258135756231,0.0656016870041729,0.990575780987009,0.0662302283638058,0.9499899979996,0.305461092218444,0.00651455374940929,NA,0.305461092218444,44.3542360321329,44.4334218320842,0.549456783537036,41.1539202808782,45.6075744244524,0,0,0.564690938187469,"broad",NA,NA,72,48,24,18347,298,"n_minority",0.760634647838742,"independent",0.213470312964637,0.231286168812134,0.187023835308442,25743.0445684125,44.0960749046357,20.2732490865408,46.5125693711712,0.000155381776594837,0.0124652226853289,"ok"
6,"broad",0.1,"mlma",NA,NA,5000,4999,1,0,2e-04,0.0987852810433552,-0.00121471895664477,0.00438612282503509,0.0662278100576721,0.0658389276715282,0.994128110444763,0.0662323256962467,0.945589117823565,0.320664132826565,0.00660124568834989,NA,0.320664132826565,NA,NA,NA,NA,NA,0,0,0.376253250650223,"broad",NA,NA,72,48,24,18347,298,"n_minority",0.760634647838742,"independent",0.213470312964637,0.231286168812134,0.187023835308442,25743.0445684125,44.0960749046357,20.2732490865408,46.5125693711712,0.000155381776594837,0.0124652226853289,"ok"
6,"broad",0.1,"mlma_cr2",NA,NA,5000,4999,1,0,2e-04,0.0987852810433552,-0.00121471895664477,0.00438612282503509,0.0662278100576721,0.0656005457210729,0.990528686724611,0.0662323256962467,0.950590118023605,0.305261052210442,0.0065133580593581,NA,0.305261052210442,44.3148857518308,44.3923377772673,0.551174710956496,41.1236839313486,45.5712843793975,0,0,0.424402880576225,"broad",NA,NA,72,48,24,18347,298,"n_minority",0.760634647838742,"independent",0.213470312964637,0.231286168812134,0.187023835308442,25743.0445684125,44.0960749046357,20.2732490865408,46.5125693711712,0.000155381776594837,0.0124652226853289,"ok"
6,"broad",0.2,"aggregate_hksj",NA,NA,5000,5000,0,0,0,0.1987538316381,-0.00124616836189992,0.00446049176919011,0.0667869131581188,0.0661558788522076,0.990551527596173,0.0667918603306007,0.948,0.8414,0.00516615988912461,NA,0.8414,70,70,0,70,70,0,0,0.0681599999999715,"broad",NA,NA,72,48,24,18347,298,"n_minority",0.760634647838742,"independent",0.213470312964637,0.231286168812134,0.187023835308442,25743.0445684125,44.0960749046357,20.2732490865408,46.5125693711712,0.000155381776594837,0.0124652226853289,"ok"
6,"broad",0.2,"che_rve",NA,NA,5000,5000,0,0,0,0.198783007907219,-0.00121699209278139,0.00438528630322553,0.0662214942690478,0.0656027005729428,0.990655697173023,0.0662260546591655,0.95,0.839,0.00519767255605814,NA,0.839,44.3542234885364,44.4332104874272,0.549402541859961,41.153920264225,45.6075744263122,0,0,0.563774000000078,"broad",NA,NA,72,48,24,18347,298,"n_minority",0.760634647838742,"independent",0.213470312964637,0.231286168812134,0.187023835308442,25743.0445684125,44.0960749046357,20.2732490865408,46.5125693711712,0.000155381776594837,0.0124652226853289,"ok"
6,"broad",0.2,"mlma",NA,NA,5000,5000,0,0,0,0.198781846348852,-0.00121815365114836,0.00438530441063139,0.0662216309874001,0.0658399379281181,0.9942361271749,0.0662262126960849,0.9456,0.8506,0.00504142122818556,NA,0.8506,NA,NA,NA,NA,NA,0,0,0.377088000000024,"broad",NA,NA,72,48,24,18347,298,"n_minority",0.760634647838742,"independent",0.213470312964637,0.231286168812134,0.187023835308442,25743.0445684125,44.0960749046357,20.2732490865408,46.5125693711712,0.000155381776594837,0.0124652226853289,"ok"
6,"broad",0.2,"mlma_cr2",NA,NA,5000,5000,0,0,0,0.198781846348852,-0.00121815365114836,0.00438530441063139,0.0662216309874001,0.0656034379245002,0.990664786510355,0.0662262126960849,0.9506,0.8384,0.00520548633654916,NA,0.8384,44.3149758675368,44.3923905125179,0.551156413602377,41.1236839395099,45.5712843748822,0,0,0.424993999999989,"broad",NA,NA,72,48,24,18347,298,"n_minority",0.760634647838742,"independent",0.213470312964637,0.231286168812134,0.187023835308442,25743.0445684125,44.0960749046357,20.2732490865408,46.5125693711712,0.000155381776594837,0.0124652226853289,"ok"
7,"broad",0,"aggregate_hksj",NA,NA,5000,5000,0,0,0,-0.000751700494197598,-0.000751700494197598,0.00323651977836057,0.0568904190383633,0.0556267830492838,0.977788246062533,0.0568896961499873,0.9456,0.0544,0.0032075111847038,0.0544,NA,46,46,0,46,46,0,0,0.0502519999997923,"broad",NA,NA,48,35,13,9336,111,"nk_majority",0.466098366908263,"independent",0.585632913543377,0.103844114408887,0.123868023261835,9047.36298773763,19.2067433198043,5.79140470539298,8.4970571557399,0.000442117775690156,0.0210265968642136,"ok"
7,"broad",0,"che_rve",NA,NA,5000,5000,0,0,0,-0.000880823316575956,-0.000880823316575956,0.00312156605209414,0.0558709768313937,0.0545723843738376,0.976757298132176,0.0558723329439423,0.9494,0.0506,0.00309966578843591,0.0506,NA,16.7994715303525,17.0011040800407,1.29630626407805,12.5209487413974,19.57673959968,0.0158,0,0.361460000000033,"broad",NA,NA,48,35,13,9336,111,"nk_majority",0.466098366908263,"independent",0.585632913543377,0.103844114408887,0.123868023261835,9047.36298773763,19.2067433198043,5.79140470539298,8.4970571557399,0.000442117775690156,0.0210265968642136,"ok"
7,"broad",0,"mlma",NA,NA,5000,5000,0,0,0,-0.000800910454299594,-0.000800910454299594,0.00315437925080668,0.0561638607184966,0.0559299150491289,0.995834587110379,0.0561639549222838,0.9452,0.0548,0.00321860093829602,0.0548,NA,NA,NA,NA,NA,NA,0.001,0,0.273296000000066,"broad",NA,NA,48,35,13,9336,111,"nk_majority",0.466098366908263,"independent",0.585632913543377,0.103844114408887,0.123868023261835,9047.36298773763,19.2067433198043,5.79140470539298,8.4970571557399,0.000442117775690156,0.0210265968642136,"ok"
7,"broad",0,"mlma_cr2",NA,NA,5000,5000,0,0,0,-0.000800910454299594,-0.000800910454299594,0.00315437925080668,0.0561638607184966,0.0550311829720966,0.979832623115473,0.0561639549222838,0.9498,0.0502,0.00308804015517933,0.0502,NA,17.2629657414261,17.4311936320499,1.1395380715767,11.1736263004273,19.7543650774222,0.001,0,0.304574000000034,"broad",NA,NA,48,35,13,9336,111,"nk_majority",0.466098366908263,"independent",0.585632913543377,0.103844114408887,0.123868023261835,9047.36298773763,19.2067433198043,5.79140470539298,8.4970571557399,0.000442117775690156,0.0210265968642136,"ok"
7,"broad",0.05,"aggregate_hksj",NA,NA,5000,5000,0,0,0,0.0492482995058024,-0.0007517004941976,0.00323651977836057,0.0568904190383633,0.0556267830492838,0.977788246062533,0.0568896961499873,0.9456,0.1464,0.00499934075653981,NA,0.1464,46,46,0,46,46,0,0,0.0500360000000917,"broad",NA,NA,48,35,13,9336,111,"nk_majority",0.466098366908263,"independent",0.585632913543377,0.103844114408887,0.123868023261835,9047.36298773763,19.2067433198043,5.79140470539298,8.4970571557399,0.000442117775690156,0.0210265968642136,"ok"
7,"broad",0.05,"che_rve",NA,NA,5000,5000,0,0,0,0.0491191766817456,-0.000880823318254405,0.0031215660519019,0.0558709768296734,0.0545723843711779,0.976757298114649,0.0558723329422488,0.9494,0.1332,0.00480536699951211,NA,0.1332,16.7994715309695,17.0011040954419,1.29630626501694,12.5209487419465,19.576739600373,0.0158,0,0.360505999999621,"broad",NA,NA,48,35,13,9336,111,"nk_majority",0.466098366908263,"independent",0.585632913543377,0.103844114408887,0.123868023261835,9047.36298773763,19.2067433198043,5.79140470539298,8.4970571557399,0.000442117775690156,0.0210265968642136,"ok"
7,"broad",0.05,"mlma",NA,NA,5000,5000,0,0,0,0.0491990895517434,-0.000800910448256573,0.00315437925123856,0.0561638607223413,0.0559299150431078,0.995834586935002,0.0561639549260416,0.9452,0.1514,0.0050690835463622,NA,0.1514,NA,NA,NA,NA,NA,0.001,0,0.272781999999832,"broad",NA,NA,48,35,13,9336,111,"nk_majority",0.466098366908263,"independent",0.585632913543377,0.103844114408887,0.123868023261835,9047.36298773763,19.2067433198043,5.79140470539298,8.4970571557399,0.000442117775690156,0.0210265968642136,"ok"
7,"broad",0.05,"mlma_cr2",NA,NA,5000,5000,0,0,0,0.0491990895517434,-0.000800910448256573,0.00315437925123856,0.0561638607223413,0.0550311829694446,0.979832623001179,0.0561639549260416,0.9498,0.1336,0.0048114663045687,NA,0.1336,17.2629657412242,17.4311936334214,1.13953807199886,11.1736262998014,19.7543650748021,0.001,0,0.303988000000041,"broad",NA,NA,48,35,13,9336,111,"nk_majority",0.466098366908263,"independent",0.585632913543377,0.103844114408887,0.123868023261835,9047.36298773763,19.2067433198043,5.79140470539298,8.4970571557399,0.000442117775690156,0.0210265968642136,"ok"
7,"broad",0.1,"aggregate_hksj",NA,NA,5000,5000,0,0,0,0.0992482995058024,-0.000751700494197594,0.00323651977836057,0.0568904190383633,0.0556267830492838,0.977788246062533,0.0568896961499873,0.9456,0.4108,0.00695763408063402,NA,0.4108,46,46,0,46,46,0,0,0.0498900000002701,"broad",NA,NA,48,35,13,9336,111,"nk_majority",0.466098366908263,"independent",0.585632913543377,0.103844114408887,0.123868023261835,9047.36298773763,19.2067433198043,5.79140470539298,8.4970571557399,0.000442117775690156,0.0210265968642136,"ok"
7,"broad",0.1,"che_rve",NA,NA,5000,5000,0,0,0,0.0991191766847305,-0.000880823315269508,0.00312156605197387,0.0558709768303174,0.0545723843730825,0.976757298137478,0.0558723329428457,0.9494,0.392,0.00690414368332525,NA,0.392,16.7994715296307,17.0011041003732,1.29630626479282,12.5209487416215,19.5767396003553,0.0158,0,0.361048000000062,"broad",NA,NA,48,35,13,9336,111,"nk_majority",0.466098366908263,"independent",0.585632913543377,0.103844114408887,0.123868023261835,9047.36298773763,19.2067433198043,5.79140470539298,8.4970571557399,0.000442117775690156,0.0210265968642136,"ok"
7,"broad",0.1,"mlma",NA,NA,5000,5000,0,0,0,0.0991990895538341,-0.000800910446165953,0.00315437925135344,0.0561638607233641,0.0559299150469241,0.995834586984818,0.0561639549270343,0.9452,0.4272,0.0069957152600717,NA,0.4272,NA,NA,NA,NA,NA,0.001,0,0.272900000000064,"broad",NA,NA,48,35,13,9336,111,"nk_majority",0.466098366908263,"independent",0.585632913543377,0.103844114408887,0.123868023261835,9047.36298773763,19.2067433198043,5.79140470539298,8.4970571557399,0.000442117775690156,0.0210265968642136,"ok"
7,"broad",0.1,"mlma_cr2",NA,NA,5000,5000,0,0,0,0.0991990895538341,-0.000800910446165953,0.00315437925135344,0.0561638607233641,0.0550311829697356,0.979832622988517,0.0561639549270343,0.9498,0.3866,0.00688680535517013,NA,0.3866,17.262965741488,17.4311936327846,1.13953807187846,11.1736263011479,19.754365073082,0.001,0,0.304146000000299,"broad",NA,NA,48,35,13,9336,111,"nk_majority",0.466098366908263,"independent",0.585632913543377,0.103844114408887,0.123868023261835,9047.36298773763,19.2067433198043,5.79140470539298,8.4970571557399,0.000442117775690156,0.0210265968642136,"ok"
7,"broad",0.2,"aggregate_hksj",NA,NA,5000,5000,0,0,0,0.199248299505802,-0.000751700494197594,0.00323651977836057,0.0568904190383633,0.0556267830492838,0.977788246062533,0.0568896961499873,0.9456,0.9352,0.00348140661227613,NA,0.9352,46,46,0,46,46,0,0,0.0500440000001225,"broad",NA,NA,48,35,13,9336,111,"nk_majority",0.466098366908263,"independent",0.585632913543377,0.103844114408887,0.123868023261835,9047.36298773763,19.2067433198043,5.79140470539298,8.4970571557399,0.000442117775690156,0.0210265968642136,"ok"
7,"broad",0.2,"che_rve",NA,NA,5000,5000,0,0,0,0.199119176687197,-0.000880823312803425,0.0031215660521848,0.0558709768322051,0.0545723843735653,0.976757298113119,0.055872332944694,0.9494,0.9234,0.00376118172919097,NA,0.9234,16.7994715302642,17.0011040837643,1.29630626457876,12.5209487419232,19.576739599385,0.0158,0,0.359877999999799,"broad",NA,NA,48,35,13,9336,111,"nk_majority",0.466098366908263,"independent",0.585632913543377,0.103844114408887,0.123868023261835,9047.36298773763,19.2067433198043,5.79140470539298,8.4970571557399,0.000442117775690156,0.0210265968642136,"ok"
7,"broad",0.2,"mlma",NA,NA,5000,5000,0,0,0,0.199199089550583,-0.000800910449417325,0.00315437925134588,0.0561638607232968,0.0559299150510833,0.995834587060065,0.0561639549270134,0.9452,0.9414,0.00332162731202644,NA,0.9414,NA,NA,NA,NA,NA,0.001,0,0.273114000000112,"broad",NA,NA,48,35,13,9336,111,"nk_majority",0.466098366908263,"independent",0.585632913543377,0.103844114408887,0.123868023261835,9047.36298773763,19.2067433198043,5.79140470539298,8.4970571557399,0.000442117775690156,0.0210265968642136,"ok"
7,"broad",0.2,"mlma_cr2",NA,NA,5000,5000,0,0,0,0.199199089550583,-0.000800910449417325,0.00315437925134588,0.0561638607232968,0.0550311829717035,0.979832623024731,0.0561639549270134,0.9498,0.9198,0.00384104048403554,NA,0.9198,17.2629657417352,17.4311936335718,1.13953807098334,11.1736262993591,19.7543650760143,0.001,0,0.304270000000211,"broad",NA,NA,48,35,13,9336,111,"nk_majority",0.466098366908263,"independent",0.585632913543377,0.103844114408887,0.123868023261835,9047.36298773763,19.2067433198043,5.79140470539298,8.4970571557399,0.000442117775690156,0.0210265968642136,"ok"
8,"broad",0,"aggregate_hksj",NA,NA,5000,5000,0,0,0,-0.000153523973910458,-0.000153523973910458,0.00344563348656249,0.0586995186229197,0.0590484466975873,1.00594430896289,0.0586938491622056,0.9496,0.0504,0.00309385972532693,0.0504,NA,58,58,0,58,58,0,0,0.0570339999999522,"broad",NA,NA,60,44,16,9953,311,"n_majority",0.486944134375808,"independent",0.852774591918569,0.153668300253456,0.17788872561889,10762.8701605039,42.5113546591214,14.518232011545,22.6147092712272,0.000371648077171705,0.0192781761889372,"ok"
8,"broad",0,"che_rve",NA,NA,5000,5000,0,0,0,-0.000207499439169903,-0.000207499439169903,0.00337511767300954,0.0580957629522974,0.0575990665755879,0.991450385510602,0.058090323682109,0.9466,0.0534,0.00317957355631223,0.0534,NA,25.102713288964,25.1678162445626,0.432496690808525,22.2497341629895,26.0192185751088,0,0,0.526789999999963,"broad",NA,NA,60,44,16,9953,311,"n_majority",0.486944134375808,"independent",0.852774591918569,0.153668300253456,0.17788872561889,10762.8701605039,42.5113546591214,14.518232011545,22.6147092712272,0.000371648077171705,0.0192781761889372,"ok"
8,"broad",0,"mlma",NA,NA,5000,5000,0,0,0,-0.000198144418594018,-0.000198144418594018,0.0033764061910095,0.0581068514979903,0.0578267624632816,0.995179758884055,0.058101378391411,0.9412,0.0588,0.00332693733033852,0.0588,NA,NA,NA,NA,NA,NA,0,0,0.369070000000004,"broad",NA,NA,60,44,16,9953,311,"n_majority",0.486944134375808,"independent",0.852774591918569,0.153668300253456,0.17788872561889,10762.8701605039,42.5113546591214,14.518232011545,22.6147092712272,0.000371648077171705,0.0192781761889372,"ok"
8,"broad",0,"mlma_cr2",NA,NA,5000,5000,0,0,0,-0.000198144418594018,-0.000198144418594018,0.0033764061910095,0.0581068514979903,0.0576057298019362,0.991375858730335,0.058101378391411,0.9456,0.0544,0.0032075111847038,0.0544,NA,25.2777411540207,25.3375475116132,0.400501436081223,22.6355659249789,26.1208750698085,0,0,0.410464000000082,"broad",NA,NA,60,44,16,9953,311,"n_majority",0.486944134375808,"independent",0.852774591918569,0.153668300253456,0.17788872561889,10762.8701605039,42.5113546591214,14.518232011545,22.6147092712272,0.000371648077171705,0.0192781761889372,"ok"
8,"broad",0.05,"aggregate_hksj",NA,NA,5000,5000,0,0,0,0.0498464760260895,-0.000153523973910455,0.00344563348656249,0.0586995186229197,0.0590484466975873,1.00594430896289,0.0586938491622056,0.9496,0.1308,0.00476846642013971,NA,0.1308,58,58,0,58,58,0,0,0.0572859999999735,"broad",NA,NA,60,44,16,9953,311,"n_majority",0.486944134375808,"independent",0.852774591918569,0.153668300253456,0.17788872561889,10762.8701605039,42.5113546591214,14.518232011545,22.6147092712272,0.000371648077171705,0.0192781761889372,"ok"
8,"broad",0.05,"che_rve",NA,NA,5000,5000,0,0,0,0.049792500561579,-0.000207499438420987,0.00337511767322085,0.0580957629541161,0.0575990665756197,0.991450385480113,0.0580903236839247,0.9466,0.1312,0.00477465307640251,NA,0.1312,25.1027132895816,25.1678162460608,0.43249669096993,22.2497341403619,26.0192185691688,0,0,0.526957999999985,"broad",NA,NA,60,44,16,9953,311,"n_majority",0.486944134375808,"independent",0.852774591918569,0.153668300253456,0.17788872561889,10762.8701605039,42.5113546591214,14.518232011545,22.6147092712272,0.000371648077171705,0.0192781761889372,"ok"
8,"broad",0.05,"mlma",NA,NA,5000,5000,0,0,0,0.0498018555786767,-0.000198144421323258,0.00337640619103037,0.0581068514981699,0.0578267624728951,0.995179759046424,0.0581013783915999,0.9412,0.149,0.00503585146722975,NA,0.149,NA,NA,NA,NA,NA,0,0,0.365813999999992,"broad",NA,NA,60,44,16,9953,311,"n_majority",0.486944134375808,"independent",0.852774591918569,0.153668300253456,0.17788872561889,10762.8701605039,42.5113546591214,14.518232011545,22.6147092712272,0.000371648077171705,0.0192781761889372,"ok"
8,"broad",0.05,"mlma_cr2",NA,NA,5000,5000,0,0,0,0.0498018555786767,-0.000198144421323258,0.00337640619103037,0.0581068514981699,0.0576057298023195,0.991375858733867,0.0581013783915999,0.9456,0.1318,0.00478390551746165,NA,0.1318,25.2777411544479,25.3375475045496,0.400501436426675,22.6355659268091,26.1208750702872,0,0,0.407372000000018,"broad",NA,NA,60,44,16,9953,311,"n_majority",0.486944134375808,"independent",0.852774591918569,0.153668300253456,0.17788872561889,10762.8701605039,42.5113546591214,14.518232011545,22.6147092712272,0.000371648077171705,0.0192781761889372,"ok"
8,"broad",0.1,"aggregate_hksj",NA,NA,5000,5000,0,0,0,0.0998464760260895,-0.000153523973910469,0.00344563348656249,0.0586995186229197,0.0590484466975873,1.00594430896289,0.0586938491622056,0.9496,0.371,0.00683167622183604,NA,0.371,58,58,0,58,58,0,0,0.0573340000000922,"broad",NA,NA,60,44,16,9953,311,"n_majority",0.486944134375808,"independent",0.852774591918569,0.153668300253456,0.17788872561889,10762.8701605039,42.5113546591214,14.518232011545,22.6147092712272,0.000371648077171705,0.0192781761889372,"ok"
8,"broad",0.1,"che_rve",NA,NA,5000,5000,0,0,0,0.0997925005627342,-0.000207499437265835,0.00337511767320415,0.0580957629539724,0.0575990665754467,0.991450385479589,0.0580903236837769,0.9466,0.3784,0.00685876723617298,NA,0.3784,25.1027132889782,25.1678162388195,0.432496691411217,22.2497341363867,26.0192185680608,0,0,0.526682000000064,"broad",NA,NA,60,44,16,9953,311,"n_majority",0.486944134375808,"independent",0.852774591918569,0.153668300253456,0.17788872561889,10762.8701605039,42.5113546591214,14.518232011545,22.6147092712272,0.000371648077171705,0.0192781761889372,"ok"
8,"broad",0.1,"mlma",NA,NA,5000,5000,0,0,0,0.0998018555803454,-0.000198144419654642,0.00337640619090703,0.0581068514971085,0.0578267624595677,0.995179758835242,0.0581013783905329,0.9412,0.4018,0.00693335070510644,NA,0.4018,NA,NA,NA,NA,NA,0,0,0.365725999999989,"broad",NA,NA,60,44,16,9953,311,"n_majority",0.486944134375808,"independent",0.852774591918569,0.153668300253456,0.17788872561889,10762.8701605039,42.5113546591214,14.518232011545,22.6147092712272,0.000371648077171705,0.0192781761889372,"ok"
8,"broad",0.1,"mlma_cr2",NA,NA,5000,5000,0,0,0,0.0998018555803454,-0.000198144419654642,0.00337640619090703,0.0581068514971085,0.0576057298020886,0.991375858748002,0.0581013783905329,0.9456,0.3796,0.00686299992714556,NA,0.3796,25.2777411539954,25.3375475002789,0.400501435664207,22.6355659248179,26.1208750695812,0,0,0.407073999999944,"broad",NA,NA,60,44,16,9953,311,"n_majority",0.486944134375808,"independent",0.852774591918569,0.153668300253456,0.17788872561889,10762.8701605039,42.5113546591214,14.518232011545,22.6147092712272,0.000371648077171705,0.0192781761889372,"ok"
8,"broad",0.2,"aggregate_hksj",NA,NA,5000,5000,0,0,0,0.19984647602609,-0.000153523973910469,0.00344563348656249,0.0586995186229197,0.0590484466975873,1.00594430896289,0.0586938491622056,0.9496,0.918,0.00388010309141394,NA,0.918,58,58,0,58,58,0,0,0.0573240000000144,"broad",NA,NA,60,44,16,9953,311,"n_majority",0.486944134375808,"independent",0.852774591918569,0.153668300253456,0.17788872561889,10762.8701605039,42.5113546591214,14.518232011545,22.6147092712272,0.000371648077171705,0.0192781761889372,"ok"
8,"broad",0.2,"che_rve",NA,NA,5000,5000,0,0,0,0.199792500559849,-0.000207499440151249,0.00337511767328229,0.0580957629546449,0.057599066575881,0.991450385475588,0.0580903236844596,0.9466,0.9134,0.0039774474226569,NA,0.9134,25.102713289061,25.1678162435465,0.432496691316153,22.2497341304861,26.0192185718935,0,0,0.526098000000031,"broad",NA,NA,60,44,16,9953,311,"n_majority",0.486944134375808,"independent",0.852774591918569,0.153668300253456,0.17788872561889,10762.8701605039,42.5113546591214,14.518232011545,22.6147092712272,0.000371648077171705,0.0192781761889372,"ok"
8,"broad",0.2,"mlma",NA,NA,5000,5000,0,0,0,0.199801855581403,-0.000198144418596946,0.00337640619075625,0.0581068514958112,0.0578267624765891,0.995179759150394,0.0581013783892321,0.9412,0.932,0.00356022471200906,NA,0.932,NA,NA,NA,NA,NA,0,0,0.365872000000019,"broad",NA,NA,60,44,16,9953,311,"n_majority",0.486944134375808,"independent",0.852774591918569,0.153668300253456,0.17788872561889,10762.8701605039,42.5113546591214,14.518232011545,22.6147092712272,0.000371648077171705,0.0192781761889372,"ok"
8,"broad",0.2,"mlma_cr2",NA,NA,5000,5000,0,0,0,0.199801855581403,-0.000198144418596946,0.00337640619075625,0.0581068514958112,0.0576057298024206,0.99137585877585,0.0581013783892321,0.9456,0.9144,0.00395658034165869,NA,0.9144,25.2777411547972,25.3375475107163,0.40050143550064,22.635565924123,26.1208750695179,0,0,0.407081999999966,"broad",NA,NA,60,44,16,9953,311,"n_majority",0.486944134375808,"independent",0.852774591918569,0.153668300253456,0.17788872561889,10762.8701605039,42.5113546591214,14.518232011545,22.6147092712272,0.000371648077171705,0.0192781761889372,"ok"
9,"broad",0,"aggregate_hksj",NA,NA,5000,5000,0,0,0,-0.000252844723463709,-0.000252844723463709,0.00111735847253057,0.0334269123990023,0.0335772655558591,1.00449796723856,0.0334245258947715,0.9514,0.0486,0.0030409879973456,0.0486,NA,34,34,0,34,34,0,0,0.0404400000000125,"broad",NA,NA,36,26,10,6409,160,"independent",0,"independent",0.607085521749686,0.0444537754575722,0.0768640428170911,7863.23741360322,19.8450790113413,8.16196032021775,12.9165210569602,0.000508696328191756,0.0225542973331416,"ok"
9,"broad",0,"che_rve",NA,NA,5000,5000,0,0,0,-0.000313329706884995,-0.000313329706884995,0.00110750638611634,0.0332792185322363,0.0326691762691236,0.981668972709748,0.0332773655860005,0.9536,0.0464,0.00297479545515318,0.0464,NA,14.9587834908792,14.990630597591,0.406573759301781,13.845023088062,15.9441711434747,0.1518,0,0.452276000000029,"broad",NA,NA,36,26,10,6409,160,"independent",0,"independent",0.607085521749686,0.0444537754575722,0.0768640428170911,7863.23741360322,19.8450790113413,8.16196032021775,12.9165210569602,0.000508696328191756,0.0225542973331416,"ok"
9,"broad",0,"mlma",NA,NA,5000,5000,0,0,0,-0.000250304665236585,-0.000250304665236585,0.00114223493247734,0.0337969663206232,0.0336053837890293,0.994331368982161,0.0337945134291986,0.9404,0.0596,0.00334806929438445,0.0596,NA,NA,NA,NA,NA,NA,0,0.0022,0.276037999999962,"broad",NA,NA,36,26,10,6409,160,"independent",0,"independent",0.607085521749686,0.0444537754575722,0.0768640428170911,7863.23741360322,19.8450790113413,8.16196032021775,12.9165210569602,0.000508696328191756,0.0225542973331416,"ok"
9,"broad",0,"mlma_cr2",NA,NA,5000,5000,0,0,0,-0.000250304665236585,-0.000250304665236585,0.00114223493247734,0.0337969663206232,0.033249140677865,0.983790685898813,0.0337945134291986,0.9544,0.0456,0.00295027591929975,0.0456,NA,15.8923403408339,15.9480020392247,0.251968800108747,13.6726779597817,16.3227070273081,0,0.0022,0.302359999999956,"broad",NA,NA,36,26,10,6409,160,"independent",0,"independent",0.607085521749686,0.0444537754575722,0.0768640428170911,7863.23741360322,19.8450790113413,8.16196032021775,12.9165210569602,0.000508696328191756,0.0225542973331416,"ok"
9,"broad",0.05,"aggregate_hksj",NA,NA,5000,5000,0,0,0,0.0497471552765363,-0.000252844723463715,0.00111735847253057,0.0334269123990023,0.0335772655558591,1.00449796723856,0.0334245258947715,0.9514,0.2964,0.00645828212452816,NA,0.2964,34,34,0,34,34,0,0,0.0405659999999923,"broad",NA,NA,36,26,10,6409,160,"independent",0,"independent",0.607085521749686,0.0444537754575722,0.0768640428170911,7863.23741360322,19.8450790113413,8.16196032021775,12.9165210569602,0.000508696328191756,0.0225542973331416,"ok"
9,"broad",0.05,"che_rve",NA,NA,5000,5000,0,0,0,0.0496866702948058,-0.000313329705194161,0.00110750638602049,0.0332792185307962,0.0326691762694232,0.98166897276123,0.0332773655845448,0.9536,0.2872,0.00639868986590224,NA,0.2872,14.9587834906883,14.9906306001221,0.406573759224588,13.8450230880979,15.9441711435717,0.1518,0,0.452133999999974,"broad",NA,NA,36,26,10,6409,160,"independent",0,"independent",0.607085521749686,0.0444537754575722,0.0768640428170911,7863.23741360322,19.8450790113413,8.16196032021775,12.9165210569602,0.000508696328191756,0.0225542973331416,"ok"
9,"broad",0.05,"mlma",NA,NA,5000,5000,0,0,0,0.0497496953349816,-0.000250304665018408,0.0011422349325079,0.0337969663210753,0.0336053837934463,0.994331369099553,0.033794513429649,0.9404,0.315,0.00656924653213746,NA,0.315,NA,NA,NA,NA,NA,0,0.0022,0.275036000000061,"broad",NA,NA,36,26,10,6409,160,"independent",0,"independent",0.607085521749686,0.0444537754575722,0.0768640428170911,7863.23741360322,19.8450790113413,8.16196032021775,12.9165210569602,0.000508696328191756,0.0225542973331416,"ok"
9,"broad",0.05,"mlma_cr2",NA,NA,5000,5000,0,0,0,0.0497496953349816,-0.000250304665018408,0.0011422349325079,0.0337969663210753,0.0332491406778081,0.98379068588397,0.033794513429649,0.9544,0.28,0.00634980314655502,NA,0.28,15.8923403410134,15.9480020368281,0.251968800076331,13.6726779536247,16.3227070279975,0,0.0022,0.301392000000058,"broad",NA,NA,36,26,10,6409,160,"independent",0,"independent",0.607085521749686,0.0444537754575722,0.0768640428170911,7863.23741360322,19.8450790113413,8.16196032021775,12.9165210569602,0.000508696328191756,0.0225542973331416,"ok"
9,"broad",0.1,"aggregate_hksj",NA,NA,5000,5000,0,0,0,0.0997471552765363,-0.000252844723463708,0.00111735847253057,0.0334269123990022,0.0335772655558591,1.00449796723856,0.0334245258947715,0.9514,0.823,0.00539761058247073,NA,0.823,34,34,0,34,34,0,0,0.0405560000000209,"broad",NA,NA,36,26,10,6409,160,"independent",0,"independent",0.607085521749686,0.0444537754575722,0.0768640428170911,7863.23741360322,19.8450790113413,8.16196032021775,12.9165210569602,0.000508696328191756,0.0225542973331416,"ok"
9,"broad",0.1,"che_rve",NA,NA,5000,5000,0,0,0,0.0996866702945771,-0.000313329705422943,0.0011075063860714,0.0332792185315611,0.0326691762691944,0.981668972731793,0.0332773655853117,0.9536,0.8014,0.0056419507264775,NA,0.8014,14.9587834905261,14.9906305957844,0.406573759544304,13.8450230882622,15.9441711436986,0.1518,0,0.45084000000001,"broad",NA,NA,36,26,10,6409,160,"independent",0,"independent",0.607085521749686,0.0444537754575722,0.0768640428170911,7863.23741360322,19.8450790113413,8.16196032021775,12.9165210569602,0.000508696328191756,0.0225542973331416,"ok"
9,"broad",0.1,"mlma",NA,NA,5000,5000,0,0,0,0.0997496953355227,-0.000250304664477313,0.00114223493244897,0.0337969663202036,0.0336053837931317,0.994331369115891,0.0337945134287734,0.9404,0.8404,0.00517934049855771,NA,0.8404,NA,NA,NA,NA,NA,0,0.0022,0.275394000000012,"broad",NA,NA,36,26,10,6409,160,"independent",0,"independent",0.607085521749686,0.0444537754575722,0.0768640428170911,7863.23741360322,19.8450790113413,8.16196032021775,12.9165210569602,0.000508696328191756,0.0225542973331416,"ok"
9,"broad",0.1,"mlma_cr2",NA,NA,5000,5000,0,0,0,0.0997496953355227,-0.000250304664477313,0.00114223493244897,0.0337969663202036,0.0332491406775013,0.983790685900267,0.0337945134287734,0.9544,0.7928,0.00573180878955326,NA,0.7928,15.8923403410962,15.9480020382861,0.251968800033173,13.6726779239773,16.3227070290632,0,0.0022,0.301645999999993,"broad",NA,NA,36,26,10,6409,160,"independent",0,"independent",0.607085521749686,0.0444537754575722,0.0768640428170911,7863.23741360322,19.8450790113413,8.16196032021775,12.9165210569602,0.000508696328191756,0.0225542973331416,"ok"
9,"broad",0.2,"aggregate_hksj",NA,NA,5000,5000,0,0,0,0.199747155276536,-0.000252844723463708,0.00111735847253057,0.0334269123990023,0.0335772655558591,1.00449796723856,0.0334245258947715,0.9514,0.9998,0.000199979998999889,NA,0.9998,34,34,0,34,34,0,0,0.0403220000000045,"broad",NA,NA,36,26,10,6409,160,"independent",0,"independent",0.607085521749686,0.0444537754575722,0.0768640428170911,7863.23741360322,19.8450790113413,8.16196032021775,12.9165210569602,0.000508696328191756,0.0225542973331416,"ok"
9,"broad",0.2,"che_rve",NA,NA,5000,5000,0,0,0,0.199686670294105,-0.000313329705894622,0.00110750638604032,0.0332792185310941,0.0326691762690792,0.981668972742103,0.0332773655848492,0.9536,0.9996,0.000282786138274123,NA,0.9996,14.9587834907606,14.9906305986705,0.406573759342731,13.8450230882688,15.9441711436257,0.1518,0,0.451400000000022,"broad",NA,NA,36,26,10,6409,160,"independent",0,"independent",0.607085521749686,0.0444537754575722,0.0768640428170911,7863.23741360322,19.8450790113413,8.16196032021775,12.9165210569602,0.000508696328191756,0.0225542973331416,"ok"
9,"broad",0.2,"mlma",NA,NA,5000,5000,0,0,0,0.199749695335186,-0.000250304664813655,0.00114223493245004,0.0337969663202193,0.0336053837932396,0.994331369118622,0.0337945134287916,0.9404,1,0,NA,1,NA,NA,NA,NA,NA,0,0.0022,0.275046000000006,"broad",NA,NA,36,26,10,6409,160,"independent",0,"independent",0.607085521749686,0.0444537754575722,0.0768640428170911,7863.23741360322,19.8450790113413,8.16196032021775,12.9165210569602,0.000508696328191756,0.0225542973331416,"ok"
9,"broad",0.2,"mlma_cr2",NA,NA,5000,5000,0,0,0,0.199749695335186,-0.000250304664813655,0.00114223493245004,0.0337969663202193,0.0332491406777988,0.983790685908611,0.0337945134287916,0.9544,0.9996,0.000282786138274123,NA,0.9996,15.8923403409896,15.9480020371609,0.251968800234106,13.6726779170088,16.3227070281379,0,0.0022,0.30158599999998,"broad",NA,NA,36,26,10,6409,160,"independent",0,"independent",0.607085521749686,0.0444537754575722,0.0768640428170911,7863.23741360322,19.8450790113413,8.16196032021775,12.9165210569602,0.000508696328191756,0.0225542973331416,"ok"
10,"broad",0,"aggregate_hksj",NA,NA,5000,5000,0,0,0,-0.000221321123917063,-0.000221321123917063,0.00196989001152337,0.044383442988612,0.0440329866229261,0.992103894108082,0.0443795562907175,0.9518,0.0482,0.00302908435009658,0.0482,NA,46,46,0,46,46,0,0,0.0496159999999538,"broad",NA,NA,48,30,18,21323,122,"n_majority",0.56738610820059,"positive",0.744737309182528,0.111593359854189,0.0927237351971562,22163.5456872347,11.7888196267778,5.23449269313837,6.76720484309998,0.000180476538205881,0.0134341556566046,"ok"
10,"broad",0,"che_rve",NA,NA,5000,5000,0,0,0,-0.000257042635075966,-0.000257042635075966,0.0019348586700861,0.0439870284298235,0.0436948815924415,0.993358341133498,0.0439833806029997,0.9528,0.0472,0.00299907185642492,0.0472,NA,29.9765117758165,30.2772885558986,1.82281103921193,20.080411197865,33.6372705441973,0,0,0.36910599999996,"broad",NA,NA,48,30,18,21323,122,"n_majority",0.56738610820059,"positive",0.744737309182528,0.111593359854189,0.0927237351971562,22163.5456872347,11.7888196267778,5.23449269313837,6.76720484309998,0.000180476538205881,0.0134341556566046,"ok"
10,"broad",0,"mlma",NA,NA,5000,5000,0,0,0,-0.000235427346072469,-0.000235427346072469,0.00193514138428345,0.0439902419211744,0.043846539267337,0.996733306125142,0.0439864727165281,0.9458,0.0542,0.00320194815698193,0.0542,NA,NA,NA,NA,NA,NA,0,0,0.289626000000018,"broad",NA,NA,48,30,18,21323,122,"n_majority",0.56738610820059,"positive",0.744737309182528,0.111593359854189,0.0927237351971562,22163.5456872347,11.7888196267778,5.23449269313837,6.76720484309998,0.000180476538205881,0.0134341556566046,"ok"
10,"broad",0,"mlma_cr2",NA,NA,5000,5000,0,0,0,-0.000235427346072469,-0.000235427346072469,0.00193514138428345,0.0439902419211744,0.0437159589068952,0.993764912346455,0.0439864727165281,0.9532,0.0468,0.00298696367570816,0.0468,NA,30.0348307644757,30.2912674917023,1.71423106574952,20.8260564191637,33.6103614997248,0,0,0.320752000000047,"broad",NA,NA,48,30,18,21323,122,"n_majority",0.56738610820059,"positive",0.744737309182528,0.111593359854189,0.0927237351971562,22163.5456872347,11.7888196267778,5.23449269313837,6.76720484309998,0.000180476538205881,0.0134341556566046,"ok"
10,"broad",0.05,"aggregate_hksj",NA,NA,5000,5000,0,0,0,0.0497786788760829,-0.000221321123917068,0.00196989001152337,0.044383442988612,0.0440329866229261,0.992103894108082,0.0443795562907175,0.9518,0.1998,0.00565473182387989,NA,0.1998,46,46,0,46,46,0,0,0.0493840000000011,"broad",NA,NA,48,30,18,21323,122,"n_majority",0.56738610820059,"positive",0.744737309182528,0.111593359854189,0.0927237351971562,22163.5456872347,11.7888196267778,5.23449269313837,6.76720484309998,0.000180476538205881,0.0134341556566046,"ok"
10,"broad",0.05,"che_rve",NA,NA,5000,5000,0,0,0,0.0497429573654272,-0.00025704263457281,0.00193485867009058,0.0439870284298744,0.0436948815922443,0.993358341127865,0.0439833806030477,0.9528,0.1984,0.00563981276284949,NA,0.1984,29.9765117751947,30.2772885566789,1.82281103917491,20.0804111952035,33.6372705444517,0,0,0.367063999999982,"broad",NA,NA,48,30,18,21323,122,"n_majority",0.56738610820059,"positive",0.744737309182528,0.111593359854189,0.0927237351971562,22163.5456872347,11.7888196267778,5.23449269313837,6.76720484309998,0.000180476538205881,0.0134341556566046,"ok"
10,"broad",0.05,"mlma",NA,NA,5000,5000,0,0,0,0.0497645726528424,-0.000235427347157625,0.00193514138427966,0.0439902419211313,0.0438465392688169,0.99673330615976,0.0439864727164909,0.9458,0.2146,0.00580597692038127,NA,0.2146,NA,NA,NA,NA,NA,0,0,0.288780000000009,"broad",NA,NA,48,30,18,21323,122,"n_majority",0.56738610820059,"positive",0.744737309182528,0.111593359854189,0.0927237351971562,22163.5456872347,11.7888196267778,5.23449269313837,6.76720484309998,0.000180476538205881,0.0134341556566046,"ok"
10,"broad",0.05,"mlma_cr2",NA,NA,5000,5000,0,0,0,0.0497645726528424,-0.000235427347157625,0.00193514138427966,0.0439902419211313,0.0437159589070209,0.993764912350284,0.0439864727164909,0.9532,0.1994,0.00565048033356457,NA,0.1994,30.0348307652474,30.2912675006922,1.71423106509358,20.8260564195923,33.6103615007614,0,0,0.32029999999999,"broad",NA,NA,48,30,18,21323,122,"n_majority",0.56738610820059,"positive",0.744737309182528,0.111593359854189,0.0927237351971562,22163.5456872347,11.7888196267778,5.23449269313837,6.76720484309998,0.000180476538205881,0.0134341556566046,"ok"
10,"broad",0.1,"aggregate_hksj",NA,NA,5000,5000,0,0,0,0.0997786788760829,-0.000221321123917068,0.00196989001152337,0.044383442988612,0.0440329866229261,0.992103894108082,0.0443795562907175,0.9518,0.6038,0.00691701611968629,NA,0.6038,46,46,0,46,46,0,0,0.0499779999999504,"broad",NA,NA,48,30,18,21323,122,"n_majority",0.56738610820059,"positive",0.744737309182528,0.111593359854189,0.0927237351971562,22163.5456872347,11.7888196267778,5.23449269313837,6.76720484309998,0.000180476538205881,0.0134341556566046,"ok"
10,"broad",0.1,"che_rve",NA,NA,5000,5000,0,0,0,0.0997429573652337,-0.000257042634766322,0.00193485867004128,0.0439870284293141,0.043694881592436,0.993358341144879,0.0439833806024885,0.9528,0.598,0.00693391664212947,NA,0.598,29.9765117755159,30.2772885570053,1.82281103973658,20.0804111823296,33.637270544495,0,0,0.368680000000005,"broad",NA,NA,48,30,18,21323,122,"n_majority",0.56738610820059,"positive",0.744737309182528,0.111593359854189,0.0927237351971562,22163.5456872347,11.7888196267778,5.23449269313837,6.76720484309998,0.000180476538205881,0.0134341556566046,"ok"
10,"broad",0.1,"mlma",NA,NA,5000,5000,0,0,0,0.0997645726532249,-0.000235427346775105,0.00193514138423619,0.0439902419206373,0.0438465392664883,0.996733306118019,0.0439864727159948,0.9458,0.6284,0.00683393649370551,NA,0.6284,NA,NA,NA,NA,NA,0,0,0.288976000000046,"broad",NA,NA,48,30,18,21323,122,"n_majority",0.56738610820059,"positive",0.744737309182528,0.111593359854189,0.0927237351971562,22163.5456872347,11.7888196267778,5.23449269313837,6.76720484309998,0.000180476538205881,0.0134341556566046,"ok"
10,"broad",0.1,"mlma_cr2",NA,NA,5000,5000,0,0,0,0.0997645726532249,-0.000235427346775105,0.00193514138423619,0.0439902419206373,0.0437159589068489,0.993764912357535,0.0439864727159948,0.9532,0.5994,0.00692992986977502,NA,0.5994,30.0348307643915,30.2912674953231,1.71423106483004,20.82605639696,33.6103615010324,0,0,0.320516000000051,"broad",NA,NA,48,30,18,21323,122,"n_majority",0.56738610820059,"positive",0.744737309182528,0.111593359854189,0.0927237351971562,22163.5456872347,11.7888196267778,5.23449269313837,6.76720484309998,0.000180476538205881,0.0134341556566046,"ok"
10,"broad",0.2,"aggregate_hksj",NA,NA,5000,5000,0,0,0,0.199778678876083,-0.000221321123917068,0.00196989001152337,0.044383442988612,0.0440329866229261,0.992103894108082,0.0443795562907175,0.9518,0.9922,0.00124411896537269,NA,0.9922,46,46,0,46,46,0,0,0.0498380000000092,"broad",NA,NA,48,30,18,21323,122,"n_majority",0.56738610820059,"positive",0.744737309182528,0.111593359854189,0.0927237351971562,22163.5456872347,11.7888196267778,5.23449269313837,6.76720484309998,0.000180476538205881,0.0134341556566046,"ok"
10,"broad",0.2,"che_rve",NA,NA,5000,5000,0,0,0,0.199742957365576,-0.000257042634423554,0.00193485867008281,0.0439870284297861,0.0436948815925642,0.993358341137133,0.0439833806029585,0.9528,0.9906,0.00136467138901642,NA,0.9906,29.9765117754495,30.2772885567608,1.82281103869812,20.0804112041966,33.6372705450062,0,0,0.368394000000005,"broad",NA,NA,48,30,18,21323,122,"n_majority",0.56738610820059,"positive",0.744737309182528,0.111593359854189,0.0927237351971562,22163.5456872347,11.7888196267778,5.23449269313837,6.76720484309998,0.000180476538205881,0.0134341556566046,"ok"
10,"broad",0.2,"mlma",NA,NA,5000,5000,0,0,0,0.199764572653929,-0.00023542734607071,0.00193514138426266,0.0439902419209381,0.0438465392670227,0.996733306123352,0.0439864727162918,0.9458,0.9934,0.00114511484140239,NA,0.9934,NA,NA,NA,NA,NA,0,0,0.28949199999999,"broad",NA,NA,48,30,18,21323,122,"n_majority",0.56738610820059,"positive",0.744737309182528,0.111593359854189,0.0927237351971562,22163.5456872347,11.7888196267778,5.23449269313837,6.76720484309998,0.000180476538205881,0.0134341556566046,"ok"
10,"broad",0.2,"mlma_cr2",NA,NA,5000,5000,0,0,0,0.199764572653929,-0.00023542734607071,0.00193514138426266,0.0439902419209381,0.0437159589069301,0.993764912352585,0.0439864727162918,0.9532,0.991,0.00133558975737312,NA,0.991,30.0348307645199,30.2912675075215,1.71423106510297,20.8260565383654,33.6103615023806,0,0,0.32090399999996,"broad",NA,NA,48,30,18,21323,122,"n_majority",0.56738610820059,"positive",0.744737309182528,0.111593359854189,0.0927237351971562,22163.5456872347,11.7888196267778,5.23449269313837,6.76720484309998,0.000180476538205881,0.0134341556566046,"ok"
11,"broad",0,"aggregate_hksj",NA,NA,5000,5000,0,0,0,-0.000560718787022993,-0.000560718787022993,0.000970679156249187,0.0311557242934454,0.0312302313195828,1.0023914393848,0.0311576543721773,0.9502,0.0498,0.00307636018697421,0.0498,NA,94,94,0,94,94,0,0,0.0883739999999918,"broad",NA,NA,96,63,33,52269,642,"nk_majority",0.781688868174388,"independent",0.434246349676978,0.119276303030318,0.185123343627725,69168.5713619609,46.9452139349017,19.2021347847147,31.5670659129986,5.78297327997119e-05,0.00760458630036584,"ok"
11,"broad",0,"che_rve",NA,NA,5000,5000,0,0,0,-0.000557282403442686,-0.000557282403442686,0.000968501601819052,0.0311207583747416,0.0312906931419863,1.00546049569867,0.0311226358969782,0.954,0.046,0.00296256645495084,0.046,NA,62.6098487686477,62.6485407114169,0.384493181980134,60.5182932990994,63.5635124877135,0,0,0.798820000000061,"broad",NA,NA,96,63,33,52269,642,"nk_majority",0.781688868174388,"independent",0.434246349676978,0.119276303030318,0.185123343627725,69168.5713619609,46.9452139349017,19.2021347847147,31.5670659129986,5.78297327997119e-05,0.00760458630036584,"ok"
11,"broad",0,"mlma",NA,NA,5000,5000,0,0,0,-0.000559917030461746,-0.000559917030461746,0.000970018015745663,0.0311451122288179,0.0312333207389501,1.00283217827196,0.0311470306646318,0.9484,0.0516,0.00312849612433834,0.0516,NA,NA,NA,NA,NA,NA,0,0,0.477180000000018,"broad",NA,NA,96,63,33,52269,642,"nk_majority",0.781688868174388,"independent",0.434246349676978,0.119276303030318,0.185123343627725,69168.5713619609,46.9452139349017,19.2021347847147,31.5670659129986,5.78297327997119e-05,0.00760458630036584,"ok"
11,"broad",0,"mlma_cr2",NA,NA,5000,5000,0,0,0,-0.000559917030461746,-0.000559917030461746,0.000970018015745663,0.0311451122288179,0.0313146665663471,1.00544401112712,0.0311470306646318,0.9532,0.0468,0.00298696367570816,0.0468,NA,63.5967808495679,63.622489822717,0.241443899601426,62.376944738479,64.1959765061849,0,0,0.54419199999991,"broad",NA,NA,96,63,33,52269,642,"nk_majority",0.781688868174388,"independent",0.434246349676978,0.119276303030318,0.185123343627725,69168.5713619609,46.9452139349017,19.2021347847147,31.5670659129986,5.78297327997119e-05,0.00760458630036584,"ok"
11,"broad",0.05,"aggregate_hksj",NA,NA,5000,5000,0,0,0,0.049439281212977,-0.000560718787022997,0.000970679156249187,0.0311557242934454,0.0312302313195828,1.0023914393848,0.0311576543721773,0.9502,0.3464,0.00672914615683149,NA,0.3464,94,94,0,94,94,0,0,0.0876820000000152,"broad",NA,NA,96,63,33,52269,642,"nk_majority",0.781688868174388,"independent",0.434246349676978,0.119276303030318,0.185123343627725,69168.5713619609,46.9452139349017,19.2021347847147,31.5670659129986,5.78297327997119e-05,0.00760458630036584,"ok"
11,"broad",0.05,"che_rve",NA,NA,5000,5000,0,0,0,0.0494427175964324,-0.000557282403567574,0.000968501601818911,0.0311207583747394,0.0312906931423181,1.00546049570941,0.0311226358969782,0.954,0.3418,0.00670779785026353,NA,0.3418,62.6098487686276,62.6485407142778,0.384493182038879,60.5182933006705,63.5635124274947,0,0,0.79992,"broad",NA,NA,96,63,33,52269,642,"nk_majority",0.781688868174388,"independent",0.434246349676978,0.119276303030318,0.185123343627725,69168.5713619609,46.9452139349017,19.2021347847147,31.5670659129986,5.78297327997119e-05,0.00760458630036584,"ok"
11,"broad",0.05,"mlma",NA,NA,5000,5000,0,0,0,0.0494400829688768,-0.00055991703112318,0.000970018015751578,0.0311451122289129,0.0312333207493595,1.00283217860312,0.0311470306647386,0.9484,0.3536,0.00676116912966981,NA,0.3536,NA,NA,NA,NA,NA,0,0,0.468983999999981,"broad",NA,NA,96,63,33,52269,642,"nk_majority",0.781688868174388,"independent",0.434246349676978,0.119276303030318,0.185123343627725,69168.5713619609,46.9452139349017,19.2021347847147,31.5670659129986,5.78297327997119e-05,0.00760458630036584,"ok"
11,"broad",0.05,"mlma_cr2",NA,NA,5000,5000,0,0,0,0.0494400829688768,-0.00055991703112318,0.000970018015751578,0.0311451122289129,0.0313146665665289,1.00544401112989,0.0311470306647386,0.9532,0.3432,0.00671436906939141,NA,0.3432,63.5967808503914,63.6224899700911,0.241443899909928,62.3769447469035,64.1959764917447,0,0,0.535806000000038,"broad",NA,NA,96,63,33,52269,642,"nk_majority",0.781688868174388,"independent",0.434246349676978,0.119276303030318,0.185123343627725,69168.5713619609,46.9452139349017,19.2021347847147,31.5670659129986,5.78297327997119e-05,0.00760458630036584,"ok"
11,"broad",0.1,"aggregate_hksj",NA,NA,5000,5000,0,0,0,0.099439281212977,-0.000560718787023004,0.000970679156249187,0.0311557242934454,0.0312302313195828,1.0023914393848,0.0311576543721773,0.9502,0.8778,0.00463178496910208,NA,0.8778,94,94,0,94,94,0,0,0.0876019999999786,"broad",NA,NA,96,63,33,52269,642,"nk_majority",0.781688868174388,"independent",0.434246349676978,0.119276303030318,0.185123343627725,69168.5713619609,46.9452139349017,19.2021347847147,31.5670659129986,5.78297327997119e-05,0.00760458630036584,"ok"
11,"broad",0.1,"che_rve",NA,NA,5000,5000,0,0,0,0.0994427176006863,-0.000557282399313727,0.0009685016015613,0.0311207583706005,0.0312906931407549,1.0054604957929,0.0311226358927642,0.954,0.8748,0.00468027691488442,NA,0.8748,62.6098487634524,62.6485407130642,0.384493181560443,60.518293317701,63.5635125012064,0,0,0.797795999999964,"broad",NA,NA,96,63,33,52269,642,"nk_majority",0.781688868174388,"independent",0.434246349676978,0.119276303030318,0.185123343627725,69168.5713619609,46.9452139349017,19.2021347847147,31.5670659129986,5.78297327997119e-05,0.00760458630036584,"ok"
11,"broad",0.1,"mlma",NA,NA,5000,5000,0,0,0,0.0994400829698422,-0.000559917030157828,0.000970018015754227,0.0311451122289554,0.0312333207437005,1.00283217842006,0.0311470306647638,0.9484,0.8838,0.00453205383904472,NA,0.8838,NA,NA,NA,NA,NA,0,0,0.472523999999907,"broad",NA,NA,96,63,33,52269,642,"nk_majority",0.781688868174388,"independent",0.434246349676978,0.119276303030318,0.185123343627725,69168.5713619609,46.9452139349017,19.2021347847147,31.5670659129986,5.78297327997119e-05,0.00760458630036584,"ok"
11,"broad",0.1,"mlma_cr2",NA,NA,5000,5000,0,0,0,0.0994400829698422,-0.000559917030157828,0.000970018015754227,0.0311451122289554,0.0313146665663646,1.00544401112325,0.0311470306647638,0.9532,0.875,0.00467707173346743,NA,0.875,63.5967808499311,63.6224898223596,0.24144389964825,62.3769447437534,64.1959764974113,0,0,0.539965999999967,"broad",NA,NA,96,63,33,52269,642,"nk_majority",0.781688868174388,"independent",0.434246349676978,0.119276303030318,0.185123343627725,69168.5713619609,46.9452139349017,19.2021347847147,31.5670659129986,5.78297327997119e-05,0.00760458630036584,"ok"
11,"broad",0.2,"aggregate_hksj",NA,NA,5000,5000,0,0,0,0.199439281212977,-0.00056071878702299,0.000970679156249187,0.0311557242934454,0.0312302313195828,1.0023914393848,0.0311576543721773,0.9502,1,0,NA,1,94,94,0,94,94,0,0,0.0874600000000151,"broad",NA,NA,96,63,33,52269,642,"nk_majority",0.781688868174388,"independent",0.434246349676978,0.119276303030318,0.185123343627725,69168.5713619609,46.9452139349017,19.2021347847147,31.5670659129986,5.78297327997119e-05,0.00760458630036584,"ok"
11,"broad",0.2,"che_rve",NA,NA,5000,5000,0,0,0,0.199442717595632,-0.00055728240436842,0.000968501601780805,0.0311207583741271,0.0312906931421006,1.0054604957222,0.0311226358963804,0.954,1,0,NA,1,62.6098487683419,62.6485407098284,0.384493181468839,60.5182933098278,63.5635125194873,0,0,0.800189999999967,"broad",NA,NA,96,63,33,52269,642,"nk_majority",0.781688868174388,"independent",0.434246349676978,0.119276303030318,0.185123343627725,69168.5713619609,46.9452139349017,19.2021347847147,31.5670659129986,5.78297327997119e-05,0.00760458630036584,"ok"
11,"broad",0.2,"mlma",NA,NA,5000,5000,0,0,0,0.199440082969606,-0.000559917030393958,0.000970018015727981,0.031145112228534,0.0312333207565543,1.00283217884633,0.0311470306643468,0.9484,1,0,NA,1,NA,NA,NA,NA,NA,0,0,0.470325999999921,"broad",NA,NA,96,63,33,52269,642,"nk_majority",0.781688868174388,"independent",0.434246349676978,0.119276303030318,0.185123343627725,69168.5713619609,46.9452139349017,19.2021347847147,31.5670659129986,5.78297327997119e-05,0.00760458630036584,"ok"
11,"broad",0.2,"mlma_cr2",NA,NA,5000,5000,0,0,0,0.199440082969606,-0.000559917030393958,0.000970018015727981,0.031145112228534,0.0313146665663333,1.00544401113585,0.0311470306643468,0.9532,1,0,NA,1,63.5967808510697,63.6224898256886,0.241443900102013,62.376944747954,64.1959765182681,0,0,0.537253999999903,"broad",NA,NA,96,63,33,52269,642,"nk_majority",0.781688868174388,"independent",0.434246349676978,0.119276303030318,0.185123343627725,69168.5713619609,46.9452139349017,19.2021347847147,31.5670659129986,5.78297327997119e-05,0.00760458630036584,"ok"
12,"broad",0,"aggregate_hksj",NA,NA,5000,5000,0,0,0,-0.00157149474531005,-0.00157149474531005,0.00480266823396752,0.0693012859474305,0.067307018755448,0.971223229631045,0.0693121727841168,0.9448,0.0552,0.0032296427046966,0.0552,NA,46,46,0,46,46,0,0,0.0508579999998881,"broad",NA,NA,48,29,19,5345,205,"n_majority",0.809123996472626,"positive",0.544501145330723,0.172458395538735,0.0797731818458415,5101.60331488216,11.7616107931133,4.42654238231685,4.95804241786822,0.000784067233987281,0.0280012005811765,"ok"
12,"broad",0,"che_rve",NA,NA,5000,5000,0,0,0,-0.00158104591889578,-0.00158104591889578,0.00480570579637138,0.0693231981112483,0.067050824599595,0.967220590313698,0.069334294266328,0.9438,0.0562,0.00325704037432759,0.0562,NA,28.5633717667092,28.9335909295931,2.49481176014029,14.6438740270533,33.9076522264258,0,0,0.413211999999918,"broad",NA,NA,48,29,19,5345,205,"n_majority",0.809123996472626,"positive",0.544501145330723,0.172458395538735,0.0797731818458415,5101.60331488216,11.7616107931133,4.42654238231685,4.95804241786822,0.000784067233987281,0.0280012005811765,"ok"
12,"broad",0,"mlma",NA,NA,5000,5000,0,0,0,-0.00145326093018124,-0.00145326093018124,0.00485268835269665,0.0696612399595116,0.066280030418413,0.951462110880257,0.0696694321948823,0.9328,0.0672,0.00354073890593475,0.0672,NA,NA,NA,NA,NA,NA,0,0,0.329925999999989,"broad",NA,NA,48,29,19,5345,205,"n_majority",0.809123996472626,"positive",0.544501145330723,0.172458395538735,0.0797731818458415,5101.60331488216,11.7616107931133,4.42654238231685,4.95804241786822,0.000784067233987281,0.0280012005811765,"ok"
12,"broad",0,"mlma_cr2",NA,NA,5000,5000,0,0,0,-0.00145326093018124,-0.00145326093018124,0.00485268835269665,0.0696612399595116,0.0677063104168047,0.9719366243862,0.0696694321948823,0.9444,0.0556,0.00324063697442339,0.0556,NA,32.5678530156893,32.7407626821469,1.40506185196932,25.1892023606316,35.6268582843388,0,0,0.363162000000119,"broad",NA,NA,48,29,19,5345,205,"n_majority",0.809123996472626,"positive",0.544501145330723,0.172458395538735,0.0797731818458415,5101.60331488216,11.7616107931133,4.42654238231685,4.95804241786822,0.000784067233987281,0.0280012005811765,"ok"
12,"broad",0.05,"aggregate_hksj",NA,NA,5000,5000,0,0,0,0.04842850525469,-0.00157149474531004,0.00480266823396752,0.0693012859474305,0.067307018755448,0.971223229631045,0.0693121727841168,0.9448,0.1146,0.0045048160894758,NA,0.1146,46,46,0,46,46,0,0,0.0512000000000087,"broad",NA,NA,48,29,19,5345,205,"n_majority",0.809123996472626,"positive",0.544501145330723,0.172458395538735,0.0797731818458415,5101.60331488216,11.7616107931133,4.42654238231685,4.95804241786822,0.000784067233987281,0.0280012005811765,"ok"
12,"broad",0.05,"che_rve",NA,NA,5000,5000,0,0,0,0.048418954080904,-0.00158104591909603,0.00480570579626933,0.0693231981105123,0.0670508245998791,0.967220590328066,0.0693342942655968,0.9438,0.1104,0.00443197111903947,NA,0.1104,28.5633717659641,28.9335909371645,2.49481175712661,14.6438740408992,33.9076522278162,0,0,0.410595999999897,"broad",NA,NA,48,29,19,5345,205,"n_majority",0.809123996472626,"positive",0.544501145330723,0.172458395538735,0.0797731818458415,5101.60331488216,11.7616107931133,4.42654238231685,4.95804241786822,0.000784067233987281,0.0280012005811765,"ok"
12,"broad",0.05,"mlma",NA,NA,5000,5000,0,0,0,0.0485467390731283,-0.00145326092687167,0.0048526883526453,0.069661239959143,0.0662800304094726,0.951462110756951,0.0696694321944448,0.9328,0.1286,0.0047341744792519,NA,0.1286,NA,NA,NA,NA,NA,0,0,0.329977999999924,"broad",NA,NA,48,29,19,5345,205,"n_majority",0.809123996472626,"positive",0.544501145330723,0.172458395538735,0.0797731818458415,5101.60331488216,11.7616107931133,4.42654238231685,4.95804241786822,0.000784067233987281,0.0280012005811765,"ok"
12,"broad",0.05,"mlma_cr2",NA,NA,5000,5000,0,0,0,0.0485467390731283,-0.00145326092687167,0.0048526883526453,0.069661239959143,0.0677063104156707,0.971936624375064,0.0696694321944448,0.9444,0.1094,0.00441433211256244,NA,0.1094,32.5678530133237,32.7407626960187,1.40506185392671,25.1892024046781,35.6268582848064,0,0,0.363733999999953,"broad",NA,NA,48,29,19,5345,205,"n_majority",0.809123996472626,"positive",0.544501145330723,0.172458395538735,0.0797731818458415,5101.60331488216,11.7616107931133,4.42654238231685,4.95804241786822,0.000784067233987281,0.0280012005811765,"ok"
12,"broad",0.1,"aggregate_hksj",NA,NA,5000,5000,0,0,0,0.0984285052546899,-0.00157149474531006,0.00480266823396752,0.0693012859474305,0.067307018755448,0.971223229631045,0.0693121727841168,0.9448,0.3006,0.00648443736957957,NA,0.3006,46,46,0,46,46,0,0,0.0509940000000934,"broad",NA,NA,48,29,19,5345,205,"n_majority",0.809123996472626,"positive",0.544501145330723,0.172458395538735,0.0797731818458415,5101.60331488216,11.7616107931133,4.42654238231685,4.95804241786822,0.000784067233987281,0.0280012005811765,"ok"
12,"broad",0.1,"che_rve",NA,NA,5000,5000,0,0,0,0.0984189540831965,-0.00158104591680348,0.00480570579623648,0.0693231981102753,0.0670508245983973,0.967220590309996,0.0693342942653076,0.9438,0.29,0.00641716448285378,NA,0.29,28.5633717664844,28.9335909242621,2.49481175832851,14.6438738988223,33.907652238485,0,0,0.412502000000022,"broad",NA,NA,48,29,19,5345,205,"n_majority",0.809123996472626,"positive",0.544501145330723,0.172458395538735,0.0797731818458415,5101.60331488216,11.7616107931133,4.42654238231685,4.95804241786822,0.000784067233987281,0.0280012005811765,"ok"
12,"broad",0.1,"mlma",NA,NA,5000,5000,0,0,0,0.0985467390550537,-0.0014532609449463,0.00485268835278071,0.0696612399601149,0.0662800303952233,0.951462110539125,0.0696694321957934,0.9328,0.3302,0.00665083393267341,NA,0.3302,NA,NA,NA,NA,NA,0,0,0.33024999999984,"broad",NA,NA,48,29,19,5345,205,"n_majority",0.809123996472626,"positive",0.544501145330723,0.172458395538735,0.0797731818458415,5101.60331488216,11.7616107931133,4.42654238231685,4.95804241786822,0.000784067233987281,0.0280012005811765,"ok"
12,"broad",0.1,"mlma_cr2",NA,NA,5000,5000,0,0,0,0.0985467390550537,-0.0014532609449463,0.00485268835278071,0.0696612399601149,0.0677063104173544,0.971936624385672,0.0696694321957934,0.9444,0.2934,0.00643919932910917,NA,0.2934,32.5678530091413,32.7407626811433,1.40506185572598,25.1892024094878,35.6268582845862,0,0,0.363759999999945,"broad",NA,NA,48,29,19,5345,205,"n_majority",0.809123996472626,"positive",0.544501145330723,0.172458395538735,0.0797731818458415,5101.60331488216,11.7616107931133,4.42654238231685,4.95804241786822,0.000784067233987281,0.0280012005811765,"ok"
12,"broad",0.2,"aggregate_hksj",NA,NA,5000,5000,0,0,0,0.19842850525469,-0.00157149474531004,0.00480266823396752,0.0693012859474305,0.067307018755448,0.971223229631045,0.0693121727841168,0.9448,0.8154,0.00548676298011861,NA,0.8154,46,46,0,46,46,0,0,0.0510740000001155,"broad",NA,NA,48,29,19,5345,205,"n_majority",0.809123996472626,"positive",0.544501145330723,0.172458395538735,0.0797731818458415,5101.60331488216,11.7616107931133,4.42654238231685,4.95804241786822,0.000784067233987281,0.0280012005811765,"ok"
12,"broad",0.2,"che_rve",NA,NA,5000,5000,0,0,0,0.198418954082157,-0.00158104591784319,0.00480570579613184,0.0693231981095206,0.0670508245993574,0.967220590334376,0.0693342942645769,0.9438,0.809,0.0055591186351795,NA,0.809,28.5633717666245,28.933590924549,2.49481175815616,14.6438739505538,33.907652224426,0,0,0.411421999999907,"broad",NA,NA,48,29,19,5345,205,"n_majority",0.809123996472626,"positive",0.544501145330723,0.172458395538735,0.0797731818458415,5101.60331488216,11.7616107931133,4.42654238231685,4.95804241786822,0.000784067233987281,0.0280012005811765,"ok"
12,"broad",0.2,"mlma",NA,NA,5000,5000,0,0,0,0.198546739068706,-0.00145326093129408,0.00485268835200554,0.069661239954551,0.0662800304073975,0.951462110789882,0.0696694321899465,0.9328,0.8352,0.00524673155402485,NA,0.8352,NA,NA,NA,NA,NA,0,0,0.329703999999922,"broad",NA,NA,48,29,19,5345,205,"n_majority",0.809123996472626,"positive",0.544501145330723,0.172458395538735,0.0797731818458415,5101.60331488216,11.7616107931133,4.42654238231685,4.95804241786822,0.000784067233987281,0.0280012005811765,"ok"
12,"broad",0.2,"mlma_cr2",NA,NA,5000,5000,0,0,0,0.198546739068706,-0.00145326093129408,0.00485268835200554,0.069661239954551,0.0677063104167719,0.97193662445494,0.0696694321899465,0.9444,0.804,0.00561398254361376,NA,0.804,32.5678530131941,32.740762676359,1.40506185278956,25.1892023966056,35.626858284749,0,0,0.36310399999994,"broad",NA,NA,48,29,19,5345,205,"n_majority",0.809123996472626,"positive",0.544501145330723,0.172458395538735,0.0797731818458415,5101.60331488216,11.7616107931133,4.42654238231685,4.95804241786822,0.000784067233987281,0.0280012005811765,"ok"
13,"broad",0,"aggregate_hksj",NA,NA,5000,5000,0,0,0,-0.000528493785378547,-0.000528493785378547,0.00916211052372622,0.095718914137835,0.0880580406069904,0.919964893042843,0.0957108008915538,0.9272,0.0728,0.00367423896882062,0.0728,NA,70,70,0,70,70,0,0,0.0702460000000283,"broad",NA,NA,72,60,12,15236,284,"nk_majority",0.884390638585755,"independent",0.673240457929205,0.229541176174826,0.195861830492737,5990.01051061402,44.0349711814353,11.2176608428012,11.948317415817,0.000667778460974682,0.0258414098101222,"ok"
13,"broad",0,"che_rve",NA,NA,5000,4999,1,0,2e-04,-0.000557905282128763,-0.000557905282128763,0.00903335930057648,0.0950439861357702,0.0912937339237676,0.960541930484213,0.0950361169535748,0.946989397879576,0.0530106021204241,0.00316892790348129,0.0530106021204241,NA,14.4683781529834,14.493966027113,0.22572115995605,12.9147475092947,15.0318212619177,0,0,0.572552510502118,"broad",NA,NA,72,60,12,15236,284,"nk_majority",0.884390638585755,"independent",0.673240457929205,0.229541176174826,0.195861830492737,5990.01051061402,44.0349711814353,11.2176608428012,11.948317415817,0.000667778460974682,0.0258414098101222,"ok"
13,"broad",0,"mlma",NA,NA,5000,5000,0,0,0,-0.000549094714776747,-0.000549094714776747,0.00902986487017313,0.0950256011302908,0.0928081109381331,0.97666428661559,0.0950176846813523,0.942,0.058,0.00330563155841664,0.058,NA,NA,NA,NA,NA,NA,0,0,0.392868000000055,"broad",NA,NA,72,60,12,15236,284,"nk_majority",0.884390638585755,"independent",0.673240457929205,0.229541176174826,0.195861830492737,5990.01051061402,44.0349711814353,11.2176608428012,11.948317415817,0.000667778460974682,0.0258414098101222,"ok"
13,"broad",0,"mlma_cr2",NA,NA,5000,5000,0,0,0,-0.000549094714776747,-0.000549094714776747,0.00902986487017313,0.0950256011302908,0.09130910841148,0.960889563711203,0.0950176846813523,0.9462,0.0538,0.00319078548323136,0.0538,NA,14.4846161264162,14.5106437385862,0.229239749842699,12.9071538932471,15.0598462433558,0,0,0.442107999999981,"broad",NA,NA,72,60,12,15236,284,"nk_majority",0.884390638585755,"independent",0.673240457929205,0.229541176174826,0.195861830492737,5990.01051061402,44.0349711814353,11.2176608428012,11.948317415817,0.000667778460974682,0.0258414098101222,"ok"
13,"broad",0.05,"aggregate_hksj",NA,NA,5000,5000,0,0,0,0.0494715062146215,-0.000528493785378545,0.00916211052372622,0.095718914137835,0.0880580406069904,0.919964893042842,0.0957108008915538,0.9272,0.1092,0.0044107904053582,NA,0.1092,70,70,0,70,70,0,0,0.070692000000042,"broad",NA,NA,72,60,12,15236,284,"nk_majority",0.884390638585755,"independent",0.673240457929205,0.229541176174826,0.195861830492737,5990.01051061402,44.0349711814353,11.2176608428012,11.948317415817,0.000667778460974682,0.0258414098101222,"ok"
13,"broad",0.05,"che_rve",NA,NA,5000,4999,1,0,2e-04,0.049442094715558,-0.000557905284442023,0.00903335929918259,0.0950439861284373,0.0912937339226877,0.960541930546961,0.0950361169462563,0.946989397879576,0.0824164832966593,0.00388945071712065,NA,0.0824164832966593,14.468378153139,14.4939660190577,0.225721159307063,12.9147475092947,15.0318212611374,0,0,0.568913782756452,"broad",NA,NA,72,60,12,15236,284,"nk_majority",0.884390638585755,"independent",0.673240457929205,0.229541176174826,0.195861830492737,5990.01051061402,44.0349711814353,11.2176608428012,11.948317415817,0.000667778460974682,0.0258414098101222,"ok"
13,"broad",0.05,"mlma",NA,NA,5000,4999,1,0,2e-04,0.0494726689982432,-0.000527331001756774,0.00902930279573932,0.0950226435947733,0.0928100387369291,0.97671497261979,0.0950146023089147,0.941988397679536,0.0952190438087618,0.00415137595086719,NA,0.0952190438087618,NA,NA,NA,NA,NA,0,0,0.391660332066469,"broad",NA,NA,72,60,12,15236,284,"nk_majority",0.884390638585755,"independent",0.673240457929205,0.229541176174826,0.195861830492737,5990.01051061402,44.0349711814353,11.2176608428012,11.948317415817,0.000667778460974682,0.0258414098101222,"ok"
13,"broad",0.05,"mlma_cr2",NA,NA,5000,4999,1,0,2e-04,0.0494726689982432,-0.000527331001756774,0.00902930279573932,0.0950226435947733,0.0913134778294472,0.960965453864407,0.0950146023089147,0.946189237847569,0.0828165633126625,0.00389802962504648,NA,0.0828165633126625,14.4846961579673,14.5106731111549,0.229192813032921,12.9071538917958,15.0598462452256,0,0,0.440712142428493,"broad",NA,NA,72,60,12,15236,284,"nk_majority",0.884390638585755,"independent",0.673240457929205,0.229541176174826,0.195861830492737,5990.01051061402,44.0349711814353,11.2176608428012,11.948317415817,0.000667778460974682,0.0258414098101222,"ok"
13,"broad",0.1,"aggregate_hksj",NA,NA,5000,5000,0,0,0,0.0994715062146215,-0.000528493785378545,0.00916211052372622,0.095718914137835,0.0880580406069904,0.919964893042843,0.0957108008915538,0.9272,0.2134,0.00579414255951646,NA,0.2134,70,70,0,70,70,0,0,0.0701760000000999,"broad",NA,NA,72,60,12,15236,284,"nk_majority",0.884390638585755,"independent",0.673240457929205,0.229541176174826,0.195861830492737,5990.01051061402,44.0349711814353,11.2176608428012,11.948317415817,0.000667778460974682,0.0258414098101222,"ok"
13,"broad",0.1,"che_rve",NA,NA,5000,4998,2,0,4e-04,0.0994541332894807,-0.000545866710519288,0.009034442419359,0.0950496839519154,0.0912874817134337,0.960418571824132,0.0950417422940897,0.946978791516607,0.177470988395358,0.00540432142,NA,0.177470988395358,14.4683527284813,14.4939609483019,0.22573658523654,12.9147475127055,15.0318212615431,0,0,0.569887955181995,"broad",NA,NA,72,60,12,15236,284,"nk_majority",0.884390638585755,"independent",0.673240457929205,0.229541176174826,0.195861830492737,5990.01051061402,44.0349711814353,11.2176608428012,11.948317415817,0.000667778460974682,0.0258414098101222,"ok"
13,"broad",0.1,"mlma",NA,NA,5000,5000,0,0,0,0.0994509052862542,-0.000549094713745771,0.00902986487070499,0.0950256011330894,0.092808110952752,0.976664286740669,0.0950176846841445,0.942,0.196,0.00561398254361376,NA,0.196,NA,NA,NA,NA,NA,0,0,0.389663999999911,"broad",NA,NA,72,60,12,15236,284,"nk_majority",0.884390638585755,"independent",0.673240457929205,0.229541176174826,0.195861830492737,5990.01051061402,44.0349711814353,11.2176608428012,11.948317415817,0.000667778460974682,0.0258414098101222,"ok"
13,"broad",0.1,"mlma_cr2",NA,NA,5000,5000,0,0,0,0.0994509052862542,-0.000549094713745771,0.00902986487070499,0.0950256011330894,0.0913091084116174,0.960889563684351,0.0950176846841445,0.9462,0.1772,0.00540000296296215,NA,0.1772,14.484616126765,14.5106437345623,0.229239749642046,12.9071538917958,15.0598462433558,0,0,0.43853399999995,"broad",NA,NA,72,60,12,15236,284,"nk_majority",0.884390638585755,"independent",0.673240457929205,0.229541176174826,0.195861830492737,5990.01051061402,44.0349711814353,11.2176608428012,11.948317415817,0.000667778460974682,0.0258414098101222,"ok"
13,"broad",0.2,"aggregate_hksj",NA,NA,5000,5000,0,0,0,0.199471506214621,-0.000528493785378531,0.00916211052372622,0.095718914137835,0.0880580406069904,0.919964893042842,0.0957108008915538,0.9272,0.5926,0.00694874434700256,NA,0.5926,70,70,0,70,70,0,0,0.0703919999999285,"broad",NA,NA,72,60,12,15236,284,"nk_majority",0.884390638585755,"independent",0.673240457929205,0.229541176174826,0.195861830492737,5990.01051061402,44.0349711814353,11.2176608428012,11.948317415817,0.000667778460974682,0.0258414098101222,"ok"
13,"broad",0.2,"che_rve",NA,NA,5000,4998,2,0,4e-04,0.199405715927977,-0.000594284072023304,0.00902854997687214,0.095018682251819,0.0912916042850058,0.960775314091016,0.0950110347163002,0.946978791516607,0.514005602240896,0.00706970727297419,NA,0.514005602240896,14.4683519706853,14.4939609514297,0.225736152818238,12.9147475088008,15.0318212615055,0,0,0.570110044017497,"broad",NA,NA,72,60,12,15236,284,"nk_majority",0.884390638585755,"independent",0.673240457929205,0.229541176174826,0.195861830492737,5990.01051061402,44.0349711814353,11.2176608428012,11.948317415817,0.000667778460974682,0.0258414098101222,"ok"
13,"broad",0.2,"mlma",NA,NA,5000,4999,1,0,2e-04,0.199438574246978,-0.000561425753021871,0.00903091114015466,0.0950311061713724,0.0928088309613119,0.976615286303697,0.0950232592342216,0.941988397679536,0.565913182636527,0.00701005839167376,NA,0.565913182636527,NA,NA,NA,NA,NA,0,0,0.389953990798242,"broad",NA,NA,72,60,12,15236,284,"nk_majority",0.884390638585755,"independent",0.673240457929205,0.229541176174826,0.195861830492737,5990.01051061402,44.0349711814353,11.2176608428012,11.948317415817,0.000667778460974682,0.0258414098101222,"ok"
13,"broad",0.2,"mlma_cr2",NA,NA,5000,4999,1,0,2e-04,0.199438574246978,-0.000561425753021871,0.00903091114015466,0.0950311061713724,0.0913134942842197,0.960880052469887,0.0950232592342216,0.946189237847569,0.514702940588118,0.00706871686087541,NA,0.514702940588118,14.4846300565697,14.5106730992436,0.229260564536263,12.9071538922542,15.0598462399579,0,0,0.439195839167955,"broad",NA,NA,72,60,12,15236,284,"nk_majority",0.884390638585755,"independent",0.673240457929205,0.229541176174826,0.195861830492737,5990.01051061402,44.0349711814353,11.2176608428012,11.948317415817,0.000667778460974682,0.0258414098101222,"ok"
14,"broad",0,"aggregate_hksj",NA,NA,5000,5000,0,0,0,-0.000926310579207803,-0.000926310579207803,0.00120664576928774,0.0347368071256951,0.0324408148444017,0.933903185949551,0.0347456830616846,0.9368,0.0632,0.00344109749934523,0.0632,NA,58,58,0,58,58,0,0,0.0585439999999799,"broad",NA,NA,60,45,15,17117,356,"nk_majority",0.775819862656063,"independent",0.243941784126218,0.0701158740626415,0.111340670826961,15531.4906973111,42.8804903039252,13.8560523114728,19.1095655241911,0.000257541280354531,0.0160480927326125,"ok"
14,"broad",0,"che_rve",NA,NA,5000,5000,0,0,0,-0.000666054493798466,-0.000666054493798466,0.00108234408005362,0.0328989981618533,0.0325250250008202,0.988632688472967,0.0329024503620372,0.9492,0.0508,0.00310545842026584,0.0508,NA,17.5498609478497,17.7306075715938,1.44548235118166,9.06650930509801,21.019963622271,0,0,0.595146000000212,"broad",NA,NA,60,45,15,17117,356,"nk_majority",0.775819862656063,"independent",0.243941784126218,0.0701158740626415,0.111340670826961,15531.4906973111,42.8804903039252,13.8560523114728,19.1095655241911,0.000257541280354531,0.0160480927326125,"ok"
14,"broad",0,"mlma",NA,NA,5000,5000,0,0,0,-0.000665782087058674,-0.000665782087058674,0.00108170275824778,0.0328892498887978,0.0327493531766952,0.9957464304423,0.0328926995469144,0.9462,0.0538,0.00319078548323136,0.0538,NA,NA,NA,NA,NA,NA,0,0,0.395862000000276,"broad",NA,NA,60,45,15,17117,356,"nk_majority",0.775819862656063,"independent",0.243941784126218,0.0701158740626415,0.111340670826961,15531.4906973111,42.8804903039252,13.8560523114728,19.1095655241911,0.000257541280354531,0.0160480927326125,"ok"
14,"broad",0,"mlma_cr2",NA,NA,5000,5000,0,0,0,-0.000665782087058674,-0.000665782087058674,0.00108170275824778,0.0328892498887978,0.032528593457889,0.989034215370427,0.0328926995469144,0.9492,0.0508,0.00310545842026584,0.0508,NA,17.6512298483161,17.815166668131,1.39830704907372,9.41229430391681,21.0558149515269,0,0,0.439313999999972,"broad",NA,NA,60,45,15,17117,356,"nk_majority",0.775819862656063,"independent",0.243941784126218,0.0701158740626415,0.111340670826961,15531.4906973111,42.8804903039252,13.8560523114728,19.1095655241911,0.000257541280354531,0.0160480927326125,"ok"
14,"broad",0.05,"aggregate_hksj",NA,NA,5000,5000,0,0,0,0.0490736894207922,-0.000926310579207806,0.00120664576928774,0.0347368071256951,0.0324408148444017,0.933903185949551,0.0347456830616846,0.9368,0.3278,0.00663848115158882,NA,0.3278,58,58,0,58,58,0,0,0.0590820000000094,"broad",NA,NA,60,45,15,17117,356,"nk_majority",0.775819862656063,"independent",0.243941784126218,0.0701158740626415,0.111340670826961,15531.4906973111,42.8804903039252,13.8560523114728,19.1095655241911,0.000257541280354531,0.0160480927326125,"ok"
14,"broad",0.05,"che_rve",NA,NA,5000,5000,0,0,0,0.0493339455026352,-0.000666054497364829,0.00108234408013471,0.0328989981630857,0.0325250250015261,0.988632688457388,0.0329024503633414,0.9492,0.292,0.00643017884665738,NA,0.292,17.5498609466142,17.7306075814326,1.44548234977151,9.06650930110056,21.0199636709902,0,0,0.59234599999995,"broad",NA,NA,60,45,15,17117,356,"nk_majority",0.775819862656063,"independent",0.243941784126218,0.0701158740626415,0.111340670826961,15531.4906973111,42.8804903039252,13.8560523114728,19.1095655241911,0.000257541280354531,0.0160480927326125,"ok"
14,"broad",0.05,"mlma",NA,NA,5000,5000,0,0,0,0.0493342179132585,-0.000665782086741472,0.00108170275802098,0.0328892498853498,0.0327493531765419,0.995746430542029,0.0328926995434611,0.9462,0.3278,0.00663848115158882,NA,0.3278,NA,NA,NA,NA,NA,0,0,0.392658000000121,"broad",NA,NA,60,45,15,17117,356,"nk_majority",0.775819862656063,"independent",0.243941784126218,0.0701158740626415,0.111340670826961,15531.4906973111,42.8804903039252,13.8560523114728,19.1095655241911,0.000257541280354531,0.0160480927326125,"ok"
14,"broad",0.05,"mlma_cr2",NA,NA,5000,5000,0,0,0,0.0493342179132585,-0.000665782086741472,0.00108170275802098,0.0328892498853498,0.0325285934573999,0.98903421545924,0.0328926995434611,0.9492,0.292,0.00643017884665738,NA,0.292,17.651229846868,17.8151666885281,1.39830705118698,9.41229431211147,21.0558149572862,0,0,0.436242000000062,"broad",NA,NA,60,45,15,17117,356,"nk_majority",0.775819862656063,"independent",0.243941784126218,0.0701158740626415,0.111340670826961,15531.4906973111,42.8804903039252,13.8560523114728,19.1095655241911,0.000257541280354531,0.0160480927326125,"ok"
14,"broad",0.1,"aggregate_hksj",NA,NA,5000,5000,0,0,0,0.0990736894207922,-0.000926310579207806,0.00120664576928774,0.0347368071256951,0.0324408148444017,0.933903185949551,0.0347456830616846,0.9368,0.8322,0.0052847546773715,NA,0.8322,58,58,0,58,58,0,0,0.0590640000001295,"broad",NA,NA,60,45,15,17117,356,"nk_majority",0.775819862656063,"independent",0.243941784126218,0.0701158740626415,0.111340670826961,15531.4906973111,42.8804903039252,13.8560523114728,19.1095655241911,0.000257541280354531,0.0160480927326125,"ok"
14,"broad",0.1,"che_rve",NA,NA,5000,5000,0,0,0,0.0993339455060433,-0.00066605449395675,0.00108234407989144,0.0328989981593884,0.0325250250014545,0.98863268856632,0.0329024503595763,0.9492,0.8098,0.00555020648264549,NA,0.8098,17.5498609459437,17.7306075757907,1.4454823523086,9.06650930948395,21.0199636461818,0,0,0.592209999999867,"broad",NA,NA,60,45,15,17117,356,"nk_majority",0.775819862656063,"independent",0.243941784126218,0.0701158740626415,0.111340670826961,15531.4906973111,42.8804903039252,13.8560523114728,19.1095655241911,0.000257541280354531,0.0160480927326125,"ok"
14,"broad",0.1,"mlma",NA,NA,5000,5000,0,0,0,0.0993342179114948,-0.000665782088505179,0.00108170275826265,0.0328892498890237,0.0327493531824813,0.995746430611388,0.0328926995471695,0.9462,0.8542,0.00499083880725475,NA,0.8542,NA,NA,NA,NA,NA,0,0,0.3916819999998,"broad",NA,NA,60,45,15,17117,356,"nk_majority",0.775819862656063,"independent",0.243941784126218,0.0701158740626415,0.111340670826961,15531.4906973111,42.8804903039252,13.8560523114728,19.1095655241911,0.000257541280354531,0.0160480927326125,"ok"
14,"broad",0.1,"mlma_cr2",NA,NA,5000,5000,0,0,0,0.0993342179114948,-0.000665782088505179,0.00108170275826265,0.0328892498890237,0.0325285934593411,0.989034215407785,0.0328926995471695,0.9492,0.8114,0.00553226969696887,NA,0.8114,17.6512298528101,17.8151665744564,1.39830704942121,9.41229428816804,21.055814956145,0,0,0.435441999999664,"broad",NA,NA,60,45,15,17117,356,"nk_majority",0.775819862656063,"independent",0.243941784126218,0.0701158740626415,0.111340670826961,15531.4906973111,42.8804903039252,13.8560523114728,19.1095655241911,0.000257541280354531,0.0160480927326125,"ok"
14,"broad",0.2,"aggregate_hksj",NA,NA,5000,5000,0,0,0,0.199073689420792,-0.000926310579207806,0.00120664576928774,0.0347368071256951,0.0324408148444017,0.933903185949551,0.0347456830616846,0.9368,1,0,NA,1,58,58,0,58,58,0,0,0.0590980000001291,"broad",NA,NA,60,45,15,17117,356,"nk_majority",0.775819862656063,"independent",0.243941784126218,0.0701158740626415,0.111340670826961,15531.4906973111,42.8804903039252,13.8560523114728,19.1095655241911,0.000257541280354531,0.0160480927326125,"ok"
14,"broad",0.2,"che_rve",NA,NA,5000,5000,0,0,0,0.199333945506917,-0.000666054493082824,0.00108234407933582,0.0328989981509441,0.0325250250009385,0.98863268880439,0.0329024503511169,0.9492,0.9998,0.000199979998999889,NA,0.9998,17.5498609435642,17.7306075761225,1.44548235292543,9.066509293258,21.0199637081624,0,0,0.592657999999987,"broad",NA,NA,60,45,15,17117,356,"nk_majority",0.775819862656063,"independent",0.243941784126218,0.0701158740626415,0.111340670826961,15531.4906973111,42.8804903039252,13.8560523114728,19.1095655241911,0.000257541280354531,0.0160480927326125,"ok"
14,"broad",0.2,"mlma",NA,NA,5000,5000,0,0,0,0.199334217909699,-0.00066578209030127,0.00108170275832715,0.0328892498900043,0.0327493531828503,0.995746430592917,0.0328926995481862,0.9462,1,0,NA,1,NA,NA,NA,NA,NA,0,0,0.39319399999984,"broad",NA,NA,60,45,15,17117,356,"nk_majority",0.775819862656063,"independent",0.243941784126218,0.0701158740626415,0.111340670826961,15531.4906973111,42.8804903039252,13.8560523114728,19.1095655241911,0.000257541280354531,0.0160480927326125,"ok"
14,"broad",0.2,"mlma_cr2",NA,NA,5000,5000,0,0,0,0.199334217909699,-0.00066578209030127,0.00108170275832715,0.0328892498900043,0.0325285934588445,0.989034215363194,0.0328926995481862,0.9492,0.9998,0.000199979998999889,NA,0.9998,17.6512298498672,17.8151666451013,1.3983070511871,9.41229430940204,21.0558149556052,0,0,0.436972000000018,"broad",NA,NA,60,45,15,17117,356,"nk_majority",0.775819862656063,"independent",0.243941784126218,0.0701158740626415,0.111340670826961,15531.4906973111,42.8804903039252,13.8560523114728,19.1095655241911,0.000257541280354531,0.0160480927326125,"ok"
15,"broad",0,"aggregate_hksj",NA,NA,5000,5000,0,0,0,0.00128162184600463,0.00128162184600463,0.00829361363563662,0.0910692793187506,0.0872765524164568,0.958353388424005,0.0910691905501836,0.9446,0.0554,0.00323514574633045,0.0554,NA,28,28,0,28,28,0,0,0.0362179999999791,"broad",NA,NA,30,21,9,5999,143,"nk_majority",0.841615885188366,"positive",0.405208183205687,0.160151764917653,0.153768339852511,3508.63960845115,5.31415314999927,2.42358223765458,1.72915477707515,0.00114004299283555,0.0337645226952129,"ok"
15,"broad",0,"che_rve",NA,NA,5000,5000,0,0,0,0.00138830634679096,0.00138830634679096,0.00827081966453146,0.0909440468889056,0.0868754539617191,0.95526268000635,0.0909455490670714,0.9514,0.0486,0.0030409879973456,0.0486,NA,10.3080586531104,10.5070109013249,1.24384415709642,3.49041611174862,12.9955358037895,4e-04,0,0.369782000000042,"broad",NA,NA,30,21,9,5999,143,"nk_majority",0.841615885188366,"positive",0.405208183205687,0.160151764917653,0.153768339852511,3508.63960845115,5.31415314999927,2.42358223765458,1.72915477707515,0.00114004299283555,0.0337645226952129,"ok"
15,"broad",0,"mlma",NA,NA,5000,5000,0,0,0,0.00134847006075738,0.00134847006075738,0.00827678453031849,0.0909768351302599,0.087651411236051,0.963447575534502,0.0909777310385195,0.9366,0.0634,0.00344617004803884,0.0634,NA,NA,NA,NA,NA,NA,0,0,0.294915999999937,"broad",NA,NA,30,21,9,5999,143,"nk_majority",0.841615885188366,"positive",0.405208183205687,0.160151764917653,0.153768339852511,3508.63960845115,5.31415314999927,2.42358223765458,1.72915477707515,0.00114004299283555,0.0337645226952129,"ok"
15,"broad",0,"mlma_cr2",NA,NA,5000,5000,0,0,0,0.00134847006075738,0.00134847006075738,0.00827678453031849,0.0909768351302599,0.0870419570703935,0.956748571719026,0.0909777310385195,0.951,0.049,0.00305283474822991,0.049,NA,10.6423464569549,10.8105857812222,1.10332190360539,3.77874863558781,13.0627785893534,0,0,0.318113999999916,"broad",NA,NA,30,21,9,5999,143,"nk_majority",0.841615885188366,"positive",0.405208183205687,0.160151764917653,0.153768339852511,3508.63960845115,5.31415314999927,2.42358223765458,1.72915477707515,0.00114004299283555,0.0337645226952129,"ok"
15,"broad",0.05,"aggregate_hksj",NA,NA,5000,5000,0,0,0,0.0512816218460046,0.00128162184600463,0.00829361363563662,0.0910692793187506,0.0872765524164568,0.958353388424004,0.0910691905501836,0.9446,0.0948,0.00414277588097643,NA,0.0948,28,28,0,28,28,0,0,0.0359740000000516,"broad",NA,NA,30,21,9,5999,143,"nk_majority",0.841615885188366,"positive",0.405208183205687,0.160151764917653,0.153768339852511,3508.63960845115,5.31415314999927,2.42358223765458,1.72915477707515,0.00114004299283555,0.0337645226952129,"ok"
15,"broad",0.05,"che_rve",NA,NA,5000,5000,0,0,0,0.0513883063468266,0.00138830634682659,0.0082708196640263,0.0909440468861283,0.0868754539623009,0.95526268004192,0.0909455490642952,0.9514,0.0872,0.00398989122658751,NA,0.0872,10.3080586538065,10.5070109049106,1.2438441561109,3.49041605788875,12.9955357982797,4e-04,0,0.368507999999994,"broad",NA,NA,30,21,9,5999,143,"nk_majority",0.841615885188366,"positive",0.405208183205687,0.160151764917653,0.153768339852511,3508.63960845115,5.31415314999927,2.42358223765458,1.72915477707515,0.00114004299283555,0.0337645226952129,"ok"
15,"broad",0.05,"mlma",NA,NA,5000,5000,0,0,0,0.051348470063182,0.00134847006318196,0.00827678453021591,0.0909768351296961,0.0876514112335951,0.963447575513478,0.0909777310379917,0.9366,0.1084,0.00439657685023246,NA,0.1084,NA,NA,NA,NA,NA,0,0,0.294460000000099,"broad",NA,NA,30,21,9,5999,143,"nk_majority",0.841615885188366,"positive",0.405208183205687,0.160151764917653,0.153768339852511,3508.63960845115,5.31415314999927,2.42358223765458,1.72915477707515,0.00114004299283555,0.0337645226952129,"ok"
15,"broad",0.05,"mlma_cr2",NA,NA,5000,5000,0,0,0,0.051348470063182,0.00134847006318196,0.00827678453021591,0.0909768351296961,0.0870419570707643,0.956748571729031,0.0909777310379917,0.951,0.0886,0.0040187072548271,NA,0.0886,10.6423464566674,10.8105857808943,1.10332190381278,3.77874861010943,13.0627785931663,0,0,0.317568000000094,"broad",NA,NA,30,21,9,5999,143,"nk_majority",0.841615885188366,"positive",0.405208183205687,0.160151764917653,0.153768339852511,3508.63960845115,5.31415314999927,2.42358223765458,1.72915477707515,0.00114004299283555,0.0337645226952129,"ok"
15,"broad",0.1,"aggregate_hksj",NA,NA,5000,5000,0,0,0,0.101281621846005,0.00128162184600462,0.00829361363563662,0.0910692793187506,0.0872765524164568,0.958353388424005,0.0910691905501836,0.9446,0.208,0.00573996515668867,NA,0.208,28,28,0,28,28,0,0,0.0358280000000094,"broad",NA,NA,30,21,9,5999,143,"nk_majority",0.841615885188366,"positive",0.405208183205687,0.160151764917653,0.153768339852511,3508.63960845115,5.31415314999927,2.42358223765458,1.72915477707515,0.00114004299283555,0.0337645226952129,"ok"
15,"broad",0.1,"che_rve",NA,NA,5000,5000,0,0,0,0.101388306358763,0.00138830635876269,0.00827081966631263,0.0909440468986982,0.0868754539644742,0.955262679933784,0.0909455490770447,0.9514,0.188,0.0055255045018532,NA,0.188,10.3080586528923,10.5070109028728,1.24384415584239,3.49041615937054,12.9955357997928,4e-04,0,0.36762800000006,"broad",NA,NA,30,21,9,5999,143,"nk_majority",0.841615885188366,"positive",0.405208183205687,0.160151764917653,0.153768339852511,3508.63960845115,5.31415314999927,2.42358223765458,1.72915477707515,0.00114004299283555,0.0337645226952129,"ok"
15,"broad",0.1,"mlma",NA,NA,5000,5000,0,0,0,0.101348470060434,0.0013484700604339,0.00827678453070886,0.0909768351324054,0.0876514112234874,0.963447575373684,0.0909777310406597,0.9366,0.2286,0.00593872107444019,NA,0.2286,NA,NA,NA,NA,NA,0,0,0.294440000000034,"broad",NA,NA,30,21,9,5999,143,"nk_majority",0.841615885188366,"positive",0.405208183205687,0.160151764917653,0.153768339852511,3508.63960845115,5.31415314999927,2.42358223765458,1.72915477707515,0.00114004299283555,0.0337645226952129,"ok"
15,"broad",0.1,"mlma_cr2",NA,NA,5000,5000,0,0,0,0.101348470060434,0.0013484700604339,0.00827678453070886,0.0909768351324054,0.0870419570700472,0.956748571692657,0.0909777310406597,0.951,0.1858,0.00550051561219491,NA,0.1858,10.6423464560487,10.8105857822688,1.10332190335044,3.77874862597475,13.0627785935239,0,0,0.317687999999891,"broad",NA,NA,30,21,9,5999,143,"nk_majority",0.841615885188366,"positive",0.405208183205687,0.160151764917653,0.153768339852511,3508.63960845115,5.31415314999927,2.42358223765458,1.72915477707515,0.00114004299283555,0.0337645226952129,"ok"
15,"broad",0.2,"aggregate_hksj",NA,NA,5000,5000,0,0,0,0.201281621846005,0.00128162184600464,0.00829361363563662,0.0910692793187506,0.0872765524164568,0.958353388424005,0.0910691905501836,0.9446,0.5906,0.00695401524300889,NA,0.5906,28,28,0,28,28,0,0,0.0360160000000031,"broad",NA,NA,30,21,9,5999,143,"nk_majority",0.841615885188366,"positive",0.405208183205687,0.160151764917653,0.153768339852511,3508.63960845115,5.31415314999927,2.42358223765458,1.72915477707515,0.00114004299283555,0.0337645226952129,"ok"
15,"broad",0.2,"che_rve",NA,NA,5000,5000,0,0,0,0.201388306343759,0.00138830634375911,0.00827081966456542,0.0909440468890923,0.0868754539607307,0.95526267999352,0.0909455490672118,0.9514,0.5336,0.00705508384074917,NA,0.5336,10.3080586533715,10.5070109019429,1.24384415682796,3.49041603225481,12.9955357994058,4e-04,0,0.368486000000061,"broad",NA,NA,30,21,9,5999,143,"nk_majority",0.841615885188366,"positive",0.405208183205687,0.160151764917653,0.153768339852511,3508.63960845115,5.31415314999927,2.42358223765458,1.72915477707515,0.00114004299283555,0.0337645226952129,"ok"
15,"broad",0.2,"mlma",NA,NA,5000,5000,0,0,0,0.201348470062737,0.00134847006273703,0.00827678453017034,0.0909768351294457,0.0876514112331267,0.963447575510981,0.0909777310377348,0.9366,0.6172,0.00687406953703554,NA,0.6172,NA,NA,NA,NA,NA,0,0,0.29349000000004,"broad",NA,NA,30,21,9,5999,143,"nk_majority",0.841615885188366,"positive",0.405208183205687,0.160151764917653,0.153768339852511,3508.63960845115,5.31415314999927,2.42358223765458,1.72915477707515,0.00114004299283555,0.0337645226952129,"ok"
15,"broad",0.2,"mlma_cr2",NA,NA,5000,5000,0,0,0,0.201348470062737,0.00134847006273703,0.00827678453017034,0.0909768351294457,0.0870419570710958,0.956748571735309,0.0909777310377348,0.951,0.5356,0.00705312186198424,NA,0.5356,10.6423464569058,10.8105857828884,1.1033219029384,3.77874860413357,13.0627785877537,0,0,0.316722000000058,"broad",NA,NA,30,21,9,5999,143,"nk_majority",0.841615885188366,"positive",0.405208183205687,0.160151764917653,0.153768339852511,3508.63960845115,5.31415314999927,2.42358223765458,1.72915477707515,0.00114004299283555,0.0337645226952129,"ok"
16,"broad",0,"aggregate_hksj",NA,NA,5000,5000,0,0,0,0.00142467241636751,0.00142467241636751,0.00235576947947094,0.0485362697317268,0.0490524225634576,1.01063437372884,0.0485523224683331,0.9524,0.0476,0.00301112072159188,0.0476,NA,70,70,0,70,70,0,0,0.0690880000000037,"broad",NA,NA,72,51,21,7250,356,"nk_majority",0.793759378690738,"negative",0.627106562182307,0.113919756231597,0.212428436127957,8014.07193641926,21.9061154589303,15.4381073719191,23.0300099833786,0.000499122048283887,0.0223410395524445,"ok"
16,"broad",0,"che_rve",NA,NA,5000,4998,2,0,4e-04,0.00138084512744427,0.00138084512744427,0.00235237606332295,0.048501299604474,0.0488413929193731,1.00701204540234,0.0485161017921976,0.952581032412965,0.0474189675870348,0.0030062762512388,0.0474189675870348,NA,36.9655187792892,37.0448077768248,0.412200519120018,35.1076524397748,37.7218953338782,0.00600240096038415,0,0.527713085234106,"broad",NA,NA,72,51,21,7250,356,"nk_majority",0.793759378690738,"negative",0.627106562182307,0.113919756231597,0.212428436127957,8014.07193641926,21.9061154589303,15.4381073719191,23.0300099833786,0.000499122048283887,0.0223410395524445,"ok"
16,"broad",0,"mlma",NA,NA,5000,5000,0,0,0,0.00135543353130766,0.00135543353130766,0.00244167200195879,0.0494132775876969,0.0510777541752181,1.03368480434367,0.0494269245211169,0.952,0.048,0.00302311098043059,0.048,NA,NA,NA,NA,NA,NA,0,0,0.363280000000004,"broad",NA,NA,72,51,21,7250,356,"nk_majority",0.793759378690738,"negative",0.627106562182307,0.113919756231597,0.212428436127957,8014.07193641926,21.9061154589303,15.4381073719191,23.0300099833786,0.000499122048283887,0.0223410395524445,"ok"
16,"broad",0,"mlma_cr2",NA,NA,5000,5000,0,0,0,0.00135543353130766,0.00135543353130766,0.00244167200195879,0.0494132775876969,0.0497990292335299,1.00780663952413,0.0494269245211169,0.952,0.048,0.00302311098043059,0.048,NA,37.3769195245307,37.3791615383707,0.0239675506965507,37.2565593702132,37.442144814094,0,0,0.410595999999996,"broad",NA,NA,72,51,21,7250,356,"nk_majority",0.793759378690738,"negative",0.627106562182307,0.113919756231597,0.212428436127957,8014.07193641926,21.9061154589303,15.4381073719191,23.0300099833786,0.000499122048283887,0.0223410395524445,"ok"
16,"broad",0.05,"aggregate_hksj",NA,NA,5000,5000,0,0,0,0.0514246724163675,0.00142467241636751,0.00235576947947094,0.0485362697317268,0.0490524225634576,1.01063437372884,0.0485523224683331,0.9524,0.175,0.00537354631505117,NA,0.175,70,70,0,70,70,0,0,0.0691700000000015,"broad",NA,NA,72,51,21,7250,356,"nk_majority",0.793759378690738,"negative",0.627106562182307,0.113919756231597,0.212428436127957,8014.07193641926,21.9061154589303,15.4381073719191,23.0300099833786,0.000499122048283887,0.0223410395524445,"ok"
16,"broad",0.05,"che_rve",NA,NA,5000,4997,3,0,6e-04,0.0513977242183289,0.00139772421832889,0.00235297013894563,0.0485074235447073,0.0488431264971768,1.00692065106612,0.0485227049470906,0.952371422853712,0.170902541524915,0.00532503391132319,NA,0.170902541524915,36.9658028277087,37.0448209009703,0.411787339245914,35.1076524364829,37.7218953319602,0.00580348208925355,0,0.525443265959581,"broad",NA,NA,72,51,21,7250,356,"nk_majority",0.793759378690738,"negative",0.627106562182307,0.113919756231597,0.212428436127957,8014.07193641926,21.9061154589303,15.4381073719191,23.0300099833786,0.000499122048283887,0.0223410395524445,"ok"
16,"broad",0.05,"mlma",NA,NA,5000,5000,0,0,0,0.0513554335320556,0.00135543353205565,0.00244167200182714,0.0494132775863648,0.0510777541598122,1.03368480405976,0.049426924519806,0.952,0.1672,0.00527719925718179,NA,0.1672,NA,NA,NA,NA,NA,0,0,0.361828000000033,"broad",NA,NA,72,51,21,7250,356,"nk_majority",0.793759378690738,"negative",0.627106562182307,0.113919756231597,0.212428436127957,8014.07193641926,21.9061154589303,15.4381073719191,23.0300099833786,0.000499122048283887,0.0223410395524445,"ok"
16,"broad",0.05,"mlma_cr2",NA,NA,5000,5000,0,0,0,0.0513554335320556,0.00135543353205565,0.00244167200182714,0.0494132775863648,0.0497990292332009,1.00780663954464,0.049426924519806,0.952,0.1668,0.0052721487080696,NA,0.1668,37.3769195245696,37.3791615383316,0.0239675506717613,37.2565593694869,37.4421448142865,0,0,0.409208000000012,"broad",NA,NA,72,51,21,7250,356,"nk_majority",0.793759378690738,"negative",0.627106562182307,0.113919756231597,0.212428436127957,8014.07193641926,21.9061154589303,15.4381073719191,23.0300099833786,0.000499122048283887,0.0223410395524445,"ok"
16,"broad",0.1,"aggregate_hksj",NA,NA,5000,5000,0,0,0,0.101424672416368,0.00142467241636751,0.00235576947947094,0.0485362697317268,0.0490524225634576,1.01063437372884,0.0485523224683331,0.9524,0.5304,0.0070579861150331,NA,0.5304,70,70,0,70,70,0,0,0.0689199999999768,"broad",NA,NA,72,51,21,7250,356,"nk_majority",0.793759378690738,"negative",0.627106562182307,0.113919756231597,0.212428436127957,8014.07193641926,21.9061154589303,15.4381073719191,23.0300099833786,0.000499122048283887,0.0223410395524445,"ok"
16,"broad",0.1,"che_rve",NA,NA,5000,4999,1,0,2e-04,0.101396063275106,0.00139606327510604,0.00235306312843428,0.0485083820430477,0.0488386492939078,1.00680845736242,0.0485236170780305,0.952390478095619,0.519903980796159,0.00706616957482519,NA,0.519903980796159,36.9653451785519,37.0447945753208,0.412342004417253,35.1076524364578,37.7218953362155,0.00620124024804961,0,0.525533106621335,"broad",NA,NA,72,51,21,7250,356,"nk_majority",0.793759378690738,"negative",0.627106562182307,0.113919756231597,0.212428436127957,8014.07193641926,21.9061154589303,15.4381073719191,23.0300099833786,0.000499122048283887,0.0223410395524445,"ok"
16,"broad",0.1,"mlma",NA,NA,5000,5000,0,0,0,0.101355433532463,0.00135543353246348,0.00244167200188288,0.0494132775869288,0.051077754161477,1.03368480408166,0.0494269245203809,0.952,0.51,0.00706965345685345,NA,0.51,NA,NA,NA,NA,NA,0,0,0.361793999999989,"broad",NA,NA,72,51,21,7250,356,"nk_majority",0.793759378690738,"negative",0.627106562182307,0.113919756231597,0.212428436127957,8014.07193641926,21.9061154589303,15.4381073719191,23.0300099833786,0.000499122048283887,0.0223410395524445,"ok"
16,"broad",0.1,"mlma_cr2",NA,NA,5000,5000,0,0,0,0.101355433532463,0.00135543353246348,0.00244167200188288,0.0494132775869288,0.0497990292337794,1.00780663954485,0.0494269245203809,0.952,0.5036,0.00707088452741239,NA,0.5036,37.376919524467,37.3791615382761,0.0239675507471284,37.2565593739611,37.4421448142051,0,0,0.409243999999998,"broad",NA,NA,72,51,21,7250,356,"nk_majority",0.793759378690738,"negative",0.627106562182307,0.113919756231597,0.212428436127957,8014.07193641926,21.9061154589303,15.4381073719191,23.0300099833786,0.000499122048283887,0.0223410395524445,"ok"
16,"broad",0.2,"aggregate_hksj",NA,NA,5000,5000,0,0,0,0.201424672416368,0.00142467241636751,0.00235576947947094,0.0485362697317268,0.0490524225634576,1.01063437372884,0.0485523224683331,0.9524,0.9806,0.00195057119839292,NA,0.9806,70,70,0,70,70,0,0,0.0688499999999942,"broad",NA,NA,72,51,21,7250,356,"nk_majority",0.793759378690738,"negative",0.627106562182307,0.113919756231597,0.212428436127957,8014.07193641926,21.9061154589303,15.4381073719191,23.0300099833786,0.000499122048283887,0.0223410395524445,"ok"
16,"broad",0.2,"che_rve",NA,NA,5000,4999,1,0,2e-04,0.201425480745725,0.00142548074572463,0.0023555645459473,0.0485341585478445,0.0488366912758257,1.00623339802385,0.0485502351606366,0.952190438087617,0.980596119223845,0.001950957530151,NA,0.980596119223845,36.9653365420432,37.0447945734776,0.412368598122945,35.1076524362807,37.7218953363846,0.00620124024804961,0,0.527151430286024,"broad",NA,NA,72,51,21,7250,356,"nk_majority",0.793759378690738,"negative",0.627106562182307,0.113919756231597,0.212428436127957,8014.07193641926,21.9061154589303,15.4381073719191,23.0300099833786,0.000499122048283887,0.0223410395524445,"ok"
16,"broad",0.2,"mlma",NA,NA,5000,4999,1,0,2e-04,0.201358011367296,0.00135801136729607,0.0024421272988566,0.0494178844028819,0.051078393076655,1.03360137111973,0.0494315989076411,0.951990398079616,0.975795159031806,0.00217364630886325,NA,0.975795159031806,NA,NA,NA,NA,NA,0,0,0.36154630926185,"broad",NA,NA,72,51,21,7250,356,"nk_majority",0.793759378690738,"negative",0.627106562182307,0.113919756231597,0.212428436127957,8014.07193641926,21.9061154589303,15.4381073719191,23.0300099833786,0.000499122048283887,0.0223410395524445,"ok"
16,"broad",0.2,"mlma_cr2",NA,NA,5000,4999,1,0,2e-04,0.201358011367296,0.00135801136729607,0.0024421272988566,0.0494178844028819,0.0497991561979436,1.00771525935739,0.0494315989076411,0.951990398079616,0.974594918983797,0.00222551638043502,NA,0.974594918983797,37.3769097281594,37.3791559171503,0.0239599349468649,37.2565593704225,37.4421448138883,0,0,0.409083816763384,"broad",NA,NA,72,51,21,7250,356,"nk_majority",0.793759378690738,"negative",0.627106562182307,0.113919756231597,0.212428436127957,8014.07193641926,21.9061154589303,15.4381073719191,23.0300099833786,0.000499122048283887,0.0223410395524445,"ok"
17,"broad",0,"aggregate_hksj",NA,NA,5000,5000,0,0,0,-0.000146919898824202,-0.000146919898824202,0.00159665338868481,0.0399581454610297,0.0409951016271439,1.02595105839248,0.0399544195736059,0.9578,0.0422,0.00284320804725929,0.0422,NA,94,94,0,94,94,0,0,0.0884580000000227,"broad",NA,NA,96,62,34,25964,280,"n_minority",0.738013976447692,"independent",0.324376821711194,0.100703542241827,0.235210100066848,34485.1628301611,60.1004552915635,33.0246512860796,70.2027656463623,0.000115991912803194,0.0107699541690387,"ok"
17,"broad",0,"che_rve",NA,NA,5000,4997,3,0,6e-04,-0.000265779057087811,-0.000265779057087811,0.00147874195904003,0.0384544140384434,0.0386287552957567,1.00453371249238,0.0384514846475379,0.952371422853712,0.0476285771462878,0.00301288327627265,0.0476285771462878,NA,61.9797675465417,62.3928978556373,2.21340773256074,54.637913951584,66.5825773076382,0.0158094856914149,0,0.569851911146689,"broad",NA,NA,96,62,34,25964,280,"n_minority",0.738013976447692,"independent",0.324376821711194,0.100703542241827,0.235210100066848,34485.1628301611,60.1004552915635,33.0246512860796,70.2027656463623,0.000115991912803194,0.0107699541690387,"ok"
17,"broad",0,"mlma",NA,NA,5000,4999,1,0,2e-04,-0.000297945889924889,-0.000297945889924889,0.00148130380119177,0.0384877097420952,0.0387132807102537,1.00586085713258,0.0384850133548223,0.949389877975595,0.0506101220244049,0.00310026931871824,0.0506101220244049,NA,NA,NA,NA,NA,NA,0.00760152030406081,0,0.347587517503416,"broad",NA,NA,96,62,34,25964,280,"n_minority",0.738013976447692,"independent",0.324376821711194,0.100703542241827,0.235210100066848,34485.1628301611,60.1004552915635,33.0246512860796,70.2027656463623,0.000115991912803194,0.0107699541690387,"ok"
17,"broad",0,"mlma_cr2",NA,NA,5000,4999,1,0,2e-04,-0.000297945889924889,-0.000297945889924889,0.00148130380119177,0.0384877097420952,0.0386292227940632,1.00367683743502,0.0384850133548223,0.952190438087617,0.0478095619123825,0.00301771152647119,0.0478095619123825,NA,61.9046376605706,62.3320370853507,2.28433961573823,53.1612449187171,66.5366192135548,0.00760152030406081,0,0.40723144628916,"broad",NA,NA,96,62,34,25964,280,"n_minority",0.738013976447692,"independent",0.324376821711194,0.100703542241827,0.235210100066848,34485.1628301611,60.1004552915635,33.0246512860796,70.2027656463623,0.000115991912803194,0.0107699541690387,"ok"
17,"broad",0.05,"aggregate_hksj",NA,NA,5000,5000,0,0,0,0.0498530801011758,-0.000146919898824198,0.00159665338868481,0.0399581454610297,0.0409951016271439,1.02595105839248,0.0399544195736059,0.9578,0.213,0.00579018134431038,NA,0.213,94,94,0,94,94,0,0,0.0881880000000303,"broad",NA,NA,96,62,34,25964,280,"n_minority",0.738013976447692,"independent",0.324376821711194,0.100703542241827,0.235210100066848,34485.1628301611,60.1004552915635,33.0246512860796,70.2027656463623,0.000115991912803194,0.0107699541690387,"ok"
17,"broad",0.05,"che_rve",NA,NA,5000,4996,4,0,8e-04,0.04970053510194,-0.000299464898060015,0.00148174298364437,0.0384934148088263,0.0386300386660726,1.00354927869935,0.0384907271560842,0.952161729383507,0.237990392313851,0.00602488443723327,NA,0.237990392313851,61.9794675809291,62.3928268405449,2.21375099257625,54.6379139513838,66.5825772530504,0.0158126501200961,0,0.569121297037657,"broad",NA,NA,96,62,34,25964,280,"n_minority",0.738013976447692,"independent",0.324376821711194,0.100703542241827,0.235210100066848,34485.1628301611,60.1004552915635,33.0246512860796,70.2027656463623,0.000115991912803194,0.0107699541690387,"ok"
17,"broad",0.05,"mlma",NA,NA,5000,5000,0,0,0,0.0496979713283974,-0.000302028671602651,0.00148109082607539,0.0384849428487998,0.0387116656224436,1.00589120723226,0.0384822794183068,0.9494,0.25,0.00612372435695794,NA,0.25,NA,NA,NA,NA,NA,0.0078,0,0.345117999999969,"broad",NA,NA,96,62,34,25964,280,"n_minority",0.738013976447692,"independent",0.324376821711194,0.100703542241827,0.235210100066848,34485.1628301611,60.1004552915635,33.0246512860796,70.2027656463623,0.000115991912803194,0.0107699541690387,"ok"
17,"broad",0.05,"mlma_cr2",NA,NA,5000,5000,0,0,0,0.0496979713283974,-0.000302028671602651,0.00148109082607539,0.0384849428487998,0.0386271539042661,1.0036952388373,0.0384822794183068,0.9522,0.2386,0.00602776973680979,NA,0.2386,61.9028958008551,62.3315792614661,2.28742959886839,53.1612449185211,66.5366192101893,0.0078,0,0.404047999999973,"broad",NA,NA,96,62,34,25964,280,"n_minority",0.738013976447692,"independent",0.324376821711194,0.100703542241827,0.235210100066848,34485.1628301611,60.1004552915635,33.0246512860796,70.2027656463623,0.000115991912803194,0.0107699541690387,"ok"
17,"broad",0.1,"aggregate_hksj",NA,NA,5000,5000,0,0,0,0.0998530801011758,-0.000146919898824205,0.00159665338868481,0.0399581454610297,0.0409951016271439,1.02595105839248,0.0399544195736059,0.9578,0.683,0.0065804407147242,NA,0.683,94,94,0,94,94,0,0,0.0885519999999793,"broad",NA,NA,96,62,34,25964,280,"n_minority",0.738013976447692,"independent",0.324376821711194,0.100703542241827,0.235210100066848,34485.1628301611,60.1004552915635,33.0246512860796,70.2027656463623,0.000115991912803194,0.0107699541690387,"ok"
17,"broad",0.1,"che_rve",NA,NA,5000,4998,2,0,4e-04,0.0996943687803288,-0.000305631219671185,0.00148135404730845,0.0384883624919072,0.0386306028455789,1.00369567174238,0.038485725514607,0.95218087234894,0.718087234893958,0.00636425903876536,NA,0.718087234893958,61.980356462219,62.3929203983972,2.21414819746505,54.6379139516962,66.5825772576397,0.0158063225290116,0,0.56992396958782,"broad",NA,NA,96,62,34,25964,280,"n_minority",0.738013976447692,"independent",0.324376821711194,0.100703542241827,0.235210100066848,34485.1628301611,60.1004552915635,33.0246512860796,70.2027656463623,0.000115991912803194,0.0107699541690387,"ok"
17,"broad",0.1,"mlma",NA,NA,5000,5000,0,0,0,0.0996979713341062,-0.000302028665893808,0.00148109082517463,0.0384849428370971,0.0387116656249153,1.00589120760236,0.0384822794065609,0.9494,0.7316,0.00626676056667239,NA,0.7316,NA,NA,NA,NA,NA,0.0078,0,0.345515999999969,"broad",NA,NA,96,62,34,25964,280,"n_minority",0.738013976447692,"independent",0.324376821711194,0.100703542241827,0.235210100066848,34485.1628301611,60.1004552915635,33.0246512860796,70.2027656463623,0.000115991912803194,0.0107699541690387,"ok"
17,"broad",0.1,"mlma_cr2",NA,NA,5000,5000,0,0,0,0.0996979713341062,-0.000302028665893808,0.00148109082517463,0.0384849428370971,0.0386271539028672,1.00369523910616,0.0384822794065609,0.9522,0.7178,0.00636495341695444,NA,0.7178,61.9028958064144,62.3315792566718,2.28742958368364,53.1612449185291,66.5366192135896,0.0078,0,0.404838000000011,"broad",NA,NA,96,62,34,25964,280,"n_minority",0.738013976447692,"independent",0.324376821711194,0.100703542241827,0.235210100066848,34485.1628301611,60.1004552915635,33.0246512860796,70.2027656463623,0.000115991912803194,0.0107699541690387,"ok"
17,"broad",0.2,"aggregate_hksj",NA,NA,5000,5000,0,0,0,0.199853080101176,-0.000146919898824205,0.00159665338868481,0.0399581454610297,0.0409951016271439,1.02595105839248,0.0399544195736059,0.9578,0.9972,0.000747283078893136,NA,0.9972,94,94,0,94,94,0,0,0.0880720000000532,"broad",NA,NA,96,62,34,25964,280,"n_minority",0.738013976447692,"independent",0.324376821711194,0.100703542241827,0.235210100066848,34485.1628301611,60.1004552915635,33.0246512860796,70.2027656463623,0.000115991912803194,0.0107699541690387,"ok"
17,"broad",0.2,"che_rve",NA,NA,5000,4998,2,0,4e-04,0.199700678210825,-0.000299321789175022,0.00148134437094892,0.0384882367866978,0.0386306459837896,1.00370007069643,0.0384855502371115,0.95218087234894,0.998799519807923,0.00048979972374922,NA,0.998799519807923,61.9803826660759,62.3929204336833,2.21406510362683,54.6379139515341,66.5825772919816,0.0158063225290116,0,0.570060024009617,"broad",NA,NA,96,62,34,25964,280,"n_minority",0.738013976447692,"independent",0.324376821711194,0.100703542241827,0.235210100066848,34485.1628301611,60.1004552915635,33.0246512860796,70.2027656463623,0.000115991912803194,0.0107699541690387,"ok"
17,"broad",0.2,"mlma",NA,NA,5000,5000,0,0,0,0.199697971329057,-0.000302028670942811,0.00148109082582863,0.0384849428455939,0.0387116656218899,1.00589120730166,0.0384822794150961,0.9494,0.9986,0.000528779727296718,NA,0.9986,NA,NA,NA,NA,NA,0.0078,0,0.345641999999997,"broad",NA,NA,96,62,34,25964,280,"n_minority",0.738013976447692,"independent",0.324376821711194,0.100703542241827,0.235210100066848,34485.1628301611,60.1004552915635,33.0246512860796,70.2027656463623,0.000115991912803194,0.0107699541690387,"ok"
17,"broad",0.2,"mlma_cr2",NA,NA,5000,5000,0,0,0,0.199697971329057,-0.000302028670942811,0.00148109082582863,0.0384849428455939,0.0386271539035664,1.00369523890274,0.0384822794150961,0.9522,0.9988,0.000489603921552918,NA,0.9988,61.9028958021461,62.3315792746437,2.28742958543699,53.1612449185065,66.5366192120035,0.0078,0,0.404624000000021,"broad",NA,NA,96,62,34,25964,280,"n_minority",0.738013976447692,"independent",0.324376821711194,0.100703542241827,0.235210100066848,34485.1628301611,60.1004552915635,33.0246512860796,70.2027656463623,0.000115991912803194,0.0107699541690387,"ok"
18,"broad",0,"aggregate_hksj",NA,NA,5000,5000,0,0,0,-0.0011176346871107,-0.0011176346871107,0.00292906834062091,0.0541208678849565,0.0541345568658228,1.00025293350608,0.0541269954296987,0.9554,0.0446,0.00291927525252416,0.0446,NA,46,46,0,46,46,0,0,0.0492900000000707,"broad",NA,NA,48,31,17,11574,313,"n_minority",0.511759812331002,"independent",0.518314002668485,0.169108978163276,0.0865515263156267,19269.7334927075,28.9792003790339,15.0847448578038,36.2077802736186,0.00020757941470824,0.0144076165519575,"ok"
18,"broad",0,"che_rve",NA,NA,5000,5000,0,0,0,-0.00113195842747321,-0.00113195842747321,0.00292619724931584,0.0540943365733959,0.0539666811313084,0.997640132957093,0.0541007702324792,0.9532,0.0468,0.00298696367570816,0.0468,NA,33.7278668555156,33.7095201246271,0.135161400370345,33.411818271175,34.6774173756112,0,0,0.518387999999874,"broad",NA,NA,48,31,17,11574,313,"n_minority",0.511759812331002,"independent",0.518314002668485,0.169108978163276,0.0865515263156267,19269.7334927075,28.9792003790339,15.0847448578038,36.2077802736186,0.00020757941470824,0.0144076165519575,"ok"
18,"broad",0,"mlma",NA,NA,5000,5000,0,0,0,-0.00112733458246222,-0.00112733458246222,0.00292404035605217,0.0540743964927226,0.0542767760923736,1.00374261411643,0.0540807399287563,0.9498,0.0502,0.00308804015517933,0.0502,NA,NA,NA,NA,NA,NA,0,0,0.388687999999942,"broad",NA,NA,48,31,17,11574,313,"n_minority",0.511759812331002,"independent",0.518314002668485,0.169108978163276,0.0865515263156267,19269.7334927075,28.9792003790339,15.0847448578038,36.2077802736186,0.00020757941470824,0.0144076165519575,"ok"
18,"broad",0,"mlma_cr2",NA,NA,5000,5000,0,0,0,-0.00112733458246222,-0.00112733458246222,0.00292404035605217,0.0540743964927226,0.0539766665606909,0.998192676416742,0.0540807399287563,0.9534,0.0466,0.00298088711627931,0.0466,NA,33.3454518535922,33.3383157181915,0.0574334060399252,33.2123107705966,33.7642340701161,0,0,0.424170000000056,"broad",NA,NA,48,31,17,11574,313,"n_minority",0.511759812331002,"independent",0.518314002668485,0.169108978163276,0.0865515263156267,19269.7334927075,28.9792003790339,15.0847448578038,36.2077802736186,0.00020757941470824,0.0144076165519575,"ok"
18,"broad",0.05,"aggregate_hksj",NA,NA,5000,5000,0,0,0,0.0488823653128893,-0.0011176346871107,0.00292906834062091,0.0541208678849565,0.0541345568658228,1.00025293350608,0.0541269954296987,0.9554,0.1446,0.00497374788263338,NA,0.1446,46,46,0,46,46,0,0,0.0487740000000864,"broad",NA,NA,48,31,17,11574,313,"n_minority",0.511759812331002,"independent",0.518314002668485,0.169108978163276,0.0865515263156267,19269.7334927075,28.9792003790339,15.0847448578038,36.2077802736186,0.00020757941470824,0.0144076165519575,"ok"
18,"broad",0.05,"che_rve",NA,NA,5000,5000,0,0,0,0.0488680415729112,-0.00113195842708882,0.00292619724930803,0.0540943365733237,0.0539666811313436,0.997640132959074,0.054100770232399,0.9532,0.142,0.0049363144146215,NA,0.142,33.7278668556694,33.7095201248056,0.135161400663916,33.4118182713395,34.6774173771172,0,0,0.517369999999953,"broad",NA,NA,48,31,17,11574,313,"n_minority",0.511759812331002,"independent",0.518314002668485,0.169108978163276,0.0865515263156267,19269.7334927075,28.9792003790339,15.0847448578038,36.2077802736186,0.00020757941470824,0.0144076165519575,"ok"
18,"broad",0.05,"mlma",NA,NA,5000,5000,0,0,0,0.0488726654090729,-0.00112733459092713,0.00292404035563621,0.0540743964888764,0.0542767760472055,1.00374261335253,0.0540807399250878,0.9498,0.153,0.0050909920447787,NA,0.153,NA,NA,NA,NA,NA,0,0,0.387403999999962,"broad",NA,NA,48,31,17,11574,313,"n_minority",0.511759812331002,"independent",0.518314002668485,0.169108978163276,0.0865515263156267,19269.7334927075,28.9792003790339,15.0847448578038,36.2077802736186,0.00020757941470824,0.0144076165519575,"ok"
18,"broad",0.05,"mlma_cr2",NA,NA,5000,5000,0,0,0,0.0488726654090729,-0.00112733459092713,0.00292404035563621,0.0540743964888764,0.0539766665608312,0.998192676490337,0.0540807399250878,0.9534,0.1408,0.00491884864577067,NA,0.1408,33.3454518548468,33.3383157186618,0.0574334080794114,33.2123107705151,33.764234071052,0,0,0.422982000000014,"broad",NA,NA,48,31,17,11574,313,"n_minority",0.511759812331002,"independent",0.518314002668485,0.169108978163276,0.0865515263156267,19269.7334927075,28.9792003790339,15.0847448578038,36.2077802736186,0.00020757941470824,0.0144076165519575,"ok"
18,"broad",0.1,"aggregate_hksj",NA,NA,5000,5000,0,0,0,0.0988823653128893,-0.00111763468711071,0.00292906834062091,0.0541208678849565,0.0541345568658228,1.00025293350608,0.0541269954296987,0.9554,0.4294,0.0070002234250058,NA,0.4294,46,46,0,46,46,0,0,0.048832000000072,"broad",NA,NA,48,31,17,11574,313,"n_minority",0.511759812331002,"independent",0.518314002668485,0.169108978163276,0.0865515263156267,19269.7334927075,28.9792003790339,15.0847448578038,36.2077802736186,0.00020757941470824,0.0144076165519575,"ok"
18,"broad",0.1,"che_rve",NA,NA,5000,5000,0,0,0,0.0988680415713695,-0.00113195842863051,0.00292619724935037,0.0540943365737151,0.0539666811312324,0.997640132949801,0.0541007702328224,0.9532,0.429,0.00699941426120786,NA,0.429,33.7278668555142,33.709520124681,0.135161400400687,33.4118182718247,34.6774173742275,0,0,0.517215999999989,"broad",NA,NA,48,31,17,11574,313,"n_minority",0.511759812331002,"independent",0.518314002668485,0.169108978163276,0.0865515263156267,19269.7334927075,28.9792003790339,15.0847448578038,36.2077802736186,0.00020757941470824,0.0144076165519575,"ok"
18,"broad",0.1,"mlma",NA,NA,5000,5000,0,0,0,0.0988726654205061,-0.00112733457949395,0.00292404035625562,0.0540743964946038,0.0542767760661514,1.00374261359658,0.0540807399305751,0.9498,0.4504,0.0070361898780519,NA,0.4504,NA,NA,NA,NA,NA,0,0,0.386686000000032,"broad",NA,NA,48,31,17,11574,313,"n_minority",0.511759812331002,"independent",0.518314002668485,0.169108978163276,0.0865515263156267,19269.7334927075,28.9792003790339,15.0847448578038,36.2077802736186,0.00020757941470824,0.0144076165519575,"ok"
18,"broad",0.1,"mlma_cr2",NA,NA,5000,5000,0,0,0,0.0988726654205061,-0.00112733457949395,0.00292404035625562,0.0540743964946038,0.0539766665606849,0.998192676381906,0.0540807399305751,0.9534,0.429,0.00699941426120786,NA,0.429,33.3454518543693,33.338315718766,0.0574334073981344,33.2123107705653,33.7642340776443,0,0,0.422522000000061,"broad",NA,NA,48,31,17,11574,313,"n_minority",0.511759812331002,"independent",0.518314002668485,0.169108978163276,0.0865515263156267,19269.7334927075,28.9792003790339,15.0847448578038,36.2077802736186,0.00020757941470824,0.0144076165519575,"ok"
18,"broad",0.2,"aggregate_hksj",NA,NA,5000,5000,0,0,0,0.198882365312889,-0.00111763468711071,0.00292906834062091,0.0541208678849565,0.0541345568658228,1.00025293350608,0.0541269954296987,0.9554,0.9478,0.00314563697841948,NA,0.9478,46,46,0,46,46,0,0,0.0490459999999046,"broad",NA,NA,48,31,17,11574,313,"n_minority",0.511759812331002,"independent",0.518314002668485,0.169108978163276,0.0865515263156267,19269.7334927075,28.9792003790339,15.0847448578038,36.2077802736186,0.00020757941470824,0.0144076165519575,"ok"
18,"broad",0.2,"che_rve",NA,NA,5000,5000,0,0,0,0.198868041572627,-0.00113195842737313,0.002926197249299,0.0540943365732402,0.0539666811312639,0.997640132959141,0.0541007702323214,0.9532,0.9462,0.00319078548323136,NA,0.9462,33.7278668555395,33.709520124879,0.135161400383819,33.4118182721859,34.6774173765864,0,0,0.517972000000028,"broad",NA,NA,48,31,17,11574,313,"n_minority",0.511759812331002,"independent",0.518314002668485,0.169108978163276,0.0865515263156267,19269.7334927075,28.9792003790339,15.0847448578038,36.2077802736186,0.00020757941470824,0.0144076165519575,"ok"
18,"broad",0.2,"mlma",NA,NA,5000,5000,0,0,0,0.19887266542874,-0.00112733457126041,0.00292404035655383,0.0540743964973612,0.0542767762319238,1.00374261661103,0.0540807399331599,0.9498,0.9548,0.00293792307591605,NA,0.9548,NA,NA,NA,NA,NA,0,0,0.387636000000012,"broad",NA,NA,48,31,17,11574,313,"n_minority",0.511759812331002,"independent",0.518314002668485,0.169108978163276,0.0865515263156267,19269.7334927075,28.9792003790339,15.0847448578038,36.2077802736186,0.00020757941470824,0.0144076165519575,"ok"
18,"broad",0.2,"mlma_cr2",NA,NA,5000,5000,0,0,0,0.19887266542874,-0.00112733457126041,0.00292404035655383,0.0540743964973612,0.0539766665600251,0.998192676318803,0.0540807399331599,0.9534,0.9454,0.00321306209090332,NA,0.9454,33.3454518521047,33.3383157182198,0.0574334058154867,33.2123107706184,33.7642340764898,0,0,0.42325800000005,"broad",NA,NA,48,31,17,11574,313,"n_minority",0.511759812331002,"independent",0.518314002668485,0.169108978163276,0.0865515263156267,19269.7334927075,28.9792003790339,15.0847448578038,36.2077802736186,0.00020757941470824,0.0144076165519575,"ok"
19,"broad",0,"aggregate_hksj",NA,NA,5000,5000,0,0,0,0.000499905000412139,0.000499905000412139,0.00809187568663041,0.0899548536024067,0.0897601082472026,0.997835076736773,0.089947246853378,0.9516,0.0484,0.00303504332753257,0.0484,NA,46,46,0,46,46,0,0,0.0493359999998909,"broad",NA,NA,48,41,7,34313,355,"n_minority",0.672100541869877,"positive",0.25634091545362,0.202640794189123,0.231093502585834,42186.4925462584,38.5217730850911,6.44021345343,8.95849221838166,9.48170790831665e-05,0.00973740617840124,"ok"
19,"broad",0,"che_rve",NA,NA,5000,5000,0,0,0,0.000533638802547481,0.000533638802547481,0.00809984229882541,0.089999123878099,0.0865983729703071,0.962213510962639,0.0899917057330131,0.9508,0.0492,0.00305873699425106,0.0492,NA,8.28440898914225,8.2812626048162,0.0218089791466343,8.23024289481477,8.40561349240285,0,0,0.495852000000133,"broad",NA,NA,48,41,7,34313,355,"n_minority",0.672100541869877,"positive",0.25634091545362,0.202640794189123,0.231093502585834,42186.4925462584,38.5217730850911,6.44021345343,8.95849221838166,9.48170790831665e-05,0.00973740617840124,"ok"
19,"broad",0,"mlma",NA,NA,5000,4999,1,0,2e-04,0.000534228195661418,0.000534228195661418,0.00810038036310439,0.090002113103551,0.0886689712836701,0.985187660890283,0.0899946963032643,0.942188437687537,0.0578115623124625,0.00330091749765974,0.0578115623124625,NA,NA,NA,NA,NA,NA,0,0,0.34810362072427,"broad",NA,NA,48,41,7,34313,355,"n_minority",0.672100541869877,"positive",0.25634091545362,0.202640794189123,0.231093502585834,42186.4925462584,38.5217730850911,6.44021345343,8.95849221838166,9.48170790831665e-05,0.00973740617840124,"ok"
19,"broad",0,"mlma_cr2",NA,NA,5000,4999,1,0,2e-04,0.000534228195661418,0.000534228195661418,0.00810038036310439,0.090002113103551,0.0865946553842684,0.962140247581052,0.0899946963032643,0.950790158031606,0.0492098419683937,0.00305933302994059,0.0492098419683937,NA,8.27828831826657,8.27527629734345,0.0206303635006613,8.22692966839603,8.39318484017632,0,0,0.384546909381831,"broad",NA,NA,48,41,7,34313,355,"n_minority",0.672100541869877,"positive",0.25634091545362,0.202640794189123,0.231093502585834,42186.4925462584,38.5217730850911,6.44021345343,8.95849221838166,9.48170790831665e-05,0.00973740617840124,"ok"
19,"broad",0.05,"aggregate_hksj",NA,NA,5000,5000,0,0,0,0.0504999050004121,0.000499905000412144,0.00809187568663041,0.0899548536024067,0.0897601082472026,0.997835076736773,0.089947246853378,0.9516,0.083,0.00390156378904664,NA,0.083,46,46,0,46,46,0,0,0.049440000000046,"broad",NA,NA,48,41,7,34313,355,"n_minority",0.672100541869877,"positive",0.25634091545362,0.202640794189123,0.231093502585834,42186.4925462584,38.5217730850911,6.44021345343,8.95849221838166,9.48170790831665e-05,0.00973740617840124,"ok"
19,"broad",0.05,"che_rve",NA,NA,5000,5000,0,0,0,0.050533638800829,0.000533638800828976,0.00809984229873581,0.0899991238776012,0.0865983729701511,0.962213510966228,0.0899917057325052,0.9508,0.0742,0.00370659844061911,NA,0.0742,8.28440898911419,8.28126260533399,0.0218089791417045,8.23024289490714,8.405613492231,0,0,0.493883999999941,"broad",NA,NA,48,41,7,34313,355,"n_minority",0.672100541869877,"positive",0.25634091545362,0.202640794189123,0.231093502585834,42186.4925462584,38.5217730850911,6.44021345343,8.95849221838166,9.48170790831665e-05,0.00973740617840124,"ok"
19,"broad",0.05,"mlma",NA,NA,5000,5000,0,0,0,0.0505314017586366,0.000531401758636606,0.00809879990671106,0.0899933325680912,0.0886707727779414,0.985303802488378,0.0899859018655633,0.9422,0.0974,0.00419316682234323,NA,0.0974,NA,NA,NA,NA,NA,0,0,0.346598000000033,"broad",NA,NA,48,41,7,34313,355,"n_minority",0.672100541869877,"positive",0.25634091545362,0.202640794189123,0.231093502585834,42186.4925462584,38.5217730850911,6.44021345343,8.95849221838166,9.48170790831665e-05,0.00973740617840124,"ok"
19,"broad",0.05,"mlma_cr2",NA,NA,5000,5000,0,0,0,0.0505314017586366,0.000531401758636606,0.00809879990671106,0.0899933325680912,0.0865983641468876,0.962275333912822,0.0899859018655633,0.9508,0.074,0.00370199945975145,NA,0.074,8.27828215857632,8.27527103459988,0.0206328977239652,8.22692966835957,8.39318483992318,0,0,0.382937999999963,"broad",NA,NA,48,41,7,34313,355,"n_minority",0.672100541869877,"positive",0.25634091545362,0.202640794189123,0.231093502585834,42186.4925462584,38.5217730850911,6.44021345343,8.95849221838166,9.48170790831665e-05,0.00973740617840124,"ok"
19,"broad",0.1,"aggregate_hksj",NA,NA,5000,5000,0,0,0,0.100499905000412,0.000499905000412137,0.00809187568663041,0.0899548536024067,0.0897601082472026,0.997835076736773,0.089947246853378,0.9516,0.1896,0.00554349781275324,NA,0.1896,46,46,0,46,46,0,0,0.0495959999999759,"broad",NA,NA,48,41,7,34313,355,"n_minority",0.672100541869877,"positive",0.25634091545362,0.202640794189123,0.231093502585834,42186.4925462584,38.5217730850911,6.44021345343,8.95849221838166,9.48170790831665e-05,0.00973740617840124,"ok"
19,"broad",0.1,"che_rve",NA,NA,5000,4999,1,0,2e-04,0.10053328349042,0.0005332834904202,0.00810146228398397,0.0900081234332989,0.0865957518481243,0.962088182099437,0.0900007003233031,0.950790158031606,0.171434286857371,0.00533053443370221,NA,0.171434286857371,8.28440780072945,8.28125846039673,0.0218109988893046,8.23024289476047,8.40561349257801,0,0,0.493348669733877,"broad",NA,NA,48,41,7,34313,355,"n_minority",0.672100541869877,"positive",0.25634091545362,0.202640794189123,0.231093502585834,42186.4925462584,38.5217730850911,6.44021345343,8.95849221838166,9.48170790831665e-05,0.00973740617840124,"ok"
19,"broad",0.1,"mlma",NA,NA,5000,4999,1,0,2e-04,0.100534228194155,0.000534228194154635,0.00810038036309916,0.090002113103522,0.0886689712997005,0.985187661068713,0.0899946963032263,0.942188437687537,0.210642128425685,0.00576723995017764,NA,0.210642128425685,NA,NA,NA,NA,NA,0,0,0.34714942988604,"broad",NA,NA,48,41,7,34313,355,"n_minority",0.672100541869877,"positive",0.25634091545362,0.202640794189123,0.231093502585834,42186.4925462584,38.5217730850911,6.44021345343,8.95849221838166,9.48170790831665e-05,0.00973740617840124,"ok"
19,"broad",0.1,"mlma_cr2",NA,NA,5000,4999,1,0,2e-04,0.100534228194155,0.000534228194154635,0.00810038036309916,0.090002113103522,0.0865946553840589,0.962140247579034,0.0899946963032263,0.950790158031606,0.170834166833367,0.00532312295393783,NA,0.170834166833367,8.2782883182381,8.27527629772718,0.0206303634944342,8.22692966828524,8.39318483985366,0,0,0.383536707341574,"broad",NA,NA,48,41,7,34313,355,"n_minority",0.672100541869877,"positive",0.25634091545362,0.202640794189123,0.231093502585834,42186.4925462584,38.5217730850911,6.44021345343,8.95849221838166,9.48170790831665e-05,0.00973740617840124,"ok"
19,"broad",0.2,"aggregate_hksj",NA,NA,5000,5000,0,0,0,0.200499905000412,0.000499905000412137,0.00809187568663041,0.0899548536024066,0.0897601082472026,0.997835076736773,0.089947246853378,0.9516,0.5904,0.00695453578608954,NA,0.5904,46,46,0,46,46,0,0,0.049875999999934,"broad",NA,NA,48,41,7,34313,355,"n_minority",0.672100541869877,"positive",0.25634091545362,0.202640794189123,0.231093502585834,42186.4925462584,38.5217730850911,6.44021345343,8.95849221838166,9.48170790831665e-05,0.00973740617840124,"ok"
19,"broad",0.2,"che_rve",NA,NA,5000,4999,1,0,2e-04,0.200533283490968,0.000533283490968317,0.00810146228412202,0.0900081234340658,0.0865957518484363,0.962088182094706,0.0900007003240731,0.950790158031606,0.514502900580116,0.00706879952752267,NA,0.514502900580116,8.28440780078508,8.28125845681191,0.0218109988871534,8.23024289500069,8.40561349272711,0,0,0.493230646129145,"broad",NA,NA,48,41,7,34313,355,"n_minority",0.672100541869877,"positive",0.25634091545362,0.202640794189123,0.231093502585834,42186.4925462584,38.5217730850911,6.44021345343,8.95849221838166,9.48170790831665e-05,0.00973740617840124,"ok"
19,"broad",0.2,"mlma",NA,NA,5000,4998,2,0,4e-04,0.200533923341204,0.000533923341203502,0.00810200094699562,0.0900111156857619,0.0886709818360896,0.985111462740326,0.0900036942159657,0.942176870748299,0.618847539015606,0.00686978384419868,NA,0.618847539015606,NA,NA,NA,NA,NA,0,0,0.347056822729079,"broad",NA,NA,48,41,7,34313,355,"n_minority",0.672100541869877,"positive",0.25634091545362,0.202640794189123,0.231093502585834,42186.4925462584,38.5217730850911,6.44021345343,8.95849221838166,9.48170790831665e-05,0.00973740617840124,"ok"
19,"broad",0.2,"mlma_cr2",NA,NA,5000,4998,2,0,4e-04,0.200533923341204,0.000533923341203502,0.00810200094699562,0.0900111156857619,0.0865920256426359,0.962014802093306,0.0900036942159657,0.95078031212485,0.514405762304922,0.00706954639258854,NA,0.514405762304922,8.27828742167583,8.27527103445599,0.0206323302954595,8.22692966836458,8.39318483939434,0,0,0.383337334934058,"broad",NA,NA,48,41,7,34313,355,"n_minority",0.672100541869877,"positive",0.25634091545362,0.202640794189123,0.231093502585834,42186.4925462584,38.5217730850911,6.44021345343,8.95849221838166,9.48170790831665e-05,0.00973740617840124,"ok"
20,"broad",0,"aggregate_hksj",NA,NA,5000,5000,0,0,0,0.000178484153027961,0.000178484153027961,0.00162499078657178,0.0403111744628183,0.0402491415656428,0.99846114885011,0.0403075383149026,0.9522,0.0478,0.00301712313305241,0.0478,NA,94,94,0,94,94,0,0,0.0919939999998518,"broad",NA,NA,96,56,40,29018,504,"nk_majority",0.745270909648243,"independent",0.160948550815228,0.180138721761643,0.0416369532622048,35343.9566479885,28.4234402344873,9.07837798808158,14.8328584210747,0.000113173520436277,0.0106383043966732,"ok"
20,"broad",0,"che_rve",NA,NA,5000,5000,0,0,0,0.000109981575566609,0.000109981575566609,0.00161556173632971,0.0401940510067064,0.0402676277804909,1.00183053889672,0.0401901818847515,0.9526,0.0474,0.00300510365877785,0.0474,NA,79.0429242815315,79.1090802359039,0.804672327365015,75.2633115610709,81.2602600791699,0,0,0.820139999999915,"broad",NA,NA,96,56,40,29018,504,"nk_majority",0.745270909648243,"independent",0.160948550815228,0.180138721761643,0.0416369532622048,35343.9566479885,28.4234402344873,9.07837798808158,14.8328584210747,0.000113173520436277,0.0106383043966732,"ok"
20,"broad",0,"mlma",NA,NA,5000,5000,0,0,0,7.53033475371432e-05,7.53033475371432e-05,0.00161879672032353,0.0402342729563184,0.0402453390673876,1.00027504190473,0.0402303198045158,0.9482,0.0518,0.0031342227106573,0.0518,NA,NA,NA,NA,NA,NA,0,0,0.478114000000071,"broad",NA,NA,96,56,40,29018,504,"nk_majority",0.745270909648243,"independent",0.160948550815228,0.180138721761643,0.0416369532622048,35343.9566479885,28.4234402344873,9.07837798808158,14.8328584210747,0.000113173520436277,0.0106383043966732,"ok"
20,"broad",0,"mlma_cr2",NA,NA,5000,5000,0,0,0,7.53033475371432e-05,7.53033475371432e-05,0.00161879672032353,0.0402342729563184,0.0403008510790784,1.00165476142274,0.0402303198045158,0.9528,0.0472,0.00299907185642492,0.0472,NA,80.0254315803285,80.0770607879535,0.634827072806392,77.0429111267911,81.7437398420475,0,0,0.545048000000062,"broad",NA,NA,96,56,40,29018,504,"nk_majority",0.745270909648243,"independent",0.160948550815228,0.180138721761643,0.0416369532622048,35343.9566479885,28.4234402344873,9.07837798808158,14.8328584210747,0.000113173520436277,0.0106383043966732,"ok"
20,"broad",0.05,"aggregate_hksj",NA,NA,5000,5000,0,0,0,0.050178484153028,0.000178484153027958,0.00162499078657178,0.0403111744628183,0.0402491415656428,0.99846114885011,0.0403075383149026,0.9522,0.2332,0.0059802635393434,NA,0.2332,94,94,0,94,94,0,0,0.0922859999999288,"broad",NA,NA,96,56,40,29018,504,"nk_majority",0.745270909648243,"independent",0.160948550815228,0.180138721761643,0.0416369532622048,35343.9566479885,28.4234402344873,9.07837798808158,14.8328584210747,0.000113173520436277,0.0106383043966732,"ok"
20,"broad",0.05,"che_rve",NA,NA,5000,5000,0,0,0,0.0501099815734926,0.000109981573492644,0.00161556173635546,0.0401940510070267,0.0402676277809587,1.00183053890037,0.0401901818850661,0.9526,0.229,0.0059423732632678,NA,0.229,79.0429242992927,79.1090802432892,0.804672329988744,75.2633115540719,81.2602600663995,0,0,0.817249999999875,"broad",NA,NA,96,56,40,29018,504,"nk_majority",0.745270909648243,"independent",0.160948550815228,0.180138721761643,0.0416369532622048,35343.9566479885,28.4234402344873,9.07837798808158,14.8328584210747,0.000113173520436277,0.0106383043966732,"ok"
20,"broad",0.05,"mlma",NA,NA,5000,5000,0,0,0,0.0500753033477893,7.53033477893447e-05,0.00161879672041703,0.0402342729574804,0.0402453390832257,1.00027504226949,0.0402303198056781,0.9482,0.2362,0.00600682212155479,NA,0.2362,NA,NA,NA,NA,NA,0,0,0.47066800000004,"broad",NA,NA,96,56,40,29018,504,"nk_majority",0.745270909648243,"independent",0.160948550815228,0.180138721761643,0.0416369532622048,35343.9566479885,28.4234402344873,9.07837798808158,14.8328584210747,0.000113173520436277,0.0106383043966732,"ok"
20,"broad",0.05,"mlma_cr2",NA,NA,5000,5000,0,0,0,0.0500753033477893,7.53033477893447e-05,0.00161879672041703,0.0402342729574804,0.0403008510787639,1.00165476138599,0.0402303198056781,0.9528,0.2256,0.00591108517955883,NA,0.2256,80.0254315841326,80.0770607850306,0.634827071468804,77.0429111316806,81.7437398401941,0,0,0.537534000000067,"broad",NA,NA,96,56,40,29018,504,"nk_majority",0.745270909648243,"independent",0.160948550815228,0.180138721761643,0.0416369532622048,35343.9566479885,28.4234402344873,9.07837798808158,14.8328584210747,0.000113173520436277,0.0106383043966732,"ok"
20,"broad",0.1,"aggregate_hksj",NA,NA,5000,5000,0,0,0,0.100178484153028,0.000178484153027958,0.00162499078657178,0.0403111744628183,0.0402491415656428,0.99846114885011,0.0403075383149026,0.9522,0.689,0.00654643414386794,NA,0.689,94,94,0,94,94,0,0,0.093046000000005,"broad",NA,NA,96,56,40,29018,504,"nk_majority",0.745270909648243,"independent",0.160948550815228,0.180138721761643,0.0416369532622048,35343.9566479885,28.4234402344873,9.07837798808158,14.8328584210747,0.000113173520436277,0.0106383043966732,"ok"
20,"broad",0.1,"che_rve",NA,NA,5000,5000,0,0,0,0.100109981574811,0.000109981574810611,0.00161556173644939,0.0401940510081951,0.0402676277800711,1.00183053884917,0.0401901818862381,0.9526,0.6832,0.00657932762522129,NA,0.6832,79.0429242874091,79.1090802422621,0.804672328102656,75.263311561594,81.2602600928951,0,0,0.819782000000071,"broad",NA,NA,96,56,40,29018,504,"nk_majority",0.745270909648243,"independent",0.160948550815228,0.180138721761643,0.0416369532622048,35343.9566479885,28.4234402344873,9.07837798808158,14.8328584210747,0.000113173520436277,0.0106383043966732,"ok"
20,"broad",0.1,"mlma",NA,NA,5000,5000,0,0,0,0.1000753033502,7.53033502001454e-05,0.00161879672036796,0.0402342729568705,0.0402453390789868,1.00027504217929,0.0402303198050729,0.9482,0.6944,0.00651473161381188,NA,0.6944,NA,NA,NA,NA,NA,0,0,0.469595999999947,"broad",NA,NA,96,56,40,29018,504,"nk_majority",0.745270909648243,"independent",0.160948550815228,0.180138721761643,0.0416369532622048,35343.9566479885,28.4234402344873,9.07837798808158,14.8328584210747,0.000113173520436277,0.0106383043966732,"ok"
20,"broad",0.1,"mlma_cr2",NA,NA,5000,5000,0,0,0,0.1000753033502,7.53033502001454e-05,0.00161879672036796,0.0402342729568705,0.0403008510789116,1.00165476140484,0.0402303198050729,0.9528,0.6816,0.00658819307549498,NA,0.6816,80.0254315833118,80.0770607813573,0.634827070915213,77.0429111296888,81.743739841534,0,0,0.536351999999964,"broad",NA,NA,96,56,40,29018,504,"nk_majority",0.745270909648243,"independent",0.160948550815228,0.180138721761643,0.0416369532622048,35343.9566479885,28.4234402344873,9.07837798808158,14.8328584210747,0.000113173520436277,0.0106383043966732,"ok"
20,"broad",0.2,"aggregate_hksj",NA,NA,5000,5000,0,0,0,0.200178484153028,0.000178484153027958,0.00162499078657178,0.0403111744628183,0.0402491415656428,0.998461148850111,0.0403075383149026,0.9522,0.9984,0.00056523269544499,NA,0.9984,94,94,0,94,94,0,0,0.09229399999991,"broad",NA,NA,96,56,40,29018,504,"nk_majority",0.745270909648243,"independent",0.160948550815228,0.180138721761643,0.0416369532622048,35343.9566479885,28.4234402344873,9.07837798808158,14.8328584210747,0.000113173520436277,0.0106383043966732,"ok"
20,"broad",0.2,"che_rve",NA,NA,5000,5000,0,0,0,0.200109981575782,0.000109981575782403,0.00161556173632229,0.040194051006614,0.040267627780383,1.00183053889634,0.0401901818846597,0.9526,0.9986,0.000528779727296718,NA,0.9986,79.042924283276,79.1090802458282,0.804672326177199,75.2633115433332,81.2602600836012,0,0,0.818924000000057,"broad",NA,NA,96,56,40,29018,504,"nk_majority",0.745270909648243,"independent",0.160948550815228,0.180138721761643,0.0416369532622048,35343.9566479885,28.4234402344873,9.07837798808158,14.8328584210747,0.000113173520436277,0.0106383043966732,"ok"
20,"broad",0.2,"mlma",NA,NA,5000,5000,0,0,0,0.200075303338787,7.53033387866087e-05,0.00161879672034389,0.0402342729565714,0.0402453390683152,1.00027504192149,0.0402303198047525,0.9482,0.9988,0.000489603921552918,NA,0.9988,NA,NA,NA,NA,NA,0,0,0.469890000000026,"broad",NA,NA,96,56,40,29018,504,"nk_majority",0.745270909648243,"independent",0.160948550815228,0.180138721761643,0.0416369532622048,35343.9566479885,28.4234402344873,9.07837798808158,14.8328584210747,0.000113173520436277,0.0106383043966732,"ok"
20,"broad",0.2,"mlma_cr2",NA,NA,5000,5000,0,0,0,0.200075303338787,7.53033387866087e-05,0.00161879672034389,0.0402342729565714,0.0403008510775917,1.00165476137949,0.0402303198047525,0.9528,0.9988,0.000489603921552918,NA,0.9988,80.0254315791539,80.0770608091123,0.634827080995698,77.0429111094615,81.7437398424142,0,0,0.53664200000003,"broad",NA,NA,96,56,40,29018,504,"nk_majority",0.745270909648243,"independent",0.160948550815228,0.180138721761643,0.0416369532622048,35343.9566479885,28.4234402344873,9.07837798808158,14.8328584210747,0.000113173520436277,0.0106383043966732,"ok"
21,"broad",0,"aggregate_hksj",NA,NA,5000,5000,0,0,0,-0.0013428776981141,-0.0013428776981141,0.00939646132078329,0.0969353460858488,0.0954342890659782,0.98451486397396,0.0969349542168934,0.9492,0.0508,0.00310545842026584,0.0508,NA,46,46,0,46,46,0,0,0.0494660000001226,"broad",NA,NA,48,40,8,17785,134,"n_majority",0.455081338501186,"independent",0.772091077247169,0.208763946753286,0.165091698135424,14309.9335215293,26.0083835491504,4.6145857120517,5.19998162483374,0.0002795261063919,0.0167190342541637,"ok"
21,"broad",0,"che_rve",NA,NA,5000,5000,0,0,0,-0.00128476451410446,-0.00128476451410446,0.00936536275329068,0.0967748043309346,0.0942092831584559,0.973489781868165,0.0967736549924447,0.9518,0.0482,0.00302908435009658,0.0482,NA,9.40375250701928,9.42577242376869,0.158612341659003,8.2588184953422,9.75474506520733,0,0,0.382643999999802,"broad",NA,NA,48,40,8,17785,134,"n_majority",0.455081338501186,"independent",0.772091077247169,0.208763946753286,0.165091698135424,14309.9335215293,26.0083835491504,4.6145857120517,5.19998162483374,0.0002795261063919,0.0167190342541637,"ok"
21,"broad",0,"mlma",NA,NA,5000,5000,0,0,0,-0.00131301681822392,-0.00131301681822392,0.00943908276497654,0.0971549420512232,0.0946160992439962,0.973868104353472,0.0971540990467643,0.941,0.059,0.00333223648620562,0.059,NA,NA,NA,NA,NA,NA,0,0,0.325410000000059,"broad",NA,NA,48,40,8,17785,134,"n_majority",0.455081338501186,"independent",0.772091077247169,0.208763946753286,0.165091698135424,14309.9335215293,26.0083835491504,4.6145857120517,5.19998162483374,0.0002795261063919,0.0167190342541637,"ok"
21,"broad",0,"mlma_cr2",NA,NA,5000,5000,0,0,0,-0.00131301681822392,-0.00131301681822392,0.00943908276497654,0.0971549420512232,0.0946653226409824,0.974374752764216,0.0971540990467643,0.9522,0.0478,0.00301712313305241,0.0478,NA,9.74172239296404,9.7548423025093,0.079828145354416,9.09087891608772,9.89900661653873,0,0,0.357242000000188,"broad",NA,NA,48,40,8,17785,134,"n_majority",0.455081338501186,"independent",0.772091077247169,0.208763946753286,0.165091698135424,14309.9335215293,26.0083835491504,4.6145857120517,5.19998162483374,0.0002795261063919,0.0167190342541637,"ok"
21,"broad",0.05,"aggregate_hksj",NA,NA,5000,5000,0,0,0,0.0486571223018859,-0.0013428776981141,0.00939646132078329,0.0969353460858488,0.0954342890659782,0.98451486397396,0.0969349542168934,0.9492,0.0836,0.00391435920681789,NA,0.0836,46,46,0,46,46,0,0,0.0500440000000672,"broad",NA,NA,48,40,8,17785,134,"n_majority",0.455081338501186,"independent",0.772091077247169,0.208763946753286,0.165091698135424,14309.9335215293,26.0083835491504,4.6145857120517,5.19998162483374,0.0002795261063919,0.0167190342541637,"ok"
21,"broad",0.05,"che_rve",NA,NA,5000,5000,0,0,0,0.048715235485234,-0.00128476451476605,0.00936536275390845,0.0967748043341264,0.0942092831578164,0.97348978182945,0.0967736549956447,0.9518,0.072,0.00365557109081468,NA,0.072,9.40375250696037,9.42577242302979,0.158612341688266,8.25881850009801,9.75474506520126,0,0,0.381670000000004,"broad",NA,NA,48,40,8,17785,134,"n_majority",0.455081338501186,"independent",0.772091077247169,0.208763946753286,0.165091698135424,14309.9335215293,26.0083835491504,4.6145857120517,5.19998162483374,0.0002795261063919,0.0167190342541637,"ok"
21,"broad",0.05,"mlma",NA,NA,5000,5000,0,0,0,0.0486869831838862,-0.00131301681611375,0.00943908276479239,0.0971549420502755,0.0946160992548549,0.973868104474739,0.0971540990457882,0.941,0.0946,0.00413886071280491,NA,0.0946,NA,NA,NA,NA,NA,0,0,0.326609999999835,"broad",NA,NA,48,40,8,17785,134,"n_majority",0.455081338501186,"independent",0.772091077247169,0.208763946753286,0.165091698135424,14309.9335215293,26.0083835491504,4.6145857120517,5.19998162483374,0.0002795261063919,0.0167190342541637,"ok"
21,"broad",0.05,"mlma_cr2",NA,NA,5000,5000,0,0,0,0.0486869831838862,-0.00131301681611375,0.00943908276479239,0.0971549420502755,0.0946653226407512,0.974374752771341,0.0971540990457882,0.9522,0.074,0.00370199945975145,NA,0.074,9.74172239308875,9.75484230242604,0.0798281452867191,9.09087891709489,9.89900661718536,0,0,0.358627999999947,"broad",NA,NA,48,40,8,17785,134,"n_majority",0.455081338501186,"independent",0.772091077247169,0.208763946753286,0.165091698135424,14309.9335215293,26.0083835491504,4.6145857120517,5.19998162483374,0.0002795261063919,0.0167190342541637,"ok"
21,"broad",0.1,"aggregate_hksj",NA,NA,5000,5000,0,0,0,0.0986571223018859,-0.0013428776981141,0.00939646132078329,0.0969353460858488,0.0954342890659782,0.98451486397396,0.0969349542168934,0.9492,0.1788,0.00541905083939983,NA,0.1788,46,46,0,46,46,0,0,0.0496640000004205,"broad",NA,NA,48,40,8,17785,134,"n_majority",0.455081338501186,"independent",0.772091077247169,0.208763946753286,0.165091698135424,14309.9335215293,26.0083835491504,4.6145857120517,5.19998162483374,0.0002795261063919,0.0167190342541637,"ok"
21,"broad",0.1,"che_rve",NA,NA,5000,5000,0,0,0,0.0987152354832823,-0.00128476451671769,0.00936536275357801,0.0967748043324191,0.0942092831589733,0.973489781858578,0.0967736549939637,0.9518,0.1512,0.00506633121696559,NA,0.1512,9.4037525069838,9.42577242439913,0.158612341712131,8.25881849295985,9.75474506524472,0,0,0.382491999999987,"broad",NA,NA,48,40,8,17785,134,"n_majority",0.455081338501186,"independent",0.772091077247169,0.208763946753286,0.165091698135424,14309.9335215293,26.0083835491504,4.6145857120517,5.19998162483374,0.0002795261063919,0.0167190342541637,"ok"
21,"broad",0.1,"mlma",NA,NA,5000,5000,0,0,0,0.0986869831809944,-0.00131301681900559,0.0094390827648397,0.097154942050519,0.0946160992529034,0.973868104452212,0.0971540990460708,0.941,0.2006,0.00566320827799932,NA,0.2006,NA,NA,NA,NA,NA,0,0,0.325779999999597,"broad",NA,NA,48,40,8,17785,134,"n_majority",0.455081338501186,"independent",0.772091077247169,0.208763946753286,0.165091698135424,14309.9335215293,26.0083835491504,4.6145857120517,5.19998162483374,0.0002795261063919,0.0167190342541637,"ok"
21,"broad",0.1,"mlma_cr2",NA,NA,5000,5000,0,0,0,0.0986869831809944,-0.00131301681900559,0.0094390827648397,0.097154942050519,0.0946653226409684,0.974374752771135,0.0971540990460708,0.9522,0.1498,0.00504697850203466,NA,0.1498,9.74172239304285,9.7548423026206,0.0798281453884668,9.09087891542416,9.89900661685816,0,0,0.357343999999593,"broad",NA,NA,48,40,8,17785,134,"n_majority",0.455081338501186,"independent",0.772091077247169,0.208763946753286,0.165091698135424,14309.9335215293,26.0083835491504,4.6145857120517,5.19998162483374,0.0002795261063919,0.0167190342541637,"ok"
21,"broad",0.2,"aggregate_hksj",NA,NA,5000,5000,0,0,0,0.198657122301886,-0.00134287769811409,0.00939646132078329,0.0969353460858488,0.0954342890659782,0.98451486397396,0.0969349542168934,0.9492,0.5232,0.00706345184736188,NA,0.5232,46,46,0,46,46,0,0,0.04989599999981,"broad",NA,NA,48,40,8,17785,134,"n_majority",0.455081338501186,"independent",0.772091077247169,0.208763946753286,0.165091698135424,14309.9335215293,26.0083835491504,4.6145857120517,5.19998162483374,0.0002795261063919,0.0167190342541637,"ok"
21,"broad",0.2,"che_rve",NA,NA,5000,5000,0,0,0,0.198715235486871,-0.00128476451312945,0.00936536275406957,0.0967748043349589,0.0942092831593778,0.97348978183721,0.0967736549964553,0.9518,0.4478,0.00703242717701364,NA,0.4478,9.40375250692536,9.42577242404125,0.15861234171544,8.25881849149918,9.75474506517945,0,0,0.382418000000055,"broad",NA,NA,48,40,8,17785,134,"n_majority",0.455081338501186,"independent",0.772091077247169,0.208763946753286,0.165091698135424,14309.9335215293,26.0083835491504,4.6145857120517,5.19998162483374,0.0002795261063919,0.0167190342541637,"ok"
21,"broad",0.2,"mlma",NA,NA,5000,4999,1,0,2e-04,0.198676686717517,-0.00132331328248272,0.00944044114523962,0.0971619325931695,0.0946148041028705,0.97378470742277,0.097161225997622,0.940988197639528,0.544708941788358,0.00704344689293955,NA,0.544708941788358,NA,NA,NA,NA,NA,0,0,0.327173434686846,"broad",NA,NA,48,40,8,17785,134,"n_majority",0.455081338501186,"independent",0.772091077247169,0.208763946753286,0.165091698135424,14309.9335215293,26.0083835491504,4.6145857120517,5.19998162483374,0.0002795261063919,0.0167190342541637,"ok"
21,"broad",0.2,"mlma_cr2",NA,NA,5000,4999,1,0,2e-04,0.198676686717517,-0.00132331328248272,0.00944044114523962,0.0971619325931695,0.0946580410218534,0.974229705971368,0.097161225997622,0.952190438087617,0.450090018003601,0.00703645515011925,NA,0.450090018003601,9.74171295235877,9.7548263130705,0.0798333394711411,9.09087891677064,9.89900661619651,0,0,0.358777755551285,"broad",NA,NA,48,40,8,17785,134,"n_majority",0.455081338501186,"independent",0.772091077247169,0.208763946753286,0.165091698135424,14309.9335215293,26.0083835491504,4.6145857120517,5.19998162483374,0.0002795261063919,0.0167190342541637,"ok"
22,"broad",0,"aggregate_hksj",NA,NA,5000,5000,0,0,0,-0.00107307740024528,-0.00107307740024528,0.00605475307542525,0.0778122938578811,0.0762429279152668,0.979831388270333,0.0778119118125052,0.9472,0.0528,0.00316266216975509,0.0528,NA,22,22,0,22,22,0,0,0.0317719999998881,"broad",NA,NA,24,17,7,5162,138,"independent",0,"negative",0.806426519919187,0.127148411708593,0.197819388696109,6952.38610106147,16.7662713917238,6.9741280481206,11.5554312127226,0.000575342039676031,0.0239862885765187,"ok"
22,"broad",0,"che_rve",NA,NA,5000,4999,1,0,2e-04,-0.00110237068085016,-0.00110237068085016,0.0059369476444518,0.0770515907976714,0.0753056679115244,0.977340858662717,0.0770517698597216,0.951190238047609,0.0488097619523905,0.00304751231078156,0.0488097619523905,NA,10.7324126929894,10.7967892389446,0.261895897373176,9.42845374729534,11.1344743766843,0.0128025605121024,0,0.340046009201734,"broad",NA,NA,24,17,7,5162,138,"independent",0,"negative",0.806426519919187,0.127148411708593,0.197819388696109,6952.38610106147,16.7662713917238,6.9741280481206,11.5554312127226,0.000575342039676031,0.0239862885765187,"ok"
22,"broad",0,"mlma",NA,NA,5000,4999,1,0,2e-04,-0.00109850219706794,-0.00109850219706794,0.00594154772147057,0.0770814356474409,0.0764329946927046,0.991587585917546,0.0770815534436988,0.934786957391478,0.0652130426085217,0.00349206231850169,0.0652130426085217,NA,NA,NA,NA,NA,NA,0.001000200040008,0,0.263174634927303,"broad",NA,NA,24,17,7,5162,138,"independent",0,"negative",0.806426519919187,0.127148411708593,0.197819388696109,6952.38610106147,16.7662713917238,6.9741280481206,11.5554312127226,0.000575342039676031,0.0239862885765187,"ok"
22,"broad",0,"mlma_cr2",NA,NA,5000,4999,1,0,2e-04,-0.00109850219706794,-0.00109850219706794,0.00594154772147057,0.0770814356474409,0.0752461686341779,0.976190544482627,0.0770815534436988,0.951390278055611,0.0486097219443889,0.00304158077619175,0.0486097219443889,NA,10.6079895485265,10.6908362907378,0.348462564747034,7.66433241509697,11.0907359995813,0.001000200040008,0,0.28316663332684,"broad",NA,NA,24,17,7,5162,138,"independent",0,"negative",0.806426519919187,0.127148411708593,0.197819388696109,6952.38610106147,16.7662713917238,6.9741280481206,11.5554312127226,0.000575342039676031,0.0239862885765187,"ok"
22,"broad",0.05,"aggregate_hksj",NA,NA,5000,5000,0,0,0,0.0489269225997547,-0.00107307740024528,0.00605475307542525,0.0778122938578811,0.0762429279152668,0.979831388270333,0.0778119118125052,0.9472,0.0912,0.00407142628571364,NA,0.0912,22,22,0,22,22,0,0,0.0314619999999975,"broad",NA,NA,24,17,7,5162,138,"independent",0,"negative",0.806426519919187,0.127148411708593,0.197819388696109,6952.38610106147,16.7662713917238,6.9741280481206,11.5554312127226,0.000575342039676031,0.0239862885765187,"ok"
22,"broad",0.05,"che_rve",NA,NA,5000,5000,0,0,0,0.0489047986011848,-0.00109520139881518,0.00593601700987446,0.0770455515255389,0.0753002232834056,0.977346800592962,0.0770456311063545,0.9512,0.0884,0.00401460932096761,NA,0.0884,10.7321762264086,10.7967253627833,0.262402977238428,9.4284537469476,11.1344743767171,0.013,0,0.339296000000127,"broad",NA,NA,24,17,7,5162,138,"independent",0,"negative",0.806426519919187,0.127148411708593,0.197819388696109,6952.38610106147,16.7662713917238,6.9741280481206,11.5554312127226,0.000575342039676031,0.0239862885765187,"ok"
22,"broad",0.05,"mlma",NA,NA,5000,4999,1,0,2e-04,0.0489014977989061,-0.00109850220109386,0.00594154772100316,0.077081435644409,0.07643299469609,0.991587586000469,0.0770815534407248,0.934786957391478,0.109821964392879,0.00442223148785995,NA,0.109821964392879,NA,NA,NA,NA,NA,0.001000200040008,0,0.263424684937047,"broad",NA,NA,24,17,7,5162,138,"independent",0,"negative",0.806426519919187,0.127148411708593,0.197819388696109,6952.38610106147,16.7662713917238,6.9741280481206,11.5554312127226,0.000575342039676031,0.0239862885765187,"ok"
22,"broad",0.05,"mlma_cr2",NA,NA,5000,4999,1,0,2e-04,0.0489014977989061,-0.00109850220109386,0.00594154772100316,0.077081435644409,0.0752461686328746,0.976190544504117,0.0770815534407248,0.951390278055611,0.0864172834566913,0.0039740440259911,NA,0.0864172834566913,10.6079895484255,10.6908362892862,0.348462565244095,7.66433241526632,11.0907359993674,0.001000200040008,0,0.283334666933459,"broad",NA,NA,24,17,7,5162,138,"independent",0,"negative",0.806426519919187,0.127148411708593,0.197819388696109,6952.38610106147,16.7662713917238,6.9741280481206,11.5554312127226,0.000575342039676031,0.0239862885765187,"ok"
22,"broad",0.1,"aggregate_hksj",NA,NA,5000,5000,0,0,0,0.0989269225997547,-0.00107307740024529,0.00605475307542525,0.0778122938578811,0.0762429279152668,0.979831388270333,0.0778119118125051,0.9472,0.2386,0.00602776973680979,NA,0.2386,22,22,0,22,22,0,0,0.0318739999999568,"broad",NA,NA,24,17,7,5162,138,"independent",0,"negative",0.806426519919187,0.127148411708593,0.197819388696109,6952.38610106147,16.7662713917238,6.9741280481206,11.5554312127226,0.000575342039676031,0.0239862885765187,"ok"
22,"broad",0.1,"che_rve",NA,NA,5000,5000,0,0,0,0.0989047986010695,-0.00109520139893053,0.00593601701031608,0.0770455515284048,0.0753002232826678,0.977346800547031,0.0770456311092215,0.9512,0.2104,0.00576423177882361,NA,0.2104,10.7321762266264,10.7967253623939,0.262402977487723,9.42845374527522,11.13447437648,0.013,0,0.340190000000031,"broad",NA,NA,24,17,7,5162,138,"independent",0,"negative",0.806426519919187,0.127148411708593,0.197819388696109,6952.38610106147,16.7662713917238,6.9741280481206,11.5554312127226,0.000575342039676031,0.0239862885765187,"ok"
22,"broad",0.1,"mlma",NA,NA,5000,4998,2,0,4e-04,0.0988881644634673,-0.00111183553653268,0.00594184785481895,0.0770833824816928,0.0764395279832918,0.991647298319402,0.0770836895067318,0.934773909563826,0.269907963185274,0.00627911632633335,NA,0.269907963185274,NA,NA,NA,NA,NA,0.000800320128051221,0,0.262088835534343,"broad",NA,NA,24,17,7,5162,138,"independent",0,"negative",0.806426519919187,0.127148411708593,0.197819388696109,6952.38610106147,16.7662713917238,6.9741280481206,11.5554312127226,0.000575342039676031,0.0239862885765187,"ok"
22,"broad",0.1,"mlma_cr2",NA,NA,5000,4998,2,0,4e-04,0.0988881644634673,-0.00111183553653268,0.00594184785481895,0.0770833824816928,0.0752530352329515,0.976254969750763,0.0770836895067318,0.951380552220888,0.209883953581433,0.00576019165004343,NA,0.209883953581433,10.6085785157385,10.6909020257795,0.346000068964936,7.675144285175,11.0907359998248,0.000800320128051221,0,0.282276910764397,"broad",NA,NA,24,17,7,5162,138,"independent",0,"negative",0.806426519919187,0.127148411708593,0.197819388696109,6952.38610106147,16.7662713917238,6.9741280481206,11.5554312127226,0.000575342039676031,0.0239862885765187,"ok"
22,"broad",0.2,"aggregate_hksj",NA,NA,5000,5000,0,0,0,0.198926922599755,-0.00107307740024529,0.00605475307542525,0.0778122938578811,0.0762429279152668,0.979831388270333,0.0778119118125052,0.9472,0.6902,0.00653947948999001,NA,0.6902,22,22,0,22,22,0,0,0.0315759999998628,"broad",NA,NA,24,17,7,5162,138,"independent",0,"negative",0.806426519919187,0.127148411708593,0.197819388696109,6952.38610106147,16.7662713917238,6.9741280481206,11.5554312127226,0.000575342039676031,0.0239862885765187,"ok"
22,"broad",0.2,"che_rve",NA,NA,5000,4998,2,0,4e-04,0.198927486189128,-0.00107251381087162,0.00593704553642588,0.0770522260316071,0.0753148602760382,0.977452101710128,0.077051982051336,0.951180472188876,0.655662264905962,0.00672100592360394,NA,0.655662264905962,10.7326360046466,10.7968125579589,0.261445946023766,9.42845374697793,11.1344743760901,0.0126050420168067,0,0.33871148459381,"broad",NA,NA,24,17,7,5162,138,"independent",0,"negative",0.806426519919187,0.127148411708593,0.197819388696109,6952.38610106147,16.7662713917238,6.9741280481206,11.5554312127226,0.000575342039676031,0.0239862885765187,"ok"
22,"broad",0.2,"mlma",NA,NA,5000,4999,1,0,2e-04,0.198901497804119,-0.00109850219588145,0.00594154772119078,0.077081435645626,0.076432994689184,0.991587585895219,0.0770815534418673,0.934786957391478,0.729745949189838,0.00628102300713628,NA,0.729745949189838,NA,NA,NA,NA,NA,0.001000200040008,0,0.26324664932984,"broad",NA,NA,24,17,7,5162,138,"independent",0,"negative",0.806426519919187,0.127148411708593,0.197819388696109,6952.38610106147,16.7662713917238,6.9741280481206,11.5554312127226,0.000575342039676031,0.0239862885765187,"ok"
22,"broad",0.2,"mlma_cr2",NA,NA,5000,4999,1,0,2e-04,0.198901497804119,-0.00109850219588145,0.00594154772119078,0.077081435645626,0.0752461686340105,0.97619054450344,0.0770815534418673,0.951390278055611,0.653930786157231,0.00672830711530998,NA,0.653930786157231,10.607989548363,10.6908362904421,0.348462564764768,7.66433241445782,11.0907359996083,0.001000200040008,0,0.283364672934609,"broad",NA,NA,24,17,7,5162,138,"independent",0,"negative",0.806426519919187,0.127148411708593,0.197819388696109,6952.38610106147,16.7662713917238,6.9741280481206,11.5554312127226,0.000575342039676031,0.0239862885765187,"ok"
23,"broad",0,"aggregate_hksj",NA,NA,5000,5000,0,0,0,0.00151960085644092,0.00151960085644092,0.0195013409842527,0.139647201848991,0.129457456218213,0.927032224807511,0.139641504943261,0.9318,0.0682,0.00356507391227728,0.0682,NA,46,46,0,46,46,0,0,0.0477699999999983,"broad",NA,NA,48,43,5,11204,145,"nk_majority",0.557801624679996,"independent",0.195337073490955,0.2057130501215,0.240227726177021,4337.8084525103,39.1170335672574,4.60322656759098,4.23441073864947,0.000922124626707568,0.0303665050130496,"ok"
23,"broad",0,"che_rve",NA,NA,5000,5000,0,0,0,0.00186359918572852,0.00186359918572852,0.019016764909972,0.137901286832183,0.132333834061308,0.959627260203523,0.137900089046074,0.9572,0.0428,0.00286245209566903,0.0428,NA,4.55875649861017,4.57561891224397,0.119147001281016,3.97756766525931,4.84135975167401,0,0,0.361855999999994,"broad",NA,NA,48,43,5,11204,145,"nk_majority",0.557801624679996,"independent",0.195337073490955,0.2057130501215,0.240227726177021,4337.8084525103,39.1170335672574,4.60322656759098,4.23441073864947,0.000922124626707568,0.0303665050130496,"ok"
23,"broad",0,"mlma",NA,NA,5000,5000,0,0,0,0.00186378594317417,0.00186378594317417,0.0190170162276576,0.137902198052307,0.139736333151723,1.01330026007795,0.137901002615841,0.9488,0.0512,0.0031170036894428,0.0512,NA,NA,NA,NA,NA,NA,0,0,0.274530000000006,"broad",NA,NA,48,43,5,11204,145,"nk_majority",0.557801624679996,"independent",0.195337073490955,0.2057130501215,0.240227726177021,4337.8084525103,39.1170335672574,4.60322656759098,4.23441073864947,0.000922124626707568,0.0303665050130496,"ok"
23,"broad",0,"mlma_cr2",NA,NA,5000,5000,0,0,0,0.00186378594317417,0.00186378594317417,0.0190170162276576,0.137902198052307,0.132326571108359,0.959568251828495,0.137901002615841,0.9574,0.0426,0.00285605462132642,0.0426,NA,4.55798033486398,4.5748851145057,0.119419871696932,3.97318120514052,4.8413033022774,0,0,0.305932000000026,"broad",NA,NA,48,43,5,11204,145,"nk_majority",0.557801624679996,"independent",0.195337073490955,0.2057130501215,0.240227726177021,4337.8084525103,39.1170335672574,4.60322656759098,4.23441073864947,0.000922124626707568,0.0303665050130496,"ok"
23,"broad",0.05,"aggregate_hksj",NA,NA,5000,5000,0,0,0,0.0515196008564409,0.00151960085644092,0.0195013409842528,0.139647201848991,0.129457456218213,0.927032224807511,0.139641504943261,0.9318,0.0856,0.00395658034165869,NA,0.0856,46,46,0,46,46,0,0,0.0480839999999887,"broad",NA,NA,48,43,5,11204,145,"nk_majority",0.557801624679996,"independent",0.195337073490955,0.2057130501215,0.240227726177021,4337.8084525103,39.1170335672574,4.60322656759098,4.23441073864947,0.000922124626707568,0.0303665050130496,"ok"
23,"broad",0.05,"che_rve",NA,NA,5000,5000,0,0,0,0.0518635991834229,0.00186359918342293,0.0190167649100347,0.13790128683241,0.132333834066055,0.959627260236366,0.13790008904627,0.9572,0.0484,0.00303504332753257,NA,0.0484,4.55875649870166,4.57561891224397,0.119147001316281,3.97756766525931,4.84135975167401,0,0,0.361843999999969,"broad",NA,NA,48,43,5,11204,145,"nk_majority",0.557801624679996,"independent",0.195337073490955,0.2057130501215,0.240227726177021,4337.8084525103,39.1170335672574,4.60322656759098,4.23441073864947,0.000922124626707568,0.0303665050130496,"ok"
23,"broad",0.05,"mlma",NA,NA,5000,5000,0,0,0,0.0518637859432672,0.00186378594326723,0.0190170162278506,0.137902198053006,0.139736333163671,1.01330026015945,0.137901002616541,0.9488,0.0668,0.00353094208392038,NA,0.0668,NA,NA,NA,NA,NA,0,0,0.274127999999995,"broad",NA,NA,48,43,5,11204,145,"nk_majority",0.557801624679996,"independent",0.195337073490955,0.2057130501215,0.240227726177021,4337.8084525103,39.1170335672574,4.60322656759098,4.23441073864947,0.000922124626707568,0.0303665050130496,"ok"
23,"broad",0.05,"mlma_cr2",NA,NA,5000,5000,0,0,0,0.0518637859432672,0.00186378594326723,0.0190170162278506,0.137902198053006,0.132326571109609,0.959568251832693,0.137901002616541,0.9574,0.0484,0.00303504332753257,NA,0.0484,4.55798033495378,4.5748851145057,0.119419871572747,3.97318120514052,4.84130330224951,0,0,0.305214000000026,"broad",NA,NA,48,43,5,11204,145,"nk_majority",0.557801624679996,"independent",0.195337073490955,0.2057130501215,0.240227726177021,4337.8084525103,39.1170335672574,4.60322656759098,4.23441073864947,0.000922124626707568,0.0303665050130496,"ok"
23,"broad",0.1,"aggregate_hksj",NA,NA,5000,5000,0,0,0,0.101519600856441,0.00151960085644091,0.0195013409842527,0.139647201848991,0.129457456218213,0.927032224807511,0.139641504943261,0.9318,0.137,0.00486273585546244,NA,0.137,46,46,0,46,46,0,0,0.0485480000000214,"broad",NA,NA,48,43,5,11204,145,"nk_majority",0.557801624679996,"independent",0.195337073490955,0.2057130501215,0.240227726177021,4337.8084525103,39.1170335672574,4.60322656759098,4.23441073864947,0.000922124626707568,0.0303665050130496,"ok"
23,"broad",0.1,"che_rve",NA,NA,5000,5000,0,0,0,0.10186359918345,0.0018635991834504,0.0190167649100092,0.137901286832318,0.132333834064593,0.959627260226406,0.137900089046178,0.9572,0.0794,0.00382349682882045,NA,0.0794,4.55875649867946,4.57561891258136,0.119147001292199,3.97756766525931,4.84135975157378,0,0,0.361653999999996,"broad",NA,NA,48,43,5,11204,145,"nk_majority",0.557801624679996,"independent",0.195337073490955,0.2057130501215,0.240227726177021,4337.8084525103,39.1170335672574,4.60322656759098,4.23441073864947,0.000922124626707568,0.0303665050130496,"ok"
23,"broad",0.1,"mlma",NA,NA,5000,5000,0,0,0,0.101863785946414,0.00186378594641395,0.0190170162282077,0.137902198054301,0.139736333149369,1.01330026004622,0.137901002617878,0.9488,0.1146,0.0045048160894758,NA,0.1146,NA,NA,NA,NA,NA,0,0,0.274436000000001,"broad",NA,NA,48,43,5,11204,145,"nk_majority",0.557801624679996,"independent",0.195337073490955,0.2057130501215,0.240227726177021,4337.8084525103,39.1170335672574,4.60322656759098,4.23441073864947,0.000922124626707568,0.0303665050130496,"ok"
23,"broad",0.1,"mlma_cr2",NA,NA,5000,5000,0,0,0,0.101863785946414,0.00186378594641395,0.0190170162282077,0.137902198054301,0.132326571107968,0.959568251811784,0.137901002617878,0.9574,0.0794,0.00382349682882045,NA,0.0794,4.55798033482572,4.57488511439673,0.119419871766157,3.97318120493447,4.84130330224686,0,0,0.306007999999999,"broad",NA,NA,48,43,5,11204,145,"nk_majority",0.557801624679996,"independent",0.195337073490955,0.2057130501215,0.240227726177021,4337.8084525103,39.1170335672574,4.60322656759098,4.23441073864947,0.000922124626707568,0.0303665050130496,"ok"
23,"broad",0.2,"aggregate_hksj",NA,NA,5000,5000,0,0,0,0.201519600856441,0.0015196008564409,0.0195013409842527,0.139647201848991,0.129457456218213,0.927032224807511,0.139641504943261,0.9318,0.3374,0.00668672176780222,NA,0.3374,46,46,0,46,46,0,0,0.0478819999999985,"broad",NA,NA,48,43,5,11204,145,"nk_majority",0.557801624679996,"independent",0.195337073490955,0.2057130501215,0.240227726177021,4337.8084525103,39.1170335672574,4.60322656759098,4.23441073864947,0.000922124626707568,0.0303665050130496,"ok"
23,"broad",0.2,"che_rve",NA,NA,5000,5000,0,0,0,0.201863599184312,0.00186359918431236,0.0190167649086284,0.137901286827311,0.132333834063945,0.959627260256547,0.137900089041184,0.9572,0.203,0.00568842684755636,NA,0.203,4.5587564985786,4.57561891258136,0.119147001353022,3.97756766458213,4.84135975152181,0,0,0.362179999999997,"broad",NA,NA,48,43,5,11204,145,"nk_majority",0.557801624679996,"independent",0.195337073490955,0.2057130501215,0.240227726177021,4337.8084525103,39.1170335672574,4.60322656759098,4.23441073864947,0.000922124626707568,0.0303665050130496,"ok"
23,"broad",0.2,"mlma",NA,NA,5000,5000,0,0,0,0.20186378593951,0.00186378593951006,0.0190170162281519,0.137902198054099,0.139736333156092,1.01330026009646,0.137901002617583,0.9488,0.302,0.00649301162789656,NA,0.302,NA,NA,NA,NA,NA,0,0,0.274629999999992,"broad",NA,NA,48,43,5,11204,145,"nk_majority",0.557801624679996,"independent",0.195337073490955,0.2057130501215,0.240227726177021,4337.8084525103,39.1170335672574,4.60322656759098,4.23441073864947,0.000922124626707568,0.0303665050130496,"ok"
23,"broad",0.2,"mlma_cr2",NA,NA,5000,5000,0,0,0,0.20186378593951,0.00186378593951006,0.0190170162281519,0.137902198054099,0.132326571110659,0.959568251832708,0.137901002617583,0.9574,0.203,0.00568842684755636,NA,0.203,4.55798033491119,4.57488511449531,0.119419871626472,3.97318120554366,4.8413033022461,0,0,0.306321999999991,"broad",NA,NA,48,43,5,11204,145,"nk_majority",0.557801624679996,"independent",0.195337073490955,0.2057130501215,0.240227726177021,4337.8084525103,39.1170335672574,4.60322656759098,4.23441073864947,0.000922124626707568,0.0303665050130496,"ok"
24,"broad",0,"aggregate_hksj",NA,NA,5000,5000,0,0,0,-0.000286009834271316,-0.000286009834271316,0.00884411143331753,0.094043136024473,0.0855894212060359,0.910108114469543,0.0940341661985481,0.927,0.073,0.00367888570086106,0.073,NA,58,58,0,58,58,0,0,0.0584739999999932,"broad",NA,NA,60,51,9,7938,475,"n_majority",0.927532995010406,"independent",0.860921317723114,0.139510252764914,0.0755782889822149,1036.60236224059,14.2513991808027,8.92720365936953,8.24821207449342,0.0038587602591934,0.062118920299643,"ok"
24,"broad",0,"che_rve",NA,NA,5000,5000,0,0,0,-0.00029605628861528,-0.00029605628861528,0.00884740388760568,0.0940606394173763,0.0896934299594497,0.953570276738733,0.0940516988477837,0.9452,0.0548,0.00321860093829602,0.0548,NA,9.23791896321841,9.24412080994484,0.167647131992098,8.43608985321692,9.77322427871119,0,0,0.657083999999969,"broad",NA,NA,60,51,9,7938,475,"n_majority",0.927532995010406,"independent",0.860921317723114,0.139510252764914,0.0755782889822149,1036.60236224059,14.2513991808027,8.92720365936953,8.24821207449342,0.0038587602591934,0.062118920299643,"ok"
24,"broad",0,"mlma",NA,NA,5000,5000,0,0,0,-0.00030758346005295,-0.00030758346005295,0.00894711385336803,0.0945891846532574,0.0753190964852812,0.796275988226181,0.0945802254077577,0.8788,0.1212,0.00461542110754804,0.1212,NA,NA,NA,NA,NA,NA,0,0,0.450565999999991,"broad",NA,NA,60,51,9,7938,475,"n_majority",0.927532995010406,"independent",0.860921317723114,0.139510252764914,0.0755782889822149,1036.60236224059,14.2513991808027,8.92720365936953,8.24821207449342,0.0038587602591934,0.062118920299643,"ok"
24,"broad",0,"mlma_cr2",NA,NA,5000,5000,0,0,0,-0.00030758346005295,-0.00030758346005295,0.00894711385336803,0.0945891846532574,0.0903630554974391,0.955321222280218,0.0945802254077577,0.9422,0.0578,0.00330027756408457,0.0578,NA,10.2400378389538,10.25439618309,0.148134846438327,9.64185161496889,10.6463220673544,0,0,0.495786000000009,"broad",NA,NA,60,51,9,7938,475,"n_majority",0.927532995010406,"independent",0.860921317723114,0.139510252764914,0.0755782889822149,1036.60236224059,14.2513991808027,8.92720365936953,8.24821207449342,0.0038587602591934,0.062118920299643,"ok"
24,"broad",0.05,"aggregate_hksj",NA,NA,5000,5000,0,0,0,0.0497139901657287,-0.000286009834271309,0.00884411143331753,0.094043136024473,0.0855894212060359,0.910108114469543,0.0940341661985481,0.927,0.1078,0.00438586730305421,NA,0.1078,58,58,0,58,58,0,0,0.0593780000000108,"broad",NA,NA,60,51,9,7938,475,"n_majority",0.927532995010406,"independent",0.860921317723114,0.139510252764914,0.0755782889822149,1036.60236224059,14.2513991808027,8.92720365936953,8.24821207449342,0.0038587602591934,0.062118920299643,"ok"
24,"broad",0.05,"che_rve",NA,NA,5000,5000,0,0,0,0.0497039437101015,-0.000296056289898539,0.00884740388779145,0.0940606394183638,0.0896934299595905,0.953570276730219,0.0940516988487751,0.9452,0.0814,0.0038671446830963,NA,0.0814,9.23791896320709,9.24412081090224,0.167647132146178,8.43608985343283,9.77322427981084,0,0,0.656870000000012,"broad",NA,NA,60,51,9,7938,475,"n_majority",0.927532995010406,"independent",0.860921317723114,0.139510252764914,0.0755782889822149,1036.60236224059,14.2513991808027,8.92720365936953,8.24821207449342,0.0038587602591934,0.062118920299643,"ok"
24,"broad",0.05,"mlma",NA,NA,5000,5000,0,0,0,0.0496924166862239,-0.000307583313776116,0.00894711389610465,0.0945891848791639,0.075319096804103,0.796275989695036,0.0945802256331647,0.8788,0.1692,0.00530228931688945,NA,0.1692,NA,NA,NA,NA,NA,0,0,0.446038000000014,"broad",NA,NA,60,51,9,7938,475,"n_majority",0.927532995010406,"independent",0.860921317723114,0.139510252764914,0.0755782889822149,1036.60236224059,14.2513991808027,8.92720365936953,8.24821207449342,0.0038587602591934,0.062118920299643,"ok"
24,"broad",0.05,"mlma_cr2",NA,NA,5000,5000,0,0,0,0.0496924166862239,-0.000307583313776116,0.00894711389610465,0.0945891848791639,0.0903630555322457,0.955321220366609,0.0945802256331647,0.9422,0.088,0.00400639488817565,NA,0.088,10.2400378461935,10.2543961833213,0.148134846248684,9.64185161370418,10.6463220672178,0,0,0.491172000000049,"broad",NA,NA,60,51,9,7938,475,"n_majority",0.927532995010406,"independent",0.860921317723114,0.139510252764914,0.0755782889822149,1036.60236224059,14.2513991808027,8.92720365936953,8.24821207449342,0.0038587602591934,0.062118920299643,"ok"
24,"broad",0.1,"aggregate_hksj",NA,NA,5000,5000,0,0,0,0.0997139901657287,-0.000286009834271322,0.00884411143331753,0.094043136024473,0.0855894212060359,0.910108114469543,0.0940341661985481,0.927,0.2288,0.0059405481228587,NA,0.2288,58,58,0,58,58,0,0,0.0595159999999982,"broad",NA,NA,60,51,9,7938,475,"n_majority",0.927532995010406,"independent",0.860921317723114,0.139510252764914,0.0755782889822149,1036.60236224059,14.2513991808027,8.92720365936953,8.24821207449342,0.0038587602591934,0.062118920299643,"ok"
24,"broad",0.1,"che_rve",NA,NA,5000,5000,0,0,0,0.099703943711687,-0.000296056288313015,0.00884740388753285,0.0940606394169892,0.0896934299600274,0.9535702767488,0.0940516988473956,0.9452,0.1646,0.00524417467291089,NA,0.1646,9.23791896310839,9.24412081415741,0.167647131948889,8.43608985158958,9.77322427940309,0,0,0.656383999999944,"broad",NA,NA,60,51,9,7938,475,"n_majority",0.927532995010406,"independent",0.860921317723114,0.139510252764914,0.0755782889822149,1036.60236224059,14.2513991808027,8.92720365936953,8.24821207449342,0.0038587602591934,0.062118920299643,"ok"
24,"broad",0.1,"mlma",NA,NA,5000,5000,0,0,0,0.0996924166869884,-0.000307583313011645,0.00894711389536677,0.0945891848752635,0.0753190968180599,0.796275989875424,0.0945802256292622,0.8788,0.3178,0.00658487904216926,NA,0.3178,NA,NA,NA,NA,NA,0,0,0.447043999999995,"broad",NA,NA,60,51,9,7938,475,"n_majority",0.927532995010406,"independent",0.860921317723114,0.139510252764914,0.0755782889822149,1036.60236224059,14.2513991808027,8.92720365936953,8.24821207449342,0.0038587602591934,0.062118920299643,"ok"
24,"broad",0.1,"mlma_cr2",NA,NA,5000,5000,0,0,0,0.0996924166869884,-0.000307583313011645,0.00894711389536677,0.0945891848752635,0.0903630555294762,0.955321220376724,0.0945802256292622,0.9422,0.1734,0.00535410944975913,NA,0.1734,10.2400378463153,10.2543961834297,0.148134846679611,9.64185162259245,10.646322067052,0,0,0.492148000000037,"broad",NA,NA,60,51,9,7938,475,"n_majority",0.927532995010406,"independent",0.860921317723114,0.139510252764914,0.0755782889822149,1036.60236224059,14.2513991808027,8.92720365936953,8.24821207449342,0.0038587602591934,0.062118920299643,"ok"
24,"broad",0.2,"aggregate_hksj",NA,NA,5000,5000,0,0,0,0.199713990165729,-0.000286009834271322,0.00884411143331753,0.094043136024473,0.0855894212060359,0.910108114469543,0.0940341661985481,0.927,0.6118,0.00689203540327529,NA,0.6118,58,58,0,58,58,0,0,0.0593479999999967,"broad",NA,NA,60,51,9,7938,475,"n_majority",0.927532995010406,"independent",0.860921317723114,0.139510252764914,0.0755782889822149,1036.60236224059,14.2513991808027,8.92720365936953,8.24821207449342,0.0038587602591934,0.062118920299643,"ok"
24,"broad",0.2,"che_rve",NA,NA,5000,5000,0,0,0,0.199703943711759,-0.000296056288240976,0.00884740388771689,0.0940606394179675,0.0896934299598436,0.953570276736927,0.0940516988483736,0.9452,0.4964,0.00707088452741239,NA,0.4964,9.23791896310011,9.24412081190875,0.167647131897086,8.43608985456825,9.77322427931811,0,0,0.655055999999993,"broad",NA,NA,60,51,9,7938,475,"n_majority",0.927532995010406,"independent",0.860921317723114,0.139510252764914,0.0755782889822149,1036.60236224059,14.2513991808027,8.92720365936953,8.24821207449342,0.0038587602591934,0.062118920299643,"ok"
24,"broad",0.2,"mlma",NA,NA,5000,5000,0,0,0,0.199692416684784,-0.000307583315215965,0.00894711389546803,0.0945891848757987,0.0753190968013188,0.796275989693931,0.0945802256298045,0.8788,0.706,0.00644304275944216,NA,0.706,NA,NA,NA,NA,NA,0,0,0.446283999999976,"broad",NA,NA,60,51,9,7938,475,"n_majority",0.927532995010406,"independent",0.860921317723114,0.139510252764914,0.0755782889822149,1036.60236224059,14.2513991808027,8.92720365936953,8.24821207449342,0.0038587602591934,0.062118920299643,"ok"
24,"broad",0.2,"mlma_cr2",NA,NA,5000,5000,0,0,0,0.199692416684784,-0.000307583315215965,0.00894711389546803,0.0945891848757987,0.090363055531431,0.955321220391983,0.0945802256298045,0.9422,0.499,0.00707105366971571,NA,0.499,10.2400378461408,10.2543961833892,0.148134846215853,9.64185161165867,10.6463220670674,0,0,0.49127,"broad",NA,NA,60,51,9,7938,475,"n_majority",0.927532995010406,"independent",0.860921317723114,0.139510252764914,0.0755782889822149,1036.60236224059,14.2513991808027,8.92720365936953,8.24821207449342,0.0038587602591934,0.062118920299643,"ok"
25,"broad",0,"aggregate_hksj",NA,NA,5000,5000,0,0,0,0.000677456550562396,0.000677456550562396,0.0041302754188502,0.0642672188510612,0.0619540839774584,0.964007546694009,0.0642643626837171,0.9432,0.0568,0.00327333957908433,0.0568,NA,70,70,0,70,70,0,0,0.0674819999999949,"broad",NA,NA,72,62,10,30933,325,"nk_majority",0.404593055659789,"independent",0.63577596191084,0.143420414433,0.133204529132927,15108.441117069,33.7701439974404,6.58290983827207,6.76661131404841,0.000264752661707827,0.0162712218873638,"ok"
25,"broad",0,"che_rve",NA,NA,5000,5000,0,0,0,0.000520797736653444,0.000520797736653444,0.00399753822666223,0.063226088180926,0.0623429315213385,0.986031768135642,0.0632219103578767,0.9538,0.0462,0.00296868859936505,0.0462,NA,10.4144291476002,10.4721985984125,0.404692106523743,7.83032561899271,11.2877010706997,0,0,0.597266000000041,"broad",NA,NA,72,62,10,30933,325,"nk_majority",0.404593055659789,"independent",0.63577596191084,0.143420414433,0.133204529132927,15108.441117069,33.7701439974404,6.58290983827207,6.76661131404841,0.000264752661707827,0.0162712218873638,"ok"
25,"broad",0,"mlma",NA,NA,5000,5000,0,0,0,0.000532965032495448,0.000532965032495448,0.00399774967355621,0.0632277603079234,0.0637269940383922,1.00789579969364,0.0632236836584785,0.9474,0.0526,0.00315699984162179,0.0526,NA,NA,NA,NA,NA,NA,0,0,0.385738000000054,"broad",NA,NA,72,62,10,30933,325,"nk_majority",0.404593055659789,"independent",0.63577596191084,0.143420414433,0.133204529132927,15108.441117069,33.7701439974404,6.58290983827207,6.76661131404841,0.000264752661707827,0.0162712218873638,"ok"
25,"broad",0,"mlma_cr2",NA,NA,5000,5000,0,0,0,0.000532965032495448,0.000532965032495448,0.00399774967355621,0.0632277603079234,0.0623798999887539,0.986590378734905,0.0632236836584785,0.954,0.046,0.00296256645495084,0.046,NA,10.4410404718583,10.4912747833836,0.386129234402923,8.08560258687178,11.3120006792548,0,0,0.434605999999978,"broad",NA,NA,72,62,10,30933,325,"nk_majority",0.404593055659789,"independent",0.63577596191084,0.143420414433,0.133204529132927,15108.441117069,33.7701439974404,6.58290983827207,6.76661131404841,0.000264752661707827,0.0162712218873638,"ok"
25,"broad",0.05,"aggregate_hksj",NA,NA,5000,5000,0,0,0,0.0506774565505624,0.000677456550562394,0.0041302754188502,0.0642672188510612,0.0619540839774584,0.964007546694009,0.0642643626837171,0.9432,0.136,0.0048477623704138,NA,0.136,70,70,0,70,70,0,0,0.0678560000000172,"broad",NA,NA,72,62,10,30933,325,"nk_majority",0.404593055659789,"independent",0.63577596191084,0.143420414433,0.133204529132927,15108.441117069,33.7701439974404,6.58290983827207,6.76661131404841,0.000264752661707827,0.0162712218873638,"ok"
25,"broad",0.05,"che_rve",NA,NA,5000,5000,0,0,0,0.0505207977409562,0.000520797740956189,0.00399753822646061,0.0632260881793315,0.0623429315240602,0.986031768203556,0.0632219103563179,0.9538,0.107,0.00437152147426957,NA,0.107,10.4144291480486,10.4721985969356,0.404692107441316,7.83032561010224,11.2877010702586,0,0,0.598199999999968,"broad",NA,NA,72,62,10,30933,325,"nk_majority",0.404593055659789,"independent",0.63577596191084,0.143420414433,0.133204529132927,15108.441117069,33.7701439974404,6.58290983827207,6.76661131404841,0.000264752661707827,0.0162712218873638,"ok"
25,"broad",0.05,"mlma",NA,NA,5000,5000,0,0,0,0.0505329650296386,0.000532965029638614,0.00399774967320637,0.0632277603051568,0.0637269940388162,1.00789579974445,0.0632236836556883,0.9474,0.1266,0.00470260438480636,NA,0.1266,NA,NA,NA,NA,NA,0,0,0.383323999999977,"broad",NA,NA,72,62,10,30933,325,"nk_majority",0.404593055659789,"independent",0.63577596191084,0.143420414433,0.133204529132927,15108.441117069,33.7701439974404,6.58290983827207,6.76661131404841,0.000264752661707827,0.0162712218873638,"ok"
25,"broad",0.05,"mlma_cr2",NA,NA,5000,5000,0,0,0,0.0505329650296386,0.000532965029638614,0.00399774967320637,0.0632277603051568,0.0623798999876164,0.986590378760082,0.0632236836556883,0.954,0.1066,0.00436431987828573,NA,0.1066,10.4410404720799,10.4912747790566,0.386129233847938,8.08560258192819,11.3120006854744,0,0,0.431855999999958,"broad",NA,NA,72,62,10,30933,325,"nk_majority",0.404593055659789,"independent",0.63577596191084,0.143420414433,0.133204529132927,15108.441117069,33.7701439974404,6.58290983827207,6.76661131404841,0.000264752661707827,0.0162712218873638,"ok"
25,"broad",0.1,"aggregate_hksj",NA,NA,5000,5000,0,0,0,0.100677456550562,0.000677456550562394,0.0041302754188502,0.0642672188510612,0.0619540839774584,0.964007546694009,0.0642643626837171,0.9432,0.358,0.00677991150384723,NA,0.358,70,70,0,70,70,0,0,0.0669360000000437,"broad",NA,NA,72,62,10,30933,325,"nk_majority",0.404593055659789,"independent",0.63577596191084,0.143420414433,0.133204529132927,15108.441117069,33.7701439974404,6.58290983827207,6.76661131404841,0.000264752661707827,0.0162712218873638,"ok"
25,"broad",0.1,"che_rve",NA,NA,5000,5000,0,0,0,0.100520797738926,0.000520797738925924,0.00399753822674833,0.0632260881816069,0.0623429315193578,0.986031768093696,0.0632219103585762,0.9538,0.297,0.00646205849555697,NA,0.297,10.4144291474682,10.472198597663,0.404692106454568,7.83032560729861,11.2877010710843,0,0,0.597344000000022,"broad",NA,NA,72,62,10,30933,325,"nk_majority",0.404593055659789,"independent",0.63577596191084,0.143420414433,0.133204529132927,15108.441117069,33.7701439974404,6.58290983827207,6.76661131404841,0.000264752661707827,0.0162712218873638,"ok"
25,"broad",0.1,"mlma",NA,NA,5000,5000,0,0,0,0.100532965027367,0.00053296502736748,0.00399774967340439,0.0632277603067228,0.0637269940382752,1.00789579971093,0.0632236836572348,0.9474,0.3474,0.00673369497378668,NA,0.3474,NA,NA,NA,NA,NA,0,0,0.383523999999999,"broad",NA,NA,72,62,10,30933,325,"nk_majority",0.404593055659789,"independent",0.63577596191084,0.143420414433,0.133204529132927,15108.441117069,33.7701439974404,6.58290983827207,6.76661131404841,0.000264752661707827,0.0162712218873638,"ok"
25,"broad",0.1,"mlma_cr2",NA,NA,5000,5000,0,0,0,0.100532965027367,0.00053296502736748,0.00399774967340439,0.0632277603067228,0.0623798999875463,0.986590378734539,0.0632236836572348,0.954,0.2968,0.00646080118870717,NA,0.2968,10.441040471936,10.4912747793845,0.386129233827617,8.08560258079745,11.3120006747322,0,0,0.431661999999991,"broad",NA,NA,72,62,10,30933,325,"nk_majority",0.404593055659789,"independent",0.63577596191084,0.143420414433,0.133204529132927,15108.441117069,33.7701439974404,6.58290983827207,6.76661131404841,0.000264752661707827,0.0162712218873638,"ok"
25,"broad",0.2,"aggregate_hksj",NA,NA,5000,5000,0,0,0,0.200677456550562,0.000677456550562394,0.0041302754188502,0.0642672188510612,0.0619540839774584,0.964007546694009,0.0642643626837171,0.9432,0.8858,0.00449796309455736,NA,0.8858,70,70,0,70,70,0,0,0.0671500000000829,"broad",NA,NA,72,62,10,30933,325,"nk_majority",0.404593055659789,"independent",0.63577596191084,0.143420414433,0.133204529132927,15108.441117069,33.7701439974404,6.58290983827207,6.76661131404841,0.000264752661707827,0.0162712218873638,"ok"
25,"broad",0.2,"che_rve",NA,NA,5000,5000,0,0,0,0.200520797738598,0.000520797738598033,0.00399753822671457,0.0632260881813399,0.0623429315191313,0.986031768094279,0.0632219103583066,0.9538,0.8208,0.00542378760646101,NA,0.8208,10.4144291476477,10.4721985953205,0.404692106430605,7.83032559359565,11.2877010703983,0,0,0.59607800000008,"broad",NA,NA,72,62,10,30933,325,"nk_majority",0.404593055659789,"independent",0.63577596191084,0.143420414433,0.133204529132927,15108.441117069,33.7701439974404,6.58290983827207,6.76661131404841,0.000264752661707827,0.0162712218873638,"ok"
25,"broad",0.2,"mlma",NA,NA,5000,5000,0,0,0,0.200532965030189,0.000532965030188737,0.00399774967342788,0.0632277603069085,0.0637269940360376,1.00789579967258,0.0632236836574444,0.9474,0.8838,0.00453205383904472,NA,0.8838,NA,NA,NA,NA,NA,0,0,0.382747999999934,"broad",NA,NA,72,62,10,30933,325,"nk_majority",0.404593055659789,"independent",0.63577596191084,0.143420414433,0.133204529132927,15108.441117069,33.7701439974404,6.58290983827207,6.76661131404841,0.000264752661707827,0.0162712218873638,"ok"
25,"broad",0.2,"mlma_cr2",NA,NA,5000,5000,0,0,0,0.200532965030189,0.000532965030188737,0.00399774967342788,0.0632277603069085,0.062379899988371,0.986590378744684,0.0632236836574444,0.954,0.822,0.0054095471159793,NA,0.822,10.4410404719328,10.4912747854342,0.386129233788159,8.08560257706976,11.3120006813179,0,0,0.431403999999931,"broad",NA,NA,72,62,10,30933,325,"nk_majority",0.404593055659789,"independent",0.63577596191084,0.143420414433,0.133204529132927,15108.441117069,33.7701439974404,6.58290983827207,6.76661131404841,0.000264752661707827,0.0162712218873638,"ok"
26,"broad",0,"aggregate_hksj",NA,NA,5000,5000,0,0,0,0.000453735328821025,0.000453735328821025,0.000229701133198558,0.0151558943384598,0.0151452851301374,0.999299994570728,0.0151611697675522,0.9494,0.0506,0.00309966578843591,0.0506,NA,94,94,0,94,94,0,0,0.0906160000000993,"broad",NA,NA,96,70,26,53599,349,"nk_minority",0.646567449558788,"independent",0.444081783695147,0.0513763091981527,0.0382065360797569,82895.3470845484,42.248126773181,15.4485111049482,47.7346786928614,4.82536130275229e-05,0.00694648206126835,"ok"
26,"broad",0,"che_rve",NA,NA,5000,5000,0,0,0,0.000446741494025417,0.000446741494025417,0.000229577617224468,0.0151518189411195,0.0151614747091105,1.00063726791011,0.0151568888517237,0.9508,0.0492,0.00305873699425106,0.0492,NA,49.9791754073492,49.9609630530857,0.411514951962173,48.7271954545343,51.7376580336362,0,0,0.567387999999995,"broad",NA,NA,96,70,26,53599,349,"nk_minority",0.646567449558788,"independent",0.444081783695147,0.0513763091981527,0.0382065360797569,82895.3470845484,42.248126773181,15.4485111049482,47.7346786928614,4.82536130275229e-05,0.00694648206126835,"ok"
26,"broad",0,"mlma",NA,NA,5000,5000,0,0,0,0.000395631490178616,0.000395631490178616,0.000233795362055585,0.015290368277304,0.0158664494873437,1.03767608468233,0.0152939572138539,0.955,0.045,0.00293172304285381,0.045,NA,NA,NA,NA,NA,NA,0,0,0.351824000000069,"broad",NA,NA,96,70,26,53599,349,"nk_minority",0.646567449558788,"independent",0.444081783695147,0.0513763091981527,0.0382065360797569,82895.3470845484,42.248126773181,15.4485111049482,47.7346786928614,4.82536130275229e-05,0.00694648206126835,"ok"
26,"broad",0,"mlma_cr2",NA,NA,5000,5000,0,0,0,0.000395631490178616,0.000395631490178616,0.000233795362055585,0.015290368277304,0.0153502657242502,1.00391733186931,0.0152939572138539,0.9506,0.0494,0.0030646252625729,0.0494,NA,48.3256196819772,48.3047210388572,0.389468072595084,47.2784133205982,50.2152361234638,0,0,0.412773999999993,"broad",NA,NA,96,70,26,53599,349,"nk_minority",0.646567449558788,"independent",0.444081783695147,0.0513763091981527,0.0382065360797569,82895.3470845484,42.248126773181,15.4485111049482,47.7346786928614,4.82536130275229e-05,0.00694648206126835,"ok"
26,"broad",0.05,"aggregate_hksj",NA,NA,5000,5000,0,0,0,0.050453735328821,0.000453735328821016,0.000229701133198558,0.0151558943384598,0.0151452851301374,0.999299994570728,0.0151611697675522,0.9494,0.9118,0.00401050520508327,NA,0.9118,94,94,0,94,94,0,0,0.0904939999999653,"broad",NA,NA,96,70,26,53599,349,"nk_minority",0.646567449558788,"independent",0.444081783695147,0.0513763091981527,0.0382065360797569,82895.3470845484,42.248126773181,15.4485111049482,47.7346786928614,4.82536130275229e-05,0.00694648206126835,"ok"
26,"broad",0.05,"che_rve",NA,NA,5000,5000,0,0,0,0.0504467414989115,0.000446741498911468,0.000229577617258875,0.0151518189422549,0.0151614747108123,1.00063726794744,0.0151568888530026,0.9508,0.9068,0.00411129565952146,NA,0.9068,49.9791754106688,49.9609630549526,0.411514950344794,48.7271954611186,51.7376580191573,0,0,0.566142000000042,"broad",NA,NA,96,70,26,53599,349,"nk_minority",0.646567449558788,"independent",0.444081783695147,0.0513763091981527,0.0382065360797569,82895.3470845484,42.248126773181,15.4485111049482,47.7346786928614,4.82536130275229e-05,0.00694648206126835,"ok"
26,"broad",0.05,"mlma",NA,NA,5000,5000,0,0,0,0.050395631488387,0.000395631488386991,0.000233795361906541,0.0152903682724302,0.0158664494830891,1.03767608473483,0.0152939572089359,0.955,0.8972,0.00429493096568501,NA,0.8972,NA,NA,NA,NA,NA,0,0,0.351205999999944,"broad",NA,NA,96,70,26,53599,349,"nk_minority",0.646567449558788,"independent",0.444081783695147,0.0513763091981527,0.0382065360797569,82895.3470845484,42.248126773181,15.4485111049482,47.7346786928614,4.82536130275229e-05,0.00694648206126835,"ok"
26,"broad",0.05,"mlma_cr2",NA,NA,5000,5000,0,0,0,0.050395631488387,0.000395631488386991,0.000233795361906541,0.0152903682724302,0.0153502657234324,1.00391733213583,0.0152939572089359,0.9506,0.8976,0.00428752236145772,NA,0.8976,48.3256196835253,48.3047210833029,0.38946807867903,47.2784133220691,50.2152361194171,0,0,0.412128000000032,"broad",NA,NA,96,70,26,53599,349,"nk_minority",0.646567449558788,"independent",0.444081783695147,0.0513763091981527,0.0382065360797569,82895.3470845484,42.248126773181,15.4485111049482,47.7346786928614,4.82536130275229e-05,0.00694648206126835,"ok"
26,"broad",0.1,"aggregate_hksj",NA,NA,5000,5000,0,0,0,0.100453735328821,0.000453735328821023,0.000229701133198558,0.0151558943384598,0.0151452851301374,0.999299994570728,0.0151611697675522,0.9494,1,0,NA,1,94,94,0,94,94,0,0,0.0903660000001139,"broad",NA,NA,96,70,26,53599,349,"nk_minority",0.646567449558788,"independent",0.444081783695147,0.0513763091981527,0.0382065360797569,82895.3470845484,42.248126773181,15.4485111049482,47.7346786928614,4.82536130275229e-05,0.00694648206126835,"ok"
26,"broad",0.1,"che_rve",NA,NA,5000,5000,0,0,0,0.10044674149844,0.000446741498439679,0.000229577617267647,0.0151518189425444,0.0151614747107715,1.00063726792564,0.015156888853278,0.9508,1,0,NA,1,49.9791754116623,49.9609630547051,0.411514950756421,48.7271954387392,51.7376580453056,0,0,0.566436000000074,"broad",NA,NA,96,70,26,53599,349,"nk_minority",0.646567449558788,"independent",0.444081783695147,0.0513763091981527,0.0382065360797569,82895.3470845484,42.248126773181,15.4485111049482,47.7346786928614,4.82536130275229e-05,0.00694648206126835,"ok"
26,"broad",0.1,"mlma",NA,NA,5000,5000,0,0,0,0.100395631492316,0.000395631492315821,0.000233795361945948,0.0152903682737188,0.0158664494877059,1.03767608494932,0.0152939572103256,0.955,1,0,NA,1,NA,NA,NA,NA,NA,0,0,0.350157999999807,"broad",NA,NA,96,70,26,53599,349,"nk_minority",0.646567449558788,"independent",0.444081783695147,0.0513763091981527,0.0382065360797569,82895.3470845484,42.248126773181,15.4485111049482,47.7346786928614,4.82536130275229e-05,0.00694648206126835,"ok"
26,"broad",0.1,"mlma_cr2",NA,NA,5000,5000,0,0,0,0.100395631492316,0.000395631492315821,0.000233795361945948,0.0152903682737188,0.0153502657235075,1.00391733205613,0.0152939572103256,0.9506,1,0,NA,1,48.325619681693,48.3047210827337,0.389468076794903,47.2784133202693,50.2152361084114,0,0,0.411091999999882,"broad",NA,NA,96,70,26,53599,349,"nk_minority",0.646567449558788,"independent",0.444081783695147,0.0513763091981527,0.0382065360797569,82895.3470845484,42.248126773181,15.4485111049482,47.7346786928614,4.82536130275229e-05,0.00694648206126835,"ok"
26,"broad",0.2,"aggregate_hksj",NA,NA,5000,5000,0,0,0,0.200453735328821,0.000453735328821037,0.000229701133198558,0.0151558943384598,0.0151452851301374,0.999299994570728,0.0151611697675522,0.9494,1,0,NA,1,94,94,0,94,94,0,0,0.0907740000000718,"broad",NA,NA,96,70,26,53599,349,"nk_minority",0.646567449558788,"independent",0.444081783695147,0.0513763091981527,0.0382065360797569,82895.3470845484,42.248126773181,15.4485111049482,47.7346786928614,4.82536130275229e-05,0.00694648206126835,"ok"
26,"broad",0.2,"che_rve",NA,NA,5000,5000,0,0,0,0.200446741493056,0.000446741493055652,0.000229577617209548,0.0151518189406272,0.0151614747097649,1.00063726798582,0.0151568888512031,0.9508,1,0,NA,1,49.9791754065147,49.9609630532329,0.411514954088568,48.7271954396886,51.7376580274399,0,0,0.567778000000003,"broad",NA,NA,96,70,26,53599,349,"nk_minority",0.646567449558788,"independent",0.444081783695147,0.0513763091981527,0.0382065360797569,82895.3470845484,42.248126773181,15.4485111049482,47.7346786928614,4.82536130275229e-05,0.00694648206126835,"ok"
26,"broad",0.2,"mlma",NA,NA,5000,5000,0,0,0,0.200395631492153,0.000395631492152687,0.000233795361780348,0.0152903682683037,0.0158664494864921,1.03767608523744,0.0152939572049086,0.955,1,0,NA,1,NA,NA,NA,NA,NA,0,0,0.350689999999924,"broad",NA,NA,96,70,26,53599,349,"nk_minority",0.646567449558788,"independent",0.444081783695147,0.0513763091981527,0.0382065360797569,82895.3470845484,42.248126773181,15.4485111049482,47.7346786928614,4.82536130275229e-05,0.00694648206126835,"ok"
26,"broad",0.2,"mlma_cr2",NA,NA,5000,5000,0,0,0,0.200395631492153,0.000395631492152687,0.000233795361780348,0.0152903682683037,0.0153502657232945,1.00391733239774,0.0152939572049086,0.9506,1,0,NA,1,48.3256196828131,48.3047210820073,0.389468076491216,47.2784133185011,50.2152361106166,0,0,0.411759999999858,"broad",NA,NA,96,70,26,53599,349,"nk_minority",0.646567449558788,"independent",0.444081783695147,0.0513763091981527,0.0382065360797569,82895.3470845484,42.248126773181,15.4485111049482,47.7346786928614,4.82536130275229e-05,0.00694648206126835,"ok"
27,"broad",0,"aggregate_hksj",NA,NA,5000,5000,0,0,0,-0.00166437922455075,-0.00166437922455075,0.0118582097650711,0.108895407456289,0.110295011608182,1.01285273809601,0.108897237252931,0.9566,0.0434,0.00288154264240528,0.0434,NA,22,22,0,22,22,0,0,0.0326640000000858,"broad",NA,NA,24,15,9,8702,62,"nk_minority",0.390402126893168,"independent",0.668099221696612,0.165371831801138,0.243402527937957,10670.9282449128,13.7458115382456,7.4853267744055,15.9043337053948,0.000374850238722853,0.0193610495253448,"ok"
27,"broad",0,"che_rve",NA,NA,5000,4999,1,0,2e-04,-0.000568778028318208,-0.000568778028318208,0.0111291873777269,0.105494963755276,0.101278221055506,0.960028966789816,0.105485945051653,0.945989197839568,0.0540108021604321,0.00319699409388429,0.0540108021604321,NA,15.0125443470029,15.7164388575871,1.95401216352793,9.55405649444349,17.1009027915019,0.0632126425285057,0,0.353202640528162,"broad",NA,NA,24,15,9,8702,62,"nk_minority",0.390402126893168,"independent",0.668099221696612,0.165371831801138,0.243402527937957,10670.9282449128,13.7458115382456,7.4853267744055,15.9043337053948,0.000374850238722853,0.0193610495253448,"ok"
27,"broad",0,"mlma",NA,NA,5000,4994,6,0,0.0012,-0.000563524339213084,-0.000563524339213084,0.0111534741683887,0.105610009792579,0.101763220125641,0.963575520213532,0.105600939168106,0.928714457348819,0.0712855426511814,0.00364097388634289,0.0712855426511814,NA,NA,NA,NA,NA,NA,0.0502603123748498,0,0.307909491389556,"broad",NA,NA,24,15,9,8702,62,"nk_minority",0.390402126893168,"independent",0.668099221696612,0.165371831801138,0.243402527937957,10670.9282449128,13.7458115382456,7.4853267744055,15.9043337053948,0.000374850238722853,0.0193610495253448,"ok"
27,"broad",0,"mlma_cr2",NA,NA,5000,4994,6,0,0.0012,-0.000563524339213084,-0.000563524339213084,0.0111534741683887,0.105610009792579,0.101234042868076,0.958564846901371,0.105600939168106,0.945935122146576,0.0540648778534241,0.00320010346111151,0.0540648778534241,NA,14.9445659116801,15.6992171018719,2.10860148769295,8.87498262731405,17.0910270700222,0.0502603123748498,0,0.327200640768869,"broad",NA,NA,24,15,9,8702,62,"nk_minority",0.390402126893168,"independent",0.668099221696612,0.165371831801138,0.243402527937957,10670.9282449128,13.7458115382456,7.4853267744055,15.9043337053948,0.000374850238722853,0.0193610495253448,"ok"
27,"broad",0.05,"aggregate_hksj",NA,NA,5000,5000,0,0,0,0.0483356207754493,-0.00166437922455075,0.0118582097650711,0.108895407456289,0.110295011608182,1.01285273809601,0.108897237252931,0.9566,0.0638,0.00345628586780665,NA,0.0638,22,22,0,22,22,0,0,0.0326260000001785,"broad",NA,NA,24,15,9,8702,62,"nk_minority",0.390402126893168,"independent",0.668099221696612,0.165371831801138,0.243402527937957,10670.9282449128,13.7458115382456,7.4853267744055,15.9043337053948,0.000374850238722853,0.0193610495253448,"ok"
27,"broad",0.05,"che_rve",NA,NA,5000,5000,0,0,0,0.0494029226086046,-0.000597077391395445,0.0111309653640352,0.105503390296404,0.101286369658912,0.960029524874561,0.105494529111105,0.946,0.0812,0.00386281141139456,NA,0.0812,15.0129619092347,15.7164626938391,1.95403980037856,9.55405649432135,17.1009027914952,0.0632,0,0.354161999999877,"broad",NA,NA,24,15,9,8702,62,"nk_minority",0.390402126893168,"independent",0.668099221696612,0.165371831801138,0.243402527937957,10670.9282449128,13.7458115382456,7.4853267744055,15.9043337053948,0.000374850238722853,0.0193610495253448,"ok"
27,"broad",0.05,"mlma",NA,NA,5000,5000,0,0,0,0.0494382363465564,-0.000561763653443577,0.0111455855068477,0.105572655109397,0.101718848832129,0.963496169786818,0.105563592057814,0.9286,0.102,0.00428009345692357,NA,0.102,NA,NA,NA,NA,NA,0.0512,0,0.307781999999945,"broad",NA,NA,24,15,9,8702,62,"nk_minority",0.390402126893168,"independent",0.668099221696612,0.165371831801138,0.243402527937957,10670.9282449128,13.7458115382456,7.4853267744055,15.9043337053948,0.000374850238722853,0.0193610495253448,"ok"
27,"broad",0.05,"mlma_cr2",NA,NA,5000,5000,0,0,0,0.0494382363465564,-0.000561763653443577,0.0111455855068477,0.105572655109397,0.10118553665706,0.958444556994505,0.105563592057814,0.946,0.0828,0.00389728520896277,NA,0.0828,14.9372855949276,15.6954989269749,2.11777919838374,8.87498262730489,17.0910270700224,0.0512,0,0.326903999999975,"broad",NA,NA,24,15,9,8702,62,"nk_minority",0.390402126893168,"independent",0.668099221696612,0.165371831801138,0.243402527937957,10670.9282449128,13.7458115382456,7.4853267744055,15.9043337053948,0.000374850238722853,0.0193610495253448,"ok"
27,"broad",0.1,"aggregate_hksj",NA,NA,5000,5000,0,0,0,0.0983356207754492,-0.00166437922455076,0.0118582097650711,0.108895407456289,0.110295011608182,1.01285273809601,0.108897237252931,0.9566,0.1264,0.00469942634797057,NA,0.1264,22,22,0,22,22,0,0,0.0325280000000086,"broad",NA,NA,24,15,9,8702,62,"nk_minority",0.390402126893168,"independent",0.668099221696612,0.165371831801138,0.243402527937957,10670.9282449128,13.7458115382456,7.4853267744055,15.9043337053948,0.000374850238722853,0.0193610495253448,"ok"
27,"broad",0.1,"che_rve",NA,NA,5000,5000,0,0,0,0.0994029226146394,-0.000597077385360578,0.0111309653637598,0.105503390295098,0.101286369657198,0.960029524870193,0.105494529109766,0.946,0.1548,0.00511540731516074,NA,0.1548,15.0129619089324,15.7164626487781,1.95403980051426,9.5540564943502,17.1009027914836,0.0632,0,0.354222000000215,"broad",NA,NA,24,15,9,8702,62,"nk_minority",0.390402126893168,"independent",0.668099221696612,0.165371831801138,0.243402527937957,10670.9282449128,13.7458115382456,7.4853267744055,15.9043337053948,0.000374850238722853,0.0193610495253448,"ok"
27,"broad",0.1,"mlma",NA,NA,5000,4997,3,0,6e-04,0.099451524192795,-0.00054847580720499,0.011146064239531,0.105574922398887,0.101737792616068,0.963654912590687,0.105565782875246,0.928557134280568,0.189913948369021,0.00554867558947722,NA,0.189913948369021,NA,NA,NA,NA,NA,0.0506303782269362,0,0.307210326195739,"broad",NA,NA,24,15,9,8702,62,"nk_minority",0.390402126893168,"independent",0.668099221696612,0.165371831801138,0.243402527937957,10670.9282449128,13.7458115382456,7.4853267744055,15.9043337053948,0.000374850238722853,0.0193610495253448,"ok"
27,"broad",0.1,"mlma_cr2",NA,NA,5000,4997,3,0,6e-04,0.099451524192795,-0.00054847580720499,0.011146064239531,0.105574922398887,0.101210063665122,0.958656292284324,0.105565782875246,0.945967580548329,0.154692815689414,0.00511549515365807,NA,0.154692815689414,14.9409230345677,15.697262012918,2.11320274684922,8.8749826273091,17.0910270700428,0.0506303782269362,0,0.326377826695919,"broad",NA,NA,24,15,9,8702,62,"nk_minority",0.390402126893168,"independent",0.668099221696612,0.165371831801138,0.243402527937957,10670.9282449128,13.7458115382456,7.4853267744055,15.9043337053948,0.000374850238722853,0.0193610495253448,"ok"
27,"broad",0.2,"aggregate_hksj",NA,NA,5000,5000,0,0,0,0.198335620775449,-0.00166437922455076,0.0118582097650711,0.108895407456289,0.110295011608182,1.01285273809601,0.108897237252931,0.9566,0.4016,0.00693278356794729,NA,0.4016,22,22,0,22,22,0,0,0.0327739999998332,"broad",NA,NA,24,15,9,8702,62,"nk_minority",0.390402126893168,"independent",0.668099221696612,0.165371831801138,0.243402527937957,10670.9282449128,13.7458115382456,7.4853267744055,15.9043337053948,0.000374850238722853,0.0193610495253448,"ok"
27,"broad",0.2,"che_rve",NA,NA,5000,4997,3,0,6e-04,0.199426739616118,-0.000573260383881863,0.0111342962672014,0.105519174879267,0.101309811734662,0.960108073727627,0.105510173436015,0.945967580548329,0.442465479287573,0.0070262063968458,NA,0.442465479287573,15.0159188834015,15.7186047825044,1.95089425782955,9.55405649430539,17.1009027914985,0.0626375825495297,0,0.354080448268993,"broad",NA,NA,24,15,9,8702,62,"nk_minority",0.390402126893168,"independent",0.668099221696612,0.165371831801138,0.243402527937957,10670.9282449128,13.7458115382456,7.4853267744055,15.9043337053948,0.000374850238722853,0.0193610495253448,"ok"
27,"broad",0.2,"mlma",NA,NA,5000,4998,2,0,4e-04,0.199439636227397,-0.000560363772603462,0.0111500142904885,0.105593628077117,0.101733152156346,0.963440256850051,0.105584550966654,0.928571428571429,0.499599839935974,0.007072480184827,NA,0.499599839935974,NA,NA,NA,NA,NA,0.0510204081632653,0,0.306698679471874,"broad",NA,NA,24,15,9,8702,62,"nk_minority",0.390402126893168,"independent",0.668099221696612,0.165371831801138,0.243402527937957,10670.9282449128,13.7458115382456,7.4853267744055,15.9043337053948,0.000374850238722853,0.0193610495253448,"ok"
27,"broad",0.2,"mlma_cr2",NA,NA,5000,4998,2,0,4e-04,0.199439636227397,-0.000560363772603462,0.0111500142904885,0.105593628077117,0.101202506991996,0.958414904714568,0.105584550966654,0.945978391356543,0.442577030812325,0.00702568606100396,NA,0.442577030812325,14.9397103409597,15.6964973187859,2.11472985876686,8.87498262734649,17.0910270700573,0.0510204081632653,0,0.325834333733707,"broad",NA,NA,24,15,9,8702,62,"nk_minority",0.390402126893168,"independent",0.668099221696612,0.165371831801138,0.243402527937957,10670.9282449128,13.7458115382456,7.4853267744055,15.9043337053948,0.000374850238722853,0.0193610495253448,"ok"
28,"broad",0,"aggregate_hksj",NA,NA,5000,5000,0,0,0,0.000352635417844423,0.000352635417844423,0.00363090321536081,0.0602569764870493,0.0610444801303667,1.01306908658928,0.0602519824275986,0.9538,0.0462,0.00296868859936505,0.0462,NA,34,34,0,34,34,0,0,0.0409400000000838,"broad",NA,NA,36,32,4,11339,200,"nk_majority",0.615763296278455,"independent",0.501674748775549,0.0623919555732282,0.169978652334248,8915.7276468581,23.8805071308118,1.89837886265491,1.20579372819135,0.00044864537796975,0.0211812506233638,"ok"
28,"broad",0,"che_rve",NA,NA,5000,4999,1,0,2e-04,0.000327937554452665,0.000327937554452665,0.0035979918010954,0.0599832626746445,0.0559429130264682,0.932642049331467,0.0599781593734448,0.967593518703741,0.0324064812962593,0.0025044989032144,0.0324064812962593,NA,3.15956128104213,3.17706489356016,0.1829261165868,2.65407359930877,3.61624806521346,0.0816163232646529,0,0.468791758351584,"broad",NA,NA,36,32,4,11339,200,"nk_majority",0.615763296278455,"independent",0.501674748775549,0.0623919555732282,0.169978652334248,8915.7276468581,23.8805071308118,1.89837886265491,1.20579372819135,0.00044864537796975,0.0211812506233638,"ok"
28,"broad",0,"mlma",NA,NA,5000,5000,0,0,0,0.000307889848321219,0.000307889848321219,0.00371392227034571,0.0609419582089853,0.0599563893603579,0.983827745651894,0.0609366415389816,0.9392,0.0608,0.00337944847571316,0.0608,NA,NA,NA,NA,NA,NA,0.0056,0,0.296877999999875,"broad",NA,NA,36,32,4,11339,200,"nk_majority",0.615763296278455,"independent",0.501674748775549,0.0623919555732282,0.169978652334248,8915.7276468581,23.8805071308118,1.89837886265491,1.20579372819135,0.00044864537796975,0.0211812506233638,"ok"
28,"broad",0,"mlma_cr2",NA,NA,5000,5000,0,0,0,0.000307889848321219,0.000307889848321219,0.00371392227034571,0.0609419582089853,0.0576884099440948,0.946612344589696,0.0609366415389816,0.965,0.035,0.00259903828367341,0.035,NA,3.56536873259167,3.58491655811181,0.0918625784248385,3.11391618907237,3.73517225228537,0.0056,0,0.324546000000054,"broad",NA,NA,36,32,4,11339,200,"nk_majority",0.615763296278455,"independent",0.501674748775549,0.0623919555732282,0.169978652334248,8915.7276468581,23.8805071308118,1.89837886265491,1.20579372819135,0.00044864537796975,0.0211812506233638,"ok"
28,"broad",0.05,"aggregate_hksj",NA,NA,5000,5000,0,0,0,0.0503526354178444,0.000352635417844423,0.00363090321536081,0.0602569764870493,0.0610444801303667,1.01306908658928,0.0602519824275986,0.9538,0.12,0.00459565011723042,NA,0.12,34,34,0,34,34,0,0,0.0414359999999491,"broad",NA,NA,36,32,4,11339,200,"nk_majority",0.615763296278455,"independent",0.501674748775549,0.0623919555732282,0.169978652334248,8915.7276468581,23.8805071308118,1.89837886265491,1.20579372819135,0.00044864537796975,0.0211812506233638,"ok"
28,"broad",0.05,"che_rve",NA,NA,5000,4997,3,0,6e-04,0.0503280895529589,0.000328089552958918,0.00359762685936204,0.0599802205678008,0.0559444658523535,0.93271524050357,0.0599751160463281,0.967580548328997,0.077046227736642,0.00377234140043342,NA,0.077046227736642,3.15964863739051,3.17738132105981,0.182914917186596,2.65407359939846,3.61624806525062,0.0812487492495497,0,0.467612567540589,"broad",NA,NA,36,32,4,11339,200,"nk_majority",0.615763296278455,"independent",0.501674748775549,0.0623919555732282,0.169978652334248,8915.7276468581,23.8805071308118,1.89837886265491,1.20579372819135,0.00044864537796975,0.0211812506233638,"ok"
28,"broad",0.05,"mlma",NA,NA,5000,4999,1,0,2e-04,0.0502933960052801,0.000293396005280139,0.00371361478429952,0.0609394353789032,0.0599591414863764,0.983913636770153,0.0609340462630233,0.939187837567513,0.139027805561112,0.00489332237740092,NA,0.139027805561112,NA,NA,NA,NA,NA,0.00540108021604321,0,0.296389277855651,"broad",NA,NA,36,32,4,11339,200,"nk_majority",0.615763296278455,"independent",0.501674748775549,0.0623919555732282,0.169978652334248,8915.7276468581,23.8805071308118,1.89837886265491,1.20579372819135,0.00044864537796975,0.0211812506233638,"ok"
28,"broad",0.05,"mlma_cr2",NA,NA,5000,4999,1,0,2e-04,0.0502933960052801,0.000293396005280139,0.00371361478429952,0.0609394353789032,0.057690296987485,0.946682499251658,0.0609340462630233,0.96499299859972,0.0820164032806561,0.00388084459437186,NA,0.0820164032806561,3.56542655821103,3.58492439965042,0.0917807134951261,3.11391618923343,3.73517225271037,0.00540108021604321,0,0.323696739347894,"broad",NA,NA,36,32,4,11339,200,"nk_majority",0.615763296278455,"independent",0.501674748775549,0.0623919555732282,0.169978652334248,8915.7276468581,23.8805071308118,1.89837886265491,1.20579372819135,0.00044864537796975,0.0211812506233638,"ok"
28,"broad",0.1,"aggregate_hksj",NA,NA,5000,5000,0,0,0,0.100352635417844,0.000352635417844416,0.00363090321536081,0.0602569764870493,0.0610444801303667,1.01306908658928,0.0602519824275986,0.9538,0.3498,0.0067444786307023,NA,0.3498,34,34,0,34,34,0,0,0.0409700000000361,"broad",NA,NA,36,32,4,11339,200,"nk_majority",0.615763296278455,"independent",0.501674748775549,0.0623919555732282,0.169978652334248,8915.7276468581,23.8805071308118,1.89837886265491,1.20579372819135,0.00044864537796975,0.0211812506233638,"ok"
28,"broad",0.1,"che_rve",NA,NA,5000,4999,1,0,2e-04,0.100338666436699,0.000338666436699275,0.00359791862982478,0.0599826527408115,0.0559394524398949,0.93259383978252,0.0599776091313136,0.967593518703741,0.212242448489698,0.00578323503510392,NA,0.212242448489698,3.15955338550381,3.17706489359378,0.182939617941946,2.65407359941575,3.61624806497985,0.0816163232646529,0,0.468397679535931,"broad",NA,NA,36,32,4,11339,200,"nk_majority",0.615763296278455,"independent",0.501674748775549,0.0623919555732282,0.169978652334248,8915.7276468581,23.8805071308118,1.89837886265491,1.20579372819135,0.00044864537796975,0.0211812506233638,"ok"
28,"broad",0.1,"mlma",NA,NA,5000,5000,0,0,0,0.100307889848043,0.000307889848042642,0.00371392227026095,0.0609419582082898,0.0599563893555725,0.983827745584598,0.0609366415382848,0.9392,0.3886,0.00689333068987699,NA,0.3886,NA,NA,NA,NA,NA,0.0056,0,0.296460000000009,"broad",NA,NA,36,32,4,11339,200,"nk_majority",0.615763296278455,"independent",0.501674748775549,0.0623919555732282,0.169978652334248,8915.7276468581,23.8805071308118,1.89837886265491,1.20579372819135,0.00044864537796975,0.0211812506233638,"ok"
28,"broad",0.1,"mlma_cr2",NA,NA,5000,5000,0,0,0,0.100307889848043,0.000307889848042642,0.00371392227026095,0.0609419582082898,0.0576884099423538,0.94661234457193,0.0609366415382848,0.965,0.2288,0.0059405481228587,NA,0.2288,3.56536873257963,3.5849165587981,0.0918625783960855,3.11391618914604,3.73517225177235,0.0056,0,0.323887999999942,"broad",NA,NA,36,32,4,11339,200,"nk_majority",0.615763296278455,"independent",0.501674748775549,0.0623919555732282,0.169978652334248,8915.7276468581,23.8805071308118,1.89837886265491,1.20579372819135,0.00044864537796975,0.0211812506233638,"ok"
28,"broad",0.2,"aggregate_hksj",NA,NA,5000,5000,0,0,0,0.200352635417844,0.000352635417844416,0.00363090321536081,0.0602569764870493,0.0610444801303667,1.01306908658928,0.0602519824275986,0.9538,0.8854,0.0045048160894758,NA,0.8854,34,34,0,34,34,0,0,0.0409860000000248,"broad",NA,NA,36,32,4,11339,200,"nk_majority",0.615763296278455,"independent",0.501674748775549,0.0623919555732282,0.169978652334248,8915.7276468581,23.8805071308118,1.89837886265491,1.20579372819135,0.00044864537796975,0.0211812506233638,"ok"
28,"broad",0.2,"che_rve",NA,NA,5000,5000,0,0,0,0.200332620129396,0.000332620129396,0.00359738169110474,0.0599781767904356,0.0559368963040949,0.93262081806086,0.0599731010613675,0.9676,0.637,0.00680045586707244,NA,0.637,3.15949478251489,3.17706295349867,0.182968250564121,2.65407359930233,3.61624806526077,0.0818,0,0.469634000000087,"broad",NA,NA,36,32,4,11339,200,"nk_majority",0.615763296278455,"independent",0.501674748775549,0.0623919555732282,0.169978652334248,8915.7276468581,23.8805071308118,1.89837886265491,1.20579372819135,0.00044864537796975,0.0211812506233638,"ok"
28,"broad",0.2,"mlma",NA,NA,5000,4997,3,0,6e-04,0.200313384665472,0.000313384665472399,0.00371341641454661,0.0609378077596053,0.0599660340643263,0.984053025026556,0.0609325159117425,0.939163498098859,0.903542125275165,0.00417626811338706,NA,0.903542125275165,NA,NA,NA,NA,NA,0.00500300180108065,0,0.297144286571888,"broad",NA,NA,36,32,4,11339,200,"nk_majority",0.615763296278455,"independent",0.501674748775549,0.0623919555732282,0.169978652334248,8915.7276468581,23.8805071308118,1.89837886265491,1.20579372819135,0.00044864537796975,0.0211812506233638,"ok"
28,"broad",0.2,"mlma_cr2",NA,NA,5000,4997,3,0,6e-04,0.200313384665472,0.000313384665472399,0.00371341641454661,0.0609378077596053,0.0577016187780919,0.946893577230742,0.0609325159117425,0.964978987392435,0.658595157094257,0.00670794403205124,NA,0.658595157094257,3.56556607101529,3.58494198620813,0.0915337199084109,3.11391618889858,3.73517225216655,0.00500300180108065,0,0.324884930958484,"broad",NA,NA,36,32,4,11339,200,"nk_majority",0.615763296278455,"independent",0.501674748775549,0.0623919555732282,0.169978652334248,8915.7276468581,23.8805071308118,1.89837886265491,1.20579372819135,0.00044864537796975,0.0211812506233638,"ok"
29,"broad",0,"aggregate_hksj",NA,NA,5000,5000,0,0,0,0.000974051258200782,0.000974051258200782,0.00117964364288208,0.0343459407045735,0.0349045296631168,1.01626360923837,0.0343563165954545,0.9536,0.0464,0.00297479545515318,0.0464,NA,94,94,0,94,94,0,0,0.091325999999846,"broad",NA,NA,96,61,35,24182,207,"n_majority",0.429224819510127,"positive",0.308701139867771,0.0934063568943529,0.150944627601013,27558.9705923249,27.3026061436199,15.4704148635646,25.2929870017028,0.000145143302308759,0.0120475434138566,"ok"
29,"broad",0,"che_rve",NA,NA,5000,5000,0,0,0,0.000807895103282731,0.000807895103282731,0.00113910784127418,0.033750671715896,0.0337849354664798,1.00101520203427,0.0337569654175821,0.948,0.052,0.00313993630508646,0.052,NA,54.6851150948356,54.8819078494195,2.65787854109422,44.6264485729274,62.3937030483784,0.0028,0,0.494377999999776,"broad",NA,NA,96,61,35,24182,207,"n_majority",0.429224819510127,"positive",0.308701139867771,0.0934063568943529,0.150944627601013,27558.9705923249,27.3026061436199,15.4704148635646,25.2929870017028,0.000145143302308759,0.0120475434138566,"ok"
29,"broad",0,"mlma",NA,NA,5000,5000,0,0,0,0.000809837258075335,0.000809837258075335,0.00113847424400777,0.0337412839709423,0.033849612569747,1.0032105653981,0.0337476278506139,0.9486,0.0514,0.00312275647465504,0.0514,NA,NA,NA,NA,NA,NA,8e-04,0,0.297415999999905,"broad",NA,NA,96,61,35,24182,207,"n_majority",0.429224819510127,"positive",0.308701139867771,0.0934063568943529,0.150944627601013,27558.9705923249,27.3026061436199,15.4704148635646,25.2929870017028,0.000145143302308759,0.0120475434138566,"ok"
29,"broad",0,"mlma_cr2",NA,NA,5000,5000,0,0,0,0.000809837258075335,0.000809837258075335,0.00113847424400777,0.0337412839709423,0.0337989031207244,1.00170767507934,0.0337476278506139,0.9486,0.0514,0.00312275647465504,0.0514,NA,55.076473692772,55.2434771692797,2.52588707102204,44.8522828980984,62.417178810076,8e-04,0,0.355596000000032,"broad",NA,NA,96,61,35,24182,207,"n_majority",0.429224819510127,"positive",0.308701139867771,0.0934063568943529,0.150944627601013,27558.9705923249,27.3026061436199,15.4704148635646,25.2929870017028,0.000145143302308759,0.0120475434138566,"ok"
29,"broad",0.05,"aggregate_hksj",NA,NA,5000,5000,0,0,0,0.0509740512582008,0.000974051258200777,0.00117964364288208,0.0343459407045735,0.0349045296631168,1.01626360923837,0.0343563165954545,0.9536,0.2928,0.00643534241513224,NA,0.2928,94,94,0,94,94,0,0,0.0912519999999819,"broad",NA,NA,96,61,35,24182,207,"n_majority",0.429224819510127,"positive",0.308701139867771,0.0934063568943529,0.150944627601013,27558.9705923249,27.3026061436199,15.4704148635646,25.2929870017028,0.000145143302308759,0.0120475434138566,"ok"
29,"broad",0.05,"che_rve",NA,NA,5000,5000,0,0,0,0.0508078951036134,0.000807895103613357,0.00113910784127291,0.0337506717158772,0.0337849354663795,1.00101520203185,0.0337569654175712,0.948,0.3058,0.00651592449311684,NA,0.3058,54.6851150957519,54.8819078097424,2.65787854001433,44.6264486697675,62.3937030034423,0.0028,0,0.49475399999998,"broad",NA,NA,96,61,35,24182,207,"n_majority",0.429224819510127,"positive",0.308701139867771,0.0934063568943529,0.150944627601013,27558.9705923249,27.3026061436199,15.4704148635646,25.2929870017028,0.000145143302308759,0.0120475434138566,"ok"
29,"broad",0.05,"mlma",NA,NA,5000,4999,1,0,2e-04,0.0508111244045398,0.000811124404539766,0.00113869374457217,0.0337445365144073,0.0338508816653768,1.00315147760065,0.0337509093665049,0.948589717943589,0.322264452890578,0.00660989812397928,NA,0.322264452890578,NA,NA,NA,NA,NA,0.000600120024004801,0,0.294940988197605,"broad",NA,NA,96,61,35,24182,207,"n_majority",0.429224819510127,"positive",0.308701139867771,0.0934063568943529,0.150944627601013,27558.9705923249,27.3026061436199,15.4704148635646,25.2929870017028,0.000145143302308759,0.0120475434138566,"ok"
29,"broad",0.05,"mlma_cr2",NA,NA,5000,4999,1,0,2e-04,0.0508111244045398,0.000811124404539766,0.00113869374457217,0.0337445365144073,0.0338003967956603,1.0016553874204,0.0337509093665049,0.948589717943589,0.305661132226445,0.00651574799151075,NA,0.305661132226445,55.0784386384981,55.2444955119926,2.52231503335631,44.8522828989726,62.4171788303687,0.000600120024004801,0,0.352792558511889,"broad",NA,NA,96,61,35,24182,207,"n_majority",0.429224819510127,"positive",0.308701139867771,0.0934063568943529,0.150944627601013,27558.9705923249,27.3026061436199,15.4704148635646,25.2929870017028,0.000145143302308759,0.0120475434138566,"ok"
29,"broad",0.1,"aggregate_hksj",NA,NA,5000,5000,0,0,0,0.100974051258201,0.000974051258200784,0.00117964364288208,0.0343459407045735,0.0349045296631168,1.01626360923837,0.0343563165954545,0.9536,0.821,0.00542142047806661,NA,0.821,94,94,0,94,94,0,0,0.0908340000001221,"broad",NA,NA,96,61,35,24182,207,"n_majority",0.429224819510127,"positive",0.308701139867771,0.0934063568943529,0.150944627601013,27558.9705923249,27.3026061436199,15.4704148635646,25.2929870017028,0.000145143302308759,0.0120475434138566,"ok"
29,"broad",0.1,"che_rve",NA,NA,5000,5000,0,0,0,0.100807895103685,0.000807895103685494,0.00113910784125843,0.0337506717156627,0.0337849354661739,1.00101520203212,0.0337569654173585,0.948,0.8332,0.0052721487080696,NA,0.8332,54.6851150936418,54.8819078936739,2.65787854359678,44.626448588548,62.3937030505783,0.0028,0,0.493373999999986,"broad",NA,NA,96,61,35,24182,207,"n_majority",0.429224819510127,"positive",0.308701139867771,0.0934063568943529,0.150944627601013,27558.9705923249,27.3026061436199,15.4704148635646,25.2929870017028,0.000145143302308759,0.0120475434138566,"ok"
29,"broad",0.1,"mlma",NA,NA,5000,5000,0,0,0,0.100809837259718,0.000809837259718171,0.00113847424389813,0.0337412839693176,0.0338496125699338,1.00321056545195,0.0337476278490292,0.9486,0.8402,0.00518196796593727,NA,0.8402,NA,NA,NA,NA,NA,8e-04,0,0.295189999999968,"broad",NA,NA,96,61,35,24182,207,"n_majority",0.429224819510127,"positive",0.308701139867771,0.0934063568943529,0.150944627601013,27558.9705923249,27.3026061436199,15.4704148635646,25.2929870017028,0.000145143302308759,0.0120475434138566,"ok"
29,"broad",0.1,"mlma_cr2",NA,NA,5000,5000,0,0,0,0.100809837259718,0.000809837259718171,0.00113847424389813,0.0337412839693176,0.0337989031203008,1.00170767511502,0.0337476278490292,0.9486,0.834,0.00526201482324024,NA,0.834,55.0764736932113,55.2434771839688,2.52588707171342,44.8522828985341,62.4171787897327,8e-04,0,0.353237999999968,"broad",NA,NA,96,61,35,24182,207,"n_majority",0.429224819510127,"positive",0.308701139867771,0.0934063568943529,0.150944627601013,27558.9705923249,27.3026061436199,15.4704148635646,25.2929870017028,0.000145143302308759,0.0120475434138566,"ok"
29,"broad",0.2,"aggregate_hksj",NA,NA,5000,5000,0,0,0,0.200974051258201,0.00097405125820077,0.00117964364288208,0.0343459407045735,0.0349045296631168,1.01626360923837,0.0343563165954545,0.9536,0.9998,0.000199979998999889,NA,0.9998,94,94,0,94,94,0,0,0.0901480000000129,"broad",NA,NA,96,61,35,24182,207,"n_majority",0.429224819510127,"positive",0.308701139867771,0.0934063568943529,0.150944627601013,27558.9705923249,27.3026061436199,15.4704148635646,25.2929870017028,0.000145143302308759,0.0120475434138566,"ok"
29,"broad",0.2,"che_rve",NA,NA,5000,5000,0,0,0,0.200807895104508,0.00080789510450785,0.00113910784129629,0.0337506717162235,0.0337849354661842,1.00101520201579,0.0337569654179388,0.948,1,0,NA,1,54.6851150947452,54.8819078245442,2.65787854065457,44.6264485638601,62.3937029942865,0.0028,0,0.493773999999966,"broad",NA,NA,96,61,35,24182,207,"n_majority",0.429224819510127,"positive",0.308701139867771,0.0934063568943529,0.150944627601013,27558.9705923249,27.3026061436199,15.4704148635646,25.2929870017028,0.000145143302308759,0.0120475434138566,"ok"
29,"broad",0.2,"mlma",NA,NA,5000,5000,0,0,0,0.200809837258327,0.000809837258326757,0.00113847424402437,0.0337412839711884,0.0338496125706077,1.0032105654163,0.0337476278508659,0.9486,1,0,NA,1,NA,NA,NA,NA,NA,8e-04,0,0.294691999999917,"broad",NA,NA,96,61,35,24182,207,"n_majority",0.429224819510127,"positive",0.308701139867771,0.0934063568943529,0.150944627601013,27558.9705923249,27.3026061436199,15.4704148635646,25.2929870017028,0.000145143302308759,0.0120475434138566,"ok"
29,"broad",0.2,"mlma_cr2",NA,NA,5000,5000,0,0,0,0.200809837258327,0.000809837258326757,0.00113847424402437,0.0337412839711884,0.0337989031207437,1.00170767507261,0.0337476278508659,0.9486,1,0,NA,1,55.0764736925793,55.2434771694702,2.52588707137369,44.8522828992537,62.4171788230838,8e-04,0,0.35216800000016,"broad",NA,NA,96,61,35,24182,207,"n_majority",0.429224819510127,"positive",0.308701139867771,0.0934063568943529,0.150944627601013,27558.9705923249,27.3026061436199,15.4704148635646,25.2929870017028,0.000145143302308759,0.0120475434138566,"ok"
30,"broad",0,"aggregate_hksj",NA,NA,5000,5000,0,0,0,0.000160146645070993,0.000160146645070993,0.0051052683546218,0.0714511606247358,0.0727735002663032,1.01850690219732,0.071444194640984,0.9526,0.0474,0.00300510365877785,0.0474,NA,28,28,0,28,28,0,0,0.0356999999999902,"broad",NA,NA,30,20,10,4193,62,"nk_minority",0.689783707891329,"positive",0.699293283105362,0.123074110157264,0.159079275184253,5599.98947272352,16.3299323641646,8.74637924396851,20.4883798427473,0.000714287057053095,0.0267261493121081,"ok"
30,"broad",0,"che_rve",NA,NA,5000,5000,0,0,0,-2.24593303660906e-05,-2.24593303660906e-05,0.00503549975783577,0.0709612553287762,0.0690634577885108,0.973255862914592,0.0709541624029607,0.9468,0.0532,0.00317394895989208,0.0532,NA,20.1412722017989,20.1447212339925,0.37938777579435,18.9825848915821,20.8165333275579,0.0428,0,0.317327999999966,"broad",NA,NA,30,20,10,4193,62,"nk_minority",0.689783707891329,"positive",0.699293283105362,0.123074110157264,0.159079275184253,5599.98947272352,16.3299323641646,8.74637924396851,20.4883798427473,0.000714287057053095,0.0267261493121081,"ok"
30,"broad",0,"mlma",NA,NA,5000,5000,0,0,0,-2.44193929099967e-05,-2.44193929099967e-05,0.00503567924664872,0.0709625200133755,0.069312975055714,0.97675470153328,0.0709554276085074,0.9326,0.0674,0.00354562378150869,0.0674,NA,NA,NA,NA,NA,NA,0.0108,0,0.254960000000009,"broad",NA,NA,30,20,10,4193,62,"nk_minority",0.689783707891329,"positive",0.699293283105362,0.123074110157264,0.159079275184253,5599.98947272352,16.3299323641646,8.74637924396851,20.4883798427473,0.000714287057053095,0.0267261493121081,"ok"
30,"broad",0,"mlma_cr2",NA,NA,5000,5000,0,0,0,-2.44193929099967e-05,-2.44193929099967e-05,0.00503567924664872,0.0709625200133755,0.0690852320881243,0.973545359932295,0.0709554276085074,0.9466,0.0534,0.00317957355631223,0.0534,NA,20.040913967048,20.0367916600967,0.371642284255516,18.9487084289321,20.7782099361036,0.0108,0,0.276209999999996,"broad",NA,NA,30,20,10,4193,62,"nk_minority",0.689783707891329,"positive",0.699293283105362,0.123074110157264,0.159079275184253,5599.98947272352,16.3299323641646,8.74637924396851,20.4883798427473,0.000714287057053095,0.0267261493121081,"ok"
30,"broad",0.05,"aggregate_hksj",NA,NA,5000,5000,0,0,0,0.050160146645071,0.00016014664507099,0.0051052683546218,0.0714511606247358,0.0727735002663032,1.01850690219732,0.071444194640984,0.9526,0.0926,0.00409939605307904,NA,0.0926,28,28,0,28,28,0,0,0.0355520000000444,"broad",NA,NA,30,20,10,4193,62,"nk_minority",0.689783707891329,"positive",0.699293283105362,0.123074110157264,0.159079275184253,5599.98947272352,16.3299323641646,8.74637924396851,20.4883798427473,0.000714287057053095,0.0267261493121081,"ok"
30,"broad",0.05,"che_rve",NA,NA,5000,5000,0,0,0,0.0499775406701762,-2.24593298238235e-05,0.0050354997578295,0.070961255328732,0.0690634577883203,0.973255862912514,0.0709541624029163,0.9468,0.1098,0.00442140158773211,NA,0.1098,20.1412722018437,20.144721233649,0.379387775710891,18.9825848902929,20.816533327562,0.0428,0,0.316536000000004,"broad",NA,NA,30,20,10,4193,62,"nk_minority",0.689783707891329,"positive",0.699293283105362,0.123074110157264,0.159079275184253,5599.98947272352,16.3299323641646,8.74637924396851,20.4883798427473,0.000714287057053095,0.0267261493121081,"ok"
30,"broad",0.05,"mlma",NA,NA,5000,5000,0,0,0,0.0499755806072406,-2.44193927593783e-05,0.00503567924659912,0.070962520013026,0.0693129750580298,0.976754701570725,0.0709554276081579,0.9326,0.1302,0.00475915874919087,NA,0.1302,NA,NA,NA,NA,NA,0.0108,0,0.254113999999997,"broad",NA,NA,30,20,10,4193,62,"nk_minority",0.689783707891329,"positive",0.699293283105362,0.123074110157264,0.159079275184253,5599.98947272352,16.3299323641646,8.74637924396851,20.4883798427473,0.000714287057053095,0.0267261493121081,"ok"
30,"broad",0.05,"mlma_cr2",NA,NA,5000,5000,0,0,0,0.0499755806072406,-2.44193927593783e-05,0.00503567924659912,0.070962520013026,0.0690852320886088,0.973545359943917,0.0709554276081579,0.9466,0.1086,0.004400137270586,NA,0.1086,20.0409139669712,20.0367916657252,0.371642284194836,18.9487084242785,20.7782099359539,0.0108,0,0.275137999999987,"broad",NA,NA,30,20,10,4193,62,"nk_minority",0.689783707891329,"positive",0.699293283105362,0.123074110157264,0.159079275184253,5599.98947272352,16.3299323641646,8.74637924396851,20.4883798427473,0.000714287057053095,0.0267261493121081,"ok"
30,"broad",0.1,"aggregate_hksj",NA,NA,5000,5000,0,0,0,0.100160146645071,0.000160146645070983,0.0051052683546218,0.0714511606247358,0.0727735002663032,1.01850690219732,0.071444194640984,0.9526,0.256,0.00617193648703549,NA,0.256,28,28,0,28,28,0,0,0.0353879999999968,"broad",NA,NA,30,20,10,4193,62,"nk_minority",0.689783707891329,"positive",0.699293283105362,0.123074110157264,0.159079275184253,5599.98947272352,16.3299323641646,8.74637924396851,20.4883798427473,0.000714287057053095,0.0267261493121081,"ok"
30,"broad",0.1,"che_rve",NA,NA,5000,5000,0,0,0,0.099977540671909,-2.24593280910151e-05,0.00503549975778665,0.0709612553284301,0.0690634577885185,0.973255862919448,0.0709541624026139,0.9468,0.2742,0.00630895173543117,NA,0.2742,20.1412722017251,20.1447212344228,0.379387775775398,18.9825848900509,20.8165333275581,0.0428,0,0.317309999999993,"broad",NA,NA,30,20,10,4193,62,"nk_minority",0.689783707891329,"positive",0.699293283105362,0.123074110157264,0.159079275184253,5599.98947272352,16.3299323641646,8.74637924396851,20.4883798427473,0.000714287057053095,0.0267261493121081,"ok"
30,"broad",0.1,"mlma",NA,NA,5000,5000,0,0,0,0.0999755806040668,-2.44193959332006e-05,0.00503567924662754,0.0709625200132263,0.06931297505554,0.976754701532882,0.0709554276083593,0.9326,0.3112,0.00654758825828259,NA,0.3112,NA,NA,NA,NA,NA,0.0108,0,0.254118000000019,"broad",NA,NA,30,20,10,4193,62,"nk_minority",0.689783707891329,"positive",0.699293283105362,0.123074110157264,0.159079275184253,5599.98947272352,16.3299323641646,8.74637924396851,20.4883798427473,0.000714287057053095,0.0267261493121081,"ok"
30,"broad",0.1,"mlma_cr2",NA,NA,5000,5000,0,0,0,0.0999755806040668,-2.44193959332006e-05,0.00503567924662754,0.0709625200132263,0.0690852320883593,0.973545359937654,0.0709554276083593,0.9466,0.2734,0.00630321251426604,NA,0.2734,20.0409139670752,20.036791667302,0.371642284208842,18.9487084280298,20.7782099360379,0.0108,0,0.275200000000029,"broad",NA,NA,30,20,10,4193,62,"nk_minority",0.689783707891329,"positive",0.699293283105362,0.123074110157264,0.159079275184253,5599.98947272352,16.3299323641646,8.74637924396851,20.4883798427473,0.000714287057053095,0.0267261493121081,"ok"
30,"broad",0.2,"aggregate_hksj",NA,NA,5000,5000,0,0,0,0.200160146645071,0.000160146645070997,0.0051052683546218,0.0714511606247358,0.0727735002663032,1.01850690219732,0.071444194640984,0.9526,0.7576,0.00606039998679955,NA,0.7576,28,28,0,28,28,0,0,0.035563999999977,"broad",NA,NA,30,20,10,4193,62,"nk_minority",0.689783707891329,"positive",0.699293283105362,0.123074110157264,0.159079275184253,5599.98947272352,16.3299323641646,8.74637924396851,20.4883798427473,0.000714287057053095,0.0267261493121081,"ok"
30,"broad",0.2,"che_rve",NA,NA,5000,4999,1,0,2e-04,0.199968280315916,-3.17196840836642e-05,0.00503607840419593,0.0709653324109451,0.0690655776651112,0.973229819669796,0.0709582411927608,0.946789357871574,0.779155831166233,0.00586696588049619,NA,0.779155831166233,20.1411372184217,20.14468370521,0.379305631653225,18.9825848897571,20.8165333275624,0.0426085217043409,0,0.317243448689708,"broad",NA,NA,30,20,10,4193,62,"nk_minority",0.689783707891329,"positive",0.699293283105362,0.123074110157264,0.159079275184253,5599.98947272352,16.3299323641646,8.74637924396851,20.4883798427473,0.000714287057053095,0.0267261493121081,"ok"
30,"broad",0.2,"mlma",NA,NA,5000,5000,0,0,0,0.199975580606295,-2.4419393704761e-05,0.00503567924672734,0.0709625200139295,0.0693129750572369,0.976754701547116,0.0709554276090616,0.9326,0.8096,0.00555243802306698,NA,0.8096,NA,NA,NA,NA,NA,0.0108,0,0.25448600000002,"broad",NA,NA,30,20,10,4193,62,"nk_minority",0.689783707891329,"positive",0.699293283105362,0.123074110157264,0.159079275184253,5599.98947272352,16.3299323641646,8.74637924396851,20.4883798427473,0.000714287057053095,0.0267261493121081,"ok"
30,"broad",0.2,"mlma_cr2",NA,NA,5000,5000,0,0,0,0.199975580606295,-2.4419393704761e-05,0.00503567924672734,0.0709625200139295,0.0690852320879712,0.973545359922537,0.0709554276090616,0.9466,0.7794,0.00586405388788336,NA,0.7794,20.0409139670335,20.036791662804,0.371642284272025,18.9487084222711,20.7782099359739,0.0108,0,0.27574400000001,"broad",NA,NA,30,20,10,4193,62,"nk_minority",0.689783707891329,"positive",0.699293283105362,0.123074110157264,0.159079275184253,5599.98947272352,16.3299323641646,8.74637924396851,20.4883798427473,0.000714287057053095,0.0267261493121081,"ok"
31,"broad",0,"aggregate_hksj",NA,NA,5000,5000,0,0,0,-0.000584402285579292,-0.000584402285579292,0.00497415955048177,0.0705277218580167,0.0706080595678816,1.00113909407178,0.0705230901521131,0.9516,0.0484,0.00303504332753257,0.0484,NA,28,28,0,28,28,0,0,0.0361880000000099,"broad",NA,NA,30,23,7,15644,111,"independent",0,"negative",0.336679880956653,0.155157143229502,0.0443361531299888,16119.0738842654,12.5778468239604,4.42150851205236,7.07044857344499,0.000248153214553138,0.0157528795638492,"ok"
31,"broad",0,"che_rve",NA,NA,5000,5000,0,0,0,-0.00055449771506505,-0.00055449771506505,0.00495953370941218,0.0704239569281092,0.0702117901290889,0.996987292275597,0.0704190973414621,0.953,0.047,0.00299302522541993,0.047,NA,10.1085297858289,10.1093576136522,0.0225698862682448,10.0261724788637,10.1509103334869,0,0.0266,0.370835999999986,"broad",NA,NA,30,23,7,15644,111,"independent",0,"negative",0.336679880956653,0.155157143229502,0.0443361531299888,16119.0738842654,12.5778468239604,4.42150851205236,7.07044857344499,0.000248153214553138,0.0157528795638492,"ok"
31,"broad",0,"mlma",NA,NA,5000,5000,0,0,0,-0.000538415732355057,-0.000538415732355057,0.00497389480316815,0.0705258449305512,0.0722484511428774,1.02442517652958,0.0705208473836522,0.949,0.051,0.00311123769583746,0.051,NA,NA,NA,NA,NA,NA,0,0.1994,0.463488000000007,"broad",NA,NA,30,23,7,15644,111,"independent",0,"negative",0.336679880956653,0.155157143229502,0.0443361531299888,16119.0738842654,12.5778468239604,4.42150851205236,7.07044857344499,0.000248153214553138,0.0157528795638492,"ok"
31,"broad",0,"mlma_cr2",NA,NA,5000,5000,0,0,0,-0.000538415732355057,-0.000538415732355057,0.00497389480316815,0.0705258449305512,0.0703727076196086,0.997828635571919,0.0705208473836522,0.9536,0.0464,0.00297479545515318,0.0464,NA,9.99343744075098,9.9935251770658,0.0143152783032432,9.90001537142358,10.039130250338,0,0.1994,0.486204000000011,"broad",NA,NA,30,23,7,15644,111,"independent",0,"negative",0.336679880956653,0.155157143229502,0.0443361531299888,16119.0738842654,12.5778468239604,4.42150851205236,7.07044857344499,0.000248153214553138,0.0157528795638492,"ok"
31,"broad",0.05,"aggregate_hksj",NA,NA,5000,5000,0,0,0,0.0494155977144207,-0.000584402285579294,0.00497415955048177,0.0705277218580167,0.0706080595678816,1.00113909407178,0.0705230901521131,0.9516,0.0992,0.00422751369010202,NA,0.0992,28,28,0,28,28,0,0,0.036337999999959,"broad",NA,NA,30,23,7,15644,111,"independent",0,"negative",0.336679880956653,0.155157143229502,0.0443361531299888,16119.0738842654,12.5778468239604,4.42150851205236,7.07044857344499,0.000248153214553138,0.0157528795638492,"ok"
31,"broad",0.05,"che_rve",NA,NA,5000,5000,0,0,0,0.0494455022863354,-0.000554497713664615,0.0049595337095255,0.0704239569289137,0.0702117901292076,0.996987292265894,0.0704190973422555,0.953,0.0876,0.00399815557476194,NA,0.0876,10.1085297858312,10.1093576137412,0.0225698862568346,10.0261724782174,10.1509103334871,0,0.0266,0.369765999999995,"broad",NA,NA,30,23,7,15644,111,"independent",0,"negative",0.336679880956653,0.155157143229502,0.0443361531299888,16119.0738842654,12.5778468239604,4.42150851205236,7.07044857344499,0.000248153214553138,0.0157528795638492,"ok"
31,"broad",0.05,"mlma",NA,NA,5000,5000,0,0,0,0.0494615842674072,-0.000538415732592758,0.00497389480315106,0.07052584493043,0.0722484511487569,1.0244251766147,0.0705208473835328,0.949,0.1074,0.00437870391782774,NA,0.1074,NA,NA,NA,NA,NA,0,0.1994,0.463515999999997,"broad",NA,NA,30,23,7,15644,111,"independent",0,"negative",0.336679880956653,0.155157143229502,0.0443361531299888,16119.0738842654,12.5778468239604,4.42150851205236,7.07044857344499,0.000248153214553138,0.0157528795638492,"ok"
31,"broad",0.05,"mlma_cr2",NA,NA,5000,5000,0,0,0,0.0494615842674072,-0.000538415732592758,0.00497389480315106,0.07052584493043,0.0703727076195914,0.997828635573389,0.0705208473835328,0.9536,0.087,0.00398574961581884,NA,0.087,9.99343744074527,9.99352517706616,0.0143152783029225,9.90001537160673,10.0391302503578,0,0.1994,0.486068000000038,"broad",NA,NA,30,23,7,15644,111,"independent",0,"negative",0.336679880956653,0.155157143229502,0.0443361531299888,16119.0738842654,12.5778468239604,4.42150851205236,7.07044857344499,0.000248153214553138,0.0157528795638492,"ok"
31,"broad",0.1,"aggregate_hksj",NA,NA,5000,5000,0,0,0,0.0994155977144207,-0.000584402285579294,0.00497415955048177,0.0705277218580167,0.0706080595678816,1.00113909407178,0.0705230901521131,0.9516,0.2718,0.00629165733332641,NA,0.2718,28,28,0,28,28,0,0,0.0363759999999864,"broad",NA,NA,30,23,7,15644,111,"independent",0,"negative",0.336679880956653,0.155157143229502,0.0443361531299888,16119.0738842654,12.5778468239604,4.42150851205236,7.07044857344499,0.000248153214553138,0.0157528795638492,"ok"
31,"broad",0.1,"che_rve",NA,NA,5000,5000,0,0,0,0.0994455022858371,-0.000554497714162897,0.0049595337094812,0.0704239569285992,0.0702117901292074,0.996987292270343,0.0704190973419449,0.953,0.238,0.00602255759623766,NA,0.238,10.1085297858208,10.1093576137668,0.0225698862631224,10.026172479049,10.1509103334875,0,0.0266,0.370684000000021,"broad",NA,NA,30,23,7,15644,111,"independent",0,"negative",0.336679880956653,0.155157143229502,0.0443361531299888,16119.0738842654,12.5778468239604,4.42150851205236,7.07044857344499,0.000248153214553138,0.0157528795638492,"ok"
31,"broad",0.1,"mlma",NA,NA,5000,5000,0,0,0,0.0994615842673986,-0.000538415732601369,0.00497389480318089,0.0705258449306415,0.0722484511431664,1.02442517653236,0.0705208473837444,0.949,0.2876,0.0064013473581739,NA,0.2876,NA,NA,NA,NA,NA,0,0.1994,0.464319999999965,"broad",NA,NA,30,23,7,15644,111,"independent",0,"negative",0.336679880956653,0.155157143229502,0.0443361531299888,16119.0738842654,12.5778468239604,4.42150851205236,7.07044857344499,0.000248153214553138,0.0157528795638492,"ok"
31,"broad",0.1,"mlma_cr2",NA,NA,5000,5000,0,0,0,0.0994615842673986,-0.000538415732601369,0.00497389480318089,0.0705258449306415,0.070372707619521,0.997828635569399,0.0705208473837444,0.9536,0.237,0.00601383405158473,NA,0.237,9.9934374407532,9.99352517705466,0.0143152782917778,9.90001538099121,10.039130250373,0,0.1994,0.486591999999951,"broad",NA,NA,30,23,7,15644,111,"independent",0,"negative",0.336679880956653,0.155157143229502,0.0443361531299888,16119.0738842654,12.5778468239604,4.42150851205236,7.07044857344499,0.000248153214553138,0.0157528795638492,"ok"
31,"broad",0.2,"aggregate_hksj",NA,NA,5000,5000,0,0,0,0.199415597714421,-0.000584402285579294,0.00497415955048177,0.0705277218580167,0.0706080595678816,1.00113909407178,0.0705230901521131,0.9516,0.7724,0.00592955715041183,NA,0.7724,28,28,0,28,28,0,0,0.0358259999999849,"broad",NA,NA,30,23,7,15644,111,"independent",0,"negative",0.336679880956653,0.155157143229502,0.0443361531299888,16119.0738842654,12.5778468239604,4.42150851205236,7.07044857344499,0.000248153214553138,0.0157528795638492,"ok"
31,"broad",0.2,"che_rve",NA,NA,5000,5000,0,0,0,0.199445502285657,-0.000554497714342989,0.0049595337095023,0.070423956928749,0.0702117901291437,0.996987292267317,0.0704190973420961,0.953,0.7116,0.0064066440512955,NA,0.7116,10.1085297858251,10.1093576137154,0.0225698862567391,10.0261724809153,10.1509103334871,0,0.0266,0.37069200000003,"broad",NA,NA,30,23,7,15644,111,"independent",0,"negative",0.336679880956653,0.155157143229502,0.0443361531299888,16119.0738842654,12.5778468239604,4.42150851205236,7.07044857344499,0.000248153214553138,0.0157528795638492,"ok"
31,"broad",0.2,"mlma",NA,NA,5000,5000,0,0,0,0.199461584267211,-0.000538415732788872,0.0049738948031722,0.0705258449305799,0.0722484511443712,1.02442517655034,0.0705208473836842,0.949,0.7818,0.00584104031829947,NA,0.7818,NA,NA,NA,NA,NA,0,0.1994,0.46208600000004,"broad",NA,NA,30,23,7,15644,111,"independent",0,"negative",0.336679880956653,0.155157143229502,0.0443361531299888,16119.0738842654,12.5778468239604,4.42150851205236,7.07044857344499,0.000248153214553138,0.0157528795638492,"ok"
31,"broad",0.2,"mlma_cr2",NA,NA,5000,5000,0,0,0,0.199461584267211,-0.000538415732788872,0.0049738948031722,0.0705258449305799,0.0703727076196447,0.997828635572024,0.0705208473836842,0.9536,0.7094,0.00642108464357853,NA,0.7094,9.99343744074434,9.99352517707439,0.0143152783125506,9.90001537131571,10.0391302503664,0,0.1994,0.484774000000037,"broad",NA,NA,30,23,7,15644,111,"independent",0,"negative",0.336679880956653,0.155157143229502,0.0443361531299888,16119.0738842654,12.5778468239604,4.42150851205236,7.07044857344499,0.000248153214553138,0.0157528795638492,"ok"
32,"broad",0,"aggregate_hksj",NA,NA,5000,5000,0,0,0,0.000560357384644423,0.000560357384644423,0.00186421554301037,0.0431765624269738,0.0418081890837907,0.968307496793023,0.0431758810020165,0.9438,0.0562,0.00325704037432759,0.0562,NA,118,118,0,118,118,0,0,0.110661999999893,"broad",NA,NA,120,97,23,14492,820,"nk_minority",0.709691864178021,"negative",0.704492714321241,0.109118884925323,0.203289144102833,15212.0197498516,82.6419870993003,18.3837063051302,30.2818677658336,0.000262949961002978,0.0162157318984675,"ok"
32,"broad",0,"che_rve",NA,NA,5000,4999,1,0,2e-04,0.00066064449672907,0.00066064449672907,0.0017392928378031,0.041704829909773,0.041391727420437,0.992492416585478,0.0417058912001766,0.94878975795159,0.0512102420484097,0.00311761038785424,0.0512102420484097,NA,32.0808447437111,32.1038536451238,0.266170982510494,30.8833766828984,32.8745963037848,0.000800160032006401,0,1.24510902180442,"broad",NA,NA,120,97,23,14492,820,"nk_minority",0.709691864178021,"negative",0.704492714321241,0.109118884925323,0.203289144102833,15212.0197498516,82.6419870993003,18.3837063051302,30.2818677658336,0.000262949961002978,0.0162157318984675,"ok"
32,"broad",0,"mlma",NA,NA,5000,4996,4,0,8e-04,0.000601418120222398,0.000601418120222398,0.0017650366433855,0.0420123391801207,0.0432127025821515,1.02857168692475,0.0420124393148052,0.951361088871097,0.0486389111289031,0.00304336049871185,0.0486389111289031,NA,NA,NA,NA,NA,NA,0,0,0.731503202562039,"broad",NA,NA,120,97,23,14492,820,"nk_minority",0.709691864178021,"negative",0.704492714321241,0.109118884925323,0.203289144102833,15212.0197498516,82.6419870993003,18.3837063051302,30.2818677658336,0.000262949961002978,0.0162157318984675,"ok"
32,"broad",0,"mlma_cr2",NA,NA,5000,4996,4,0,8e-04,0.000601418120222398,0.000601418120222398,0.0017650366433855,0.0420123391801207,0.0416962991114094,0.992477446510267,0.0420124393148052,0.950360288230584,0.0496397117694155,0.00307289379868738,0.0496397117694155,NA,31.3604060003381,31.4009895218676,0.380851130720825,29.4258392790552,32.5015648394181,0,0,0.815844675740604,"broad",NA,NA,120,97,23,14492,820,"nk_minority",0.709691864178021,"negative",0.704492714321241,0.109118884925323,0.203289144102833,15212.0197498516,82.6419870993003,18.3837063051302,30.2818677658336,0.000262949961002978,0.0162157318984675,"ok"
32,"broad",0.05,"aggregate_hksj",NA,NA,5000,5000,0,0,0,0.0505603573846444,0.000560357384644425,0.00186421554301037,0.0431765624269738,0.0418081890837907,0.968307496793023,0.0431758810020165,0.9438,0.2322,0.00597131744257496,NA,0.2322,118,118,0,118,118,0,0,0.11210600000002,"broad",NA,NA,120,97,23,14492,820,"nk_minority",0.709691864178021,"negative",0.704492714321241,0.109118884925323,0.203289144102833,15212.0197498516,82.6419870993003,18.3837063051302,30.2818677658336,0.000262949961002978,0.0162157318984675,"ok"
32,"broad",0.05,"che_rve",NA,NA,5000,4997,3,0,6e-04,0.0506541850080868,0.000654185008086811,0.00173970663614321,0.0417097906509157,0.0413920567650443,0.992382270902997,0.0417107473434684,0.948769261556934,0.220332199319592,0.0058632594125691,NA,0.220332199319592,32.0808272289808,32.1038536307853,0.26615643041578,30.8833768252319,32.874596279796,0.000800480288172904,0,1.24619771863114,"broad",NA,NA,120,97,23,14492,820,"nk_minority",0.709691864178021,"negative",0.704492714321241,0.109118884925323,0.203289144102833,15212.0197498516,82.6419870993003,18.3837063051302,30.2818677658336,0.000262949961002978,0.0162157318984675,"ok"
32,"broad",0.05,"mlma",NA,NA,5000,4997,3,0,6e-04,0.0506121143609422,0.000612114360942197,0.00176538283676109,0.0420164591173636,0.0432120432953105,1.02845513884469,0.0420167137245583,0.951370822493496,0.213728236942165,0.00579912695663988,NA,0.213728236942165,NA,NA,NA,NA,NA,0,0,0.722165299179446,"broad",NA,NA,120,97,23,14492,820,"nk_minority",0.709691864178021,"negative",0.704492714321241,0.109118884925323,0.203289144102833,15212.0197498516,82.6419870993003,18.3837063051302,30.2818677658336,0.000262949961002978,0.0162157318984675,"ok"
32,"broad",0.05,"mlma_cr2",NA,NA,5000,4997,3,0,6e-04,0.0506121143609422,0.000612114360942197,0.00176538283676109,0.0420164591173636,0.0416956825400059,0.99236545429824,0.0420167137245583,0.95037022213328,0.216930158094857,0.00583049652556283,NA,0.216930158094857,31.3603297522339,31.4008877271928,0.380751838789985,29.4258393432682,32.501564842601,0,0,0.80702221332793,"broad",NA,NA,120,97,23,14492,820,"nk_minority",0.709691864178021,"negative",0.704492714321241,0.109118884925323,0.203289144102833,15212.0197498516,82.6419870993003,18.3837063051302,30.2818677658336,0.000262949961002978,0.0162157318984675,"ok"
32,"broad",0.1,"aggregate_hksj",NA,NA,5000,5000,0,0,0,0.100560357384644,0.000560357384644411,0.00186421554301037,0.0431765624269738,0.0418081890837907,0.968307496793023,0.0431758810020165,0.9438,0.6596,0.006701161690334,NA,0.6596,118,118,0,118,118,0,0,0.11300799999998,"broad",NA,NA,120,97,23,14492,820,"nk_minority",0.709691864178021,"negative",0.704492714321241,0.109118884925323,0.203289144102833,15212.0197498516,82.6419870993003,18.3837063051302,30.2818677658336,0.000262949961002978,0.0162157318984675,"ok"
32,"broad",0.1,"che_rve",NA,NA,5000,4999,1,0,2e-04,0.100660644479342,0.000660644479342332,0.00173929283655749,0.0417048298948394,0.0413917274242322,0.99249241703187,0.0417058911849709,0.94878975795159,0.647329465893179,0.00675780580394131,NA,0.647329465893179,32.0808447437846,32.1038535736202,0.266170984432117,30.8833771503042,32.8745962694206,0.000800160032006401,0,1.24508701740345,"broad",NA,NA,120,97,23,14492,820,"nk_minority",0.709691864178021,"negative",0.704492714321241,0.109118884925323,0.203289144102833,15212.0197498516,82.6419870993003,18.3837063051302,30.2818677658336,0.000262949961002978,0.0162157318984675,"ok"
32,"broad",0.1,"mlma",NA,NA,5000,4999,1,0,2e-04,0.100623954996452,0.000623954996451639,0.00176559982910208,0.0420190412682403,0.0432126375834456,1.02840608160442,0.0420194711810577,0.951390278055611,0.64372874574915,0.00677329942096793,NA,0.64372874574915,NA,NA,NA,NA,NA,0,0,0.72243248649732,"broad",NA,NA,120,97,23,14492,820,"nk_minority",0.709691864178021,"negative",0.704492714321241,0.109118884925323,0.203289144102833,15212.0197498516,82.6419870993003,18.3837063051302,30.2818677658336,0.000262949961002978,0.0162157318984675,"ok"
32,"broad",0.1,"mlma_cr2",NA,NA,5000,4999,1,0,2e-04,0.100623954996452,0.000623954996451639,0.00176559982910208,0.0420190412682403,0.0416955596116139,0.992301545992889,0.0420194711810577,0.950390078015603,0.637727545509102,0.00679819591767953,NA,0.637727545509102,31.3603794986519,31.400887727212,0.380758190137241,29.4258392587042,32.5015648372015,0,0,0.806749349870039,"broad",NA,NA,120,97,23,14492,820,"nk_minority",0.709691864178021,"negative",0.704492714321241,0.109118884925323,0.203289144102833,15212.0197498516,82.6419870993003,18.3837063051302,30.2818677658336,0.000262949961002978,0.0162157318984675,"ok"
32,"broad",0.2,"aggregate_hksj",NA,NA,5000,5000,0,0,0,0.200560357384644,0.000560357384644411,0.00186421554301037,0.0431765624269738,0.0418081890837907,0.968307496793023,0.0431758810020165,0.9438,0.9966,0.000823218075603295,NA,0.9966,118,118,0,118,118,0,0,0.111404000000063,"broad",NA,NA,120,97,23,14492,820,"nk_minority",0.709691864178021,"negative",0.704492714321241,0.109118884925323,0.203289144102833,15212.0197498516,82.6419870993003,18.3837063051302,30.2818677658336,0.000262949961002978,0.0162157318984675,"ok"
32,"broad",0.2,"che_rve",NA,NA,5000,4998,2,0,4e-04,0.200652697470888,0.000652697470887753,0.0017393251298708,0.0417052170581908,0.0413914773729272,0.992477207711787,0.0417061522995306,0.948779511804722,0.99639855942377,0.000847337732485947,NA,0.99639855942377,32.0808419388568,32.1038610992878,0.266197542096236,30.883376781727,32.8745963141803,0.000800320128051221,0,1.24269107643057,"broad",NA,NA,120,97,23,14492,820,"nk_minority",0.709691864178021,"negative",0.704492714321241,0.109118884925323,0.203289144102833,15212.0197498516,82.6419870993003,18.3837063051302,30.2818677658336,0.000262949961002978,0.0162157318984675,"ok"
32,"broad",0.2,"mlma",NA,NA,5000,4992,8,0,0.0016,0.200607527082595,0.000607527082595094,0.00176677141682982,0.0420329801088362,0.0432138378547037,1.02809360037784,0.042033160545332,0.951322115384615,0.996995192307692,0.000774671511111772,NA,0.996995192307692,NA,NA,NA,NA,NA,0,0,0.719523237179509,"broad",NA,NA,120,97,23,14492,820,"nk_minority",0.709691864178021,"negative",0.704492714321241,0.109118884925323,0.203289144102833,15212.0197498516,82.6419870993003,18.3837063051302,30.2818677658336,0.000262949961002978,0.0162157318984675,"ok"
32,"broad",0.2,"mlma_cr2",NA,NA,5000,4992,8,0,0.0016,0.200607527082595,0.000607527082595094,0.00176677141682982,0.0420329801088362,0.0416977961988185,0.992025692464588,0.042033160545332,0.950320512820513,0.995592948717949,0.000937513801292504,NA,0.995592948717949,31.360613992796,31.4011075914757,0.380761107130083,29.4258393170254,32.5015648361169,0,0,0.803437499999941,"broad",NA,NA,120,97,23,14492,820,"nk_minority",0.709691864178021,"negative",0.704492714321241,0.109118884925323,0.203289144102833,15212.0197498516,82.6419870993003,18.3837063051302,30.2818677658336,0.000262949961002978,0.0162157318984675,"ok"
33,"broad",0,"aggregate_hksj",NA,NA,5000,5000,0,0,0,-0.000282007414124788,-0.000282007414124788,0.00147710040794681,0.0384330639937387,0.0351722334168921,0.915155591618253,0.0384302552170402,0.928,0.072,0.00365557109081468,0.072,NA,58,58,0,58,58,0,0,0.0613820000000385,"broad",NA,NA,60,38,22,5173,453,"n_minority",0.58221865759624,"negative",0.152681913743727,0.0771792818933609,0.161043396765599,7398.4931966611,32.5536287765866,18.1459843272788,43.8584553364504,0.000540650628942279,0.0232518951688304,"ok"
33,"broad",0,"che_rve",NA,NA,5000,4996,4,0,8e-04,5.33480135535894e-06,5.33480135535894e-06,0.00127997016281395,0.0357766706502149,0.0355514512794685,0.993704853843211,0.0357730903373234,0.954563650920737,0.0454363490792634,0.00294640840861046,0.0454363490792634,NA,37.6392108112016,37.73158399576,1.30750853986682,33.3004140919594,41.1313939117504,0.0136108887109688,0,0.790320256204903,"broad",NA,NA,60,38,22,5173,453,"n_minority",0.58221865759624,"negative",0.152681913743727,0.0771792818933609,0.161043396765599,7398.4931966611,32.5536287765866,18.1459843272788,43.8584553364504,0.000540650628942279,0.0232518951688304,"ok"
33,"broad",0,"mlma",NA,NA,5000,4998,2,0,4e-04,-1.59589926906861e-05,-1.59589926906861e-05,0.00128642313866998,0.0358667414002162,0.0361796373158365,1.00872384564098,0.0358631566621883,0.951180472188876,0.0488195278111244,0.00304810640958585,0.0488195278111244,NA,NA,NA,NA,NA,NA,0,0,0.49962184873951,"broad",NA,NA,60,38,22,5173,453,"n_minority",0.58221865759624,"negative",0.152681913743727,0.0771792818933609,0.161043396765599,7398.4931966611,32.5536287765866,18.1459843272788,43.8584553364504,0.000540650628942279,0.0232518951688304,"ok"
33,"broad",0,"mlma_cr2",NA,NA,5000,4998,2,0,4e-04,-1.59589926906861e-05,-1.59589926906861e-05,0.00128642313866998,0.0358667414002162,0.035633205324268,0.993488784683774,0.0358631566621883,0.953181272509004,0.0468187274909964,0.00298812958500644,0.0468187274909964,NA,36.4806644501458,36.6359095500412,1.62182945930398,28.1606663399904,40.4381100857982,0,0,0.546070428171302,"broad",NA,NA,60,38,22,5173,453,"n_minority",0.58221865759624,"negative",0.152681913743727,0.0771792818933609,0.161043396765599,7398.4931966611,32.5536287765866,18.1459843272788,43.8584553364504,0.000540650628942279,0.0232518951688304,"ok"
33,"broad",0.05,"aggregate_hksj",NA,NA,5000,5000,0,0,0,0.0497179925858752,-0.000282007414124791,0.00147710040794681,0.0384330639937387,0.0351722334168921,0.915155591618253,0.0384302552170402,0.928,0.3046,0.00650874550124676,NA,0.3046,58,58,0,58,58,0,0,0.0624659999999101,"broad",NA,NA,60,38,22,5173,453,"n_minority",0.58221865759624,"negative",0.152681913743727,0.0771792818933609,0.161043396765599,7398.4931966611,32.5536287765866,18.1459843272788,43.8584553364504,0.000540650628942279,0.0232518951688304,"ok"
33,"broad",0.05,"che_rve",NA,NA,5000,4999,1,0,2e-04,0.0499958015895177,-4.19841048233255e-06,0.00128017432465203,0.0357795238181286,0.035549028236179,0.993557891292202,0.0357759452173738,0.954390878175635,0.280856171234247,0.00635635722078306,NA,0.280856171234247,37.6376707376241,37.7312453535099,1.30877115477302,33.3004141052638,41.1313939122198,0.014002800560112,0,0.786605321064252,"broad",NA,NA,60,38,22,5173,453,"n_minority",0.58221865759624,"negative",0.152681913743727,0.0771792818933609,0.161043396765599,7398.4931966611,32.5536287765866,18.1459843272788,43.8584553364504,0.000540650628942279,0.0232518951688304,"ok"
33,"broad",0.05,"mlma",NA,NA,5000,4999,1,0,2e-04,0.0499653559274207,-3.46440725793318e-05,0.00128575067908574,0.0358573657577594,0.0361769783505876,1.00891344319567,0.0358537958621032,0.951190238047609,0.285457091418284,0.00638767786923947,NA,0.285457091418284,NA,NA,NA,NA,NA,0,0,0.495043008601863,"broad",NA,NA,60,38,22,5173,453,"n_minority",0.58221865759624,"negative",0.152681913743727,0.0771792818933609,0.161043396765599,7398.4931966611,32.5536287765866,18.1459843272788,43.8584553364504,0.000540650628942279,0.0232518951688304,"ok"
33,"broad",0.05,"mlma_cr2",NA,NA,5000,4999,1,0,2e-04,0.0499653559274207,-3.46440725793318e-05,0.00128575067908574,0.0358573657577594,0.0356303351669675,0.993668508938283,0.0358537958621032,0.953190638127626,0.282056411282256,0.00636460682771375,NA,0.282056411282256,36.4787544588726,36.635042210744,1.62303860741903,28.1606670147982,40.4381099311397,0,0,0.541308261652336,"broad",NA,NA,60,38,22,5173,453,"n_minority",0.58221865759624,"negative",0.152681913743727,0.0771792818933609,0.161043396765599,7398.4931966611,32.5536287765866,18.1459843272788,43.8584553364504,0.000540650628942279,0.0232518951688304,"ok"
33,"broad",0.1,"aggregate_hksj",NA,NA,5000,5000,0,0,0,0.0997179925858752,-0.000282007414124791,0.00147710040794681,0.0384330639937387,0.0351722334168921,0.915155591618253,0.0384302552170402,0.928,0.7644,0.00600154380138977,NA,0.7644,58,58,0,58,58,0,0,0.0622119999999064,"broad",NA,NA,60,38,22,5173,453,"n_minority",0.58221865759624,"negative",0.152681913743727,0.0771792818933609,0.161043396765599,7398.4931966611,32.5536287765866,18.1459843272788,43.8584553364504,0.000540650628942279,0.0232518951688304,"ok"
33,"broad",0.1,"che_rve",NA,NA,5000,4999,1,0,2e-04,0.100019100008564,1.91000085643656e-05,0.00127803058903155,0.035749553689963,0.0355481779486842,0.994367041809103,0.0357459829434388,0.954590918183637,0.770954190838168,0.00594338540391406,NA,0.770954190838168,37.637436289936,37.7312452316514,1.30924901753433,33.30041409889,41.1313939154599,0.014002800560112,0,0.789043808761754,"broad",NA,NA,60,38,22,5173,453,"n_minority",0.58221865759624,"negative",0.152681913743727,0.0771792818933609,0.161043396765599,7398.4931966611,32.5536287765866,18.1459843272788,43.8584553364504,0.000540650628942279,0.0232518951688304,"ok"
33,"broad",0.1,"mlma",NA,NA,5000,4997,3,0,6e-04,0.0999714141740736,-2.85858259263805e-05,0.00128588360387504,0.0358592192312527,0.0361782654526298,1.0088971881769,0.0358556423719481,0.951170702421453,0.785671402841705,0.00580504858490731,NA,0.785671402841705,NA,NA,NA,NA,NA,0,0,0.494914948969524,"broad",NA,NA,60,38,22,5173,453,"n_minority",0.58221865759624,"negative",0.152681913743727,0.0771792818933609,0.161043396765599,7398.4931966611,32.5536287765866,18.1459843272788,43.8584553364504,0.000540650628942279,0.0232518951688304,"ok"
33,"broad",0.1,"mlma_cr2",NA,NA,5000,4997,3,0,6e-04,0.0999714141740736,-2.85858259263805e-05,0.00128588360387504,0.0358592192312527,0.0356317701441978,0.993657165662531,0.0358556423719481,0.953171903141885,0.770062037222333,0.00595269350346819,NA,0.770062037222333,36.4802011520537,36.6353912896018,1.62166097545368,28.1606663022501,40.4381098485294,0,0,0.541294776866156,"broad",NA,NA,60,38,22,5173,453,"n_minority",0.58221865759624,"negative",0.152681913743727,0.0771792818933609,0.161043396765599,7398.4931966611,32.5536287765866,18.1459843272788,43.8584553364504,0.000540650628942279,0.0232518951688304,"ok"
33,"broad",0.2,"aggregate_hksj",NA,NA,5000,5000,0,0,0,0.199717992585875,-0.000282007414124791,0.00147710040794681,0.0384330639937387,0.0351722334168921,0.915155591618253,0.0384302552170402,0.928,0.9998,0.000199979998999889,NA,0.9998,58,58,0,58,58,0,0,0.0624180000000866,"broad",NA,NA,60,38,22,5173,453,"n_minority",0.58221865759624,"negative",0.152681913743727,0.0771792818933609,0.161043396765599,7398.4931966611,32.5536287765866,18.1459843272788,43.8584553364504,0.000540650628942279,0.0232518951688304,"ok"
33,"broad",0.2,"che_rve",NA,NA,5000,5000,0,0,0,0.199998251434038,-1.74856596216189e-06,0.00127994824764822,0.0357763643715823,0.0355464723341929,0.99357419230748,0.0357727865989802,0.9544,0.9998,0.000199979998999889,NA,0.9998,37.6370200049847,37.7308049607162,1.30944895804096,33.3004140952183,41.131393903124,0.0142,0,0.789294000000064,"broad",NA,NA,60,38,22,5173,453,"n_minority",0.58221865759624,"negative",0.152681913743727,0.0771792818933609,0.161043396765599,7398.4931966611,32.5536287765866,18.1459843272788,43.8584553364504,0.000540650628942279,0.0232518951688304,"ok"
33,"broad",0.2,"mlma",NA,NA,5000,4998,2,0,4e-04,0.199973769912101,-2.62300878994259e-05,0.00128565400894567,0.0358560177507997,0.0361774391120695,1.00896422362081,0.0358524401298979,0.951180472188876,0.999799919967987,0.000200060015001883,NA,0.999799919967987,NA,NA,NA,NA,NA,0,0,0.494407763105176,"broad",NA,NA,60,38,22,5173,453,"n_minority",0.58221865759624,"negative",0.152681913743727,0.0771792818933609,0.161043396765599,7398.4931966611,32.5536287765866,18.1459843272788,43.8584553364504,0.000540650628942279,0.0232518951688304,"ok"
33,"broad",0.2,"mlma_cr2",NA,NA,5000,4998,2,0,4e-04,0.199973769912101,-2.62300878994259e-05,0.00128565400894567,0.0358560177507997,0.0356306863384666,0.993715659839885,0.0358524401298979,0.953181272509004,0.999599839935974,0.000282899275343291,NA,0.999599839935974,36.4793067393914,36.6352167292447,1.62273119087977,28.1606672395548,40.4381099097802,0,0,0.540388155262018,"broad",NA,NA,60,38,22,5173,453,"n_minority",0.58221865759624,"negative",0.152681913743727,0.0771792818933609,0.161043396765599,7398.4931966611,32.5536287765866,18.1459843272788,43.8584553364504,0.000540650628942279,0.0232518951688304,"ok"
34,"broad",0,"aggregate_hksj",NA,NA,5000,5000,0,0,0,0.000870162988407761,0.000870162988407761,0.00956605693455327,0.0978062213489166,0.0981751525576187,1.00377206279533,0.0978003113839253,0.9504,0.0496,0.00307049963361014,0.0496,NA,34,34,0,34,34,0,0,0.0410659999998752,"broad",NA,NA,36,23,13,5345,63,"independent",0,"positive",0.727511764313094,0.222813236181915,0.178965812379494,6569.22521167946,12.0195241424444,8.94652650512622,16.2114460822142,0.000608899812551468,0.0246758953748687,"ok"
34,"broad",0,"che_rve",NA,NA,5000,5000,0,0,0,0.00116420574129118,0.00116420574129118,0.00946682211767743,0.0972975956418114,0.0963823720108345,0.99059356374698,0.0972948309431799,0.9494,0.0506,0.00309966578843591,0.0506,NA,24.7639068631301,24.9146888965007,0.51137877427533,20.1926116565136,25.2125564116596,0.0018,0,0.326160000000178,"broad",NA,NA,36,23,13,5345,63,"independent",0,"positive",0.727511764313094,0.222813236181915,0.178965812379494,6569.22521167946,12.0195241424444,8.94652650512622,16.2114460822142,0.000608899812551468,0.0246758953748687,"ok"
34,"broad",0,"mlma",NA,NA,5000,5000,0,0,0,0.00117535711348337,0.00117535711348337,0.00947121229107113,0.0973201535709389,0.0964270453307461,0.990822987763354,0.0973175190443999,0.9384,0.0616,0.00340015999623547,0.0616,NA,NA,NA,NA,NA,NA,0.0014,0,0.271480000000063,"broad",NA,NA,36,23,13,5345,63,"independent",0,"positive",0.727511764313094,0.222813236181915,0.178965812379494,6569.22521167946,12.0195241424444,8.94652650512622,16.2114460822142,0.000608899812551468,0.0246758953748687,"ok"
34,"broad",0,"mlma_cr2",NA,NA,5000,5000,0,0,0,0.00117535711348337,0.00117535711348337,0.00947121229107113,0.0973201535709389,0.096393325259939,0.990476501762564,0.0973175190443999,0.949,0.051,0.00311123769583746,0.051,NA,24.8513604494874,24.9886689374725,0.470596266242987,19.4435746578847,25.2399145810574,0.0014,0,0.295957999999926,"broad",NA,NA,36,23,13,5345,63,"independent",0,"positive",0.727511764313094,0.222813236181915,0.178965812379494,6569.22521167946,12.0195241424444,8.94652650512622,16.2114460822142,0.000608899812551468,0.0246758953748687,"ok"
34,"broad",0.05,"aggregate_hksj",NA,NA,5000,5000,0,0,0,0.0508701629884078,0.000870162988407766,0.00956605693455327,0.0978062213489166,0.0981751525576187,1.00377206279533,0.0978003113839253,0.9504,0.0778,0.00378806441339109,NA,0.0778,34,34,0,34,34,0,0,0.0413479999998148,"broad",NA,NA,36,23,13,5345,63,"independent",0,"positive",0.727511764313094,0.222813236181915,0.178965812379494,6569.22521167946,12.0195241424444,8.94652650512622,16.2114460822142,0.000608899812551468,0.0246758953748687,"ok"
34,"broad",0.05,"che_rve",NA,NA,5000,4999,1,0,2e-04,0.0511762505603239,0.00117625056032388,0.00946799070658828,0.0973036006866564,0.096389911969141,0.99060991873818,0.0973009778729496,0.949389877975595,0.0846169233846769,0.00393630268501844,NA,0.0846169233846769,24.7647939343198,24.9146926541923,0.507568033500827,20.1926116566403,25.2125564116612,0.0016003200640128,0,0.326703340668122,"broad",NA,NA,36,23,13,5345,63,"independent",0,"positive",0.727511764313094,0.222813236181915,0.178965812379494,6569.22521167946,12.0195241424444,8.94652650512622,16.2114460822142,0.000608899812551468,0.0246758953748687,"ok"
34,"broad",0.05,"mlma",NA,NA,5000,4998,2,0,4e-04,0.051198676225659,0.00119867622565896,0.00947305421347071,0.0973296163224263,0.0964342224975714,0.990800397056034,0.097327260668193,0.938375350140056,0.0950380152060824,0.00414825763314075,NA,0.0950380152060824,NA,NA,NA,NA,NA,0.00120048019207683,0,0.269601840736469,"broad",NA,NA,36,23,13,5345,63,"independent",0,"positive",0.727511764313094,0.222813236181915,0.178965812379494,6569.22521167946,12.0195241424444,8.94652650512622,16.2114460822142,0.000608899812551468,0.0246758953748687,"ok"
34,"broad",0.05,"mlma_cr2",NA,NA,5000,4998,2,0,4e-04,0.051198676225659,0.00119867622565896,0.00947305421347071,0.0973296163224263,0.0963994048758782,0.990442668103544,0.097327260668193,0.948979591836735,0.0840336134453782,0.00392435386689927,NA,0.0840336134453782,24.8523225330901,24.9887576224834,0.465486390872167,19.4435746171381,25.2399145810527,0.00120048019207683,0,0.294323729491962,"broad",NA,NA,36,23,13,5345,63,"independent",0,"positive",0.727511764313094,0.222813236181915,0.178965812379494,6569.22521167946,12.0195241424444,8.94652650512622,16.2114460822142,0.000608899812551468,0.0246758953748687,"ok"
34,"broad",0.1,"aggregate_hksj",NA,NA,5000,5000,0,0,0,0.100870162988408,0.000870162988407752,0.00956605693455327,0.0978062213489166,0.0981751525576187,1.00377206279533,0.0978003113839253,0.9504,0.167,0.00527467534545966,NA,0.167,34,34,0,34,34,0,0,0.0410619999999995,"broad",NA,NA,36,23,13,5345,63,"independent",0,"positive",0.727511764313094,0.222813236181915,0.178965812379494,6569.22521167946,12.0195241424444,8.94652650512622,16.2114460822142,0.000608899812551468,0.0246758953748687,"ok"
34,"broad",0.1,"che_rve",NA,NA,5000,5000,0,0,0,0.101164205743548,0.00116420574354777,0.00946682211821464,0.097297595644572,0.0963823720106906,0.990593563717394,0.0972948309459671,0.9494,0.1718,0.00533450578779328,NA,0.1718,24.7639068631185,24.914688897778,0.511378774743238,20.1926116563597,25.2125564116603,0.0018,0,0.325684000000023,"broad",NA,NA,36,23,13,5345,63,"independent",0,"positive",0.727511764313094,0.222813236181915,0.178965812379494,6569.22521167946,12.0195241424444,8.94652650512622,16.2114460822142,0.000608899812551468,0.0246758953748687,"ok"
34,"broad",0.1,"mlma",NA,NA,5000,5000,0,0,0,0.101175357115016,0.00117535711501572,0.00947121229066305,0.0973201535688423,0.0964270453219597,0.990822987694416,0.0973175190423222,0.9384,0.1912,0.00556134084551559,NA,0.1912,NA,NA,NA,NA,NA,0.0014,0,0.270180000000063,"broad",NA,NA,36,23,13,5345,63,"independent",0,"positive",0.727511764313094,0.222813236181915,0.178965812379494,6569.22521167946,12.0195241424444,8.94652650512622,16.2114460822142,0.000608899812551468,0.0246758953748687,"ok"
34,"broad",0.1,"mlma_cr2",NA,NA,5000,5000,0,0,0,0.101175357115016,0.00117535711501572,0.00947121229066305,0.0973201535688423,0.0963933252600081,0.990476501784612,0.0973175190423222,0.949,0.1722,0.00533942244067652,NA,0.1722,24.8513604488599,24.9886689366521,0.470596267588756,19.4435746592475,25.2399145810496,0.0014,0,0.295050000000032,"broad",NA,NA,36,23,13,5345,63,"independent",0,"positive",0.727511764313094,0.222813236181915,0.178965812379494,6569.22521167946,12.0195241424444,8.94652650512622,16.2114460822142,0.000608899812551468,0.0246758953748687,"ok"
34,"broad",0.2,"aggregate_hksj",NA,NA,5000,5000,0,0,0,0.200870162988408,0.000870162988407752,0.00956605693455327,0.0978062213489166,0.0981751525576187,1.00377206279533,0.0978003113839253,0.9504,0.5092,0.00706987072017586,NA,0.5092,34,34,0,34,34,0,0,0.0408019999999728,"broad",NA,NA,36,23,13,5345,63,"independent",0,"positive",0.727511764313094,0.222813236181915,0.178965812379494,6569.22521167946,12.0195241424444,8.94652650512622,16.2114460822142,0.000608899812551468,0.0246758953748687,"ok"
34,"broad",0.2,"che_rve",NA,NA,5000,5000,0,0,0,0.20116420574335,0.00116420574334972,0.00946682211787166,0.0972975956428095,0.0963823720099944,0.990593563728183,0.0972948309442024,0.9494,0.5144,0.00706813469028428,NA,0.5144,24.7639068630802,24.914688899089,0.51137877473823,20.1926116566591,25.2125564116547,0.0018,0,0.325135999999923,"broad",NA,NA,36,23,13,5345,63,"independent",0,"positive",0.727511764313094,0.222813236181915,0.178965812379494,6569.22521167946,12.0195241424444,8.94652650512622,16.2114460822142,0.000608899812551468,0.0246758953748687,"ok"
34,"broad",0.2,"mlma",NA,NA,5000,5000,0,0,0,0.20117535711532,0.00117535711532024,0.00947121229064786,0.0973201535687643,0.0964270453306252,0.990822987784252,0.0973175190422478,0.9384,0.5506,0.00703476566773905,NA,0.5506,NA,NA,NA,NA,NA,0.0014,0,0.269391999999961,"broad",NA,NA,36,23,13,5345,63,"independent",0,"positive",0.727511764313094,0.222813236181915,0.178965812379494,6569.22521167946,12.0195241424444,8.94652650512622,16.2114460822142,0.000608899812551468,0.0246758953748687,"ok"
34,"broad",0.2,"mlma_cr2",NA,NA,5000,5000,0,0,0,0.20117535711532,0.00117535711532024,0.00947121229064786,0.0973201535687643,0.0963933252597104,0.990476501782347,0.0973175190422478,0.949,0.5146,0.00706805263138299,NA,0.5146,24.8513604494835,24.9886689369352,0.470596266486782,19.4435746383576,25.2399145810528,0.0014,0,0.293996000000034,"broad",NA,NA,36,23,13,5345,63,"independent",0,"positive",0.727511764313094,0.222813236181915,0.178965812379494,6569.22521167946,12.0195241424444,8.94652650512622,16.2114460822142,0.000608899812551468,0.0246758953748687,"ok"
35,"broad",0,"aggregate_hksj",NA,NA,5000,5000,0,0,0,-0.00243839172598247,-0.00243839172598247,0.00396499118911478,0.0629681760027617,0.0592598395144534,0.941107767070374,0.0630090782751684,0.9348,0.0652,0.00349138826256834,0.0652,NA,46,46,0,46,46,0,0,0.0498459999999817,"broad",NA,NA,48,38,10,4867,153,"n_minority",0.944746744867152,"negative",0.368760630753823,0.131627704519255,0.114501901405514,4944.43286381047,36.9576550003816,9.93419482715184,15.4399436168478,0.000808990658822974,0.0284427610970344,"ok"
35,"broad",0,"che_rve",NA,NA,5000,5000,0,0,0,-0.0023887742465495,-0.0023887742465495,0.00394291437630516,0.0627926299521302,0.0617675524622754,0.983675194196575,0.0628317756858015,0.952,0.048,0.00302311098043059,0.048,NA,13.1845678179594,13.2204476050031,0.314175034400945,11.4426924565871,14.0280377874938,0,0,0.403752000000223,"broad",NA,NA,48,38,10,4867,153,"n_minority",0.944746744867152,"negative",0.368760630753823,0.131627704519255,0.114501901405514,4944.43286381047,36.9576550003816,9.93419482715184,15.4399436168478,0.000808990658822974,0.0284427610970344,"ok"
35,"broad",0,"mlma",NA,NA,5000,5000,0,0,0,-0.00239427099831154,-0.00239427099831154,0.00394066103000771,0.0627746846269076,0.0631245032549244,1.005572606698,0.0628140544099413,0.9452,0.0548,0.00321860093829602,0.0548,NA,NA,NA,NA,NA,NA,0,6e-04,0.269777999999924,"broad",NA,NA,48,38,10,4867,153,"n_minority",0.944746744867152,"negative",0.368760630753823,0.131627704519255,0.114501901405514,4944.43286381047,36.9576550003816,9.93419482715184,15.4399436168478,0.000808990658822974,0.0284427610970344,"ok"
35,"broad",0,"mlma_cr2",NA,NA,5000,5000,0,0,0,-0.00239427099831154,-0.00239427099831154,0.00394066103000771,0.0627746846269076,0.061800763007174,0.984485439862868,0.0628140544099413,0.9526,0.0474,0.00300510365877785,0.0474,NA,13.1419541208134,13.1783702411521,0.306491350644365,11.5242943338881,13.899022989387,0,6e-04,0.302483999999982,"broad",NA,NA,48,38,10,4867,153,"n_minority",0.944746744867152,"negative",0.368760630753823,0.131627704519255,0.114501901405514,4944.43286381047,36.9576550003816,9.93419482715184,15.4399436168478,0.000808990658822974,0.0284427610970344,"ok"
35,"broad",0.05,"aggregate_hksj",NA,NA,5000,5000,0,0,0,0.0475616082740175,-0.00243839172598247,0.00396499118911478,0.0629681760027617,0.0592598395144534,0.941107767070374,0.0630090782751684,0.9348,0.1398,0.004904201464051,NA,0.1398,46,46,0,46,46,0,0,0.0498560000001627,"broad",NA,NA,48,38,10,4867,153,"n_minority",0.944746744867152,"negative",0.368760630753823,0.131627704519255,0.114501901405514,4944.43286381047,36.9576550003816,9.93419482715184,15.4399436168478,0.000808990658822974,0.0284427610970344,"ok"
35,"broad",0.05,"che_rve",NA,NA,5000,5000,0,0,0,0.0476112257527857,-0.00238877424721431,0.00394291437634458,0.0627926299524441,0.0617675524623119,0.983675194192239,0.0628317756861404,0.952,0.108,0.00438944187796125,NA,0.108,13.1845678178659,13.220447606418,0.314175034398468,11.4426924595175,14.028037788073,0,0,0.40232200000014,"broad",NA,NA,48,38,10,4867,153,"n_minority",0.944746744867152,"negative",0.368760630753823,0.131627704519255,0.114501901405514,4944.43286381047,36.9576550003816,9.93419482715184,15.4399436168478,0.000808990658822974,0.0284427610970344,"ok"
35,"broad",0.05,"mlma",NA,NA,5000,5000,0,0,0,0.0476057290033618,-0.0023942709966382,0.0039406610299327,0.0627746846263102,0.0631245032546078,1.00557260670253,0.0628140544092806,0.9452,0.124,0.00466098701993473,NA,0.124,NA,NA,NA,NA,NA,0,6e-04,0.270163999999873,"broad",NA,NA,48,38,10,4867,153,"n_minority",0.944746744867152,"negative",0.368760630753823,0.131627704519255,0.114501901405514,4944.43286381047,36.9576550003816,9.93419482715184,15.4399436168478,0.000808990658822974,0.0284427610970344,"ok"
35,"broad",0.05,"mlma_cr2",NA,NA,5000,5000,0,0,0,0.0476057290033618,-0.0023942709966382,0.0039406610299327,0.0627746846263102,0.0618007630076849,0.984485439880376,0.0628140544092806,0.9526,0.1056,0.00434623147105628,NA,0.1056,13.1419541209641,13.1783702410875,0.306491350653729,11.5242943248568,13.8990229893953,0,6e-04,0.302891999999963,"broad",NA,NA,48,38,10,4867,153,"n_minority",0.944746744867152,"negative",0.368760630753823,0.131627704519255,0.114501901405514,4944.43286381047,36.9576550003816,9.93419482715184,15.4399436168478,0.000808990658822974,0.0284427610970344,"ok"
35,"broad",0.1,"aggregate_hksj",NA,NA,5000,5000,0,0,0,0.0975616082740175,-0.00243839172598247,0.00396499118911478,0.0629681760027617,0.0592598395144534,0.941107767070374,0.0630090782751684,0.9348,0.3674,0.00681787708894785,NA,0.3674,46,46,0,46,46,0,0,0.049810000000117,"broad",NA,NA,48,38,10,4867,153,"n_minority",0.944746744867152,"negative",0.368760630753823,0.131627704519255,0.114501901405514,4944.43286381047,36.9576550003816,9.93419482715184,15.4399436168478,0.000808990658822974,0.0284427610970344,"ok"
35,"broad",0.1,"che_rve",NA,NA,5000,5000,0,0,0,0.0976112257540291,-0.00238877424597093,0.00394291437627816,0.0627926299519152,0.0617675524627393,0.983675194207332,0.0628317756855647,0.952,0.299,0.00647455017742546,NA,0.299,13.1845678179182,13.2204476049988,0.314175034616538,11.4426924646211,14.028037787736,0,0,0.401866000000044,"broad",NA,NA,48,38,10,4867,153,"n_minority",0.944746744867152,"negative",0.368760630753823,0.131627704519255,0.114501901405514,4944.43286381047,36.9576550003816,9.93419482715184,15.4399436168478,0.000808990658822974,0.0284427610970344,"ok"
35,"broad",0.1,"mlma",NA,NA,5000,5000,0,0,0,0.0976057290050972,-0.00239427099490279,0.00394066103000763,0.062774684626907,0.0631245032561608,1.00557260671771,0.0628140544098107,0.9452,0.3394,0.00669638170955032,NA,0.3394,NA,NA,NA,NA,NA,0,6e-04,0.269980000000048,"broad",NA,NA,48,38,10,4867,153,"n_minority",0.944746744867152,"negative",0.368760630753823,0.131627704519255,0.114501901405514,4944.43286381047,36.9576550003816,9.93419482715184,15.4399436168478,0.000808990658822974,0.0284427610970344,"ok"
35,"broad",0.1,"mlma_cr2",NA,NA,5000,5000,0,0,0,0.0976057290050972,-0.00239427099490279,0.00394066103000763,0.062774684626907,0.0618007630072976,0.984485439864848,0.0628140544098107,0.9526,0.3004,0.00648320661401439,NA,0.3004,13.141954120994,13.1783702407218,0.306491350426516,11.5242943312948,13.8990229894693,0,6e-04,0.302276000000065,"broad",NA,NA,48,38,10,4867,153,"n_minority",0.944746744867152,"negative",0.368760630753823,0.131627704519255,0.114501901405514,4944.43286381047,36.9576550003816,9.93419482715184,15.4399436168478,0.000808990658822974,0.0284427610970344,"ok"
35,"broad",0.2,"aggregate_hksj",NA,NA,5000,5000,0,0,0,0.197561608274018,-0.00243839172598248,0.00396499118911478,0.0629681760027617,0.0592598395144534,0.941107767070374,0.0630090782751684,0.9348,0.8892,0.00443899448073547,NA,0.8892,46,46,0,46,46,0,0,0.0500339999999589,"broad",NA,NA,48,38,10,4867,153,"n_minority",0.944746744867152,"negative",0.368760630753823,0.131627704519255,0.114501901405514,4944.43286381047,36.9576550003816,9.93419482715184,15.4399436168478,0.000808990658822974,0.0284427610970344,"ok"
35,"broad",0.2,"che_rve",NA,NA,5000,5000,0,0,0,0.197611225755604,-0.00238877424439599,0.00394291437642887,0.0627926299531153,0.0617675524615899,0.983675194170227,0.0628317756867039,0.952,0.8272,0.00534677772120742,NA,0.8272,13.1845678179994,13.2204476056611,0.314175034488768,11.4426924602401,14.0280377877243,0,0,0.402155999999985,"broad",NA,NA,48,38,10,4867,153,"n_minority",0.944746744867152,"negative",0.368760630753823,0.131627704519255,0.114501901405514,4944.43286381047,36.9576550003816,9.93419482715184,15.4399436168478,0.000808990658822974,0.0284427610970344,"ok"
35,"broad",0.2,"mlma",NA,NA,5000,5000,0,0,0,0.197605729003389,-0.00239427099661144,0.0039406610300713,0.0627746846274141,0.0631245032552221,1.00557260669463,0.0628140544103825,0.9452,0.8798,0.00459895553359673,NA,0.8798,NA,NA,NA,NA,NA,0,6e-04,0.269666000000382,"broad",NA,NA,48,38,10,4867,153,"n_minority",0.944746744867152,"negative",0.368760630753823,0.131627704519255,0.114501901405514,4944.43286381047,36.9576550003816,9.93419482715184,15.4399436168478,0.000808990658822974,0.0284427610970344,"ok"
35,"broad",0.2,"mlma_cr2",NA,NA,5000,5000,0,0,0,0.197605729003389,-0.00239427099661144,0.0039406610300713,0.0627746846274141,0.0618007630072981,0.984485439856904,0.0628140544103825,0.9526,0.8262,0.00535898423210966,NA,0.8262,13.1419541209906,13.1783702418726,0.306491350606844,11.5242943341983,13.8990229894024,0,6e-04,0.301914000000374,"broad",NA,NA,48,38,10,4867,153,"n_minority",0.944746744867152,"negative",0.368760630753823,0.131627704519255,0.114501901405514,4944.43286381047,36.9576550003816,9.93419482715184,15.4399436168478,0.000808990658822974,0.0284427610970344,"ok"
36,"broad",0,"aggregate_hksj",NA,NA,5000,5000,0,0,0,-6.33866274291512e-05,-6.33866274291512e-05,0.00707584734811008,0.0841180560171839,0.079740123979421,0.947954907126378,0.0841096676756305,0.9376,0.0624,0.00342070869850094,0.0624,NA,34,34,0,34,34,0,0,0.0394300000000012,"broad",NA,NA,36,25,11,12804,137,"n_majority",0.900602563876164,"positive",0.81210922828177,0.189435953683453,0.13503621896432,6693.04670729179,16.4013186231013,8.53354610684325,9.03775490575497,0.00059763515405356,0.0244465775529737,"ok"
36,"broad",0,"che_rve",NA,NA,5000,5000,0,0,0,-0.000224764737151085,-0.000224764737151085,0.00706271927063168,0.0840399861413106,0.0815945431521719,0.970901435121291,0.0840318823183476,0.9472,0.0528,0.00316266216975509,0.0528,NA,16.5035441671015,16.5859707218399,0.623094476112791,13.0436662455173,18.0146730816799,0,0,0.354947999999738,"broad",NA,NA,36,25,11,12804,137,"n_majority",0.900602563876164,"positive",0.81210922828177,0.189435953683453,0.13503621896432,6693.04670729179,16.4013186231013,8.53354610684325,9.03775490575497,0.00059763515405356,0.0244465775529737,"ok"
36,"broad",0,"mlma",NA,NA,5000,5000,0,0,0,-0.000217708757311934,-0.000217708757311934,0.00706507107208543,0.0840539771342524,0.082229100850106,0.978289233343096,0.0840458532883926,0.9374,0.0626,0.00342582077756557,0.0626,NA,NA,NA,NA,NA,NA,0,0,0.28258799999999,"broad",NA,NA,36,25,11,12804,137,"n_majority",0.900602563876164,"positive",0.81210922828177,0.189435953683453,0.13503621896432,6693.04670729179,16.4013186231013,8.53354610684325,9.03775490575497,0.00059763515405356,0.0244465775529737,"ok"
36,"broad",0,"mlma_cr2",NA,NA,5000,5000,0,0,0,-0.000217708757311934,-0.000217708757311934,0.00706507107208543,0.0840539771342524,0.0815940587089697,0.970734062692194,0.0840458532883926,0.948,0.052,0.00313993630508646,0.052,NA,16.5228789009385,16.6054730270984,0.625684188477757,13.0216625425411,18.0317921904142,0,0,0.307790000000167,"broad",NA,NA,36,25,11,12804,137,"n_majority",0.900602563876164,"positive",0.81210922828177,0.189435953683453,0.13503621896432,6693.04670729179,16.4013186231013,8.53354610684325,9.03775490575497,0.00059763515405356,0.0244465775529737,"ok"
36,"broad",0.05,"aggregate_hksj",NA,NA,5000,5000,0,0,0,0.0499366133725709,-6.33866274291489e-05,0.00707584734811008,0.0841180560171839,0.079740123979421,0.947954907126378,0.0841096676756305,0.9376,0.1,0.00424264068711928,NA,0.1,34,34,0,34,34,0,0,0.0395979999999661,"broad",NA,NA,36,25,11,12804,137,"n_majority",0.900602563876164,"positive",0.81210922828177,0.189435953683453,0.13503621896432,6693.04670729179,16.4013186231013,8.53354610684325,9.03775490575497,0.00059763515405356,0.0244465775529737,"ok"
36,"broad",0.05,"che_rve",NA,NA,5000,5000,0,0,0,0.0497752352640976,-0.000224764735902355,0.00706271927078119,0.0840399861422001,0.0815945431521182,0.970901435110376,0.0840318823192337,0.9472,0.087,0.00398574961581884,NA,0.087,16.5035441671735,16.5859707234118,0.623094475722291,13.04366624701,18.0146730786131,0,0,0.355338000000019,"broad",NA,NA,36,25,11,12804,137,"n_majority",0.900602563876164,"positive",0.81210922828177,0.189435953683453,0.13503621896432,6693.04670729179,16.4013186231013,8.53354610684325,9.03775490575497,0.00059763515405356,0.0244465775529737,"ok"
36,"broad",0.05,"mlma",NA,NA,5000,5000,0,0,0,0.0497822912432936,-0.000217708756706382,0.00706507107225365,0.0840539771352531,0.0822291008488913,0.978289233316999,0.0840458532893917,0.9374,0.098,0.00420466407695074,NA,0.098,NA,NA,NA,NA,NA,0,0,0.282740000000017,"broad",NA,NA,36,25,11,12804,137,"n_majority",0.900602563876164,"positive",0.81210922828177,0.189435953683453,0.13503621896432,6693.04670729179,16.4013186231013,8.53354610684325,9.03775490575497,0.00059763515405356,0.0244465775529737,"ok"
36,"broad",0.05,"mlma_cr2",NA,NA,5000,5000,0,0,0,0.0497822912432936,-0.000217708756706382,0.00706507107225365,0.0840539771352531,0.0815940587091337,0.970734062682589,0.0840458532893917,0.948,0.0866,0.0039774474226569,NA,0.0866,16.5228789008722,16.6054730252004,0.625684188531407,13.0216625414301,18.0317922054384,0,0,0.307947999999877,"broad",NA,NA,36,25,11,12804,137,"n_majority",0.900602563876164,"positive",0.81210922828177,0.189435953683453,0.13503621896432,6693.04670729179,16.4013186231013,8.53354610684325,9.03775490575497,0.00059763515405356,0.0244465775529737,"ok"
36,"broad",0.1,"aggregate_hksj",NA,NA,5000,5000,0,0,0,0.0999366133725708,-6.33866274291628e-05,0.00707584734811008,0.0841180560171839,0.079740123979421,0.947954907126378,0.0841096676756305,0.9376,0.236,0.00600506452921199,NA,0.236,34,34,0,34,34,0,0,0.0392759999999865,"broad",NA,NA,36,25,11,12804,137,"n_majority",0.900602563876164,"positive",0.81210922828177,0.189435953683453,0.13503621896432,6693.04670729179,16.4013186231013,8.53354610684325,9.03775490575497,0.00059763515405356,0.0244465775529737,"ok"
36,"broad",0.1,"che_rve",NA,NA,5000,5000,0,0,0,0.0997752352630209,-0.000224764736979105,0.00706271927060302,0.0840399861411401,0.0815945431522354,0.970901435124017,0.0840318823181766,0.9472,0.2068,0.00572771787014689,NA,0.2068,16.5035441669918,16.5859707327444,0.623094476221383,13.0436662430241,18.0146730766741,0,0,0.355629999999855,"broad",NA,NA,36,25,11,12804,137,"n_majority",0.900602563876164,"positive",0.81210922828177,0.189435953683453,0.13503621896432,6693.04670729179,16.4013186231013,8.53354610684325,9.03775490575497,0.00059763515405356,0.0244465775529737,"ok"
36,"broad",0.1,"mlma",NA,NA,5000,5000,0,0,0,0.099782291242898,-0.000217708757102031,0.00706507107214943,0.0840539771346331,0.0822291008499794,0.97828923333716,0.0840458532887728,0.9374,0.2374,0.00601732897555053,NA,0.2374,NA,NA,NA,NA,NA,0,0,0.283956000000084,"broad",NA,NA,36,25,11,12804,137,"n_majority",0.900602563876164,"positive",0.81210922828177,0.189435953683453,0.13503621896432,6693.04670729179,16.4013186231013,8.53354610684325,9.03775490575497,0.00059763515405356,0.0244465775529737,"ok"
36,"broad",0.1,"mlma_cr2",NA,NA,5000,5000,0,0,0,0.099782291242898,-0.000217708757102031,0.00706507107214943,0.0840539771346331,0.0815940587091882,0.970734062690398,0.0840458532887728,0.948,0.2062,0.00572156552003034,NA,0.2062,16.5228789009568,16.6054730262249,0.625684188298319,13.0216625396312,18.0317922048597,0,0,0.308934000000033,"broad",NA,NA,36,25,11,12804,137,"n_majority",0.900602563876164,"positive",0.81210922828177,0.189435953683453,0.13503621896432,6693.04670729179,16.4013186231013,8.53354610684325,9.03775490575497,0.00059763515405356,0.0244465775529737,"ok"
36,"broad",0.2,"aggregate_hksj",NA,NA,5000,5000,0,0,0,0.199936613372571,-6.33866274291628e-05,0.00707584734811008,0.0841180560171839,0.079740123979421,0.947954907126378,0.0841096676756305,0.9376,0.6668,0.00666599969996999,NA,0.6668,34,34,0,34,34,0,0,0.0390839999998043,"broad",NA,NA,36,25,11,12804,137,"n_majority",0.900602563876164,"positive",0.81210922828177,0.189435953683453,0.13503621896432,6693.04670729179,16.4013186231013,8.53354610684325,9.03775490575497,0.00059763515405356,0.0244465775529737,"ok"
36,"broad",0.2,"che_rve",NA,NA,5000,5000,0,0,0,0.199775235263509,-0.00022476473649069,0.00706271927068876,0.0840399861416502,0.0815945431524,0.970901435120083,0.0840318823186854,0.9472,0.616,0.0068781392832655,NA,0.616,16.5035441671686,16.5859707199666,0.623094475875976,13.0436662496365,18.0146730805384,0,0,0.355676000000086,"broad",NA,NA,36,25,11,12804,137,"n_majority",0.900602563876164,"positive",0.81210922828177,0.189435953683453,0.13503621896432,6693.04670729179,16.4013186231013,8.53354610684325,9.03775490575497,0.00059763515405356,0.0244465775529737,"ok"
36,"broad",0.2,"mlma",NA,NA,5000,5000,0,0,0,0.199782291242685,-0.000217708757314777,0.00706507107225129,0.0840539771352391,0.0822291008472218,0.9782892332973,0.0840458532893792,0.9374,0.671,0.00664468208419334,NA,0.671,NA,NA,NA,NA,NA,0,0,0.282498000000161,"broad",NA,NA,36,25,11,12804,137,"n_majority",0.900602563876164,"positive",0.81210922828177,0.189435953683453,0.13503621896432,6693.04670729179,16.4013186231013,8.53354610684325,9.03775490575497,0.00059763515405356,0.0244465775529737,"ok"
36,"broad",0.2,"mlma_cr2",NA,NA,5000,5000,0,0,0,0.199782291242685,-0.000217708757314777,0.00706507107225129,0.0840539771352391,0.0815940587092494,0.970734062684128,0.0840458532893792,0.948,0.6184,0.00686995545837089,NA,0.6184,16.5228789007586,16.6054730247172,0.625684188249548,13.0216625396862,18.0317922049717,0,0,0.307596000000042,"broad",NA,NA,36,25,11,12804,137,"n_majority",0.900602563876164,"positive",0.81210922828177,0.189435953683453,0.13503621896432,6693.04670729179,16.4013186231013,8.53354610684325,9.03775490575497,0.00059763515405356,0.0244465775529737,"ok"
37,"broad",0,"aggregate_hksj",NA,NA,5000,5000,0,0,0,0.00160497687540739,0.00160497687540739,0.00392866004346885,0.0626790239511501,0.0628096967659419,1.00208479338947,0.062693303168925,0.9512,0.0488,0.00304691844328003,0.0488,NA,58,58,0,58,58,0,0,0.0567919999999673,"broad",NA,NA,60,36,24,37106,440,"nk_minority",0.462509987986996,"negative",0.390906514199451,0.225731541872432,0.164344575180497,58090.8713450261,23.7511571554259,18.4420733585674,37.6398388599576,6.88576347261572e-05,0.00829805005565507,"ok"
37,"broad",0,"che_rve",NA,NA,5000,5000,0,0,0,0.0015984199327263,0.0015984199327263,0.00392772029020717,0.0626715269497015,0.0627764343847697,1.00167392498913,0.0626856418363126,0.9528,0.0472,0.00299907185642492,0.0472,NA,49.3605140186357,49.3693803898769,0.0488437200374707,49.0048164251154,49.4579696747272,0,0,0.672493999999989,"broad",NA,NA,60,36,24,37106,440,"nk_minority",0.462509987986996,"negative",0.390906514199451,0.225731541872432,0.164344575180497,58090.8713450261,23.7511571554259,18.4420733585674,37.6398388599576,6.88576347261572e-05,0.00829805005565507,"ok"
37,"broad",0,"mlma",NA,NA,5000,5000,0,0,0,0.00157680728948839,0.00157680728948839,0.00393808353587886,0.0627541515429765,0.062940715681992,1.00297293699984,0.062767684682485,0.9464,0.0536,0.00318518570887162,0.0536,NA,NA,NA,NA,NA,NA,0,0,0.442922000000013,"broad",NA,NA,60,36,24,37106,440,"nk_minority",0.462509987986996,"negative",0.390906514199451,0.225731541872432,0.164344575180497,58090.8713450261,23.7511571554259,18.4420733585674,37.6398388599576,6.88576347261572e-05,0.00829805005565507,"ok"
37,"broad",0,"mlma_cr2",NA,NA,5000,5000,0,0,0,0.00157680728948839,0.00157680728948839,0.00393808353587886,0.0627541515429765,0.0628032119982159,1.00078178820099,0.062767684682485,0.9516,0.0484,0.00303504332753257,0.0484,NA,49.1756885859111,49.1896781771209,0.0813963264869615,48.6036826048593,49.3349302549467,0,0,0.486282000000023,"broad",NA,NA,60,36,24,37106,440,"nk_minority",0.462509987986996,"negative",0.390906514199451,0.225731541872432,0.164344575180497,58090.8713450261,23.7511571554259,18.4420733585674,37.6398388599576,6.88576347261572e-05,0.00829805005565507,"ok"
37,"broad",0.05,"aggregate_hksj",NA,NA,5000,5000,0,0,0,0.0516049768754074,0.00160497687540739,0.00392866004346885,0.0626790239511501,0.0628096967659419,1.00208479338947,0.062693303168925,0.9512,0.1232,0.00464804819252124,NA,0.1232,58,58,0,58,58,0,0,0.0574840000000062,"broad",NA,NA,60,36,24,37106,440,"nk_minority",0.462509987986996,"negative",0.390906514199451,0.225731541872432,0.164344575180497,58090.8713450261,23.7511571554259,18.4420733585674,37.6398388599576,6.88576347261572e-05,0.00829805005565507,"ok"
37,"broad",0.05,"che_rve",NA,NA,5000,5000,0,0,0,0.0515984199305457,0.00159841993054567,0.0039277202902955,0.0626715269504062,0.0627764343848294,1.00167392497882,0.0626856418369614,0.9528,0.1244,0.00466743269903274,NA,0.1244,49.3605140187925,49.3693803907821,0.0488437199819893,49.0048164253631,49.4579696746492,0,0,0.671387999999998,"broad",NA,NA,60,36,24,37106,440,"nk_minority",0.462509987986996,"negative",0.390906514199451,0.225731541872432,0.164344575180497,58090.8713450261,23.7511571554259,18.4420733585674,37.6398388599576,6.88576347261572e-05,0.00829805005565507,"ok"
37,"broad",0.05,"mlma",NA,NA,5000,5000,0,0,0,0.0515768072893123,0.00157680728931227,0.00393808353599975,0.0627541515439397,0.0629407156672667,1.00297293674979,0.0627676846834434,0.9464,0.1308,0.00476846642013971,NA,0.1308,NA,NA,NA,NA,NA,0,0,0.437932000000001,"broad",NA,NA,60,36,24,37106,440,"nk_minority",0.462509987986996,"negative",0.390906514199451,0.225731541872432,0.164344575180497,58090.8713450261,23.7511571554259,18.4420733585674,37.6398388599576,6.88576347261572e-05,0.00829805005565507,"ok"
37,"broad",0.05,"mlma_cr2",NA,NA,5000,5000,0,0,0,0.0515768072893123,0.00157680728931227,0.00393808353599975,0.0627541515439397,0.0628032119982892,1.0007817881868,0.0627676846834434,0.9516,0.124,0.00466098701993473,NA,0.124,49.1756885856525,49.1896781777745,0.081396326802264,48.6036825958406,49.3349302538521,0,0,0.480836000000013,"broad",NA,NA,60,36,24,37106,440,"nk_minority",0.462509987986996,"negative",0.390906514199451,0.225731541872432,0.164344575180497,58090.8713450261,23.7511571554259,18.4420733585674,37.6398388599576,6.88576347261572e-05,0.00829805005565507,"ok"
37,"broad",0.1,"aggregate_hksj",NA,NA,5000,5000,0,0,0,0.101604976875407,0.00160497687540739,0.00392866004346885,0.0626790239511501,0.0628096967659419,1.00208479338947,0.062693303168925,0.9512,0.3514,0.00675156337450816,NA,0.3514,58,58,0,58,58,0,0,0.0575559999999865,"broad",NA,NA,60,36,24,37106,440,"nk_minority",0.462509987986996,"negative",0.390906514199451,0.225731541872432,0.164344575180497,58090.8713450261,23.7511571554259,18.4420733585674,37.6398388599576,6.88576347261572e-05,0.00829805005565507,"ok"
37,"broad",0.1,"che_rve",NA,NA,5000,5000,0,0,0,0.101598419934405,0.0015984199344049,0.00392772029001626,0.0626715269481785,0.0627764343845851,1.00167392501053,0.062685641834833,0.9528,0.349,0.00674090498375404,NA,0.349,49.3605140188276,49.3693803891779,0.0488437200883455,49.0048164260311,49.4579696746865,0,0,0.67139799999999,"broad",NA,NA,60,36,24,37106,440,"nk_minority",0.462509987986996,"negative",0.390906514199451,0.225731541872432,0.164344575180497,58090.8713450261,23.7511571554259,18.4420733585674,37.6398388599576,6.88576347261572e-05,0.00829805005565507,"ok"
37,"broad",0.1,"mlma",NA,NA,5000,5000,0,0,0,0.10157680728927,0.00157680728927027,0.00393808353593254,0.0627541515434042,0.0629407156919168,1.00297293715115,0.0627676846829071,0.9464,0.363,0.00680045586707244,NA,0.363,NA,NA,NA,NA,NA,0,0,0.437820000000018,"broad",NA,NA,60,36,24,37106,440,"nk_minority",0.462509987986996,"negative",0.390906514199451,0.225731541872432,0.164344575180497,58090.8713450261,23.7511571554259,18.4420733585674,37.6398388599576,6.88576347261572e-05,0.00829805005565507,"ok"
37,"broad",0.1,"mlma_cr2",NA,NA,5000,5000,0,0,0,0.10157680728927,0.00157680728927027,0.00393808353593254,0.0627541515434042,0.0628032119983451,1.00078178819623,0.0627676846829071,0.9516,0.3494,0.00674269441692266,NA,0.3494,49.1756885859229,49.189678178406,0.0813963266357233,48.6036825935404,49.3349302537835,0,0,0.480756000000024,"broad",NA,NA,60,36,24,37106,440,"nk_minority",0.462509987986996,"negative",0.390906514199451,0.225731541872432,0.164344575180497,58090.8713450261,23.7511571554259,18.4420733585674,37.6398388599576,6.88576347261572e-05,0.00829805005565507,"ok"
37,"broad",0.2,"aggregate_hksj",NA,NA,5000,5000,0,0,0,0.201604976875407,0.00160497687540739,0.00392866004346885,0.0626790239511501,0.0628096967659419,1.00208479338947,0.062693303168925,0.9512,0.8836,0.00453543911876237,NA,0.8836,58,58,0,58,58,0,0,0.0574159999999918,"broad",NA,NA,60,36,24,37106,440,"nk_minority",0.462509987986996,"negative",0.390906514199451,0.225731541872432,0.164344575180497,58090.8713450261,23.7511571554259,18.4420733585674,37.6398388599576,6.88576347261572e-05,0.00829805005565507,"ok"
37,"broad",0.2,"che_rve",NA,NA,5000,5000,0,0,0,0.20159841993291,0.00159841993291038,0.00392772029011679,0.0626715269489805,0.0627764343846238,1.00167392499833,0.0626856418355965,0.9528,0.8816,0.00456905767089889,NA,0.8816,49.3605140186563,49.3693803907455,0.0488437200605069,49.004816423982,49.457969674626,0,0,0.671778000000001,"broad",NA,NA,60,36,24,37106,440,"nk_minority",0.462509987986996,"negative",0.390906514199451,0.225731541872432,0.164344575180497,58090.8713450261,23.7511571554259,18.4420733585674,37.6398388599576,6.88576347261572e-05,0.00829805005565507,"ok"
37,"broad",0.2,"mlma",NA,NA,5000,5000,0,0,0,0.201576807289357,0.00157680728935713,0.00393808353604681,0.0627541515443147,0.0629407156901765,1.00297293710887,0.0627676846838194,0.9464,0.89,0.00442492937796752,NA,0.89,NA,NA,NA,NA,NA,0,0,0.438018000000026,"broad",NA,NA,60,36,24,37106,440,"nk_minority",0.462509987986996,"negative",0.390906514199451,0.225731541872432,0.164344575180497,58090.8713450261,23.7511571554259,18.4420733585674,37.6398388599576,6.88576347261572e-05,0.00829805005565507,"ok"
37,"broad",0.2,"mlma_cr2",NA,NA,5000,5000,0,0,0,0.201576807289357,0.00157680728935713,0.00393808353604681,0.0627541515443147,0.0628032119983427,1.00078178818167,0.0627676846838194,0.9516,0.8806,0.00458570910547104,NA,0.8806,49.1756885857812,49.1896781792019,0.0813963269031011,48.6036825738067,49.3349302546144,0,0,0.481068000000021,"broad",NA,NA,60,36,24,37106,440,"nk_minority",0.462509987986996,"negative",0.390906514199451,0.225731541872432,0.164344575180497,58090.8713450261,23.7511571554259,18.4420733585674,37.6398388599576,6.88576347261572e-05,0.00829805005565507,"ok"
38,"broad",0,"aggregate_hksj",NA,NA,5000,5000,0,0,0,0.000658720479775904,0.000658720479775904,0.00986490146231607,0.0993222103173106,0.0975236106349689,0.98189126403253,0.0993144621628395,0.9474,0.0526,0.00315699984162179,0.0526,NA,28,28,0,28,28,0,0,0.0355100000000108,"broad",NA,NA,30,20,10,14814,152,"independent",0,"negative",0.488871532636695,0.24849709042866,0.0593117249502102,17781.4583789843,19.8026188588779,9.87847330274547,17.6649318595751,0.00022495342703316,0.0149984474874288,"ok"
38,"broad",0,"che_rve",NA,NA,5000,5000,0,0,0,0.00062063918815191,0.00062063918815191,0.00986474147880715,0.0993214049377431,0.0971878397963986,0.978518576708798,0.0993134115994071,0.9516,0.0484,0.00303504332753257,0.0484,NA,18.0509332104782,18.0556831133644,0.0233300028118747,17.834320241881,18.0892518183837,0,0,0.425262000000046,"broad",NA,NA,30,20,10,14814,152,"independent",0,"negative",0.488871532636695,0.24849709042866,0.0593117249502102,17781.4583789843,19.8026188588779,9.87847330274547,17.6649318595751,0.00022495342703316,0.0149984474874288,"ok"
38,"broad",0,"mlma",NA,NA,5000,5000,0,0,0,0.000620599664286619,0.000620599664286619,0.00986417975172469,0.0993185770725935,0.0975867382581275,0.982562790713361,0.0993105838252785,0.9402,0.0598,0.00335332551357604,0.0598,NA,NA,NA,NA,NA,NA,0,0,0.353997999999996,"broad",NA,NA,30,20,10,14814,152,"independent",0,"negative",0.488871532636695,0.24849709042866,0.0593117249502102,17781.4583789843,19.8026188588779,9.87847330274547,17.6649318595751,0.00022495342703316,0.0149984474874288,"ok"
38,"broad",0,"mlma_cr2",NA,NA,5000,5000,0,0,0,0.000620599664286619,0.000620599664286619,0.00986417975172469,0.0993185770725935,0.0971889033255718,0.978557146006381,0.0993105838252785,0.9516,0.0484,0.00303504332753257,0.0484,NA,18.0425916188866,18.0477545278701,0.0253508375731662,17.8064034771531,18.0861550206793,0,0,0.377249999999928,"broad",NA,NA,30,20,10,14814,152,"independent",0,"negative",0.488871532636695,0.24849709042866,0.0593117249502102,17781.4583789843,19.8026188588779,9.87847330274547,17.6649318595751,0.00022495342703316,0.0149984474874288,"ok"
38,"broad",0.05,"aggregate_hksj",NA,NA,5000,5000,0,0,0,0.0506587204797759,0.000658720479775908,0.00986490146231607,0.0993222103173106,0.0975236106349689,0.98189126403253,0.0993144621628395,0.9474,0.0818,0.00387579050001416,NA,0.0818,28,28,0,28,28,0,0,0.0356380000000077,"broad",NA,NA,30,20,10,14814,152,"independent",0,"negative",0.488871532636695,0.24849709042866,0.0593117249502102,17781.4583789843,19.8026188588779,9.87847330274547,17.6649318595751,0.00022495342703316,0.0149984474874288,"ok"
38,"broad",0.05,"che_rve",NA,NA,5000,5000,0,0,0,0.050620639187292,0.000620639187291987,0.00986474147933265,0.0993214049403886,0.0971878397969552,0.978518576688339,0.0993134116020469,0.9516,0.0784,0.00380140605565888,NA,0.0784,18.0509332104394,18.05568311335,0.0233300028514665,17.8343202395437,18.0892518183711,0,0,0.424729999999953,"broad",NA,NA,30,20,10,14814,152,"independent",0,"negative",0.488871532636695,0.24849709042866,0.0593117249502102,17781.4583789843,19.8026188588779,9.87847330274547,17.6649318595751,0.00022495342703316,0.0149984474874288,"ok"
38,"broad",0.05,"mlma",NA,NA,5000,5000,0,0,0,0.0506205996646246,0.000620599664624556,0.00986417975163997,0.0993185770721669,0.0975867382493059,0.982562790628759,0.0993105838248541,0.9402,0.0976,0.00419700464617327,NA,0.0976,NA,NA,NA,NA,NA,0,0,0.352116,"broad",NA,NA,30,20,10,14814,152,"independent",0,"negative",0.488871532636695,0.24849709042866,0.0593117249502102,17781.4583789843,19.8026188588779,9.87847330274547,17.6649318595751,0.00022495342703316,0.0149984474874288,"ok"
38,"broad",0.05,"mlma_cr2",NA,NA,5000,5000,0,0,0,0.0506205996646246,0.000620599664624556,0.00986417975163997,0.0993185770721669,0.0971889033256064,0.978557146010931,0.0993105838248541,0.9516,0.0784,0.00380140605565888,NA,0.0784,18.042591618874,18.0477545279426,0.0253508375787255,17.8064034769849,18.0861550206692,0,0,0.375563999999987,"broad",NA,NA,30,20,10,14814,152,"independent",0,"negative",0.488871532636695,0.24849709042866,0.0593117249502102,17781.4583789843,19.8026188588779,9.87847330274547,17.6649318595751,0.00022495342703316,0.0149984474874288,"ok"
38,"broad",0.1,"aggregate_hksj",NA,NA,5000,5000,0,0,0,0.100658720479776,0.000658720479775901,0.00986490146231607,0.0993222103173106,0.0975236106349689,0.98189126403253,0.0993144621628395,0.9474,0.1722,0.00533942244067652,NA,0.1722,28,28,0,28,28,0,0,0.035787999999999,"broad",NA,NA,30,20,10,14814,152,"independent",0,"negative",0.488871532636695,0.24849709042866,0.0593117249502102,17781.4583789843,19.8026188588779,9.87847330274547,17.6649318595751,0.00022495342703316,0.0149984474874288,"ok"
38,"broad",0.1,"che_rve",NA,NA,5000,5000,0,0,0,0.100620639187215,0.000620639187215416,0.00986474147931921,0.099321404940321,0.0971878397969772,0.978518576689227,0.0993134116019788,0.9516,0.165,0.00524928566568824,NA,0.165,18.050933210457,18.0556831133584,0.023330002826328,17.8343202401386,18.089251818383,0,0,0.426783999999999,"broad",NA,NA,30,20,10,14814,152,"independent",0,"negative",0.488871532636695,0.24849709042866,0.0593117249502102,17781.4583789843,19.8026188588779,9.87847330274547,17.6649318595751,0.00022495342703316,0.0149984474874288,"ok"
38,"broad",0.1,"mlma",NA,NA,5000,5000,0,0,0,0.100620599668456,0.000620599668455887,0.00986417975258623,0.0993185770769307,0.097586738094274,0.982562789020676,0.0993105838296412,0.9402,0.195,0.00560312412855543,NA,0.195,NA,NA,NA,NA,NA,0,0,0.351695999999993,"broad",NA,NA,30,20,10,14814,152,"independent",0,"negative",0.488871532636695,0.24849709042866,0.0593117249502102,17781.4583789843,19.8026188588779,9.87847330274547,17.6649318595751,0.00022495342703316,0.0149984474874288,"ok"
38,"broad",0.1,"mlma_cr2",NA,NA,5000,5000,0,0,0,0.100620599668456,0.000620599668455887,0.00986417975258623,0.0993185770769307,0.0971889033236638,0.978557145944436,0.0993105838296412,0.9516,0.1652,0.00525183701194163,NA,0.1652,18.0425916187693,18.0477545278306,0.0253508374812307,17.8064034771486,18.0861550206712,0,0,0.37474200000002,"broad",NA,NA,30,20,10,14814,152,"independent",0,"negative",0.488871532636695,0.24849709042866,0.0593117249502102,17781.4583789843,19.8026188588779,9.87847330274547,17.6649318595751,0.00022495342703316,0.0149984474874288,"ok"
38,"broad",0.2,"aggregate_hksj",NA,NA,5000,5000,0,0,0,0.200658720479776,0.000658720479775915,0.00986490146231607,0.0993222103173106,0.0975236106349689,0.98189126403253,0.0993144621628395,0.9474,0.4984,0.0070710316079056,NA,0.4984,28,28,0,28,28,0,0,0.0362159999999327,"broad",NA,NA,30,20,10,14814,152,"independent",0,"negative",0.488871532636695,0.24849709042866,0.0593117249502102,17781.4583789843,19.8026188588779,9.87847330274547,17.6649318595751,0.00022495342703316,0.0149984474874288,"ok"
38,"broad",0.2,"che_rve",NA,NA,5000,5000,0,0,0,0.200620639188199,0.000620639188198491,0.00986474147866289,0.0993214049370169,0.0971878397964897,0.97851857671687,0.0993134115986813,0.9516,0.4906,0.00706981810232767,NA,0.4906,18.0509332104919,18.0556831133776,0.0233300028191099,17.8343202379979,18.0892518183478,0,0,0.425804000000014,"broad",NA,NA,30,20,10,14814,152,"independent",0,"negative",0.488871532636695,0.24849709042866,0.0593117249502102,17781.4583789843,19.8026188588779,9.87847330274547,17.6649318595751,0.00022495342703316,0.0149984474874288,"ok"
38,"broad",0.2,"mlma",NA,NA,5000,5000,0,0,0,0.200620599666225,0.00062059966622538,0.00986417975158701,0.0993185770719003,0.0975867382414366,0.982562790552164,0.0993105838245975,0.9402,0.5306,0.00705781325907678,NA,0.5306,NA,NA,NA,NA,NA,0,0,0.35294800000003,"broad",NA,NA,30,20,10,14814,152,"independent",0,"negative",0.488871532636695,0.24849709042866,0.0593117249502102,17781.4583789843,19.8026188588779,9.87847330274547,17.6649318595751,0.00022495342703316,0.0149984474874288,"ok"
38,"broad",0.2,"mlma_cr2",NA,NA,5000,5000,0,0,0,0.200620599666225,0.00062059966622538,0.00986417975158701,0.0993185770719003,0.0971889033258117,0.978557146015625,0.0993105838245975,0.9516,0.4904,0.00706976435250851,NA,0.4904,18.042591618848,18.0477545278265,0.0253508376183494,17.8064034770893,18.0861550206481,0,0,0.376281999999996,"broad",NA,NA,30,20,10,14814,152,"independent",0,"negative",0.488871532636695,0.24849709042866,0.0593117249502102,17781.4583789843,19.8026188588779,9.87847330274547,17.6649318595751,0.00022495342703316,0.0149984474874288,"ok"
39,"broad",0,"aggregate_hksj",NA,NA,5000,5000,0,0,0,-0.000477158412035226,-0.000477158412035226,0.00147939971690171,0.0384629655240168,0.0382397663717579,0.994197037352215,0.0384620789493821,0.9478,0.0522,0.00314563697841947,0.0522,NA,94,94,0,94,94,0,0,0.0878059999999619,"broad",NA,NA,96,56,40,38580,257,"n_minority",0.653453153841401,"negative",0.286948142386973,0.174278220593988,0.0707818103544996,51496.4121949298,55.8507370782989,39.7907054928346,84.1241800962185,7.76753142502193e-05,0.00881335998641944,"ok"
39,"broad",0,"che_rve",NA,NA,5000,5000,0,0,0,-0.000487534444216608,-0.000487534444216608,0.00147656112387003,0.0384260474661399,0.0383336291298275,0.997594903915273,0.0384252976758744,0.9476,0.0524,0.00315132480077824,0.0524,NA,83.1043800486357,83.1337748446706,0.238425697918382,81.8785368118693,83.7222929609971,0,0,0.486532000000092,"broad",NA,NA,96,56,40,38580,257,"n_minority",0.653453153841401,"negative",0.286948142386973,0.174278220593988,0.0707818103544996,51496.4121949298,55.8507370782989,39.7907054928346,84.1241800962185,7.76753142502193e-05,0.00881335998641944,"ok"
39,"broad",0,"mlma",NA,NA,5000,5000,0,0,0,-0.000488788171083096,-0.000488788171083096,0.00147656663403397,0.0384261191643649,0.0383384689672239,0.997718994292238,0.0384253852886781,0.9456,0.0544,0.0032075111847038,0.0544,NA,NA,NA,NA,NA,NA,0,0,0.283914000000038,"broad",NA,NA,96,56,40,38580,257,"n_minority",0.653453153841401,"negative",0.286948142386973,0.174278220593988,0.0707818103544996,51496.4121949298,55.8507370782989,39.7907054928346,84.1241800962185,7.76753142502193e-05,0.00881335998641944,"ok"
39,"broad",0,"mlma_cr2",NA,NA,5000,5000,0,0,0,-0.000488788171083096,-0.000488788171083096,0.00147656663403397,0.0384261191643649,0.0383337260046681,0.997595563598249,0.0384253852886781,0.9476,0.0524,0.00315132480077824,0.0524,NA,83.077444415957,83.1064448438295,0.241930147871001,81.8551954431476,83.7027588384879,0,0,0.342917999999959,"broad",NA,NA,96,56,40,38580,257,"n_minority",0.653453153841401,"negative",0.286948142386973,0.174278220593988,0.0707818103544996,51496.4121949298,55.8507370782989,39.7907054928346,84.1241800962185,7.76753142502193e-05,0.00881335998641944,"ok"
39,"broad",0.05,"aggregate_hksj",NA,NA,5000,5000,0,0,0,0.0495228415879648,-0.000477158412035231,0.00147939971690171,0.0384629655240168,0.0382397663717579,0.994197037352215,0.0384620789493821,0.9478,0.2512,0.0061334910124659,NA,0.2512,94,94,0,94,94,0,0,0.087813999999981,"broad",NA,NA,96,56,40,38580,257,"n_minority",0.653453153841401,"negative",0.286948142386973,0.174278220593988,0.0707818103544996,51496.4121949298,55.8507370782989,39.7907054928346,84.1241800962185,7.76753142502193e-05,0.00881335998641944,"ok"
39,"broad",0.05,"che_rve",NA,NA,5000,5000,0,0,0,0.0495124655557251,-0.000487534444274892,0.00147656112386139,0.0384260474660274,0.0383336291298722,0.997594903919355,0.0384252976757627,0.9476,0.247,0.00609903271019266,NA,0.247,83.1043800486785,83.1337748434827,0.238425697855444,81.878536811828,83.7222929611369,0,0,0.48591199999988,"broad",NA,NA,96,56,40,38580,257,"n_minority",0.653453153841401,"negative",0.286948142386973,0.174278220593988,0.0707818103544996,51496.4121949298,55.8507370782989,39.7907054928346,84.1241800962185,7.76753142502193e-05,0.00881335998641944,"ok"
39,"broad",0.05,"mlma",NA,NA,5000,5000,0,0,0,0.0495112118289927,-0.000488788171007337,0.0014765666341293,0.0384261191656053,0.0383384689635128,0.997718994163454,0.0384253852899173,0.9456,0.257,0.00617982200390917,NA,0.257,NA,NA,NA,NA,NA,0,0,0.284861999999998,"broad",NA,NA,96,56,40,38580,257,"n_minority",0.653453153841401,"negative",0.286948142386973,0.174278220593988,0.0707818103544996,51496.4121949298,55.8507370782989,39.7907054928346,84.1241800962185,7.76753142502193e-05,0.00881335998641944,"ok"
39,"broad",0.05,"mlma_cr2",NA,NA,5000,5000,0,0,0,0.0495112118289927,-0.000488788171007337,0.0014765666341293,0.0384261191656053,0.0383337260047188,0.997595563567364,0.0384253852899173,0.9476,0.2468,0.0060973725488935,NA,0.2468,83.0774444160255,83.1064448436042,0.241930147574372,81.855195445206,83.7027588354018,0,0,0.343552000000022,"broad",NA,NA,96,56,40,38580,257,"n_minority",0.653453153841401,"negative",0.286948142386973,0.174278220593988,0.0707818103544996,51496.4121949298,55.8507370782989,39.7907054928346,84.1241800962185,7.76753142502193e-05,0.00881335998641944,"ok"
39,"broad",0.1,"aggregate_hksj",NA,NA,5000,5000,0,0,0,0.0995228415879648,-0.000477158412035231,0.00147939971690171,0.0384629655240168,0.0382397663717579,0.994197037352215,0.0384620789493821,0.9478,0.7322,0.00626231842052127,NA,0.7322,94,94,0,94,94,0,0,0.0883320000000211,"broad",NA,NA,96,56,40,38580,257,"n_minority",0.653453153841401,"negative",0.286948142386973,0.174278220593988,0.0707818103544996,51496.4121949298,55.8507370782989,39.7907054928346,84.1241800962185,7.76753142502193e-05,0.00881335998641944,"ok"
39,"broad",0.1,"che_rve",NA,NA,5000,5000,0,0,0,0.0995124655548369,-0.000487534445163085,0.00147656112383735,0.0384260474657146,0.0383336291298708,0.997594903927439,0.0384252976754612,0.9476,0.7266,0.00630321251426604,NA,0.7266,83.1043800491999,83.1337748426653,0.238425698446774,81.8785368126753,83.7222929604104,0,0,0.485482000000047,"broad",NA,NA,96,56,40,38580,257,"n_minority",0.653453153841401,"negative",0.286948142386973,0.174278220593988,0.0707818103544996,51496.4121949298,55.8507370782989,39.7907054928346,84.1241800962185,7.76753142502193e-05,0.00881335998641944,"ok"
39,"broad",0.1,"mlma",NA,NA,5000,5000,0,0,0,0.0995112118290433,-0.000488788170956683,0.00147656663402768,0.038426119164283,0.038338468966873,0.997718994285236,0.0384253852885946,0.9456,0.7392,0.00620940190356527,NA,0.7392,NA,NA,NA,NA,NA,0,0,0.282686000000052,"broad",NA,NA,96,56,40,38580,257,"n_minority",0.653453153841401,"negative",0.286948142386973,0.174278220593988,0.0707818103544996,51496.4121949298,55.8507370782989,39.7907054928346,84.1241800962185,7.76753142502193e-05,0.00881335998641944,"ok"
39,"broad",0.1,"mlma_cr2",NA,NA,5000,5000,0,0,0,0.0995112118290433,-0.000488788170956683,0.00147656663402768,0.038426119164283,0.0383337260046591,0.997595563600141,0.0384253852885946,0.9476,0.7264,0.00630464971271204,NA,0.7264,83.0774444160037,83.1064448448166,0.241930147755352,81.8551954390488,83.7027588364055,0,0,0.341750000000033,"broad",NA,NA,96,56,40,38580,257,"n_minority",0.653453153841401,"negative",0.286948142386973,0.174278220593988,0.0707818103544996,51496.4121949298,55.8507370782989,39.7907054928346,84.1241800962185,7.76753142502193e-05,0.00881335998641944,"ok"
39,"broad",0.2,"aggregate_hksj",NA,NA,5000,5000,0,0,0,0.199522841587965,-0.000477158412035217,0.00147939971690171,0.0384629655240168,0.0382397663717579,0.994197037352214,0.0384620789493821,0.9478,0.9998,0.000199979998999889,NA,0.9998,94,94,0,94,94,0,0,0.0879120000000184,"broad",NA,NA,96,56,40,38580,257,"n_minority",0.653453153841401,"negative",0.286948142386973,0.174278220593988,0.0707818103544996,51496.4121949298,55.8507370782989,39.7907054928346,84.1241800962185,7.76753142502193e-05,0.00881335998641944,"ok"
39,"broad",0.2,"che_rve",NA,NA,5000,5000,0,0,0,0.199512465554826,-0.000487534445173632,0.00147656112383838,0.038426047465728,0.0383336291298462,0.997594903926452,0.0384252976754747,0.9476,0.9998,0.000199979998999889,NA,0.9998,83.1043800492138,83.1337748443119,0.23842569838254,81.8785368135572,83.722292961228,0,0,0.483300000000013,"broad",NA,NA,96,56,40,38580,257,"n_minority",0.653453153841401,"negative",0.286948142386973,0.174278220593988,0.0707818103544996,51496.4121949298,55.8507370782989,39.7907054928346,84.1241800962185,7.76753142502193e-05,0.00881335998641944,"ok"
39,"broad",0.2,"mlma",NA,NA,5000,5000,0,0,0,0.199511211828555,-0.00048878817144471,0.00147656663409952,0.0384261191652178,0.0383384689706781,0.997718994359984,0.0384253852895354,0.9456,0.9998,0.000199979998999889,NA,0.9998,NA,NA,NA,NA,NA,0,0,0.284312000000043,"broad",NA,NA,96,56,40,38580,257,"n_minority",0.653453153841401,"negative",0.286948142386973,0.174278220593988,0.0707818103544996,51496.4121949298,55.8507370782989,39.7907054928346,84.1241800962185,7.76753142502193e-05,0.00881335998641944,"ok"
39,"broad",0.2,"mlma_cr2",NA,NA,5000,5000,0,0,0,0.199511211828555,-0.00048878817144471,0.00147656663409952,0.0384261191652178,0.0383337260046107,0.997595563574611,0.0384253852895354,0.9476,0.9998,0.000199979998999889,NA,0.9998,83.0774444162414,83.1064448466142,0.241930148228008,81.8551954398018,83.7027588359236,0,0,0.34307200000001,"broad",NA,NA,96,56,40,38580,257,"n_minority",0.653453153841401,"negative",0.286948142386973,0.174278220593988,0.0707818103544996,51496.4121949298,55.8507370782989,39.7907054928346,84.1241800962185,7.76753142502193e-05,0.00881335998641944,"ok"
40,"broad",0,"aggregate_hksj",NA,NA,5000,5000,0,0,0,-5.57266817232907e-05,-5.57266817232907e-05,0.0101247589775688,0.100621861330273,0.0997315091656348,0.991151503730226,0.100611814073877,0.9486,0.0514,0.00312275647465504,0.0514,NA,58,58,0,58,58,0,0,0.0588519999999553,"broad",NA,NA,60,53,7,8132,350,"n_minority",0.417800639054331,"independent",0.274321816812735,0.241996149487677,0.0614221795951016,8990.10632798629,40.3170238240564,4.22279465526555,5.22030601732497,0.000444933558521767,0.021093448236876,"ok"
40,"broad",0,"che_rve",NA,NA,5000,5000,0,0,0,-6.42409348982868e-05,-6.42409348982868e-05,0.0101165781251844,0.100581201649137,0.0973782856264697,0.968155918102464,0.100571163543319,0.9506,0.0494,0.0030646252625729,0.0494,NA,7.71115790900063,7.71118686395136,0.00396683304314816,7.69830911192621,7.72186920047435,0,0,0.533878000000026,"broad",NA,NA,60,53,7,8132,350,"n_minority",0.417800639054331,"independent",0.274321816812735,0.241996149487677,0.0614221795951016,8990.10632798629,40.3170238240564,4.22279465526555,5.22030601732497,0.000444933558521767,0.021093448236876,"ok"
40,"broad",0,"mlma",NA,NA,5000,5000,0,0,0,-8.40367597070032e-05,-8.40367597070032e-05,0.0101171437438351,0.100584013361146,0.101276090237421,1.00688058522571,0.100573989566206,0.9478,0.0522,0.00314563697841947,0.0522,NA,NA,NA,NA,NA,NA,0,0.002,0.368570000000056,"broad",NA,NA,60,53,7,8132,350,"n_minority",0.417800639054331,"independent",0.274321816812735,0.241996149487677,0.0614221795951016,8990.10632798629,40.3170238240564,4.22279465526555,5.22030601732497,0.000444933558521767,0.021093448236876,"ok"
40,"broad",0,"mlma_cr2",NA,NA,5000,5000,0,0,0,-8.40367597070032e-05,-8.40367597070032e-05,0.0101171437438351,0.100584013361146,0.0974076081539018,0.968420377144438,0.100573989566206,0.951,0.049,0.00305283474822991,0.049,NA,7.68747507523677,7.68732020111941,0.00204364524306853,7.68187356752362,7.69603304307902,0,0.002,0.410996000000098,"broad",NA,NA,60,53,7,8132,350,"n_minority",0.417800639054331,"independent",0.274321816812735,0.241996149487677,0.0614221795951016,8990.10632798629,40.3170238240564,4.22279465526555,5.22030601732497,0.000444933558521767,0.021093448236876,"ok"
40,"broad",0.05,"aggregate_hksj",NA,NA,5000,5000,0,0,0,0.0499442733182767,-5.57266817232879e-05,0.0101247589775688,0.100621861330273,0.0997315091656348,0.991151503730226,0.100611814073877,0.9486,0.0786,0.00380583867235594,NA,0.0786,58,58,0,58,58,0,0,0.0589660000000091,"broad",NA,NA,60,53,7,8132,350,"n_minority",0.417800639054331,"independent",0.274321816812735,0.241996149487677,0.0614221795951016,8990.10632798629,40.3170238240564,4.22279465526555,5.22030601732497,0.000444933558521767,0.021093448236876,"ok"
40,"broad",0.05,"che_rve",NA,NA,5000,5000,0,0,0,0.0499357590648556,-6.42409351444412e-05,0.0101165781250677,0.100581201648557,0.0973782856264348,0.968155918107705,0.100571163542739,0.9506,0.07,0.00360832371053374,NA,0.07,7.71115790899232,7.71118686393981,0.00396683305074428,7.69830911192291,7.72186920048174,0,0,0.531646000000034,"broad",NA,NA,60,53,7,8132,350,"n_minority",0.417800639054331,"independent",0.274321816812735,0.241996149487677,0.0614221795951016,8990.10632798629,40.3170238240564,4.22279465526555,5.22030601732497,0.000444933558521767,0.021093448236876,"ok"
40,"broad",0.05,"mlma",NA,NA,5000,5000,0,0,0,0.0499159632402255,-8.40367597745306e-05,0.0101171437438794,0.100584013361365,0.101276090240731,1.00688058525642,0.100573989566426,0.9478,0.0816,0.0038714710382489,NA,0.0816,NA,NA,NA,NA,NA,0,0.002,0.365811999999994,"broad",NA,NA,60,53,7,8132,350,"n_minority",0.417800639054331,"independent",0.274321816812735,0.241996149487677,0.0614221795951016,8990.10632798629,40.3170238240564,4.22279465526555,5.22030601732497,0.000444933558521767,0.021093448236876,"ok"
40,"broad",0.05,"mlma_cr2",NA,NA,5000,5000,0,0,0,0.0499159632402255,-8.40367597745306e-05,0.0101171437438794,0.100584013361365,0.0974076081540929,0.968420377144221,0.100573989566426,0.951,0.0698,0.00360355269144216,NA,0.0698,7.68747507523618,7.68732020114824,0.00204364524457805,7.68187356753162,7.69603304308418,0,0.002,0.407783999999968,"broad",NA,NA,60,53,7,8132,350,"n_minority",0.417800639054331,"independent",0.274321816812735,0.241996149487677,0.0614221795951016,8990.10632798629,40.3170238240564,4.22279465526555,5.22030601732497,0.000444933558521767,0.021093448236876,"ok"
40,"broad",0.1,"aggregate_hksj",NA,NA,5000,5000,0,0,0,0.0999442733182767,-5.57266817232949e-05,0.0101247589775688,0.100621861330273,0.0997315091656348,0.991151503730226,0.100611814073877,0.9486,0.167,0.00527467534545966,NA,0.167,58,58,0,58,58,0,0,0.0594380000000121,"broad",NA,NA,60,53,7,8132,350,"n_minority",0.417800639054331,"independent",0.274321816812735,0.241996149487677,0.0614221795951016,8990.10632798629,40.3170238240564,4.22279465526555,5.22030601732497,0.000444933558521767,0.021093448236876,"ok"
40,"broad",0.1,"che_rve",NA,NA,5000,5000,0,0,0,0.0999357590841287,-6.42409158713164e-05,0.0101165781313631,0.100581201679852,0.097378285625484,0.968155917797015,0.100571163574019,0.9506,0.1366,0.00485675694265216,NA,0.1366,7.71115790909914,7.71118686393056,0.00396683324731861,7.69830911192994,7.72186920053379,0,0,0.531357999999952,"broad",NA,NA,60,53,7,8132,350,"n_minority",0.417800639054331,"independent",0.274321816812735,0.241996149487677,0.0614221795951016,8990.10632798629,40.3170238240564,4.22279465526555,5.22030601732497,0.000444933558521767,0.021093448236876,"ok"
40,"broad",0.1,"mlma",NA,NA,5000,5000,0,0,0,0.0999159632403651,-8.40367596348784e-05,0.0101171437438157,0.100584013361049,0.101276090247973,1.00688058533158,0.10057398956611,0.9478,0.1682,0.00528977806717824,NA,0.1682,NA,NA,NA,NA,NA,0,0.002,0.367877999999927,"broad",NA,NA,60,53,7,8132,350,"n_minority",0.417800639054331,"independent",0.274321816812735,0.241996149487677,0.0614221795951016,8990.10632798629,40.3170238240564,4.22279465526555,5.22030601732497,0.000444933558521767,0.021093448236876,"ok"
40,"broad",0.1,"mlma_cr2",NA,NA,5000,5000,0,0,0,0.0999159632403651,-8.40367596348784e-05,0.0101171437438157,0.100584013361049,0.0974076081538723,0.968420377145074,0.10057398956611,0.951,0.137,0.00486273585546244,NA,0.137,7.68747507523481,7.68732020111965,0.00204364524374965,7.68187356752596,7.69603304307136,0,0.002,0.410286000000028,"broad",NA,NA,60,53,7,8132,350,"n_minority",0.417800639054331,"independent",0.274321816812735,0.241996149487677,0.0614221795951016,8990.10632798629,40.3170238240564,4.22279465526555,5.22030601732497,0.000444933558521767,0.021093448236876,"ok"
40,"broad",0.2,"aggregate_hksj",NA,NA,5000,5000,0,0,0,0.199944273318277,-5.57266817232949e-05,0.0101247589775688,0.100621861330273,0.0997315091656348,0.991151503730226,0.100611814073877,0.9486,0.4972,0.00707095693665292,NA,0.4972,58,58,0,58,58,0,0,0.0589779999999737,"broad",NA,NA,60,53,7,8132,350,"n_minority",0.417800639054331,"independent",0.274321816812735,0.241996149487677,0.0614221795951016,8990.10632798629,40.3170238240564,4.22279465526555,5.22030601732497,0.000444933558521767,0.021093448236876,"ok"
40,"broad",0.2,"che_rve",NA,NA,5000,5000,0,0,0,0.199935759074172,-6.42409258281573e-05,0.0101165781315746,0.100581201680904,0.0973782856248032,0.968155917780126,0.100571163575077,0.9506,0.408,0.00695033812127151,NA,0.408,7.71115790917669,7.71118686393591,0.00396683324479909,7.69830911193717,7.72186920045191,0,0,0.53285800000001,"broad",NA,NA,60,53,7,8132,350,"n_minority",0.417800639054331,"independent",0.274321816812735,0.241996149487677,0.0614221795951016,8990.10632798629,40.3170238240564,4.22279465526555,5.22030601732497,0.000444933558521767,0.021093448236876,"ok"
40,"broad",0.2,"mlma",NA,NA,5000,5000,0,0,0,0.199915963240411,-8.40367595885683e-05,0.010117143743895,0.100584013361443,0.101276090250352,1.00688058535129,0.100573989566503,0.9478,0.5034,0.00707090432688776,NA,0.5034,NA,NA,NA,NA,NA,0,0.002,0.366856000000107,"broad",NA,NA,60,53,7,8132,350,"n_minority",0.417800639054331,"independent",0.274321816812735,0.241996149487677,0.0614221795951016,8990.10632798629,40.3170238240564,4.22279465526555,5.22030601732497,0.000444933558521767,0.021093448236876,"ok"
40,"broad",0.2,"mlma_cr2",NA,NA,5000,5000,0,0,0,0.199915963240411,-8.40367595885683e-05,0.010117143743895,0.100584013361443,0.0974076081538535,0.968420377141093,0.100573989566503,0.951,0.4068,0.00694713984312969,NA,0.4068,7.68747507523506,7.6873202011132,0.00204364524461494,7.6818735675312,7.69603304301597,0,0.002,0.409175999999995,"broad",NA,NA,60,53,7,8132,350,"n_minority",0.417800639054331,"independent",0.274321816812735,0.241996149487677,0.0614221795951016,8990.10632798629,40.3170238240564,4.22279465526555,5.22030601732497,0.000444933558521767,0.021093448236876,"ok"
41,"broad",0,"aggregate_hksj",NA,NA,5000,4996,4,0,8e-04,-0.00115963458893504,-0.00115963458893504,0.0165233652909852,0.128543242883417,0.125673101963997,0.977671786901915,0.128535608780025,0.94595676541233,0.0540432345876701,0.00319885898964974,0.0540432345876701,NA,46,46,0,46,46,0,0,0.0514931945556318,"broad",NA,NA,48,44,4,4679,226,"n_majority",0.958990744604525,"independent",0.643864973161835,0.0403946092121769,0.121462737824477,313.395814368899,9.89347229635054,3.92,2.99367979865743,0.0127634123258953,0.112975273072895,"ok"
41,"broad",0,"che_rve",NA,NA,5000,4999,1,0,2e-04,-0.00122279224045462,-0.00122279224045462,0.0164975129524235,0.128442644602264,0.119109196940459,0.927333731793617,0.128435618154248,0.953590718143629,0.0464092818563713,0.00297537605275711,0.0464092818563713,NA,3.11012004280663,3.09847670249489,0.0335937281187936,3.07560935026267,3.26023112086907,0.385277055411082,0,0.812358471694408,"broad",NA,NA,48,44,4,4679,226,"n_majority",0.958990744604525,"independent",0.643864973161835,0.0403946092121769,0.121462737824477,313.395814368899,9.89347229635054,3.92,2.99367979865743,0.0127634123258953,0.112975273072895,"ok"
41,"broad",0,"mlma",NA,NA,5000,5000,0,0,0,-0.00102562131572255,-0.00102562131572255,0.0168804325815296,0.129924718901099,0.124065239942811,0.95490096874677,0.129915774231217,0.935,0.065,0.00348640215695206,0.065,NA,NA,NA,NA,NA,NA,0,0,0.338192000000071,"broad",NA,NA,48,44,4,4679,226,"n_majority",0.958990744604525,"independent",0.643864973161835,0.0403946092121769,0.121462737824477,313.395814368899,9.89347229635054,3.92,2.99367979865743,0.0127634123258953,0.112975273072895,"ok"
41,"broad",0,"mlma_cr2",NA,NA,5000,5000,0,0,0,-0.00102562131572255,-0.00102562131572255,0.0168804325815296,0.129924718901099,0.119259084641871,0.917909121917382,0.129915774231217,0.9564,0.0436,0.00288787257336608,0.0436,NA,2.97320194846988,2.97166287865643,0.0744125027521993,2.69431694131534,3.20923856833356,0,0,0.373490000000034,"broad",NA,NA,48,44,4,4679,226,"n_majority",0.958990744604525,"independent",0.643864973161835,0.0403946092121769,0.121462737824477,313.395814368899,9.89347229635054,3.92,2.99367979865743,0.0127634123258953,0.112975273072895,"ok"
41,"broad",0.05,"aggregate_hksj",NA,NA,5000,4996,4,0,8e-04,0.048840365411065,-0.00115963458893503,0.0165233652909852,0.128543242883417,0.125673101963997,0.977671786901915,0.128535608780025,0.94595676541233,0.0652522017614091,0.00349408604576013,NA,0.0652522017614091,46,46,0,46,46,0,0,0.0517774219375079,"broad",NA,NA,48,44,4,4679,226,"n_majority",0.958990744604525,"independent",0.643864973161835,0.0403946092121769,0.121462737824477,313.395814368899,9.89347229635054,3.92,2.99367979865743,0.0127634123258953,0.112975273072895,"ok"
41,"broad",0.05,"che_rve",NA,NA,5000,5000,0,0,0,0.0487739421314726,-0.00122605786852742,0.0164942661117927,0.128430004717716,0.119115503258089,0.927474101709333,0.12842301381165,0.9536,0.0578,0.00330027756408457,NA,0.0578,3.11011414887165,3.09843612685606,0.0335929532163921,3.07560935026592,3.26023112051984,0.3856,0,0.812190000000066,"broad",NA,NA,48,44,4,4679,226,"n_majority",0.958990744604525,"independent",0.643864973161835,0.0403946092121769,0.121462737824477,313.395814368899,9.89347229635054,3.92,2.99367979865743,0.0127634123258953,0.112975273072895,"ok"
41,"broad",0.05,"mlma",NA,NA,5000,5000,0,0,0,0.0489743786838673,-0.00102562131613266,0.0168804325811627,0.129924718899687,0.124065239943047,0.954900968758962,0.129915774229808,0.935,0.0778,0.00378806441339109,NA,0.0778,NA,NA,NA,NA,NA,0,0,0.33659599999986,"broad",NA,NA,48,44,4,4679,226,"n_majority",0.958990744604525,"independent",0.643864973161835,0.0403946092121769,0.121462737824477,313.395814368899,9.89347229635054,3.92,2.99367979865743,0.0127634123258953,0.112975273072895,"ok"
41,"broad",0.05,"mlma_cr2",NA,NA,5000,5000,0,0,0,0.0489743786838673,-0.00102562131613266,0.0168804325811627,0.129924718899687,0.119259084642487,0.917909121932106,0.129915774229808,0.9564,0.057,0.00327874976172321,NA,0.057,2.97320194846738,2.97166287835303,0.074412502756376,2.69431694131534,3.20923856831478,0,0,0.371741999999963,"broad",NA,NA,48,44,4,4679,226,"n_majority",0.958990744604525,"independent",0.643864973161835,0.0403946092121769,0.121462737824477,313.395814368899,9.89347229635054,3.92,2.99367979865743,0.0127634123258953,0.112975273072895,"ok"
41,"broad",0.1,"aggregate_hksj",NA,NA,5000,4996,4,0,8e-04,0.098840365411065,-0.00115963458893505,0.0165233652909852,0.128543242883417,0.125673101963997,0.977671786901915,0.128535608780025,0.94595676541233,0.118895116092874,0.00457914712180311,NA,0.118895116092874,46,46,0,46,46,0,0,0.051645316252945,"broad",NA,NA,48,44,4,4679,226,"n_majority",0.958990744604525,"independent",0.643864973161835,0.0403946092121769,0.121462737824477,313.395814368899,9.89347229635054,3.92,2.99367979865743,0.0127634123258953,0.112975273072895,"ok"
41,"broad",0.1,"che_rve",NA,NA,5000,5000,0,0,0,0.09877394214061,-0.00122605785939001,0.0164942661106231,0.128430004713163,0.119115503258915,0.927474101748646,0.12842301380701,0.9536,0.0866,0.0039774474226569,NA,0.0866,3.11011414896833,3.0984361267648,0.0335929531862384,3.07560935026728,3.2602311205507,0.3856,0,0.810739999999906,"broad",NA,NA,48,44,4,4679,226,"n_majority",0.958990744604525,"independent",0.643864973161835,0.0403946092121769,0.121462737824477,313.395814368899,9.89347229635054,3.92,2.99367979865743,0.0127634123258953,0.112975273072895,"ok"
41,"broad",0.1,"mlma",NA,NA,5000,5000,0,0,0,0.0989743786850369,-0.00102562131496313,0.0168804325809404,0.129924718898832,0.124065239944133,0.954900968773605,0.129915774228944,0.935,0.1366,0.00485675694265216,NA,0.1366,NA,NA,NA,NA,NA,0,0,0.336952000000089,"broad",NA,NA,48,44,4,4679,226,"n_majority",0.958990744604525,"independent",0.643864973161835,0.0403946092121769,0.121462737824477,313.395814368899,9.89347229635054,3.92,2.99367979865743,0.0127634123258953,0.112975273072895,"ok"
41,"broad",0.1,"mlma_cr2",NA,NA,5000,5000,0,0,0,0.0989743786850369,-0.00102562131496313,0.0168804325809404,0.129924718898832,0.119259084642346,0.917909121937059,0.129915774228944,0.9564,0.085,0.003943982758583,NA,0.085,2.97320194848171,2.97166287827296,0.0744125027465223,2.69431694096863,3.20923856842635,0,0,0.372066000000099,"broad",NA,NA,48,44,4,4679,226,"n_majority",0.958990744604525,"independent",0.643864973161835,0.0403946092121769,0.121462737824477,313.395814368899,9.89347229635054,3.92,2.99367979865743,0.0127634123258953,0.112975273072895,"ok"
41,"broad",0.2,"aggregate_hksj",NA,NA,5000,4996,4,0,8e-04,0.198840365411065,-0.00115963458893503,0.0165233652909852,0.128543242883417,0.125673101963997,0.977671786901915,0.128535608780025,0.94595676541233,0.334067253803042,0.00667299691729239,NA,0.334067253803042,46,46,0,46,46,0,0,0.0517273819056075,"broad",NA,NA,48,44,4,4679,226,"n_majority",0.958990744604525,"independent",0.643864973161835,0.0403946092121769,0.121462737824477,313.395814368899,9.89347229635054,3.92,2.99367979865743,0.0127634123258953,0.112975273072895,"ok"
41,"broad",0.2,"che_rve",NA,NA,5000,4999,1,0,2e-04,0.19876525691194,-0.00123474308806001,0.0164971890430786,0.128441383685628,0.119115379673784,0.927390972097671,0.128434471757951,0.953590718143629,0.200440088017604,0.00566208297920054,NA,0.200440088017604,3.11012005429528,3.09847670313241,0.0335937180535773,3.07560935026695,3.26023112086907,0.385277055411082,0,0.811304260852259,"broad",NA,NA,48,44,4,4679,226,"n_majority",0.958990744604525,"independent",0.643864973161835,0.0403946092121769,0.121462737824477,313.395814368899,9.89347229635054,3.92,2.99367979865743,0.0127634123258953,0.112975273072895,"ok"
41,"broad",0.2,"mlma",NA,NA,5000,5000,0,0,0,0.198974378686942,-0.00102562131305803,0.01688043258137,0.129924718900485,0.124065239944423,0.954900968763689,0.129915774230582,0.935,0.3642,0.00680526795945611,NA,0.3642,NA,NA,NA,NA,NA,0,0,0.33785599999991,"broad",NA,NA,48,44,4,4679,226,"n_majority",0.958990744604525,"independent",0.643864973161835,0.0403946092121769,0.121462737824477,313.395814368899,9.89347229635054,3.92,2.99367979865743,0.0127634123258953,0.112975273072895,"ok"
41,"broad",0.2,"mlma_cr2",NA,NA,5000,5000,0,0,0,0.198974378686942,-0.00102562131305803,0.01688043258137,0.129924718900485,0.119259084642146,0.917909121923843,0.129915774230582,0.9564,0.1958,0.00561181539254456,NA,0.1958,2.97320194848474,2.97166287832258,0.0744125027140999,2.69431694096863,3.20923856833086,0,0,0.37291399999987,"broad",NA,NA,48,44,4,4679,226,"n_majority",0.958990744604525,"independent",0.643864973161835,0.0403946092121769,0.121462737824477,313.395814368899,9.89347229635054,3.92,2.99367979865743,0.0127634123258953,0.112975273072895,"ok"
42,"broad",0,"aggregate_hksj",NA,NA,5000,5000,0,0,0,-0.000636373841921481,-0.000636373841921481,0.0117974911367087,0.108616256318788,0.10652891232878,0.980782397950801,0.108607258551849,0.945,0.055,0.0032241277890307,0.055,NA,22,22,0,22,22,0,0,0.0325299999999173,"broad",NA,NA,24,18,6,2868,131,"n_minority",0.408140703479439,"negative",0.292788978281897,0.207262940041488,0.0492448356668465,3053.60455422842,12.4961440773313,3.14596361457417,4.60444897673293,0.00130992731015582,0.0361929179558076,"ok"
42,"broad",0,"che_rve",NA,NA,5000,5000,0,0,0,-0.00055291362821053,-0.00055291362821053,0.0116422791198245,0.107899393509994,0.106104647332364,0.983366485026038,0.107890019823341,0.9534,0.0466,0.00298088711627931,0.0466,NA,8.41008022334006,8.44447190326378,0.128430630693144,6.97643618171279,8.58593810651049,0,0.1762,0.498841999999847,"broad",NA,NA,24,18,6,2868,131,"n_minority",0.408140703479439,"negative",0.292788978281897,0.207262940041488,0.0492448356668465,3053.60455422842,12.4961440773313,3.14596361457417,4.60444897673293,0.00130992731015582,0.0361929179558076,"ok"
42,"broad",0,"mlma",NA,NA,5000,4994,6,0,0.0012,-0.000449568425398232,-0.000449568425398232,0.0117463861489137,0.108380746209434,0.108336754792429,0.999594103025272,0.108370827075064,0.938926712054465,0.0610732879455346,0.00338857598788667,0.0610732879455346,NA,NA,NA,NA,NA,NA,0,0.780536643972767,0.904833800560616,"broad",NA,NA,24,18,6,2868,131,"n_minority",0.408140703479439,"negative",0.292788978281897,0.207262940041488,0.0492448356668465,3053.60455422842,12.4961440773313,3.14596361457417,4.60444897673293,0.00130992731015582,0.0361929179558076,"ok"
42,"broad",0,"mlma_cr2",NA,NA,5000,4994,6,0,0.0012,-0.000449568425398232,-0.000449568425398232,0.0117463861489137,0.108380746209434,0.106896379248662,0.986304145222408,0.108370827075064,0.952142571085302,0.0478574289146976,0.00302065693591043,0.0478574289146976,NA,8.6001594501762,8.60349745925213,0.0103642734239237,8.41074548890678,8.60811382194212,0,0.780536643972767,0.924735682819489,"broad",NA,NA,24,18,6,2868,131,"n_minority",0.408140703479439,"negative",0.292788978281897,0.207262940041488,0.0492448356668465,3053.60455422842,12.4961440773313,3.14596361457417,4.60444897673293,0.00130992731015582,0.0361929179558076,"ok"
42,"broad",0.05,"aggregate_hksj",NA,NA,5000,5000,0,0,0,0.0493636261580785,-0.00063637384192148,0.0117974911367087,0.108616256318788,0.10652891232878,0.980782397950801,0.108607258551849,0.945,0.0734,0.00368815509435273,NA,0.0734,22,22,0,22,22,0,0,0.0322440000000701,"broad",NA,NA,24,18,6,2868,131,"n_minority",0.408140703479439,"negative",0.292788978281897,0.207262940041488,0.0492448356668465,3053.60455422842,12.4961440773313,3.14596361457417,4.60444897673293,0.00130992731015582,0.0361929179558076,"ok"
42,"broad",0.05,"che_rve",NA,NA,5000,4999,1,0,2e-04,0.0494587289269683,-0.000541271073031736,0.0116439306260934,0.107907046230047,0.106100758811089,0.983260709267247,0.107897610485554,0.953390678135627,0.0634126825365073,0.00344683608281604,NA,0.0634126825365073,8.41005038052536,8.4444579585898,0.128426139274092,6.97643618623506,8.58593810476486,0,0.176035207041408,0.498467693538666,"broad",NA,NA,24,18,6,2868,131,"n_minority",0.408140703479439,"negative",0.292788978281897,0.207262940041488,0.0492448356668465,3053.60455422842,12.4961440773313,3.14596361457417,4.60444897673293,0.00130992731015582,0.0361929179558076,"ok"
42,"broad",0.05,"mlma",NA,NA,5000,4993,7,0,0.0014,0.0495064263145707,-0.000493573685429342,0.011725219653323,0.108283053398595,0.108338784170605,1.00051467676853,0.108273334375141,0.938914480272381,0.0859202884037653,0.00396605849135075,NA,0.0859202884037653,NA,NA,NA,NA,NA,0,0.780492689765672,0.907614660524834,"broad",NA,NA,24,18,6,2868,131,"n_minority",0.408140703479439,"negative",0.292788978281897,0.207262940041488,0.0492448356668465,3053.60455422842,12.4961440773313,3.14596361457417,4.60444897673293,0.00130992731015582,0.0361929179558076,"ok"
42,"broad",0.05,"mlma_cr2",NA,NA,5000,4993,7,0,0.0014,0.0495064263145707,-0.000493573685429342,0.011725219653323,0.108283053398595,0.106890996979494,0.987144281811325,0.108273334375141,0.952132986180653,0.0654916883637092,0.00350109499391476,NA,0.0654916883637092,8.60015890766942,8.60349878689492,0.0103652549579566,8.41074548575099,8.6081138219427,0,0.780492689765672,0.927660725015044,"broad",NA,NA,24,18,6,2868,131,"n_minority",0.408140703479439,"negative",0.292788978281897,0.207262940041488,0.0492448356668465,3053.60455422842,12.4961440773313,3.14596361457417,4.60444897673293,0.00130992731015582,0.0361929179558076,"ok"
42,"broad",0.1,"aggregate_hksj",NA,NA,5000,5000,0,0,0,0.0993636261580785,-0.000636373841921486,0.0117974911367087,0.108616256318788,0.10652891232878,0.980782397950801,0.108607258551849,0.945,0.1456,0.0049879983961505,NA,0.1456,22,22,0,22,22,0,0,0.0324519999998534,"broad",NA,NA,24,18,6,2868,131,"n_minority",0.408140703479439,"negative",0.292788978281897,0.207262940041488,0.0492448356668465,3053.60455422842,12.4961440773313,3.14596361457417,4.60444897673293,0.00130992731015582,0.0361929179558076,"ok"
42,"broad",0.1,"che_rve",NA,NA,5000,4999,1,0,2e-04,0.0994455477584653,-0.00055445224153472,0.011644596667576,0.107910132367521,0.106099619880206,0.98322203441333,0.107900763202368,0.953390678135627,0.122224444888978,0.0046326470053056,NA,0.122224444888978,8.41004920331966,8.44445795860744,0.128424744151385,6.97643618112418,8.58593810556463,0,0.176035207041408,0.499119823964739,"broad",NA,NA,24,18,6,2868,131,"n_minority",0.408140703479439,"negative",0.292788978281897,0.207262940041488,0.0492448356668465,3053.60455422842,12.4961440773313,3.14596361457417,4.60444897673293,0.00130992731015582,0.0361929179558076,"ok"
42,"broad",0.1,"mlma",NA,NA,5000,4997,3,0,6e-04,0.0995027219297964,-0.000497278070203597,0.0117450192844527,0.108374440180573,0.108341359589913,0.999694756525571,0.108364736680465,0.938963378026816,0.158895337202321,0.00517161185173669,NA,0.158895337202321,NA,NA,NA,NA,NA,0,0.780668401040624,0.906776065639457,"broad",NA,NA,24,18,6,2868,131,"n_minority",0.408140703479439,"negative",0.292788978281897,0.207262940041488,0.0492448356668465,3053.60455422842,12.4961440773313,3.14596361457417,4.60444897673293,0.00130992731015582,0.0361929179558076,"ok"
42,"broad",0.1,"mlma_cr2",NA,NA,5000,4997,3,0,6e-04,0.0995027219297964,-0.000497278070203597,0.0117450192844527,0.108374440180573,0.106890594018127,0.986308153841685,0.108364736680465,0.952171302781669,0.11847108264959,0.00457161643745355,NA,0.11847108264959,8.60016225964307,8.60349878689384,0.0103619415629278,8.41074548692128,8.60811382194228,0,0.780668401040624,0.926918150890458,"broad",NA,NA,24,18,6,2868,131,"n_minority",0.408140703479439,"negative",0.292788978281897,0.207262940041488,0.0492448356668465,3053.60455422842,12.4961440773313,3.14596361457417,4.60444897673293,0.00130992731015582,0.0361929179558076,"ok"
42,"broad",0.2,"aggregate_hksj",NA,NA,5000,5000,0,0,0,0.199363626158079,-0.000636373841921473,0.0117974911367087,0.108616256318788,0.10652891232878,0.980782397950801,0.108607258551849,0.945,0.4262,0.00699361937768992,NA,0.4262,22,22,0,22,22,0,0,0.0323220000001602,"broad",NA,NA,24,18,6,2868,131,"n_minority",0.408140703479439,"negative",0.292788978281897,0.207262940041488,0.0492448356668465,3053.60455422842,12.4961440773313,3.14596361457417,4.60444897673293,0.00130992731015582,0.0361929179558076,"ok"
42,"broad",0.2,"che_rve",NA,NA,5000,4999,1,0,2e-04,0.199448138675996,-0.000551861324003755,0.011644602969197,0.107910161565985,0.106109771839272,0.98331584625038,0.107900779115106,0.953390678135627,0.358071614322865,0.00678088952574576,NA,0.358071614322865,8.4101621016138,8.44448584818435,0.128312898900863,6.97643619179757,8.58593810458572,0,0.176035207041408,0.496533306661626,"broad",NA,NA,24,18,6,2868,131,"n_minority",0.408140703479439,"negative",0.292788978281897,0.207262940041488,0.0492448356668465,3053.60455422842,12.4961440773313,3.14596361457417,4.60444897673293,0.00130992731015582,0.0361929179558076,"ok"
42,"broad",0.2,"mlma",NA,NA,5000,4996,4,0,8e-04,0.199560975447156,-0.000439024552843781,0.0117442143983761,0.108370726667196,0.108334158990761,0.999662568688428,0.108360769734603,0.938951160928743,0.452762209767814,0.00704225765995219,NA,0.452762209767814,NA,NA,NA,NA,NA,0,0.78062449959968,0.9051521216972,"broad",NA,NA,24,18,6,2868,131,"n_minority",0.408140703479439,"negative",0.292788978281897,0.207262940041488,0.0492448356668465,3053.60455422842,12.4961440773313,3.14596361457417,4.60444897673293,0.00130992731015582,0.0361929179558076,"ok"
42,"broad",0.2,"mlma_cr2",NA,NA,5000,4996,4,0,8e-04,0.199560975447156,-0.000439024552843781,0.0117442143983761,0.108370726667196,0.106876987953795,0.986216400320098,0.108360769734603,0.952161729383507,0.355884707766213,0.00677368900962491,NA,0.355884707766213,8.6001608226579,8.60349745925143,0.0103624779314118,8.4107454821942,8.60811382194207,0,0.78062449959968,0.925040032025236,"broad",NA,NA,24,18,6,2868,131,"n_minority",0.408140703479439,"negative",0.292788978281897,0.207262940041488,0.0492448356668465,3053.60455422842,12.4961440773313,3.14596361457417,4.60444897673293,0.00130992731015582,0.0361929179558076,"ok"
43,"broad",0,"aggregate_hksj",NA,NA,5000,4998,2,0,4e-04,-0.000449569940054861,-0.000449569940054861,0.000502007547788645,0.0224055249389218,0.0217324594579406,0.969959843261163,0.0224077937163259,0.945578231292517,0.054421768707483,0.0032087577674562,0.054421768707483,NA,28,28,0,28,28,0,0,0.0341376550622221,"broad",NA,NA,30,17,13,11839,225,"nk_minority",0.80417313663027,"positive",0.128321844791062,0.033191065131221,0.107813337115222,16602.1667401102,13.2003496868931,8.55078509849028,18.7262738520267,0.000240932407354768,0.0155219975310772,"ok"
43,"broad",0,"che_rve",NA,NA,5000,5000,0,0,0,-0.000452205078985138,-0.000452205078985138,0.000499042144350932,0.0223392512038997,0.0219355206259605,0.981927300326493,0.0223415940647824,0.9506,0.0494,0.0030646252625729,0.0494,NA,25.7446308059895,25.9837450913694,0.869417567470973,23.2670193041458,26.9223124673604,0.1038,0,0.454148000000149,"broad",NA,NA,30,17,13,11839,225,"nk_minority",0.80417313663027,"positive",0.128321844791062,0.033191065131221,0.107813337115222,16602.1667401102,13.2003496868931,8.55078509849028,18.7262738520267,0.000240932407354768,0.0155219975310772,"ok"
43,"broad",0,"mlma",NA,NA,5000,5000,0,0,0,-0.000455995302547165,-0.000455995302547165,0.000499259693762847,0.0223441198923307,0.0219600705033559,0.982812060138175,0.0223465382898569,0.9396,0.0604,0.00336903072114221,0.0604,NA,NA,NA,NA,NA,NA,0.0432,0,0.314033999999753,"broad",NA,NA,30,17,13,11839,225,"nk_minority",0.80417313663027,"positive",0.128321844791062,0.033191065131221,0.107813337115222,16602.1667401102,13.2003496868931,8.55078509849028,18.7262738520267,0.000240932407354768,0.0155219975310772,"ok"
43,"broad",0,"mlma_cr2",NA,NA,5000,5000,0,0,0,-0.000455995302547165,-0.000455995302547165,0.000499259693762847,0.0223441198923307,0.0219856516593307,0.983956932082026,0.0223465382898569,0.951,0.049,0.00305283474822991,0.049,NA,26.3365185981996,26.5638075436738,0.629477009750263,23.8393549311382,26.9371312500347,0.0432,0,0.337405999999699,"broad",NA,NA,30,17,13,11839,225,"nk_minority",0.80417313663027,"positive",0.128321844791062,0.033191065131221,0.107813337115222,16602.1667401102,13.2003496868931,8.55078509849028,18.7262738520267,0.000240932407354768,0.0155219975310772,"ok"
43,"broad",0.05,"aggregate_hksj",NA,NA,5000,4998,2,0,4e-04,0.0495504300599451,-0.000449569940054864,0.000502007547788645,0.0224055249389218,0.0217324594579406,0.969959843261163,0.0224077937163259,0.945578231292517,0.593037214885954,0.00694896615198877,NA,0.593037214885954,28,28,0,28,28,0,0,0.0341436574628109,"broad",NA,NA,30,17,13,11839,225,"nk_minority",0.80417313663027,"positive",0.128321844791062,0.033191065131221,0.107813337115222,16602.1667401102,13.2003496868931,8.55078509849028,18.7262738520267,0.000240932407354768,0.0155219975310772,"ok"
43,"broad",0.05,"che_rve",NA,NA,5000,5000,0,0,0,0.0495477949205526,-0.000452205079447411,0.000499042144376951,0.022339251204482,0.0219355206260783,0.981927300306165,0.022341594065374,0.9506,0.5862,0.00696519289036564,NA,0.5862,25.7446308074558,25.9837450856252,0.869417565808133,23.2670193044025,26.9223124674404,0.1038,0,0.45302600000026,"broad",NA,NA,30,17,13,11839,225,"nk_minority",0.80417313663027,"positive",0.128321844791062,0.033191065131221,0.107813337115222,16602.1667401102,13.2003496868931,8.55078509849028,18.7262738520267,0.000240932407354768,0.0155219975310772,"ok"
43,"broad",0.05,"mlma",NA,NA,5000,5000,0,0,0,0.0495440046960277,-0.000455995303972334,0.000499259693739498,0.0223441198918082,0.0219600704995486,0.982812059990765,0.0223465382893636,0.9396,0.6196,0.00686579696757776,NA,0.6196,NA,NA,NA,NA,NA,0.0432,0,0.31392000000007,"broad",NA,NA,30,17,13,11839,225,"nk_minority",0.80417313663027,"positive",0.128321844791062,0.033191065131221,0.107813337115222,16602.1667401102,13.2003496868931,8.55078509849028,18.7262738520267,0.000240932407354768,0.0155219975310772,"ok"
43,"broad",0.05,"mlma_cr2",NA,NA,5000,5000,0,0,0,0.0495440046960277,-0.000455995303972334,0.000499259693739498,0.0223441198918082,0.0219856516589498,0.983956932087991,0.0223465382893636,0.951,0.5842,0.00697008407409839,NA,0.5842,26.3365185976054,26.5638075432221,0.629477009788509,23.8393549318544,26.9371312500457,0.0432,0,0.33717599999998,"broad",NA,NA,30,17,13,11839,225,"nk_minority",0.80417313663027,"positive",0.128321844791062,0.033191065131221,0.107813337115222,16602.1667401102,13.2003496868931,8.55078509849028,18.7262738520267,0.000240932407354768,0.0155219975310772,"ok"
43,"broad",0.1,"aggregate_hksj",NA,NA,5000,4998,2,0,4e-04,0.0995504300599451,-0.000449569940054864,0.000502007547788645,0.0224055249389218,0.0217324594579406,0.969959843261163,0.0224077937163259,0.945578231292517,0.990996398559424,0.00133612177921724,NA,0.990996398559424,28,28,0,28,28,0,0,0.0340296118449176,"broad",NA,NA,30,17,13,11839,225,"nk_minority",0.80417313663027,"positive",0.128321844791062,0.033191065131221,0.107813337115222,16602.1667401102,13.2003496868931,8.55078509849028,18.7262738520267,0.000240932407354768,0.0155219975310772,"ok"
43,"broad",0.1,"che_rve",NA,NA,5000,5000,0,0,0,0.0995477949210525,-0.000452205078947471,0.000499042144396896,0.0223392512049284,0.0219355206259529,0.981927300280933,0.0223415940658101,0.9506,0.9904,0.00137897353129058,NA,0.9904,25.7446308062816,25.9837450856693,0.869417567909975,23.2670193040384,26.9223124676017,0.1038,0,0.452797999999985,"broad",NA,NA,30,17,13,11839,225,"nk_minority",0.80417313663027,"positive",0.128321844791062,0.033191065131221,0.107813337115222,16602.1667401102,13.2003496868931,8.55078509849028,18.7262738520267,0.000240932407354768,0.0155219975310772,"ok"
43,"broad",0.1,"mlma",NA,NA,5000,4999,1,0,2e-04,0.0995473518779427,-0.000452648122057336,0.000499303556316148,0.0223451013941792,0.021961066384346,0.982813458616338,0.0223474509944904,0.939587917583517,0.99379875975195,0.00111031686206864,NA,0.99379875975195,NA,NA,NA,NA,NA,0.0430086017203441,0,0.315183036607483,"broad",NA,NA,30,17,13,11839,225,"nk_minority",0.80417313663027,"positive",0.128321844791062,0.033191065131221,0.107813337115222,16602.1667401102,13.2003496868931,8.55078509849028,18.7262738520267,0.000240932407354768,0.0155219975310772,"ok"
43,"broad",0.1,"mlma_cr2",NA,NA,5000,4999,1,0,2e-04,0.0995473518779427,-0.000452648122057336,0.000499303556316148,0.0223451013941792,0.0219867564274367,0.983963153246833,0.0223474509944904,0.950990198039608,0.990198039607922,0.00139340041117091,NA,0.990198039607922,26.3368682362068,26.5640706399964,0.629054233076716,23.8393549311635,26.9371312500669,0.0430086017203441,0,0.338039607921345,"broad",NA,NA,30,17,13,11839,225,"nk_minority",0.80417313663027,"positive",0.128321844791062,0.033191065131221,0.107813337115222,16602.1667401102,13.2003496868931,8.55078509849028,18.7262738520267,0.000240932407354768,0.0155219975310772,"ok"
43,"broad",0.2,"aggregate_hksj",NA,NA,5000,4998,2,0,4e-04,0.199550430059945,-0.00044956994005485,0.000502007547788645,0.0224055249389218,0.0217324594579406,0.969959843261163,0.0224077937163259,0.945578231292517,1,0,NA,1,28,28,0,28,28,0,0,0.0337895158065287,"broad",NA,NA,30,17,13,11839,225,"nk_minority",0.80417313663027,"positive",0.128321844791062,0.033191065131221,0.107813337115222,16602.1667401102,13.2003496868931,8.55078509849028,18.7262738520267,0.000240932407354768,0.0155219975310772,"ok"
43,"broad",0.2,"che_rve",NA,NA,5000,5000,0,0,0,0.199547794921562,-0.000452205078437545,0.000499042144437295,0.0223392512058326,0.0219355206259261,0.981927300239985,0.0223415940667037,0.9506,1,0,NA,1,25.7446308060315,25.9837450914953,0.869417569213679,23.2670193041592,26.9223124675831,0.1038,0,0.450905999999966,"broad",NA,NA,30,17,13,11839,225,"nk_minority",0.80417313663027,"positive",0.128321844791062,0.033191065131221,0.107813337115222,16602.1667401102,13.2003496868931,8.55078509849028,18.7262738520267,0.000240932407354768,0.0155219975310772,"ok"
43,"broad",0.2,"mlma",NA,NA,5000,4999,1,0,2e-04,0.199544930334669,-0.000455069665331126,0.00049935530075716,0.022346259211715,0.0219612346335576,0.982770065696026,0.0223486576357307,0.939587917583517,1,0,NA,1,NA,NA,NA,NA,NA,0.0430086017203441,0,0.314580916183098,"broad",NA,NA,30,17,13,11839,225,"nk_minority",0.80417313663027,"positive",0.128321844791062,0.033191065131221,0.107813337115222,16602.1667401102,13.2003496868931,8.55078509849028,18.7262738520267,0.000240932407354768,0.0155219975310772,"ok"
43,"broad",0.2,"mlma_cr2",NA,NA,5000,4999,1,0,2e-04,0.199544930334669,-0.000455069665331126,0.00049935530075716,0.022346259211715,0.0219870137640886,0.98392368744035,0.0223486576357307,0.950990198039608,1,0,NA,1,26.3369193167694,26.5640706405315,0.628901859205574,23.8393549305383,26.9371312499816,0.0430086017203441,0,0.337385477095191,"broad",NA,NA,30,17,13,11839,225,"nk_minority",0.80417313663027,"positive",0.128321844791062,0.033191065131221,0.107813337115222,16602.1667401102,13.2003496868931,8.55078509849028,18.7262738520267,0.000240932407354768,0.0155219975310772,"ok"
44,"broad",0,"aggregate_hksj",NA,NA,5000,5000,0,0,0,-0.00264158010870481,-0.00264158010870481,0.0107293642212638,0.103582644401772,0.10515753761547,1.01520421903489,0.103605966497544,0.9562,0.0438,0.00289418589589542,0.0438,NA,28,28,0,28,28,0,0,0.0351200000000012,"broad",NA,NA,30,21,9,6831,121,"n_minority",0.546283832488261,"independent",0.717263656293508,0.235035443684785,0.21995771293994,9377.10402044482,20.9017064454902,8.95961823982509,15.7620364619015,0.000426570931844078,0.0206535936786816,"ok"
44,"broad",0,"che_rve",NA,NA,5000,5000,0,0,0,-0.00264497962551007,-0.00264497962551007,0.0107265847249162,0.103569226727422,0.104530140277565,1.00927798324373,0.103592641269496,0.9578,0.0422,0.00284320804725929,0.0422,NA,15.2286011613024,15.2277461448646,0.0056940874908515,15.2155673441542,15.2789305648291,0,0,0.31437800000001,"broad",NA,NA,30,21,9,6831,121,"n_minority",0.546283832488261,"independent",0.717263656293508,0.235035443684785,0.21995771293994,9377.10402044482,20.9017064454902,8.95961823982509,15.7620364619015,0.000426570931844078,0.0206535936786816,"ok"
44,"broad",0,"mlma",NA,NA,5000,5000,0,0,0,-0.00264467256235042,-0.00264467256235042,0.0107268105687754,0.103570317025562,0.105238100127299,1.01610290621516,0.10359372326364,0.949,0.051,0.00311123769583746,0.051,NA,NA,NA,NA,NA,NA,0,0,0.263260000000008,"broad",NA,NA,30,21,9,6831,121,"n_minority",0.546283832488261,"independent",0.717263656293508,0.235035443684785,0.21995771293994,9377.10402044482,20.9017064454902,8.95961823982509,15.7620364619015,0.000426570931844078,0.0206535936786816,"ok"
44,"broad",0,"mlma_cr2",NA,NA,5000,5000,0,0,0,-0.00264467256235042,-0.00264467256235042,0.0107268105687754,0.103570317025562,0.104529338836943,1.00925962031327,0.10359372326364,0.958,0.042,0.00283675871374356,0.042,NA,15.2062497614614,15.2065983419326,0.00239453486439158,15.1911637379649,15.2141610128426,0,0,0.285278000000002,"broad",NA,NA,30,21,9,6831,121,"n_minority",0.546283832488261,"independent",0.717263656293508,0.235035443684785,0.21995771293994,9377.10402044482,20.9017064454902,8.95961823982509,15.7620364619015,0.000426570931844078,0.0206535936786816,"ok"
44,"broad",0.05,"aggregate_hksj",NA,NA,5000,5000,0,0,0,0.0473584198912952,-0.00264158010870481,0.0107293642212638,0.103582644401772,0.10515753761547,1.01520421903489,0.103605966497544,0.9562,0.0682,0.00356507391227728,NA,0.0682,28,28,0,28,28,0,0,0.035208000000016,"broad",NA,NA,30,21,9,6831,121,"n_minority",0.546283832488261,"independent",0.717263656293508,0.235035443684785,0.21995771293994,9377.10402044482,20.9017064454902,8.95961823982509,15.7620364619015,0.000426570931844078,0.0206535936786816,"ok"
44,"broad",0.05,"che_rve",NA,NA,5000,5000,0,0,0,0.0473550203744748,-0.00264497962552516,0.0107265847249463,0.103569226727568,0.104530140277556,1.00927798324222,0.103592641269642,0.9578,0.0676,0.0035504996831432,NA,0.0676,15.2286011612989,15.2277461448556,0.00569408748995,15.2155673441193,15.2789305649463,0,0,0.314448000000001,"broad",NA,NA,30,21,9,6831,121,"n_minority",0.546283832488261,"independent",0.717263656293508,0.235035443684785,0.21995771293994,9377.10402044482,20.9017064454902,8.95961823982509,15.7620364619015,0.000426570931844078,0.0206535936786816,"ok"
44,"broad",0.05,"mlma",NA,NA,5000,5000,0,0,0,0.0473553274377574,-0.00264467256224262,0.0107268105687572,0.103570317025474,0.105238100130461,1.01610290624655,0.10359372326355,0.949,0.0812,0.00386281141139456,NA,0.0812,NA,NA,NA,NA,NA,0,0,0.263511999999994,"broad",NA,NA,30,21,9,6831,121,"n_minority",0.546283832488261,"independent",0.717263656293508,0.235035443684785,0.21995771293994,9377.10402044482,20.9017064454902,8.95961823982509,15.7620364619015,0.000426570931844078,0.0206535936786816,"ok"
44,"broad",0.05,"mlma_cr2",NA,NA,5000,5000,0,0,0,0.0473553274377574,-0.00264467256224262,0.0107268105687572,0.103570317025474,0.104529338836943,1.00925962031412,0.10359372326355,0.958,0.0676,0.0035504996831432,NA,0.0676,15.2062497614613,15.2065983419328,0.00239453486007537,15.1911637379579,15.2141610129029,0,0,0.285645999999993,"broad",NA,NA,30,21,9,6831,121,"n_minority",0.546283832488261,"independent",0.717263656293508,0.235035443684785,0.21995771293994,9377.10402044482,20.9017064454902,8.95961823982509,15.7620364619015,0.000426570931844078,0.0206535936786816,"ok"
44,"broad",0.1,"aggregate_hksj",NA,NA,5000,5000,0,0,0,0.0973584198912952,-0.00264158010870481,0.0107293642212638,0.103582644401772,0.10515753761547,1.01520421903489,0.103605966497544,0.9562,0.143,0.0049507777166825,NA,0.143,28,28,0,28,28,0,0,0.0348680000000007,"broad",NA,NA,30,21,9,6831,121,"n_minority",0.546283832488261,"independent",0.717263656293508,0.235035443684785,0.21995771293994,9377.10402044482,20.9017064454902,8.95961823982509,15.7620364619015,0.000426570931844078,0.0206535936786816,"ok"
44,"broad",0.1,"che_rve",NA,NA,5000,5000,0,0,0,0.0973550203744562,-0.00264497962554383,0.0107265847249301,0.10356922672749,0.104530140277584,1.00927798324325,0.103592641269565,0.9578,0.134,0.00481755124518671,NA,0.134,15.2286011613005,15.2277461448579,0.00569408749490214,15.2155673441697,15.2789305650644,0,0,0.314026000000002,"broad",NA,NA,30,21,9,6831,121,"n_minority",0.546283832488261,"independent",0.717263656293508,0.235035443684785,0.21995771293994,9377.10402044482,20.9017064454902,8.95961823982509,15.7620364619015,0.000426570931844078,0.0206535936786816,"ok"
44,"broad",0.1,"mlma",NA,NA,5000,5000,0,0,0,0.0973553274378662,-0.0026446725621338,0.0107268105687974,0.103570317025668,0.105238100130634,1.01610290624632,0.103593723263741,0.949,0.1596,0.00517934049855771,NA,0.1596,NA,NA,NA,NA,NA,0,0,0.262662000000013,"broad",NA,NA,30,21,9,6831,121,"n_minority",0.546283832488261,"independent",0.717263656293508,0.235035443684785,0.21995771293994,9377.10402044482,20.9017064454902,8.95961823982509,15.7620364619015,0.000426570931844078,0.0206535936786816,"ok"
44,"broad",0.1,"mlma_cr2",NA,NA,5000,5000,0,0,0,0.0973553274378662,-0.0026446725621338,0.0107268105687974,0.103570317025668,0.104529338836969,1.00925962031248,0.103593723263741,0.958,0.1334,0.00480841845100861,NA,0.1334,15.2062497614622,15.2065983419344,0.00239453486116838,15.1911637379647,15.2141610128369,0,0,0.285030000000002,"broad",NA,NA,30,21,9,6831,121,"n_minority",0.546283832488261,"independent",0.717263656293508,0.235035443684785,0.21995771293994,9377.10402044482,20.9017064454902,8.95961823982509,15.7620364619015,0.000426570931844078,0.0206535936786816,"ok"
44,"broad",0.2,"aggregate_hksj",NA,NA,5000,5000,0,0,0,0.197358419891295,-0.0026415801087048,0.0107293642212638,0.103582644401772,0.10515753761547,1.01520421903489,0.103605966497544,0.9562,0.4322,0.00700575706116049,NA,0.4322,28,28,0,28,28,0,0,0.0350079999999989,"broad",NA,NA,30,21,9,6831,121,"n_minority",0.546283832488261,"independent",0.717263656293508,0.235035443684785,0.21995771293994,9377.10402044482,20.9017064454902,8.95961823982509,15.7620364619015,0.000426570931844078,0.0206535936786816,"ok"
44,"broad",0.2,"che_rve",NA,NA,5000,5000,0,0,0,0.197355020374623,-0.00264497962537677,0.0107265847249341,0.103569226727508,0.104530140277589,1.00927798324312,0.103592641269579,0.9578,0.4128,0.00696270292343426,NA,0.4128,15.2286011613013,15.227746144837,0.00569408749058585,15.2155673441745,15.2789305647593,0,0,0.313939999999994,"broad",NA,NA,30,21,9,6831,121,"n_minority",0.546283832488261,"independent",0.717263656293508,0.235035443684785,0.21995771293994,9377.10402044482,20.9017064454902,8.95961823982509,15.7620364619015,0.000426570931844078,0.0206535936786816,"ok"
44,"broad",0.2,"mlma",NA,NA,5000,5000,0,0,0,0.197355327437771,-0.00264467256222939,0.0107268105687611,0.103570317025493,0.105238100140553,1.01610290634381,0.103593723263568,0.949,0.4616,0.00705018354371005,NA,0.4616,NA,NA,NA,NA,NA,0,0,0.263482000000008,"broad",NA,NA,30,21,9,6831,121,"n_minority",0.546283832488261,"independent",0.717263656293508,0.235035443684785,0.21995771293994,9377.10402044482,20.9017064454902,8.95961823982509,15.7620364619015,0.000426570931844078,0.0206535936786816,"ok"
44,"broad",0.2,"mlma_cr2",NA,NA,5000,5000,0,0,0,0.197355327437771,-0.00264467256222939,0.0107268105687611,0.103570317025493,0.10452933883694,1.00925962031391,0.103593723263568,0.958,0.4122,0.00696119472504541,NA,0.4122,15.2062497614629,15.2065983419299,0.00239453486168006,15.1911637379562,15.2141610128099,0,0,0.285412,"broad",NA,NA,30,21,9,6831,121,"n_minority",0.546283832488261,"independent",0.717263656293508,0.235035443684785,0.21995771293994,9377.10402044482,20.9017064454902,8.95961823982509,15.7620364619015,0.000426570931844078,0.0206535936786816,"ok"
45,"broad",0,"aggregate_hksj",NA,NA,5000,4969,31,0,0.0062,0.000444186200751528,0.000444186200751528,0.00408089327836789,0.0638818697156547,0.0659957196403871,1.03308998208946,0.0638769857555587,0.950493056953109,0.0495069430468907,0.00307732263468028,0.0495069430468907,NA,22,22,0,22,22,0,0,0.0329603541960103,"broad",NA,NA,24,16,8,3128,170,"n_minority",0.682867921954748,"positive",0.532821686947718,0.0578786345579429,0.224547301560757,3041.02690484634,11.8722091489193,1.58267033100471,9.2462326243001,0.00131534515318671,0.0362676874529754,"ok"
45,"broad",0,"che_rve",NA,NA,5000,4972,28,0,0.0056,0.000417552350452489,0.000417552350452489,0.00386119515510073,0.0621385158746226,0.0599873850061919,0.965381682549821,0.0621336697543506,0.945897023330652,0.0541029766693484,0.0032082407399363,0.0541029766693484,NA,12.7356437973986,12.7951985689708,0.630934026151474,11.9479172387041,14.0619179977093,0.333869670152856,0,0.676118262268689,"broad",NA,NA,24,16,8,3128,170,"n_minority",0.682867921954748,"positive",0.532821686947718,0.0578786345579429,0.224547301560757,3041.02690484634,11.8722091489193,1.58267033100471,9.2462326243001,0.00131534515318671,0.0362676874529754,"ok"
45,"broad",0,"mlma",NA,NA,5000,4998,2,0,4e-04,0.000214837333598285,0.000214837333598285,0.00416796953827466,0.0645598136480788,0.0662049967297861,1.02548308287684,0.0645537122548032,0.941376550620248,0.0586234493797519,0.00332291510852169,0.0586234493797519,NA,NA,NA,NA,NA,NA,0.0324129651860744,0,0.325874349739855,"broad",NA,NA,24,16,8,3128,170,"n_minority",0.682867921954748,"positive",0.532821686947718,0.0578786345579429,0.224547301560757,3041.02690484634,11.8722091489193,1.58267033100471,9.2462326243001,0.00131534515318671,0.0362676874529754,"ok"
45,"broad",0,"mlma_cr2",NA,NA,5000,4998,2,0,4e-04,0.000214837333598285,0.000214837333598285,0.00416796953827466,0.0645598136480788,0.0633544856649341,0.981330057894604,0.0645537122548032,0.952981192476991,0.0470188075230092,0.00299419336883854,0.0470188075230092,NA,13.0516140018218,13.0719907298948,0.396350175998965,11.8177586533162,14.0432906390702,0.0324129651860744,0,0.346796718687452,"broad",NA,NA,24,16,8,3128,170,"n_minority",0.682867921954748,"positive",0.532821686947718,0.0578786345579429,0.224547301560757,3041.02690484634,11.8722091489193,1.58267033100471,9.2462326243001,0.00131534515318671,0.0362676874529754,"ok"
45,"broad",0.05,"aggregate_hksj",NA,NA,5000,4969,31,0,0.0062,0.0504441862007515,0.000444186200751547,0.00408089327836789,0.0638818697156548,0.0659957196403871,1.03308998208946,0.0638769857555587,0.950493056953109,0.117126182330449,0.00456185854445116,NA,0.117126182330449,22,22,0,22,22,0,0,0.0327490440732347,"broad",NA,NA,24,16,8,3128,170,"n_minority",0.682867921954748,"positive",0.532821686947718,0.0578786345579429,0.224547301560757,3041.02690484634,11.8722091489193,1.58267033100471,9.2462326243001,0.00131534515318671,0.0362676874529754,"ok"
45,"broad",0.05,"che_rve",NA,NA,5000,4974,26,0,0.0052,0.0504761292253813,0.000476129225381261,0.00385363955615565,0.0620776896812023,0.059976774720581,0.96615668251492,0.0620732752362006,0.946320868516285,0.12605548854041,0.00470619501099921,NA,0.12605548854041,12.7353482666198,12.7949769294411,0.630979319925912,11.9479172385222,14.0619179993019,0.334137515078408,0,0.674585846401309,"broad",NA,NA,24,16,8,3128,170,"n_minority",0.682867921954748,"positive",0.532821686947718,0.0578786345579429,0.224547301560757,3041.02690484634,11.8722091489193,1.58267033100471,9.2462326243001,0.00131534515318671,0.0362676874529754,"ok"
45,"broad",0.05,"mlma",NA,NA,5000,5000,0,0,0,0.05023902606836,0.000239026068359988,0.00416777288691183,0.0645582906133041,0.0661945506885549,1.02534546778897,0.0645522769993112,0.9414,0.1332,0.00480536699951211,NA,0.1332,NA,NA,NA,NA,NA,0.0328,0,0.325401999999998,"broad",NA,NA,24,16,8,3128,170,"n_minority",0.682867921954748,"positive",0.532821686947718,0.0578786345579429,0.224547301560757,3041.02690484634,11.8722091489193,1.58267033100471,9.2462326243001,0.00131534515318671,0.0362676874529754,"ok"
45,"broad",0.05,"mlma_cr2",NA,NA,5000,5000,0,0,0,0.05023902606836,0.000239026068359988,0.00416777288691183,0.0645582906133041,0.0633446510724545,0.98120087243141,0.0645522769993112,0.953,0.1116,0.00445298641363299,NA,0.1116,13.051164273669,13.0716228803098,0.396908381794981,11.8177586499803,14.0432906389526,0.0328,0,0.346286,"broad",NA,NA,24,16,8,3128,170,"n_minority",0.682867921954748,"positive",0.532821686947718,0.0578786345579429,0.224547301560757,3041.02690484634,11.8722091489193,1.58267033100471,9.2462326243001,0.00131534515318671,0.0362676874529754,"ok"
45,"broad",0.1,"aggregate_hksj",NA,NA,5000,4969,31,0,0.0062,0.100444186200751,0.000444186200751456,0.00408089327836788,0.0638818697156547,0.0659957196403871,1.03308998208946,0.0638769857555586,0.950493056953109,0.307909036023345,0.00654874844302006,NA,0.307909036023345,22,22,0,22,22,0,0,0.0327027570939582,"broad",NA,NA,24,16,8,3128,170,"n_minority",0.682867921954748,"positive",0.532821686947718,0.0578786345579429,0.224547301560757,3041.02690484634,11.8722091489193,1.58267033100471,9.2462326243001,0.00131534515318671,0.0362676874529754,"ok"
45,"broad",0.1,"che_rve",NA,NA,5000,4975,25,0,0.005,0.100527309779711,0.000527309779711396,0.0038617176701115,0.0621427201698759,0.0599740111280229,0.965101156886527,0.0621387117750116,0.946130653266332,0.330452261306533,0.00666881385645503,NA,0.330452261306533,12.7352120216529,12.794764990807,0.630988954711615,11.9479172388366,14.0619180003479,0.33427135678392,0,0.674701507537713,"broad",NA,NA,24,16,8,3128,170,"n_minority",0.682867921954748,"positive",0.532821686947718,0.0578786345579429,0.224547301560757,3041.02690484634,11.8722091489193,1.58267033100471,9.2462326243001,0.00131534515318671,0.0362676874529754,"ok"
45,"broad",0.1,"mlma",NA,NA,5000,5000,0,0,0,0.100239026061488,0.000239026061488373,0.00416777288646751,0.0645582906098629,0.0661945506749651,1.02534546763313,0.0645522769958449,0.9414,0.3384,0.00669156842601195,NA,0.3384,NA,NA,NA,NA,NA,0.0328,0,0.325504000000025,"broad",NA,NA,24,16,8,3128,170,"n_minority",0.682867921954748,"positive",0.532821686947718,0.0578786345579429,0.224547301560757,3041.02690484634,11.8722091489193,1.58267033100471,9.2462326243001,0.00131534515318671,0.0362676874529754,"ok"
45,"broad",0.1,"mlma_cr2",NA,NA,5000,5000,0,0,0,0.100239026061488,0.000239026061488373,0.00416777288646751,0.0645582906098629,0.0633446510734272,0.981200872498779,0.0645522769958449,0.953,0.305,0.00651114429267237,NA,0.305,13.0511642732121,13.0716228828813,0.396908382263172,11.817758652116,14.0432906382795,0.0328,0,0.346423999999998,"broad",NA,NA,24,16,8,3128,170,"n_minority",0.682867921954748,"positive",0.532821686947718,0.0578786345579429,0.224547301560757,3041.02690484634,11.8722091489193,1.58267033100471,9.2462326243001,0.00131534515318671,0.0362676874529754,"ok"
45,"broad",0.2,"aggregate_hksj",NA,NA,5000,4969,31,0,0.0062,0.200444186200752,0.00044418620075154,0.00408089327836789,0.0638818697156548,0.0659957196403871,1.03308998208946,0.0638769857555587,0.950493056953109,0.82048701952103,0.00544439075434141,NA,0.82048701952103,22,22,0,22,22,0,0,0.0324612598108438,"broad",NA,NA,24,16,8,3128,170,"n_minority",0.682867921954748,"positive",0.532821686947718,0.0578786345579429,0.224547301560757,3041.02690484634,11.8722091489193,1.58267033100471,9.2462326243001,0.00131534515318671,0.0362676874529754,"ok"
45,"broad",0.2,"che_rve",NA,NA,5000,4982,18,0,0.0036,0.20046470685416,0.000464706854160363,0.00386735612173562,0.0621880705741513,0.0599512977969911,0.964032124545605,0.0621835654205737,0.945604175030108,0.853472501003613,0.00501017012722959,NA,0.853472501003613,12.7341617394899,12.7923567411694,0.631167104442128,11.9479172387835,14.0619179921625,0.335206744279406,0,0.677655560016041,"broad",NA,NA,24,16,8,3128,170,"n_minority",0.682867921954748,"positive",0.532821686947718,0.0578786345579429,0.224547301560757,3041.02690484634,11.8722091489193,1.58267033100471,9.2462326243001,0.00131534515318671,0.0362676874529754,"ok"
45,"broad",0.2,"mlma",NA,NA,5000,4998,2,0,4e-04,0.200251569096586,0.000251569096585497,0.00416735855335873,0.0645550815455974,0.0662054276164071,1.02556492891491,0.0645491133567017,0.941576630652261,0.848739495798319,0.00506817791568339,NA,0.848739495798319,NA,NA,NA,NA,NA,0.0324129651860744,0,0.323667466986782,"broad",NA,NA,24,16,8,3128,170,"n_minority",0.682867921954748,"positive",0.532821686947718,0.0578786345579429,0.224547301560757,3041.02690484634,11.8722091489193,1.58267033100471,9.2462326243001,0.00131534515318671,0.0362676874529754,"ok"
45,"broad",0.2,"mlma_cr2",NA,NA,5000,4998,2,0,4e-04,0.200251569096586,0.000251569096585497,0.00416735855335873,0.0645550815455974,0.0633553503272398,0.981415386835037,0.0645491133567017,0.953181272509004,0.824929971988795,0.005375468437731,NA,0.824929971988795,13.0516180312677,13.0719907326053,0.396338663758164,11.8177586507272,14.0432906391266,0.0324129651860744,0,0.344317727090854,"broad",NA,NA,24,16,8,3128,170,"n_minority",0.682867921954748,"positive",0.532821686947718,0.0578786345579429,0.224547301560757,3041.02690484634,11.8722091489193,1.58267033100471,9.2462326243001,0.00131534515318671,0.0362676874529754,"ok"
46,"broad",0,"aggregate_hksj",NA,NA,5000,5000,0,0,0,-0.000757160932457528,-0.000757160932457528,0.002112915873099,0.045966464657389,0.0462795464493828,1.00681109139733,0.0459681039700575,0.9522,0.0478,0.00301712313305241,0.0478,NA,118,118,0,118,118,0,0,0.117574000000006,"broad",NA,NA,120,93,27,22299,585,"n_majority",0.358030616192118,"negative",0.139815547391772,0.0980491817670409,0.248308668094222,16585.0212710797,72.074715897701,11.040135374847,15.1300653208613,0.000241181481447663,0.0155300187201324,"ok"
46,"broad",0,"che_rve",NA,NA,5000,4999,1,0,2e-04,-0.000923884458379612,-0.000923884458379612,0.00143807440726224,0.0379219515223339,0.0374931661539952,0.988692950886609,0.0379294120352365,0.946589317863573,0.0534106821364273,0.00318019165425943,0.0534106821364273,NA,39.1519417525089,39.1605912473056,0.487305957672054,37.8269033229957,40.7236199073504,0.00900180036007201,0,0.992816563312592,"broad",NA,NA,120,93,27,22299,585,"n_majority",0.358030616192118,"negative",0.139815547391772,0.0980491817670409,0.248308668094222,16585.0212710797,72.074715897701,11.040135374847,15.1300653208613,0.000241181481447663,0.0155300187201324,"ok"
46,"broad",0,"mlma",NA,NA,5000,5000,0,0,0,-0.000980750900732325,-0.000980750900732325,0.00145047594426984,0.0380851144710087,0.0368408148234479,0.967328451946546,0.0380939328687689,0.9382,0.0618,0.00340531232047811,0.0618,NA,NA,NA,NA,NA,NA,0,0,0.503474000000002,"broad",NA,NA,120,93,27,22299,585,"n_majority",0.358030616192118,"negative",0.139815547391772,0.0980491817670409,0.248308668094222,16585.0212710797,72.074715897701,11.040135374847,15.1300653208613,0.000241181481447663,0.0155300187201324,"ok"
46,"broad",0,"mlma_cr2",NA,NA,5000,5000,0,0,0,-0.000980750900732325,-0.000980750900732325,0.00145047594426984,0.0380851144710087,0.0375657059595858,0.986361902317025,0.0380939328687689,0.9476,0.0524,0.00315132480077824,0.0524,NA,39.4597048949651,39.4769389190836,0.49862683686994,37.7539415839239,41.0340329694599,0,0,0.583072000000067,"broad",NA,NA,120,93,27,22299,585,"n_majority",0.358030616192118,"negative",0.139815547391772,0.0980491817670409,0.248308668094222,16585.0212710797,72.074715897701,11.040135374847,15.1300653208613,0.000241181481447663,0.0155300187201324,"ok"
46,"broad",0.05,"aggregate_hksj",NA,NA,5000,5000,0,0,0,0.0492428390675425,-0.000757160932457528,0.002112915873099,0.045966464657389,0.0462795464493828,1.00681109139733,0.0459681039700575,0.9522,0.1838,0.00547754616593964,NA,0.1838,118,118,0,118,118,0,0,0.11665000000002,"broad",NA,NA,120,93,27,22299,585,"n_majority",0.358030616192118,"negative",0.139815547391772,0.0980491817670409,0.248308668094222,16585.0212710797,72.074715897701,11.040135374847,15.1300653208613,0.000241181481447663,0.0155300187201324,"ok"
46,"broad",0.05,"che_rve",NA,NA,5000,5000,0,0,0,0.0490720981868269,-0.000927901813173149,0.00143786743044268,0.0379192224398481,0.0374919277019795,0.988731447788877,0.0379267828681986,0.9466,0.2488,0.00611389499419151,NA,0.2488,39.1516973920088,39.1605014215716,0.487563487408208,37.8269033230946,40.7236199073703,0.009,0,0.992305999999958,"broad",NA,NA,120,93,27,22299,585,"n_majority",0.358030616192118,"negative",0.139815547391772,0.0980491817670409,0.248308668094222,16585.0212710797,72.074715897701,11.040135374847,15.1300653208613,0.000241181481447663,0.0155300187201324,"ok"
46,"broad",0.05,"mlma",NA,NA,5000,5000,0,0,0,0.0490192491030916,-0.000980750896908432,0.0014504759444595,0.0380851144734987,0.0368408148176987,0.967328451732348,0.0380939328711593,0.9382,0.2746,0.00631181178426607,NA,0.2746,NA,NA,NA,NA,NA,0,0,0.495858000000034,"broad",NA,NA,120,93,27,22299,585,"n_majority",0.358030616192118,"negative",0.139815547391772,0.0980491817670409,0.248308668094222,16585.0212710797,72.074715897701,11.040135374847,15.1300653208613,0.000241181481447663,0.0155300187201324,"ok"
46,"broad",0.05,"mlma_cr2",NA,NA,5000,5000,0,0,0,0.0490192491030916,-0.000980750896908432,0.0014504759444595,0.0380851144734987,0.0375657059601078,0.986361902266244,0.0380939328711593,0.9476,0.2486,0.00611225064931078,NA,0.2486,39.4597048931412,39.476938926009,0.498626837727026,37.753941585873,41.0340329666211,0,0,0.574996000000062,"broad",NA,NA,120,93,27,22299,585,"n_majority",0.358030616192118,"negative",0.139815547391772,0.0980491817670409,0.248308668094222,16585.0212710797,72.074715897701,11.040135374847,15.1300653208613,0.000241181481447663,0.0155300187201324,"ok"
46,"broad",0.1,"aggregate_hksj",NA,NA,5000,5000,0,0,0,0.0992428390675425,-0.000757160932457535,0.002112915873099,0.045966464657389,0.0462795464493828,1.00681109139733,0.0459681039700575,0.9522,0.5694,0.00700262293715719,NA,0.5694,118,118,0,118,118,0,0,0.116789999999893,"broad",NA,NA,120,93,27,22299,585,"n_majority",0.358030616192118,"negative",0.139815547391772,0.0980491817670409,0.248308668094222,16585.0212710797,72.074715897701,11.040135374847,15.1300653208613,0.000241181481447663,0.0155300187201324,"ok"
46,"broad",0.1,"che_rve",NA,NA,5000,5000,0,0,0,0.0990720981852106,-0.000927901814789397,0.0014378674303124,0.0379192224381303,0.0374919277028518,0.988731447856674,0.037926782866521,0.9466,0.723,0.00632883875604364,NA,0.723,39.1516973926711,39.160501402187,0.487563487549839,37.826903323049,40.7236199004045,0.0092,0,0.989962000000093,"broad",NA,NA,120,93,27,22299,585,"n_majority",0.358030616192118,"negative",0.139815547391772,0.0980491817670409,0.248308668094222,16585.0212710797,72.074715897701,11.040135374847,15.1300653208613,0.000241181481447663,0.0155300187201324,"ok"
46,"broad",0.1,"mlma",NA,NA,5000,5000,0,0,0,0.0990192491027227,-0.000980750897277269,0.00145047594484617,0.0380851144785751,0.0368408148238361,0.96732845176456,0.038093932876243,0.9382,0.7598,0.0060415885328281,NA,0.7598,NA,NA,NA,NA,NA,0,0,0.496662000000071,"broad",NA,NA,120,93,27,22299,585,"n_majority",0.358030616192118,"negative",0.139815547391772,0.0980491817670409,0.248308668094222,16585.0212710797,72.074715897701,11.040135374847,15.1300653208613,0.000241181481447663,0.0155300187201324,"ok"
46,"broad",0.1,"mlma_cr2",NA,NA,5000,5000,0,0,0,0.0990192491027227,-0.000980750897277269,0.00145047594484617,0.0380851144785751,0.0375657059579842,0.986361902079011,0.038093932876243,0.9476,0.7192,0.00635533413755721,NA,0.7192,39.4597048948118,39.4769389157393,0.498626836877084,37.753941606906,41.0340329730426,0,0,0.575683999999981,"broad",NA,NA,120,93,27,22299,585,"n_majority",0.358030616192118,"negative",0.139815547391772,0.0980491817670409,0.248308668094222,16585.0212710797,72.074715897701,11.040135374847,15.1300653208613,0.000241181481447663,0.0155300187201324,"ok"
46,"broad",0.2,"aggregate_hksj",NA,NA,5000,5000,0,0,0,0.199242839067542,-0.000757160932457535,0.002112915873099,0.045966464657389,0.0462795464493828,1.00681109139733,0.0459681039700575,0.9522,0.99,0.00140712472794703,NA,0.99,118,118,0,118,118,0,0,0.115541999999947,"broad",NA,NA,120,93,27,22299,585,"n_majority",0.358030616192118,"negative",0.139815547391772,0.0980491817670409,0.248308668094222,16585.0212710797,72.074715897701,11.040135374847,15.1300653208613,0.000241181481447663,0.0155300187201324,"ok"
46,"broad",0.2,"che_rve",NA,NA,5000,5000,0,0,0,0.199072098191541,-0.000927901808458753,0.00143786743066287,0.0379192224427515,0.0374919277018288,0.988731447709198,0.0379267828709855,0.9466,0.9994,0.000346306222872199,NA,0.9994,39.1516973916183,39.1605014128911,0.487563487377058,37.8269033231355,40.7236198962856,0.009,0,0.991475999999924,"broad",NA,NA,120,93,27,22299,585,"n_majority",0.358030616192118,"negative",0.139815547391772,0.0980491817670409,0.248308668094222,16585.0212710797,72.074715897701,11.040135374847,15.1300653208613,0.000241181481447663,0.0155300187201324,"ok"
46,"broad",0.2,"mlma",NA,NA,5000,5000,0,0,0,0.199019249101177,-0.000980750898822602,0.00145047594458783,0.0380851144751835,0.0368408148208282,0.967328451771727,0.0380939328728927,0.9382,0.9996,0.000282786138274123,NA,0.9996,NA,NA,NA,NA,NA,0,0,0.495266000000038,"broad",NA,NA,120,93,27,22299,585,"n_majority",0.358030616192118,"negative",0.139815547391772,0.0980491817670409,0.248308668094222,16585.0212710797,72.074715897701,11.040135374847,15.1300653208613,0.000241181481447663,0.0155300187201324,"ok"
46,"broad",0.2,"mlma_cr2",NA,NA,5000,5000,0,0,0,0.199019249101177,-0.000980750898822602,0.00145047594458783,0.0380851144751835,0.0375657059601313,0.986361902223225,0.0380939328728927,0.9476,0.9992,0.000399839967987199,NA,0.9992,39.4597048941649,39.4769389185115,0.498626836812833,37.7539416007348,41.0340329722121,0,0,0.574244000000088,"broad",NA,NA,120,93,27,22299,585,"n_majority",0.358030616192118,"negative",0.139815547391772,0.0980491817670409,0.248308668094222,16585.0212710797,72.074715897701,11.040135374847,15.1300653208613,0.000241181481447663,0.0155300187201324,"ok"
47,"broad",0,"aggregate_hksj",NA,NA,5000,5000,0,0,0,-0.000799165464373274,-0.000799165464373274,0.0034462263067383,0.0587045680227553,0.0571583391180272,0.973660841791244,0.0587041372214634,0.9456,0.0544,0.0032075111847038,0.0544,NA,94,94,0,94,94,0,0,0.0916840000000899,"broad",NA,NA,96,77,19,13786,628,"n_minority",0.975317383124056,"independent",0.180916420351714,0.220655136180809,0.100642850187607,20953.4997357757,53.5643725202091,11.6453929235615,49.6612333589288,0.000190898897579886,0.0138166167197287,"ok"
47,"broad",0,"che_rve",NA,NA,5000,5000,0,0,0,-0.000805526290922403,-0.000805526290922403,0.0034464333335669,0.0587063312903038,0.0585545181304615,0.997414024066815,0.0587059870839896,0.9494,0.0506,0.00309966578843591,0.0506,NA,28.9175790582877,28.8988842477106,0.195901010045394,28.4295599531071,29.8206066044043,0,0,0.871689999999903,"broad",NA,NA,96,77,19,13786,628,"n_minority",0.975317383124056,"independent",0.180916420351714,0.220655136180809,0.100642850187607,20953.4997357757,53.5643725202091,11.6453929235615,49.6612333589288,0.000190898897579886,0.0138166167197287,"ok"
47,"broad",0,"mlma",NA,NA,5000,5000,0,0,0,-0.00079955408476065,-0.00079955408476065,0.0034489326171235,0.0587276137530166,0.0598943531349263,1.01986696389226,0.0587271838021758,0.954,0.046,0.00296256645495084,0.046,NA,NA,NA,NA,NA,NA,0,0,0.559083999999904,"broad",NA,NA,96,77,19,13786,628,"n_minority",0.975317383124056,"independent",0.180916420351714,0.220655136180809,0.100642850187607,20953.4997357757,53.5643725202091,11.6453929235615,49.6612333589288,0.000190898897579886,0.0138166167197287,"ok"
47,"broad",0,"mlma_cr2",NA,NA,5000,5000,0,0,0,-0.00079955408476065,-0.00079955408476065,0.0034489326171235,0.0587276137530166,0.0585693729027884,0.997305512005074,0.0587271838021758,0.9498,0.0502,0.00308804015517933,0.0502,NA,28.3044247387476,28.2948914138894,0.102696649829401,28.0463280470895,28.770223326161,0,0,0.627459999999893,"broad",NA,NA,96,77,19,13786,628,"n_minority",0.975317383124056,"independent",0.180916420351714,0.220655136180809,0.100642850187607,20953.4997357757,53.5643725202091,11.6453929235615,49.6612333589288,0.000190898897579886,0.0138166167197287,"ok"
47,"broad",0.05,"aggregate_hksj",NA,NA,5000,5000,0,0,0,0.0492008345356267,-0.000799165464373273,0.0034462263067383,0.0587045680227553,0.0571583391180272,0.973660841791244,0.0587041372214634,0.9456,0.1478,0.00501906684554012,NA,0.1478,94,94,0,94,94,0,0,0.0912000000000349,"broad",NA,NA,96,77,19,13786,628,"n_minority",0.975317383124056,"independent",0.180916420351714,0.220655136180809,0.100642850187607,20953.4997357757,53.5643725202091,11.6453929235615,49.6612333589288,0.000190898897579886,0.0138166167197287,"ok"
47,"broad",0.05,"che_rve",NA,NA,5000,5000,0,0,0,0.0491944737105295,-0.000805526289470518,0.00344643333359232,0.0587063312905203,0.0585545181302266,0.997414024059136,0.0587059870841862,0.9494,0.1284,0.00473103455916357,NA,0.1284,28.9175790590404,28.8988842465638,0.19590101058146,28.4295599522899,29.8206065263467,0,0,0.87173600000006,"broad",NA,NA,96,77,19,13786,628,"n_minority",0.975317383124056,"independent",0.180916420351714,0.220655136180809,0.100642850187607,20953.4997357757,53.5643725202091,11.6453929235615,49.6612333589288,0.000190898897579886,0.0138166167197287,"ok"
47,"broad",0.05,"mlma",NA,NA,5000,5000,0,0,0,0.0492004459141713,-0.000799554085828665,0.00344893261678657,0.0587276137501479,0.0598943531502095,1.01986696420231,0.0587271837993222,0.954,0.134,0.00481755124518671,NA,0.134,NA,NA,NA,NA,NA,0,0,0.551209999999951,"broad",NA,NA,96,77,19,13786,628,"n_minority",0.975317383124056,"independent",0.180916420351714,0.220655136180809,0.100642850187607,20953.4997357757,53.5643725202091,11.6453929235615,49.6612333589288,0.000190898897579886,0.0138166167197287,"ok"
47,"broad",0.05,"mlma_cr2",NA,NA,5000,5000,0,0,0,0.0492004459141713,-0.000799554085828665,0.00344893261678657,0.0587276137501479,0.0585693729028345,0.997305512054573,0.0587271837993222,0.9498,0.128,0.00472474337927469,NA,0.128,28.3044247385075,28.2948913726703,0.10269665081268,28.0463280486051,28.7702233304297,0,0,0.619048000000053,"broad",NA,NA,96,77,19,13786,628,"n_minority",0.975317383124056,"independent",0.180916420351714,0.220655136180809,0.100642850187607,20953.4997357757,53.5643725202091,11.6453929235615,49.6612333589288,0.000190898897579886,0.0138166167197287,"ok"
47,"broad",0.1,"aggregate_hksj",NA,NA,5000,5000,0,0,0,0.0992008345356267,-0.00079916546437328,0.0034462263067383,0.0587045680227553,0.0571583391180272,0.973660841791244,0.0587041372214634,0.9456,0.3988,0.00692471746716066,NA,0.3988,94,94,0,94,94,0,0,0.0915120000000752,"broad",NA,NA,96,77,19,13786,628,"n_minority",0.975317383124056,"independent",0.180916420351714,0.220655136180809,0.100642850187607,20953.4997357757,53.5643725202091,11.6453929235615,49.6612333589288,0.000190898897579886,0.0138166167197287,"ok"
47,"broad",0.1,"che_rve",NA,NA,5000,5000,0,0,0,0.0991944737112442,-0.000805526288755853,0.00344643333351535,0.0587063312898647,0.0585545181300567,0.997414024067379,0.0587059870835209,0.9494,0.3652,0.00680924312974651,NA,0.3652,28.9175790587818,28.8988842520804,0.195901010102827,28.4295599525692,29.8206065663142,0,0,0.872380000000005,"broad",NA,NA,96,77,19,13786,628,"n_minority",0.975317383124056,"independent",0.180916420351714,0.220655136180809,0.100642850187607,20953.4997357757,53.5643725202091,11.6453929235615,49.6612333589288,0.000190898897579886,0.0138166167197287,"ok"
47,"broad",0.1,"mlma",NA,NA,5000,5000,0,0,0,0.099200445903615,-0.000799554096384991,0.00344893261781758,0.0587276137589259,0.059894353085784,1.01986696295285,0.0587271838082422,0.954,0.373,0.006839166615897,NA,0.373,NA,NA,NA,NA,NA,0,0,0.549645999999839,"broad",NA,NA,96,77,19,13786,628,"n_minority",0.975317383124056,"independent",0.180916420351714,0.220655136180809,0.100642850187607,20953.4997357757,53.5643725202091,11.6453929235615,49.6612333589288,0.000190898897579886,0.0138166167197287,"ok"
47,"broad",0.1,"mlma_cr2",NA,NA,5000,5000,0,0,0,0.099200445903615,-0.000799554096384991,0.00344893261781758,0.0587276137589259,0.058569372902486,0.997305511899573,0.0587271838082422,0.9498,0.363,0.00680045586707244,NA,0.363,28.3044247401233,28.2948913861733,0.102696651265839,28.0463280507779,28.7702233330157,0,0,0.618039999999822,"broad",NA,NA,96,77,19,13786,628,"n_minority",0.975317383124056,"independent",0.180916420351714,0.220655136180809,0.100642850187607,20953.4997357757,53.5643725202091,11.6453929235615,49.6612333589288,0.000190898897579886,0.0138166167197287,"ok"
47,"broad",0.2,"aggregate_hksj",NA,NA,5000,5000,0,0,0,0.199200834535627,-0.00079916546437328,0.0034462263067383,0.0587045680227553,0.0571583391180272,0.973660841791244,0.0587041372214634,0.9456,0.9268,0.00368352439926764,NA,0.9268,94,94,0,94,94,0,0,0.0915400000001537,"broad",NA,NA,96,77,19,13786,628,"n_minority",0.975317383124056,"independent",0.180916420351714,0.220655136180809,0.100642850187607,20953.4997357757,53.5643725202091,11.6453929235615,49.6612333589288,0.000190898897579886,0.0138166167197287,"ok"
47,"broad",0.2,"che_rve",NA,NA,5000,5000,0,0,0,0.199194473710034,-0.00080552628996633,0.00344643333362848,0.0587063312908283,0.0585545181303107,0.997414024055336,0.0587059870845009,0.9494,0.9064,0.00411919992231501,NA,0.9064,28.9175790580982,28.8988842486641,0.195901008991656,28.4295599536642,29.8206065471106,0,0,0.872840000000037,"broad",NA,NA,96,77,19,13786,628,"n_minority",0.975317383124056,"independent",0.180916420351714,0.220655136180809,0.100642850187607,20953.4997357757,53.5643725202091,11.6453929235615,49.6612333589288,0.000190898897579886,0.0138166167197287,"ok"
47,"broad",0.2,"mlma",NA,NA,5000,5000,0,0,0,0.199200445899997,-0.00079955410000293,0.00344893261809286,0.0587276137612696,0.0598943530296031,1.01986696195552,0.0587271838106347,0.954,0.9186,0.0038671446830963,NA,0.9186,NA,NA,NA,NA,NA,0,0,0.551243999999858,"broad",NA,NA,96,77,19,13786,628,"n_minority",0.975317383124056,"independent",0.180916420351714,0.220655136180809,0.100642850187607,20953.4997357757,53.5643725202091,11.6453929235615,49.6612333589288,0.000190898897579886,0.0138166167197287,"ok"
47,"broad",0.2,"mlma_cr2",NA,NA,5000,5000,0,0,0,0.199200445899997,-0.00079955410000293,0.00344893261809286,0.0587276137612696,0.0585693729018825,0.997305511849496,0.0587271838106347,0.9498,0.905,0.00414668542332307,NA,0.905,28.3044247416334,28.2948913873468,0.102696651449746,28.0463280498518,28.7702233257958,0,0,0.619187999999878,"broad",NA,NA,96,77,19,13786,628,"n_minority",0.975317383124056,"independent",0.180916420351714,0.220655136180809,0.100642850187607,20953.4997357757,53.5643725202091,11.6453929235615,49.6612333589288,0.000190898897579886,0.0138166167197287,"ok"
48,"broad",0,"aggregate_hksj",NA,NA,5000,5000,0,0,0,0.000537134899749995,0.000537134899749995,0.0174781011697782,0.132204769845033,0.132708738619377,1.00381203170608,0.132192639974564,0.9512,0.0488,0.00304691844328003,0.0488,NA,34,34,0,34,34,0,0,0.0422740000001097,"broad",NA,NA,36,32,4,3313,116,"nk_minority",0.592951685863518,"independent",0.618860845749732,0.198264266663173,0.152062931929657,3136.31882352941,13.8550681418466,2.11437328982504,1.73285830928805,0.00127538054166912,0.0357124703943751,"ok"
48,"broad",0,"che_rve",NA,NA,5000,4999,1,0,2e-04,0.000500687742824275,0.000500687742824275,0.0174649952480913,0.132155193799151,0.124647530921416,0.943190557541422,0.132142923527966,0.965993198639728,0.0340068013602721,0.0025634707021363,0.0340068013602721,NA,3.39395320396109,3.42719712481497,0.177236639266068,2.27531357149137,3.7393501771392,0.000400080016003201,0,0.362150430086145,"broad",NA,NA,36,32,4,3313,116,"nk_minority",0.592951685863518,"independent",0.618860845749732,0.198264266663173,0.152062931929657,3136.31882352941,13.8550681418466,2.11437328982504,1.73285830928805,0.00127538054166912,0.0357124703943751,"ok"
48,"broad",0,"mlma",NA,NA,5000,5000,0,0,0,0.000644698325085209,0.000644698325085209,0.0178647061207262,0.133658917101427,0.134416349640764,1.00566690615009,0.13364710552583,0.9464,0.0536,0.00318518570887162,0.0536,NA,NA,NA,NA,NA,NA,0,0,0.279987999999928,"broad",NA,NA,36,32,4,3313,116,"nk_minority",0.592951685863518,"independent",0.618860845749732,0.198264266663173,0.152062931929657,3136.31882352941,13.8550681418466,2.11437328982504,1.73285830928805,0.00127538054166912,0.0357124703943751,"ok"
48,"broad",0,"mlma_cr2",NA,NA,5000,5000,0,0,0,0.000644698325085209,0.000644698325085209,0.0178647061207262,0.133658917101427,0.127677150313659,0.95524603283125,0.13364710552583,0.965,0.035,0.00259903828367341,0.035,NA,3.69143775597592,3.70308066159227,0.0534868163582818,3.23572647641021,3.77982517029513,0,0,0.306531999999951,"broad",NA,NA,36,32,4,3313,116,"nk_minority",0.592951685863518,"independent",0.618860845749732,0.198264266663173,0.152062931929657,3136.31882352941,13.8550681418466,2.11437328982504,1.73285830928805,0.00127538054166912,0.0357124703943751,"ok"
48,"broad",0.05,"aggregate_hksj",NA,NA,5000,5000,0,0,0,0.05053713489975,0.000537134899749998,0.0174781011697782,0.132204769845033,0.132708738619377,1.00381203170608,0.132192639974564,0.9512,0.065,0.00348640215695206,NA,0.065,34,34,0,34,34,0,0,0.0424199999998702,"broad",NA,NA,36,32,4,3313,116,"nk_minority",0.592951685863518,"independent",0.618860845749732,0.198264266663173,0.152062931929657,3136.31882352941,13.8550681418466,2.11437328982504,1.73285830928805,0.00127538054166912,0.0357124703943751,"ok"
48,"broad",0.05,"che_rve",NA,NA,5000,4999,1,0,2e-04,0.050444145121817,0.000444145121817043,0.017462516933634,0.132145816935815,0.12464861683577,0.94326570243471,0.132133345513145,0.965993198639728,0.0422084416883377,0.00284376427060355,NA,0.0422084416883377,3.39393576110454,3.42719531144321,0.177232900601052,2.27531357167936,3.73935017717842,0.000400080016003201,0,0.361996399279986,"broad",NA,NA,36,32,4,3313,116,"nk_minority",0.592951685863518,"independent",0.618860845749732,0.198264266663173,0.152062931929657,3136.31882352941,13.8550681418466,2.11437328982504,1.73285830928805,0.00127538054166912,0.0357124703943751,"ok"
48,"broad",0.05,"mlma",NA,NA,5000,5000,0,0,0,0.0506446983333613,0.000644698333361289,0.0178647061183765,0.133658917092637,0.134416349660348,1.00566690636275,0.133647105517081,0.9464,0.0718,0.00365088372863338,NA,0.0718,NA,NA,NA,NA,NA,0,0,0.279589999999909,"broad",NA,NA,36,32,4,3313,116,"nk_minority",0.592951685863518,"independent",0.618860845749732,0.198264266663173,0.152062931929657,3136.31882352941,13.8550681418466,2.11437328982504,1.73285830928805,0.00127538054166912,0.0357124703943751,"ok"
48,"broad",0.05,"mlma_cr2",NA,NA,5000,5000,0,0,0,0.0506446983333613,0.000644698333361289,0.0178647061183765,0.133658917092637,0.127677150316165,0.955246032912815,0.133647105517081,0.965,0.0434,0.00288154264240528,NA,0.0434,3.69143775609193,3.70308066149064,0.0534868161763639,3.23572647744777,3.77982517030203,0,0,0.305971999999977,"broad",NA,NA,36,32,4,3313,116,"nk_minority",0.592951685863518,"independent",0.618860845749732,0.198264266663173,0.152062931929657,3136.31882352941,13.8550681418466,2.11437328982504,1.73285830928805,0.00127538054166912,0.0357124703943751,"ok"
48,"broad",0.1,"aggregate_hksj",NA,NA,5000,5000,0,0,0,0.10053713489975,0.000537134899749991,0.0174781011697782,0.132204769845033,0.132708738619377,1.00381203170608,0.132192639974564,0.9512,0.1122,0.00446343275965932,NA,0.1122,34,34,0,34,34,0,0,0.0423120000000868,"broad",NA,NA,36,32,4,3313,116,"nk_minority",0.592951685863518,"independent",0.618860845749732,0.198264266663173,0.152062931929657,3136.31882352941,13.8550681418466,2.11437328982504,1.73285830928805,0.00127538054166912,0.0357124703943751,"ok"
48,"broad",0.1,"che_rve",NA,NA,5000,5000,0,0,0,0.100476798657671,0.000476798657671154,0.0174643549957385,0.132152771426628,0.1246436225082,0.943178271349402,0.132140415701251,0.966,0.0712,0.00363677219523027,NA,0.0712,3.39395207888734,3.42719621769419,0.177218928971647,2.27531357054294,3.73935017707549,4e-04,0,0.362830000000089,"broad",NA,NA,36,32,4,3313,116,"nk_minority",0.592951685863518,"independent",0.618860845749732,0.198264266663173,0.152062931929657,3136.31882352941,13.8550681418466,2.11437328982504,1.73285830928805,0.00127538054166912,0.0357124703943751,"ok"
48,"broad",0.1,"mlma",NA,NA,5000,5000,0,0,0,0.10064469833117,0.000644698331169993,0.0178647061186403,0.133658917093624,0.134416349604649,1.0056669059386,0.133647105518058,0.9464,0.1212,0.00461542110754804,NA,0.1212,NA,NA,NA,NA,NA,0,0,0.279889999999935,"broad",NA,NA,36,32,4,3313,116,"nk_minority",0.592951685863518,"independent",0.618860845749732,0.198264266663173,0.152062931929657,3136.31882352941,13.8550681418466,2.11437328982504,1.73285830928805,0.00127538054166912,0.0357124703943751,"ok"
48,"broad",0.1,"mlma_cr2",NA,NA,5000,5000,0,0,0,0.10064469833117,0.000644698331169993,0.0178647061186403,0.133658917093624,0.12767715031419,0.955246032890987,0.133647105518058,0.965,0.0742,0.00370659844061911,NA,0.0742,3.69143775584255,3.70308066146795,0.0534868164293302,3.23572647650787,3.77982517032108,0,0,0.306191999999929,"broad",NA,NA,36,32,4,3313,116,"nk_minority",0.592951685863518,"independent",0.618860845749732,0.198264266663173,0.152062931929657,3136.31882352941,13.8550681418466,2.11437328982504,1.73285830928805,0.00127538054166912,0.0357124703943751,"ok"
48,"broad",0.2,"aggregate_hksj",NA,NA,5000,5000,0,0,0,0.20053713489975,0.000537134899749991,0.0174781011697782,0.132204769845033,0.132708738619377,1.00381203170608,0.132192639974564,0.9512,0.3066,0.00652068155946907,NA,0.3066,34,34,0,34,34,0,0,0.0423380000000092,"broad",NA,NA,36,32,4,3313,116,"nk_minority",0.592951685863518,"independent",0.618860845749732,0.198264266663173,0.152062931929657,3136.31882352941,13.8550681418466,2.11437328982504,1.73285830928805,0.00127538054166912,0.0357124703943751,"ok"
48,"broad",0.2,"che_rve",NA,NA,5000,4999,1,0,2e-04,0.20050655227082,0.000506552270819915,0.017463421995979,0.132149241374966,0.124653310955357,0.943276780542841,0.132136994093654,0.965993198639728,0.188037607521504,0.00552648184074876,NA,0.188037607521504,3.39393295561255,3.42719531158561,0.177231497860462,2.27531357086426,3.73935017707337,0.000400080016003201,0,0.362826565312962,"broad",NA,NA,36,32,4,3313,116,"nk_minority",0.592951685863518,"independent",0.618860845749732,0.198264266663173,0.152062931929657,3136.31882352941,13.8550681418466,2.11437328982504,1.73285830928805,0.00127538054166912,0.0357124703943751,"ok"
48,"broad",0.2,"mlma",NA,NA,5000,5000,0,0,0,0.200644698337876,0.000644698337876254,0.0178647061188063,0.133658917094245,0.134416349621026,1.00566690605646,0.133647105518711,0.9464,0.3228,0.00661211252172859,NA,0.3228,NA,NA,NA,NA,NA,0,0,0.280309999999902,"broad",NA,NA,36,32,4,3313,116,"nk_minority",0.592951685863518,"independent",0.618860845749732,0.198264266663173,0.152062931929657,3136.31882352941,13.8550681418466,2.11437328982504,1.73285830928805,0.00127538054166912,0.0357124703943751,"ok"
48,"broad",0.2,"mlma_cr2",NA,NA,5000,5000,0,0,0,0.200644698337876,0.000644698337876254,0.0178647061188063,0.133658917094245,0.127677150322074,0.955246032945533,0.133647105518711,0.965,0.1924,0.00557462536857859,NA,0.1924,3.69143775590974,3.70308066147712,0.0534868163835349,3.23572647768148,3.77982517028542,0,0,0.306774000000034,"broad",NA,NA,36,32,4,3313,116,"nk_minority",0.592951685863518,"independent",0.618860845749732,0.198264266663173,0.152062931929657,3136.31882352941,13.8550681418466,2.11437328982504,1.73285830928805,0.00127538054166912,0.0357124703943751,"ok"
49,"broad",0,"aggregate_hksj",NA,NA,5000,5000,0,0,0,0.00133483418459224,0.00133483418459224,0.00733353588579979,0.0856360665012107,0.0837144523294389,0.97756069083644,0.0856379060984269,0.9438,0.0562,0.00325704037432759,0.0562,NA,34,34,0,34,34,0,0,0.0400280000000319,"broad",NA,NA,36,20,16,25568,68,"independent",0,"positive",0.111598732480779,0.191422047653585,0.192527133278258,27854.9140052521,12.8988810571842,9.9740808167002,15.4181058896958,0.000143601233134153,0.0119833731951464,"ok"
49,"broad",0,"che_rve",NA,NA,5000,5000,0,0,0,0.00116483015624829,0.00116483015624829,0.00715838275869162,0.0846072263975815,0.0831973892328174,0.98333668145391,0.084606784074522,0.9458,0.0542,0.00320194815698193,0.0542,NA,29.5264376111741,29.8165792052556,1.34345660169792,22.4449182253328,31.7502007338234,0.0034,0,0.317773999999903,"broad",NA,NA,36,20,16,25568,68,"independent",0,"positive",0.111598732480779,0.191422047653585,0.192527133278258,27854.9140052521,12.8988810571842,9.9740808167002,15.4181058896958,0.000143601233134153,0.0119833731951464,"ok"
49,"broad",0,"mlma",NA,NA,5000,5000,0,0,0,0.00116482828929553,0.00116482828929553,0.00715844825683619,0.0846076134685064,0.0833702681205736,0.985375484578661,0.0846071710443528,0.938,0.062,0.00341045451516363,0.062,NA,NA,NA,NA,NA,NA,0.0032,0,0.262372000000026,"broad",NA,NA,36,20,16,25568,68,"independent",0,"positive",0.111598732480779,0.191422047653585,0.192527133278258,27854.9140052521,12.8988810571842,9.9740808167002,15.4181058896958,0.000143601233134153,0.0119833731951464,"ok"
49,"broad",0,"mlma_cr2",NA,NA,5000,5000,0,0,0,0.00116482828929553,0.00116482828929553,0.00715844825683619,0.0846076134685064,0.0831973706529216,0.983331963191353,0.0846071710443528,0.9458,0.0542,0.00320194815698193,0.0542,NA,29.5279412635487,29.8170949560238,1.34312223492732,22.3838860935306,31.7508350065141,0.0032,0,0.286829999999955,"broad",NA,NA,36,20,16,25568,68,"independent",0,"positive",0.111598732480779,0.191422047653585,0.192527133278258,27854.9140052521,12.8988810571842,9.9740808167002,15.4181058896958,0.000143601233134153,0.0119833731951464,"ok"
49,"broad",0.05,"aggregate_hksj",NA,NA,5000,5000,0,0,0,0.0513348341845922,0.00133483418459224,0.00733353588579979,0.0856360665012107,0.0837144523294389,0.97756069083644,0.0856379060984269,0.9438,0.0982,0.00420848571341284,NA,0.0982,34,34,0,34,34,0,0,0.0400539999997738,"broad",NA,NA,36,20,16,25568,68,"independent",0,"positive",0.111598732480779,0.191422047653585,0.192527133278258,27854.9140052521,12.8988810571842,9.9740808167002,15.4181058896958,0.000143601233134153,0.0119833731951464,"ok"
49,"broad",0.05,"che_rve",NA,NA,5000,5000,0,0,0,0.0511648301626381,0.00116483016263806,0.00715838275899312,0.0846072263993633,0.0831973892338292,0.983336681445159,0.0846067840763914,0.9458,0.0956,0.00415838045397484,NA,0.0956,29.5264376134825,29.8165791963968,1.34345660103341,22.4449182254253,31.7502007343348,0.0034,0,0.316886000000071,"broad",NA,NA,36,20,16,25568,68,"independent",0,"positive",0.111598732480779,0.191422047653585,0.192527133278258,27854.9140052521,12.8988810571842,9.9740808167002,15.4181058896958,0.000143601233134153,0.0119833731951464,"ok"
49,"broad",0.05,"mlma",NA,NA,5000,5000,0,0,0,0.0511648282912614,0.00116482829126138,0.00715844825625619,0.0846076134650788,0.0833702681229651,0.985375484646846,0.0846071710409529,0.938,0.1052,0.00433896208787309,NA,0.1052,NA,NA,NA,NA,NA,0.0032,0,0.26116800000002,"broad",NA,NA,36,20,16,25568,68,"independent",0,"positive",0.111598732480779,0.191422047653585,0.192527133278258,27854.9140052521,12.8988810571842,9.9740808167002,15.4181058896958,0.000143601233134153,0.0119833731951464,"ok"
49,"broad",0.05,"mlma_cr2",NA,NA,5000,5000,0,0,0,0.0511648282912614,0.00116482829126138,0.00715844825625619,0.0846076134650788,0.0831973706531185,0.983331963233516,0.0846071710409529,0.9458,0.0954,0.00415448769404845,NA,0.0954,29.5279412637379,29.8170949619304,1.34312223445342,22.3838860941641,31.7508349895356,0.0032,0,0.285426000000007,"broad",NA,NA,36,20,16,25568,68,"independent",0,"positive",0.111598732480779,0.191422047653585,0.192527133278258,27854.9140052521,12.8988810571842,9.9740808167002,15.4181058896958,0.000143601233134153,0.0119833731951464,"ok"
49,"broad",0.1,"aggregate_hksj",NA,NA,5000,5000,0,0,0,0.101334834184592,0.00133483418459224,0.00733353588579979,0.0856360665012107,0.0837144523294389,0.97756069083644,0.0856379060984269,0.9438,0.2138,0.00579809554940241,NA,0.2138,34,34,0,34,34,0,0,0.040016000000175,"broad",NA,NA,36,20,16,25568,68,"independent",0,"positive",0.111598732480779,0.191422047653585,0.192527133278258,27854.9140052521,12.8988810571842,9.9740808167002,15.4181058896958,0.000143601233134153,0.0119833731951464,"ok"
49,"broad",0.1,"che_rve",NA,NA,5000,5000,0,0,0,0.101164830159501,0.00116483015950149,0.00715838275915105,0.0846072264002966,0.083197389233196,0.983336681426829,0.0846067840772813,0.9458,0.2108,0.00576824687405107,NA,0.2108,29.526437611195,29.8165791833956,1.3434566027202,22.4449182254017,31.7502007285908,0.0034,0,0.316727999999962,"broad",NA,NA,36,20,16,25568,68,"independent",0,"positive",0.111598732480779,0.191422047653585,0.192527133278258,27854.9140052521,12.8988810571842,9.9740808167002,15.4181058896958,0.000143601233134153,0.0119833731951464,"ok"
49,"broad",0.1,"mlma",NA,NA,5000,5000,0,0,0,0.101164828292058,0.00116482829205752,0.00715844825589351,0.0846076134629355,0.0833702681240566,0.985375484684708,0.084607171038821,0.938,0.2348,0.00599448012758404,NA,0.2348,NA,NA,NA,NA,NA,0.0032,0,0.262055999999982,"broad",NA,NA,36,20,16,25568,68,"independent",0,"positive",0.111598732480779,0.191422047653585,0.192527133278258,27854.9140052521,12.8988810571842,9.9740808167002,15.4181058896958,0.000143601233134153,0.0119833731951464,"ok"
49,"broad",0.1,"mlma_cr2",NA,NA,5000,5000,0,0,0,0.101164828292058,0.00116482829205752,0.00715844825589351,0.0846076134629355,0.0831973706533591,0.98333196326127,0.084607171038821,0.9458,0.2108,0.00576824687405107,NA,0.2108,29.5279412645916,29.8170949516514,1.34312223306922,22.3838860955458,31.750835005668,0.0032,0,0.286503999999931,"broad",NA,NA,36,20,16,25568,68,"independent",0,"positive",0.111598732480779,0.191422047653585,0.192527133278258,27854.9140052521,12.8988810571842,9.9740808167002,15.4181058896958,0.000143601233134153,0.0119833731951464,"ok"
49,"broad",0.2,"aggregate_hksj",NA,NA,5000,5000,0,0,0,0.201334834184592,0.00133483418459224,0.00733353588579979,0.0856360665012107,0.0837144523294389,0.97756069083644,0.0856379060984269,0.9438,0.6462,0.00676203460505786,NA,0.6462,34,34,0,34,34,0,0,0.0400259999999544,"broad",NA,NA,36,20,16,25568,68,"independent",0,"positive",0.111598732480779,0.191422047653585,0.192527133278258,27854.9140052521,12.8988810571842,9.9740808167002,15.4181058896958,0.000143601233134153,0.0119833731951464,"ok"
49,"broad",0.2,"che_rve",NA,NA,5000,5000,0,0,0,0.20116483015884,0.00116483015883956,0.00715838275873932,0.0846072263978634,0.0831973892324064,0.983336681445775,0.0846067840748395,0.9458,0.6436,0.00677316823945781,NA,0.6436,29.5264376113284,29.8165792331542,1.34345660213344,22.4449182254381,31.7502007344894,0.0034,0,0.317366000000088,"broad",NA,NA,36,20,16,25568,68,"independent",0,"positive",0.111598732480779,0.191422047653585,0.192527133278258,27854.9140052521,12.8988810571842,9.9740808167002,15.4181058896958,0.000143601233134153,0.0119833731951464,"ok"
49,"broad",0.2,"mlma",NA,NA,5000,5000,0,0,0,0.201164828289482,0.00116482828948242,0.00715844825677474,0.0846076134681433,0.0833702681218821,0.985375484598356,0.0846071710439923,0.938,0.6708,0.00664571079719845,NA,0.6708,NA,NA,NA,NA,NA,0.0032,0,0.260870000000062,"broad",NA,NA,36,20,16,25568,68,"independent",0,"positive",0.111598732480779,0.191422047653585,0.192527133278258,27854.9140052521,12.8988810571842,9.9740808167002,15.4181058896958,0.000143601233134153,0.0119833731951464,"ok"
49,"broad",0.2,"mlma_cr2",NA,NA,5000,5000,0,0,0,0.201164828289482,0.00116482828948242,0.00715844825677474,0.0846076134681433,0.0831973706537239,0.983331963205056,0.0846071710439923,0.9458,0.6436,0.00677316823945781,NA,0.6436,29.5279412640851,29.8170949582345,1.34312223433786,22.3838860934334,31.7508349852548,0.0032,0,0.285518000000023,"broad",NA,NA,36,20,16,25568,68,"independent",0,"positive",0.111598732480779,0.191422047653585,0.192527133278258,27854.9140052521,12.8988810571842,9.9740808167002,15.4181058896958,0.000143601233134153,0.0119833731951464,"ok"
50,"broad",0,"aggregate_hksj",NA,NA,5000,5000,0,0,0,9.54536972358346e-06,9.54536972358346e-06,0.00101523843417996,0.0318628064391692,0.031012781601633,0.973322348765509,0.0318596214291258,0.9452,0.0548,0.00321860093829602,0.0548,NA,58,58,0,58,58,0,0,0.0558179999999993,"broad",NA,NA,60,47,13,41074,415,"n_minority",0.377674776375643,"negative",0.658202709793113,0.088919751532143,0.0714645735999802,48880.3224133369,45.9648720781431,12.6051253649932,19.1947502544557,8.18325207877232e-05,0.00904613291897279,"ok"
50,"broad",0,"che_rve",NA,NA,5000,5000,0,0,0,4.09689372647908e-05,4.09689372647908e-05,0.0010156516359831,0.0318692898568999,0.0310223055801341,0.973423183241017,0.0318661291045794,0.9502,0.0498,0.00307636018697421,0.0498,NA,18.9667278802973,18.9743155297844,0.0521907688824581,18.6463157908391,19.0945106997591,0,0,0.581888000000123,"broad",NA,NA,60,47,13,41074,415,"n_minority",0.377674776375643,"negative",0.658202709793113,0.088919751532143,0.0714645735999802,48880.3224133369,45.9648720781431,12.6051253649932,19.1947502544557,8.18325207877232e-05,0.00904613291897279,"ok"
50,"broad",0,"mlma",NA,NA,5000,5000,0,0,0,5.36716618358422e-05,5.36716618358422e-05,0.00101664073817746,0.0318848041891032,0.0313284200679295,0.982550179142579,0.03188166072646,0.941,0.059,0.00333223648620562,0.059,NA,NA,NA,NA,NA,NA,0,0,0.396967999999912,"broad",NA,NA,60,47,13,41074,415,"n_minority",0.377674776375643,"negative",0.658202709793113,0.088919751532143,0.0714645735999802,48880.3224133369,45.9648720781431,12.6051253649932,19.1947502544557,8.18325207877232e-05,0.00904613291897279,"ok"
50,"broad",0,"mlma_cr2",NA,NA,5000,5000,0,0,0,5.36716618358422e-05,5.36716618358422e-05,0.00101664073817746,0.0318848041891032,0.0310266030735255,0.973084322221712,0.03188166072646,0.95,0.05,0.00308220700148449,0.05,NA,18.8912484981764,18.9020893359583,0.0697579997379062,18.4613872790413,19.0560400615539,0,0,0.439329999999958,"broad",NA,NA,60,47,13,41074,415,"n_minority",0.377674776375643,"negative",0.658202709793113,0.088919751532143,0.0714645735999802,48880.3224133369,45.9648720781431,12.6051253649932,19.1947502544557,8.18325207877232e-05,0.00904613291897279,"ok"
50,"broad",0.05,"aggregate_hksj",NA,NA,5000,5000,0,0,0,0.0500095453697236,9.54536972357783e-06,0.00101523843417996,0.0318628064391692,0.031012781601633,0.973322348765509,0.0318596214291258,0.9452,0.3512,0.0067506823358828,NA,0.3512,58,58,0,58,58,0,0,0.0564480000002019,"broad",NA,NA,60,47,13,41074,415,"n_minority",0.377674776375643,"negative",0.658202709793113,0.088919751532143,0.0714645735999802,48880.3224133369,45.9648720781431,12.6051253649932,19.1947502544557,8.18325207877232e-05,0.00904613291897279,"ok"
50,"broad",0.05,"che_rve",NA,NA,5000,5000,0,0,0,0.0500409689371576,4.09689371576316e-05,0.00101565163597422,0.0318692898567606,0.0310223055800887,0.973423183243845,0.03186612910444,0.9502,0.326,0.00662908741834048,NA,0.326,18.9667278803182,18.9743155301858,0.0521907688996482,18.6463157900354,19.0945106997809,0,0,0.582506000000128,"broad",NA,NA,60,47,13,41074,415,"n_minority",0.377674776375643,"negative",0.658202709793113,0.088919751532143,0.0714645735999802,48880.3224133369,45.9648720781431,12.6051253649932,19.1947502544557,8.18325207877232e-05,0.00904613291897279,"ok"
50,"broad",0.05,"mlma",NA,NA,5000,5000,0,0,0,0.0500536716536958,5.36716536957901e-05,0.0010166407377873,0.031884804182985,0.0313284199911852,0.982550176924192,0.0318816607203288,0.941,0.3612,0.00679315184579294,NA,0.3612,NA,NA,NA,NA,NA,0,0,0.394363999999821,"broad",NA,NA,60,47,13,41074,415,"n_minority",0.377674776375643,"negative",0.658202709793113,0.088919751532143,0.0714645735999802,48880.3224133369,45.9648720781431,12.6051253649932,19.1947502544557,8.18325207877232e-05,0.00904613291897279,"ok"
50,"broad",0.05,"mlma_cr2",NA,NA,5000,5000,0,0,0,0.0500536716536958,5.36716536957901e-05,0.0010166407377873,0.031884804182985,0.0310266030772668,0.97308432252577,0.0318816607203288,0.95,0.3264,0.00663118450957293,NA,0.3264,18.8912484963944,18.9020893357922,0.0697579999682414,18.4613872794746,19.0560400616122,0,0,0.436685999999609,"broad",NA,NA,60,47,13,41074,415,"n_minority",0.377674776375643,"negative",0.658202709793113,0.088919751532143,0.0714645735999802,48880.3224133369,45.9648720781431,12.6051253649932,19.1947502544557,8.18325207877232e-05,0.00904613291897279,"ok"
50,"broad",0.1,"aggregate_hksj",NA,NA,5000,5000,0,0,0,0.100009545369724,9.54536972358477e-06,0.00101523843417996,0.0318628064391692,0.031012781601633,0.973322348765509,0.0318596214291258,0.9452,0.8812,0.00457573076131015,NA,0.8812,58,58,0,58,58,0,0,0.0560519999997457,"broad",NA,NA,60,47,13,41074,415,"n_minority",0.377674776375643,"negative",0.658202709793113,0.088919751532143,0.0714645735999802,48880.3224133369,45.9648720781431,12.6051253649932,19.1947502544557,8.18325207877232e-05,0.00904613291897279,"ok"
50,"broad",0.1,"che_rve",NA,NA,5000,5000,0,0,0,0.100040968937689,4.0968937689484e-05,0.00101565163596058,0.0318692898565466,0.0310223055800367,0.973423183248751,0.0318661291042267,0.9502,0.855,0.00497945780180935,NA,0.855,18.9667278802939,18.97431552997,0.0521907689337172,18.646315788613,19.094510699714,0,0,0.582434000000084,"broad",NA,NA,60,47,13,41074,415,"n_minority",0.377674776375643,"negative",0.658202709793113,0.088919751532143,0.0714645735999802,48880.3224133369,45.9648720781431,12.6051253649932,19.1947502544557,8.18325207877232e-05,0.00904613291897279,"ok"
50,"broad",0.1,"mlma",NA,NA,5000,5000,0,0,0,0.100053671653521,5.36716535210618e-05,0.00101664073773285,0.0318848041821312,0.0313284199919327,0.982550176973949,0.0318816607194747,0.941,0.8846,0.00451846965243765,NA,0.8846,NA,NA,NA,NA,NA,0,0,0.394077999999991,"broad",NA,NA,60,47,13,41074,415,"n_minority",0.377674776375643,"negative",0.658202709793113,0.088919751532143,0.0714645735999802,48880.3224133369,45.9648720781431,12.6051253649932,19.1947502544557,8.18325207877232e-05,0.00904613291897279,"ok"
50,"broad",0.1,"mlma_cr2",NA,NA,5000,5000,0,0,0,0.100053671653521,5.36716535210618e-05,0.00101664073773285,0.0318848041821312,0.031026603077074,0.973084322545781,0.0318816607194747,0.95,0.8526,0.00501344671857595,NA,0.8526,18.8912484963774,18.9020893358771,0.0697579999584,18.4613872781589,19.0560400617337,0,0,0.436016000000125,"broad",NA,NA,60,47,13,41074,415,"n_minority",0.377674776375643,"negative",0.658202709793113,0.088919751532143,0.0714645735999802,48880.3224133369,45.9648720781431,12.6051253649932,19.1947502544557,8.18325207877232e-05,0.00904613291897279,"ok"
50,"broad",0.2,"aggregate_hksj",NA,NA,5000,5000,0,0,0,0.200009545369724,9.54536972358477e-06,0.00101523843417996,0.0318628064391692,0.031012781601633,0.973322348765509,0.0318596214291258,0.9452,1,0,NA,1,58,58,0,58,58,0,0,0.0558879999998782,"broad",NA,NA,60,47,13,41074,415,"n_minority",0.377674776375643,"negative",0.658202709793113,0.088919751532143,0.0714645735999802,48880.3224133369,45.9648720781431,12.6051253649932,19.1947502544557,8.18325207877232e-05,0.00904613291897279,"ok"
50,"broad",0.2,"che_rve",NA,NA,5000,5000,0,0,0,0.200040968937408,4.09689374082367e-05,0.00101565163597961,0.0318692898568451,0.0310223055803695,0.973423183250077,0.0318661291045248,0.9502,1,0,NA,1,18.9667278801878,18.9743155298002,0.0521907689934143,18.6463157949612,19.094510699812,0,0,0.582941999999975,"broad",NA,NA,60,47,13,41074,415,"n_minority",0.377674776375643,"negative",0.658202709793113,0.088919751532143,0.0714645735999802,48880.3224133369,45.9648720781431,12.6051253649932,19.1947502544557,8.18325207877232e-05,0.00904613291897279,"ok"
50,"broad",0.2,"mlma",NA,NA,5000,5000,0,0,0,0.200053671654167,5.36716541665316e-05,0.00101664073775306,0.0318848041824482,0.0313284199847608,0.98255017673925,0.0318816607197927,0.941,1,0,NA,1,NA,NA,NA,NA,NA,0,0,0.394804000000039,"broad",NA,NA,60,47,13,41074,415,"n_minority",0.377674776375643,"negative",0.658202709793113,0.088919751532143,0.0714645735999802,48880.3224133369,45.9648720781431,12.6051253649932,19.1947502544557,8.18325207877232e-05,0.00904613291897279,"ok"
50,"broad",0.2,"mlma_cr2",NA,NA,5000,5000,0,0,0,0.200053671654167,5.36716541665316e-05,0.00101664073775306,0.0318848041824482,0.0310266030771925,0.973084322539823,0.0318816607197927,0.95,1,0,NA,1,18.8912484963291,18.9020893359994,0.0697579997713112,18.4613872790405,19.056040061606,0,0,0.437112000000075,"broad",NA,NA,60,47,13,41074,415,"n_minority",0.377674776375643,"negative",0.658202709793113,0.088919751532143,0.0714645735999802,48880.3224133369,45.9648720781431,12.6051253649932,19.1947502544557,8.18325207877232e-05,0.00904613291897279,"ok"
51,"broad",0,"aggregate_hksj",NA,NA,5000,5000,0,0,0,0.00125936089938519,0.00125936089938519,0.00169882339117222,0.0412167853085636,0.0424240378965032,1.02929031410144,0.0412319004700109,0.9574,0.0426,0.00285605462132642,0.0426,NA,118,118,0,118,118,0,0,0.107915999999984,"broad",NA,NA,120,110,10,38250,423,"nk_minority",0.634302391583042,"negative",0.466436469387263,0.0421802866184153,0.210435306443425,18251.6280604853,109.944433216419,9.99606497101692,10.7323930145429,0.000219158531323569,0.0148040038950133,"ok"
51,"broad",0,"che_rve",NA,NA,5000,4985,15,0,0.003,0.00131548720153789,0.00131548720153789,0.00168559155727647,0.0410559564165356,0.0401354765427131,0.977579870153707,0.0410729099424949,0.955867602808425,0.0441323971915747,0.00290900889310439,0.0441323971915747,NA,10.7391787553493,10.739523462149,0.00396816716552422,10.7322232510749,10.7454479162944,0.222266800401204,0,0.91612036108326,"broad",NA,NA,120,110,10,38250,423,"nk_minority",0.634302391583042,"negative",0.466436469387263,0.0421802866184153,0.210435306443425,18251.6280604853,109.944433216419,9.99606497101692,10.7323930145429,0.000219158531323569,0.0148040038950133,"ok"
51,"broad",0,"mlma",NA,NA,5000,4995,5,0,0.001,0.00128946350390023,0.00128946350390023,0.00168680851008958,0.0410707744033343,0.041126179798687,1.00134902241698,0.04108690213214,0.951151151151151,0.0488488488488488,0.00304989009516586,0.0488488488488488,NA,NA,NA,NA,NA,NA,0.0766766766766767,0,0.473827827827815,"broad",NA,NA,120,110,10,38250,423,"nk_minority",0.634302391583042,"negative",0.466436469387263,0.0421802866184153,0.210435306443425,18251.6280604853,109.944433216419,9.99606497101692,10.7323930145429,0.000219158531323569,0.0148040038950133,"ok"
51,"broad",0,"mlma_cr2",NA,NA,5000,4995,5,0,0.001,0.00128946350390023,0.00128946350390023,0.00168680851008958,0.0410707744033343,0.040133069536654,0.977168561335815,0.04108690213214,0.955755755755756,0.0442442442442442,0.00290960547551092,0.0442442442442442,NA,10.7373175358238,10.7386951115032,0.0057857420471239,10.7252124119235,10.7448462122332,0.0766766766766767,0,0.547481481481458,"broad",NA,NA,120,110,10,38250,423,"nk_minority",0.634302391583042,"negative",0.466436469387263,0.0421802866184153,0.210435306443425,18251.6280604853,109.944433216419,9.99606497101692,10.7323930145429,0.000219158531323569,0.0148040038950133,"ok"
51,"broad",0.05,"aggregate_hksj",NA,NA,5000,5000,0,0,0,0.0512593608993852,0.00125936089938519,0.00169882339117222,0.0412167853085636,0.0424240378965032,1.02929031410144,0.0412319004700109,0.9574,0.2178,0.00583717671481685,NA,0.2178,118,118,0,118,118,0,0,0.107542000000003,"broad",NA,NA,120,110,10,38250,423,"nk_minority",0.634302391583042,"negative",0.466436469387263,0.0421802866184153,0.210435306443425,18251.6280604853,109.944433216419,9.99606497101692,10.7323930145429,0.000219158531323569,0.0148040038950133,"ok"
51,"broad",0.05,"che_rve",NA,NA,5000,4977,23,0,0.0046,0.0512628749301317,0.0012628749301317,0.00168286374983214,0.0410227223600791,0.0401495781111918,0.97871559470814,0.0410380369265135,0.955997588908981,0.212376933895921,0.00579734393267095,NA,0.212376933895921,10.7391861693299,10.7395303355821,0.00396696001370198,10.7322232510727,10.7454479163191,0.221016676712879,0,0.915684147076564,"broad",NA,NA,120,110,10,38250,423,"nk_minority",0.634302391583042,"negative",0.466436469387263,0.0421802866184153,0.210435306443425,18251.6280604853,109.944433216419,9.99606497101692,10.7323930145429,0.000219158531323569,0.0148040038950133,"ok"
51,"broad",0.05,"mlma",NA,NA,5000,4997,3,0,6e-04,0.0513132775768579,0.00131327757685788,0.0016840005884429,0.0410365762271038,0.0411251237968227,1.00215777186744,0.04105348077956,0.951370822493496,0.238943366019612,0.00603255516377997,NA,0.238943366019612,NA,NA,NA,NA,NA,0.077046227736642,0,0.471654992995772,"broad",NA,NA,120,110,10,38250,423,"nk_minority",0.634302391583042,"negative",0.466436469387263,0.0421802866184153,0.210435306443425,18251.6280604853,109.944433216419,9.99606497101692,10.7323930145429,0.000219158531323569,0.0148040038950133,"ok"
51,"broad",0.05,"mlma_cr2",NA,NA,5000,4997,3,0,6e-04,0.0513132775768579,0.00131327757685788,0.0016840005884429,0.0410365762271038,0.0401317901679206,0.977951716678897,0.04105348077956,0.95597358415049,0.213728236942165,0.00579912695663988,NA,0.213728236942165,10.737312730164,10.7386916980864,0.00578956852653648,10.725212411913,10.7448462122341,0.077046227736642,0,0.545297178306966,"broad",NA,NA,120,110,10,38250,423,"nk_minority",0.634302391583042,"negative",0.466436469387263,0.0421802866184153,0.210435306443425,18251.6280604853,109.944433216419,9.99606497101692,10.7323930145429,0.000219158531323569,0.0148040038950133,"ok"
51,"broad",0.1,"aggregate_hksj",NA,NA,5000,5000,0,0,0,0.101259360899385,0.00125936089938519,0.00169882339117222,0.0412167853085636,0.0424240378965032,1.02929031410144,0.0412319004700109,0.9574,0.6662,0.00666899632628479,NA,0.6662,118,118,0,118,118,0,0,0.106750000000002,"broad",NA,NA,120,110,10,38250,423,"nk_minority",0.634302391583042,"negative",0.466436469387263,0.0421802866184153,0.210435306443425,18251.6280604853,109.944433216419,9.99606497101692,10.7323930145429,0.000219158531323569,0.0148040038950133,"ok"
51,"broad",0.1,"che_rve",NA,NA,5000,4983,17,0,0.0034,0.101245741367587,0.00124574136758665,0.00168101227099108,0.0410001496459595,0.0401425449341394,0.979082888252223,0.0410149581628909,0.956251254264499,0.612883804936785,0.00690024163739385,NA,0.612883804936785,10.7391803967618,10.7395240055444,0.00396820346435682,10.7322232510757,10.7454479163165,0.221954645795705,0,0.913335340156548,"broad",NA,NA,120,110,10,38250,423,"nk_minority",0.634302391583042,"negative",0.466436469387263,0.0421802866184153,0.210435306443425,18251.6280604853,109.944433216419,9.99606497101692,10.7323930145429,0.000219158531323569,0.0148040038950133,"ok"
51,"broad",0.1,"mlma",NA,NA,5000,4996,4,0,8e-04,0.101283866900189,0.00128386690018915,0.00168675961118282,0.0410701790984995,0.0411263247531997,1.001367066225,0.0410861327381925,0.951160928742994,0.693154523618895,0.00652474703419218,NA,0.693154523618895,NA,NA,NA,NA,NA,0.0768614891913531,0,0.470646517213746,"broad",NA,NA,120,110,10,38250,423,"nk_minority",0.634302391583042,"negative",0.466436469387263,0.0421802866184153,0.210435306443425,18251.6280604853,109.944433216419,9.99606497101692,10.7323930145429,0.000219158531323569,0.0148040038950133,"ok"
51,"broad",0.1,"mlma_cr2",NA,NA,5000,4996,4,0,8e-04,0.101283866900189,0.00128386690018915,0.00168675961118282,0.0410701790984995,0.0401341115144157,0.977208095882933,0.0410861327381925,0.955764611689351,0.6128903122498,0.00689123695699593,NA,0.6128903122498,10.737315097324,10.7386934048129,0.00578772918503391,10.7252124119211,10.7448462122326,0.0768614891913531,0,0.544547638110461,"broad",NA,NA,120,110,10,38250,423,"nk_minority",0.634302391583042,"negative",0.466436469387263,0.0421802866184153,0.210435306443425,18251.6280604853,109.944433216419,9.99606497101692,10.7323930145429,0.000219158531323569,0.0148040038950133,"ok"
51,"broad",0.2,"aggregate_hksj",NA,NA,5000,5000,0,0,0,0.201259360899385,0.00125936089938519,0.00169882339117222,0.0412167853085636,0.0424240378965032,1.02929031410144,0.0412319004700109,0.9574,0.9978,0.000662594898863548,NA,0.9978,118,118,0,118,118,0,0,0.107238000000015,"broad",NA,NA,120,110,10,38250,423,"nk_minority",0.634302391583042,"negative",0.466436469387263,0.0421802866184153,0.210435306443425,18251.6280604853,109.944433216419,9.99606497101692,10.7323930145429,0.000219158531323569,0.0148040038950133,"ok"
51,"broad",0.2,"che_rve",NA,NA,5000,4979,21,0,0.0042,0.201263671625285,0.00126367162528543,0.00168342866769667,0.0410296072086569,0.0401514458570869,0.978596886216725,0.041044943999175,0.956216107652139,0.992167101827676,0.00124934559118575,NA,0.992167101827676,10.739184179184,10.7395296733406,0.00396751801392554,10.732223251082,10.7454479162989,0.221329584253866,0,0.91460735087367,"broad",NA,NA,120,110,10,38250,423,"nk_minority",0.634302391583042,"negative",0.466436469387263,0.0421802866184153,0.210435306443425,18251.6280604853,109.944433216419,9.99606497101692,10.7323930145429,0.000219158531323569,0.0148040038950133,"ok"
51,"broad",0.2,"mlma",NA,NA,5000,5000,0,0,0,0.20129685590007,0.00129685590006964,0.00168608967594045,0.0410620223069986,0.041122649355597,1.00147647498083,0.0410783920477763,0.9512,0.9978,0.000662594898863548,NA,0.9978,NA,NA,NA,NA,NA,0.0776,0,0.470982000000001,"broad",NA,NA,120,110,10,38250,423,"nk_minority",0.634302391583042,"negative",0.466436469387263,0.0421802866184153,0.210435306443425,18251.6280604853,109.944433216419,9.99606497101692,10.7323930145429,0.000219158531323569,0.0148040038950133,"ok"
51,"broad",0.2,"mlma_cr2",NA,NA,5000,5000,0,0,0,0.20129685590007,0.00129685590006964,0.00168608967594045,0.0410620223069986,0.040130416304323,0.977312223063188,0.0410783920477763,0.9558,0.992,0.00125984125984189,NA,0.992,10.7373055709814,10.7386912344877,0.0057952030356164,10.7252124119171,10.7448462122302,0.0776,0,0.544696000000014,"broad",NA,NA,120,110,10,38250,423,"nk_minority",0.634302391583042,"negative",0.466436469387263,0.0421802866184153,0.210435306443425,18251.6280604853,109.944433216419,9.99606497101692,10.7323930145429,0.000219158531323569,0.0148040038950133,"ok"
52,"broad",0,"aggregate_hksj",NA,NA,5000,5000,0,0,0,-0.000450102030366598,-0.000450102030366598,0.00146568262708765,0.0382842347068301,0.0386674509562873,1.0100097664846,0.0382830521562738,0.9488,0.0512,0.0031170036894428,0.0512,NA,70,70,0,70,70,0,0,0.0693780000000319,"broad",NA,NA,72,41,31,11544,554,"independent",0,"negative",0.849764391928911,0.117962273352721,0.0319425661808928,19075.4308655407,12.6603174715584,15.2865283699409,25.9460788090663,0.000209693821764513,0.0144808087400018,"ok"
52,"broad",0,"che_rve",NA,NA,5000,5000,0,0,0,-0.000519037339814963,-0.000519037339814963,0.00143825194179113,0.0379242922384998,0.0373624713384193,0.985185724850254,0.0379240516185032,0.9428,0.0572,0.00328414859590732,0.0572,NA,56.0653306382768,56.2902937389478,1.92543425378736,46.3603722469841,60.7379907402673,0,0,0.721500000000063,"broad",NA,NA,72,41,31,11544,554,"independent",0,"negative",0.849764391928911,0.117962273352721,0.0319425661808928,19075.4308655407,12.6603174715584,15.2865283699409,25.9460788090663,0.000209693821764513,0.0144808087400018,"ok"
52,"broad",0,"mlma",NA,NA,5000,5000,0,0,0,-0.000308653685575658,-0.000308653685575658,0.0017275120358073,0.0415633496701998,0.0409972735888861,0.986380402787422,0.041560339273131,0.9446,0.0554,0.00323514574633045,0.0554,NA,NA,NA,NA,NA,NA,0,0.9986,1.33689399999992,"broad",NA,NA,72,41,31,11544,554,"independent",0,"negative",0.849764391928911,0.117962273352721,0.0319425661808928,19075.4308655407,12.6603174715584,15.2865283699409,25.9460788090663,0.000209693821764513,0.0144808087400018,"ok"
52,"broad",0,"mlma_cr2",NA,NA,5000,5000,0,0,0,-0.000308653685575658,-0.000308653685575658,0.0017275120358073,0.0415633496701998,0.0408078315993005,0.9818224932087,0.041560339273131,0.9454,0.0546,0.00321306209090332,0.0546,NA,64.6230533249895,64.6360719449961,0.0667701915796808,64.0194516529344,64.7355901897716,0,0.9986,1.38849999999989,"broad",NA,NA,72,41,31,11544,554,"independent",0,"negative",0.849764391928911,0.117962273352721,0.0319425661808928,19075.4308655407,12.6603174715584,15.2865283699409,25.9460788090663,0.000209693821764513,0.0144808087400018,"ok"
52,"broad",0.05,"aggregate_hksj",NA,NA,5000,5000,0,0,0,0.0495498979696334,-0.000450102030366599,0.00146568262708766,0.0382842347068301,0.0386674509562873,1.0100097664846,0.0382830521562738,0.9488,0.2442,0.00607562935011674,NA,0.2442,70,70,0,70,70,0,0,0.068565999999929,"broad",NA,NA,72,41,31,11544,554,"independent",0,"negative",0.849764391928911,0.117962273352721,0.0319425661808928,19075.4308655407,12.6603174715584,15.2865283699409,25.9460788090663,0.000209693821764513,0.0144808087400018,"ok"
52,"broad",0.05,"che_rve",NA,NA,5000,5000,0,0,0,0.049480962663451,-0.00051903733654899,0.00143825194187158,0.0379242922395604,0.037362471338839,0.985185724833771,0.0379240516195189,0.9428,0.2568,0.00617824829543132,NA,0.2568,56.0653306402186,56.2902937473917,1.92543425586629,46.3603721319659,60.7379907286874,0,0,0.719094000000029,"broad",NA,NA,72,41,31,11544,554,"independent",0,"negative",0.849764391928911,0.117962273352721,0.0319425661808928,19075.4308655407,12.6603174715584,15.2865283699409,25.9460788090663,0.000209693821764513,0.0144808087400018,"ok"
52,"broad",0.05,"mlma",NA,NA,5000,5000,0,0,0,0.0496913463109455,-0.000308653689054486,0.00172751203513068,0.0415633496620601,0.0409972735412618,0.986380401834766,0.0415603392650182,0.9446,0.2382,0.00602429680543713,NA,0.2382,NA,NA,NA,NA,NA,0,0.9986,1.33378400000001,"broad",NA,NA,72,41,31,11544,554,"independent",0,"negative",0.849764391928911,0.117962273352721,0.0319425661808928,19075.4308655407,12.6603174715584,15.2865283699409,25.9460788090663,0.000209693821764513,0.0144808087400018,"ok"
52,"broad",0.05,"mlma_cr2",NA,NA,5000,5000,0,0,0,0.0496913463109455,-0.000308653689054486,0.00172751203513068,0.0415633496620601,0.0408078315975354,0.981822493358507,0.0415603392650182,0.9454,0.2308,0.00595871395520879,NA,0.2308,64.6230533242468,64.6360719451768,0.0667701913184141,64.0194516520267,64.7355901896641,0,0.9986,1.38509199999994,"broad",NA,NA,72,41,31,11544,554,"independent",0,"negative",0.849764391928911,0.117962273352721,0.0319425661808928,19075.4308655407,12.6603174715584,15.2865283699409,25.9460788090663,0.000209693821764513,0.0144808087400018,"ok"
52,"broad",0.1,"aggregate_hksj",NA,NA,5000,5000,0,0,0,0.0995498979696334,-0.000450102030366606,0.00146568262708766,0.0382842347068301,0.0386674509562873,1.0100097664846,0.0382830521562738,0.9488,0.718,0.0063635838958876,NA,0.718,70,70,0,70,70,0,0,0.0680440000000308,"broad",NA,NA,72,41,31,11544,554,"independent",0,"negative",0.849764391928911,0.117962273352721,0.0319425661808928,19075.4308655407,12.6603174715584,15.2865283699409,25.9460788090663,0.000209693821764513,0.0144808087400018,"ok"
52,"broad",0.1,"che_rve",NA,NA,5000,5000,0,0,0,0.0994809626625594,-0.000519037337440631,0.00143825194156466,0.0379242922355139,0.0373624713380534,0.985185724918173,0.0379240516154855,0.9428,0.7406,0.00619857467487486,NA,0.7406,56.0653306431424,56.2902937361037,1.92543425124002,46.3603721766192,60.737990755011,0,0,0.719373999999954,"broad",NA,NA,72,41,31,11544,554,"independent",0,"negative",0.849764391928911,0.117962273352721,0.0319425661808928,19075.4308655407,12.6603174715584,15.2865283699409,25.9460788090663,0.000209693821764513,0.0144808087400018,"ok"
52,"broad",0.1,"mlma",NA,NA,5000,5000,0,0,0,0.099691346310744,-0.000308653689256047,0.0017275120353471,0.0415633496646637,0.0409972735742872,0.986380402567559,0.0415603392676229,0.9446,0.6772,0.00661211252172859,NA,0.6772,NA,NA,NA,NA,NA,0,0.9986,1.33283999999997,"broad",NA,NA,72,41,31,11544,554,"independent",0,"negative",0.849764391928911,0.117962273352721,0.0319425661808928,19075.4308655407,12.6603174715584,15.2865283699409,25.9460788090663,0.000209693821764513,0.0144808087400018,"ok"
52,"broad",0.1,"mlma_cr2",NA,NA,5000,5000,0,0,0,0.099691346310744,-0.000308653689256047,0.0017275120353471,0.0415633496646637,0.0408078315994314,0.981822493342623,0.0415603392676229,0.9454,0.6684,0.00665794923381066,NA,0.6684,64.6230533249135,64.6360719452715,0.066770190648193,64.0194516529074,64.7355901897083,0,0.9986,1.384404,"broad",NA,NA,72,41,31,11544,554,"independent",0,"negative",0.849764391928911,0.117962273352721,0.0319425661808928,19075.4308655407,12.6603174715584,15.2865283699409,25.9460788090663,0.000209693821764513,0.0144808087400018,"ok"
52,"broad",0.2,"aggregate_hksj",NA,NA,5000,5000,0,0,0,0.199549897969633,-0.000450102030366606,0.00146568262708766,0.0382842347068301,0.0386674509562873,1.0100097664846,0.0382830521562738,0.9488,0.9988,0.000489603921552918,NA,0.9988,70,70,0,70,70,0,0,0.0680419999999969,"broad",NA,NA,72,41,31,11544,554,"independent",0,"negative",0.849764391928911,0.117962273352721,0.0319425661808928,19075.4308655407,12.6603174715584,15.2865283699409,25.9460788090663,0.000209693821764513,0.0144808087400018,"ok"
52,"broad",0.2,"che_rve",NA,NA,5000,5000,0,0,0,0.199480962662591,-0.000519037337409045,0.00143825194168924,0.0379242922371564,0.0373624713383617,0.985185724883634,0.0379240516171272,0.9428,0.9994,0.000346306222872199,NA,0.9994,56.0653306392157,56.2902937423847,1.92543425280363,46.3603722639249,60.7379907514671,0,0,0.719205999999937,"broad",NA,NA,72,41,31,11544,554,"independent",0,"negative",0.849764391928911,0.117962273352721,0.0319425661808928,19075.4308655407,12.6603174715584,15.2865283699409,25.9460788090663,0.000209693821764513,0.0144808087400018,"ok"
52,"broad",0.2,"mlma",NA,NA,5000,5000,0,0,0,0.199691346319362,-0.000308653680638177,0.00172751203560218,0.0415633496677323,0.0409972735911933,0.986380402901489,0.0415603392706272,0.9446,0.9976,0.000691988439209783,NA,0.9976,NA,NA,NA,NA,NA,0,0.9986,1.33089800000007,"broad",NA,NA,72,41,31,11544,554,"independent",0,"negative",0.849764391928911,0.117962273352721,0.0319425661808928,19075.4308655407,12.6603174715584,15.2865283699409,25.9460788090663,0.000209693821764513,0.0144808087400018,"ok"
52,"broad",0.2,"mlma_cr2",NA,NA,5000,5000,0,0,0,0.199691346319362,-0.000308653680638177,0.00172751203560218,0.0415633496677323,0.0408078315989921,0.981822493259567,0.0415603392706272,0.9454,0.9976,0.000691988439209783,NA,0.9976,64.623053325045,64.6360719451857,0.0667701911665567,64.0194516517025,64.7355901896893,0,0.9986,1.38250000000008,"broad",NA,NA,72,41,31,11544,554,"independent",0,"negative",0.849764391928911,0.117962273352721,0.0319425661808928,19075.4308655407,12.6603174715584,15.2865283699409,25.9460788090663,0.000209693821764513,0.0144808087400018,"ok"
53,"broad",0,"aggregate_hksj",NA,NA,5000,5000,0,0,0,-0.00106012264059624,-0.00106012264059624,0.00588275403203228,0.0766991136326377,0.0705017216767054,0.919198649600884,0.0766987701416325,0.931,0.069,0.00358438279205779,0.069,NA,46,46,0,46,46,0,0,0.0508559999999648,"broad",NA,NA,48,34,14,12531,150,"n_minority",0.887643698381144,"negative",0.226428564784583,0.132502243192983,0.215038244428462,9770.04503270403,28.6632990451995,5.73138517790543,29.954742063583,0.000409414694262973,0.0202339984744235,"ok"
53,"broad",0,"che_rve",NA,NA,5000,4996,4,0,8e-04,-0.000969281969487216,-0.000969281969487216,0.00565285885415808,0.0751854963018672,0.0749014134881222,0.996221574270064,0.0751842196524115,0.955164131305044,0.044835868694956,0.00292779444273399,0.044835868694956,NA,20.1575932045758,20.2937894551315,1.19956420242917,16.2943655566043,23.2999944171153,0.0288230584467574,0,0.420242193754972,"broad",NA,NA,48,34,14,12531,150,"n_minority",0.887643698381144,"negative",0.226428564784583,0.132502243192983,0.215038244428462,9770.04503270403,28.6632990451995,5.73138517790543,29.954742063583,0.000409414694262973,0.0202339984744235,"ok"
53,"broad",0,"mlma",NA,NA,5000,5000,0,0,0,-0.00095259718226322,-0.00095259718226322,0.00565096791077968,0.0751729200628769,0.0755771905133228,1.00537787344309,0.0751714384496477,0.9496,0.0504,0.00309385972532693,0.0504,NA,NA,NA,NA,NA,NA,0.0062,0,0.30992600000012,"broad",NA,NA,48,34,14,12531,150,"n_minority",0.887643698381144,"negative",0.226428564784583,0.132502243192983,0.215038244428462,9770.04503270403,28.6632990451995,5.73138517790543,29.954742063583,0.000409414694262973,0.0202339984744235,"ok"
53,"broad",0,"mlma_cr2",NA,NA,5000,5000,0,0,0,-0.00095259718226322,-0.00095259718226322,0.00565096791077968,0.0751729200628769,0.0748810812382233,0.996117766551978,0.0751714384496477,0.9552,0.0448,0.00292550713552369,0.0448,NA,20.1362731804992,20.2987455893234,1.26615691489157,15.0662056332623,23.3195882098625,0.0062,0,0.342352000000046,"broad",NA,NA,48,34,14,12531,150,"n_minority",0.887643698381144,"negative",0.226428564784583,0.132502243192983,0.215038244428462,9770.04503270403,28.6632990451995,5.73138517790543,29.954742063583,0.000409414694262973,0.0202339984744235,"ok"
53,"broad",0.05,"aggregate_hksj",NA,NA,5000,5000,0,0,0,0.0489398773594038,-0.00106012264059624,0.00588275403203228,0.0766991136326377,0.0705017216767054,0.919198649600884,0.0766987701416325,0.931,0.1262,0.0046962444570103,NA,0.1262,46,46,0,46,46,0,0,0.0508619999999821,"broad",NA,NA,48,34,14,12531,150,"n_minority",0.887643698381144,"negative",0.226428564784583,0.132502243192983,0.215038244428462,9770.04503270403,28.6632990451995,5.73138517790543,29.954742063583,0.000409414694262973,0.0202339984744235,"ok"
53,"broad",0.05,"che_rve",NA,NA,5000,4996,4,0,8e-04,0.0490686389074594,-0.000931361092540599,0.00565412469102365,0.0751939139227614,0.0748967386701322,0.996047881575437,0.0751921564671867,0.955164131305044,0.0902722177742194,0.00405435310718774,NA,0.0902722177742194,20.1577939985715,20.2937894609634,1.19920627228846,16.2943665471144,23.2999944213224,0.0288230584467574,0,0.421727381905576,"broad",NA,NA,48,34,14,12531,150,"n_minority",0.887643698381144,"negative",0.226428564784583,0.132502243192983,0.215038244428462,9770.04503270403,28.6632990451995,5.73138517790543,29.954742063583,0.000409414694262973,0.0202339984744235,"ok"
53,"broad",0.05,"mlma",NA,NA,5000,5000,0,0,0,0.049047402819058,-0.000952597180942018,0.00565096791147021,0.0751729200674699,0.0755771905100945,1.00537787333872,0.0751714384542231,0.9496,0.1026,0.00429122919453156,NA,0.1026,NA,NA,NA,NA,NA,0.0062,0,0.309542000000062,"broad",NA,NA,48,34,14,12531,150,"n_minority",0.887643698381144,"negative",0.226428564784583,0.132502243192983,0.215038244428462,9770.04503270403,28.6632990451995,5.73138517790543,29.954742063583,0.000409414694262973,0.0202339984744235,"ok"
53,"broad",0.05,"mlma_cr2",NA,NA,5000,5000,0,0,0,0.049047402819058,-0.000952597180942018,0.00565096791147021,0.0751729200674699,0.0748810812385917,0.996117766496017,0.0751714384542231,0.9552,0.0908,0.00406338184275118,NA,0.0908,20.1362731796085,20.2987455972302,1.26615691377786,15.0662056295735,23.3195882084407,0.0062,0,0.341700000000012,"broad",NA,NA,48,34,14,12531,150,"n_minority",0.887643698381144,"negative",0.226428564784583,0.132502243192983,0.215038244428462,9770.04503270403,28.6632990451995,5.73138517790543,29.954742063583,0.000409414694262973,0.0202339984744235,"ok"
53,"broad",0.1,"aggregate_hksj",NA,NA,5000,5000,0,0,0,0.0989398773594038,-0.00106012264059625,0.00588275403203228,0.0766991136326377,0.0705017216767054,0.919198649600884,0.0766987701416325,0.931,0.2904,0.0064197794354635,NA,0.2904,46,46,0,46,46,0,0,0.0504899999998655,"broad",NA,NA,48,34,14,12531,150,"n_minority",0.887643698381144,"negative",0.226428564784583,0.132502243192983,0.215038244428462,9770.04503270403,28.6632990451995,5.73138517790543,29.954742063583,0.000409414694262973,0.0202339984744235,"ok"
53,"broad",0.1,"che_rve",NA,NA,5000,4995,5,0,0.001,0.0990481535223181,-0.000951846477681872,0.00565408676721954,0.0751936617489768,0.0748988826109533,0.99607973423335,0.0751921593627545,0.955155155155155,0.237037037037037,0.00601716730067165,NA,0.237037037037037,20.1584255407892,20.2938993012124,1.19851608971554,16.2943657578169,23.2999944142614,0.0286286286286286,0,0.419215215215086,"broad",NA,NA,48,34,14,12531,150,"n_minority",0.887643698381144,"negative",0.226428564784583,0.132502243192983,0.215038244428462,9770.04503270403,28.6632990451995,5.73138517790543,29.954742063583,0.000409414694262973,0.0202339984744235,"ok"
53,"broad",0.1,"mlma",NA,NA,5000,4996,4,0,8e-04,0.0990507437581512,-0.0009492562418488,0.00565293137112668,0.0751859785540275,0.0755834290934373,1.00528623218123,0.0751844463108692,0.949559647718175,0.263811048839071,0.00623490618325499,NA,0.263811048839071,NA,NA,NA,NA,NA,0.00540432345876701,0,0.309279423538788,"broad",NA,NA,48,34,14,12531,150,"n_minority",0.887643698381144,"negative",0.226428564784583,0.132502243192983,0.215038244428462,9770.04503270403,28.6632990451995,5.73138517790543,29.954742063583,0.000409414694262973,0.0202339984744235,"ok"
53,"broad",0.1,"mlma_cr2",NA,NA,5000,4996,4,0,8e-04,0.0990507437581512,-0.0009492562418488,0.00565293137112668,0.0751859785540275,0.0748845928319334,0.995991463729138,0.0751844463108692,0.955164131305044,0.236589271417134,0.00601264327203786,NA,0.236589271417134,20.1400322111891,20.2990921344273,1.25965205658523,15.1683079172212,23.3195882069039,0.00540432345876701,0,0.341435148118556,"broad",NA,NA,48,34,14,12531,150,"n_minority",0.887643698381144,"negative",0.226428564784583,0.132502243192983,0.215038244428462,9770.04503270403,28.6632990451995,5.73138517790543,29.954742063583,0.000409414694262973,0.0202339984744235,"ok"
53,"broad",0.2,"aggregate_hksj",NA,NA,5000,5000,0,0,0,0.198939877359404,-0.00106012264059624,0.00588275403203228,0.0766991136326377,0.0705017216767054,0.919198649600884,0.0766987701416325,0.931,0.7652,0.00599448012758404,NA,0.7652,46,46,0,46,46,0,0,0.0504940000000759,"broad",NA,NA,48,34,14,12531,150,"n_minority",0.887643698381144,"negative",0.226428564784583,0.132502243192983,0.215038244428462,9770.04503270403,28.6632990451995,5.73138517790543,29.954742063583,0.000409414694262973,0.0202339984744235,"ok"
53,"broad",0.2,"che_rve",NA,NA,5000,4996,4,0,8e-04,0.199081313756642,-0.000918686243358058,0.00564799523837032,0.0751531452327201,0.0748977018758667,0.996601029057899,0.0751512389740424,0.955364291433146,0.702962369895917,0.00646488136272228,NA,0.702962369895917,20.1578819782177,20.293789505862,1.19902645229691,16.2943656061507,23.2999944129497,0.0288230584467574,0,0.419953963170553,"broad",NA,NA,48,34,14,12531,150,"n_minority",0.887643698381144,"negative",0.226428564784583,0.132502243192983,0.215038244428462,9770.04503270403,28.6632990451995,5.73138517790543,29.954742063583,0.000409414694262973,0.0202339984744235,"ok"
53,"broad",0.2,"mlma",NA,NA,5000,4998,2,0,4e-04,0.199054474803854,-0.000945525196145852,0.0056526093494573,0.0751838370227092,0.0755804303758532,1.00527498154988,0.0751822611597593,0.949579831932773,0.74249699879952,0.00618500952721868,NA,0.74249699879952,NA,NA,NA,NA,NA,0.00600240096038415,0,0.309061624649971,"broad",NA,NA,48,34,14,12531,150,"n_minority",0.887643698381144,"negative",0.226428564784583,0.132502243192983,0.215038244428462,9770.04503270403,28.6632990451995,5.73138517790543,29.954742063583,0.000409414694262973,0.0202339984744235,"ok"
53,"broad",0.2,"mlma_cr2",NA,NA,5000,4998,2,0,4e-04,0.199054474803854,-0.000945525196145852,0.0056526093494573,0.0751838370227092,0.0748833094459986,0.99600276351126,0.0751822611597593,0.955182072829132,0.703481392557023,0.00646032188673003,NA,0.703481392557023,20.1368250714382,20.298745613659,1.26449238531929,15.0662056327505,23.3195882091757,0.00600240096038415,0,0.341852741096448,"broad",NA,NA,48,34,14,12531,150,"n_minority",0.887643698381144,"negative",0.226428564784583,0.132502243192983,0.215038244428462,9770.04503270403,28.6632990451995,5.73138517790543,29.954742063583,0.000409414694262973,0.0202339984744235,"ok"
54,"broad",0,"aggregate_hksj",NA,NA,5000,5000,0,0,0,-0.000832415886891461,-0.000832415886891461,0.00616196762578846,0.0784982014175386,0.0772720497511948,0.98437987566337,0.0784947651023433,0.953,0.047,0.00299302522541993,0.047,NA,22,22,0,22,22,0,0,0.0331960000000341,"broad",NA,NA,24,19,5,10924,136,"nk_majority",0.998285964026873,"positive",0.388472439916804,0.105794934902806,0.0499364083755063,1361.81662425044,6.32974837907241,4.71671783421714,3.85270402975354,0.00293725302567931,0.0541964300086206,"ok"
54,"broad",0,"che_rve",NA,NA,5000,5000,0,0,0,-0.000823089761381037,-0.000823089761381037,0.00615408950826728,0.078448005126117,0.0756298507040658,0.964076149323101,0.0784444782449403,0.9616,0.0384,0.00271755183943195,0.0384,NA,4.93008762623,4.94619991597717,0.242741444662707,3.7849133421177,5.67659289605103,2e-04,0,0.38387599999994,"broad",NA,NA,24,19,5,10924,136,"nk_majority",0.998285964026873,"positive",0.388472439916804,0.105794934902806,0.0499364083755063,1361.81662425044,6.32974837907241,4.71671783421714,3.85270402975354,0.00293725302567931,0.0541964300086206,"ok"
54,"broad",0,"mlma",NA,NA,5000,5000,0,0,0,-0.000751450425038091,-0.000751450425038091,0.00617635183449589,0.0785897692737158,0.0773937104038349,0.98478098509597,0.0785855027461827,0.9422,0.0578,0.00330027756408457,0.0578,NA,NA,NA,NA,NA,NA,0,0,0.30429800000001,"broad",NA,NA,24,19,5,10924,136,"nk_majority",0.998285964026873,"positive",0.388472439916804,0.105794934902806,0.0499364083755063,1361.81662425044,6.32974837907241,4.71671783421714,3.85270402975354,0.00293725302567931,0.0541964300086206,"ok"
54,"broad",0,"mlma_cr2",NA,NA,5000,5000,0,0,0,-0.000751450425038091,-0.000751450425038091,0.00617635183449589,0.0785897692737158,0.0754764913347102,0.960385709644183,0.0785855027461827,0.9614,0.0386,0.00272433624943765,0.0386,NA,4.84496621264549,4.86424566214074,0.275134177821091,3.63740134397141,5.65847841398993,0,0,0.325372000000114,"broad",NA,NA,24,19,5,10924,136,"nk_majority",0.998285964026873,"positive",0.388472439916804,0.105794934902806,0.0499364083755063,1361.81662425044,6.32974837907241,4.71671783421714,3.85270402975354,0.00293725302567931,0.0541964300086206,"ok"
54,"broad",0.05,"aggregate_hksj",NA,NA,5000,5000,0,0,0,0.0491675841131085,-0.000832415886891466,0.00616196762578846,0.0784982014175386,0.0772720497511948,0.98437987566337,0.0784947651023433,0.953,0.0844,0.00393132649369141,NA,0.0844,22,22,0,22,22,0,0,0.0332879999999917,"broad",NA,NA,24,19,5,10924,136,"nk_majority",0.998285964026873,"positive",0.388472439916804,0.105794934902806,0.0499364083755063,1361.81662425044,6.32974837907241,4.71671783421714,3.85270402975354,0.00293725302567931,0.0541964300086206,"ok"
54,"broad",0.05,"che_rve",NA,NA,5000,5000,0,0,0,0.0491769102393584,-0.000823089760641597,0.006154089508474,0.0784480051274346,0.0756298507037848,0.964076149303327,0.0784444782462499,0.9616,0.071,0.00363205176174569,NA,0.071,4.93008762612806,4.94619991594209,0.242741444554273,3.78491334203528,5.67659289605103,2e-04,0,0.383408000000028,"broad",NA,NA,24,19,5,10924,136,"nk_majority",0.998285964026873,"positive",0.388472439916804,0.105794934902806,0.0499364083755063,1361.81662425044,6.32974837907241,4.71671783421714,3.85270402975354,0.00293725302567931,0.0541964300086206,"ok"
54,"broad",0.05,"mlma",NA,NA,5000,5000,0,0,0,0.0492485495741354,-0.000751450425864629,0.00617635183456504,0.0785897692741558,0.0773937104043573,0.984780985097105,0.0785855027466304,0.9422,0.1042,0.00432070272062312,NA,0.1042,NA,NA,NA,NA,NA,0,0,0.304114000000115,"broad",NA,NA,24,19,5,10924,136,"nk_majority",0.998285964026873,"positive",0.388472439916804,0.105794934902806,0.0499364083755063,1361.81662425044,6.32974837907241,4.71671783421714,3.85270402975354,0.00293725302567931,0.0541964300086206,"ok"
54,"broad",0.05,"mlma_cr2",NA,NA,5000,5000,0,0,0,0.0492485495741354,-0.000751450425864629,0.00617635183456504,0.0785897692741558,0.0754764913349013,0.960385709641239,0.0785855027466304,0.9614,0.069,0.00358438279205779,NA,0.069,4.84496621265207,4.86424566227105,0.275134177801948,3.63740134175618,5.65847841399453,0,0,0.325134000000084,"broad",NA,NA,24,19,5,10924,136,"nk_majority",0.998285964026873,"positive",0.388472439916804,0.105794934902806,0.0499364083755063,1361.81662425044,6.32974837907241,4.71671783421714,3.85270402975354,0.00293725302567931,0.0541964300086206,"ok"
54,"broad",0.1,"aggregate_hksj",NA,NA,5000,5000,0,0,0,0.0991675841131085,-0.000832415886891466,0.00616196762578846,0.0784982014175386,0.0772720497511948,0.98437987566337,0.0784947651023433,0.953,0.2272,0.00592587816277048,NA,0.2272,22,22,0,22,22,0,0,0.033572000000038,"broad",NA,NA,24,19,5,10924,136,"nk_majority",0.998285964026873,"positive",0.388472439916804,0.105794934902806,0.0499364083755063,1361.81662425044,6.32974837907241,4.71671783421714,3.85270402975354,0.00293725302567931,0.0541964300086206,"ok"
54,"broad",0.1,"che_rve",NA,NA,5000,5000,0,0,0,0.099176910237111,-0.000823089762889001,0.00615408950808389,0.0784480051249482,0.0756298507051958,0.96407614935187,0.0784444782437875,0.9616,0.1696,0.00530727500700689,NA,0.1696,4.93008762581593,4.94619991594209,0.2427414447952,3.78491334203422,5.67659289611289,2e-04,0,0.383696000000008,"broad",NA,NA,24,19,5,10924,136,"nk_majority",0.998285964026873,"positive",0.388472439916804,0.105794934902806,0.0499364083755063,1361.81662425044,6.32974837907241,4.71671783421714,3.85270402975354,0.00293725302567931,0.0541964300086206,"ok"
54,"broad",0.1,"mlma",NA,NA,5000,5000,0,0,0,0.099248549575043,-0.000751450424957043,0.00617635183443758,0.0785897692733449,0.077393710405118,0.984780985116945,0.078585502745811,0.9422,0.2608,0.00620940190356527,NA,0.2608,NA,NA,NA,NA,NA,0,0,0.304357999999908,"broad",NA,NA,24,19,5,10924,136,"nk_majority",0.998285964026873,"positive",0.388472439916804,0.105794934902806,0.0499364083755063,1361.81662425044,6.32974837907241,4.71671783421714,3.85270402975354,0.00293725302567931,0.0541964300086206,"ok"
54,"broad",0.1,"mlma_cr2",NA,NA,5000,5000,0,0,0,0.099248549575043,-0.000751450424957043,0.00617635183443758,0.0785897692733449,0.0754764913347362,0.960385709649047,0.078585502745811,0.9614,0.1688,0.00529729289354478,NA,0.1688,4.84496621274092,4.86424566227105,0.27513417764976,3.63740134248346,5.65847841392122,0,0,0.325391999999774,"broad",NA,NA,24,19,5,10924,136,"nk_majority",0.998285964026873,"positive",0.388472439916804,0.105794934902806,0.0499364083755063,1361.81662425044,6.32974837907241,4.71671783421714,3.85270402975354,0.00293725302567931,0.0541964300086206,"ok"
54,"broad",0.2,"aggregate_hksj",NA,NA,5000,5000,0,0,0,0.199167584113109,-0.000832415886891452,0.00616196762578846,0.0784982014175386,0.0772720497511948,0.98437987566337,0.0784947651023433,0.953,0.6804,0.00659478339295537,NA,0.6804,22,22,0,22,22,0,0,0.033138000000114,"broad",NA,NA,24,19,5,10924,136,"nk_majority",0.998285964026873,"positive",0.388472439916804,0.105794934902806,0.0499364083755063,1361.81662425044,6.32974837907241,4.71671783421714,3.85270402975354,0.00293725302567931,0.0541964300086206,"ok"
54,"broad",0.2,"che_rve",NA,NA,5000,5000,0,0,0,0.199176910236594,-0.00082308976340556,0.00615408950812942,0.0784480051252383,0.075629850705571,0.964076149353087,0.0784444782440831,0.9616,0.523,0.00706358266037851,NA,0.523,4.93008762599626,4.9461999160398,0.242741444857907,3.78491334203422,5.67659289593309,2e-04,0,0.382506000000032,"broad",NA,NA,24,19,5,10924,136,"nk_majority",0.998285964026873,"positive",0.388472439916804,0.105794934902806,0.0499364083755063,1361.81662425044,6.32974837907241,4.71671783421714,3.85270402975354,0.00293725302567931,0.0541964300086206,"ok"
54,"broad",0.2,"mlma",NA,NA,5000,5000,0,0,0,0.199248549574169,-0.000751450425831302,0.00617635183480798,0.0785897692757014,0.0773937103996645,0.984780985018024,0.0785855027481755,0.9422,0.7192,0.00635533413755721,NA,0.7192,NA,NA,NA,NA,NA,0,0,0.306051999999932,"broad",NA,NA,24,19,5,10924,136,"nk_majority",0.998285964026873,"positive",0.388472439916804,0.105794934902806,0.0499364083755063,1361.81662425044,6.32974837907241,4.71671783421714,3.85270402975354,0.00293725302567931,0.0541964300086206,"ok"
54,"broad",0.2,"mlma_cr2",NA,NA,5000,5000,0,0,0,0.199248549574169,-0.000751450425831302,0.00617635183480798,0.0785897692757014,0.0754764913348356,0.960385709621514,0.0785855027481755,0.9614,0.5222,0.00706409456335347,NA,0.5222,4.84496621254043,4.86424566227105,0.275134177693411,3.63740134397141,5.65847841392941,0,0,0.326963999999853,"broad",NA,NA,24,19,5,10924,136,"nk_majority",0.998285964026873,"positive",0.388472439916804,0.105794934902806,0.0499364083755063,1361.81662425044,6.32974837907241,4.71671783421714,3.85270402975354,0.00293725302567931,0.0541964300086206,"ok"
55,"broad",0,"aggregate_hksj",NA,NA,5000,5000,0,0,0,5.77939353688011e-05,5.77939353688011e-05,0.00712544873338911,0.0844123731060152,0.0839093358128964,0.994040716134269,0.0844039512332296,0.9498,0.0502,0.00308804015517933,0.0502,NA,34,34,0,34,34,0,0,0.0410420000000333,"broad",NA,NA,36,20,16,16955,229,"independent",0,"independent",0.238304410446435,0.245371027423302,0.083682088773814,26110.0034128549,11.624321743971,7.5151577136899,12.9091033359119,0.000153197988401283,0.0123773174961816,"ok"
55,"broad",0,"che_rve",NA,NA,5000,5000,0,0,0,4.85347451312851e-05,4.85347451312851e-05,0.00712624143125518,0.0844170683644912,0.0838067669573739,0.992770402728484,0.0844086401892035,0.9488,0.0512,0.0031170036894428,0.0512,NA,32.1245978719002,32.1336387368127,0.0513379195418812,31.6992144563647,32.226143556941,0,0,0.431293999999922,"broad",NA,NA,36,20,16,16955,229,"independent",0,"independent",0.238304410446435,0.245371027423302,0.083682088773814,26110.0034128549,11.624321743971,7.5151577136899,12.9091033359119,0.000153197988401283,0.0123773174961816,"ok"
55,"broad",0,"mlma",NA,NA,5000,5000,0,0,0,3.99073819297504e-05,3.99073819297504e-05,0.00713218339842321,0.0844522551411341,0.083852038017019,0.992892823014471,0.0844438189232501,0.939,0.061,0.00338464178311383,0.061,NA,NA,NA,NA,NA,NA,0,0,0.32206000000007,"broad",NA,NA,36,20,16,16955,229,"independent",0,"independent",0.238304410446435,0.245371027423302,0.083682088773814,26110.0034128549,11.624321743971,7.5151577136899,12.9091033359119,0.000153197988401283,0.0123773174961816,"ok"
55,"broad",0,"mlma_cr2",NA,NA,5000,5000,0,0,0,3.99073819297504e-05,3.99073819297504e-05,0.00713218339842321,0.0844522551411341,0.0838287851510645,0.992617485595528,0.0844438189232501,0.9492,0.0508,0.00310545842026584,0.0508,NA,32.2278480482299,32.2307029818775,0.017361172940416,32.0858262980055,32.2635762538995,0,0,0.349972000000128,"broad",NA,NA,36,20,16,16955,229,"independent",0,"independent",0.238304410446435,0.245371027423302,0.083682088773814,26110.0034128549,11.624321743971,7.5151577136899,12.9091033359119,0.000153197988401283,0.0123773174961816,"ok"
55,"broad",0.05,"aggregate_hksj",NA,NA,5000,5000,0,0,0,0.0500577939353688,5.77939353687967e-05,0.00712544873338911,0.0844123731060152,0.0839093358128964,0.994040716134269,0.0844039512332296,0.9498,0.0898,0.00404316608612607,NA,0.0898,34,34,0,34,34,0,0,0.0410059999999066,"broad",NA,NA,36,20,16,16955,229,"independent",0,"independent",0.238304410446435,0.245371027423302,0.083682088773814,26110.0034128549,11.624321743971,7.5151577136899,12.9091033359119,0.000153197988401283,0.0123773174961816,"ok"
55,"broad",0.05,"che_rve",NA,NA,5000,5000,0,0,0,0.0500485347452807,4.85347452807219e-05,0.00712624143128329,0.0844170683646577,0.0838067669567012,0.992770402718558,0.08440864018937,0.9488,0.0892,0.00403096415265628,NA,0.0892,32.1245978718466,32.1336387370595,0.0513379195644525,31.6992144559463,32.2261435576193,0,0,0.431091999999882,"broad",NA,NA,36,20,16,16955,229,"independent",0,"independent",0.238304410446435,0.245371027423302,0.083682088773814,26110.0034128549,11.624321743971,7.5151577136899,12.9091033359119,0.000153197988401283,0.0123773174961816,"ok"
55,"broad",0.05,"mlma",NA,NA,5000,5000,0,0,0,0.0500399073815897,3.99073815897238e-05,0.00713218339835607,0.0844522551407366,0.0838520379885067,0.992892822681529,0.0844438189228525,0.939,0.1022,0.00428381045332307,NA,0.1022,NA,NA,NA,NA,NA,0,0,0.321064000000048,"broad",NA,NA,36,20,16,16955,229,"independent",0,"independent",0.238304410446435,0.245371027423302,0.083682088773814,26110.0034128549,11.624321743971,7.5151577136899,12.9091033359119,0.000153197988401283,0.0123773174961816,"ok"
55,"broad",0.05,"mlma_cr2",NA,NA,5000,5000,0,0,0,0.0500399073815897,3.99073815897238e-05,0.00713218339835607,0.0844522551407366,0.0838287851509997,0.992617485599432,0.0844438189228525,0.9492,0.089,0.00402688465193628,NA,0.089,32.227848048176,32.2307029819195,0.0173611729665936,32.0858262979224,32.2635762539022,0,0,0.348844000000099,"broad",NA,NA,36,20,16,16955,229,"independent",0,"independent",0.238304410446435,0.245371027423302,0.083682088773814,26110.0034128549,11.624321743971,7.5151577136899,12.9091033359119,0.000153197988401283,0.0123773174961816,"ok"
55,"broad",0.1,"aggregate_hksj",NA,NA,5000,5000,0,0,0,0.100057793935369,5.77939353687967e-05,0.00712544873338911,0.0844123731060152,0.0839093358128964,0.994040716134269,0.0844039512332296,0.9498,0.2148,0.00580794214847221,NA,0.2148,34,34,0,34,34,0,0,0.0410800000000017,"broad",NA,NA,36,20,16,16955,229,"independent",0,"independent",0.238304410446435,0.245371027423302,0.083682088773814,26110.0034128549,11.624321743971,7.5151577136899,12.9091033359119,0.000153197988401283,0.0123773174961816,"ok"
55,"broad",0.1,"che_rve",NA,NA,5000,5000,0,0,0,0.100048534744905,4.85347449053763e-05,0.00712624143119679,0.0844170683641454,0.0838067669573205,0.992770402731919,0.0844086401888575,0.9488,0.2152,0.00581186648160468,NA,0.2152,32.1245978718492,32.1336387370816,0.0513379196018625,31.6992144557006,32.2261435566477,0,0,0.428793999999855,"broad",NA,NA,36,20,16,16955,229,"independent",0,"independent",0.238304410446435,0.245371027423302,0.083682088773814,26110.0034128549,11.624321743971,7.5151577136899,12.9091033359119,0.000153197988401283,0.0123773174961816,"ok"
55,"broad",0.1,"mlma",NA,NA,5000,5000,0,0,0,0.100039907382042,3.99073820415569e-05,0.00713218339841798,0.0844522551411031,0.0838520380211823,0.992892823064132,0.0844438189232192,0.939,0.2336,0.0059838288745585,NA,0.2336,NA,NA,NA,NA,NA,0,0,0.321037999999951,"broad",NA,NA,36,20,16,16955,229,"independent",0,"independent",0.238304410446435,0.245371027423302,0.083682088773814,26110.0034128549,11.624321743971,7.5151577136899,12.9091033359119,0.000153197988401283,0.0123773174961816,"ok"
55,"broad",0.1,"mlma_cr2",NA,NA,5000,5000,0,0,0,0.100039907382042,3.99073820415569e-05,0.00713218339841798,0.0844522551411031,0.0838287851510171,0.992617485595331,0.0844438189232192,0.9492,0.2154,0.00581382559077928,NA,0.2154,32.2278480482378,32.2307029819031,0.0173611729402892,32.0858262979297,32.2635762538944,0,0,0.349006000000052,"broad",NA,NA,36,20,16,16955,229,"independent",0,"independent",0.238304410446435,0.245371027423302,0.083682088773814,26110.0034128549,11.624321743971,7.5151577136899,12.9091033359119,0.000153197988401283,0.0123773174961816,"ok"
55,"broad",0.2,"aggregate_hksj",NA,NA,5000,5000,0,0,0,0.200057793935369,5.77939353687829e-05,0.00712544873338911,0.0844123731060152,0.0839093358128964,0.994040716134269,0.0844039512332296,0.9498,0.6366,0.00680206498057759,NA,0.6366,34,34,0,34,34,0,0,0.0412079999999201,"broad",NA,NA,36,20,16,16955,229,"independent",0,"independent",0.238304410446435,0.245371027423302,0.083682088773814,26110.0034128549,11.624321743971,7.5151577136899,12.9091033359119,0.000153197988401283,0.0123773174961816,"ok"
55,"broad",0.2,"che_rve",NA,NA,5000,5000,0,0,0,0.200048534743268,4.85347432679917e-05,0.00712624143140708,0.0844170683653909,0.0838067669575188,0.99277040271962,0.084408640190102,0.9488,0.6318,0.00682097881539006,NA,0.6318,32.1245978715765,32.1336387367875,0.0513379194356583,31.6992144559181,32.2261435566678,0,0,0.428990000000072,"broad",NA,NA,36,20,16,16955,229,"independent",0,"independent",0.238304410446435,0.245371027423302,0.083682088773814,26110.0034128549,11.624321743971,7.5151577136899,12.9091033359119,0.000153197988401283,0.0123773174961816,"ok"
55,"broad",0.2,"mlma",NA,NA,5000,5000,0,0,0,0.200039907382016,3.99073820159523e-05,0.0071321833984192,0.0844522551411104,0.0838520380195676,0.992892823044928,0.0844438189232265,0.939,0.6632,0.00668379772285188,NA,0.6632,NA,NA,NA,NA,NA,0,0,0.321569999999981,"broad",NA,NA,36,20,16,16955,229,"independent",0,"independent",0.238304410446435,0.245371027423302,0.083682088773814,26110.0034128549,11.624321743971,7.5151577136899,12.9091033359119,0.000153197988401283,0.0123773174961816,"ok"
55,"broad",0.2,"mlma_cr2",NA,NA,5000,5000,0,0,0,0.200039907382016,3.99073820159523e-05,0.0071321833984192,0.0844522551411104,0.083828785151062,0.992617485595776,0.0844438189232265,0.9492,0.6318,0.00682097881539006,NA,0.6318,32.2278480482294,32.2307029819595,0.0173611729594129,32.0858262979489,32.2635762539051,0,0,0.349457999999926,"broad",NA,NA,36,20,16,16955,229,"independent",0,"independent",0.238304410446435,0.245371027423302,0.083682088773814,26110.0034128549,11.624321743971,7.5151577136899,12.9091033359119,0.000153197988401283,0.0123773174961816,"ok"
56,"broad",0,"aggregate_hksj",NA,NA,5000,5000,0,0,0,0.000940308511779125,0.000940308511779125,0.0271599435436828,0.164802741311189,0.156676846357371,0.950693205166568,0.164788943000043,0.9422,0.0578,0.00330027756408457,0.0578,NA,34,34,0,34,34,0,0,0.04044200000001,"broad",NA,NA,36,31,5,7960,225,"n_majority",0.5431327748482,"positive",0.577102429603692,0.240351655793202,0.207334276292822,557.135427158417,6.40307075786094,4.21740160090939,3.28141084247143,0.0071795829254682,0.0847324195657613,"ok"
56,"broad",0,"che_rve",NA,NA,5000,4999,1,0,2e-04,0.000677127827388623,0.000677127827388623,0.0270456051149079,0.164455480647219,0.157221809663117,0.956014412194507,0.16444042512089,0.957591518303661,0.0424084816963393,0.00285019739673416,0.0424084816963393,NA,4.58103665480161,4.59710135805759,0.160251512032363,3.81945868386463,5.01543536585908,0,0,0.473000600120242,"broad",NA,NA,36,31,5,7960,225,"n_majority",0.5431327748482,"positive",0.577102429603692,0.240351655793202,0.207334276292822,557.135427158417,6.40307075786094,4.21740160090939,3.28141084247143,0.0071795829254682,0.0847324195657613,"ok"
56,"broad",0,"mlma",NA,NA,5000,4999,1,0,2e-04,0.000614166571462526,0.000614166571462526,0.0271380730115043,0.164736374281773,0.16067315270001,0.975335006616007,0.164721041496645,0.938187637527505,0.0618123624724945,0.00340597107906262,0.0618123624724945,NA,NA,NA,NA,NA,NA,0,0,0.360822164432849,"broad",NA,NA,36,31,5,7960,225,"n_majority",0.5431327748482,"positive",0.577102429603692,0.240351655793202,0.207334276292822,557.135427158417,6.40307075786094,4.21740160090939,3.28141084247143,0.0071795829254682,0.0847324195657613,"ok"
56,"broad",0,"mlma_cr2",NA,NA,5000,4999,1,0,2e-04,0.000614166571462526,0.000614166571462526,0.0271380730115043,0.164736374281773,0.156814270480541,0.951910415439388,0.164721041496645,0.955391078215643,0.0446089217843569,0.00291984559111847,0.0446089217843569,NA,4.54085731871818,4.55930802644848,0.180427652066082,3.68142426190886,5.03187536927112,0,0,0.389235847169418,"broad",NA,NA,36,31,5,7960,225,"n_majority",0.5431327748482,"positive",0.577102429603692,0.240351655793202,0.207334276292822,557.135427158417,6.40307075786094,4.21740160090939,3.28141084247143,0.0071795829254682,0.0847324195657613,"ok"
56,"broad",0.05,"aggregate_hksj",NA,NA,5000,5000,0,0,0,0.0509403085117791,0.000940308511779134,0.0271599435436828,0.164802741311189,0.156676846357371,0.950693205166568,0.164788943000043,0.9422,0.0724,0.00366492128155572,NA,0.0724,34,34,0,34,34,0,0,0.0413559999999736,"broad",NA,NA,36,31,5,7960,225,"n_majority",0.5431327748482,"positive",0.577102429603692,0.240351655793202,0.207334276292822,557.135427158417,6.40307075786094,4.21740160090939,3.28141084247143,0.0071795829254682,0.0847324195657613,"ok"
56,"broad",0.05,"che_rve",NA,NA,5000,4999,1,0,2e-04,0.0506927642137144,0.00069276421371442,0.0270435669747546,0.164449283898577,0.157223270384364,0.956059319062348,0.164434294177512,0.957591518303661,0.0498099619923985,0.00307695945238757,NA,0.0498099619923985,4.58096960949313,4.59702246035943,0.160285529897479,3.81945868386463,5.01543536664892,0,0,0.473816763352301,"broad",NA,NA,36,31,5,7960,225,"n_majority",0.5431327748482,"positive",0.577102429603692,0.240351655793202,0.207334276292822,557.135427158417,6.40307075786094,4.21740160090939,3.28141084247143,0.0071795829254682,0.0847324195657613,"ok"
56,"broad",0.05,"mlma",NA,NA,5000,4999,1,0,2e-04,0.0506141665588821,0.0006141665588821,0.027138073009429,0.164736374275474,0.160673152696124,0.975335006629711,0.1647210414903,0.938187637527505,0.0766153230646129,0.00376190290278119,NA,0.0766153230646129,NA,NA,NA,NA,NA,0,0,0.360528105621072,"broad",NA,NA,36,31,5,7960,225,"n_majority",0.5431327748482,"positive",0.577102429603692,0.240351655793202,0.207334276292822,557.135427158417,6.40307075786094,4.21740160090939,3.28141084247143,0.0071795829254682,0.0847324195657613,"ok"
56,"broad",0.05,"mlma_cr2",NA,NA,5000,4999,1,0,2e-04,0.0506141665588821,0.0006141665588821,0.027138073009429,0.164736374275474,0.156814270485239,0.951910415504304,0.1647210414903,0.955391078215643,0.0504100820164033,0.00309446219378332,NA,0.0504100820164033,4.54085731857724,4.55930801701142,0.180427652579203,3.68142426136762,5.0318753605415,0,0,0.389223844769215,"broad",NA,NA,36,31,5,7960,225,"n_majority",0.5431327748482,"positive",0.577102429603692,0.240351655793202,0.207334276292822,557.135427158417,6.40307075786094,4.21740160090939,3.28141084247143,0.0071795829254682,0.0847324195657613,"ok"
56,"broad",0.1,"aggregate_hksj",NA,NA,5000,5000,0,0,0,0.100940308511779,0.00094030851177912,0.0271599435436828,0.164802741311189,0.156676846357371,0.950693205166568,0.164788943000043,0.9422,0.1048,0.00433167311786104,NA,0.1048,34,34,0,34,34,0,0,0.0414780000000464,"broad",NA,NA,36,31,5,7960,225,"n_majority",0.5431327748482,"positive",0.577102429603692,0.240351655793202,0.207334276292822,557.135427158417,6.40307075786094,4.21740160090939,3.28141084247143,0.0071795829254682,0.0847324195657613,"ok"
56,"broad",0.1,"che_rve",NA,NA,5000,4998,2,0,4e-04,0.100687593879952,0.000687593879951848,0.0270488452719186,0.164465331519803,0.157230859436469,0.95601217583985,0.164450315060308,0.957583033213285,0.0682272909163665,0.00356644828358127,NA,0.0682272909163665,4.58098621210491,4.59706191121787,0.160297268207793,3.81945868386463,5.01543536552008,0,0,0.473537414966017,"broad",NA,NA,36,31,5,7960,225,"n_majority",0.5431327748482,"positive",0.577102429603692,0.240351655793202,0.207334276292822,557.135427158417,6.40307075786094,4.21740160090939,3.28141084247143,0.0071795829254682,0.0847324195657613,"ok"
56,"broad",0.1,"mlma",NA,NA,5000,4999,1,0,2e-04,0.100610449113393,0.000610449113392683,0.0271382828272054,0.164737011103168,0.160669242552594,0.975307500583294,0.164721664431281,0.938187637527505,0.108021604320864,0.00439026677465421,NA,0.108021604320864,NA,NA,NA,NA,NA,0,0,0.36053610722155,"broad",NA,NA,36,31,5,7960,225,"n_majority",0.5431327748482,"positive",0.577102429603692,0.240351655793202,0.207334276292822,557.135427158417,6.40307075786094,4.21740160090939,3.28141084247143,0.0071795829254682,0.0847324195657613,"ok"
56,"broad",0.1,"mlma_cr2",NA,NA,5000,4999,1,0,2e-04,0.100610449113393,0.000610449113392683,0.0271382828272054,0.164737011103168,0.156818777574642,0.951934094982653,0.164721664431281,0.955391078215643,0.0700140028005601,0.00360901834924259,NA,0.0700140028005601,4.54080456338644,4.55925534534453,0.18043029709188,3.68142425833658,5.03187536395007,0,0,0.388965793158667,"broad",NA,NA,36,31,5,7960,225,"n_majority",0.5431327748482,"positive",0.577102429603692,0.240351655793202,0.207334276292822,557.135427158417,6.40307075786094,4.21740160090939,3.28141084247143,0.0071795829254682,0.0847324195657613,"ok"
56,"broad",0.2,"aggregate_hksj",NA,NA,5000,5000,0,0,0,0.200940308511779,0.00094030851177912,0.0271599435436828,0.164802741311189,0.156676846357371,0.950693205166568,0.164788943000043,0.9422,0.244,0.00607394435272501,NA,0.244,34,34,0,34,34,0,0,0.0409220000002126,"broad",NA,NA,36,31,5,7960,225,"n_majority",0.5431327748482,"positive",0.577102429603692,0.240351655793202,0.207334276292822,557.135427158417,6.40307075786094,4.21740160090939,3.28141084247143,0.0071795829254682,0.0847324195657613,"ok"
56,"broad",0.2,"che_rve",NA,NA,5000,4998,2,0,4e-04,0.200699149653649,0.000699149653649145,0.0270487750632983,0.164465118074619,0.157224516755725,0.955974851058637,0.164450150361001,0.957583033213285,0.15546218487395,0.00512535330374685,NA,0.15546218487395,4.5810025734076,4.59706191012919,0.160284619478504,3.81945868386463,5.01543536606446,0,0,0.473497398959364,"broad",NA,NA,36,31,5,7960,225,"n_majority",0.5431327748482,"positive",0.577102429603692,0.240351655793202,0.207334276292822,557.135427158417,6.40307075786094,4.21740160090939,3.28141084247143,0.0071795829254682,0.0847324195657613,"ok"
56,"broad",0.2,"mlma",NA,NA,5000,5000,0,0,0,0.200606664903741,0.000606664903741033,0.0271329256884211,0.164720750630943,0.160670388085924,0.975410732834178,0.164705395010573,0.9382,0.2492,0.0061171784345399,NA,0.2492,NA,NA,NA,NA,NA,0,0,0.359064000000092,"broad",NA,NA,36,31,5,7960,225,"n_majority",0.5431327748482,"positive",0.577102429603692,0.240351655793202,0.207334276292822,557.135427158417,6.40307075786094,4.21740160090939,3.28141084247143,0.0071795829254682,0.0847324195657613,"ok"
56,"broad",0.2,"mlma_cr2",NA,NA,5000,5000,0,0,0,0.200606664903741,0.000606664903741033,0.0271329256884211,0.164720750630943,0.156807644596159,0.951960478540356,0.164705395010573,0.9554,0.1596,0.00517934049855771,NA,0.1596,4.54082913229897,4.55928168898766,0.180420613937771,3.68142426190886,5.03187536395007,0,0,0.387238000000286,"broad",NA,NA,36,31,5,7960,225,"n_majority",0.5431327748482,"positive",0.577102429603692,0.240351655793202,0.207334276292822,557.135427158417,6.40307075786094,4.21740160090939,3.28141084247143,0.0071795829254682,0.0847324195657613,"ok"
57,"broad",0,"aggregate_hksj",NA,NA,5000,5000,0,0,0,0.00032273206718464,0.00032273206718464,0.00183317974084087,0.0428156483174186,0.0489847392999134,1.14408496017063,0.0428125829736994,0.9772,0.0228,0.00211093154791907,0.0228,NA,118,118,0,118,118,0,0,0.0978259999999777,"broad",NA,NA,120,100,20,74049,233,"nk_minority",0.474315912885795,"positive",0.452889396594837,0.0667798782069585,0.226611853538663,77394.6026129252,79.9191361606099,15.1848265303287,26.1494366268952,5.16831906225459e-05,0.0071891022125538,"ok"
57,"broad",0,"che_rve",NA,NA,5000,4973,27,0,0.0054,4.35924942900945e-05,4.35924942900945e-05,0.0014503962576042,0.0380840682911397,0.037646636268369,0.988514041634766,0.0380802639660709,0.949125276493063,0.0508747235069375,0.00311604392517525,0.0508747235069375,NA,26.7649451950234,26.8362797362726,0.414804905674796,26.146574788138,27.6273757005565,0.177960989342449,0,0.642354715463724,"broad",NA,NA,120,100,20,74049,233,"nk_minority",0.474315912885795,"positive",0.452889396594837,0.0667798782069585,0.226611853538663,77394.6026129252,79.9191361606099,15.1848265303287,26.1494366268952,5.16831906225459e-05,0.0071891022125538,"ok"
57,"broad",0,"mlma",NA,NA,5000,4987,13,0,0.0026,3.24516504117925e-06,3.24516504117925e-06,0.00144947557545961,0.0380719788750153,0.0381568334504449,1.00222879340494,0.0380681616995557,0.946460798074995,0.053539201925005,0.00318762759393401,0.053539201925005,NA,NA,NA,NA,NA,NA,0.153599358331662,0,0.380946460798349,"broad",NA,NA,120,100,20,74049,233,"nk_minority",0.474315912885795,"positive",0.452889396594837,0.0667798782069585,0.226611853538663,77394.6026129252,79.9191361606099,15.1848265303287,26.1494366268952,5.16831906225459e-05,0.0071891022125538,"ok"
57,"broad",0,"mlma_cr2",NA,NA,5000,4987,13,0,0.0026,3.24516504117925e-06,3.24516504117925e-06,0.00144947557545961,0.0380719788750153,0.0376299560120146,0.98838981119285,0.0380681616995557,0.94946861840786,0.0505313815921396,0.0031017101393192,0.0505313815921396,NA,26.7770092081596,26.8610120317481,0.425794598657443,26.0796075514394,27.624705898568,0.153599358331662,0,0.443414878684632,"broad",NA,NA,120,100,20,74049,233,"nk_minority",0.474315912885795,"positive",0.452889396594837,0.0667798782069585,0.226611853538663,77394.6026129252,79.9191361606099,15.1848265303287,26.1494366268952,5.16831906225459e-05,0.0071891022125538,"ok"
57,"broad",0.05,"aggregate_hksj",NA,NA,5000,5000,0,0,0,0.0503227320671846,0.000322732067184646,0.00183317974084087,0.0428156483174186,0.0489847392999134,1.14408496017063,0.0428125829736994,0.9772,0.1474,0.00501344671857595,NA,0.1474,118,118,0,118,118,0,0,0.0982880000002508,"broad",NA,NA,120,100,20,74049,233,"nk_minority",0.474315912885795,"positive",0.452889396594837,0.0667798782069585,0.226611853538663,77394.6026129252,79.9191361606099,15.1848265303287,26.1494366268952,5.16831906225459e-05,0.0071891022125538,"ok"
57,"broad",0.05,"che_rve",NA,NA,5000,4969,31,0,0.0062,0.0500716875169268,7.16875169267592e-05,0.0014476247514616,0.0380476642050679,0.037651391185539,0.989584826616607,0.0380439030510531,0.949486818273294,0.246528476554639,0.00611409903780853,NA,0.246528476554639,26.7654422798954,26.8365838611733,0.414601479622455,26.1465747885474,27.6273756983866,0.177299255383377,0,0.641340309921743,"broad",NA,NA,120,100,20,74049,233,"nk_minority",0.474315912885795,"positive",0.452889396594837,0.0667798782069585,0.226611853538663,77394.6026129252,79.9191361606099,15.1848265303287,26.1494366268952,5.16831906225459e-05,0.0071891022125538,"ok"
57,"broad",0.05,"mlma",NA,NA,5000,4987,13,0,0.0026,0.0500564325376868,5.6432537686793e-05,0.00145035789213285,0.0380835645933105,0.0381559968425845,1.00190192935056,0.0380797879331495,0.946460798074995,0.261880890314819,0.00622580401016906,NA,0.261880890314819,NA,NA,NA,NA,NA,0.153398836976138,0,0.378161219169932,"broad",NA,NA,120,100,20,74049,233,"nk_minority",0.474315912885795,"positive",0.452889396594837,0.0667798782069585,0.226611853538663,77394.6026129252,79.9191361606099,15.1848265303287,26.1494366268952,5.16831906225459e-05,0.0071891022125538,"ok"
57,"broad",0.05,"mlma_cr2",NA,NA,5000,4987,13,0,0.0026,0.0500564325376868,5.6432537686793e-05,0.00145035789213285,0.0380835645933105,0.0376262236456616,0.987991120250094,0.0380797879331495,0.94946861840786,0.245839181872869,0.00609730401144064,NA,0.245839181872869,26.7769810079194,26.861012038899,0.425762739620949,26.0796075513835,27.6247058989855,0.153398836976138,0,0.439859635051043,"broad",NA,NA,120,100,20,74049,233,"nk_minority",0.474315912885795,"positive",0.452889396594837,0.0667798782069585,0.226611853538663,77394.6026129252,79.9191361606099,15.1848265303287,26.1494366268952,5.16831906225459e-05,0.0071891022125538,"ok"
57,"broad",0.1,"aggregate_hksj",NA,NA,5000,5000,0,0,0,0.100322732067185,0.000322732067184639,0.00183317974084087,0.0428156483174186,0.0489847392999134,1.14408496017063,0.0428125829736994,0.9772,0.5248,0.00706236447657582,NA,0.5248,118,118,0,118,118,0,0,0.097867999999976,"broad",NA,NA,120,100,20,74049,233,"nk_minority",0.474315912885795,"positive",0.452889396594837,0.0667798782069585,0.226611853538663,77394.6026129252,79.9191361606099,15.1848265303287,26.1494366268952,5.16831906225459e-05,0.0071891022125538,"ok"
57,"broad",0.1,"che_rve",NA,NA,5000,4984,16,0,0.0032,0.100051770376647,5.17703766469702e-05,0.00144770563419545,0.0380487271034847,0.0376343985337738,0.989110580004844,0.038044945048383,0.949438202247191,0.712881219903692,0.00640841119086745,NA,0.712881219903692,26.7635835011728,26.8326672019312,0.415357339926081,26.1465747893428,27.6273756979202,0.179775280898876,0,0.640070224719168,"broad",NA,NA,120,100,20,74049,233,"nk_minority",0.474315912885795,"positive",0.452889396594837,0.0667798782069585,0.226611853538663,77394.6026129252,79.9191361606099,15.1848265303287,26.1494366268952,5.16831906225459e-05,0.0071891022125538,"ok"
57,"broad",0.1,"mlma",NA,NA,5000,4994,6,0,0.0012,0.100078177439336,7.81774393362328e-05,0.00144792592102674,0.0380516217923328,0.0381531269599045,1.00266756481828,0.0380478921838626,0.946535843011614,0.740889066880256,0.00620005001881395,NA,0.740889066880256,NA,NA,NA,NA,NA,0.154385262314778,0,0.379299158990824,"broad",NA,NA,120,100,20,74049,233,"nk_minority",0.474315912885795,"positive",0.452889396594837,0.0667798782069585,0.226611853538663,77394.6026129252,79.9191361606099,15.1848265303287,26.1494366268952,5.16831906225459e-05,0.0071891022125538,"ok"
57,"broad",0.1,"mlma_cr2",NA,NA,5000,4994,6,0,0.0012,0.100078177439336,7.81774393362328e-05,0.00144792592102674,0.0380516217923328,0.0376220962096856,0.988712029542619,0.0380478921838626,0.949539447336804,0.712454945935122,0.00640482672333671,NA,0.712454945935122,26.7762786511077,26.8608648542493,0.426191251898144,26.0796075514239,27.6247058988249,0.154385262314778,0,0.441463756507905,"broad",NA,NA,120,100,20,74049,233,"nk_minority",0.474315912885795,"positive",0.452889396594837,0.0667798782069585,0.226611853538663,77394.6026129252,79.9191361606099,15.1848265303287,26.1494366268952,5.16831906225459e-05,0.0071891022125538,"ok"
57,"broad",0.2,"aggregate_hksj",NA,NA,5000,5000,0,0,0,0.200322732067185,0.000322732067184639,0.00183317974084087,0.0428156483174186,0.0489847392999134,1.14408496017063,0.0428125829736994,0.9772,0.9922,0.00124411896537269,NA,0.9922,118,118,0,118,118,0,0,0.097402000000223,"broad",NA,NA,120,100,20,74049,233,"nk_minority",0.474315912885795,"positive",0.452889396594837,0.0667798782069585,0.226611853538663,77394.6026129252,79.9191361606099,15.1848265303287,26.1494366268952,5.16831906225459e-05,0.0071891022125538,"ok"
57,"broad",0.2,"che_rve",NA,NA,5000,4980,20,0,0.004,0.200019005392092,1.9005392092375e-05,0.00144939925573129,0.0380709765534231,0.0376363161535225,0.988582893341581,0.0380671587186247,0.948995983935743,0.999196787148594,0.000401445105581536,NA,0.999196787148594,26.7640778298319,26.8352693204749,0.415157541102663,26.1465747878816,27.6273756873779,0.179116465863454,0,0.639744979919543,"broad",NA,NA,120,100,20,74049,233,"nk_minority",0.474315912885795,"positive",0.452889396594837,0.0667798782069585,0.226611853538663,77394.6026129252,79.9191361606099,15.1848265303287,26.1494366268952,5.16831906225459e-05,0.0071891022125538,"ok"
57,"broad",0.2,"mlma",NA,NA,5000,4996,4,0,8e-04,0.200056303396835,5.63033968348503e-05,0.00144968146899762,0.0380746827826263,0.0381504590600962,1.00199020115026,0.0380709137090453,0.946357085668535,0.999599679743795,0.000283012502976385,NA,0.999599679743795,NA,NA,NA,NA,NA,0.154723779023219,0,0.377750200160214,"broad",NA,NA,120,100,20,74049,233,"nk_minority",0.474315912885795,"positive",0.452889396594837,0.0667798782069585,0.226611853538663,77394.6026129252,79.9191361606099,15.1848265303287,26.1494366268952,5.16831906225459e-05,0.0071891022125538,"ok"
57,"broad",0.2,"mlma_cr2",NA,NA,5000,4996,4,0,8e-04,0.200056303396835,5.63033968348503e-05,0.00144968146899762,0.0380746827826263,0.0376188548828303,0.988028057846248,0.0380709137090453,0.949359487590072,0.99919935948759,0.000400159967807661,NA,0.99919935948759,26.7760041253665,26.8605803609044,0.426326703285069,26.0796075514693,27.6247058990229,0.154723779023219,0,0.4389771817457,"broad",NA,NA,120,100,20,74049,233,"nk_minority",0.474315912885795,"positive",0.452889396594837,0.0667798782069585,0.226611853538663,77394.6026129252,79.9191361606099,15.1848265303287,26.1494366268952,5.16831906225459e-05,0.0071891022125538,"ok"
58,"broad",0,"aggregate_hksj",NA,NA,5000,5000,0,0,0,-0.000954306152407487,-0.000954306152407487,0.0100148304657237,0.100074124856147,0.103161431134707,1.03085019512285,0.10006866742324,0.9608,0.0392,0.0027445713690848,0.0392,NA,22,22,0,22,22,0,0,0.0306300000000169,"broad",NA,NA,24,19,5,9313,39,"n_majority",0.433208510180266,"negative",0.730740077148657,0.0870168253126321,0.200678958413657,7228.03495462621,18.6596833998998,4.84084583156586,6.25672489472851,0.000553400754853828,0.0235244714043446,"ok"
58,"broad",0,"che_rve",NA,NA,5000,4994,6,0,0.0012,-0.000549504166024759,-0.000549504166024759,0.00851997879317853,0.0923037311985736,0.0860570969867251,0.932325225310664,0.092296125081158,0.956748097717261,0.0432519022827393,0.00287857229551132,0.0432519022827393,NA,5.40247758022419,5.37577126216736,0.552432523389187,4.67265412905395,6.32521538314619,0.311173408089708,0,0.484973968762426,"broad",NA,NA,24,19,5,9313,39,"n_majority",0.433208510180266,"negative",0.730740077148657,0.0870168253126321,0.200678958413657,7228.03495462621,18.6596833998998,4.84084583156586,6.25672489472851,0.000553400754853828,0.0235244714043446,"ok"
58,"broad",0,"mlma",NA,NA,5000,4994,6,0,0.0012,-0.00056999520706465,-0.00056999520706465,0.00857626566602119,0.0926081295892601,0.0893878940786128,0.965227291330364,0.0926006114809582,0.924309171005206,0.0756908289947937,0.00374288077126916,0.0756908289947937,NA,NA,NA,NA,NA,NA,0.26431718061674,0,0.451800160192156,"broad",NA,NA,24,19,5,9313,39,"n_majority",0.433208510180266,"negative",0.730740077148657,0.0870168253126321,0.200678958413657,7228.03495462621,18.6596833998998,4.84084583156586,6.25672489472851,0.000553400754853828,0.0235244714043446,"ok"
58,"broad",0,"mlma_cr2",NA,NA,5000,4994,6,0,0.0012,-0.00056999520706465,-0.00056999520706465,0.00857626566602119,0.0926081295892601,0.0854696601244384,0.922917464195827,0.0926006114809582,0.955146175410493,0.0448538245895074,0.00292893943694823,0.0448538245895074,NA,5.34249828011247,5.37128695523215,0.620541288982875,4.57361172721013,6.32638344505755,0.26431718061674,0,0.469231077292851,"broad",NA,NA,24,19,5,9313,39,"n_majority",0.433208510180266,"negative",0.730740077148657,0.0870168253126321,0.200678958413657,7228.03495462621,18.6596833998998,4.84084583156586,6.25672489472851,0.000553400754853828,0.0235244714043446,"ok"
58,"broad",0.05,"aggregate_hksj",NA,NA,5000,5000,0,0,0,0.0490456938475925,-0.000954306152407484,0.0100148304657237,0.100074124856147,0.103161431134707,1.03085019512285,0.10006866742324,0.9608,0.0654,0.00349636496950762,NA,0.0654,22,22,0,22,22,0,0,0.0304280000000504,"broad",NA,NA,24,19,5,9313,39,"n_majority",0.433208510180266,"negative",0.730740077148657,0.0870168253126321,0.200678958413657,7228.03495462621,18.6596833998998,4.84084583156586,6.25672489472851,0.000553400754853828,0.0235244714043446,"ok"
58,"broad",0.05,"che_rve",NA,NA,5000,4990,10,0,0.002,0.0494349906290864,-0.000565009370913611,0.00851121101227033,0.092256224788739,0.086081179978601,0.933066361383436,0.0922487105294707,0.957114228456914,0.0691382765531062,0.00359129919576488,NA,0.0691382765531062,5.40299365506309,5.37741807621963,0.552353438485655,4.67265412908503,6.32521538314574,0.31062124248497,0,0.484370741483003,"broad",NA,NA,24,19,5,9313,39,"n_majority",0.433208510180266,"negative",0.730740077148657,0.0870168253126321,0.200678958413657,7228.03495462621,18.6596833998998,4.84084583156586,6.25672489472851,0.000553400754853828,0.0235244714043446,"ok"
58,"broad",0.05,"mlma",NA,NA,5000,4993,7,0,0.0014,0.0494334011343947,-0.000566598865605332,0.00857696287544727,0.0926118938120114,0.0893926480824967,0.965239392080144,0.092604352555537,0.924294011616263,0.115561786501102,0.00452439058377717,NA,0.115561786501102,NA,NA,NA,NA,NA,0.264169837772882,0,0.450386541157635,"broad",NA,NA,24,19,5,9313,39,"n_majority",0.433208510180266,"negative",0.730740077148657,0.0870168253126321,0.200678958413657,7228.03495462621,18.6596833998998,4.84084583156586,6.25672489472851,0.000553400754853828,0.0235244714043446,"ok"
58,"broad",0.05,"mlma_cr2",NA,NA,5000,4993,7,0,0.0014,0.0494334011343947,-0.000566598865605332,0.00857696287544727,0.0926118938120114,0.0854749470870836,0.922937039389188,0.092604352555537,0.955137192068896,0.073502904065692,0.00369312066256166,NA,0.073502904065692,5.3426513166536,5.37171185054475,0.620509183109566,4.5736117272107,6.32638344505975,0.264169837772882,0,0.467863008211468,"broad",NA,NA,24,19,5,9313,39,"n_majority",0.433208510180266,"negative",0.730740077148657,0.0870168253126321,0.200678958413657,7228.03495462621,18.6596833998998,4.84084583156586,6.25672489472851,0.000553400754853828,0.0235244714043446,"ok"
58,"broad",0.1,"aggregate_hksj",NA,NA,5000,5000,0,0,0,0.0990456938475925,-0.000954306152407491,0.0100148304657237,0.100074124856147,0.103161431134707,1.03085019512285,0.10006866742324,0.9608,0.1418,0.00493341180117776,NA,0.1418,22,22,0,22,22,0,0,0.0304219999999736,"broad",NA,NA,24,19,5,9313,39,"n_majority",0.433208510180266,"negative",0.730740077148657,0.0870168253126321,0.200678958413657,7228.03495462621,18.6596833998998,4.84084583156586,6.25672489472851,0.000553400754853828,0.0235244714043446,"ok"
58,"broad",0.1,"che_rve",NA,NA,5000,4995,5,0,0.001,0.0994067014337446,-0.000593298566255368,0.00853391108562271,0.0923791701934084,0.0860627203338541,0.931624739144875,0.0923718279460984,0.956556556556557,0.149349349349349,0.00504323888965744,NA,0.149349349349349,5.40232485478284,5.37434412865909,0.552481078304515,4.67265412905444,6.32521538314551,0.311311311311311,0,0.485837837837806,"broad",NA,NA,24,19,5,9313,39,"n_majority",0.433208510180266,"negative",0.730740077148657,0.0870168253126321,0.200678958413657,7228.03495462621,18.6596833998998,4.84084583156586,6.25672489472851,0.000553400754853828,0.0235244714043446,"ok"
58,"broad",0.1,"mlma",NA,NA,5000,4994,6,0,0.0012,0.099391149595351,-0.000608850404648975,0.00856012794280805,0.0925209594784233,0.0893873336593893,0.966130638541802,0.092513699305215,0.924509411293552,0.223868642370845,0.00589847820381843,NA,0.223868642370845,NA,NA,NA,NA,NA,0.26431718061674,0,0.449931918301964,"broad",NA,NA,24,19,5,9313,39,"n_majority",0.433208510180266,"negative",0.730740077148657,0.0870168253126321,0.200678958413657,7228.03495462621,18.6596833998998,4.84084583156586,6.25672489472851,0.000553400754853828,0.0235244714043446,"ok"
58,"broad",0.1,"mlma_cr2",NA,NA,5000,4994,6,0,0.0012,0.099391149595351,-0.000608850404648975,0.00856012794280805,0.0925209594784233,0.0854753251262842,0.92384823512577,0.092513699305215,0.955346415698839,0.152382859431318,0.00508561706360907,NA,0.152382859431318,5.3424983448673,5.37128696113622,0.620541209063886,4.57361172721062,6.32638344508675,0.26431718061674,0,0.467248698438138,"broad",NA,NA,24,19,5,9313,39,"n_majority",0.433208510180266,"negative",0.730740077148657,0.0870168253126321,0.200678958413657,7228.03495462621,18.6596833998998,4.84084583156586,6.25672489472851,0.000553400754853828,0.0235244714043446,"ok"
58,"broad",0.2,"aggregate_hksj",NA,NA,5000,5000,0,0,0,0.199045693847593,-0.000954306152407491,0.0100148304657237,0.100074124856147,0.103161431134707,1.03085019512285,0.10006866742324,0.9608,0.4422,0.00702366229256504,NA,0.4422,22,22,0,22,22,0,0,0.0305840000000154,"broad",NA,NA,24,19,5,9313,39,"n_majority",0.433208510180266,"negative",0.730740077148657,0.0870168253126321,0.200678958413657,7228.03495462621,18.6596833998998,4.84084583156586,6.25672489472851,0.000553400754853828,0.0235244714043446,"ok"
58,"broad",0.2,"che_rve",NA,NA,5000,4992,8,0,0.0016,0.199424417807929,-0.0005755821920711,0.00853522038033083,0.0923862564472164,0.0860687794776936,0.931618866133708,0.0923787957026234,0.956530448717949,0.437099358974359,0.00702051009335262,NA,0.437099358974359,5.40272890151346,5.37725963858748,0.552401120334467,4.67265412905629,6.32521538314576,0.310897435897436,0,0.483042868589746,"broad",NA,NA,24,19,5,9313,39,"n_majority",0.433208510180266,"negative",0.730740077148657,0.0870168253126321,0.200678958413657,7228.03495462621,18.6596833998998,4.84084583156586,6.25672489472851,0.000553400754853828,0.0235244714043446,"ok"
58,"broad",0.2,"mlma",NA,NA,5000,4999,1,0,2e-04,0.199447623736968,-0.000552376263031923,0.00856935415173294,0.0925708061525497,0.0893815866511051,0.965548323126958,0.0925631949405152,0.924384876975395,0.595119023804761,0.00694263021375493,NA,0.595119023804761,NA,NA,NA,NA,NA,0.26505301060212,0,0.450602120424055,"broad",NA,NA,24,19,5,9313,39,"n_majority",0.433208510180266,"negative",0.730740077148657,0.0870168253126321,0.200678958413657,7228.03495462621,18.6596833998998,4.84084583156586,6.25672489472851,0.000553400754853828,0.0235244714043446,"ok"
58,"broad",0.2,"mlma_cr2",NA,NA,5000,4999,1,0,2e-04,0.199447623736968,-0.000552376263031923,0.00856935415173294,0.0925708061525497,0.085454353688381,0.923124225012783,0.0925631949405152,0.955191038207642,0.442088417683537,0.00702418091667852,NA,0.442088417683537,5.34173103548621,5.36965464702162,0.620704713773174,4.57361172721073,6.32638344507928,0.26505301060212,0,0.468107621524275,"broad",NA,NA,24,19,5,9313,39,"n_majority",0.433208510180266,"negative",0.730740077148657,0.0870168253126321,0.200678958413657,7228.03495462621,18.6596833998998,4.84084583156586,6.25672489472851,0.000553400754853828,0.0235244714043446,"ok"
59,"broad",0,"aggregate_hksj",NA,NA,5000,5000,0,0,0,-0.000164387343436927,-0.000164387343436927,0.00228906437514955,0.0478441676189434,0.0477682144370059,0.99841248817322,0.0478396653988425,0.953,0.047,0.00299302522541993,0.047,NA,70,70,0,70,70,0,0,0.068520000000055,"broad",NA,NA,72,45,27,6330,436,"n_majority",0.397347981903586,"independent",0.873216608576477,0.0913032407094724,0.237097826120909,7883.44717763023,18.7014662012093,13.546112679436,21.0411482253695,0.000507392249846012,0.0225253690279652,"ok"
59,"broad",0,"che_rve",NA,NA,5000,4992,8,0,0.0016,-0.000232526161258441,-0.000232526161258441,0.00225402959988503,0.0474766216140642,0.0467740865302024,0.98520250472806,0.0474724355804011,0.951722756410256,0.0482772435897436,0.0030338155393806,0.0482772435897436,NA,42.4559957660562,42.6715791883455,2.38729710473425,36.1389163007335,48.6229577474067,0.0546875,0,0.683317307692375,"broad",NA,NA,72,45,27,6330,436,"n_majority",0.397347981903586,"independent",0.873216608576477,0.0913032407094724,0.237097826120909,7883.44717763023,18.7014662012093,13.546112679436,21.0411482253695,0.000507392249846012,0.0225253690279652,"ok"
59,"broad",0,"mlma",NA,NA,5000,5000,0,0,0,8.33071946229354e-05,8.33071946229354e-05,0.00247102779082677,0.0497094336200561,0.0480777612163218,0.967175799744457,0.0497045322416103,0.9412,0.0588,0.00332693733033852,0.0588,NA,NA,NA,NA,NA,NA,0,0,0.400987999999965,"broad",NA,NA,72,45,27,6330,436,"n_majority",0.397347981903586,"independent",0.873216608576477,0.0913032407094724,0.237097826120909,7883.44717763023,18.7014662012093,13.546112679436,21.0411482253695,0.000507392249846012,0.0225253690279652,"ok"
59,"broad",0,"mlma_cr2",NA,NA,5000,5000,0,0,0,8.33071946229354e-05,8.33071946229354e-05,0.00247102779082677,0.0497094336200561,0.0493247996672682,0.992262354954035,0.0497045322416103,0.949,0.051,0.00311123769583746,0.051,NA,53.1827562114278,53.2450028684337,0.416850423890995,50.6282219961165,54.1076633597934,0,0,0.450885999999917,"broad",NA,NA,72,45,27,6330,436,"n_majority",0.397347981903586,"independent",0.873216608576477,0.0913032407094724,0.237097826120909,7883.44717763023,18.7014662012093,13.546112679436,21.0411482253695,0.000507392249846012,0.0225253690279652,"ok"
59,"broad",0.05,"aggregate_hksj",NA,NA,5000,5000,0,0,0,0.0498356126565631,-0.000164387343436927,0.00228906437514955,0.0478441676189434,0.0477682144370059,0.99841248817322,0.0478396653988425,0.953,0.1764,0.00539041816559717,NA,0.1764,70,70,0,70,70,0,0,0.0683899999999805,"broad",NA,NA,72,45,27,6330,436,"n_majority",0.397347981903586,"independent",0.873216608576477,0.0913032407094724,0.237097826120909,7883.44717763023,18.7014662012093,13.546112679436,21.0411482253695,0.000507392249846012,0.0225253690279652,"ok"
59,"broad",0.05,"che_rve",NA,NA,5000,4990,10,0,0.002,0.0498038622795255,-0.000196137720474471,0.00225520398346427,0.0474889880231645,0.0467766345067639,0.98499960630761,0.0474846344492994,0.951503006012024,0.18376753507014,0.00548265671679574,NA,0.18376753507014,42.4586397348216,42.6723026154429,2.38452231205382,36.1389162911054,48.6229577417049,0.0545090180360721,0,0.682669338677396,"broad",NA,NA,72,45,27,6330,436,"n_majority",0.397347981903586,"independent",0.873216608576477,0.0913032407094724,0.237097826120909,7883.44717763023,18.7014662012093,13.546112679436,21.0411482253695,0.000507392249846012,0.0225253690279652,"ok"
59,"broad",0.05,"mlma",NA,NA,5000,5000,0,0,0,0.0500833071939375,8.33071939374957e-05,0.00247102779070726,0.0497094336188541,0.048077761226852,0.96717579997968,0.0497045322404072,0.9412,0.1904,0.00555243802306698,NA,0.1904,NA,NA,NA,NA,NA,0,0,0.39762800000003,"broad",NA,NA,72,45,27,6330,436,"n_majority",0.397347981903586,"independent",0.873216608576477,0.0913032407094724,0.237097826120909,7883.44717763023,18.7014662012093,13.546112679436,21.0411482253695,0.000507392249846012,0.0225253690279652,"ok"
59,"broad",0.05,"mlma_cr2",NA,NA,5000,5000,0,0,0,0.0500833071939375,8.33071939374957e-05,0.00247102779070726,0.0497094336188541,0.0493247996676725,0.992262354986164,0.0497045322404072,0.949,0.1698,0.0053097638365562,NA,0.1698,53.1827562128834,53.2450028739942,0.416850422763192,50.6282220019742,54.1076633593093,0,0,0.447223999999977,"broad",NA,NA,72,45,27,6330,436,"n_majority",0.397347981903586,"independent",0.873216608576477,0.0913032407094724,0.237097826120909,7883.44717763023,18.7014662012093,13.546112679436,21.0411482253695,0.000507392249846012,0.0225253690279652,"ok"
59,"broad",0.1,"aggregate_hksj",NA,NA,5000,5000,0,0,0,0.0998356126565631,-0.000164387343436934,0.00228906437514955,0.0478441676189434,0.0477682144370059,0.99841248817322,0.0478396653988425,0.953,0.5322,0.0070563894450349,NA,0.5322,70,70,0,70,70,0,0,0.0682220000000198,"broad",NA,NA,72,45,27,6330,436,"n_majority",0.397347981903586,"independent",0.873216608576477,0.0913032407094724,0.237097826120909,7883.44717763023,18.7014662012093,13.546112679436,21.0411482253695,0.000507392249846012,0.0225253690279652,"ok"
59,"broad",0.1,"che_rve",NA,NA,5000,4994,6,0,0.0012,0.0998123715797172,-0.000187628420282776,0.00225310974433931,0.04746693316762,0.0467697398048295,0.985312020047124,0.04746255140022,0.95174209050861,0.543051661994393,0.00704903806239051,NA,0.543051661994393,42.4544664562095,42.6709887923216,2.38804420340141,36.1389162903991,48.6229577481941,0.0554665598718462,0,0.683468161794177,"broad",NA,NA,72,45,27,6330,436,"n_majority",0.397347981903586,"independent",0.873216608576477,0.0913032407094724,0.237097826120909,7883.44717763023,18.7014662012093,13.546112679436,21.0411482253695,0.000507392249846012,0.0225253690279652,"ok"
59,"broad",0.1,"mlma",NA,NA,5000,5000,0,0,0,0.100083307201074,8.33072010744812e-05,0.00247102779101888,0.0497094336219885,0.0480777612302564,0.967175799987181,0.0497045322435533,0.9412,0.5434,0.00704437988754156,NA,0.5434,NA,NA,NA,NA,NA,0,0,0.396996000000001,"broad",NA,NA,72,45,27,6330,436,"n_majority",0.397347981903586,"independent",0.873216608576477,0.0913032407094724,0.237097826120909,7883.44717763023,18.7014662012093,13.546112679436,21.0411482253695,0.000507392249846012,0.0225253690279652,"ok"
59,"broad",0.1,"mlma_cr2",NA,NA,5000,5000,0,0,0,0.100083307201074,8.33072010744812e-05,0.00247102779101888,0.0497094336219885,0.0493247996678662,0.992262354927493,0.0497045322435533,0.949,0.506,0.00707055867665349,NA,0.506,53.182756212499,53.2450028705358,0.416850424806701,50.628222018155,54.1076633603345,0,0,0.446931999999956,"broad",NA,NA,72,45,27,6330,436,"n_majority",0.397347981903586,"independent",0.873216608576477,0.0913032407094724,0.237097826120909,7883.44717763023,18.7014662012093,13.546112679436,21.0411482253695,0.000507392249846012,0.0225253690279652,"ok"
59,"broad",0.2,"aggregate_hksj",NA,NA,5000,5000,0,0,0,0.199835612656563,-0.000164387343436934,0.00228906437514955,0.0478441676189434,0.0477682144370059,0.99841248817322,0.0478396653988425,0.953,0.9852,0.00170768615383507,NA,0.9852,70,70,0,70,70,0,0,0.0679520000000251,"broad",NA,NA,72,45,27,6330,436,"n_majority",0.397347981903586,"independent",0.873216608576477,0.0913032407094724,0.237097826120909,7883.44717763023,18.7014662012093,13.546112679436,21.0411482253695,0.000507392249846012,0.0225253690279652,"ok"
59,"broad",0.2,"che_rve",NA,NA,5000,4988,12,0,0.0024,0.199805297752307,-0.000194702247693385,0.00225205320182184,0.0474558026148736,0.046778732989777,0.985732627249162,0.0474514448311175,0.95168404170008,0.986567762630313,0.00162995050432153,NA,0.986567762630313,42.4601208042621,42.6730685737225,2.38390077484534,36.138916304261,48.6229577172949,0.0541299117882919,0,0.68207297514041,"broad",NA,NA,72,45,27,6330,436,"n_majority",0.397347981903586,"independent",0.873216608576477,0.0913032407094724,0.237097826120909,7883.44717763023,18.7014662012093,13.546112679436,21.0411482253695,0.000507392249846012,0.0225253690279652,"ok"
59,"broad",0.2,"mlma",NA,NA,5000,5000,0,0,0,0.200083307199377,8.330719937652e-05,0.00247102779083761,0.0497094336201652,0.0480777612094283,0.967175799603659,0.0497045322417273,0.9412,0.9812,0.00192075818363479,NA,0.9812,NA,NA,NA,NA,NA,0,0,0.398041999999993,"broad",NA,NA,72,45,27,6330,436,"n_majority",0.397347981903586,"independent",0.873216608576477,0.0913032407094724,0.237097826120909,7883.44717763023,18.7014662012093,13.546112679436,21.0411482253695,0.000507392249846012,0.0225253690279652,"ok"
59,"broad",0.2,"mlma_cr2",NA,NA,5000,5000,0,0,0,0.200083307199377,8.330719937652e-05,0.00247102779083761,0.0497094336201652,0.0493247996674011,0.992262354954532,0.0497045322417273,0.949,0.9762,0.00215562334372218,NA,0.9762,53.1827562108844,53.245002872226,0.416850423778937,50.6282219972218,54.10766335997,0,0,0.447775999999969,"broad",NA,NA,72,45,27,6330,436,"n_majority",0.397347981903586,"independent",0.873216608576477,0.0913032407094724,0.237097826120909,7883.44717763023,18.7014662012093,13.546112679436,21.0411482253695,0.000507392249846012,0.0225253690279652,"ok"
60,"broad",0,"aggregate_hksj",NA,NA,5000,5000,0,0,0,9.85643926419721e-05,9.85643926419721e-05,0.000680685711900826,0.0260899542333985,0.026919333498162,1.03178921884431,0.0260875313070812,0.959,0.041,0.00280424677944007,0.041,NA,118,118,0,118,118,0,0,0.113114000000049,"broad",NA,NA,120,74,46,58417,504,"nk_minority",0.903121826498973,"positive",0.797499532529619,0.0717112309009535,0.218780506858486,66895.4822470924,53.6277324845007,29.0660065239942,75.2920453973458,5.9794770373658e-05,0.00773270782932201,"ok"
60,"broad",0,"che_rve",NA,NA,5000,4996,4,0,8e-04,0.000143302409575714,0.000143302409575714,0.000673945131889023,0.0259604532296534,0.0258856345442684,0.997117974608413,0.0259582505289875,0.952562049639712,0.0474379503602882,0.00300744975825355,0.0474379503602882,NA,106.605117128595,106.695841181281,0.490460011249816,104.335514126484,107.292946690534,0.0164131305044035,0,0.809909927942333,"broad",NA,NA,120,74,46,58417,504,"nk_minority",0.903121826498973,"positive",0.797499532529619,0.0717112309009535,0.218780506858486,66895.4822470924,53.6277324845007,29.0660065239942,75.2920453973458,5.9794770373658e-05,0.00773270782932201,"ok"
60,"broad",0,"mlma",NA,NA,5000,5000,0,0,0,0.000117566907245858,0.000117566907245858,0.000677527628247834,0.0260293608881938,0.0261455637063279,1.00446429778408,0.0260270233545802,0.9512,0.0488,0.00304691844328003,0.0488,NA,NA,NA,NA,NA,NA,2e-04,0,0.415653999999951,"broad",NA,NA,120,74,46,58417,504,"nk_minority",0.903121826498973,"positive",0.797499532529619,0.0717112309009535,0.218780506858486,66895.4822470924,53.6277324845007,29.0660065239942,75.2920453973458,5.9794770373658e-05,0.00773270782932201,"ok"
60,"broad",0,"mlma_cr2",NA,NA,5000,5000,0,0,0,0.000117566907245858,0.000117566907245858,0.000677527628247834,0.0260293608881938,0.0259751716327261,0.997918148828144,0.0260270233545802,0.9532,0.0468,0.00298696367570816,0.0468,NA,104.754444887323,104.725399269893,0.870892811325067,101.778567797978,107.349768533651,2e-04,0,0.492907999999959,"broad",NA,NA,120,74,46,58417,504,"nk_minority",0.903121826498973,"positive",0.797499532529619,0.0717112309009535,0.218780506858486,66895.4822470924,53.6277324845007,29.0660065239942,75.2920453973458,5.9794770373658e-05,0.00773270782932201,"ok"
60,"broad",0.05,"aggregate_hksj",NA,NA,5000,5000,0,0,0,0.050098564392642,9.85643926419699e-05,0.000680685711900826,0.0260899542333985,0.026919333498162,1.03178921884431,0.0260875313070812,0.959,0.4486,0.00703360561874207,NA,0.4486,118,118,0,118,118,0,0,0.113263999999908,"broad",NA,NA,120,74,46,58417,504,"nk_minority",0.903121826498973,"positive",0.797499532529619,0.0717112309009535,0.218780506858486,66895.4822470924,53.6277324845007,29.0660065239942,75.2920453973458,5.9794770373658e-05,0.00773270782932201,"ok"
60,"broad",0.05,"che_rve",NA,NA,5000,4999,1,0,2e-04,0.0501353503816653,0.000135350381665331,0.000674153532466859,0.0259644667279507,0.0258849052560811,0.996935755596169,0.0259622224494485,0.952390478095619,0.480496099219844,0.00706639273973235,NA,0.480496099219844,106.605150900133,106.695922404954,0.490379189725743,104.33551419188,107.292946689873,0.0164032806561312,0,0.810486097219427,"broad",NA,NA,120,74,46,58417,504,"nk_minority",0.903121826498973,"positive",0.797499532529619,0.0717112309009535,0.218780506858486,66895.4822470924,53.6277324845007,29.0660065239942,75.2920453973458,5.9794770373658e-05,0.00773270782932201,"ok"
60,"broad",0.05,"mlma",NA,NA,5000,4998,2,0,4e-04,0.0501030666547089,0.000103066654708876,0.000677092371081373,0.0260209986564961,0.0261453835223724,1.00478017264127,0.0260185995232911,0.951380552220888,0.479791916766707,0.00706670375742505,NA,0.479791916766707,NA,NA,NA,NA,NA,0.000200080032012805,0,0.410548219287782,"broad",NA,NA,120,74,46,58417,504,"nk_minority",0.903121826498973,"positive",0.797499532529619,0.0717112309009535,0.218780506858486,66895.4822470924,53.6277324845007,29.0660065239942,75.2920453973458,5.9794770373658e-05,0.00773270782932201,"ok"
60,"broad",0.05,"mlma_cr2",NA,NA,5000,4998,2,0,4e-04,0.0501030666547089,0.000103066654708876,0.000677092371081373,0.0260209986564961,0.0259748958511346,0.998228246118831,0.0260185995232911,0.953381352541016,0.474789915966387,0.00706348692018271,NA,0.474789915966387,104.754424919291,104.725399195107,0.871064433306096,101.778567806881,107.349768532745,0.000200080032012805,0,0.486520608243453,"broad",NA,NA,120,74,46,58417,504,"nk_minority",0.903121826498973,"positive",0.797499532529619,0.0717112309009535,0.218780506858486,66895.4822470924,53.6277324845007,29.0660065239942,75.2920453973458,5.9794770373658e-05,0.00773270782932201,"ok"
60,"broad",0.1,"aggregate_hksj",NA,NA,5000,5000,0,0,0,0.100098564392642,9.85643926419699e-05,0.000680685711900826,0.0260899542333985,0.026919333498162,1.03178921884431,0.0260875313070812,0.959,0.964,0.00263453980801202,NA,0.964,118,118,0,118,118,0,0,0.113646000000027,"broad",NA,NA,120,74,46,58417,504,"nk_minority",0.903121826498973,"positive",0.797499532529619,0.0717112309009535,0.218780506858486,66895.4822470924,53.6277324845007,29.0660065239942,75.2920453973458,5.9794770373658e-05,0.00773270782932201,"ok"
60,"broad",0.1,"che_rve",NA,NA,5000,4999,1,0,2e-04,0.10013186080823,0.000131860808229994,0.000674192707210133,0.0259652211084391,0.025884939088926,0.996908094131846,0.0259629587868628,0.952390478095619,0.96999399879976,0.00241294274216726,NA,0.96999399879976,106.605151474738,106.695922420992,0.490379926901711,104.335514110549,107.292946689019,0.0166033206641328,0,0.809461892378397,"broad",NA,NA,120,74,46,58417,504,"nk_minority",0.903121826498973,"positive",0.797499532529619,0.0717112309009535,0.218780506858486,66895.4822470924,53.6277324845007,29.0660065239942,75.2920453973458,5.9794770373658e-05,0.00773270782932201,"ok"
60,"broad",0.1,"mlma",NA,NA,5000,4999,1,0,2e-04,0.100117471393327,0.000117471393327379,0.000677663142399615,0.0260319638598323,0.0261455943800868,1.00436503833773,0.0260296250873392,0.951190238047609,0.968993798759752,0.00245156386375209,NA,0.968993798759752,NA,NA,NA,NA,NA,0.0002000400080016,0,0.409783956791314,"broad",NA,NA,120,74,46,58417,504,"nk_minority",0.903121826498973,"positive",0.797499532529619,0.0717112309009535,0.218780506858486,66895.4822470924,53.6277324845007,29.0660065239942,75.2920453973458,5.9794770373658e-05,0.00773270782932201,"ok"
60,"broad",0.1,"mlma_cr2",NA,NA,5000,4999,1,0,2e-04,0.100117471393327,0.000117471393327379,0.000677663142399615,0.0260319638598323,0.0259751949427604,0.997819261067757,0.0260296250873392,0.953190638127626,0.969793958791758,0.00242072287476299,NA,0.969793958791758,104.754372841198,104.725366841873,0.870965029113505,101.778567792403,107.349768533204,0.0002000400080016,0,0.486841368273704,"broad",NA,NA,120,74,46,58417,504,"nk_minority",0.903121826498973,"positive",0.797499532529619,0.0717112309009535,0.218780506858486,66895.4822470924,53.6277324845007,29.0660065239942,75.2920453973458,5.9794770373658e-05,0.00773270782932201,"ok"
60,"broad",0.2,"aggregate_hksj",NA,NA,5000,5000,0,0,0,0.200098564392642,9.85643926419699e-05,0.000680685711900826,0.0260899542333985,0.026919333498162,1.03178921884431,0.0260875313070812,0.959,1,0,NA,1,118,118,0,118,118,0,0,0.11294400000008,"broad",NA,NA,120,74,46,58417,504,"nk_minority",0.903121826498973,"positive",0.797499532529619,0.0717112309009535,0.218780506858486,66895.4822470924,53.6277324845007,29.0660065239942,75.2920453973458,5.9794770373658e-05,0.00773270782932201,"ok"
60,"broad",0.2,"che_rve",NA,NA,5000,4994,6,0,0.0012,0.200134309064523,0.000134309064522498,0.000674383962913068,0.0259689037680274,0.0258866783930772,0.99683369865418,0.0259666509777193,0.952342811373648,1,0,NA,1,106.604968417732,106.695740304767,0.490493431263816,104.335514239305,107.292946690884,0.0162194633560272,0,0.810392470965084,"broad",NA,NA,120,74,46,58417,504,"nk_minority",0.903121826498973,"positive",0.797499532529619,0.0717112309009535,0.218780506858486,66895.4822470924,53.6277324845007,29.0660065239942,75.2920453973458,5.9794770373658e-05,0.00773270782932201,"ok"
60,"broad",0.2,"mlma",NA,NA,5000,5000,0,0,0,0.200117566909896,0.000117566909895561,0.000677527628415527,0.0260293608914151,0.0261455637160433,1.00446429803302,0.0260270233578131,0.9512,1,0,NA,1,NA,NA,NA,NA,NA,2e-04,0,0.409430000000013,"broad",NA,NA,120,74,46,58417,504,"nk_minority",0.903121826498973,"positive",0.797499532529619,0.0717112309009535,0.218780506858486,66895.4822470924,53.6277324845007,29.0660065239942,75.2920453973458,5.9794770373658e-05,0.00773270782932201,"ok"
60,"broad",0.2,"mlma_cr2",NA,NA,5000,5000,0,0,0,0.200117566909896,0.000117566909895561,0.000677527628415527,0.0260293608914151,0.0259751716329901,0.997918148714793,0.0260270233578131,0.9532,1,0,NA,1,104.754444883016,104.725399300362,0.870892810966888,101.778567772372,107.349768533648,2e-04,0,0.485900000000071,"broad",NA,NA,120,74,46,58417,504,"nk_minority",0.903121826498973,"positive",0.797499532529619,0.0717112309009535,0.218780506858486,66895.4822470924,53.6277324845007,29.0660065239942,75.2920453973458,5.9794770373658e-05,0.00773270782932201,"ok"
61,"broad",0,"aggregate_hksj",NA,NA,5000,5000,0,0,0,-0.0015454903199552,-0.0015454903199552,0.00404193025173603,0.0635761767624951,0.0633625825128599,0.996640341390248,0.0635886027996743,0.947,0.053,0.00316831185333767,0.053,NA,28,28,0,28,28,0,0,0.0362460000000457,"broad",NA,NA,30,24,6,17657,153,"nk_minority",0.835937451204663,"positive",0.315327940878924,0.0837493490126217,0.245047858642763,19400.2263458274,23.9891347724847,5.996899139521,7.86360465738881,0.000206183161407306,0.0143590794066787,"ok"
61,"broad",0,"che_rve",NA,NA,5000,4992,8,0,0.0016,-0.00151727605210153,-0.00151727605210153,0.00402448487722557,0.063438827836157,0.0605919759709576,0.95512445670415,0.0634506171519979,0.9453125,0.0546875,0.0032180622972012,0.0546875,NA,7.9390267279959,7.93093722202439,0.0609700004338749,7.79505752384756,8.05114687371409,0.0871394230769231,0,0.450422676282117,"broad",NA,NA,30,24,6,17657,153,"nk_minority",0.835937451204663,"positive",0.315327940878924,0.0837493490126217,0.245047858642763,19400.2263458274,23.9891347724847,5.996899139521,7.86360465738881,0.000206183161407306,0.0143590794066787,"ok"
61,"broad",0,"mlma",NA,NA,5000,4992,8,0,0.0016,-0.00152460883419835,-0.00152460883419835,0.00403434012975287,0.0635164555824148,0.0620017483837279,0.976152523235156,0.0635283905098067,0.934495192307692,0.0655048076923077,0.00350177175455138,0.0655048076923077,NA,NA,NA,NA,NA,NA,0.0675080128205128,0,0.379977964743562,"broad",NA,NA,30,24,6,17657,153,"nk_minority",0.835937451204663,"positive",0.315327940878924,0.0837493490126217,0.245047858642763,19400.2263458274,23.9891347724847,5.996899139521,7.86360465738881,0.000206183161407306,0.0143590794066787,"ok"
61,"broad",0,"mlma_cr2",NA,NA,5000,4992,8,0,0.0016,-0.00152460883419835,-0.00152460883419835,0.00403434012975287,0.0635164555824148,0.0605821344660667,0.953802190480533,0.0635283905098067,0.944711538461538,0.0552884615384615,0.00323466697273669,0.0552884615384615,NA,7.93766123715787,7.9286051846164,0.0624499399483205,7.79404647403812,8.06092295887997,0.0675080128205128,0,0.403375400640969,"broad",NA,NA,30,24,6,17657,153,"nk_minority",0.835937451204663,"positive",0.315327940878924,0.0837493490126217,0.245047858642763,19400.2263458274,23.9891347724847,5.996899139521,7.86360465738881,0.000206183161407306,0.0143590794066787,"ok"
61,"broad",0.05,"aggregate_hksj",NA,NA,5000,5000,0,0,0,0.0484545096800448,-0.0015454903199552,0.00404193025173603,0.0635761767624951,0.0633625825128599,0.996640341390248,0.0635886027996743,0.947,0.111,0.00444249929656719,NA,0.111,28,28,0,28,28,0,0,0.0358999999999243,"broad",NA,NA,30,24,6,17657,153,"nk_minority",0.835937451204663,"positive",0.315327940878924,0.0837493490126217,0.245047858642763,19400.2263458274,23.9891347724847,5.996899139521,7.86360465738881,0.000206183161407306,0.0143590794066787,"ok"
61,"broad",0.05,"che_rve",NA,NA,5000,4994,6,0,0.0012,0.048493999458896,-0.00150600054110403,0.00401421643129677,0.0633578442759598,0.0605837375331606,0.95621525993346,0.0633693984591214,0.945534641569884,0.102322787344814,0.00428866390297113,NA,0.102322787344814,7.93907103544154,7.93095905308062,0.0609979808541828,7.79505752356322,8.05114687371443,0.0875050060072086,0,0.45160993191838,"broad",NA,NA,30,24,6,17657,153,"nk_minority",0.835937451204663,"positive",0.315327940878924,0.0837493490126217,0.245047858642763,19400.2263458274,23.9891347724847,5.996899139521,7.86360465738881,0.000206183161407306,0.0143590794066787,"ok"
61,"broad",0.05,"mlma",NA,NA,5000,4994,6,0,0.0012,0.0484390527148156,-0.00156094728518443,0.00403293426969402,0.0635053877217833,0.0619994449204686,0.976286377339948,0.0635182121143228,0.934521425710853,0.134961954345214,0.00483502823596285,NA,0.134961954345214,NA,NA,NA,NA,NA,0.0676812174609531,0,0.381021225470636,"broad",NA,NA,30,24,6,17657,153,"nk_minority",0.835937451204663,"positive",0.315327940878924,0.0837493490126217,0.245047858642763,19400.2263458274,23.9891347724847,5.996899139521,7.86360465738881,0.000206183161407306,0.0143590794066787,"ok"
61,"broad",0.05,"mlma_cr2",NA,NA,5000,4994,6,0,0.0012,0.0484390527148156,-0.00156094728518443,0.00403293426969402,0.0635053877217833,0.0605843843233918,0.954003849072013,0.0635182121143228,0.944933920704846,0.102923508209852,0.00429979509033958,NA,0.102923508209852,7.93770999478973,7.92862644663516,0.0624849399906962,7.79404647411932,8.06092295888019,0.0676812174609531,0,0.404275130156166,"broad",NA,NA,30,24,6,17657,153,"nk_minority",0.835937451204663,"positive",0.315327940878924,0.0837493490126217,0.245047858642763,19400.2263458274,23.9891347724847,5.996899139521,7.86360465738881,0.000206183161407306,0.0143590794066787,"ok"
61,"broad",0.1,"aggregate_hksj",NA,NA,5000,5000,0,0,0,0.0984545096800448,-0.00154549031995521,0.00404193025173602,0.0635761767624951,0.0633625825128599,0.996640341390248,0.0635886027996743,0.947,0.3148,0.0065681193655414,NA,0.3148,28,28,0,28,28,0,0,0.035951999999932,"broad",NA,NA,30,24,6,17657,153,"nk_minority",0.835937451204663,"positive",0.315327940878924,0.0837493490126217,0.245047858642763,19400.2263458274,23.9891347724847,5.996899139521,7.86360465738881,0.000206183161407306,0.0143590794066787,"ok"
61,"broad",0.1,"che_rve",NA,NA,5000,4994,6,0,0.0012,0.0984599744444875,-0.00154002555551248,0.00402179413232312,0.0634176168924939,0.0605861026951692,0.955351299275015,0.0634299652042947,0.945134160993192,0.283540248297958,0.0063779188295975,NA,0.283540248297958,7.93907046603586,7.93095905316869,0.0609969618037919,7.7950575236485,8.05114687371426,0.0875050060072086,0,0.449963956747875,"broad",NA,NA,30,24,6,17657,153,"nk_minority",0.835937451204663,"positive",0.315327940878924,0.0837493490126217,0.245047858642763,19400.2263458274,23.9891347724847,5.996899139521,7.86360465738881,0.000206183161407306,0.0143590794066787,"ok"
61,"broad",0.1,"mlma",NA,NA,5000,4994,6,0,0.0012,0.0984847176256937,-0.00151528237430626,0.00403224658793966,0.0634999731333774,0.0620010446957986,0.976394817767397,0.0635116938082593,0.934321185422507,0.365438526231478,0.00681427642463073,NA,0.365438526231478,NA,NA,NA,NA,NA,0.0676812174609531,0,0.380350420504582,"broad",NA,NA,30,24,6,17657,153,"nk_minority",0.835937451204663,"positive",0.315327940878924,0.0837493490126217,0.245047858642763,19400.2263458274,23.9891347724847,5.996899139521,7.86360465738881,0.000206183161407306,0.0143590794066787,"ok"
61,"broad",0.1,"mlma_cr2",NA,NA,5000,4994,6,0,0.0012,0.0984847176256937,-0.00151528237430626,0.00403224658793966,0.0634999731333774,0.0605859349787615,0.954109615944321,0.0635116938082593,0.9447336804165,0.28394072887465,0.00638063737506928,NA,0.28394072887465,7.9377097857967,7.92862644668746,0.0624845295572192,7.7940464740293,8.06092295887855,0.0676812174609531,0,0.40329795754911,"broad",NA,NA,30,24,6,17657,153,"nk_minority",0.835937451204663,"positive",0.315327940878924,0.0837493490126217,0.245047858642763,19400.2263458274,23.9891347724847,5.996899139521,7.86360465738881,0.000206183161407306,0.0143590794066787,"ok"
61,"broad",0.2,"aggregate_hksj",NA,NA,5000,5000,0,0,0,0.198454509680045,-0.00154549031995521,0.00404193025173603,0.0635761767624951,0.0633625825128599,0.996640341390248,0.0635886027996743,0.947,0.8484,0.00507183280481524,NA,0.8484,28,28,0,28,28,0,0,0.0361320000000647,"broad",NA,NA,30,24,6,17657,153,"nk_minority",0.835937451204663,"positive",0.315327940878924,0.0837493490126217,0.245047858642763,19400.2263458274,23.9891347724847,5.996899139521,7.86360465738881,0.000206183161407306,0.0143590794066787,"ok"
61,"broad",0.2,"che_rve",NA,NA,5000,4996,4,0,8e-04,0.198447052801159,-0.00155294719884111,0.00403105647277386,0.0634906014522926,0.0605783004289977,0.954130202633484,0.0635032381929951,0.944755804643715,0.789631705364291,0.00576622012111423,NA,0.789631705364291,7.9391489346785,7.93099579642914,0.0610385443671741,7.79505752350031,8.05114687371441,0.0880704563650921,0,0.452195756605284,"broad",NA,NA,30,24,6,17657,153,"nk_minority",0.835937451204663,"positive",0.315327940878924,0.0837493490126217,0.245047858642763,19400.2263458274,23.9891347724847,5.996899139521,7.86360465738881,0.000206183161407306,0.0143590794066787,"ok"
61,"broad",0.2,"mlma",NA,NA,5000,4994,6,0,0.0012,0.198489494432058,-0.0015105055679423,0.00403336690460614,0.0635087939155369,0.0619993561433299,0.976232617892028,0.0635203974257478,0.934321185422507,0.877452943532239,0.00464022554575835,NA,0.877452943532239,NA,NA,NA,NA,NA,0.0676812174609531,0,0.381305566680043,"broad",NA,NA,30,24,6,17657,153,"nk_minority",0.835937451204663,"positive",0.315327940878924,0.0837493490126217,0.245047858642763,19400.2263458274,23.9891347724847,5.996899139521,7.86360465738881,0.000206183161407306,0.0143590794066787,"ok"
61,"broad",0.2,"mlma_cr2",NA,NA,5000,4994,6,0,0.0012,0.198489494432058,-0.0015105055679423,0.00403336690460614,0.0635087939155369,0.0605885802130347,0.954018750436578,0.0635203974257478,0.9447336804165,0.789547456948338,0.00576822164033426,NA,0.789547456948338,7.93770999016458,7.92862644674714,0.0624849304222383,7.7940464740777,8.06092295891012,0.0676812174609531,0,0.404715658790498,"broad",NA,NA,30,24,6,17657,153,"nk_minority",0.835937451204663,"positive",0.315327940878924,0.0837493490126217,0.245047858642763,19400.2263458274,23.9891347724847,5.996899139521,7.86360465738881,0.000206183161407306,0.0143590794066787,"ok"
62,"broad",0,"aggregate_hksj",NA,NA,5000,5000,0,0,0,0.000612166673332764,0.000612166673332764,0.00245232450474909,0.0495209501599988,0.0490800412744608,0.991096518057237,0.0495197817834861,0.9482,0.0518,0.0031342227106573,0.0518,NA,118,118,0,118,118,0,0,0.115523999999947,"broad",NA,NA,120,71,49,15215,187,"n_majority",0.92572281611283,"positive",0.829022548573557,0.182911875799531,0.181677785408159,13388.3362287263,59.4719576928973,44.8331681738396,72.5829102948604,0.000298767519104989,0.0172848927999276,"ok"
62,"broad",0,"che_rve",NA,NA,5000,5000,0,0,0,0.000489604173810274,0.000489604173810274,0.00243023097347405,0.049297372886129,0.0492266217905622,0.998564810020804,0.0492948743737761,0.952,0.048,0.00302311098043059,0.048,NA,93.909036323196,94.2762974506853,2.32574491167291,76.4023301397801,99.0476999773679,4e-04,0,0.616083999999822,"broad",NA,NA,120,71,49,15215,187,"n_majority",0.92572281611283,"positive",0.829022548573557,0.182911875799531,0.181677785408159,13388.3362287263,59.4719576928973,44.8331681738396,72.5829102948604,0.000298767519104989,0.0172848927999276,"ok"
62,"broad",0,"mlma",NA,NA,5000,4999,1,0,2e-04,0.000491598842387406,0.000491598842387406,0.0024307429592348,0.0493025654427313,0.0493354253901603,1.00066649569112,0.0493000850183407,0.9499899979996,0.0500100020004001,0.00308280733752209,0.0500100020004001,NA,NA,NA,NA,NA,NA,0,0,0.345023004600912,"broad",NA,NA,120,71,49,15215,187,"n_majority",0.92572281611283,"positive",0.829022548573557,0.182911875799531,0.181677785408159,13388.3362287263,59.4719576928973,44.8331681738396,72.5829102948604,0.000298767519104989,0.0172848927999276,"ok"
62,"broad",0,"mlma_cr2",NA,NA,5000,4999,1,0,2e-04,0.000491598842387406,0.000491598842387406,0.0024307429592348,0.0493025654427313,0.0492286270877633,0.998500314247259,0.0493000850183407,0.951790358071614,0.0482096419283857,0.00302967494242466,0.0482096419283857,NA,93.8741211320336,94.2411157687154,2.32509829374772,71.1987754844609,99.0057510336309,0,0,0.417443488697749,"broad",NA,NA,120,71,49,15215,187,"n_majority",0.92572281611283,"positive",0.829022548573557,0.182911875799531,0.181677785408159,13388.3362287263,59.4719576928973,44.8331681738396,72.5829102948604,0.000298767519104989,0.0172848927999276,"ok"
62,"broad",0.05,"aggregate_hksj",NA,NA,5000,5000,0,0,0,0.0506121666733328,0.000612166673332769,0.00245232450474909,0.0495209501599988,0.0490800412744608,0.991096518057237,0.0495197817834861,0.9482,0.1768,0.00539521565834027,NA,0.1768,118,118,0,118,118,0,0,0.115694000000021,"broad",NA,NA,120,71,49,15215,187,"n_majority",0.92572281611283,"positive",0.829022548573557,0.182911875799531,0.181677785408159,13388.3362287263,59.4719576928973,44.8331681738396,72.5829102948604,0.000298767519104989,0.0172848927999276,"ok"
62,"broad",0.05,"che_rve",NA,NA,5000,5000,0,0,0,0.0504896041739208,0.000489604173920813,0.00243023097340741,0.0492973728854531,0.0492266217903212,0.998564810029607,0.0492948743731014,0.952,0.172,0.0053369654299049,NA,0.172,93.9090363300737,94.276297342438,2.32574489127991,76.4023302023845,99.0477000206192,4e-04,0,0.616417999999993,"broad",NA,NA,120,71,49,15215,187,"n_majority",0.92572281611283,"positive",0.829022548573557,0.182911875799531,0.181677785408159,13388.3362287263,59.4719576928973,44.8331681738396,72.5829102948604,0.000298767519104989,0.0172848927999276,"ok"
62,"broad",0.05,"mlma",NA,NA,5000,5000,0,0,0,0.0504944905951528,0.000494490595152809,0.00243029852419313,0.0492980580164485,0.0493346583131795,1.00074242877313,0.049295608175952,0.95,0.1742,0.00536384861829638,NA,0.1742,NA,NA,NA,NA,NA,0,0,0.341826000000144,"broad",NA,NA,120,71,49,15215,187,"n_majority",0.92572281611283,"positive",0.829022548573557,0.182911875799531,0.181677785408159,13388.3362287263,59.4719576928973,44.8331681738396,72.5829102948604,0.000298767519104989,0.0172848927999276,"ok"
62,"broad",0.05,"mlma_cr2",NA,NA,5000,5000,0,0,0,0.0504944905951528,0.000494490595152809,0.00243029852419313,0.0492980580164485,0.0492273449099482,0.998565600566319,0.049295608175952,0.9518,0.1726,0.00534432858271271,NA,0.1726,93.8734740791501,94.2404810969289,2.32531588899614,71.1987756919851,99.0057510508399,0,0,0.413130000000031,"broad",NA,NA,120,71,49,15215,187,"n_majority",0.92572281611283,"positive",0.829022548573557,0.182911875799531,0.181677785408159,13388.3362287263,59.4719576928973,44.8331681738396,72.5829102948604,0.000298767519104989,0.0172848927999276,"ok"
62,"broad",0.1,"aggregate_hksj",NA,NA,5000,5000,0,0,0,0.100612166673333,0.000612166673332762,0.00245232450474909,0.0495209501599988,0.0490800412744608,0.991096518057238,0.0495197817834861,0.9482,0.52,0.00706540869306228,NA,0.52,118,118,0,118,118,0,0,0.116304000000004,"broad",NA,NA,120,71,49,15215,187,"n_majority",0.92572281611283,"positive",0.829022548573557,0.182911875799531,0.181677785408159,13388.3362287263,59.4719576928973,44.8331681738396,72.5829102948604,0.000298767519104989,0.0172848927999276,"ok"
62,"broad",0.1,"che_rve",NA,NA,5000,4999,1,0,2e-04,0.100492753018041,0.000492753018041012,0.00243066762824279,0.0493018014705628,0.0492273359715281,0.998489598821675,0.0492993326831893,0.951990398079616,0.516703340668134,0.00706782785021034,NA,0.516703340668134,93.909302441109,94.2769691250889,2.32590143801452,76.4023304324103,99.0477000284945,0.000400080016003201,0,0.61581716343269,"broad",NA,NA,120,71,49,15215,187,"n_majority",0.92572281611283,"positive",0.829022548573557,0.182911875799531,0.181677785408159,13388.3362287263,59.4719576928973,44.8331681738396,72.5829102948604,0.000298767519104989,0.0172848927999276,"ok"
62,"broad",0.1,"mlma",NA,NA,5000,4999,1,0,2e-04,0.100515551504559,0.000515551504559328,0.00242856652520917,0.0492804882809532,0.0493351460136388,1.00110911507966,0.04927825593602,0.950190038007601,0.526105221044209,0.00706212986445952,NA,0.526105221044209,NA,NA,NA,NA,NA,0,0,0.342650530105856,"broad",NA,NA,120,71,49,15215,187,"n_majority",0.92572281611283,"positive",0.829022548573557,0.182911875799531,0.181677785408159,13388.3362287263,59.4719576928973,44.8331681738396,72.5829102948604,0.000298767519104989,0.0172848927999276,"ok"
62,"broad",0.1,"mlma_cr2",NA,NA,5000,4999,1,0,2e-04,0.100515551504559,0.000515551504559328,0.00242856652520917,0.0492804882809532,0.0492278602328623,0.998932071293797,0.04927825593602,0.951990398079616,0.517903580716143,0.00706724002251341,NA,0.517903580716143,93.8736092032356,94.241115719752,2.3255288912339,71.1987748245693,99.0057510804017,0,0,0.4143648729745,"broad",NA,NA,120,71,49,15215,187,"n_majority",0.92572281611283,"positive",0.829022548573557,0.182911875799531,0.181677785408159,13388.3362287263,59.4719576928973,44.8331681738396,72.5829102948604,0.000298767519104989,0.0172848927999276,"ok"
62,"broad",0.2,"aggregate_hksj",NA,NA,5000,5000,0,0,0,0.200612166673333,0.000612166673332776,0.00245232450474909,0.0495209501599988,0.0490800412744608,0.991096518057237,0.0495197817834861,0.9482,0.9816,0.00190060200989055,NA,0.9816,118,118,0,118,118,0,0,0.115911999999936,"broad",NA,NA,120,71,49,15215,187,"n_majority",0.92572281611283,"positive",0.829022548573557,0.182911875799531,0.181677785408159,13388.3362287263,59.4719576928973,44.8331681738396,72.5829102948604,0.000298767519104989,0.0172848927999276,"ok"
62,"broad",0.2,"che_rve",NA,NA,5000,5000,0,0,0,0.200489604172871,0.000489604172871139,0.00243023097343942,0.0492973728857778,0.0492266217910361,0.998564810037532,0.0492948743734156,0.952,0.9822,0.00186992834087299,NA,0.9822,93.9090363219523,94.2762974725942,2.32574489690315,76.4023307504436,99.0476999426431,4e-04,0,0.615673999999999,"broad",NA,NA,120,71,49,15215,187,"n_majority",0.92572281611283,"positive",0.829022548573557,0.182911875799531,0.181677785408159,13388.3362287263,59.4719576928973,44.8331681738396,72.5829102948604,0.000298767519104989,0.0172848927999276,"ok"
62,"broad",0.2,"mlma",NA,NA,5000,4999,1,0,2e-04,0.200515551503897,0.000515551503896788,0.00242856652490632,0.0492804882778805,0.0493351460139684,1.00110911514877,0.0492782559329408,0.950190038007601,0.983996799359872,0.00177483792268768,NA,0.983996799359872,NA,NA,NA,NA,NA,0,0,0.341792358471868,"broad",NA,NA,120,71,49,15215,187,"n_majority",0.92572281611283,"positive",0.829022548573557,0.182911875799531,0.181677785408159,13388.3362287263,59.4719576928973,44.8331681738396,72.5829102948604,0.000298767519104989,0.0172848927999276,"ok"
62,"broad",0.2,"mlma_cr2",NA,NA,5000,4999,1,0,2e-04,0.200515551503897,0.000515551503896788,0.00242856652490632,0.0492804882778805,0.0492278602331966,0.998932071362865,0.0492782559329408,0.951990398079616,0.982196439287858,0.0018702990112013,NA,0.982196439287858,93.8736092058433,94.2411156878592,2.32552887385675,71.1987755660478,99.0057510754383,0,0,0.412842568513881,"broad",NA,NA,120,71,49,15215,187,"n_majority",0.92572281611283,"positive",0.829022548573557,0.182911875799531,0.181677785408159,13388.3362287263,59.4719576928973,44.8331681738396,72.5829102948604,0.000298767519104989,0.0172848927999276,"ok"
63,"broad",0,"aggregate_hksj",NA,NA,5000,5000,0,0,0,3.07090965377971e-05,3.07090965377971e-05,0.000647043044644218,0.0254370407996728,0.0252125436074495,0.991174398233218,0.0254345155071588,0.949,0.051,0.00311123769583746,0.051,NA,118,118,0,118,118,0,0,0.109896000000078,"broad",NA,NA,120,67,53,13165,464,"nk_minority",0.825101711107563,"negative",0.560433143645059,0.075437255828816,0.0981575024570921,16169.2933257857,66.5360938896752,52.5113556806668,113.127295166995,0.000247382487249524,0.0157283974787492,"ok"
63,"broad",0,"che_rve",NA,NA,5000,5000,0,0,0,9.894817169245e-05,9.894817169245e-05,0.0006336908199006,0.0251732163201407,0.0249395595437028,0.990718040417783,0.0251708933587448,0.9492,0.0508,0.00310545842026584,0.0508,NA,108.065802509912,108.278303180817,1.32637225881401,101.423410179909,110.892769552159,0.0062,0,0.835836000000234,"broad",NA,NA,120,67,53,13165,464,"nk_minority",0.825101711107563,"negative",0.560433143645059,0.075437255828816,0.0981575024570921,16169.2933257857,66.5360938896752,52.5113556806668,113.127295166995,0.000247382487249524,0.0157283974787492,"ok"
63,"broad",0,"mlma",NA,NA,5000,5000,0,0,0,9.85027014380415e-05,9.85027014380415e-05,0.000635014433337096,0.0251994927198366,0.0250032436097124,0.992212180129736,0.0251971651824688,0.9466,0.0534,0.00317957355631223,0.0534,NA,NA,NA,NA,NA,NA,0,0.0296,0.500302000000156,"broad",NA,NA,120,67,53,13165,464,"nk_minority",0.825101711107563,"negative",0.560433143645059,0.075437255828816,0.0981575024570921,16169.2933257857,66.5360938896752,52.5113556806668,113.127295166995,0.000247382487249524,0.0157283974787492,"ok"
63,"broad",0,"mlma_cr2",NA,NA,5000,5000,0,0,0,9.85027014380415e-05,9.85027014380415e-05,0.000635014433337096,0.0251994927198366,0.0249836579766961,0.991434956824721,0.0251971651824688,0.948,0.052,0.00313993630508646,0.052,NA,107.612705814622,107.875433504469,1.50528765175607,98.32402212103,110.424093476386,0,0.0296,0.577526000000065,"broad",NA,NA,120,67,53,13165,464,"nk_minority",0.825101711107563,"negative",0.560433143645059,0.075437255828816,0.0981575024570921,16169.2933257857,66.5360938896752,52.5113556806668,113.127295166995,0.000247382487249524,0.0157283974787492,"ok"
63,"broad",0.05,"aggregate_hksj",NA,NA,5000,5000,0,0,0,0.0500307090965378,3.07090965377954e-05,0.000647043044644218,0.0254370407996728,0.0252125436074495,0.991174398233218,0.0254345155071588,0.949,0.5102,0.0070695963109643,NA,0.5102,118,118,0,118,118,0,0,0.109610000000207,"broad",NA,NA,120,67,53,13165,464,"nk_minority",0.825101711107563,"negative",0.560433143645059,0.075437255828816,0.0981575024570921,16169.2933257857,66.5360938896752,52.5113556806668,113.127295166995,0.000247382487249524,0.0157283974787492,"ok"
63,"broad",0.05,"che_rve",NA,NA,5000,5000,0,0,0,0.0500989481690701,9.89481690701205e-05,0.000633690819890004,0.0251732163199303,0.0249395595435123,0.990718040418497,0.025170893358524,0.9492,0.5144,0.00706813469028428,NA,0.5144,108.065802510369,108.278303191747,1.32637225410876,101.423410156739,110.892769572385,0.0062,0,0.836539999999868,"broad",NA,NA,120,67,53,13165,464,"nk_minority",0.825101711107563,"negative",0.560433143645059,0.075437255828816,0.0981575024570921,16169.2933257857,66.5360938896752,52.5113556806668,113.127295166995,0.000247382487249524,0.0157283974787492,"ok"
63,"broad",0.05,"mlma",NA,NA,5000,5000,0,0,0,0.050098502699802,9.85026998020291e-05,0.000635014433331731,0.0251994927197301,0.025003243609373,0.992212180120457,0.025197165182356,0.9466,0.5204,0.00706517996939922,NA,0.5204,NA,NA,NA,NA,NA,0,0.0296,0.491855999999985,"broad",NA,NA,120,67,53,13165,464,"nk_minority",0.825101711107563,"negative",0.560433143645059,0.075437255828816,0.0981575024570921,16169.2933257857,66.5360938896752,52.5113556806668,113.127295166995,0.000247382487249524,0.0157283974787492,"ok"
63,"broad",0.05,"mlma_cr2",NA,NA,5000,5000,0,0,0,0.050098502699802,9.85026998020291e-05,0.000635014433331731,0.0251994927197301,0.0249836579765977,0.991434956825007,0.025197165182356,0.948,0.5132,0.00706860325665545,NA,0.5132,107.612705814376,107.875433617328,1.50528765294047,98.3240221174878,110.424093443215,0,0.0296,0.568663999999955,"broad",NA,NA,120,67,53,13165,464,"nk_minority",0.825101711107563,"negative",0.560433143645059,0.075437255828816,0.0981575024570921,16169.2933257857,66.5360938896752,52.5113556806668,113.127295166995,0.000247382487249524,0.0157283974787492,"ok"
63,"broad",0.1,"aggregate_hksj",NA,NA,5000,5000,0,0,0,0.100030709096538,3.07090965377954e-05,0.000647043044644218,0.0254370407996728,0.0252125436074495,0.991174398233218,0.0254345155071588,0.949,0.9774,0.00210186774084384,NA,0.9774,118,118,0,118,118,0,0,0.109264000000275,"broad",NA,NA,120,67,53,13165,464,"nk_minority",0.825101711107563,"negative",0.560433143645059,0.075437255828816,0.0981575024570921,16169.2933257857,66.5360938896752,52.5113556806668,113.127295166995,0.000247382487249524,0.0157283974787492,"ok"
63,"broad",0.1,"che_rve",NA,NA,5000,5000,0,0,0,0.100098948168734,9.8948168734167e-05,0.000633690819855306,0.0251732163192411,0.0249395595437044,0.990718040453254,0.0251708933578336,0.9492,0.979,0.002027757381937,NA,0.979,108.065802509297,108.27830317736,1.32637225858806,101.423410147264,110.892769591774,0.0062,0,0.836462000000142,"broad",NA,NA,120,67,53,13165,464,"nk_minority",0.825101711107563,"negative",0.560433143645059,0.075437255828816,0.0981575024570921,16169.2933257857,66.5360938896752,52.5113556806668,113.127295166995,0.000247382487249524,0.0157283974787492,"ok"
63,"broad",0.1,"mlma",NA,NA,5000,4999,1,0,2e-04,0.100099216426853,9.92164268526635e-05,0.000635138939558175,0.0252019630100152,0.0250030626882953,0.992107744875234,0.0251996375025313,0.946589317863573,0.980796159231846,0.00194107295236997,NA,0.980796159231846,NA,NA,NA,NA,NA,0,0.0294058811762352,0.492664532906535,"broad",NA,NA,120,67,53,13165,464,"nk_minority",0.825101711107563,"negative",0.560433143645059,0.075437255828816,0.0981575024570921,16169.2933257857,66.5360938896752,52.5113556806668,113.127295166995,0.000247382487249524,0.0157283974787492,"ok"
63,"broad",0.1,"mlma_cr2",NA,NA,5000,4999,1,0,2e-04,0.100099216426853,9.92164268526635e-05,0.000635138939558175,0.0252019630100152,0.0249835185049998,0.991332242455532,0.0251996375025313,0.947989597919584,0.978195639127826,0.00206558453511843,NA,0.978195639127826,107.612276440023,107.875316246498,1.50513196481879,98.3240220895075,110.42409346348,0,0.0294058811762352,0.56949789957986,"broad",NA,NA,120,67,53,13165,464,"nk_minority",0.825101711107563,"negative",0.560433143645059,0.075437255828816,0.0981575024570921,16169.2933257857,66.5360938896752,52.5113556806668,113.127295166995,0.000247382487249524,0.0157283974787492,"ok"
63,"broad",0.2,"aggregate_hksj",NA,NA,5000,5000,0,0,0,0.200030709096538,3.07090965377954e-05,0.000647043044644218,0.0254370407996728,0.0252125436074495,0.991174398233218,0.0254345155071588,0.949,1,0,NA,1,118,118,0,118,118,0,0,0.10896799999986,"broad",NA,NA,120,67,53,13165,464,"nk_minority",0.825101711107563,"negative",0.560433143645059,0.075437255828816,0.0981575024570921,16169.2933257857,66.5360938896752,52.5113556806668,113.127295166995,0.000247382487249524,0.0157283974787492,"ok"
63,"broad",0.2,"che_rve",NA,NA,5000,5000,0,0,0,0.200098948170338,9.89481703382311e-05,0.00063369081979401,0.0251732163180236,0.0249395595436159,0.990718040497654,0.0251708933566225,0.9492,1,0,NA,1,108.065802505477,108.27830318395,1.32637226677805,101.423410165086,110.892769554893,0.0062,0,0.836029999999964,"broad",NA,NA,120,67,53,13165,464,"nk_minority",0.825101711107563,"negative",0.560433143645059,0.075437255828816,0.0981575024570921,16169.2933257857,66.5360938896752,52.5113556806668,113.127295166995,0.000247382487249524,0.0157283974787492,"ok"
63,"broad",0.2,"mlma",NA,NA,5000,5000,0,0,0,0.200098502700387,9.8502700387082e-05,0.000635014433393732,0.0251994927209603,0.0250032436071206,0.992212179982637,0.0251971651835883,0.9466,1,0,NA,1,NA,NA,NA,NA,NA,0,0.0296,0.492476000000173,"broad",NA,NA,120,67,53,13165,464,"nk_minority",0.825101711107563,"negative",0.560433143645059,0.075437255828816,0.0981575024570921,16169.2933257857,66.5360938896752,52.5113556806668,113.127295166995,0.000247382487249524,0.0157283974787492,"ok"
63,"broad",0.2,"mlma_cr2",NA,NA,5000,5000,0,0,0,0.200098502700387,9.8502700387082e-05,0.000635014433393732,0.0251994927209603,0.0249836579764339,0.991434956770107,0.0251971651835883,0.948,1,0,NA,1,107.612705815734,107.875433652999,1.50528765559755,98.324022036929,110.424093469155,0,0.0296,0.5694180000002,"broad",NA,NA,120,67,53,13165,464,"nk_minority",0.825101711107563,"negative",0.560433143645059,0.075437255828816,0.0981575024570921,16169.2933257857,66.5360938896752,52.5113556806668,113.127295166995,0.000247382487249524,0.0157283974787492,"ok"
64,"broad",0,"aggregate_hksj",NA,NA,5000,5000,0,0,0,0.00265489420267459,0.00265489420267459,0.0130333994928083,0.114163915020501,0.113551942753571,0.994639529777682,0.114183366897885,0.9502,0.0498,0.00307636018697421,0.0498,NA,28,28,0,28,28,0,0,0.0317859999999928,"broad",NA,NA,30,27,3,8834,63,"independent",0,"positive",0.340607614526525,0.149962338633835,0.147841069786751,3940.08337566181,13.4436335981023,2.95057264493322,2.34714606948043,0.00101520694326123,0.0318623122711021,"ok"
64,"broad",0,"che_rve",NA,NA,5000,5000,0,0,0,0.00266210097442207,0.00266210097442207,0.0130246431024982,0.114125558498078,0.106040035550729,0.929152390982733,0.114145192432602,0.9686,0.0314,0.00246633493264804,0.0314,NA,2.47060294835874,2.47085498386922,0.00274154350570636,2.45351027695766,2.48099378933448,0.0028,0,0.257313999999763,"broad",NA,NA,30,27,3,8834,63,"independent",0,"positive",0.340607614526525,0.149962338633835,0.147841069786751,3940.08337566181,13.4436335981023,2.95057264493322,2.34714606948043,0.00101520694326123,0.0318623122711021,"ok"
64,"broad",0,"mlma",NA,NA,5000,5000,0,0,0,0.00265893605350597,0.00265893605350597,0.0130287200089261,0.114143418596633,0.114515750779359,1.00326196803376,0.114162972131339,0.9438,0.0562,0.00325704037432759,0.0562,NA,NA,NA,NA,NA,NA,4e-04,0,0.216536000000127,"broad",NA,NA,30,27,3,8834,63,"independent",0,"positive",0.340607614526525,0.149962338633835,0.147841069786751,3940.08337566181,13.4436335981023,2.95057264493322,2.34714606948043,0.00101520694326123,0.0318623122711021,"ok"
64,"broad",0,"mlma_cr2",NA,NA,5000,5000,0,0,0,0.00265893605350597,0.00265893605350597,0.0130287200089261,0.114143418596633,0.10604713825653,0.929069232027174,0.114162972131339,0.9688,0.0312,0.00245872161905328,0.0312,NA,2.46860901503334,2.46892251156389,0.00255321109046091,2.45186515922982,2.47833331078617,4e-04,0,0.235342000000208,"broad",NA,NA,30,27,3,8834,63,"independent",0,"positive",0.340607614526525,0.149962338633835,0.147841069786751,3940.08337566181,13.4436335981023,2.95057264493322,2.34714606948043,0.00101520694326123,0.0318623122711021,"ok"
64,"broad",0.05,"aggregate_hksj",NA,NA,5000,5000,0,0,0,0.0526548942026746,0.00265489420267459,0.0130333994928083,0.114163915020501,0.113551942753571,0.994639529777682,0.114183366897885,0.9502,0.0712,0.00363677219523027,NA,0.0712,28,28,0,28,28,0,0,0.0315799999998824,"broad",NA,NA,30,27,3,8834,63,"independent",0,"positive",0.340607614526525,0.149962338633835,0.147841069786751,3940.08337566181,13.4436335981023,2.95057264493322,2.34714606948043,0.00101520694326123,0.0318623122711021,"ok"
64,"broad",0.05,"che_rve",NA,NA,5000,5000,0,0,0,0.0526621009744101,0.00266210097441011,0.0130246431023888,0.114125558497599,0.106040035550679,0.929152390986198,0.114145192432123,0.9686,0.0418,0.00283029185774188,NA,0.0418,2.47060294835871,2.47085498386461,0.00274154350522924,2.45351027695576,2.48099378933448,0.0028,0,0.256511999999889,"broad",NA,NA,30,27,3,8834,63,"independent",0,"positive",0.340607614526525,0.149962338633835,0.147841069786751,3940.08337566181,13.4436335981023,2.95057264493322,2.34714606948043,0.00101520694326123,0.0318623122711021,"ok"
64,"broad",0.05,"mlma",NA,NA,5000,5000,0,0,0,0.0526589360532546,0.00265893605325463,0.0130287200089673,0.114143418596813,0.114515750772781,1.00326196797455,0.114162972131514,0.9438,0.084,0.00392285610238255,NA,0.084,NA,NA,NA,NA,NA,4e-04,0,0.216424000000063,"broad",NA,NA,30,27,3,8834,63,"independent",0,"positive",0.340607614526525,0.149962338633835,0.147841069786751,3940.08337566181,13.4436335981023,2.95057264493322,2.34714606948043,0.00101520694326123,0.0318623122711021,"ok"
64,"broad",0.05,"mlma_cr2",NA,NA,5000,5000,0,0,0,0.0526589360532546,0.00265893605325463,0.0130287200089673,0.114143418596813,0.106047138256569,0.929069232026049,0.114162972131514,0.9688,0.0418,0.00283029185774188,NA,0.0418,2.46860901503272,2.46892251157035,0.00255321109169305,2.45186515937706,2.47833331078404,4e-04,0,0.235134000000037,"broad",NA,NA,30,27,3,8834,63,"independent",0,"positive",0.340607614526525,0.149962338633835,0.147841069786751,3940.08337566181,13.4436335981023,2.95057264493322,2.34714606948043,0.00101520694326123,0.0318623122711021,"ok"
64,"broad",0.1,"aggregate_hksj",NA,NA,5000,5000,0,0,0,0.102654894202675,0.00265489420267459,0.0130333994928083,0.114163915020501,0.113551942753571,0.994639529777682,0.114183366897885,0.9502,0.1426,0.00494500232558085,NA,0.1426,28,28,0,28,28,0,0,0.0312980000000272,"broad",NA,NA,30,27,3,8834,63,"independent",0,"positive",0.340607614526525,0.149962338633835,0.147841069786751,3940.08337566181,13.4436335981023,2.95057264493322,2.34714606948043,0.00101520694326123,0.0318623122711021,"ok"
64,"broad",0.1,"che_rve",NA,NA,5000,5000,0,0,0,0.102662100974001,0.00266210097400123,0.0130246431024175,0.114125558497724,0.106040035550692,0.929152390985292,0.114145192432239,0.9686,0.0694,0.00359398497492686,NA,0.0694,2.47060294835963,2.47085498386324,0.00274154350324393,2.4535102769542,2.48099378934142,0.0028,0,0.256758000000339,"broad",NA,NA,30,27,3,8834,63,"independent",0,"positive",0.340607614526525,0.149962338633835,0.147841069786751,3940.08337566181,13.4436335981023,2.95057264493322,2.34714606948043,0.00101520694326123,0.0318623122711021,"ok"
64,"broad",0.1,"mlma",NA,NA,5000,5000,0,0,0,0.102658936053266,0.00265893605326635,0.013028720008892,0.114143418596483,0.114515750764004,1.00326196790055,0.114162972131184,0.9438,0.159,0.00517144080503683,NA,0.159,NA,NA,NA,NA,NA,4e-04,0,0.2158260000001,"broad",NA,NA,30,27,3,8834,63,"independent",0,"positive",0.340607614526525,0.149962338633835,0.147841069786751,3940.08337566181,13.4436335981023,2.95057264493322,2.34714606948043,0.00101520694326123,0.0318623122711021,"ok"
64,"broad",0.1,"mlma_cr2",NA,NA,5000,5000,0,0,0,0.102658936053266,0.00265893605326635,0.013028720008892,0.114143418596483,0.106047138256578,0.929069232028819,0.114162972131184,0.9688,0.0696,0.00359877312427444,NA,0.0696,2.46860901503397,2.46892251156596,0.0025532110913703,2.45186515928656,2.47833331078588,4e-04,0,0.234751999999839,"broad",NA,NA,30,27,3,8834,63,"independent",0,"positive",0.340607614526525,0.149962338633835,0.147841069786751,3940.08337566181,13.4436335981023,2.95057264493322,2.34714606948043,0.00101520694326123,0.0318623122711021,"ok"
64,"broad",0.2,"aggregate_hksj",NA,NA,5000,5000,0,0,0,0.202654894202675,0.00265489420267459,0.0130333994928083,0.114163915020501,0.113551942753571,0.994639529777682,0.114183366897885,0.9502,0.3908,0.00690036752644379,NA,0.3908,28,28,0,28,28,0,0,0.0315959999999264,"broad",NA,NA,30,27,3,8834,63,"independent",0,"positive",0.340607614526525,0.149962338633835,0.147841069786751,3940.08337566181,13.4436335981023,2.95057264493322,2.34714606948043,0.00101520694326123,0.0318623122711021,"ok"
64,"broad",0.2,"che_rve",NA,NA,5000,5000,0,0,0,0.202662100974297,0.00266210097429714,0.0130246431024575,0.1141255584979,0.10604003555078,0.929152390984633,0.114145192432421,0.9686,0.1904,0.00555243802306698,NA,0.1904,2.47060294836019,2.47085498386461,0.00274154350142064,2.4535102769566,2.48099378934094,0.0028,0,0.256274000000011,"broad",NA,NA,30,27,3,8834,63,"independent",0,"positive",0.340607614526525,0.149962338633835,0.147841069786751,3940.08337566181,13.4436335981023,2.95057264493322,2.34714606948043,0.00101520694326123,0.0318623122711021,"ok"
64,"broad",0.2,"mlma",NA,NA,5000,5000,0,0,0,0.202658936053104,0.0026589360531038,0.0130287200089556,0.114143418596762,0.114515750763373,1.00326196789257,0.114162972131459,0.9438,0.4182,0.0069757975888066,NA,0.4182,NA,NA,NA,NA,NA,4e-04,0,0.216226000000152,"broad",NA,NA,30,27,3,8834,63,"independent",0,"positive",0.340607614526525,0.149962338633835,0.147841069786751,3940.08337566181,13.4436335981023,2.95057264493322,2.34714606948043,0.00101520694326123,0.0318623122711021,"ok"
64,"broad",0.2,"mlma_cr2",NA,NA,5000,5000,0,0,0,0.202658936053104,0.0026589360531038,0.0130287200089556,0.114143418596762,0.106047138256564,0.929069232026423,0.114162972131459,0.9688,0.1902,0.00555020648264549,NA,0.1902,2.46860901503379,2.4689225115656,0.0025532110913582,2.45186515940837,2.4783333107893,4e-04,0,0.234996000000188,"broad",NA,NA,30,27,3,8834,63,"independent",0,"positive",0.340607614526525,0.149962338633835,0.147841069786751,3940.08337566181,13.4436335981023,2.95057264493322,2.34714606948043,0.00101520694326123,0.0318623122711021,"ok"
65,"broad",0,"aggregate_hksj",NA,NA,5000,5000,0,0,0,-0.000437573483427795,-0.000437573483427795,0.00401216932068561,0.0633416870685145,0.0628608145626228,0.992408277579163,0.0633368641264696,0.9498,0.0502,0.00308804015517933,0.0502,NA,118,118,0,118,118,0,0,0.104619999999984,"broad",NA,NA,120,104,16,39422,281,"independent",0,"negative",0.478952641701326,0.217219139073335,0.0950645271357498,21476.9412805888,93.5180374401622,13.5031932724414,16.247078909766,0.00018624626047729,0.0136472070577569,"ok"
65,"broad",0,"che_rve",NA,NA,5000,5000,0,0,0,-0.000414904138177746,-0.000414904138177746,0.00399845015974067,0.0632332994532206,0.0623158162308957,0.985490505315105,0.0632283371215201,0.9514,0.0486,0.0030409879973456,0.0486,NA,19.8843129003729,19.8850315155003,0.00491412157887912,19.8516961132702,19.8957546742417,0,0,0.553055999999925,"broad",NA,NA,120,104,16,39422,281,"independent",0,"negative",0.478952641701326,0.217219139073335,0.0950645271357498,21476.9412805888,93.5180374401622,13.5031932724414,16.247078909766,0.00018624626047729,0.0136472070577569,"ok"
65,"broad",0,"mlma",NA,NA,5000,5000,0,0,0,-0.00040232157218625,-0.00040232157218625,0.00399736241508799,0.0632246978252011,0.0625356589656263,0.989101745310356,0.0632196552130144,0.9454,0.0546,0.00321306209090332,0.0546,NA,NA,NA,NA,NA,NA,0,0,0.275275999999998,"broad",NA,NA,120,104,16,39422,281,"independent",0,"negative",0.478952641701326,0.217219139073335,0.0950645271357498,21476.9412805888,93.5180374401622,13.5031932724414,16.247078909766,0.00018624626047729,0.0136472070577569,"ok"
65,"broad",0,"mlma_cr2",NA,NA,5000,5000,0,0,0,-0.00040232157218625,-0.00040232157218625,0.00399736241508799,0.0632246978252011,0.0623228752228321,0.98573622914162,0.0632196552130144,0.9518,0.0482,0.00302908435009658,0.0482,NA,19.9073669954979,19.9085120598649,0.00341518755426674,19.8743626465303,19.910649307396,0,0,0.343899999999991,"broad",NA,NA,120,104,16,39422,281,"independent",0,"negative",0.478952641701326,0.217219139073335,0.0950645271357498,21476.9412805888,93.5180374401622,13.5031932724414,16.247078909766,0.00018624626047729,0.0136472070577569,"ok"
65,"broad",0.05,"aggregate_hksj",NA,NA,5000,5000,0,0,0,0.0495624265165722,-0.000437573483427788,0.00401216932068561,0.0633416870685145,0.0628608145626228,0.992408277579163,0.0633368641264696,0.9498,0.1222,0.00463178496910208,NA,0.1222,118,118,0,118,118,0,0,0.104611999999962,"broad",NA,NA,120,104,16,39422,281,"independent",0,"negative",0.478952641701326,0.217219139073335,0.0950645271357498,21476.9412805888,93.5180374401622,13.5031932724414,16.247078909766,0.00018624626047729,0.0136472070577569,"ok"
65,"broad",0.05,"che_rve",NA,NA,5000,5000,0,0,0,0.0495850958607997,-0.00041490413920027,0.00399845015969716,0.0632332994528766,0.0623158162307729,0.985490505318524,0.0632283371211828,0.9514,0.1154,0.00451846965243765,NA,0.1154,19.8843129003643,19.8850315155128,0.00491412158915571,19.8516961135674,19.8957546743346,0,0,0.550349999999983,"broad",NA,NA,120,104,16,39422,281,"independent",0,"negative",0.478952641701326,0.217219139073335,0.0950645271357498,21476.9412805888,93.5180374401622,13.5031932724414,16.247078909766,0.00018624626047729,0.0136472070577569,"ok"
65,"broad",0.05,"mlma",NA,NA,5000,5000,0,0,0,0.0495976784273317,-0.000402321572668327,0.0039973624149955,0.0632246978244697,0.0625356589690717,0.989101745376294,0.0632196552122861,0.9454,0.1302,0.00475915874919087,NA,0.1302,NA,NA,NA,NA,NA,0,0,0.273145999999936,"broad",NA,NA,120,104,16,39422,281,"independent",0,"negative",0.478952641701326,0.217219139073335,0.0950645271357498,21476.9412805888,93.5180374401622,13.5031932724414,16.247078909766,0.00018624626047729,0.0136472070577569,"ok"
65,"broad",0.05,"mlma_cr2",NA,NA,5000,5000,0,0,0,0.0495976784273317,-0.000402321572668327,0.0039973624149955,0.0632246978244697,0.0623228752230647,0.985736229156702,0.0632196552122861,0.9518,0.116,0.00452866426223009,NA,0.116,19.9073669955005,19.9085120598865,0.00341518753916234,19.8743626465668,19.910649307403,0,0,0.34074400000003,"broad",NA,NA,120,104,16,39422,281,"independent",0,"negative",0.478952641701326,0.217219139073335,0.0950645271357498,21476.9412805888,93.5180374401622,13.5031932724414,16.247078909766,0.00018624626047729,0.0136472070577569,"ok"
65,"broad",0.1,"aggregate_hksj",NA,NA,5000,5000,0,0,0,0.0995624265165722,-0.000437573483427794,0.00401216932068561,0.0633416870685145,0.0628608145626228,0.992408277579163,0.0633368641264696,0.9498,0.3474,0.00673369497378668,NA,0.3474,118,118,0,118,118,0,0,0.104640000000147,"broad",NA,NA,120,104,16,39422,281,"independent",0,"negative",0.478952641701326,0.217219139073335,0.0950645271357498,21476.9412805888,93.5180374401622,13.5031932724414,16.247078909766,0.00018624626047729,0.0136472070577569,"ok"
65,"broad",0.1,"che_rve",NA,NA,5000,5000,0,0,0,0.0995850958625801,-0.000414904137419916,0.00399845015969014,0.063233299452821,0.0623158162307036,0.985490505318294,0.0632283371211156,0.9514,0.3304,0.00665185447826394,NA,0.3304,19.8843129003761,19.8850315155325,0.00491412157609529,19.8516961137568,19.8957546744237,0,0,0.552064000000067,"broad",NA,NA,120,104,16,39422,281,"independent",0,"negative",0.478952641701326,0.217219139073335,0.0950645271357498,21476.9412805888,93.5180374401622,13.5031932724414,16.247078909766,0.00018624626047729,0.0136472070577569,"ok"
65,"broad",0.1,"mlma",NA,NA,5000,5000,0,0,0,0.0995976784282683,-0.000402321571731729,0.00399736241509081,0.0632246978252235,0.0625356589675045,0.989101745339713,0.0632196552130338,0.9454,0.3598,0.00678739950201843,NA,0.3598,NA,NA,NA,NA,NA,0,0,0.272687999999888,"broad",NA,NA,120,104,16,39422,281,"independent",0,"negative",0.478952641701326,0.217219139073335,0.0950645271357498,21476.9412805888,93.5180374401622,13.5031932724414,16.247078909766,0.00018624626047729,0.0136472070577569,"ok"
65,"broad",0.1,"mlma_cr2",NA,NA,5000,5000,0,0,0,0.0995976784282683,-0.000402321571731729,0.00399736241509081,0.0632246978252235,0.0623228752228977,0.985736229142308,0.0632196552130338,0.9518,0.3316,0.00665794923381066,NA,0.3316,19.9073669954996,19.9085120598941,0.00341518755365769,19.8743626464073,19.9106493074057,0,0,0.340651999999908,"broad",NA,NA,120,104,16,39422,281,"independent",0,"negative",0.478952641701326,0.217219139073335,0.0950645271357498,21476.9412805888,93.5180374401622,13.5031932724414,16.247078909766,0.00018624626047729,0.0136472070577569,"ok"
65,"broad",0.2,"aggregate_hksj",NA,NA,5000,5000,0,0,0,0.199562426516572,-0.000437573483427794,0.00401216932068561,0.0633416870685145,0.0628608145626228,0.992408277579163,0.0633368641264696,0.9498,0.8772,0.00464155491188029,NA,0.8772,118,118,0,118,118,0,0,0.105018000000191,"broad",NA,NA,120,104,16,39422,281,"independent",0,"negative",0.478952641701326,0.217219139073335,0.0950645271357498,21476.9412805888,93.5180374401622,13.5031932724414,16.247078909766,0.00018624626047729,0.0136472070577569,"ok"
65,"broad",0.2,"che_rve",NA,NA,5000,5000,0,0,0,0.199585095861277,-0.000414904138723471,0.00399845015984218,0.0632332994540233,0.0623158162306414,0.985490505298573,0.0632283371223263,0.9514,0.8482,0.00507457899731594,NA,0.8482,19.8843129003733,19.8850315154964,0.00491412157232635,19.8516961139616,19.895754674284,0,0,0.550929999999966,"broad",NA,NA,120,104,16,39422,281,"independent",0,"negative",0.478952641701326,0.217219139073335,0.0950645271357498,21476.9412805888,93.5180374401622,13.5031932724414,16.247078909766,0.00018624626047729,0.0136472070577569,"ok"
65,"broad",0.2,"mlma",NA,NA,5000,5000,0,0,0,0.199597678427557,-0.000402321572442771,0.00399736241502456,0.0632246978246995,0.0625356589627138,0.989101745272139,0.0632196552125145,0.9454,0.8844,0.00452187217864459,NA,0.8844,NA,NA,NA,NA,NA,0,0,0.271335999999921,"broad",NA,NA,120,104,16,39422,281,"independent",0,"negative",0.478952641701326,0.217219139073335,0.0950645271357498,21476.9412805888,93.5180374401622,13.5031932724414,16.247078909766,0.00018624626047729,0.0136472070577569,"ok"
65,"broad",0.2,"mlma_cr2",NA,NA,5000,5000,0,0,0,0.199597678427557,-0.000402321572442771,0.00399736241502456,0.0632246978246995,0.0623228752230167,0.985736229152361,0.0632196552125145,0.9518,0.8492,0.0050608173252944,NA,0.8492,19.9073669954955,19.908512059897,0.00341518755553071,19.8743626463716,19.9106493073965,0,0,0.339327999999969,"broad",NA,NA,120,104,16,39422,281,"independent",0,"negative",0.478952641701326,0.217219139073335,0.0950645271357498,21476.9412805888,93.5180374401622,13.5031932724414,16.247078909766,0.00018624626047729,0.0136472070577569,"ok"
66,"broad",0,"aggregate_hksj",NA,NA,5000,5000,0,0,0,-0.000475893809327136,-0.000475893809327136,0.0010430584598625,0.0322964155884596,0.0340069844289453,1.05296466525211,0.0322966921384881,0.9586,0.0414,0.00281730509529941,0.0414,NA,58,58,0,58,58,0,0,0.0588380000000034,"broad",NA,NA,60,46,14,12121,468,"nk_minority",0.515959765618172,"positive",0.899775013492908,0.0643432755535469,0.0891852131107007,21739.7139149066,23.7032652597482,7.64854493017525,20.6960967360828,0.000183995061556779,0.0135644779315969,"ok"
66,"broad",0,"che_rve",NA,NA,5000,5000,0,0,0,-0.000458672228028968,-0.000458672228028968,0.000996696077710983,0.0315704937831353,0.0303349591572877,0.960864260333248,0.0315706686452505,0.9454,0.0546,0.00321306209090332,0.0546,NA,20.428680381439,20.3967132791782,0.213202214500454,20.1332252455883,21.2546564115024,0.0088,0,0.619475999999973,"broad",NA,NA,60,46,14,12121,468,"nk_minority",0.515959765618172,"positive",0.899775013492908,0.0643432755535469,0.0891852131107007,21739.7139149066,23.7032652597482,7.64854493017525,20.6960967360828,0.000183995061556779,0.0135644779315969,"ok"
66,"broad",0,"mlma",NA,NA,5000,5000,0,0,0,-0.000482095243230151,-0.000482095243230151,0.00127121674818738,0.0356541266642079,0.0376838328093793,1.05692766406221,0.0356538205619158,0.9604,0.0396,0.00275796446677618,0.0396,NA,NA,NA,NA,NA,NA,0,0,0.440594000000005,"broad",NA,NA,60,46,14,12121,468,"nk_minority",0.515959765618172,"positive",0.899775013492908,0.0643432755535469,0.0891852131107007,21739.7139149066,23.7032652597482,7.64854493017525,20.6960967360828,0.000183995061556779,0.0135644779315969,"ok"
66,"broad",0,"mlma_cr2",NA,NA,5000,5000,0,0,0,-0.000482095243230151,-0.000482095243230151,0.00127121674818738,0.0356541266642079,0.0345277471327707,0.968408158134246,0.0356538205619158,0.9508,0.0492,0.00305873699425106,0.0492,NA,21.7400834603169,21.7538680590688,0.0452629796307482,21.1780511059686,21.7891676062159,0,0,0.48433000000004,"broad",NA,NA,60,46,14,12121,468,"nk_minority",0.515959765618172,"positive",0.899775013492908,0.0643432755535469,0.0891852131107007,21739.7139149066,23.7032652597482,7.64854493017525,20.6960967360828,0.000183995061556779,0.0135644779315969,"ok"
66,"broad",0.05,"aggregate_hksj",NA,NA,5000,5000,0,0,0,0.0495241061906729,-0.000475893809327138,0.0010430584598625,0.0322964155884596,0.0340069844289453,1.05296466525211,0.0322966921384881,0.9586,0.291,0.0064236905280376,NA,0.291,58,58,0,58,58,0,0,0.0598060000000776,"broad",NA,NA,60,46,14,12121,468,"nk_minority",0.515959765618172,"positive",0.899775013492908,0.0643432755535469,0.0891852131107007,21739.7139149066,23.7032652597482,7.64854493017525,20.6960967360828,0.000183995061556779,0.0135644779315969,"ok"
66,"broad",0.05,"che_rve",NA,NA,5000,5000,0,0,0,0.0495413277689332,-0.000458672231066791,0.00099669607785702,0.0315704937854481,0.030334959157669,0.960864260274931,0.0315706686476071,0.9454,0.3374,0.00668672176780222,NA,0.3374,20.428680381477,20.3967132804021,0.213202214846165,20.1332252455084,21.2546564114924,0.0088,0,0.620249999999998,"broad",NA,NA,60,46,14,12121,468,"nk_minority",0.515959765618172,"positive",0.899775013492908,0.0643432755535469,0.0891852131107007,21739.7139149066,23.7032652597482,7.64854493017525,20.6960967360828,0.000183995061556779,0.0135644779315969,"ok"
66,"broad",0.05,"mlma",NA,NA,5000,5000,0,0,0,0.0495179047690535,-0.000482095230946541,0.00127121674929139,0.0356541266796901,0.0376838328653413,1.05692766517283,0.0356538205772289,0.9604,0.255,0.00616400843607469,NA,0.255,NA,NA,NA,NA,NA,0,0,0.437381999999945,"broad",NA,NA,60,46,14,12121,468,"nk_minority",0.515959765618172,"positive",0.899775013492908,0.0643432755535469,0.0891852131107007,21739.7139149066,23.7032652597482,7.64854493017525,20.6960967360828,0.000183995061556779,0.0135644779315969,"ok"
66,"broad",0.05,"mlma_cr2",NA,NA,5000,5000,0,0,0,0.0495179047690535,-0.000482095230946541,0.00127121674929139,0.0356541266796901,0.0345277471377215,0.96840815785259,0.0356538205772289,0.9508,0.2822,0.00636495341695444,NA,0.2822,21.7400834603785,21.7538680586735,0.0452629797486604,21.1780511061048,21.7891676062043,0,0,0.481085999999945,"broad",NA,NA,60,46,14,12121,468,"nk_minority",0.515959765618172,"positive",0.899775013492908,0.0643432755535469,0.0891852131107007,21739.7139149066,23.7032652597482,7.64854493017525,20.6960967360828,0.000183995061556779,0.0135644779315969,"ok"
66,"broad",0.1,"aggregate_hksj",NA,NA,5000,5000,0,0,0,0.0995241061906729,-0.000475893809327138,0.0010430584598625,0.0322964155884596,0.0340069844289453,1.05296466525211,0.0322966921384881,0.9586,0.8246,0.00537837968165134,NA,0.8246,58,58,0,58,58,0,0,0.0597200000000281,"broad",NA,NA,60,46,14,12121,468,"nk_minority",0.515959765618172,"positive",0.899775013492908,0.0643432755535469,0.0891852131107007,21739.7139149066,23.7032652597482,7.64854493017525,20.6960967360828,0.000183995061556779,0.0135644779315969,"ok"
66,"broad",0.1,"che_rve",NA,NA,5000,5000,0,0,0,0.09954132776471,-0.000458672235290045,0.000996696078057193,0.0315704937886184,0.0303349591568884,0.96086426015372,0.031570668650838,0.9454,0.8664,0.0048114663045687,NA,0.8664,20.4286803812345,20.396713280479,0.213202214896153,20.1332252455551,21.254656410602,0.0088,0,0.619142000000017,"broad",NA,NA,60,46,14,12121,468,"nk_minority",0.515959765618172,"positive",0.899775013492908,0.0643432755535469,0.0891852131107007,21739.7139149066,23.7032652597482,7.64854493017525,20.6960967360828,0.000183995061556779,0.0135644779315969,"ok"
66,"broad",0.1,"mlma",NA,NA,5000,5000,0,0,0,0.099517904780281,-0.000482095219719023,0.00127121674921223,0.03565412667858,0.0376838327979443,1.05692766331544,0.0356538205759672,0.9604,0.7626,0.00601732897555053,NA,0.7626,NA,NA,NA,NA,NA,0,0,0.43826399999995,"broad",NA,NA,60,46,14,12121,468,"nk_minority",0.515959765618172,"positive",0.899775013492908,0.0643432755535469,0.0891852131107007,21739.7139149066,23.7032652597482,7.64854493017525,20.6960967360828,0.000183995061556779,0.0135644779315969,"ok"
66,"broad",0.1,"mlma_cr2",NA,NA,5000,5000,0,0,0,0.099517904780281,-0.000482095219719023,0.00127121674921223,0.03565412667858,0.0345277471314028,0.968408157705518,0.0356538205759672,0.9508,0.7772,0.00588489863973884,NA,0.7772,21.740083459611,21.7538680593949,0.0452629798608168,21.1780511066245,21.789167606218,0,0,0.482265999999954,"broad",NA,NA,60,46,14,12121,468,"nk_minority",0.515959765618172,"positive",0.899775013492908,0.0643432755535469,0.0891852131107007,21739.7139149066,23.7032652597482,7.64854493017525,20.6960967360828,0.000183995061556779,0.0135644779315969,"ok"
66,"broad",0.2,"aggregate_hksj",NA,NA,5000,5000,0,0,0,0.199524106190673,-0.000475893809327138,0.0010430584598625,0.0322964155884596,0.0340069844289453,1.05296466525211,0.0322966921384881,0.9586,0.9998,0.000199979998999889,NA,0.9998,58,58,0,58,58,0,0,0.0595299999999625,"broad",NA,NA,60,46,14,12121,468,"nk_minority",0.515959765618172,"positive",0.899775013492908,0.0643432755535469,0.0891852131107007,21739.7139149066,23.7032652597482,7.64854493017525,20.6960967360828,0.000183995061556779,0.0135644779315969,"ok"
66,"broad",0.2,"che_rve",NA,NA,5000,5000,0,0,0,0.199541327769247,-0.00045867223075316,0.000996696077966291,0.0315704937871787,0.0303349591570669,0.96086426020319,0.0315706686493328,0.9454,0.9998,0.000199979998999889,NA,0.9998,20.4286803816949,20.3967132802312,0.213202215075804,20.1332252455578,21.2546564110113,0.0088,0,0.618802000000005,"broad",NA,NA,60,46,14,12121,468,"nk_minority",0.515959765618172,"positive",0.899775013492908,0.0643432755535469,0.0891852131107007,21739.7139149066,23.7032652597482,7.64854493017525,20.6960967360828,0.000183995061556779,0.0135644779315969,"ok"
66,"broad",0.2,"mlma",NA,NA,5000,5000,0,0,0,0.199517904781181,-0.000482095218819423,0.00127121674913164,0.0356541266774498,0.0376838327946006,1.05692766325516,0.0356538205748251,0.9604,0.9994,0.000346306222872199,NA,0.9994,NA,NA,NA,NA,NA,0,0,0.437667999999997,"broad",NA,NA,60,46,14,12121,468,"nk_minority",0.515959765618172,"positive",0.899775013492908,0.0643432755535469,0.0891852131107007,21739.7139149066,23.7032652597482,7.64854493017525,20.6960967360828,0.000183995061556779,0.0135644779315969,"ok"
66,"broad",0.2,"mlma_cr2",NA,NA,5000,5000,0,0,0,0.199517904781181,-0.000482095218819423,0.00127121674913164,0.0356541266774498,0.0345277471294815,0.968408157682327,0.0356538205748251,0.9508,0.9994,0.000346306222872199,NA,0.9994,21.7400834595875,21.7538680599227,0.0452629800318343,21.1780511065245,21.7891676062055,0,0,0.481578000000015,"broad",NA,NA,60,46,14,12121,468,"nk_minority",0.515959765618172,"positive",0.899775013492908,0.0643432755535469,0.0891852131107007,21739.7139149066,23.7032652597482,7.64854493017525,20.6960967360828,0.000183995061556779,0.0135644779315969,"ok"
67,"broad",0,"aggregate_hksj",NA,NA,5000,5000,0,0,0,-0.000646596421196592,-0.000646596421196592,0.0171726106038111,0.131044307788668,0.12945036930143,0.987836644611774,0.131032798064539,0.9488,0.0512,0.0031170036894428,0.0512,NA,28,28,0,28,28,0,0,0.0360419999999911,"broad",NA,NA,30,27,3,17358,215,"nk_minority",0.965631506986683,"negative",0.835111230243929,0.196923574743734,0.14005983297393,14875.5092241508,10.6641689857415,1.52328675903397,0.763434225798189,0.000268898357678128,0.0163981205532259,"very_low_df"
67,"broad",0,"che_rve",NA,NA,5000,5000,0,0,0,-0.000614195177059056,-0.000614195177059056,0.0171667258827936,0.131021852691807,0.120032313660627,0.916124380739526,0.131010189578264,0.969,0.031,0.00245108139399735,0.031,NA,2.49151462049489,2.49028477505928,0.00678760435707658,2.47781337012998,2.53107437141071,0,0,0.431440000000011,"broad",NA,NA,30,27,3,17358,215,"nk_minority",0.965631506986683,"negative",0.835111230243929,0.196923574743734,0.14005983297393,14875.5092241508,10.6641689857415,1.52328675903397,0.763434225798189,0.000268898357678128,0.0163981205532259,"very_low_df"
67,"broad",0,"mlma",NA,NA,5000,5000,0,0,0,-0.00070138111920689,-0.00070138111920689,0.0171869659844108,0.131099069349903,0.131676668208173,1.00440581966855,0.131087835159058,0.9428,0.0572,0.00328414859590732,0.0572,NA,NA,NA,NA,NA,NA,0,0,0.322840000000011,"broad",NA,NA,30,27,3,17358,215,"nk_minority",0.965631506986683,"negative",0.835111230243929,0.196923574743734,0.14005983297393,14875.5092241508,10.6641689857415,1.52328675903397,0.763434225798189,0.000268898357678128,0.0163981205532259,"very_low_df"
67,"broad",0,"mlma_cr2",NA,NA,5000,5000,0,0,0,-0.00070138111920689,-0.00070138111920689,0.0171869659844108,0.131099069349903,0.12008095079379,0.915955783586034,0.131087835159058,0.9706,0.0294,0.00238895960618843,0.0294,NA,2.46454229668669,2.46499826370546,0.00190108878533962,2.4437518533956,2.46792705651599,0,0,0.347559999999982,"broad",NA,NA,30,27,3,17358,215,"nk_minority",0.965631506986683,"negative",0.835111230243929,0.196923574743734,0.14005983297393,14875.5092241508,10.6641689857415,1.52328675903397,0.763434225798189,0.000268898357678128,0.0163981205532259,"very_low_df"
67,"broad",0.05,"aggregate_hksj",NA,NA,5000,5000,0,0,0,0.0493534035788034,-0.000646596421196591,0.0171726106038111,0.131044307788668,0.12945036930143,0.987836644611774,0.131032798064539,0.9488,0.0674,0.00354562378150869,NA,0.0674,28,28,0,28,28,0,0,0.035904000000043,"broad",NA,NA,30,27,3,17358,215,"nk_minority",0.965631506986683,"negative",0.835111230243929,0.196923574743734,0.14005983297393,14875.5092241508,10.6641689857415,1.52328675903397,0.763434225798189,0.000268898357678128,0.0163981205532259,"very_low_df"
67,"broad",0.05,"che_rve",NA,NA,5000,5000,0,0,0,0.0493858048223196,-0.000614195177680375,0.0171667258824728,0.131021852690583,0.120032313660573,0.916124380747677,0.131010189577042,0.969,0.0388,0.00273110087693589,NA,0.0388,2.49151462049333,2.49028477505286,0.00678760435249239,2.47781337045523,2.53107437143703,0,0,0.429098000000002,"broad",NA,NA,30,27,3,17358,215,"nk_minority",0.965631506986683,"negative",0.835111230243929,0.196923574743734,0.14005983297393,14875.5092241508,10.6641689857415,1.52328675903397,0.763434225798189,0.000268898357678128,0.0163981205532259,"very_low_df"
67,"broad",0.05,"mlma",NA,NA,5000,5000,0,0,0,0.0492986188777546,-0.00070138112224543,0.0171869659847522,0.131099069351206,0.131676668268268,1.00440582011696,0.131087835160376,0.9428,0.073,0.00367888570086106,NA,0.073,NA,NA,NA,NA,NA,0,0,0.321610000000015,"broad",NA,NA,30,27,3,17358,215,"nk_minority",0.965631506986683,"negative",0.835111230243929,0.196923574743734,0.14005983297393,14875.5092241508,10.6641689857415,1.52328675903397,0.763434225798189,0.000268898357678128,0.0163981205532259,"very_low_df"
67,"broad",0.05,"mlma_cr2",NA,NA,5000,5000,0,0,0,0.0492986188777546,-0.00070138112224543,0.0171869659847522,0.131099069351206,0.120080950791745,0.915955783561331,0.131087835160376,0.9706,0.0378,0.00269707841932711,NA,0.0378,2.46454229668993,2.46499826372394,0.00190108879033998,2.44375185332172,2.46792705651707,0,0,0.345995999999995,"broad",NA,NA,30,27,3,17358,215,"nk_minority",0.965631506986683,"negative",0.835111230243929,0.196923574743734,0.14005983297393,14875.5092241508,10.6641689857415,1.52328675903397,0.763434225798189,0.000268898357678128,0.0163981205532259,"very_low_df"
67,"broad",0.1,"aggregate_hksj",NA,NA,5000,5000,0,0,0,0.0993534035788034,-0.000646596421196591,0.017172610603811,0.131044307788668,0.12945036930143,0.987836644611774,0.131032798064539,0.9488,0.1172,0.00454893745835222,NA,0.1172,28,28,0,28,28,0,0,0.0363959999999221,"broad",NA,NA,30,27,3,17358,215,"nk_minority",0.965631506986683,"negative",0.835111230243929,0.196923574743734,0.14005983297393,14875.5092241508,10.6641689857415,1.52328675903397,0.763434225798189,0.000268898357678128,0.0163981205532259,"very_low_df"
67,"broad",0.1,"che_rve",NA,NA,5000,5000,0,0,0,0.0993858048231397,-0.000614195176860344,0.0171667258825781,0.131021852690985,0.120032313660892,0.916124380747297,0.13101018957744,0.969,0.063,0.00343601513384327,NA,0.063,2.49151462049571,2.490284775052,0.00678760435605397,2.4778133703077,2.53107437143496,0,0,0.430322000000022,"broad",NA,NA,30,27,3,17358,215,"nk_minority",0.965631506986683,"negative",0.835111230243929,0.196923574743734,0.14005983297393,14875.5092241508,10.6641689857415,1.52328675903397,0.763434225798189,0.000268898357678128,0.0163981205532259,"very_low_df"
67,"broad",0.1,"mlma",NA,NA,5000,5000,0,0,0,0.0992986188975381,-0.000701381102461873,0.0171869659853874,0.131099069353628,0.131676667913647,1.00440581739342,0.131087835162692,0.9428,0.1246,0.00467064963361629,NA,0.1246,NA,NA,NA,NA,NA,0,0,0.323416000000043,"broad",NA,NA,30,27,3,17358,215,"nk_minority",0.965631506986683,"negative",0.835111230243929,0.196923574743734,0.14005983297393,14875.5092241508,10.6641689857415,1.52328675903397,0.763434225798189,0.000268898357678128,0.0163981205532259,"very_low_df"
67,"broad",0.1,"mlma_cr2",NA,NA,5000,5000,0,0,0,0.0992986188975381,-0.000701381102461873,0.0171869659853874,0.131099069353628,0.12008095080514,0.915955783646585,0.131087835162692,0.9706,0.0612,0.00338982477423244,NA,0.0612,2.46454229668601,2.46499826370552,0.00190108878328477,2.44375185339545,2.46792705651549,0,0,0.347762000000068,"broad",NA,NA,30,27,3,17358,215,"nk_minority",0.965631506986683,"negative",0.835111230243929,0.196923574743734,0.14005983297393,14875.5092241508,10.6641689857415,1.52328675903397,0.763434225798189,0.000268898357678128,0.0163981205532259,"very_low_df"
67,"broad",0.2,"aggregate_hksj",NA,NA,5000,5000,0,0,0,0.199353403578803,-0.000646596421196577,0.017172610603811,0.131044307788668,0.12945036930143,0.987836644611774,0.131032798064539,0.9488,0.3088,0.00653364461843465,NA,0.3088,28,28,0,28,28,0,0,0.0358199999999983,"broad",NA,NA,30,27,3,17358,215,"nk_minority",0.965631506986683,"negative",0.835111230243929,0.196923574743734,0.14005983297393,14875.5092241508,10.6641689857415,1.52328675903397,0.763434225798189,0.000268898357678128,0.0163981205532259,"very_low_df"
67,"broad",0.2,"che_rve",NA,NA,5000,5000,0,0,0,0.199385804822561,-0.000614195177438659,0.0171667258824143,0.131021852690359,0.12003231366074,0.916124380750506,0.131010189576818,0.969,0.1598,0.00518196796593727,NA,0.1598,2.4915146204977,2.4902847750606,0.00678760435499312,2.47781337017418,2.53107437149663,0,0,0.429632000000021,"broad",NA,NA,30,27,3,17358,215,"nk_minority",0.965631506986683,"negative",0.835111230243929,0.196923574743734,0.14005983297393,14875.5092241508,10.6641689857415,1.52328675903397,0.763434225798189,0.000268898357678128,0.0163981205532259,"very_low_df"
67,"broad",0.2,"mlma",NA,NA,5000,5000,0,0,0,0.199298618868947,-0.00070138113105303,0.017186965987299,0.131099069360919,0.131676667969432,1.00440581776308,0.131087835170135,0.9428,0.3278,0.00663848115158882,NA,0.3278,NA,NA,NA,NA,NA,0,0,0.322418000000017,"broad",NA,NA,30,27,3,17358,215,"nk_minority",0.965631506986683,"negative",0.835111230243929,0.196923574743734,0.14005983297393,14875.5092241508,10.6641689857415,1.52328675903397,0.763434225798189,0.000268898357678128,0.0163981205532259,"very_low_df"
67,"broad",0.2,"mlma_cr2",NA,NA,5000,5000,0,0,0,0.199298618868947,-0.00070138113105303,0.017186965987299,0.131099069360919,0.120080950787152,0.915955783458432,0.131087835170135,0.9706,0.1548,0.00511540731516074,NA,0.1548,2.46454229668312,2.46499826369974,0.00190108878142568,2.44375185326827,2.46792705651657,0,0,0.346913999999962,"broad",NA,NA,30,27,3,17358,215,"nk_minority",0.965631506986683,"negative",0.835111230243929,0.196923574743734,0.14005983297393,14875.5092241508,10.6641689857415,1.52328675903397,0.763434225798189,0.000268898357678128,0.0163981205532259,"very_low_df"
68,"broad",0,"aggregate_hksj",NA,NA,5000,5000,0,0,0,-0.000376652589310841,-0.000376652589310841,0.000483824903244066,0.0219960201682956,0.0213363536819058,0.970009734427296,0.0219970453796971,0.9456,0.0544,0.0032075111847038,0.0544,NA,94,94,0,94,94,0,0,0.0888700000001481,"broad",NA,NA,96,88,8,75450,535,"independent",0,"positive",0.174440973286983,0.0364305123803206,0.0538877677897108,22549.9218470122,49.403546269573,4.77123793333112,4.14080096943768,0.000177384206789612,0.0133185662437671,"ok"
68,"broad",0,"che_rve",NA,NA,5000,5000,0,0,0,-0.000337717732442165,-0.000337717732442165,0.000478036961894372,0.0218640563915842,0.0208953398804814,0.955693651088658,0.0218644782185352,0.9544,0.0456,0.00295027591929975,0.0456,NA,6.11093649577681,6.12981861333105,0.287728803891452,4.59674849599261,6.92428937896362,0,0,0.75969000000013,"broad",NA,NA,96,88,8,75450,535,"independent",0,"positive",0.174440973286983,0.0364305123803206,0.0538877677897108,22549.9218470122,49.403546269573,4.77123793333112,4.14080096943768,0.000177384206789612,0.0133185662437671,"ok"
68,"broad",0,"mlma",NA,NA,5000,5000,0,0,0,-0.000337497117712454,-0.000337497117712454,0.000478224362064137,0.021868341548095,0.0215320815948647,0.984623436007221,0.0218687590296338,0.9494,0.0506,0.00309966578843591,0.0506,NA,NA,NA,NA,NA,NA,0,0,0.466492000000062,"broad",NA,NA,96,88,8,75450,535,"independent",0,"positive",0.174440973286983,0.0364305123803206,0.0538877677897108,22549.9218470122,49.403546269573,4.77123793333112,4.14080096943768,0.000177384206789612,0.0133185662437671,"ok"
68,"broad",0,"mlma_cr2",NA,NA,5000,5000,0,0,0,-0.000337497117712454,-0.000337497117712454,0.000478224362064137,0.021868341548095,0.0209331168606549,0.957233853999251,0.0218687590296338,0.9536,0.0464,0.00297479545515318,0.0464,NA,6.20039708584115,6.21930518938952,0.269538572053529,4.74917817349504,6.96588160724415,0,0,0.532199999999889,"broad",NA,NA,96,88,8,75450,535,"independent",0,"positive",0.174440973286983,0.0364305123803206,0.0538877677897108,22549.9218470122,49.403546269573,4.77123793333112,4.14080096943768,0.000177384206789612,0.0133185662437671,"ok"
68,"broad",0.05,"aggregate_hksj",NA,NA,5000,5000,0,0,0,0.0496233474106892,-0.000376652589310848,0.000483824903244066,0.0219960201682956,0.0213363536819058,0.970009734427296,0.0219970453796971,0.9456,0.6276,0.00683693264556555,NA,0.6276,94,94,0,94,94,0,0,0.0884539999999266,"broad",NA,NA,96,88,8,75450,535,"independent",0,"positive",0.174440973286983,0.0364305123803206,0.0538877677897108,22549.9218470122,49.403546269573,4.77123793333112,4.14080096943768,0.000177384206789612,0.0133185662437671,"ok"
68,"broad",0.05,"che_rve",NA,NA,5000,5000,0,0,0,0.0496622822667313,-0.000337717733268725,0.000478036961884547,0.0218640563913595,0.0208953398795332,0.955693651055114,0.0218644782183233,0.9544,0.4912,0.0070699725600599,NA,0.4912,6.11093649494733,6.12981860832235,0.287728804172602,4.59674849919353,6.92428936901053,0,0,0.758634000000029,"broad",NA,NA,96,88,8,75450,535,"independent",0,"positive",0.174440973286983,0.0364305123803206,0.0538877677897108,22549.9218470122,49.403546269573,4.77123793333112,4.14080096943768,0.000177384206789612,0.0133185662437671,"ok"
68,"broad",0.05,"mlma",NA,NA,5000,5000,0,0,0,0.049662502887812,-0.000337497112187959,0.000478224361848745,0.0218683415431702,0.0215320816288744,0.98462343778416,0.0218687590246248,0.9494,0.6358,0.00680526795945611,NA,0.6358,NA,NA,NA,NA,NA,0,0,0.459704000000207,"broad",NA,NA,96,88,8,75450,535,"independent",0,"positive",0.174440973286983,0.0364305123803206,0.0538877677897108,22549.9218470122,49.403546269573,4.77123793333112,4.14080096943768,0.000177384206789612,0.0133185662437671,"ok"
68,"broad",0.05,"mlma_cr2",NA,NA,5000,5000,0,0,0,0.049662502887812,-0.000337497112187959,0.000478224361848745,0.0218683415431702,0.0209331168582215,0.957233854103544,0.0218687590246248,0.9536,0.4906,0.00706981810232767,NA,0.4906,6.20039709234505,6.21930518732809,0.269538571413997,4.74917817184037,6.96588160725057,0,0,0.524626000000167,"broad",NA,NA,96,88,8,75450,535,"independent",0,"positive",0.174440973286983,0.0364305123803206,0.0538877677897108,22549.9218470122,49.403546269573,4.77123793333112,4.14080096943768,0.000177384206789612,0.0133185662437671,"ok"
68,"broad",0.1,"aggregate_hksj",NA,NA,5000,5000,0,0,0,0.0996233474106892,-0.000376652589310841,0.000483824903244066,0.0219960201682956,0.0213363536819058,0.970009734427296,0.0219970453796971,0.9456,0.9942,0.00107390502373348,NA,0.9942,94,94,0,94,94,0,0,0.0883959999999977,"broad",NA,NA,96,88,8,75450,535,"independent",0,"positive",0.174440973286983,0.0364305123803206,0.0538877677897108,22549.9218470122,49.403546269573,4.77123793333112,4.14080096943768,0.000177384206789612,0.0133185662437671,"ok"
68,"broad",0.1,"che_rve",NA,NA,5000,5000,0,0,0,0.0996622822666745,-0.000337717733325499,0.000478036961876995,0.0218640563911868,0.0208953398804591,0.95569365110501,0.0218644782181515,0.9544,0.9654,0.0025846794772273,NA,0.9654,6.11093649550093,6.12981860954749,0.287728804003324,4.59674849919938,6.9242893628426,0,0,0.75832799999999,"broad",NA,NA,96,88,8,75450,535,"independent",0,"positive",0.174440973286983,0.0364305123803206,0.0538877677897108,22549.9218470122,49.403546269573,4.77123793333112,4.14080096943768,0.000177384206789612,0.0133185662437671,"ok"
68,"broad",0.1,"mlma",NA,NA,5000,5000,0,0,0,0.0996625028821491,-0.000337497117850888,0.000478224361951077,0.02186834154551,0.0215320815911876,0.984623435955464,0.0218687590270515,0.9494,0.9948,0.00101714895664303,NA,0.9948,NA,NA,NA,NA,NA,0,0,0.461233999999891,"broad",NA,NA,96,88,8,75450,535,"independent",0,"positive",0.174440973286983,0.0364305123803206,0.0538877677897108,22549.9218470122,49.403546269573,4.77123793333112,4.14080096943768,0.000177384206789612,0.0133185662437671,"ok"
68,"broad",0.1,"mlma_cr2",NA,NA,5000,5000,0,0,0,0.0996625028821491,-0.000337497117850888,0.000478224361951077,0.02186834154551,0.0209331168604063,0.957233854101037,0.0218687590270515,0.9536,0.9662,0.0025556822963741,NA,0.9662,6.20039708492524,6.21930518594303,0.269538571955795,4.74917817148872,6.96588160800178,0,0,0.527033999999995,"broad",NA,NA,96,88,8,75450,535,"independent",0,"positive",0.174440973286983,0.0364305123803206,0.0538877677897108,22549.9218470122,49.403546269573,4.77123793333112,4.14080096943768,0.000177384206789612,0.0133185662437671,"ok"
68,"broad",0.2,"aggregate_hksj",NA,NA,5000,5000,0,0,0,0.199623347410689,-0.000376652589310855,0.000483824903244066,0.0219960201682956,0.0213363536819058,0.970009734427296,0.0219970453796971,0.9456,1,0,NA,1,94,94,0,94,94,0,0,0.088544000000025,"broad",NA,NA,96,88,8,75450,535,"independent",0,"positive",0.174440973286983,0.0364305123803206,0.0538877677897108,22549.9218470122,49.403546269573,4.77123793333112,4.14080096943768,0.000177384206789612,0.0133185662437671,"ok"
68,"broad",0.2,"che_rve",NA,NA,5000,5000,0,0,0,0.199662282268638,-0.000337717731361736,0.000478036961858817,0.0218640563907711,0.0208953398807005,0.955693651134222,0.0218644782177056,0.9544,1,0,NA,1,6.11093649555175,6.12981861219306,0.287728803594793,4.59674849709052,6.92428937734107,0,0,0.759538000000089,"broad",NA,NA,96,88,8,75450,535,"independent",0,"positive",0.174440973286983,0.0364305123803206,0.0538877677897108,22549.9218470122,49.403546269573,4.77123793333112,4.14080096943768,0.000177384206789612,0.0133185662437671,"ok"
68,"broad",0.2,"mlma",NA,NA,5000,5000,0,0,0,0.199662502883745,-0.000337497116254859,0.000478224362063937,0.0218683415480904,0.0215320815956882,0.984623436045084,0.0218687590296067,0.9494,1,0,NA,1,NA,NA,NA,NA,NA,0,0,0.459712000000045,"broad",NA,NA,96,88,8,75450,535,"independent",0,"positive",0.174440973286983,0.0364305123803206,0.0538877677897108,22549.9218470122,49.403546269573,4.77123793333112,4.14080096943768,0.000177384206789612,0.0133185662437671,"ok"
68,"broad",0.2,"mlma_cr2",NA,NA,5000,5000,0,0,0,0.199662502883745,-0.000337497116254859,0.000478224362063937,0.0218683415480904,0.0209331168601729,0.957233853977408,0.0218687590296067,0.9536,1,0,NA,1,6.20039708532187,6.21930518735507,0.269538572225751,4.74917817284232,6.96588160667267,0,0,0.524244000000034,"broad",NA,NA,96,88,8,75450,535,"independent",0,"positive",0.174440973286983,0.0364305123803206,0.0538877677897108,22549.9218470122,49.403546269573,4.77123793333112,4.14080096943768,0.000177384206789612,0.0133185662437671,"ok"
69,"broad",0,"aggregate_hksj",NA,NA,5000,5000,0,0,0,0.000343741472252905,0.000343741472252905,0.000670777433554314,0.0258993712965067,0.0256273051886743,0.989495262077306,0.0258990624592349,0.9496,0.0504,0.00309385972532693,0.0504,NA,118,118,0,118,118,0,0,0.11306999999987,"broad",NA,NA,120,99,21,9843,722,"independent",0,"positive",0.354555232615676,0.0471127180070034,0.138265020957915,9220.95585882867,97.8814656752358,20.9220511102754,28.7354498888891,0.00043379450690789,0.0208277340800167,"ok"
69,"broad",0,"che_rve",NA,NA,5000,4986,14,0,0.0028,0.000345082500095677,0.000345082500095677,0.000672254853924105,0.0259278779294431,0.0254514321045734,0.981624187441552,0.0259275742668962,0.948455675892499,0.051544324107501,0.00313128651301583,0.051544324107501,NA,28.8963243810081,28.8998537151153,0.0380932035271951,28.8082339043398,29.0067062875259,0.0541516245487365,0,1.05254913758528,"broad",NA,NA,120,99,21,9843,722,"independent",0,"positive",0.354555232615676,0.0471127180070034,0.138265020957915,9220.95585882867,97.8814656752358,20.9220511102754,28.7354498888891,0.00043379450690789,0.0208277340800167,"ok"
69,"broad",0,"mlma",NA,NA,5000,5000,0,0,0,0.000348142025439228,0.000348142025439228,0.000671115984340091,0.0259059063601352,0.0255509033597596,0.986296445473075,0.0259056550585601,0.9456,0.0544,0.0032075111847038,0.0544,NA,NA,NA,NA,NA,NA,0,0,0.553316000000064,"broad",NA,NA,120,99,21,9843,722,"independent",0,"positive",0.354555232615676,0.0471127180070034,0.138265020957915,9220.95585882867,97.8814656752358,20.9220511102754,28.7354498888891,0.00043379450690789,0.0208277340800167,"ok"
69,"broad",0,"mlma_cr2",NA,NA,5000,5000,0,0,0,0.000348142025439228,0.000348142025439228,0.000671115984340091,0.0259059063601352,0.0254505889076004,0.982424183651207,0.0259056550585601,0.9484,0.0516,0.00312849612433834,0.0516,NA,29.0246479527115,29.0266123860058,0.0176119341542282,28.925713205703,29.0713465837344,0,0,0.636288000000117,"broad",NA,NA,120,99,21,9843,722,"independent",0,"positive",0.354555232615676,0.0471127180070034,0.138265020957915,9220.95585882867,97.8814656752358,20.9220511102754,28.7354498888891,0.00043379450690789,0.0208277340800167,"ok"
69,"broad",0.05,"aggregate_hksj",NA,NA,5000,5000,0,0,0,0.0503437414722529,0.000343741472252905,0.000670777433554314,0.0258993712965067,0.0256273051886743,0.989495262077306,0.0258990624592349,0.9496,0.4904,0.00706976435250851,NA,0.4904,118,118,0,118,118,0,0,0.112580000000019,"broad",NA,NA,120,99,21,9843,722,"independent",0,"positive",0.354555232615676,0.0471127180070034,0.138265020957915,9220.95585882867,97.8814656752358,20.9220511102754,28.7354498888891,0.00043379450690789,0.0208277340800167,"ok"
69,"broad",0.05,"che_rve",NA,NA,5000,4988,12,0,0.0024,0.0503683890083969,0.000368389008396877,0.000671534721676744,0.0259139869892061,0.0254510751289344,0.982136602118981,0.0259140078351802,0.948476343223737,0.472734562951083,0.00706903460091686,NA,0.472734562951083,28.8962936155445,28.89984985764,0.0381163882387123,28.8082339043971,29.0067062863693,0.0545308740978348,0,1.05293905372903,"broad",NA,NA,120,99,21,9843,722,"independent",0,"positive",0.354555232615676,0.0471127180070034,0.138265020957915,9220.95585882867,97.8814656752358,20.9220511102754,28.7354498888891,0.00043379450690789,0.0208277340800167,"ok"
69,"broad",0.05,"mlma",NA,NA,5000,5000,0,0,0,0.0503481420236452,0.000348142023645234,0.000671115984326026,0.0259059063598637,0.0255509033745753,0.986296446055315,0.0259056550582646,0.9456,0.4986,0.00707104009322532,NA,0.4986,NA,NA,NA,NA,NA,0,0,0.543764000000074,"broad",NA,NA,120,99,21,9843,722,"independent",0,"positive",0.354555232615676,0.0471127180070034,0.138265020957915,9220.95585882867,97.8814656752358,20.9220511102754,28.7354498888891,0.00043379450690789,0.0208277340800167,"ok"
69,"broad",0.05,"mlma_cr2",NA,NA,5000,5000,0,0,0,0.0503481420236452,0.000348142023645234,0.000671115984326026,0.0259059063598637,0.0254505889073016,0.982424183649968,0.0259056550582646,0.9484,0.4718,0.00705981246209841,NA,0.4718,29.0246479527139,29.0266123849628,0.0176119341014973,28.925713205818,29.0713465839608,0,0,0.626358000000095,"broad",NA,NA,120,99,21,9843,722,"independent",0,"positive",0.354555232615676,0.0471127180070034,0.138265020957915,9220.95585882867,97.8814656752358,20.9220511102754,28.7354498888891,0.00043379450690789,0.0208277340800167,"ok"
69,"broad",0.1,"aggregate_hksj",NA,NA,5000,5000,0,0,0,0.100343741472253,0.000343741472252898,0.000670777433554314,0.0258993712965067,0.0256273051886743,0.989495262077306,0.0258990624592349,0.9496,0.9684,0.00247392158323581,NA,0.9684,118,118,0,118,118,0,0,0.112836000000095,"broad",NA,NA,120,99,21,9843,722,"independent",0,"positive",0.354555232615676,0.0471127180070034,0.138265020957915,9220.95585882867,97.8814656752358,20.9220511102754,28.7354498888891,0.00043379450690789,0.0208277340800167,"ok"
69,"broad",0.1,"che_rve",NA,NA,5000,4990,10,0,0.002,0.100349020400136,0.000349020400136194,0.000670876778812713,0.0259012891341862,0.0254512315087188,0.982624122562555,0.0259010453419968,0.948496993987976,0.9625250501002,0.00268860051912967,NA,0.9625250501002,28.8962708253895,28.8998343485839,0.038124366435407,28.8082339044249,29.0067062882753,0.0549098196392786,0,1.05466132264528,"broad",NA,NA,120,99,21,9843,722,"independent",0,"positive",0.354555232615676,0.0471127180070034,0.138265020957915,9220.95585882867,97.8814656752358,20.9220511102754,28.7354498888891,0.00043379450690789,0.0208277340800167,"ok"
69,"broad",0.1,"mlma",NA,NA,5000,5000,0,0,0,0.100348142025558,0.000348142025557677,0.000671115984296898,0.0259059063593015,0.0255509033783133,0.98629644622101,0.0259056550577282,0.9456,0.9698,0.00242024626846113,NA,0.9698,NA,NA,NA,NA,NA,0,0,0.544983999999805,"broad",NA,NA,120,99,21,9843,722,"independent",0,"positive",0.354555232615676,0.0471127180070034,0.138265020957915,9220.95585882867,97.8814656752358,20.9220511102754,28.7354498888891,0.00043379450690789,0.0208277340800167,"ok"
69,"broad",0.1,"mlma_cr2",NA,NA,5000,5000,0,0,0,0.100348142025558,0.000348142025557677,0.000671115984296898,0.0259059063593015,0.0254505889074851,0.982424183678371,0.0259056550577282,0.9484,0.9626,0.00268332778467335,NA,0.9626,29.0246479528231,29.0266123856106,0.0176119342179679,28.9257132067499,29.0713465837115,0,0,0.627663999999809,"broad",NA,NA,120,99,21,9843,722,"independent",0,"positive",0.354555232615676,0.0471127180070034,0.138265020957915,9220.95585882867,97.8814656752358,20.9220511102754,28.7354498888891,0.00043379450690789,0.0208277340800167,"ok"
69,"broad",0.2,"aggregate_hksj",NA,NA,5000,5000,0,0,0,0.200343741472253,0.000343741472252912,0.000670777433554314,0.0258993712965067,0.0256273051886743,0.989495262077307,0.0258990624592349,0.9496,1,0,NA,1,118,118,0,118,118,0,0,0.112755999999936,"broad",NA,NA,120,99,21,9843,722,"independent",0,"positive",0.354555232615676,0.0471127180070034,0.138265020957915,9220.95585882867,97.8814656752358,20.9220511102754,28.7354498888891,0.00043379450690789,0.0208277340800167,"ok"
69,"broad",0.2,"che_rve",NA,NA,5000,4991,9,0,0.0018,0.200349930369705,0.000349930369705181,0.000671425963296524,0.0259118884548488,0.0254473259437724,0.982071452959291,0.0259116554318378,0.948507313163695,1,0,NA,1,28.896254338445,28.8998213205779,0.0381385622628464,28.8082339044548,29.0067062873148,0.0550991785213384,0,1.05341214185528,"broad",NA,NA,120,99,21,9843,722,"independent",0,"positive",0.354555232615676,0.0471127180070034,0.138265020957915,9220.95585882867,97.8814656752358,20.9220511102754,28.7354498888891,0.00043379450690789,0.0208277340800167,"ok"
69,"broad",0.2,"mlma",NA,NA,5000,5000,0,0,0,0.200348142022841,0.000348142022840975,0.000671115984565277,0.0259059063644814,0.0255509034101025,0.986296447250901,0.0259056550628706,0.9456,1,0,NA,1,NA,NA,NA,NA,NA,0,0,0.542897999999995,"broad",NA,NA,120,99,21,9843,722,"independent",0,"positive",0.354555232615676,0.0471127180070034,0.138265020957915,9220.95585882867,97.8814656752358,20.9220511102754,28.7354498888891,0.00043379450690789,0.0208277340800167,"ok"
69,"broad",0.2,"mlma_cr2",NA,NA,5000,5000,0,0,0,0.200348142022841,0.000348142022840975,0.000671115984565277,0.0259059063644814,0.0254505889074652,0.982424183481166,0.0259056550628706,0.9484,1,0,NA,1,29.0246479528774,29.0266123867412,0.0176119342586551,28.9257132073179,29.0713465840492,0,0,0.626090000000046,"broad",NA,NA,120,99,21,9843,722,"independent",0,"positive",0.354555232615676,0.0471127180070034,0.138265020957915,9220.95585882867,97.8814656752358,20.9220511102754,28.7354498888891,0.00043379450690789,0.0208277340800167,"ok"
70,"broad",0,"aggregate_hksj",NA,NA,5000,5000,0,0,0,-0.00155354602157649,-0.00155354602157649,0.00379258454708825,0.061583963392171,0.0577020048839703,0.936964782804248,0.061597398771539,0.9368,0.0632,0.00344109749934523,0.0632,NA,22,22,0,22,22,0,0,0.0321039999999601,"broad",NA,NA,24,18,6,3759,191,"nk_majority",0.533540162603313,"negative",0.781375711171422,0.0543217562597129,0.129048731125949,4238.7827511434,14.9892675616206,5.26198749415077,7.82398101040166,0.000943667140978388,0.0307191656946993,"ok"
70,"broad",0,"che_rve",NA,NA,5000,5000,0,0,0,-0.00193446190879861,-0.00193446190879861,0.00347966189884592,0.0589886590697392,0.0571113032022796,0.968174291515254,0.0590144737275759,0.9544,0.0456,0.00295027591929975,0.0456,NA,7.70728461900314,7.69580665361829,0.282546738772008,7.07031832298154,8.49251274146104,0.257,0,0.586228000000273,"broad",NA,NA,24,18,6,3759,191,"nk_majority",0.533540162603313,"negative",0.781375711171422,0.0543217562597129,0.129048731125949,4238.7827511434,14.9892675616206,5.26198749415077,7.82398101040166,0.000943667140978388,0.0307191656946993,"ok"
70,"broad",0,"mlma",NA,NA,5000,5000,0,0,0,-0.00200897209966028,-0.00200897209966028,0.00364210605031571,0.0603498637141436,0.0600714250179493,0.995386258078177,0.0603772606036648,0.9392,0.0608,0.00337944847571316,0.0608,NA,NA,NA,NA,NA,NA,0,0,0.313042000000054,"broad",NA,NA,24,18,6,3759,191,"nk_majority",0.533540162603313,"negative",0.781375711171422,0.0543217562597129,0.129048731125949,4238.7827511434,14.9892675616206,5.26198749415077,7.82398101040166,0.000943667140978388,0.0307191656946993,"ok"
70,"broad",0,"mlma_cr2",NA,NA,5000,5000,0,0,0,-0.00200897209966028,-0.00200897209966028,0.00364210605031571,0.0603498637141436,0.0581107808693675,0.962898294926036,0.0603772606036648,0.9524,0.0476,0.00301112072159188,0.0476,NA,7.82056000078003,7.88980080374014,0.34260770653703,5.75923131358814,8.50903606894341,0,0,0.334375999999806,"broad",NA,NA,24,18,6,3759,191,"nk_majority",0.533540162603313,"negative",0.781375711171422,0.0543217562597129,0.129048731125949,4238.7827511434,14.9892675616206,5.26198749415077,7.82398101040166,0.000943667140978388,0.0307191656946993,"ok"
70,"broad",0.05,"aggregate_hksj",NA,NA,5000,5000,0,0,0,0.0484464539784235,-0.00155354602157649,0.00379258454708826,0.061583963392171,0.0577020048839703,0.936964782804248,0.061597398771539,0.9368,0.1354,0.004838736198637,NA,0.1354,22,22,0,22,22,0,0,0.032395999999909,"broad",NA,NA,24,18,6,3759,191,"nk_majority",0.533540162603313,"negative",0.781375711171422,0.0543217562597129,0.129048731125949,4238.7827511434,14.9892675616206,5.26198749415077,7.82398101040166,0.000943667140978388,0.0307191656946993,"ok"
70,"broad",0.05,"che_rve",NA,NA,5000,5000,0,0,0,0.0480655380910439,-0.00193446190895607,0.00347966189891115,0.058988659070292,0.0571113032024769,0.968174291509525,0.0590144737281336,0.9544,0.1052,0.00433896208787309,NA,0.1052,7.70728461889896,7.69580665530691,0.282546738968859,7.07031832044082,8.4925127385183,0.257,0,0.587229999999879,"broad",NA,NA,24,18,6,3759,191,"nk_majority",0.533540162603313,"negative",0.781375711171422,0.0543217562597129,0.129048731125949,4238.7827511434,14.9892675616206,5.26198749415077,7.82398101040166,0.000943667140978388,0.0307191656946993,"ok"
70,"broad",0.05,"mlma",NA,NA,5000,5000,0,0,0,0.0479910279011798,-0.00200897209882018,0.00364210605070713,0.0603498637173865,0.0600714250448685,0.995386258470741,0.0603772606068777,0.9392,0.136,0.0048477623704138,NA,0.136,NA,NA,NA,NA,NA,0,0,0.312360000000126,"broad",NA,NA,24,18,6,3759,191,"nk_majority",0.533540162603313,"negative",0.781375711171422,0.0543217562597129,0.129048731125949,4238.7827511434,14.9892675616206,5.26198749415077,7.82398101040166,0.000943667140978388,0.0307191656946993,"ok"
70,"broad",0.05,"mlma_cr2",NA,NA,5000,5000,0,0,0,0.0479910279011798,-0.00200897209882018,0.00364210605070713,0.0603498637173865,0.0581107808680884,0.962898294853099,0.0603772606068777,0.9524,0.104,0.00431703602023425,NA,0.104,7.82056000111874,7.88980080382709,0.342607706870064,5.75923131566591,8.50903606875147,0,0,0.333739999999871,"broad",NA,NA,24,18,6,3759,191,"nk_majority",0.533540162603313,"negative",0.781375711171422,0.0543217562597129,0.129048731125949,4238.7827511434,14.9892675616206,5.26198749415077,7.82398101040166,0.000943667140978388,0.0307191656946993,"ok"
70,"broad",0.1,"aggregate_hksj",NA,NA,5000,5000,0,0,0,0.0984464539784235,-0.00155354602157649,0.00379258454708825,0.061583963392171,0.0577020048839703,0.936964782804248,0.061597398771539,0.9368,0.3714,0.00683318432357858,NA,0.3714,22,22,0,22,22,0,0,0.0321459999998828,"broad",NA,NA,24,18,6,3759,191,"nk_majority",0.533540162603313,"negative",0.781375711171422,0.0543217562597129,0.129048731125949,4238.7827511434,14.9892675616206,5.26198749415077,7.82398101040166,0.000943667140978388,0.0307191656946993,"ok"
70,"broad",0.1,"che_rve",NA,NA,5000,5000,0,0,0,0.0980655380911427,-0.00193446190885735,0.00347966189903011,0.0589886590713004,0.0571113032044025,0.968174291525617,0.0590144737291381,0.9544,0.3068,0.00652186721729291,NA,0.3068,7.70728461877897,7.69580665399603,0.282546738871128,7.07031832008738,8.49251274058538,0.257,0,0.586132000000065,"broad",NA,NA,24,18,6,3759,191,"nk_majority",0.533540162603313,"negative",0.781375711171422,0.0543217562597129,0.129048731125949,4238.7827511434,14.9892675616206,5.26198749415077,7.82398101040166,0.000943667140978388,0.0307191656946993,"ok"
70,"broad",0.1,"mlma",NA,NA,5000,5000,0,0,0,0.0979910279023657,-0.00200897209763434,0.00364210605039467,0.0603498637147978,0.0600714250178762,0.995386258066174,0.0603772606042512,0.9392,0.373,0.006839166615897,NA,0.373,NA,NA,NA,NA,NA,0,0,0.311962000000093,"broad",NA,NA,24,18,6,3759,191,"nk_majority",0.533540162603313,"negative",0.781375711171422,0.0543217562597129,0.129048731125949,4238.7827511434,14.9892675616206,5.26198749415077,7.82398101040166,0.000943667140978388,0.0307191656946993,"ok"
70,"broad",0.1,"mlma_cr2",NA,NA,5000,5000,0,0,0,0.0979910279023657,-0.00200897209763434,0.00364210605039467,0.0603498637147978,0.0581107808700204,0.962898294926416,0.0603772606042512,0.9524,0.3012,0.00648812083734574,NA,0.3012,7.82056000059291,7.88980080377732,0.342607706547832,5.75923131464242,8.50903606891588,0,0,0.333338000000149,"broad",NA,NA,24,18,6,3759,191,"nk_majority",0.533540162603313,"negative",0.781375711171422,0.0543217562597129,0.129048731125949,4238.7827511434,14.9892675616206,5.26198749415077,7.82398101040166,0.000943667140978388,0.0307191656946993,"ok"
70,"broad",0.2,"aggregate_hksj",NA,NA,5000,5000,0,0,0,0.198446453978424,-0.00155354602157648,0.00379258454708825,0.061583963392171,0.0577020048839703,0.936964782804248,0.061597398771539,0.9368,0.8892,0.00443899448073547,NA,0.8892,22,22,0,22,22,0,0,0.0322100000002392,"broad",NA,NA,24,18,6,3759,191,"nk_majority",0.533540162603313,"negative",0.781375711171422,0.0543217562597129,0.129048731125949,4238.7827511434,14.9892675616206,5.26198749415077,7.82398101040166,0.000943667140978388,0.0307191656946993,"ok"
70,"broad",0.2,"che_rve",NA,NA,5000,5000,0,0,0,0.198065538093468,-0.00193446190653221,0.00347966189903967,0.0589886590713815,0.0571113032029482,0.968174291499634,0.0590144737291428,0.9544,0.834,0.00526201482324024,NA,0.834,7.70728461876215,7.69580665082107,0.282546739009002,7.07031833200609,8.49251274046549,0.257,0,0.585290000000046,"broad",NA,NA,24,18,6,3759,191,"nk_majority",0.533540162603313,"negative",0.781375711171422,0.0543217562597129,0.129048731125949,4238.7827511434,14.9892675616206,5.26198749415077,7.82398101040166,0.000943667140978388,0.0307191656946993,"ok"
70,"broad",0.2,"mlma",NA,NA,5000,5000,0,0,0,0.197991027901205,-0.00200897209879466,0.00364210605057603,0.0603498637163004,0.0600714250495894,0.995386258566881,0.0603772606057914,0.9392,0.899,0.00426143168430517,NA,0.899,NA,NA,NA,NA,NA,0,0,0.311975999999815,"broad",NA,NA,24,18,6,3759,191,"nk_majority",0.533540162603313,"negative",0.781375711171422,0.0543217562597129,0.129048731125949,4238.7827511434,14.9892675616206,5.26198749415077,7.82398101040166,0.000943667140978388,0.0307191656946993,"ok"
70,"broad",0.2,"mlma_cr2",NA,NA,5000,5000,0,0,0,0.197991027901205,-0.00200897209879466,0.00364210605057603,0.0603498637163004,0.0581107808682527,0.962898294873151,0.0603772606057914,0.9524,0.823,0.00539761058247073,NA,0.823,7.82056000138794,7.88980080280854,0.342607706693648,5.759231314782,8.50903606905911,0,0,0.333345999999964,"broad",NA,NA,24,18,6,3759,191,"nk_majority",0.533540162603313,"negative",0.781375711171422,0.0543217562597129,0.129048731125949,4238.7827511434,14.9892675616206,5.26198749415077,7.82398101040166,0.000943667140978388,0.0307191656946993,"ok"
71,"broad",0,"aggregate_hksj",NA,NA,5000,5000,0,0,0,-0.00167469552847409,-0.00167469552847409,0.00459177905938089,0.067762667150732,0.0694006836943006,1.02417284638347,0.0677765837784858,0.9572,0.0428,0.00286245209566903,0.0428,NA,94,94,0,94,94,0,0,0.0785659999998636,"broad",NA,NA,96,80,16,8113,693,"nk_majority",0.910625470752275,"independent",0.205308859641664,0.213575162371213,0.228681360768736,3874.55935496831,62.9417343434876,14.7581331778552,16.1223712856185,0.0010323754609336,0.032130600071172,"ok"
71,"broad",0,"che_rve",NA,NA,5000,5000,0,0,0,-0.0016174040185335,-0.0016174040185335,0.00456504803086267,0.0675651391685289,0.0690556871890746,1.0220609035797,0.0675777405438778,0.9604,0.0396,0.00275796446677618,0.0396,NA,20.335050550477,20.3464953279415,0.155604424893109,19.5904245391893,20.7631198811252,0,0,0.770381999999989,"broad",NA,NA,96,80,16,8113,693,"nk_majority",0.910625470752275,"independent",0.205308859641664,0.213575162371213,0.228681360768736,3874.55935496831,62.9417343434876,14.7581331778552,16.1223712856185,0.0010323754609336,0.032130600071172,"ok"
71,"broad",0,"mlma",NA,NA,5000,5000,0,0,0,-0.00159778711806262,-0.00159778711806262,0.00456854262948157,0.0675909951804349,0.0689292376828428,1.01979912411166,0.0676031200805874,0.9534,0.0466,0.00298088711627931,0.0466,NA,NA,NA,NA,NA,NA,0,0,0.491099999999779,"broad",NA,NA,96,80,16,8113,693,"nk_majority",0.910625470752275,"independent",0.205308859641664,0.213575162371213,0.228681360768736,3874.55935496831,62.9417343434876,14.7581331778552,16.1223712856185,0.0010323754609336,0.032130600071172,"ok"
71,"broad",0,"mlma_cr2",NA,NA,5000,5000,0,0,0,-0.00159778711806262,-0.00159778711806262,0.00456854262948157,0.0675909951804349,0.0690594274462601,1.02172526476205,0.0676031200805874,0.9608,0.0392,0.0027445713690848,0.0392,NA,20.5564670824697,20.566247844993,0.130387296045145,19.9422635712501,20.9086881084869,0,0,0.552872000000032,"broad",NA,NA,96,80,16,8113,693,"nk_majority",0.910625470752275,"independent",0.205308859641664,0.213575162371213,0.228681360768736,3874.55935496831,62.9417343434876,14.7581331778552,16.1223712856185,0.0010323754609336,0.032130600071172,"ok"
71,"broad",0.05,"aggregate_hksj",NA,NA,5000,5000,0,0,0,0.0483253044715259,-0.00167469552847408,0.00459177905938089,0.067762667150732,0.0694006836943006,1.02417284638347,0.0677765837784858,0.9572,0.098,0.00420466407695074,NA,0.098,94,94,0,94,94,0,0,0.0782539999999455,"broad",NA,NA,96,80,16,8113,693,"nk_majority",0.910625470752275,"independent",0.205308859641664,0.213575162371213,0.228681360768736,3874.55935496831,62.9417343434876,14.7581331778552,16.1223712856185,0.0010323754609336,0.032130600071172,"ok"
71,"broad",0.05,"che_rve",NA,NA,5000,5000,0,0,0,0.0483825959837882,-0.00161740401621183,0.00456504803085504,0.0675651391684724,0.0690556871883987,1.02206090357055,0.0675777405437658,0.9604,0.0902,0.00405127041802939,NA,0.0902,20.3350505504926,20.3464953369261,0.155604423545296,19.5904245354027,20.7631198810199,0,0,0.768180000000057,"broad",NA,NA,96,80,16,8113,693,"nk_majority",0.910625470752275,"independent",0.205308859641664,0.213575162371213,0.228681360768736,3874.55935496831,62.9417343434876,14.7581331778552,16.1223712856185,0.0010323754609336,0.032130600071172,"ok"
71,"broad",0.05,"mlma",NA,NA,5000,5000,0,0,0,0.0484022128793545,-0.00159778712064549,0.00456854262937519,0.0675909951796479,0.0689292376945943,1.01979912429739,0.0676031200798618,0.9534,0.1078,0.00438586730305421,NA,0.1078,NA,NA,NA,NA,NA,0,0,0.48598600000033,"broad",NA,NA,96,80,16,8113,693,"nk_majority",0.910625470752275,"independent",0.205308859641664,0.213575162371213,0.228681360768736,3874.55935496831,62.9417343434876,14.7581331778552,16.1223712856185,0.0010323754609336,0.032130600071172,"ok"
71,"broad",0.05,"mlma_cr2",NA,NA,5000,5000,0,0,0,0.0484022128793545,-0.00159778712064549,0.00456854262937519,0.0675909951796479,0.0690594274466684,1.02172526477998,0.0676031200798618,0.9608,0.091,0.00406740703642997,NA,0.091,20.5564670828503,20.5662478419426,0.130387295593715,19.94226357072,20.9086881094751,0,0,0.547546000000194,"broad",NA,NA,96,80,16,8113,693,"nk_majority",0.910625470752275,"independent",0.205308859641664,0.213575162371213,0.228681360768736,3874.55935496831,62.9417343434876,14.7581331778552,16.1223712856185,0.0010323754609336,0.032130600071172,"ok"
71,"broad",0.1,"aggregate_hksj",NA,NA,5000,5000,0,0,0,0.0983253044715259,-0.0016746955284741,0.00459177905938089,0.067762667150732,0.0694006836943006,1.02417284638347,0.0677765837784858,0.9572,0.2878,0.00640267381646137,NA,0.2878,94,94,0,94,94,0,0,0.0787339999999676,"broad",NA,NA,96,80,16,8113,693,"nk_majority",0.910625470752275,"independent",0.205308859641664,0.213575162371213,0.228681360768736,3874.55935496831,62.9417343434876,14.7581331778552,16.1223712856185,0.0010323754609336,0.032130600071172,"ok"
71,"broad",0.1,"che_rve",NA,NA,5000,5000,0,0,0,0.0983825959804139,-0.0016174040195861,0.00456504803077074,0.0675651391678485,0.0690556871888087,1.02206090358605,0.0675777405432229,0.9604,0.2656,0.00624590489841144,NA,0.2656,20.3350505504965,20.3464953290474,0.155604424523415,19.5904245354306,20.7631198802517,0,0,0.770066000000149,"broad",NA,NA,96,80,16,8113,693,"nk_majority",0.910625470752275,"independent",0.205308859641664,0.213575162371213,0.228681360768736,3874.55935496831,62.9417343434876,14.7581331778552,16.1223712856185,0.0010323754609336,0.032130600071172,"ok"
71,"broad",0.1,"mlma",NA,NA,5000,5000,0,0,0,0.0984022128832393,-0.00159778711676072,0.0045685426293109,0.0675909951791723,0.068929237688665,1.01979912421685,0.0676031200792946,0.9534,0.2998,0.00647950553669028,NA,0.2998,NA,NA,NA,NA,NA,0,0,0.484751999999938,"broad",NA,NA,96,80,16,8113,693,"nk_majority",0.910625470752275,"independent",0.205308859641664,0.213575162371213,0.228681360768736,3874.55935496831,62.9417343434876,14.7581331778552,16.1223712856185,0.0010323754609336,0.032130600071172,"ok"
71,"broad",0.1,"mlma_cr2",NA,NA,5000,5000,0,0,0,0.0984022128832393,-0.00159778711676072,0.0045685426293109,0.0675909951791723,0.0690594274454978,1.02172526476985,0.0676031200792946,0.9608,0.2646,0.00623837863551099,NA,0.2646,20.5564670827946,20.5662478415362,0.130387295103664,19.9422635688272,20.9086881098808,0,0,0.545694000000134,"broad",NA,NA,96,80,16,8113,693,"nk_majority",0.910625470752275,"independent",0.205308859641664,0.213575162371213,0.228681360768736,3874.55935496831,62.9417343434876,14.7581331778552,16.1223712856185,0.0010323754609336,0.032130600071172,"ok"
71,"broad",0.2,"aggregate_hksj",NA,NA,5000,5000,0,0,0,0.198325304471526,-0.0016746955284741,0.00459177905938089,0.067762667150732,0.0694006836943006,1.02417284638347,0.0677765837784858,0.9572,0.8104,0.00554349781275324,NA,0.8104,94,94,0,94,94,0,0,0.0787500000001397,"broad",NA,NA,96,80,16,8113,693,"nk_majority",0.910625470752275,"independent",0.205308859641664,0.213575162371213,0.228681360768736,3874.55935496831,62.9417343434876,14.7581331778552,16.1223712856185,0.0010323754609336,0.032130600071172,"ok"
71,"broad",0.2,"che_rve",NA,NA,5000,5000,0,0,0,0.198382595981092,-0.00161740401890834,0.00456504803090722,0.0675651391688585,0.0690556871887295,1.0220609035696,0.0675777405442163,0.9604,0.7758,0.00589803967433248,NA,0.7758,20.3350505503755,20.3464953313061,0.155604423818392,19.5904245420591,20.7631198806342,0,0,0.770222000000119,"broad",NA,NA,96,80,16,8113,693,"nk_majority",0.910625470752275,"independent",0.205308859641664,0.213575162371213,0.228681360768736,3874.55935496831,62.9417343434876,14.7581331778552,16.1223712856185,0.0010323754609336,0.032130600071172,"ok"
71,"broad",0.2,"mlma",NA,NA,5000,5000,0,0,0,0.198402212880511,-0.00159778711948935,0.00456854262963567,0.0675909951815748,0.0689292376799825,1.01979912405214,0.0676031200817606,0.9534,0.8238,0.00538801559017789,NA,0.8238,NA,NA,NA,NA,NA,0,0,0.48455800000013,"broad",NA,NA,96,80,16,8113,693,"nk_majority",0.910625470752275,"independent",0.205308859641664,0.213575162371213,0.228681360768736,3874.55935496831,62.9417343434876,14.7581331778552,16.1223712856185,0.0010323754609336,0.032130600071172,"ok"
71,"broad",0.2,"mlma_cr2",NA,NA,5000,5000,0,0,0,0.198402212880511,-0.00159778711948935,0.00456854262963567,0.0675909951815748,0.0690594274464485,1.0217252647476,0.0676031200817606,0.9608,0.7764,0.00589241953699836,NA,0.7764,20.5564670824779,20.5662478447742,0.130387295474191,19.942263574399,20.9086881095338,0,0,0.545877999999787,"broad",NA,NA,96,80,16,8113,693,"nk_majority",0.910625470752275,"independent",0.205308859641664,0.213575162371213,0.228681360768736,3874.55935496831,62.9417343434876,14.7581331778552,16.1223712856185,0.0010323754609336,0.032130600071172,"ok"
72,"broad",0,"aggregate_hksj",NA,NA,5000,5000,0,0,0,-0.000450222051972784,-0.000450222051972784,0.0124904079751268,0.111760493803163,0.110270687249118,0.986669649503617,0.111750224131444,0.9502,0.0498,0.00307636018697421,0.0498,NA,22,22,0,22,22,0,0,0.0284120000001111,"broad",NA,NA,24,20,4,17781,184,"independent",0,"positive",0.75656509864144,0.194683352707478,0.143349958365085,18474.9626198623,19.144856627048,3.80850055720611,4.14081329381669,0.000216509233729092,0.0147142527411042,"ok"
72,"broad",0,"che_rve",NA,NA,5000,5000,0,0,0,-0.000464431648131535,-0.000464431648131535,0.0124901569102681,0.111759370570293,0.105576174959783,0.944674029757349,0.111749159171968,0.9568,0.0432,0.00287519599331941,0.0432,NA,4.29721408848269,4.2970511217797,0.00118235220139254,4.29459631564139,4.3028436130705,0,0,0.334210000000037,"broad",NA,NA,24,20,4,17781,184,"independent",0,"positive",0.75656509864144,0.194683352707478,0.143349958365085,18474.9626198623,19.144856627048,3.80850055720611,4.14081329381669,0.000216509233729092,0.0147142527411042,"ok"
72,"broad",0,"mlma",NA,NA,5000,5000,0,0,0,-0.000451016391466565,-0.000451016391466565,0.0124902973026992,0.111759998669914,0.110269384071658,0.986662360272046,0.11174973225482,0.937,0.063,0.00343601513384327,0.063,NA,NA,NA,NA,NA,NA,0,0,0.273998000000018,"broad",NA,NA,24,20,4,17781,184,"independent",0,"positive",0.75656509864144,0.194683352707478,0.143349958365085,18474.9626198623,19.144856627048,3.80850055720611,4.14081329381669,0.000216509233729092,0.0147142527411042,"ok"
72,"broad",0,"mlma_cr2",NA,NA,5000,5000,0,0,0,-0.000451016391466565,-0.000451016391466565,0.0124902973026992,0.111759998669914,0.105582760962793,0.944727650495369,0.11174973225482,0.9566,0.0434,0.00288154264240528,0.0434,NA,4.29501080756916,4.29490724097048,0.000647394480513427,4.29367696062857,4.29869391838787,0,0,0.292571999999971,"broad",NA,NA,24,20,4,17781,184,"independent",0,"positive",0.75656509864144,0.194683352707478,0.143349958365085,18474.9626198623,19.144856627048,3.80850055720611,4.14081329381669,0.000216509233729092,0.0147142527411042,"ok"
72,"broad",0.05,"aggregate_hksj",NA,NA,5000,5000,0,0,0,0.0495497779480272,-0.00045022205197278,0.0124904079751268,0.111760493803163,0.110270687249118,0.986669649503617,0.111750224131444,0.9502,0.0696,0.00359877312427444,NA,0.0696,22,22,0,22,22,0,0,0.0286079999999803,"broad",NA,NA,24,20,4,17781,184,"independent",0,"positive",0.75656509864144,0.194683352707478,0.143349958365085,18474.9626198623,19.144856627048,3.80850055720611,4.14081329381669,0.000216509233729092,0.0147142527411042,"ok"
72,"broad",0.05,"che_rve",NA,NA,5000,5000,0,0,0,0.049535568351852,-0.000464431648147995,0.0124901569102274,0.111759370570111,0.105576174959655,0.944674029757739,0.111749159171786,0.9568,0.0618,0.00340531232047811,NA,0.0618,4.29721408848364,4.29705112177877,0.00118235220077363,4.29459631564116,4.30284361307132,0,0,0.334257999999936,"broad",NA,NA,24,20,4,17781,184,"independent",0,"positive",0.75656509864144,0.194683352707478,0.143349958365085,18474.9626198623,19.144856627048,3.80850055720611,4.14081329381669,0.000216509233729092,0.0147142527411042,"ok"
72,"broad",0.05,"mlma",NA,NA,5000,5000,0,0,0,0.0495489836083667,-0.000451016391633308,0.0124902973027575,0.111759998670175,0.110269384118281,0.986662360686909,0.111749732255082,0.937,0.088,0.00400639488817565,NA,0.088,NA,NA,NA,NA,NA,0,0,0.273306000000111,"broad",NA,NA,24,20,4,17781,184,"independent",0,"positive",0.75656509864144,0.194683352707478,0.143349958365085,18474.9626198623,19.144856627048,3.80850055720611,4.14081329381669,0.000216509233729092,0.0147142527411042,"ok"
72,"broad",0.05,"mlma_cr2",NA,NA,5000,5000,0,0,0,0.0495489836083667,-0.000451016391633308,0.0124902973027575,0.111759998670175,0.105582760962427,0.944727650489881,0.111749732255082,0.9566,0.0614,0.00339499749631719,NA,0.0614,4.29501080756592,4.29490724097887,0.000647394475516197,4.29367696063677,4.29869391839104,0,0,0.291780000000158,"broad",NA,NA,24,20,4,17781,184,"independent",0,"positive",0.75656509864144,0.194683352707478,0.143349958365085,18474.9626198623,19.144856627048,3.80850055720611,4.14081329381669,0.000216509233729092,0.0147142527411042,"ok"
72,"broad",0.1,"aggregate_hksj",NA,NA,5000,5000,0,0,0,0.0995497779480272,-0.000450222051972787,0.0124904079751268,0.111760493803163,0.110270687249118,0.986669649503618,0.111750224131444,0.9502,0.1358,0.00484475716625715,NA,0.1358,22,22,0,22,22,0,0,0.0281620000000254,"broad",NA,NA,24,20,4,17781,184,"independent",0,"positive",0.75656509864144,0.194683352707478,0.143349958365085,18474.9626198623,19.144856627048,3.80850055720611,4.14081329381669,0.000216509233729092,0.0147142527411042,"ok"
72,"broad",0.1,"che_rve",NA,NA,5000,5000,0,0,0,0.0995355683514106,-0.000464431648589392,0.0124901569101997,0.111759370569987,0.105576174959625,0.944674029758511,0.111749159171664,0.9568,0.1062,0.00435709903490843,NA,0.1062,4.29721408848386,4.29705112178051,0.00118235220167649,4.29459631564327,4.3028436130691,0,0,0.333066000000063,"broad",NA,NA,24,20,4,17781,184,"independent",0,"positive",0.75656509864144,0.194683352707478,0.143349958365085,18474.9626198623,19.144856627048,3.80850055720611,4.14081329381669,0.000216509233729092,0.0147142527411042,"ok"
72,"broad",0.1,"mlma",NA,NA,5000,5000,0,0,0,0.0995489836084137,-0.000451016391586262,0.0124902973027489,0.111759998670136,0.110269384126128,0.986662360757468,0.111749732255043,0.937,0.1618,0.00520808525275845,NA,0.1618,NA,NA,NA,NA,NA,0,0,0.273754000000039,"broad",NA,NA,24,20,4,17781,184,"independent",0,"positive",0.75656509864144,0.194683352707478,0.143349958365085,18474.9626198623,19.144856627048,3.80850055720611,4.14081329381669,0.000216509233729092,0.0147142527411042,"ok"
72,"broad",0.1,"mlma_cr2",NA,NA,5000,5000,0,0,0,0.0995489836084137,-0.000451016391586262,0.0124902973027489,0.111759998670136,0.105582760962433,0.944727650490266,0.111749732255043,0.9566,0.1062,0.00435709903490843,NA,0.1062,4.29501080756554,4.29490724096306,0.000647394475100257,4.29367696062951,4.29869391839047,0,0,0.292447999999896,"broad",NA,NA,24,20,4,17781,184,"independent",0,"positive",0.75656509864144,0.194683352707478,0.143349958365085,18474.9626198623,19.144856627048,3.80850055720611,4.14081329381669,0.000216509233729092,0.0147142527411042,"ok"
72,"broad",0.2,"aggregate_hksj",NA,NA,5000,5000,0,0,0,0.199549777948027,-0.000450222051972787,0.0124904079751268,0.111760493803163,0.110270687249118,0.986669649503617,0.111750224131444,0.9502,0.3976,0.00692118833727273,NA,0.3976,22,22,0,22,22,0,0,0.0281259999999517,"broad",NA,NA,24,20,4,17781,184,"independent",0,"positive",0.75656509864144,0.194683352707478,0.143349958365085,18474.9626198623,19.144856627048,3.80850055720611,4.14081329381669,0.000216509233729092,0.0147142527411042,"ok"
72,"broad",0.2,"che_rve",NA,NA,5000,5000,0,0,0,0.199535568351391,-0.000464431648609404,0.0124901569102193,0.111759370570075,0.105576174959594,0.944674029757498,0.111749159171752,0.9568,0.294,0.00644304275944216,NA,0.294,4.29721408848405,4.29705112178023,0.00118235220232077,4.29459631563738,4.30284361306948,0,0,0.334450000000136,"broad",NA,NA,24,20,4,17781,184,"independent",0,"positive",0.75656509864144,0.194683352707478,0.143349958365085,18474.9626198623,19.144856627048,3.80850055720611,4.14081329381669,0.000216509233729092,0.0147142527411042,"ok"
72,"broad",0.2,"mlma",NA,NA,5000,5000,0,0,0,0.199548983608391,-0.000451016391608966,0.0124902973027364,0.111759998670081,0.110269384119883,0.986662360702079,0.111749732254988,0.937,0.4448,0.00702784405063174,NA,0.4448,NA,NA,NA,NA,NA,0,0,0.273284000000042,"broad",NA,NA,24,20,4,17781,184,"independent",0,"positive",0.75656509864144,0.194683352707478,0.143349958365085,18474.9626198623,19.144856627048,3.80850055720611,4.14081329381669,0.000216509233729092,0.0147142527411042,"ok"
72,"broad",0.2,"mlma_cr2",NA,NA,5000,5000,0,0,0,0.199548983608391,-0.000451016391608966,0.0124902973027364,0.111759998670081,0.105582760962384,0.944727650490294,0.111749732254988,0.9566,0.294,0.00644304275944216,NA,0.294,4.29501080756552,4.29490724096709,0.000647394474809924,4.29367696062899,4.29869391838725,0,0,0.291903999999958,"broad",NA,NA,24,20,4,17781,184,"independent",0,"positive",0.75656509864144,0.194683352707478,0.143349958365085,18474.9626198623,19.144856627048,3.80850055720611,4.14081329381669,0.000216509233729092,0.0147142527411042,"ok"
73,"broad",0,"aggregate_hksj",NA,NA,5000,5000,0,0,0,-0.00089429759025498,-0.00089429759025498,0.00794935529543444,0.0891591571036562,0.0880509287272783,0.987570223717016,0.0891547261369541,0.9454,0.0546,0.00321306209090332,0.0546,NA,34,34,0,34,34,0,0,0.0394760000000322,"broad",NA,NA,36,26,10,27253,129,"nk_minority",0.731284637813515,"positive",0.14695989865344,0.23671525384672,0.0350981061042985,42391.0050940463,19.2407851826532,7.87955330162755,22.0837461375377,9.43596404738654e-05,0.00971388904990506,"ok"
73,"broad",0,"che_rve",NA,NA,5000,5000,0,0,0,-0.000896921382382939,-0.000896921382382939,0.00794978693482487,0.0891615776824573,0.0876390718496244,0.982924193667196,0.0891571727086726,0.9474,0.0526,0.00315699984162179,0.0526,NA,16.5414630578835,16.5354421931564,0.038839347532952,16.451771378409,16.8243041008123,0,0,0.408323999999992,"broad",NA,NA,36,26,10,27253,129,"nk_minority",0.731284637813515,"positive",0.14695989865344,0.23671525384672,0.0350981061042985,42391.0050940463,19.2407851826532,7.87955330162755,22.0837461375377,9.43596404738654e-05,0.00971388904990506,"ok"
73,"broad",0,"mlma",NA,NA,5000,5000,0,0,0,-0.000897661838206495,-0.000897661838206495,0.00795026457123907,0.089164256130128,0.0883501138739375,0.990869185797924,0.0891598582048031,0.9398,0.0602,0.00336380617753164,0.0602,NA,NA,NA,NA,NA,NA,0,4e-04,0.33298799999996,"broad",NA,NA,36,26,10,27253,129,"nk_minority",0.731284637813515,"positive",0.14695989865344,0.23671525384672,0.0350981061042985,42391.0050940463,19.2407851826532,7.87955330162755,22.0837461375377,9.43596404738654e-05,0.00971388904990506,"ok"
73,"broad",0,"mlma_cr2",NA,NA,5000,5000,0,0,0,-0.000897661838206495,-0.000897661838206495,0.00795026457123907,0.089164256130128,0.0876408672748508,0.98291480329232,0.0891598582048031,0.9478,0.0522,0.00314563697841947,0.0522,NA,16.5075238672713,16.5027018227372,0.0309137144896233,16.4367596586995,16.7326281774376,0,4e-04,0.358487999999978,"broad",NA,NA,36,26,10,27253,129,"nk_minority",0.731284637813515,"positive",0.14695989865344,0.23671525384672,0.0350981061042985,42391.0050940463,19.2407851826532,7.87955330162755,22.0837461375377,9.43596404738654e-05,0.00971388904990506,"ok"
73,"broad",0.05,"aggregate_hksj",NA,NA,5000,5000,0,0,0,0.049105702409745,-0.000894297590254979,0.00794935529543444,0.0891591571036562,0.0880509287272783,0.987570223717015,0.0891547261369541,0.9454,0.082,0.00388010309141394,NA,0.082,34,34,0,34,34,0,0,0.0393140000000112,"broad",NA,NA,36,26,10,27253,129,"nk_minority",0.731284637813515,"positive",0.14695989865344,0.23671525384672,0.0350981061042985,42391.0050940463,19.2407851826532,7.87955330162755,22.0837461375377,9.43596404738654e-05,0.00971388904990506,"ok"
73,"broad",0.05,"che_rve",NA,NA,5000,5000,0,0,0,0.0491030786176775,-0.00089692138232246,0.00794978693484731,0.0891615776825831,0.0876390718496547,0.982924193666148,0.0891571727087978,0.9474,0.079,0.0038146821623826,NA,0.079,16.5414630578771,16.5354421930477,0.0388393475162013,16.4517713783395,16.8243041010041,0,0,0.407561999999979,"broad",NA,NA,36,26,10,27253,129,"nk_minority",0.731284637813515,"positive",0.14695989865344,0.23671525384672,0.0350981061042985,42391.0050940463,19.2407851826532,7.87955330162755,22.0837461375377,9.43596404738654e-05,0.00971388904990506,"ok"
73,"broad",0.05,"mlma",NA,NA,5000,5000,0,0,0,0.0491023381613478,-0.000897661838652232,0.00795026457137136,0.0891642561308699,0.088350113982067,0.99086918700238,0.0891598582055493,0.9398,0.093,0.00410733490234239,NA,0.093,NA,NA,NA,NA,NA,0,4e-04,0.333054000000002,"broad",NA,NA,36,26,10,27253,129,"nk_minority",0.731284637813515,"positive",0.14695989865344,0.23671525384672,0.0350981061042985,42391.0050940463,19.2407851826532,7.87955330162755,22.0837461375377,9.43596404738654e-05,0.00971388904990506,"ok"
73,"broad",0.05,"mlma_cr2",NA,NA,5000,5000,0,0,0,0.0491023381613478,-0.000897661838652232,0.00795026457137136,0.0891642561308699,0.0876408672752464,0.982914803288579,0.0891598582055493,0.9478,0.079,0.0038146821623826,NA,0.079,16.5075238670671,16.5027018224824,0.0309137147050156,16.4367596587112,16.7326281774136,0,4e-04,0.358118000000014,"broad",NA,NA,36,26,10,27253,129,"nk_minority",0.731284637813515,"positive",0.14695989865344,0.23671525384672,0.0350981061042985,42391.0050940463,19.2407851826532,7.87955330162755,22.0837461375377,9.43596404738654e-05,0.00971388904990506,"ok"
73,"broad",0.1,"aggregate_hksj",NA,NA,5000,5000,0,0,0,0.099105702409745,-0.000894297590254986,0.00794935529543444,0.0891591571036562,0.0880509287272783,0.987570223717016,0.0891547261369541,0.9454,0.1978,0.00563338548299333,NA,0.1978,34,34,0,34,34,0,0,0.0400699999999906,"broad",NA,NA,36,26,10,27253,129,"nk_minority",0.731284637813515,"positive",0.14695989865344,0.23671525384672,0.0350981061042985,42391.0050940463,19.2407851826532,7.87955330162755,22.0837461375377,9.43596404738654e-05,0.00971388904990506,"ok"
73,"broad",0.1,"che_rve",NA,NA,5000,5000,0,0,0,0.0991030786230748,-0.000896921376925208,0.00794978693393131,0.0891615776774464,0.0876390718501456,0.982924193728283,0.0891571727036076,0.9474,0.1868,0.00551191001377925,NA,0.1868,16.5414630575976,16.5354421931312,0.0388393475606654,16.451771378386,16.8243041009121,0,0,0.408362000000013,"broad",NA,NA,36,26,10,27253,129,"nk_minority",0.731284637813515,"positive",0.14695989865344,0.23671525384672,0.0350981061042985,42391.0050940463,19.2407851826532,7.87955330162755,22.0837461375377,9.43596404738654e-05,0.00971388904990506,"ok"
73,"broad",0.1,"mlma",NA,NA,5000,5000,0,0,0,0.0991023381624922,-0.000897661837507821,0.00795026457128793,0.089164256130402,0.0883501138078239,0.990869185053398,0.08915985820507,0.9398,0.2152,0.00581186648160468,NA,0.2152,NA,NA,NA,NA,NA,0,4e-04,0.334071999999986,"broad",NA,NA,36,26,10,27253,129,"nk_minority",0.731284637813515,"positive",0.14695989865344,0.23671525384672,0.0350981061042985,42391.0050940463,19.2407851826532,7.87955330162755,22.0837461375377,9.43596404738654e-05,0.00971388904990506,"ok"
73,"broad",0.1,"mlma_cr2",NA,NA,5000,5000,0,0,0,0.0991023381624922,-0.000897661837507821,0.00795026457128793,0.089164256130402,0.0876408672749957,0.982914803290924,0.08915985820507,0.9478,0.1858,0.00550051561219491,NA,0.1858,16.5075238675058,16.502701822495,0.0309137146727553,16.4367596587144,16.732628177492,0,4e-04,0.359576000000005,"broad",NA,NA,36,26,10,27253,129,"nk_minority",0.731284637813515,"positive",0.14695989865344,0.23671525384672,0.0350981061042985,42391.0050940463,19.2407851826532,7.87955330162755,22.0837461375377,9.43596404738654e-05,0.00971388904990506,"ok"
73,"broad",0.2,"aggregate_hksj",NA,NA,5000,5000,0,0,0,0.199105702409745,-0.000894297590254972,0.00794935529543444,0.0891591571036562,0.0880509287272783,0.987570223717016,0.0891547261369541,0.9454,0.584,0.00697056669145343,NA,0.584,34,34,0,34,34,0,0,0.0394679999999757,"broad",NA,NA,36,26,10,27253,129,"nk_minority",0.731284637813515,"positive",0.14695989865344,0.23671525384672,0.0350981061042985,42391.0050940463,19.2407851826532,7.87955330162755,22.0837461375377,9.43596404738654e-05,0.00971388904990506,"ok"
73,"broad",0.2,"che_rve",NA,NA,5000,5000,0,0,0,0.199103078623131,-0.00089692137686917,0.00794978693392447,0.0891615776774081,0.0876390718501357,0.982924193728594,0.0891571727035687,0.9474,0.5526,0.00703183105599104,NA,0.5526,16.5414630576024,16.535442193208,0.0388393475504948,16.4517713783727,16.8243041005562,0,0,0.407501999999992,"broad",NA,NA,36,26,10,27253,129,"nk_minority",0.731284637813515,"positive",0.14695989865344,0.23671525384672,0.0350981061042985,42391.0050940463,19.2407851826532,7.87955330162755,22.0837461375377,9.43596404738654e-05,0.00971388904990506,"ok"
73,"broad",0.2,"mlma",NA,NA,5000,5000,0,0,0,0.199102338160558,-0.000897661839441843,0.00795026457134244,0.0891642561307077,0.0883501140240378,0.990869187474895,0.0891598582053951,0.9398,0.6082,0.00690351736435855,NA,0.6082,NA,NA,NA,NA,NA,0,4e-04,0.332955999999994,"broad",NA,NA,36,26,10,27253,129,"nk_minority",0.731284637813515,"positive",0.14695989865344,0.23671525384672,0.0350981061042985,42391.0050940463,19.2407851826532,7.87955330162755,22.0837461375377,9.43596404738654e-05,0.00971388904990506,"ok"
73,"broad",0.2,"mlma_cr2",NA,NA,5000,5000,0,0,0,0.199102338160558,-0.000897661839441843,0.00795026457134244,0.0891642561307077,0.0876408672751555,0.982914803289347,0.0891598582053951,0.9478,0.5526,0.00703183105599104,NA,0.5526,16.5075238668975,16.5027018224746,0.0309137145348907,16.4367596587185,16.7326281774121,0,4e-04,0.358083999999971,"broad",NA,NA,36,26,10,27253,129,"nk_minority",0.731284637813515,"positive",0.14695989865344,0.23671525384672,0.0350981061042985,42391.0050940463,19.2407851826532,7.87955330162755,22.0837461375377,9.43596404738654e-05,0.00971388904990506,"ok"
74,"broad",0,"aggregate_hksj",NA,NA,5000,5000,0,0,0,0.000964677588208255,0.000964677588208255,0.00126348855983888,0.0355455842523213,0.0355694528505182,1.00067149263963,0.0355551186888203,0.949,0.051,0.00311123769583746,0.051,NA,22,22,0,22,22,0,0,0.0320720000000365,"broad",NA,NA,24,19,5,4419,161,"independent",0,"negative",0.105964556003455,0.0571625884140958,0.0549497176372679,4894.62560551166,18.7186782302202,4.90292940509065,6.09000530011293,0.000817222873082621,0.0285871102611408,"ok"
74,"broad",0,"che_rve",NA,NA,5000,5000,0,0,0,0.000912451070160576,0.000912451070160576,0.00125675358871021,0.0354507205668687,0.0344982491054168,0.97313252181559,0.0354589171429121,0.9592,0.0408,0.00279769047608916,0.0408,NA,6.29837059402236,6.29787805006254,0.00456419988873197,6.28622402455908,6.31361648508138,0.0024,0,0.341746000000015,"broad",NA,NA,24,19,5,4419,161,"independent",0,"negative",0.105964556003455,0.0571625884140958,0.0549497176372679,4894.62560551166,18.7186782302202,4.90292940509065,6.09000530011293,0.000817222873082621,0.0285871102611408,"ok"
74,"broad",0,"mlma",NA,NA,5000,5000,0,0,0,0.00090363927400585,0.00090363927400585,0.00125784711819074,0.0354661404467803,0.0353466861155158,0.996631876777128,0.0354741048189328,0.9366,0.0634,0.00344617004803884,0.0634,NA,NA,NA,NA,NA,NA,2e-04,0.0022,0.27964600000006,"broad",NA,NA,24,19,5,4419,161,"independent",0,"negative",0.105964556003455,0.0571625884140958,0.0549497176372679,4894.62560551166,18.7186782302202,4.90292940509065,6.09000530011293,0.000817222873082621,0.0285871102611408,"ok"
74,"broad",0,"mlma_cr2",NA,NA,5000,5000,0,0,0,0.00090363927400585,0.00090363927400585,0.00125784711819074,0.0354661404467803,0.0344919004883218,0.972530420672067,0.0354741048189328,0.9584,0.0416,0.00282380735886852,0.0416,NA,6.30250171003073,6.30259776972558,0.00367791763488891,6.25375577225269,6.31309779062579,2e-04,0.0022,0.300111999999981,"broad",NA,NA,24,19,5,4419,161,"independent",0,"negative",0.105964556003455,0.0571625884140958,0.0549497176372679,4894.62560551166,18.7186782302202,4.90292940509065,6.09000530011293,0.000817222873082621,0.0285871102611408,"ok"
74,"broad",0.05,"aggregate_hksj",NA,NA,5000,5000,0,0,0,0.0509646775882083,0.00096467758820825,0.00126348855983888,0.0355455842523213,0.0355694528505182,1.00067149263963,0.0355551186888203,0.949,0.2658,0.00624740522136991,NA,0.2658,22,22,0,22,22,0,0,0.0321740000000129,"broad",NA,NA,24,19,5,4419,161,"independent",0,"negative",0.105964556003455,0.0571625884140958,0.0549497176372679,4894.62560551166,18.7186782302202,4.90292940509065,6.09000530011293,0.000817222873082621,0.0285871102611408,"ok"
74,"broad",0.05,"che_rve",NA,NA,5000,5000,0,0,0,0.0509124510700176,0.000912451070017632,0.00125675358871304,0.0354507205669087,0.0344982491053519,0.973132521812665,0.0354589171429483,0.9592,0.2282,0.00593506124652476,NA,0.2282,6.29837059402333,6.29787805007576,0.00456419989089298,6.28622402457895,6.31361648508072,0.0024,0,0.34163399999999,"broad",NA,NA,24,19,5,4419,161,"independent",0,"negative",0.105964556003455,0.0571625884140958,0.0549497176372679,4894.62560551166,18.7186782302202,4.90292940509065,6.09000530011293,0.000817222873082621,0.0285871102611408,"ok"
74,"broad",0.05,"mlma",NA,NA,5000,5000,0,0,0,0.0509036392744553,0.000903639274455255,0.00125784711817707,0.0354661404465876,0.0353466861246823,0.996631877041,0.0354741048187516,0.9366,0.3052,0.00651234151438636,NA,0.3052,NA,NA,NA,NA,NA,2e-04,0.0022,0.279087999999924,"broad",NA,NA,24,19,5,4419,161,"independent",0,"negative",0.105964556003455,0.0571625884140958,0.0549497176372679,4894.62560551166,18.7186782302202,4.90292940509065,6.09000530011293,0.000817222873082621,0.0285871102611408,"ok"
74,"broad",0.05,"mlma_cr2",NA,NA,5000,5000,0,0,0,0.0509036392744553,0.000903639274455255,0.00125784711817707,0.0354661404465876,0.0344919004881083,0.972530420671332,0.0354741048187516,0.9584,0.229,0.0059423732632678,NA,0.229,6.3025017100231,6.30259776971795,0.00367791761383506,6.25375577203145,6.31309779063772,2e-04,0.0022,0.299450000000001,"broad",NA,NA,24,19,5,4419,161,"independent",0,"negative",0.105964556003455,0.0571625884140958,0.0549497176372679,4894.62560551166,18.7186782302202,4.90292940509065,6.09000530011293,0.000817222873082621,0.0285871102611408,"ok"
74,"broad",0.1,"aggregate_hksj",NA,NA,5000,5000,0,0,0,0.100964677588208,0.000964677588208257,0.00126348855983888,0.0355455842523213,0.0355694528505182,1.00067149263963,0.0355551186888203,0.949,0.7702,0.0059496547799011,NA,0.7702,22,22,0,22,22,0,0,0.0320200000000594,"broad",NA,NA,24,19,5,4419,161,"independent",0,"negative",0.105964556003455,0.0571625884140958,0.0549497176372679,4894.62560551166,18.7186782302202,4.90292940509065,6.09000530011293,0.000817222873082621,0.0285871102611408,"ok"
74,"broad",0.1,"che_rve",NA,NA,5000,5000,0,0,0,0.100912451070216,0.000912451070216286,0.00125675358870534,0.0354507205668001,0.0344982491053412,0.973132521815343,0.0354589171428449,0.9592,0.664,0.00667988023844739,NA,0.664,6.29837059402368,6.29787805003823,0.00456419989340028,6.28622402456675,6.3136164850813,0.0024,0,0.339571999999951,"broad",NA,NA,24,19,5,4419,161,"independent",0,"negative",0.105964556003455,0.0571625884140958,0.0549497176372679,4894.62560551166,18.7186782302202,4.90292940509065,6.09000530011293,0.000817222873082621,0.0285871102611408,"ok"
74,"broad",0.1,"mlma",NA,NA,5000,5000,0,0,0,0.100903639274835,0.000903639274834833,0.00125784711817995,0.0354661404466281,0.0353466861245342,0.996631877035688,0.0354741048188018,0.9366,0.8076,0.00557462536857859,NA,0.8076,NA,NA,NA,NA,NA,2e-04,0.0022,0.279250000000021,"broad",NA,NA,24,19,5,4419,161,"independent",0,"negative",0.105964556003455,0.0571625884140958,0.0549497176372679,4894.62560551166,18.7186782302202,4.90292940509065,6.09000530011293,0.000817222873082621,0.0285871102611408,"ok"
74,"broad",0.1,"mlma_cr2",NA,NA,5000,5000,0,0,0,0.100903639274835,0.000903639274834833,0.00125784711817995,0.0354661404466281,0.0344919004881264,0.972530420670731,0.0354741048188018,0.9584,0.6632,0.00668379772285188,NA,0.6632,6.30250171002109,6.30259776973769,0.00367791761330918,6.25375577222269,6.31309779062404,2e-04,0.0022,0.300011999999999,"broad",NA,NA,24,19,5,4419,161,"independent",0,"negative",0.105964556003455,0.0571625884140958,0.0549497176372679,4894.62560551166,18.7186782302202,4.90292940509065,6.09000530011293,0.000817222873082621,0.0285871102611408,"ok"
74,"broad",0.2,"aggregate_hksj",NA,NA,5000,5000,0,0,0,0.200964677588208,0.000964677588208257,0.00126348855983888,0.0355455842523213,0.0355694528505182,1.00067149263963,0.0355551186888203,0.949,0.9996,0.000282786138274123,NA,0.9996,22,22,0,22,22,0,0,0.0321720000000372,"broad",NA,NA,24,19,5,4419,161,"independent",0,"negative",0.105964556003455,0.0571625884140958,0.0549497176372679,4894.62560551166,18.7186782302202,4.90292940509065,6.09000530011293,0.000817222873082621,0.0285871102611408,"ok"
74,"broad",0.2,"che_rve",NA,NA,5000,5000,0,0,0,0.200912451070086,0.000912451070085835,0.00125675358870811,0.0354507205668391,0.0344982491053633,0.973132521814896,0.0354589171428805,0.9592,0.9966,0.000823218075603295,NA,0.9966,6.2983705940209,6.29787805003338,0.00456419989226454,6.28622402458281,6.3136164850808,0.0024,0,0.341521999999971,"broad",NA,NA,24,19,5,4419,161,"independent",0,"negative",0.105964556003455,0.0571625884140958,0.0549497176372679,4894.62560551166,18.7186782302202,4.90292940509065,6.09000530011293,0.000817222873082621,0.0285871102611408,"ok"
74,"broad",0.2,"mlma",NA,NA,5000,5000,0,0,0,0.200903639274799,0.000903639274799195,0.00125784711816992,0.0354661404464867,0.0353466861311837,0.996631877227149,0.0354741048186595,0.9366,0.9998,0.000199979998999889,NA,0.9998,NA,NA,NA,NA,NA,2e-04,0.0022,0.280571999999987,"broad",NA,NA,24,19,5,4419,161,"independent",0,"negative",0.105964556003455,0.0571625884140958,0.0549497176372679,4894.62560551166,18.7186782302202,4.90292940509065,6.09000530011293,0.000817222873082621,0.0285871102611408,"ok"
74,"broad",0.2,"mlma_cr2",NA,NA,5000,5000,0,0,0,0.200903639274799,0.000903639274799195,0.00125784711816992,0.0354661404464867,0.0344919004881185,0.972530420674384,0.0354741048186595,0.9584,0.9966,0.000823218075603295,NA,0.9966,6.30250171001816,6.30259776971586,0.00367791761438308,6.25375577194841,6.31309779063065,2e-04,0.0022,0.301250000000025,"broad",NA,NA,24,19,5,4419,161,"independent",0,"negative",0.105964556003455,0.0571625884140958,0.0549497176372679,4894.62560551166,18.7186782302202,4.90292940509065,6.09000530011293,0.000817222873082621,0.0285871102611408,"ok"
75,"broad",0,"aggregate_hksj",NA,NA,5000,5000,0,0,0,0.000944269405684724,0.000944269405684724,0.00319906969241741,0.056560319062196,0.0563177062725724,0.995710547718856,0.0565625452325957,0.9502,0.0498,0.00307636018697421,0.0498,NA,118,118,0,118,118,0,0,0.116468000000001,"broad",NA,NA,120,99,21,12570,341,"nk_majority",0.439426729340485,"positive",0.552497545813676,0.142118609268218,0.0394588745055953,3530.68862600066,24.2802815196326,5.73365796074959,5.19796497855446,0.0011329234672645,0.0336589284925189,"ok"
75,"broad",0,"che_rve",NA,NA,5000,5000,0,0,0,0.000946187429169175,0.000946187429169175,0.00319754421346217,0.0565468320373668,0.05604376346191,0.991103505584109,0.0565490934964531,0.953,0.047,0.00299302522541993,0.047,NA,19.9801240577914,20.0861790007761,1.40385704481798,12.6650740349844,24.0815259318866,0,0,0.675668000000007,"broad",NA,NA,120,99,21,12570,341,"nk_majority",0.439426729340485,"positive",0.552497545813676,0.142118609268218,0.0394588745055953,3530.68862600066,24.2802815196326,5.73365796074959,5.19796497855446,0.0011329234672645,0.0336589284925189,"ok"
75,"broad",0,"mlma",NA,NA,5000,5000,0,0,0,0.000835143788756399,0.000835143788756399,0.00320911120631565,0.0566490176994769,0.0564584707943168,0.996636359942357,0.0566495088171317,0.9484,0.0516,0.00312849612433834,0.0516,NA,NA,NA,NA,NA,NA,0,0.0106,0.392611999999995,"broad",NA,NA,120,99,21,12570,341,"nk_majority",0.439426729340485,"positive",0.552497545813676,0.142118609268218,0.0394588745055953,3530.68862600066,24.2802815196326,5.73365796074959,5.19796497855446,0.0011329234672645,0.0336589284925189,"ok"
75,"broad",0,"mlma_cr2",NA,NA,5000,5000,0,0,0,0.000835143788756399,0.000835143788756399,0.00320911120631565,0.0566490176994769,0.0561084089379594,0.990456873155587,0.0566495088171317,0.951,0.049,0.00305283474822991,0.049,NA,19.6086299914719,19.6841876175677,1.36204522976726,13.6484461047515,23.7191689691751,0,0.0106,0.466488000000015,"broad",NA,NA,120,99,21,12570,341,"nk_majority",0.439426729340485,"positive",0.552497545813676,0.142118609268218,0.0394588745055953,3530.68862600066,24.2802815196326,5.73365796074959,5.19796497855446,0.0011329234672645,0.0336589284925189,"ok"
75,"broad",0.05,"aggregate_hksj",NA,NA,5000,5000,0,0,0,0.0509442694056847,0.000944269405684726,0.00319906969241741,0.056560319062196,0.0563177062725724,0.995710547718856,0.0565625452325957,0.9502,0.1444,0.00497088804943342,NA,0.1444,118,118,0,118,118,0,0,0.116410000000025,"broad",NA,NA,120,99,21,12570,341,"nk_majority",0.439426729340485,"positive",0.552497545813676,0.142118609268218,0.0394588745055953,3530.68862600066,24.2802815196326,5.73365796074959,5.19796497855446,0.0011329234672645,0.0336589284925189,"ok"
75,"broad",0.05,"che_rve",NA,NA,5000,5000,0,0,0,0.0509461874443335,0.000946187444333481,0.00319754421305846,0.0565468320337971,0.0560437634636688,0.99110350567778,0.056549093493138,0.953,0.1318,0.00478390551746165,NA,0.1318,19.9801240610442,20.0861789941071,1.40385704118948,12.665074062559,24.0815259322931,0,0,0.673691999999958,"broad",NA,NA,120,99,21,12570,341,"nk_majority",0.439426729340485,"positive",0.552497545813676,0.142118609268218,0.0394588745055953,3530.68862600066,24.2802815196326,5.73365796074959,5.19796497855446,0.0011329234672645,0.0336589284925189,"ok"
75,"broad",0.05,"mlma",NA,NA,5000,5000,0,0,0,0.0508351437788149,0.000835143778814905,0.00320911120502962,0.0566490176881261,0.0564584707880885,0.996636360032109,0.0566495088056367,0.9484,0.1496,0.00504420142341679,NA,0.1496,NA,NA,NA,NA,NA,0,0.0106,0.392201999999961,"broad",NA,NA,120,99,21,12570,341,"nk_majority",0.439426729340485,"positive",0.552497545813676,0.142118609268218,0.0394588745055953,3530.68862600066,24.2802815196326,5.73365796074959,5.19796497855446,0.0011329234672645,0.0336589284925189,"ok"
75,"broad",0.05,"mlma_cr2",NA,NA,5000,5000,0,0,0,0.0508351437788149,0.000835143778814905,0.00320911120502962,0.0566490176881261,0.0561084089381823,0.990456873357982,0.0566495088056367,0.951,0.1308,0.00476846642013971,NA,0.1308,19.6086299868326,19.6841876197322,1.36204523622102,13.6484461031881,23.7191689708046,0,0.0106,0.46574199999999,"broad",NA,NA,120,99,21,12570,341,"nk_majority",0.439426729340485,"positive",0.552497545813676,0.142118609268218,0.0394588745055953,3530.68862600066,24.2802815196326,5.73365796074959,5.19796497855446,0.0011329234672645,0.0336589284925189,"ok"
75,"broad",0.1,"aggregate_hksj",NA,NA,5000,5000,0,0,0,0.100944269405685,0.00094426940568472,0.00319906969241741,0.056560319062196,0.0563177062725724,0.995710547718856,0.0565625452325957,0.9502,0.425,0.00699106572705478,NA,0.425,118,118,0,118,118,0,0,0.116087999999971,"broad",NA,NA,120,99,21,12570,341,"nk_majority",0.439426729340485,"positive",0.552497545813676,0.142118609268218,0.0394588745055953,3530.68862600066,24.2802815196326,5.73365796074959,5.19796497855446,0.0011329234672645,0.0336589284925189,"ok"
75,"broad",0.1,"che_rve",NA,NA,5000,5000,0,0,0,0.100946187470588,0.000946187470587792,0.00319754421424033,0.0565468320442475,0.0560437634558935,0.991103505357111,0.0565490935040252,0.953,0.3882,0.00689203540327529,NA,0.3882,19.9801240116642,20.0861789909473,1.40385702555564,12.6650741080298,24.0815259306841,0,0,0.675708000000025,"broad",NA,NA,120,99,21,12570,341,"nk_majority",0.439426729340485,"positive",0.552497545813676,0.142118609268218,0.0394588745055953,3530.68862600066,24.2802815196326,5.73365796074959,5.19796497855446,0.0011329234672645,0.0336589284925189,"ok"
75,"broad",0.1,"mlma",NA,NA,5000,5000,0,0,0,0.100835143779685,0.000835143779684827,0.00320911120495928,0.0566490176875052,0.0564584707917659,0.996636360107947,0.0566495088050288,0.9484,0.4308,0.00700301877764154,NA,0.4308,NA,NA,NA,NA,NA,0,0.0106,0.390392000000084,"broad",NA,NA,120,99,21,12570,341,"nk_majority",0.439426729340485,"positive",0.552497545813676,0.142118609268218,0.0394588745055953,3530.68862600066,24.2802815196326,5.73365796074959,5.19796497855446,0.0011329234672645,0.0336589284925189,"ok"
75,"broad",0.1,"mlma_cr2",NA,NA,5000,5000,0,0,0,0.100835143779685,0.000835143779684827,0.00320911120495928,0.0566490176875052,0.0561084089391021,0.990456873385074,0.0566495088050288,0.951,0.3888,0.00689397650126543,NA,0.3888,19.6086299886618,19.6841876146651,1.36204523484617,13.6484461045164,23.7191689580359,0,0.0106,0.463919999999979,"broad",NA,NA,120,99,21,12570,341,"nk_majority",0.439426729340485,"positive",0.552497545813676,0.142118609268218,0.0394588745055953,3530.68862600066,24.2802815196326,5.73365796074959,5.19796497855446,0.0011329234672645,0.0336589284925189,"ok"
75,"broad",0.2,"aggregate_hksj",NA,NA,5000,5000,0,0,0,0.200944269405685,0.000944269405684733,0.00319906969241741,0.056560319062196,0.0563177062725724,0.995710547718856,0.0565625452325957,0.9502,0.9402,0.00335332551357604,NA,0.9402,118,118,0,118,118,0,0,0.116308000000118,"broad",NA,NA,120,99,21,12570,341,"nk_majority",0.439426729340485,"positive",0.552497545813676,0.142118609268218,0.0394588745055953,3530.68862600066,24.2802815196326,5.73365796074959,5.19796497855446,0.0011329234672645,0.0336589284925189,"ok"
75,"broad",0.2,"che_rve",NA,NA,5000,5000,0,0,0,0.200946187442311,0.00094618744231123,0.00319754421296329,0.0565468320329555,0.0560437634628222,0.991103505677556,0.0565490934922628,0.953,0.9214,0.00380583867235594,NA,0.9214,19.9801240606451,20.0861790095094,1.40385704085317,12.6650740071865,24.0815259344004,0,0,0.674566000000024,"broad",NA,NA,120,99,21,12570,341,"nk_majority",0.439426729340485,"positive",0.552497545813676,0.142118609268218,0.0394588745055953,3530.68862600066,24.2802815196326,5.73365796074959,5.19796497855446,0.0011329234672645,0.0336589284925189,"ok"
75,"broad",0.2,"mlma",NA,NA,5000,5000,0,0,0,0.200835143783363,0.000835143783363357,0.00320911120488845,0.0566490176868801,0.0564584707958787,0.996636360191547,0.056649508804458,0.9484,0.9412,0.00332693733033852,NA,0.9412,NA,NA,NA,NA,NA,0,0.0106,0.390487999999915,"broad",NA,NA,120,99,21,12570,341,"nk_majority",0.439426729340485,"positive",0.552497545813676,0.142118609268218,0.0394588745055953,3530.68862600066,24.2802815196326,5.73365796074959,5.19796497855446,0.0011329234672645,0.0336589284925189,"ok"
75,"broad",0.2,"mlma_cr2",NA,NA,5000,5000,0,0,0,0.200835143783363,0.000835143783363357,0.00320911120488845,0.0566490176868801,0.0561084089386694,0.990456873388365,0.056649508804458,0.951,0.9184,0.0038714710382489,NA,0.9184,19.6086299903889,19.6841876187327,1.36204523497002,13.6484461039268,23.7191689739307,0,0.0106,0.463911999999847,"broad",NA,NA,120,99,21,12570,341,"nk_majority",0.439426729340485,"positive",0.552497545813676,0.142118609268218,0.0394588745055953,3530.68862600066,24.2802815196326,5.73365796074959,5.19796497855446,0.0011329234672645,0.0336589284925189,"ok"
76,"broad",0,"aggregate_hksj",NA,NA,5000,5000,0,0,0,8.44418925469624e-05,8.44418925469624e-05,0.00257813671979607,0.0507753554374174,0.0502319740867592,0.989298325024471,0.0507703478704384,0.9498,0.0502,0.00308804015517933,0.0502,NA,22,22,0,22,22,0,0,0.0318359999998094,"broad",NA,NA,24,14,10,8115,80,"independent",0,"positive",0.76235441515455,0.0313441957726609,0.192073641190422,11503.3331462026,12.6081532265842,7.62381259981624,13.719292093334,0.000347725302671988,0.0186473939914399,"ok"
76,"broad",0,"che_rve",NA,NA,5000,4999,1,0,2e-04,0.000143498623711816,0.000143498623711816,0.00254231059028116,0.0504213307071636,0.0497649108307416,0.986981305982693,0.0504164915310986,0.952590518103621,0.0474094818963793,0.00300568984075586,0.0474094818963793,NA,18.4183455248981,18.3463564409148,0.281697516567416,17.6751812658887,19.2066558894672,0.454890978195639,0,0.642706541308229,"broad",NA,NA,24,14,10,8115,80,"independent",0,"positive",0.76235441515455,0.0313441957726609,0.192073641190422,11503.3331462026,12.6081532265842,7.62381259981624,13.719292093334,0.000347725302671988,0.0186473939914399,"ok"
76,"broad",0,"mlma",NA,NA,5000,4989,11,0,0.0022,0.000171029606997041,0.000171029606997041,0.00255621251412655,0.0505590003276029,0.0507538208839001,1.00385333086166,0.0505542223314416,0.943275205451994,0.0567247945480056,0.00327490663621812,0.0567247945480056,NA,NA,NA,NA,NA,NA,0.264381639607136,0,0.491657646822991,"broad",NA,NA,24,14,10,8115,80,"independent",0,"positive",0.76235441515455,0.0313441957726609,0.192073641190422,11503.3331462026,12.6081532265842,7.62381259981624,13.719292093334,0.000347725302671988,0.0186473939914399,"ok"
76,"broad",0,"mlma_cr2",NA,NA,5000,4989,11,0,0.0022,0.000171029606997041,0.000171029606997041,0.00255621251412655,0.0505590003276029,0.049883122476584,0.98663189844262,0.0505542223314416,0.952295049108038,0.0477049508919623,0.00301759351567576,0.0477049508919623,NA,18.8861428333704,18.8948200840616,0.236669098814306,18.3309161854817,19.3897761122173,0.264381639607136,0,0.510324714371777,"broad",NA,NA,24,14,10,8115,80,"independent",0,"positive",0.76235441515455,0.0313441957726609,0.192073641190422,11503.3331462026,12.6081532265842,7.62381259981624,13.719292093334,0.000347725302671988,0.0186473939914399,"ok"
76,"broad",0.05,"aggregate_hksj",NA,NA,5000,5000,0,0,0,0.050084441892547,8.44418925469645e-05,0.00257813671979607,0.0507753554374174,0.0502319740867592,0.989298325024471,0.0507703478704384,0.9498,0.1554,0.00512349177807479,NA,0.1554,22,22,0,22,22,0,0,0.0320960000000341,"broad",NA,NA,24,14,10,8115,80,"independent",0,"positive",0.76235441515455,0.0313441957726609,0.192073641190422,11503.3331462026,12.6081532265842,7.62381259981624,13.719292093334,0.000347725302671988,0.0186473939914399,"ok"
76,"broad",0.05,"che_rve",NA,NA,5000,4997,3,0,6e-04,0.0501906698836969,0.000190669883696898,0.00254398634706413,0.0504379455079619,0.0497590507010546,0.986539998803081,0.0504332588609702,0.952371422853712,0.156894136481889,0.0051450516243891,NA,0.156894136481889,18.4183721808201,18.3460558025113,0.281755192765233,17.6751812658805,19.2066558897681,0.454672803682209,0,0.641821092655659,"broad",NA,NA,24,14,10,8115,80,"independent",0,"positive",0.76235441515455,0.0313441957726609,0.192073641190422,11503.3331462026,12.6081532265842,7.62381259981624,13.719292093334,0.000347725302671988,0.0186473939914399,"ok"
76,"broad",0.05,"mlma",NA,NA,5000,4998,2,0,4e-04,0.0501758314544229,0.000175831454422869,0.00255269158889957,0.0505241683642548,0.0507485795083348,1.00444165933543,0.0505194196619983,0.943377350940376,0.172468987595038,0.00534379169003122,NA,0.172468987595038,NA,NA,NA,NA,NA,0.265706282513005,0,0.491492597038762,"broad",NA,NA,24,14,10,8115,80,"independent",0,"positive",0.76235441515455,0.0313441957726609,0.192073641190422,11503.3331462026,12.6081532265842,7.62381259981624,13.719292093334,0.000347725302671988,0.0186473939914399,"ok"
76,"broad",0.05,"mlma_cr2",NA,NA,5000,4998,2,0,4e-04,0.0501758314544229,0.000175831454422869,0.00255269158889957,0.0505241683642548,0.0498708573088432,0.987069335793881,0.0505194196619983,0.952380952380952,0.158263305322129,0.00516273840604658,NA,0.158263305322129,18.8857287324133,18.8940809775591,0.236666514224358,18.3309161854475,19.3897761122248,0.265706282513005,0,0.510240096038373,"broad",NA,NA,24,14,10,8115,80,"independent",0,"positive",0.76235441515455,0.0313441957726609,0.192073641190422,11503.3331462026,12.6081532265842,7.62381259981624,13.719292093334,0.000347725302671988,0.0186473939914399,"ok"
76,"broad",0.1,"aggregate_hksj",NA,NA,5000,5000,0,0,0,0.100084441892547,8.44418925469576e-05,0.00257813671979607,0.0507753554374174,0.0502319740867592,0.989298325024471,0.0507703478704384,0.9498,0.475,0.00706222344591277,NA,0.475,22,22,0,22,22,0,0,0.0321920000000071,"broad",NA,NA,24,14,10,8115,80,"independent",0,"positive",0.76235441515455,0.0313441957726609,0.192073641190422,11503.3331462026,12.6081532265842,7.62381259981624,13.719292093334,0.000347725302671988,0.0186473939914399,"ok"
76,"broad",0.1,"che_rve",NA,NA,5000,4999,1,0,2e-04,0.100180709289126,0.000180709289126252,0.00254337778600041,0.0504319123769901,0.0497651746282608,0.986779447431116,0.0504271917177124,0.952390478095619,0.474094818963793,0.00706227721567133,NA,0.474094818963793,18.4183981862763,18.3464737902328,0.281686676236101,17.6751812658751,19.2066558895178,0.454890978195639,0,0.64189237847563,"broad",NA,NA,24,14,10,8115,80,"independent",0,"positive",0.76235441515455,0.0313441957726609,0.192073641190422,11503.3331462026,12.6081532265842,7.62381259981624,13.719292093334,0.000347725302671988,0.0186473939914399,"ok"
76,"broad",0.1,"mlma",NA,NA,5000,4992,8,0,0.0016,0.100180307862499,0.000180307862498716,0.00255397790410238,0.050536896462905,0.0507521973640191,1.004260271528,0.0505321561074151,0.943309294871795,0.508814102564103,0.00707563181802138,NA,0.508814102564103,NA,NA,NA,NA,NA,0.264823717948718,0,0.490186298076966,"broad",NA,NA,24,14,10,8115,80,"independent",0,"positive",0.76235441515455,0.0313441957726609,0.192073641190422,11503.3331462026,12.6081532265842,7.62381259981624,13.719292093334,0.000347725302671988,0.0186473939914399,"ok"
76,"broad",0.1,"mlma_cr2",NA,NA,5000,4992,8,0,0.0016,0.100180307862499,0.000180307862498716,0.00255397790410238,0.050536896462905,0.0498799073770754,0.986999813367808,0.0505321561074151,0.952524038461538,0.472155448717949,0.00706574949302743,NA,0.472155448717949,18.8860055846825,18.8945886314473,0.236668601709117,18.3309161854973,19.3897761122611,0.264823717948718,0,0.50901241987191,"broad",NA,NA,24,14,10,8115,80,"independent",0,"positive",0.76235441515455,0.0313441957726609,0.192073641190422,11503.3331462026,12.6081532265842,7.62381259981624,13.719292093334,0.000347725302671988,0.0186473939914399,"ok"
76,"broad",0.2,"aggregate_hksj",NA,NA,5000,5000,0,0,0,0.200084441892547,8.44418925469714e-05,0.00257813671979607,0.0507753554374174,0.0502319740867592,0.989298325024471,0.0507703478704384,0.9498,0.9622,0.0026970784193271,NA,0.9622,22,22,0,22,22,0,0,0.0319340000000084,"broad",NA,NA,24,14,10,8115,80,"independent",0,"positive",0.76235441515455,0.0313441957726609,0.192073641190422,11503.3331462026,12.6081532265842,7.62381259981624,13.719292093334,0.000347725302671988,0.0186473939914399,"ok"
76,"broad",0.2,"che_rve",NA,NA,5000,4997,3,0,6e-04,0.200159982322136,0.000159982322136099,0.0025452531223349,0.0504505017054826,0.0497635034671522,0.986382727324679,0.0504457070565979,0.952371422853712,0.96217730638383,0.00269866581314917,NA,0.96217730638383,18.418377935491,18.3463564417433,0.281751609490816,17.6751812657575,19.206655889865,0.454672803682209,0,0.641492895737389,"broad",NA,NA,24,14,10,8115,80,"independent",0,"positive",0.76235441515455,0.0313441957726609,0.192073641190422,11503.3331462026,12.6081532265842,7.62381259981624,13.719292093334,0.000347725302671988,0.0186473939914399,"ok"
76,"broad",0.2,"mlma",NA,NA,5000,4998,2,0,4e-04,0.20014903015913,0.000149030159130092,0.00255387173941416,0.0505358460838854,0.0507496833777447,1.00423139831288,0.0505310099905306,0.943377350940376,0.970388155262105,0.00239776904567169,NA,0.970388155262105,NA,NA,NA,NA,NA,0.265706282513005,0,0.492611044417754,"broad",NA,NA,24,14,10,8115,80,"independent",0,"positive",0.76235441515455,0.0313441957726609,0.192073641190422,11503.3331462026,12.6081532265842,7.62381259981624,13.719292093334,0.000347725302671988,0.0186473939914399,"ok"
76,"broad",0.2,"mlma_cr2",NA,NA,5000,4998,2,0,4e-04,0.20014903015913,0.000149030159130092,0.00255387173941416,0.0505358460838854,0.049873489167826,0.986893324889427,0.0505310099905306,0.952380952380952,0.962384953981593,0.00269126885269813,NA,0.962384953981593,18.8857513264102,18.8940809769679,0.236639063684363,18.3309161853161,19.3897761250813,0.265706282513005,0,0.511440576230555,"broad",NA,NA,24,14,10,8115,80,"independent",0,"positive",0.76235441515455,0.0313441957726609,0.192073641190422,11503.3331462026,12.6081532265842,7.62381259981624,13.719292093334,0.000347725302671988,0.0186473939914399,"ok"
77,"broad",0,"aggregate_hksj",NA,NA,5000,5000,0,0,0,0.001495195202431,0.001495195202431,0.00226351894439514,0.0475764536761111,0.0477249627573226,1.0031214827869,0.047595187249339,0.9508,0.0492,0.00305873699425106,0.0492,NA,70,70,0,70,70,0,0,0.0694219999999856,"broad",NA,NA,72,43,29,47017,505,"n_minority",0.750535186187044,"positive",0.498734739669599,0.176490553306649,0.171848928212712,76056.4385667838,37.771450561126,26.2474505606859,61.9948029568383,5.25925230707151e-05,0.00725207026101616,"ok"
77,"broad",0,"che_rve",NA,NA,5000,5000,0,0,0,0.00153662667003505,0.00153662667003505,0.00224218202279569,0.0473516844768557,0.0467985351920191,0.988318276510165,0.0473718778170572,0.9466,0.0534,0.00317957355631223,0.0534,NA,63.4193012766631,63.4013250310779,0.427496453983921,62.1902954505457,64.8561064573194,0,0,0.824920000000077,"broad",NA,NA,72,43,29,47017,505,"n_minority",0.750535186187044,"positive",0.498734739669599,0.176490553306649,0.171848928212712,76056.4385667838,37.771450561126,26.2474505606859,61.9948029568383,5.25925230707151e-05,0.00725207026101616,"ok"
77,"broad",0,"mlma",NA,NA,5000,5000,0,0,0,0.00153675289662545,0.00153675289662545,0.00224252918507935,0.0473553501209668,0.0468070840929519,0.988422300191755,0.0473755452602672,0.942,0.058,0.00330563155841664,0.058,NA,NA,NA,NA,NA,NA,0,0,0.510819999999978,"broad",NA,NA,72,43,29,47017,505,"n_minority",0.750535186187044,"positive",0.498734739669599,0.176490553306649,0.171848928212712,76056.4385667838,37.771450561126,26.2474505606859,61.9948029568383,5.25925230707151e-05,0.00725207026101616,"ok"
77,"broad",0,"mlma_cr2",NA,NA,5000,5000,0,0,0,0.00153675289662545,0.00153675289662545,0.00224252918507935,0.0473553501209668,0.0467988953147574,0.988249378269025,0.0473755452602672,0.9468,0.0532,0.00317394895989208,0.0532,NA,63.3055933615059,63.2876591612529,0.421710094373981,62.1012970898321,64.7616961844303,0,0,0.56507399999995,"broad",NA,NA,72,43,29,47017,505,"n_minority",0.750535186187044,"positive",0.498734739669599,0.176490553306649,0.171848928212712,76056.4385667838,37.771450561126,26.2474505606859,61.9948029568383,5.25925230707151e-05,0.00725207026101616,"ok"
77,"broad",0.05,"aggregate_hksj",NA,NA,5000,5000,0,0,0,0.051495195202431,0.001495195202431,0.00226351894439514,0.0475764536761111,0.0477249627573226,1.0031214827869,0.047595187249339,0.9508,0.1832,0.00547060801008444,NA,0.1832,70,70,0,70,70,0,0,0.0691879999999364,"broad",NA,NA,72,43,29,47017,505,"n_minority",0.750535186187044,"positive",0.498734739669599,0.176490553306649,0.171848928212712,76056.4385667838,37.771450561126,26.2474505606859,61.9948029568383,5.25925230707151e-05,0.00725207026101616,"ok"
77,"broad",0.05,"che_rve",NA,NA,5000,5000,0,0,0,0.0515366266691095,0.00153662666910954,0.00224218202270497,0.0473516844758977,0.0467985351918311,0.988318276526189,0.0473718778160698,0.9466,0.1928,0.00557903504201219,NA,0.1928,63.4193012762914,63.4013249983261,0.427496452951415,62.1902954498229,64.8561064550094,0,0,0.822080000000083,"broad",NA,NA,72,43,29,47017,505,"n_minority",0.750535186187044,"positive",0.498734739669599,0.176490553306649,0.171848928212712,76056.4385667838,37.771450561126,26.2474505606859,61.9948029568383,5.25925230707151e-05,0.00725207026101616,"ok"
77,"broad",0.05,"mlma",NA,NA,5000,5000,0,0,0,0.0515367528971409,0.00153675289714087,0.00224252918516692,0.0473553501218914,0.0468070840970987,0.988422300260023,0.0473755452612079,0.942,0.2024,0.00568215170512016,NA,0.2024,NA,NA,NA,NA,NA,0,0,0.505974000000072,"broad",NA,NA,72,43,29,47017,505,"n_minority",0.750535186187044,"positive",0.498734739669599,0.176490553306649,0.171848928212712,76056.4385667838,37.771450561126,26.2474505606859,61.9948029568383,5.25925230707151e-05,0.00725207026101616,"ok"
77,"broad",0.05,"mlma_cr2",NA,NA,5000,5000,0,0,0,0.0515367528971409,0.00153675289714087,0.00224252918516692,0.0473553501218914,0.0467988953146991,0.988249378248497,0.0473755452612079,0.9468,0.1926,0.00557683135839699,NA,0.1926,63.305593361046,63.2876592104096,0.42171009454788,62.1012970954154,64.7616961875664,0,0,0.559862000000125,"broad",NA,NA,72,43,29,47017,505,"n_minority",0.750535186187044,"positive",0.498734739669599,0.176490553306649,0.171848928212712,76056.4385667838,37.771450561126,26.2474505606859,61.9948029568383,5.25925230707151e-05,0.00725207026101616,"ok"
77,"broad",0.1,"aggregate_hksj",NA,NA,5000,5000,0,0,0,0.101495195202431,0.00149519520243099,0.00226351894439514,0.0475764536761111,0.0477249627573226,1.0031214827869,0.047595187249339,0.9508,0.554,0.00702970838655488,NA,0.554,70,70,0,70,70,0,0,0.0696979999999079,"broad",NA,NA,72,43,29,47017,505,"n_minority",0.750535186187044,"positive",0.498734739669599,0.176490553306649,0.171848928212712,76056.4385667838,37.771450561126,26.2474505606859,61.9948029568383,5.25925230707151e-05,0.00725207026101616,"ok"
77,"broad",0.1,"che_rve",NA,NA,5000,5000,0,0,0,0.101536626670277,0.00153662667027707,0.00224218202273117,0.0473516844761743,0.0467985351919901,0.988318276523773,0.0473718778163841,0.9466,0.5684,0.00700459049481124,NA,0.5684,63.4193012763853,63.4013250159825,0.427496453516692,62.1902954547215,64.8561064617339,0,0,0.823940000000031,"broad",NA,NA,72,43,29,47017,505,"n_minority",0.750535186187044,"positive",0.498734739669599,0.176490553306649,0.171848928212712,76056.4385667838,37.771450561126,26.2474505606859,61.9948029568383,5.25925230707151e-05,0.00725207026101616,"ok"
77,"broad",0.1,"mlma",NA,NA,5000,5000,0,0,0,0.101536752896051,0.00153675289605076,0.00224252918498513,0.0473553501199719,0.0468070840961438,0.988422300279923,0.0473755452592543,0.942,0.5846,0.00696911529535852,NA,0.5846,NA,NA,NA,NA,NA,0,0,0.505897999999992,"broad",NA,NA,72,43,29,47017,505,"n_minority",0.750535186187044,"positive",0.498734739669599,0.176490553306649,0.171848928212712,76056.4385667838,37.771450561126,26.2474505606859,61.9948029568383,5.25925230707151e-05,0.00725207026101616,"ok"
77,"broad",0.1,"mlma_cr2",NA,NA,5000,5000,0,0,0,0.101536752896051,0.00153675289605076,0.00224252918498513,0.0473553501199719,0.0467988953147343,0.988249378289297,0.0473755452592543,0.9468,0.5682,0.00700498051389153,NA,0.5682,63.3055933614629,63.2876591871654,0.421710094889688,62.1012970990421,64.7616961774821,0,0,0.560031999999928,"broad",NA,NA,72,43,29,47017,505,"n_minority",0.750535186187044,"positive",0.498734739669599,0.176490553306649,0.171848928212712,76056.4385667838,37.771450561126,26.2474505606859,61.9948029568383,5.25925230707151e-05,0.00725207026101616,"ok"
77,"broad",0.2,"aggregate_hksj",NA,NA,5000,5000,0,0,0,0.201495195202431,0.00149519520243099,0.00226351894439514,0.0475764536761111,0.0477249627573226,1.0031214827869,0.047595187249339,0.9508,0.9848,0.00173025778426222,NA,0.9848,70,70,0,70,70,0,0,0.0689479999999836,"broad",NA,NA,72,43,29,47017,505,"n_minority",0.750535186187044,"positive",0.498734739669599,0.176490553306649,0.171848928212712,76056.4385667838,37.771450561126,26.2474505606859,61.9948029568383,5.25925230707151e-05,0.00725207026101616,"ok"
77,"broad",0.2,"che_rve",NA,NA,5000,5000,0,0,0,0.201536626670506,0.00153662667050625,0.00224218202278034,0.0473516844766935,0.0467985351920173,0.988318276513511,0.0473718778169104,0.9466,0.987,0.0016019363283227,NA,0.987,63.4193012764665,63.4013250202667,0.427496453428865,62.1902954495192,64.8561064563127,0,0,0.82286199999993,"broad",NA,NA,72,43,29,47017,505,"n_minority",0.750535186187044,"positive",0.498734739669599,0.176490553306649,0.171848928212712,76056.4385667838,37.771450561126,26.2474505606859,61.9948029568383,5.25925230707151e-05,0.00725207026101616,"ok"
77,"broad",0.2,"mlma",NA,NA,5000,5000,0,0,0,0.201536752897439,0.00153675289743857,0.00224252918507459,0.0473553501209166,0.0468070840928355,0.988422300190345,0.0473755452602433,0.942,0.989,0.00147505932084103,NA,0.989,NA,NA,NA,NA,NA,0,0,0.506057999999964,"broad",NA,NA,72,43,29,47017,505,"n_minority",0.750535186187044,"positive",0.498734739669599,0.176490553306649,0.171848928212712,76056.4385667838,37.771450561126,26.2474505606859,61.9948029568383,5.25925230707151e-05,0.00725207026101616,"ok"
77,"broad",0.2,"mlma_cr2",NA,NA,5000,5000,0,0,0,0.201536752897439,0.00153675289743857,0.00224252918507459,0.0473553501209166,0.0467988953145812,0.988249378266352,0.0473755452602433,0.9468,0.987,0.0016019363283227,NA,0.987,63.3055933615969,63.2876591972895,0.421710095185499,62.1012970908674,64.761696177422,0,0,0.560022000000087,"broad",NA,NA,72,43,29,47017,505,"n_minority",0.750535186187044,"positive",0.498734739669599,0.176490553306649,0.171848928212712,76056.4385667838,37.771450561126,26.2474505606859,61.9948029568383,5.25925230707151e-05,0.00725207026101616,"ok"
78,"broad",0,"aggregate_hksj",NA,NA,5000,5000,0,0,0,-0.00032623133054147,-0.00032623133054147,0.00168538778394991,0.0410534746878983,0.040182661841503,0.978788327833016,0.0410506654425253,0.945,0.055,0.0032241277890307,0.055,NA,70,70,0,70,70,0,0,0.0688580000000715,"broad",NA,NA,72,59,13,48381,120,"nk_majority",0.982951246714801,"negative",0.68471891913563,0.0804864643044421,0.10321317812975,18407.4995292664,37.7616290539837,8.96587146749691,9.70059959425048,0.000217302735422611,0.0147411917911209,"ok"
78,"broad",0,"che_rve",NA,NA,5000,5000,0,0,0,-0.000283833744931136,-0.000283833744931136,0.00166047577848024,0.04074893591838,0.0401541791310112,0.985404360286606,0.0407458494195336,0.9538,0.0462,0.00296868859936505,0.0462,NA,16.5085638355932,16.5363541218466,0.211609846560253,15.758187170126,17.0012088648052,0.0148,0,0.408121999999962,"broad",NA,NA,72,59,13,48381,120,"nk_majority",0.982951246714801,"negative",0.68471891913563,0.0804864643044421,0.10321317812975,18407.4995292664,37.7616290539837,8.96587146749691,9.70059959425048,0.000217302735422611,0.0147411917911209,"ok"
78,"broad",0,"mlma",NA,NA,5000,5000,0,0,0,-0.00032478043799548,-0.00032478043799548,0.00166501859051768,0.0408046393259109,0.0398876697374448,0.977527810474141,0.0408018512954067,0.942,0.058,0.00330563155841664,0.058,NA,NA,NA,NA,NA,NA,0.0012,0,0.281043999999866,"broad",NA,NA,72,59,13,48381,120,"nk_majority",0.982951246714801,"negative",0.68471891913563,0.0804864643044421,0.10321317812975,18407.4995292664,37.7616290539837,8.96587146749691,9.70059959425048,0.000217302735422611,0.0147411917911209,"ok"
78,"broad",0,"mlma_cr2",NA,NA,5000,5000,0,0,0,-0.00032478043799548,-0.00032478043799548,0.00166501859051768,0.0408046393259109,0.0401806416661322,0.984707678585397,0.0408018512954067,0.9538,0.0462,0.00296868859936505,0.0462,NA,16.8424902491195,16.8736887856872,0.19556624973687,15.865781061738,17.2242000968488,0.0012,0,0.324145999999961,"broad",NA,NA,72,59,13,48381,120,"nk_majority",0.982951246714801,"negative",0.68471891913563,0.0804864643044421,0.10321317812975,18407.4995292664,37.7616290539837,8.96587146749691,9.70059959425048,0.000217302735422611,0.0147411917911209,"ok"
78,"broad",0.05,"aggregate_hksj",NA,NA,5000,5000,0,0,0,0.0496737686694585,-0.000326231330541472,0.00168538778394991,0.0410534746878983,0.040182661841503,0.978788327833016,0.0410506654425253,0.945,0.234,0.00598738674214385,NA,0.234,70,70,0,70,70,0,0,0.0685560000000114,"broad",NA,NA,72,59,13,48381,120,"nk_majority",0.982951246714801,"negative",0.68471891913563,0.0804864643044421,0.10321317812975,18407.4995292664,37.7616290539837,8.96587146749691,9.70059959425048,0.000217302735422611,0.0147411917911209,"ok"
78,"broad",0.05,"che_rve",NA,NA,5000,5000,0,0,0,0.0497161662559176,-0.000283833744082397,0.00166047577850089,0.0407489359186334,0.040154179131023,0.98540436028077,0.040745849419781,0.9538,0.209,0.00575011304236708,NA,0.209,16.5085638356629,16.5363541218424,0.211609846389756,15.7581871700897,17.0012088650403,0.0148,0,0.407733999999918,"broad",NA,NA,72,59,13,48381,120,"nk_majority",0.982951246714801,"negative",0.68471891913563,0.0804864643044421,0.10321317812975,18407.4995292664,37.7616290539837,8.96587146749691,9.70059959425048,0.000217302735422611,0.0147411917911209,"ok"
78,"broad",0.05,"mlma",NA,NA,5000,5000,0,0,0,0.0496752195608424,-0.000324780439157631,0.00166501859057702,0.0408046393266381,0.0398876697369303,0.977527810444113,0.040801851296143,0.942,0.2464,0.00609404693122723,NA,0.2464,NA,NA,NA,NA,NA,0.0012,0,0.27808399999988,"broad",NA,NA,72,59,13,48381,120,"nk_majority",0.982951246714801,"negative",0.68471891913563,0.0804864643044421,0.10321317812975,18407.4995292664,37.7616290539837,8.96587146749691,9.70059959425048,0.000217302735422611,0.0147411917911209,"ok"
78,"broad",0.05,"mlma_cr2",NA,NA,5000,5000,0,0,0,0.0496752195608424,-0.000324780439157631,0.00166501859057702,0.0408046393266381,0.0401806416659928,0.984707678564434,0.040801851296143,0.9538,0.211,0.00577025129435452,NA,0.211,16.8424902491274,16.8736887844242,0.195566249736746,15.8657810616053,17.2242000969103,0.0012,0,0.321426000000138,"broad",NA,NA,72,59,13,48381,120,"nk_majority",0.982951246714801,"negative",0.68471891913563,0.0804864643044421,0.10321317812975,18407.4995292664,37.7616290539837,8.96587146749691,9.70059959425048,0.000217302735422611,0.0147411917911209,"ok"
78,"broad",0.1,"aggregate_hksj",NA,NA,5000,5000,0,0,0,0.0996737686694585,-0.000326231330541479,0.00168538778394991,0.0410534746878983,0.040182661841503,0.978788327833016,0.0410506654425253,0.945,0.6784,0.00660565575851482,NA,0.6784,70,70,0,70,70,0,0,0.0687360000002722,"broad",NA,NA,72,59,13,48381,120,"nk_majority",0.982951246714801,"negative",0.68471891913563,0.0804864643044421,0.10321317812975,18407.4995292664,37.7616290539837,8.96587146749691,9.70059959425048,0.000217302735422611,0.0147411917911209,"ok"
78,"broad",0.1,"che_rve",NA,NA,5000,5000,0,0,0,0.0997161662558829,-0.000283833744117098,0.00166047577847634,0.0407489359183321,0.0401541791308463,0.985404360283717,0.0407458494194801,0.9538,0.6344,0.00681082432602692,NA,0.6344,16.5085638355498,16.5363541218819,0.211609846451872,15.7581871700259,17.0012088647451,0.0148,0,0.407439999999895,"broad",NA,NA,72,59,13,48381,120,"nk_majority",0.982951246714801,"negative",0.68471891913563,0.0804864643044421,0.10321317812975,18407.4995292664,37.7616290539837,8.96587146749691,9.70059959425048,0.000217302735422611,0.0147411917911209,"ok"
78,"broad",0.1,"mlma",NA,NA,5000,5000,0,0,0,0.0996752195604168,-0.000324780439583158,0.00166501859049118,0.0408046393255862,0.0398876697362619,0.977527810452933,0.0408018512950946,0.942,0.6968,0.00650030399289141,NA,0.6968,NA,NA,NA,NA,NA,0.0012,0,0.276325999999783,"broad",NA,NA,72,59,13,48381,120,"nk_majority",0.982951246714801,"negative",0.68471891913563,0.0804864643044421,0.10321317812975,18407.4995292664,37.7616290539837,8.96587146749691,9.70059959425048,0.000217302735422611,0.0147411917911209,"ok"
78,"broad",0.1,"mlma_cr2",NA,NA,5000,5000,0,0,0,0.0996752195604168,-0.000324780439583158,0.00166501859049118,0.0408046393255862,0.0401806416664247,0.984707678600401,0.0408018512950946,0.9538,0.6348,0.00680924312974651,NA,0.6348,16.8424902491506,16.873688784413,0.195566249749231,15.8657810614406,17.2242000968112,0.0012,0,0.319349999999706,"broad",NA,NA,72,59,13,48381,120,"nk_majority",0.982951246714801,"negative",0.68471891913563,0.0804864643044421,0.10321317812975,18407.4995292664,37.7616290539837,8.96587146749691,9.70059959425048,0.000217302735422611,0.0147411917911209,"ok"
78,"broad",0.2,"aggregate_hksj",NA,NA,5000,5000,0,0,0,0.199673768669459,-0.000326231330541465,0.00168538778394991,0.0410534746878983,0.040182661841503,0.978788327833016,0.0410506654425253,0.945,0.9974,0.000720172201629589,NA,0.9974,70,70,0,70,70,0,0,0.0685240000001853,"broad",NA,NA,72,59,13,48381,120,"nk_majority",0.982951246714801,"negative",0.68471891913563,0.0804864643044421,0.10321317812975,18407.4995292664,37.7616290539837,8.96587146749691,9.70059959425048,0.000217302735422611,0.0147411917911209,"ok"
78,"broad",0.2,"che_rve",NA,NA,5000,5000,0,0,0,0.199716166256204,-0.000283833743795675,0.00166047577852302,0.0407489359189049,0.0401541791309232,0.985404360271755,0.0407458494200506,0.9538,0.9948,0.00101714895664303,NA,0.9948,16.5085638356027,16.5363541216348,0.211609846513919,15.7581871699614,17.001208864788,0.0148,0,0.408083999999962,"broad",NA,NA,72,59,13,48381,120,"nk_majority",0.982951246714801,"negative",0.68471891913563,0.0804864643044421,0.10321317812975,18407.4995292664,37.7616290539837,8.96587146749691,9.70059959425048,0.000217302735422611,0.0147411917911209,"ok"
78,"broad",0.2,"mlma",NA,NA,5000,5000,0,0,0,0.19967521956144,-0.000324780438560018,0.00166501859050364,0.040804639325739,0.0398876697357661,0.977527810437123,0.0408018512952392,0.942,0.9982,0.000599459756781058,NA,0.9982,NA,NA,NA,NA,NA,0.0012,0,0.2759959999999,"broad",NA,NA,72,59,13,48381,120,"nk_majority",0.982951246714801,"negative",0.68471891913563,0.0804864643044421,0.10321317812975,18407.4995292664,37.7616290539837,8.96587146749691,9.70059959425048,0.000217302735422611,0.0147411917911209,"ok"
78,"broad",0.2,"mlma_cr2",NA,NA,5000,5000,0,0,0,0.19967521956144,-0.000324780438560018,0.00166501859050364,0.040804639325739,0.0401806416661645,0.984707678590339,0.0408018512952392,0.9538,0.9946,0.00103642076397571,NA,0.9946,16.8424902491081,16.8736887856759,0.195566249669142,15.8657810616306,17.2242000967937,0.0012,0,0.319537999999878,"broad",NA,NA,72,59,13,48381,120,"nk_majority",0.982951246714801,"negative",0.68471891913563,0.0804864643044421,0.10321317812975,18407.4995292664,37.7616290539837,8.96587146749691,9.70059959425048,0.000217302735422611,0.0147411917911209,"ok"
79,"broad",0,"aggregate_hksj",NA,NA,5000,5000,0,0,0,0.00152113839899202,0.00152113839899202,0.00930420812173091,0.0964583232371935,0.0967152957490416,1.00266407815546,0.0964606714787713,0.953,0.047,0.00299302522541993,0.047,NA,58,58,0,58,58,0,0,0.0538119999999713,"broad",NA,NA,60,53,7,5571,386,"independent",0,"negative",0.885474214099813,0.214808533654199,0.0641132303139893,3227.45548713856,52.3933465740878,6.77226744692081,7.25349096017935,0.0012393664346232,0.0352046365500796,"ok"
79,"broad",0,"che_rve",NA,NA,5000,5000,0,0,0,0.00152438053592516,0.00152438053592516,0.00930220780399899,0.0964479538611317,0.0937467143303029,0.971992775142559,0.0964503556160188,0.9542,0.0458,0.00295642892693195,0.0458,NA,7.64644280519703,7.64739206746616,0.00738592557258966,7.58175546615117,7.6628331038408,0,0,0.615384000000002,"broad",NA,NA,60,53,7,5571,386,"independent",0,"negative",0.885474214099813,0.214808533654199,0.0641132303139893,3227.45548713856,52.3933465740878,6.77226744692081,7.25349096017935,0.0012393664346232,0.0352046365500796,"ok"
79,"broad",0,"mlma",NA,NA,5000,5000,0,0,0,0.00154699472625609,0.00154699472625609,0.00934353723987669,0.0966619741153505,0.0974087137580844,1.00772526786845,0.0966646870636417,0.9496,0.0504,0.00309385972532693,0.0504,NA,NA,NA,NA,NA,NA,0,1,1.21629999999986,"broad",NA,NA,60,53,7,5571,386,"independent",0,"negative",0.885474214099813,0.214808533654199,0.0641132303139893,3227.45548713856,52.3933465740878,6.77226744692081,7.25349096017935,0.0012393664346232,0.0352046365500796,"ok"
79,"broad",0,"mlma_cr2",NA,NA,5000,5000,0,0,0,0.00154699472625609,0.00154699472625609,0.00934353723987669,0.0966619741153505,0.0938012566122527,0.970404934005549,0.0966646870636417,0.9548,0.0452,0.00293792307591605,0.0452,NA,7.57879167233026,7.582593591091,0.0250456490930322,7.36972323211181,7.63446933712642,0,1,1.25786600000004,"broad",NA,NA,60,53,7,5571,386,"independent",0,"negative",0.885474214099813,0.214808533654199,0.0641132303139893,3227.45548713856,52.3933465740878,6.77226744692081,7.25349096017935,0.0012393664346232,0.0352046365500796,"ok"
79,"broad",0.05,"aggregate_hksj",NA,NA,5000,5000,0,0,0,0.051521138398992,0.00152113839899202,0.00930420812173091,0.0964583232371935,0.0967152957490416,1.00266407815546,0.0964606714787713,0.953,0.0778,0.00378806441339109,NA,0.0778,58,58,0,58,58,0,0,0.0548319999998998,"broad",NA,NA,60,53,7,5571,386,"independent",0,"negative",0.885474214099813,0.214808533654199,0.0641132303139893,3227.45548713856,52.3933465740878,6.77226744692081,7.25349096017935,0.0012393664346232,0.0352046365500796,"ok"
79,"broad",0.05,"che_rve",NA,NA,5000,5000,0,0,0,0.0515243805379775,0.00152438053797746,0.00930220780343344,0.0964479538581998,0.0937467143295315,0.971992775164108,0.09645035561312,0.9542,0.0716,0.00364618814654428,NA,0.0716,7.64644280519586,7.64739206731961,0.00738592555637035,7.58175546623589,7.662833103836,0,0,0.615812000000035,"broad",NA,NA,60,53,7,5571,386,"independent",0,"negative",0.885474214099813,0.214808533654199,0.0641132303139893,3227.45548713856,52.3933465740878,6.77226744692081,7.25349096017935,0.0012393664346232,0.0352046365500796,"ok"
79,"broad",0.05,"mlma",NA,NA,5000,5000,0,0,0,0.0515469947447324,0.00154699474473241,0.00934353723703887,0.0966619741006714,0.097408714025665,1.00772527078969,0.0966646870492616,0.9496,0.0838,0.00391861097839528,NA,0.0838,NA,NA,NA,NA,NA,0,1,1.2120799999998,"broad",NA,NA,60,53,7,5571,386,"independent",0,"negative",0.885474214099813,0.214808533654199,0.0641132303139893,3227.45548713856,52.3933465740878,6.77226744692081,7.25349096017935,0.0012393664346232,0.0352046365500796,"ok"
79,"broad",0.05,"mlma_cr2",NA,NA,5000,5000,0,0,0,0.0515469947447324,0.00154699474473241,0.00934353723703887,0.0966619741006714,0.0938012566149586,0.970404934180907,0.0966646870492616,0.9548,0.0698,0.00360355269144216,NA,0.0698,7.57879167324469,7.58259361326054,0.0250456479140164,7.36972323176347,7.63446933721025,0,1,1.2532719999999,"broad",NA,NA,60,53,7,5571,386,"independent",0,"negative",0.885474214099813,0.214808533654199,0.0641132303139893,3227.45548713856,52.3933465740878,6.77226744692081,7.25349096017935,0.0012393664346232,0.0352046365500796,"ok"
79,"broad",0.1,"aggregate_hksj",NA,NA,5000,5000,0,0,0,0.101521138398992,0.00152113839899201,0.0093042081217309,0.0964583232371935,0.0967152957490416,1.00266407815546,0.0964606714787713,0.953,0.1758,0.00538320276415444,NA,0.1758,58,58,0,58,58,0,0,0.0554379999999846,"broad",NA,NA,60,53,7,5571,386,"independent",0,"negative",0.885474214099813,0.214808533654199,0.0641132303139893,3227.45548713856,52.3933465740878,6.77226744692081,7.25349096017935,0.0012393664346232,0.0352046365500796,"ok"
79,"broad",0.1,"che_rve",NA,NA,5000,5000,0,0,0,0.101524380536459,0.00152438053645861,0.00930220780302599,0.0964479538560875,0.0937467143306151,0.971992775196631,0.0964503556109843,0.9542,0.1446,0.00497374788263338,NA,0.1446,7.64644280516057,7.64739206743951,0.00738592555742522,7.58175546607429,7.66283310384878,0,0,0.61593999999997,"broad",NA,NA,60,53,7,5571,386,"independent",0,"negative",0.885474214099813,0.214808533654199,0.0641132303139893,3227.45548713856,52.3933465740878,6.77226744692081,7.25349096017935,0.0012393664346232,0.0352046365500796,"ok"
79,"broad",0.1,"mlma",NA,NA,5000,5000,0,0,0,0.101546994727871,0.00154699472787122,0.00934353723632021,0.096661974096954,0.0974087138355589,1.00772526886173,0.0966646870452753,0.9496,0.183,0.00546829040925955,NA,0.183,NA,NA,NA,NA,NA,0,1,1.21101000000007,"broad",NA,NA,60,53,7,5571,386,"independent",0,"negative",0.885474214099813,0.214808533654199,0.0641132303139893,3227.45548713856,52.3933465740878,6.77226744692081,7.25349096017935,0.0012393664346232,0.0352046365500796,"ok"
79,"broad",0.1,"mlma_cr2",NA,NA,5000,5000,0,0,0,0.101546994727871,0.00154699472787122,0.00934353723632021,0.096661974096954,0.0938012566162722,0.970404934231816,0.0966646870452753,0.9548,0.145,0.00497945780180935,NA,0.145,7.57879167276282,7.58259359125766,0.0250456484836228,7.3697232320173,7.63446933715041,0,1,1.25203800000012,"broad",NA,NA,60,53,7,5571,386,"independent",0,"negative",0.885474214099813,0.214808533654199,0.0641132303139893,3227.45548713856,52.3933465740878,6.77226744692081,7.25349096017935,0.0012393664346232,0.0352046365500796,"ok"
79,"broad",0.2,"aggregate_hksj",NA,NA,5000,5000,0,0,0,0.201521138398992,0.00152113839899201,0.00930420812173091,0.0964583232371935,0.0967152957490416,1.00266407815546,0.0964606714787713,0.953,0.5318,0.00705675222747689,NA,0.5318,58,58,0,58,58,0,0,0.0546219999998566,"broad",NA,NA,60,53,7,5571,386,"independent",0,"negative",0.885474214099813,0.214808533654199,0.0641132303139893,3227.45548713856,52.3933465740878,6.77226744692081,7.25349096017935,0.0012393664346232,0.0352046365500796,"ok"
79,"broad",0.2,"che_rve",NA,NA,5000,5000,0,0,0,0.201524380535825,0.00152438053582457,0.00930220780400375,0.0964479538611564,0.0937467143305028,0.971992775144382,0.0964503556160419,0.9542,0.4414,0.00702233636334803,NA,0.4414,7.64644280520323,7.64739206751909,0.0073859255716222,7.58175546598566,7.66283310385109,0,0,0.616779999999986,"broad",NA,NA,60,53,7,5571,386,"independent",0,"negative",0.885474214099813,0.214808533654199,0.0641132303139893,3227.45548713856,52.3933465740878,6.77226744692081,7.25349096017935,0.0012393664346232,0.0352046365500796,"ok"
79,"broad",0.2,"mlma",NA,NA,5000,4999,1,0,2e-04,0.201564696059797,0.00156469605979731,0.00934383969930823,0.0966635386239726,0.0974130241959542,1.0077535499181,0.096666534184792,0.949589917983597,0.544108821764353,0.00704420375413844,NA,0.544108821764353,NA,NA,NA,NA,NA,0,1,1.21075015002996,"broad",NA,NA,60,53,7,5571,386,"independent",0,"negative",0.885474214099813,0.214808533654199,0.0641132303139893,3227.45548713856,52.3933465740878,6.77226744692081,7.25349096017935,0.0012393664346232,0.0352046365500796,"ok"
79,"broad",0.2,"mlma_cr2",NA,NA,5000,4999,1,0,2e-04,0.201564696059797,0.00156469605979731,0.00934383969930823,0.0966635386239726,0.0938098063014847,0.970477675831949,0.096666534184792,0.954790958191638,0.441488297659532,0.00702318596977734,NA,0.441488297659532,7.57880888149171,7.58259759169676,0.0250185729864941,7.3697232319852,7.63446933716804,0,1,1.25181236247249,"broad",NA,NA,60,53,7,5571,386,"independent",0,"negative",0.885474214099813,0.214808533654199,0.0641132303139893,3227.45548713856,52.3933465740878,6.77226744692081,7.25349096017935,0.0012393664346232,0.0352046365500796,"ok"
80,"broad",0,"aggregate_hksj",NA,NA,5000,5000,0,0,0,-4.77710373551899e-05,-4.77710373551899e-05,0.00706719114399149,0.0840665875600496,0.0817159258212621,0.972038097334349,0.0840581940552776,0.9448,0.0552,0.0032296427046966,0.0552,NA,28,28,0,28,28,0,0,0.0359119999999995,"broad",NA,NA,30,18,12,3421,72,"nk_majority",0.369360870762466,"negative",0.269956668626983,0.156783523437567,0.173128214054042,3833.08594856421,11.8570611765215,10.3137476188958,18.6724756605543,0.00104354560624927,0.032303956510763,"ok"
80,"broad",0,"che_rve",NA,NA,5000,4997,3,0,6e-04,1.20002713084771e-05,1.20002713084771e-05,0.00683923078449595,0.0826996419852949,0.0812359784692529,0.982301452812791,0.0826913675128496,0.948969381628977,0.0510306183710226,0.0031130553384196,0.0510306183710226,NA,23.3156830360645,23.4110365139888,0.361524389145602,21.6200112122704,23.8204091618137,0.0256153692215329,0,0.322855713428047,"broad",NA,NA,30,18,12,3421,72,"nk_majority",0.369360870762466,"negative",0.269956668626983,0.156783523437567,0.173128214054042,3833.08594856421,11.8570611765215,10.3137476188958,18.6724756605543,0.00104354560624927,0.032303956510763,"ok"
80,"broad",0,"mlma",NA,NA,5000,5000,0,0,0,-0.0001327127700446,-0.0001327127700446,0.00686037494312701,0.0828273803951749,0.0815949775132998,0.985120827484882,0.0828192035751233,0.9366,0.0634,0.00344617004803884,0.0634,NA,NA,NA,NA,NA,NA,0.0064,6e-04,0.263559999999996,"broad",NA,NA,30,18,12,3421,72,"nk_majority",0.369360870762466,"negative",0.269956668626983,0.156783523437567,0.173128214054042,3833.08594856421,11.8570611765215,10.3137476188958,18.6724756605543,0.00104354560624927,0.032303956510763,"ok"
80,"broad",0,"mlma_cr2",NA,NA,5000,5000,0,0,0,-0.0001327127700446,-0.0001327127700446,0.00686037494312701,0.0828273803951749,0.0812869291782856,0.981401666821531,0.0828192035751233,0.9482,0.0518,0.0031342227106573,0.0518,NA,23.1855966873955,23.3029659691167,0.432161903181145,20.7097733870814,23.7613075682699,0.0064,6e-04,0.285220000000024,"broad",NA,NA,30,18,12,3421,72,"nk_majority",0.369360870762466,"negative",0.269956668626983,0.156783523437567,0.173128214054042,3833.08594856421,11.8570611765215,10.3137476188958,18.6724756605543,0.00104354560624927,0.032303956510763,"ok"
80,"broad",0.05,"aggregate_hksj",NA,NA,5000,5000,0,0,0,0.0499522289626448,-4.77710373551835e-05,0.00706719114399149,0.0840665875600496,0.0817159258212621,0.972038097334349,0.0840581940552776,0.9448,0.097,0.0041854748834511,NA,0.097,28,28,0,28,28,0,0,0.0362659999999814,"broad",NA,NA,30,18,12,3421,72,"nk_majority",0.369360870762466,"negative",0.269956668626983,0.156783523437567,0.173128214054042,3833.08594856421,11.8570611765215,10.3137476188958,18.6724756605543,0.00104354560624927,0.032303956510763,"ok"
80,"broad",0.05,"che_rve",NA,NA,5000,4999,1,0,2e-04,0.0499385449997759,-6.14550002240727e-05,0.00684553648148817,0.0827377572906601,0.0812325437723573,0.981807416981162,0.0827295042716484,0.948589717943589,0.0920184036807361,0.00408822041017623,NA,0.0920184036807361,23.3153969484578,23.4109387615396,0.361880185751133,21.6200112070156,23.8204091618081,0.0258051610322064,0,0.323092618523706,"broad",NA,NA,30,18,12,3421,72,"nk_majority",0.369360870762466,"negative",0.269956668626983,0.156783523437567,0.173128214054042,3833.08594856421,11.8570611765215,10.3137476188958,18.6724756605543,0.00104354560624927,0.032303956510763,"ok"
80,"broad",0.05,"mlma",NA,NA,5000,5000,0,0,0,0.0498672872290409,-0.000132712770959061,0.0068603749430118,0.0828273803944794,0.0815949775093064,0.98512082744494,0.0828192035744293,0.9366,0.108,0.00438944187796125,NA,0.108,NA,NA,NA,NA,NA,0.0064,6e-04,0.263468000000014,"broad",NA,NA,30,18,12,3421,72,"nk_majority",0.369360870762466,"negative",0.269956668626983,0.156783523437567,0.173128214054042,3833.08594856421,11.8570611765215,10.3137476188958,18.6724756605543,0.00104354560624927,0.032303956510763,"ok"
80,"broad",0.05,"mlma_cr2",NA,NA,5000,5000,0,0,0,0.0498672872290409,-0.000132712770959061,0.0068603749430118,0.0828273803944794,0.0812869291779818,0.981401666826103,0.0828192035744293,0.9482,0.0926,0.00409939605307904,NA,0.0926,23.1855966874324,23.3029659671495,0.432161902746249,20.7097733868471,23.7613075682786,0.0064,6e-04,0.285214000000025,"broad",NA,NA,30,18,12,3421,72,"nk_majority",0.369360870762466,"negative",0.269956668626983,0.156783523437567,0.173128214054042,3833.08594856421,11.8570611765215,10.3137476188958,18.6724756605543,0.00104354560624927,0.032303956510763,"ok"
80,"broad",0.1,"aggregate_hksj",NA,NA,5000,5000,0,0,0,0.0999522289626448,-4.77710373551904e-05,0.00706719114399149,0.0840665875600496,0.0817159258212621,0.972038097334349,0.0840581940552776,0.9448,0.2162,0.00582164169285606,NA,0.2162,28,28,0,28,28,0,0,0.03609999999996,"broad",NA,NA,30,18,12,3421,72,"nk_majority",0.369360870762466,"negative",0.269956668626983,0.156783523437567,0.173128214054042,3833.08594856421,11.8570611765215,10.3137476188958,18.6724756605543,0.00104354560624927,0.032303956510763,"ok"
80,"broad",0.1,"che_rve",NA,NA,5000,4997,3,0,6e-04,0.0999621427273553,-3.78572726447007e-05,0.00684837007379939,0.0827548794561347,0.0812410736119049,0.98170735243434,0.0827466072456142,0.948569141484891,0.210126075645387,0.00576320660102055,NA,0.210126075645387,23.3158464821192,23.4110365117576,0.36124825698319,21.6200112104626,23.8204091618139,0.0254152491494897,0,0.322493496097666,"broad",NA,NA,30,18,12,3421,72,"nk_majority",0.369360870762466,"negative",0.269956668626983,0.156783523437567,0.173128214054042,3833.08594856421,11.8570611765215,10.3137476188958,18.6724756605543,0.00104354560624927,0.032303956510763,"ok"
80,"broad",0.1,"mlma",NA,NA,5000,5000,0,0,0,0.0998672872276434,-0.00013271277235663,0.0068603749431883,0.0828273803955449,0.081594977506551,0.985120827399001,0.0828192035754969,0.9366,0.2366,0.00601033177120864,NA,0.2366,NA,NA,NA,NA,NA,0.0064,6e-04,0.262679999999989,"broad",NA,NA,30,18,12,3421,72,"nk_majority",0.369360870762466,"negative",0.269956668626983,0.156783523437567,0.173128214054042,3833.08594856421,11.8570611765215,10.3137476188958,18.6724756605543,0.00104354560624927,0.032303956510763,"ok"
80,"broad",0.1,"mlma_cr2",NA,NA,5000,5000,0,0,0,0.0998672872276434,-0.00013271277235663,0.0068603749431883,0.0828273803955449,0.0812869291778676,0.9814016668121,0.0828192035754969,0.9482,0.2104,0.00576423177882361,NA,0.2104,23.1855966875637,23.3029659705847,0.432161902725147,20.7097733866362,23.761307568279,0.0064,6e-04,0.284063999999994,"broad",NA,NA,30,18,12,3421,72,"nk_majority",0.369360870762466,"negative",0.269956668626983,0.156783523437567,0.173128214054042,3833.08594856421,11.8570611765215,10.3137476188958,18.6724756605543,0.00104354560624927,0.032303956510763,"ok"
80,"broad",0.2,"aggregate_hksj",NA,NA,5000,5000,0,0,0,0.199952228962645,-4.77710373551765e-05,0.00706719114399149,0.0840665875600496,0.0817159258212621,0.972038097334349,0.0840581940552776,0.9448,0.6502,0.0067444786307023,NA,0.6502,28,28,0,28,28,0,0,0.035894000000041,"broad",NA,NA,30,18,12,3421,72,"nk_majority",0.369360870762466,"negative",0.269956668626983,0.156783523437567,0.173128214054042,3833.08594856421,11.8570611765215,10.3137476188958,18.6724756605543,0.00104354560624927,0.032303956510763,"ok"
80,"broad",0.2,"che_rve",NA,NA,5000,4996,4,0,8e-04,0.200027675219253,2.76752192533425e-05,0.00683294944443871,0.0826616564341576,0.0812401701015227,0.982803558578975,0.0826533878695868,0.948759007205765,0.649119295436349,0.0067519744129026,NA,0.649119295436349,23.3157964325508,23.4109876376001,0.361349128513317,21.6200112075172,23.8204091618146,0.0254203362690152,0,0.323520816653321,"broad",NA,NA,30,18,12,3421,72,"nk_majority",0.369360870762466,"negative",0.269956668626983,0.156783523437567,0.173128214054042,3833.08594856421,11.8570611765215,10.3137476188958,18.6724756605543,0.00104354560624927,0.032303956510763,"ok"
80,"broad",0.2,"mlma",NA,NA,5000,5000,0,0,0,0.199867287230947,-0.000132712769053078,0.00686037494304562,0.0828273803946836,0.0815949775100892,0.985120827451963,0.0828192035746304,0.9366,0.6858,0.00656472939274727,NA,0.6858,NA,NA,NA,NA,NA,0.0064,6e-04,0.263180000000013,"broad",NA,NA,30,18,12,3421,72,"nk_majority",0.369360870762466,"negative",0.269956668626983,0.156783523437567,0.173128214054042,3833.08594856421,11.8570611765215,10.3137476188958,18.6724756605543,0.00104354560624927,0.032303956510763,"ok"
80,"broad",0.2,"mlma_cr2",NA,NA,5000,5000,0,0,0,0.199867287230947,-0.000132712769053078,0.00686037494304562,0.0828273803946836,0.0812869291774571,0.981401666817349,0.0828192035746304,0.9482,0.6502,0.0067444786307023,NA,0.6502,23.1855966874786,23.3029659659916,0.432161902991854,20.7097733868882,23.7613075682787,0.0064,6e-04,0.28471799999998,"broad",NA,NA,30,18,12,3421,72,"nk_majority",0.369360870762466,"negative",0.269956668626983,0.156783523437567,0.173128214054042,3833.08594856421,11.8570611765215,10.3137476188958,18.6724756605543,0.00104354560624927,0.032303956510763,"ok"
81,"targeted",0,"aggregate_hksj",1,"A",5000,5000,0,0,0,0.00132795466429326,0.00132795466429326,0.0274743796210928,0.165753973168346,0.16629040058608,1.00323628693467,0.165742716910153,0.959,0.041,0.00280424677944007,0.041,NA,22,22,0,22,22,0,0,0.0322119999999362,"targeted",1,"A",24,21,3,10325,140,"n_majority",1,"negative",0.759001535363495,0.189456066531129,0.177847274914384,470.675029790948,14.455492196387,2.85356743813363,1.88839805405328,0.00849843256349634,0.0921869435630466,"ok"
81,"targeted",0,"che_rve",1,"A",5000,4999,1,0,2e-04,0.00115571458765642,0.00115571458765642,0.0273265443957686,0.165307423897926,0.150516496507016,0.910524723922602,0.165294929353012,0.970394078815763,0.0296059211842368,0.00239729671282463,0.0296059211842368,NA,2.37035280746602,2.37764832298891,0.0578923141454276,2.10637862834796,2.49965333704558,0.0016003200640128,0,0.367005401080246,"targeted",1,"A",24,21,3,10325,140,"n_majority",1,"negative",0.759001535363495,0.189456066531129,0.177847274914384,470.675029790948,14.455492196387,2.85356743813363,1.88839805405328,0.00849843256349634,0.0921869435630466,"ok"
81,"targeted",0,"mlma",1,"A",5000,5000,0,0,0,0.00104209053738333,0.00104209053738333,0.0276360379513285,0.16624090336415,0.136235862132026,0.819508673106778,0.166227544938937,0.8838,0.1162,0.00453205383904472,0.1162,NA,NA,NA,NA,NA,NA,0,0,0.306784000000012,"targeted",1,"A",24,21,3,10325,140,"n_majority",1,"negative",0.759001535363495,0.189456066531129,0.177847274914384,470.675029790948,14.455492196387,2.85356743813363,1.88839805405328,0.00849843256349634,0.0921869435630466,"ok"
81,"targeted",0,"mlma_cr2",1,"A",5000,5000,0,0,0,0.00104209053738333,0.00104209053738333,0.0276360379513285,0.16624090336415,0.151285414220244,0.910037248106468,0.166227544938937,0.9598,0.0402,0.00277791144567281,0.0402,NA,2.69049550292713,2.68325769563042,0.0369694943141397,2.62190959355943,3.04517365083188,0,0,0.327080000000025,"targeted",1,"A",24,21,3,10325,140,"n_majority",1,"negative",0.759001535363495,0.189456066531129,0.177847274914384,470.675029790948,14.455492196387,2.85356743813363,1.88839805405328,0.00849843256349634,0.0921869435630466,"ok"
81,"targeted",0.05,"aggregate_hksj",1,"A",5000,5000,0,0,0,0.0513279546642933,0.00132795466429327,0.0274743796210928,0.165753973168346,0.16629040058608,1.00323628693467,0.165742716910153,0.959,0.0484,0.00303504332753257,NA,0.0484,22,22,0,22,22,0,0,0.0321239999999387,"targeted",1,"A",24,21,3,10325,140,"n_majority",1,"negative",0.759001535363495,0.189456066531129,0.177847274914384,470.675029790948,14.455492196387,2.85356743813363,1.88839805405328,0.00849843256349634,0.0921869435630466,"ok"
81,"targeted",0.05,"che_rve",1,"A",5000,4999,1,0,2e-04,0.0511557145888382,0.0011557145888382,0.0273265443951965,0.165307423896196,0.150516496511107,0.910524723956883,0.16529492935129,0.970394078815763,0.0348069613922785,0.00259237949622995,NA,0.0348069613922785,2.37035280745818,2.37764832314703,0.0578923141634693,2.10637862834388,2.49965333691258,0.0016003200640128,0,0.36771554310863,"targeted",1,"A",24,21,3,10325,140,"n_majority",1,"negative",0.759001535363495,0.189456066531129,0.177847274914384,470.675029790948,14.455492196387,2.85356743813363,1.88839805405328,0.00849843256349634,0.0921869435630466,"ok"
81,"targeted",0.05,"mlma",1,"A",5000,5000,0,0,0,0.0510420905380919,0.00104209053809192,0.0276360379511123,0.166240903363499,0.136235862123307,0.819508673057531,0.166227544938291,0.8838,0.138,0.00487762237160689,NA,0.138,NA,NA,NA,NA,NA,0,0,0.306668000000004,"targeted",1,"A",24,21,3,10325,140,"n_majority",1,"negative",0.759001535363495,0.189456066531129,0.177847274914384,470.675029790948,14.455492196387,2.85356743813363,1.88839805405328,0.00849843256349634,0.0921869435630466,"ok"
81,"targeted",0.05,"mlma_cr2",1,"A",5000,5000,0,0,0,0.0510420905380919,0.00104209053809192,0.0276360379511123,0.166240903363499,0.151285414220081,0.910037248109049,0.166227544938291,0.9598,0.0452,0.00293792307591605,NA,0.0452,2.69049550297419,2.6832576957244,0.0369694943514305,2.62190959344152,3.0451736524533,0,0,0.327389999999991,"targeted",1,"A",24,21,3,10325,140,"n_majority",1,"negative",0.759001535363495,0.189456066531129,0.177847274914384,470.675029790948,14.455492196387,2.85356743813363,1.88839805405328,0.00849843256349634,0.0921869435630466,"ok"
81,"targeted",0.1,"aggregate_hksj",1,"A",5000,5000,0,0,0,0.101327954664293,0.00132795466429325,0.0274743796210928,0.165753973168346,0.16629040058608,1.00323628693467,0.165742716910153,0.959,0.0794,0.00382349682882045,NA,0.0794,22,22,0,22,22,0,0,0.0321600000000253,"targeted",1,"A",24,21,3,10325,140,"n_majority",1,"negative",0.759001535363495,0.189456066531129,0.177847274914384,470.675029790948,14.455492196387,2.85356743813363,1.88839805405328,0.00849843256349634,0.0921869435630466,"ok"
81,"targeted",0.1,"che_rve",1,"A",5000,5000,0,0,0,0.101243782117677,0.00124378211767708,0.0273598574450106,0.165408154106775,0.150502522042772,0.909885748109004,0.165396289158729,0.9702,0.0492,0.00305873699425106,NA,0.0492,2.37036462859652,2.37766111379581,0.0578925582327342,2.10637862833634,2.49965333674928,0.0016,0,0.368276,"targeted",1,"A",24,21,3,10325,140,"n_majority",1,"negative",0.759001535363495,0.189456066531129,0.177847274914384,470.675029790948,14.455492196387,2.85356743813363,1.88839805405328,0.00849843256349634,0.0921869435630466,"ok"
81,"targeted",0.1,"mlma",1,"A",5000,5000,0,0,0,0.101042090538322,0.00104209053832202,0.0276360379521851,0.166240903366726,0.136235862112401,0.819508672976022,0.166227544941519,0.8838,0.1822,0.00545899551199669,NA,0.1822,NA,NA,NA,NA,NA,0,0,0.306413999999982,"targeted",1,"A",24,21,3,10325,140,"n_majority",1,"negative",0.759001535363495,0.189456066531129,0.177847274914384,470.675029790948,14.455492196387,2.85356743813363,1.88839805405328,0.00849843256349634,0.0921869435630466,"ok"
81,"targeted",0.1,"mlma_cr2",1,"A",5000,5000,0,0,0,0.101042090538322,0.00104209053832202,0.0276360379521851,0.166240903366726,0.151285414219037,0.910037248085103,0.166227544941519,0.9598,0.0626,0.00342582077756557,NA,0.0626,2.69049550299371,2.68325769517311,0.0369694944511907,2.62190959360358,3.04517365130226,0,0,0.326835999999981,"targeted",1,"A",24,21,3,10325,140,"n_majority",1,"negative",0.759001535363495,0.189456066531129,0.177847274914384,470.675029790948,14.455492196387,2.85356743813363,1.88839805405328,0.00849843256349634,0.0921869435630466,"ok"
81,"targeted",0.2,"aggregate_hksj",1,"A",5000,5000,0,0,0,0.201327954664293,0.00132795466429325,0.0274743796210928,0.165753973168346,0.16629040058608,1.00323628693467,0.165742716910153,0.959,0.1966,0.00562047044294337,NA,0.1966,22,22,0,22,22,0,0,0.0318960000000239,"targeted",1,"A",24,21,3,10325,140,"n_majority",1,"negative",0.759001535363495,0.189456066531129,0.177847274914384,470.675029790948,14.455492196387,2.85356743813363,1.88839805405328,0.00849843256349634,0.0921869435630466,"ok"
81,"targeted",0.2,"che_rve",1,"A",5000,4999,1,0,2e-04,0.201155714587867,0.00115571458786703,0.0273265443934845,0.165307423891017,0.150516496506836,0.910524723959569,0.165294929346105,0.970394078815763,0.106621324264853,0.00436514082089566,NA,0.106621324264853,2.37035280743141,2.37764832326218,0.0578923141258133,2.10637862829998,2.49965333711204,0.0016003200640128,0,0.367215443088589,"targeted",1,"A",24,21,3,10325,140,"n_majority",1,"negative",0.759001535363495,0.189456066531129,0.177847274914384,470.675029790948,14.455492196387,2.85356743813363,1.88839805405328,0.00849843256349634,0.0921869435630466,"ok"
81,"targeted",0.2,"mlma",1,"A",5000,4999,1,0,2e-04,0.201023963440584,0.00102396344058384,0.0276399240849098,0.166252591212618,0.13623752772467,0.819461078657346,0.166239115419333,0.88377675535107,0.355071014202841,0.0067681814005725,NA,0.355071014202841,NA,NA,NA,NA,NA,0,0,0.306403280656065,"targeted",1,"A",24,21,3,10325,140,"n_majority",1,"negative",0.759001535363495,0.189456066531129,0.177847274914384,470.675029790948,14.455492196387,2.85356743813363,1.88839805405328,0.00849843256349634,0.0921869435630466,"ok"
81,"targeted",0.2,"mlma_cr2",1,"A",5000,4999,1,0,2e-04,0.201023963440584,0.00102396344058384,0.0276399240849098,0.166252591212618,0.151294346579065,0.91002699853007,0.166239115419333,0.959791958391678,0.132826565313063,0.0048001397938443,NA,0.132826565313063,2.69048792139452,2.68325351670547,0.0369693050211482,2.62190959354866,3.04517365204517,0,0,0.326567313462679,"targeted",1,"A",24,21,3,10325,140,"n_majority",1,"negative",0.759001535363495,0.189456066531129,0.177847274914384,470.675029790948,14.455492196387,2.85356743813363,1.88839805405328,0.00849843256349634,0.0921869435630466,"ok"
82,"targeted",0,"aggregate_hksj",1,"A",5000,5000,0,0,0,0.00235579095564825,0.00235579095564825,0.0259284396580591,0.161023102870548,0.138322407025591,0.859022118936517,0.161024233335092,0.9142,0.0858,0.00396076659246667,0.0858,NA,22,22,0,22,22,0,0,0.0324059999999634,"targeted",1,"A",24,21,3,10325,140,"n_minority",1,"negative",0.759001535363495,0.189456066531129,0.177847274914384,10836.7311372508,15.0338364974304,2.58522048227889,3.20110029101686,0.000369114998733351,0.0192123657765865,"ok"
82,"targeted",0,"che_rve",1,"A",5000,5000,0,0,0,0.00225172298345022,0.00225172298345022,0.0258755560963949,0.160858807954041,0.144344130643253,0.897334329895654,0.160858482031784,0.9696,0.0304,0.00242799670510485,0.0304,NA,2.45327347381835,2.45959519405647,0.0473909005309915,2.24564314041151,2.56389971111143,0.001,0,0.36755600000001,"targeted",1,"A",24,21,3,10325,140,"n_minority",1,"negative",0.759001535363495,0.189456066531129,0.177847274914384,10836.7311372508,15.0338364974304,2.58522048227889,3.20110029101686,0.000369114998733351,0.0192123657765865,"ok"
82,"targeted",0,"mlma",1,"A",5000,4999,1,0,2e-04,0.00209352986933863,0.00209352986933863,0.0258894524536913,0.160901996425437,0.159853674241138,0.993484716115471,0.16089952266781,0.940588117623525,0.0594118823764753,0.00334344999265168,0.0594118823764753,NA,NA,NA,NA,NA,NA,0,0,0.311468293658748,"targeted",1,"A",24,21,3,10325,140,"n_minority",1,"negative",0.759001535363495,0.189456066531129,0.177847274914384,10836.7311372508,15.0338364974304,2.58522048227889,3.20110029101686,0.000369114998733351,0.0192123657765865,"ok"
82,"targeted",0,"mlma_cr2",1,"A",5000,4999,1,0,2e-04,0.00209352986933863,0.00209352986933863,0.0258894524536913,0.160901996425437,0.144729327687366,0.899487457599286,0.16089952266781,0.96999399879976,0.03000600120024,0.00241294274216726,0.03000600120024,NA,2.45925557977144,2.46474577020656,0.0448058157249521,2.21801620761495,2.56732585724511,0,0,0.331844368873807,"targeted",1,"A",24,21,3,10325,140,"n_minority",1,"negative",0.759001535363495,0.189456066531129,0.177847274914384,10836.7311372508,15.0338364974304,2.58522048227889,3.20110029101686,0.000369114998733351,0.0192123657765865,"ok"
82,"targeted",0.05,"aggregate_hksj",1,"A",5000,5000,0,0,0,0.0523557909556483,0.00235579095564825,0.0259284396580591,0.161023102870548,0.138322407025591,0.859022118936517,0.161024233335092,0.9142,0.1014,0.00426891180513254,NA,0.1014,22,22,0,22,22,0,0,0.032216000000044,"targeted",1,"A",24,21,3,10325,140,"n_minority",1,"negative",0.759001535363495,0.189456066531129,0.177847274914384,10836.7311372508,15.0338364974304,2.58522048227889,3.20110029101686,0.000369114998733351,0.0192123657765865,"ok"
82,"targeted",0.05,"che_rve",1,"A",5000,5000,0,0,0,0.0522517229840928,0.00225172298409281,0.0258755560966479,0.160858807954827,0.144344130643229,0.897334329891118,0.160858482032579,0.9696,0.0376,0.00269021337443705,NA,0.0376,2.45327347382076,2.45959519396199,0.0473909005467652,2.24564314041151,2.56389971111143,0.001,0,0.366099999999978,"targeted",1,"A",24,21,3,10325,140,"n_minority",1,"negative",0.759001535363495,0.189456066531129,0.177847274914384,10836.7311372508,15.0338364974304,2.58522048227889,3.20110029101686,0.000369114998733351,0.0192123657765865,"ok"
82,"targeted",0.05,"mlma",1,"A",5000,4999,1,0,2e-04,0.0520935298703381,0.00209352987033812,0.0258894524535045,0.160901996424856,0.159853674244637,0.993484716140803,0.160899522667243,0.940588117623525,0.0730146029205841,0.00367959264275137,NA,0.0730146029205841,NA,NA,NA,NA,NA,0,0,0.311952390478078,"targeted",1,"A",24,21,3,10325,140,"n_minority",1,"negative",0.759001535363495,0.189456066531129,0.177847274914384,10836.7311372508,15.0338364974304,2.58522048227889,3.20110029101686,0.000369114998733351,0.0192123657765865,"ok"
82,"targeted",0.05,"mlma_cr2",1,"A",5000,4999,1,0,2e-04,0.0520935298703381,0.00209352987033812,0.0258894524535045,0.160901996424856,0.144729327687211,0.899487457601571,0.160899522667243,0.96999399879976,0.0356071214242849,0.00262092058456076,NA,0.0356071214242849,2.45925557977635,2.46474577020656,0.0448058157039446,2.21801620761495,2.56732585718068,0,0,0.332314462892564,"targeted",1,"A",24,21,3,10325,140,"n_minority",1,"negative",0.759001535363495,0.189456066531129,0.177847274914384,10836.7311372508,15.0338364974304,2.58522048227889,3.20110029101686,0.000369114998733351,0.0192123657765865,"ok"
82,"targeted",0.1,"aggregate_hksj",1,"A",5000,5000,0,0,0,0.102355790955648,0.00235579095564825,0.0259284396580591,0.161023102870548,0.138322407025591,0.859022118936517,0.161024233335092,0.9142,0.1404,0.00491299989822919,NA,0.1404,22,22,0,22,22,0,0,0.0319139999999941,"targeted",1,"A",24,21,3,10325,140,"n_minority",1,"negative",0.759001535363495,0.189456066531129,0.177847274914384,10836.7311372508,15.0338364974304,2.58522048227889,3.20110029101686,0.000369114998733351,0.0192123657765865,"ok"
82,"targeted",0.1,"che_rve",1,"A",5000,5000,0,0,0,0.102251722984876,0.00225172298487646,0.0258755560964381,0.160858807954175,0.14434413064342,0.897334329895948,0.160858482031938,0.9696,0.052,0.00313993630508646,NA,0.052,2.45327347383291,2.45959519405647,0.0473909005355398,2.24564314036653,2.56389971111143,0.001,0,0.365795999999967,"targeted",1,"A",24,21,3,10325,140,"n_minority",1,"negative",0.759001535363495,0.189456066531129,0.177847274914384,10836.7311372508,15.0338364974304,2.58522048227889,3.20110029101686,0.000369114998733351,0.0192123657765865,"ok"
82,"targeted",0.1,"mlma",1,"A",5000,4999,1,0,2e-04,0.102093529869667,0.00209352986966682,0.0258894524541157,0.160901996426756,0.159853674245946,0.993484716137212,0.160899522669133,0.940588117623525,0.104220844168834,0.0043215167549515,NA,0.104220844168834,NA,NA,NA,NA,NA,0,0,0.311906381276267,"targeted",1,"A",24,21,3,10325,140,"n_minority",1,"negative",0.759001535363495,0.189456066531129,0.177847274914384,10836.7311372508,15.0338364974304,2.58522048227889,3.20110029101686,0.000369114998733351,0.0192123657765865,"ok"
82,"targeted",0.1,"mlma_cr2",1,"A",5000,4999,1,0,2e-04,0.102093529869667,0.00209352986966682,0.0258894524541157,0.160901996426756,0.14472932768753,0.899487457592933,0.160899522669133,0.96999399879976,0.0512102420484097,0.00311761038785424,NA,0.0512102420484097,2.45925557976138,2.46474577020656,0.0448058156895903,2.21801620761495,2.56732585719316,0,0,0.332522504500928,"targeted",1,"A",24,21,3,10325,140,"n_minority",1,"negative",0.759001535363495,0.189456066531129,0.177847274914384,10836.7311372508,15.0338364974304,2.58522048227889,3.20110029101686,0.000369114998733351,0.0192123657765865,"ok"
82,"targeted",0.2,"aggregate_hksj",1,"A",5000,5000,0,0,0,0.202355790955648,0.00235579095564825,0.0259284396580591,0.161023102870548,0.138322407025591,0.859022118936517,0.161024233335092,0.9142,0.306,0.00651711592654297,NA,0.306,22,22,0,22,22,0,0,0.0322459999999584,"targeted",1,"A",24,21,3,10325,140,"n_minority",1,"negative",0.759001535363495,0.189456066531129,0.177847274914384,10836.7311372508,15.0338364974304,2.58522048227889,3.20110029101686,0.000369114998733351,0.0192123657765865,"ok"
82,"targeted",0.2,"che_rve",1,"A",5000,5000,0,0,0,0.202251722983048,0.00225172298304821,0.0258755560963519,0.160858807953907,0.144344130643185,0.89733432989598,0.160858482031645,0.9696,0.118,0.00456236780630409,NA,0.118,2.45327347381141,2.45959519405647,0.0473909005671912,2.24564314036653,2.56389971111143,0.001,0,0.367031999999992,"targeted",1,"A",24,21,3,10325,140,"n_minority",1,"negative",0.759001535363495,0.189456066531129,0.177847274914384,10836.7311372508,15.0338364974304,2.58522048227889,3.20110029101686,0.000369114998733351,0.0192123657765865,"ok"
82,"targeted",0.2,"mlma",1,"A",5000,4999,1,0,2e-04,0.202093529870112,0.00209352987011169,0.025889452454292,0.160901996427304,0.159853674234467,0.993484716062488,0.160899522669686,0.940588117623525,0.25125025005001,0.00613451210999938,NA,0.25125025005001,NA,NA,NA,NA,NA,0,0,0.310614122824591,"targeted",1,"A",24,21,3,10325,140,"n_minority",1,"negative",0.759001535363495,0.189456066531129,0.177847274914384,10836.7311372508,15.0338364974304,2.58522048227889,3.20110029101686,0.000369114998733351,0.0192123657765865,"ok"
82,"targeted",0.2,"mlma_cr2",1,"A",5000,4999,1,0,2e-04,0.202093529870112,0.00209352987011169,0.025889452454292,0.160901996427304,0.144729327687558,0.899487457590044,0.160899522669686,0.96999399879976,0.115823164632927,0.00452611632409773,NA,0.115823164632927,2.45925557974206,2.46474577020656,0.0448058156838864,2.21801621164063,2.56732585717877,0,0,0.331282256451311,"targeted",1,"A",24,21,3,10325,140,"n_minority",1,"negative",0.759001535363495,0.189456066531129,0.177847274914384,10836.7311372508,15.0338364974304,2.58522048227889,3.20110029101686,0.000369114998733351,0.0192123657765865,"ok"
83,"targeted",0,"aggregate_hksj",2,"A",5000,5000,0,0,0,-0.00135392199625312,-0.00135392199625312,0.00742973520863664,0.0861959117860972,0.0891038158834272,1.0337359862791,0.0861979255340107,0.9626,0.0374,0.00268332778467335,0.0374,NA,58,58,0,58,58,0,0,0.0589819999998042,"targeted",2,"A",60,47,13,20006,224,"n_majority",1,"independent",0.207200364582241,0.243872763770632,0.176301120710559,3067.61551330669,18.231049720219,11.4800801523977,11.0245603755039,0.001303944377204,0.0361101699968858,"ok"
83,"targeted",0,"che_rve",2,"A",5000,4999,1,0,2e-04,-0.00139940143189464,-0.00139940143189464,0.00741154821440895,0.0860903491362937,0.0865148454622125,1.00493082360773,0.0860931119928443,0.957591518303661,0.0424084816963393,0.00285019739673416,0.0424084816963393,NA,18.0013169372548,18.0209797990164,0.207437129021835,16.9204751078318,18.5121007643163,0,0,0.459121824364825,"targeted",2,"A",60,47,13,20006,224,"n_majority",1,"independent",0.207200364582241,0.243872763770632,0.176301120710559,3067.61551330669,18.231049720219,11.4800801523977,11.0245603755039,0.001303944377204,0.0361101699968858,"ok"
83,"targeted",0,"mlma",2,"A",5000,4998,2,0,4e-04,-0.00135377324903087,-0.00135377324903087,0.00740521807741711,0.0860535767845655,0.0862711503011491,1.00252834948544,0.0860556165695006,0.95218087234894,0.0478191276510604,0.00301830014920098,0.0478191276510604,NA,NA,NA,NA,NA,NA,0,0,0.349221688675589,"targeted",2,"A",60,47,13,20006,224,"n_majority",1,"independent",0.207200364582241,0.243872763770632,0.176301120710559,3067.61551330669,18.231049720219,11.4800801523977,11.0245603755039,0.001303944377204,0.0361101699968858,"ok"
83,"targeted",0,"mlma_cr2",2,"A",5000,4998,2,0,4e-04,-0.00135377324903087,-0.00135377324903087,0.00740521807741711,0.0860535767845655,0.0865604621459715,1.00589034622785,0.0860556165695006,0.957382953181273,0.0426170468187275,0.00285717206354743,0.0426170468187275,NA,18.3713538749989,18.3865443269781,0.148848187648532,17.5489682462144,18.7297463550513,0,0,0.388463385354248,"targeted",2,"A",60,47,13,20006,224,"n_majority",1,"independent",0.207200364582241,0.243872763770632,0.176301120710559,3067.61551330669,18.231049720219,11.4800801523977,11.0245603755039,0.001303944377204,0.0361101699968858,"ok"
83,"targeted",0.05,"aggregate_hksj",2,"A",5000,5000,0,0,0,0.0486460780037469,-0.00135392199625312,0.00742973520863664,0.0861959117860972,0.0891038158834272,1.0337359862791,0.0861979255340107,0.9626,0.0746,0.00371577286711661,NA,0.0746,58,58,0,58,58,0,0,0.0587740000000515,"targeted",2,"A",60,47,13,20006,224,"n_majority",1,"independent",0.207200364582241,0.243872763770632,0.176301120710559,3067.61551330669,18.231049720219,11.4800801523977,11.0245603755039,0.001303944377204,0.0361101699968858,"ok"
83,"targeted",0.05,"che_rve",2,"A",5000,5000,0,0,0,0.0486215580305217,-0.00137844196947833,0.007412262103642,0.0860944951994145,0.0865124748686893,1.00485489424506,0.086096920696878,0.9576,0.0766,0.00376118172919097,NA,0.0766,18.0012947021418,18.0209734060521,0.207422339082929,16.9204751062788,18.512100764389,0,0,0.459712000000036,"targeted",2,"A",60,47,13,20006,224,"n_majority",1,"independent",0.207200364582241,0.243872763770632,0.176301120710559,3067.61551330669,18.231049720219,11.4800801523977,11.0245603755039,0.001303944377204,0.0361101699968858,"ok"
83,"targeted",0.05,"mlma",2,"A",5000,5000,0,0,0,0.0485996405157089,-0.00140035948429113,0.00741165320750136,0.0860909589184681,0.0862692089274796,1.00207048465078,0.0860937389334736,0.952,0.0924,0.00409541792739154,NA,0.0924,NA,NA,NA,NA,NA,0,0,0.348809999999945,"targeted",2,"A",60,47,13,20006,224,"n_majority",1,"independent",0.207200364582241,0.243872763770632,0.176301120710559,3067.61551330669,18.231049720219,11.4800801523977,11.0245603755039,0.001303944377204,0.0361101699968858,"ok"
83,"targeted",0.05,"mlma_cr2",2,"A",5000,5000,0,0,0,0.0485996405157089,-0.00140035948429113,0.00741165320750136,0.0860909589184681,0.0865592682570146,1.00543970405754,0.0860937389334736,0.9572,0.0762,0.00375216097735692,NA,0.0762,18.3713143225403,18.386544326614,0.148867921063918,17.5489682361847,18.7297463508936,0,0,0.388301999999912,"targeted",2,"A",60,47,13,20006,224,"n_majority",1,"independent",0.207200364582241,0.243872763770632,0.176301120710559,3067.61551330669,18.231049720219,11.4800801523977,11.0245603755039,0.001303944377204,0.0361101699968858,"ok"
83,"targeted",0.1,"aggregate_hksj",2,"A",5000,5000,0,0,0,0.0986460780037469,-0.00135392199625313,0.00742973520863664,0.0861959117860972,0.0891038158834272,1.0337359862791,0.0861979255340107,0.9626,0.1836,0.00547523588532951,NA,0.1836,58,58,0,58,58,0,0,0.0587539999999761,"targeted",2,"A",60,47,13,20006,224,"n_majority",1,"independent",0.207200364582241,0.243872763770632,0.176301120710559,3067.61551330669,18.231049720219,11.4800801523977,11.0245603755039,0.001303944377204,0.0361101699968858,"ok"
83,"targeted",0.1,"che_rve",2,"A",5000,4999,1,0,2e-04,0.0985897549842909,-0.00141024501570909,0.00740868696844669,0.0860737298392877,0.086513002626833,1.00510344780417,0.0860766735280271,0.957591518303661,0.188437687537508,0.00553099479942796,NA,0.188437687537508,18.0013054419941,18.0209797999552,0.207441698277657,16.9204751092447,18.5121007643844,0,0,0.45854970994215,"targeted",2,"A",60,47,13,20006,224,"n_majority",1,"independent",0.207200364582241,0.243872763770632,0.176301120710559,3067.61551330669,18.231049720219,11.4800801523977,11.0245603755039,0.001303944377204,0.0361101699968858,"ok"
83,"targeted",0.1,"mlma",2,"A",5000,4998,2,0,4e-04,0.0985837439916551,-0.00141625600834495,0.00741271056245248,0.0860970996169586,0.086271190143632,1.00202202545089,0.0861001347743836,0.951980792316927,0.211284513805522,0.0057742540999216,NA,0.211284513805522,NA,NA,NA,NA,NA,0,0,0.347879151660595,"targeted",2,"A",60,47,13,20006,224,"n_majority",1,"independent",0.207200364582241,0.243872763770632,0.176301120710559,3067.61551330669,18.231049720219,11.4800801523977,11.0245603755039,0.001303944377204,0.0361101699968858,"ok"
83,"targeted",0.1,"mlma_cr2",2,"A",5000,4998,2,0,4e-04,0.0985837439916551,-0.00141625600834495,0.00741271056245248,0.0860970996169586,0.0865614947569342,1.00539385347522,0.0861001347743836,0.95718287314926,0.187074829931973,0.00551613439675399,NA,0.187074829931973,18.3713547751859,18.3865443266601,0.148846581037804,17.548968235895,18.729746360527,0,0,0.387416966786593,"targeted",2,"A",60,47,13,20006,224,"n_majority",1,"independent",0.207200364582241,0.243872763770632,0.176301120710559,3067.61551330669,18.231049720219,11.4800801523977,11.0245603755039,0.001303944377204,0.0361101699968858,"ok"
83,"targeted",0.2,"aggregate_hksj",2,"A",5000,5000,0,0,0,0.198646078003747,-0.00135392199625312,0.00742973520863664,0.0861959117860972,0.0891038158834272,1.0337359862791,0.0861979255340107,0.9626,0.595,0.00694226187924368,NA,0.595,58,58,0,58,58,0,0,0.058916000000127,"targeted",2,"A",60,47,13,20006,224,"n_majority",1,"independent",0.207200364582241,0.243872763770632,0.176301120710559,3067.61551330669,18.231049720219,11.4800801523977,11.0245603755039,0.001303944377204,0.0361101699968858,"ok"
83,"targeted",0.2,"che_rve",2,"A",5000,4999,1,0,2e-04,0.198634086084301,-0.00136591391569924,0.00741296023125624,0.0860985495305016,0.0865164572667329,1.00485383015754,0.0861007727227657,0.957591518303661,0.573914782956591,0.00699407637883478,NA,0.573914782956591,18.0014087231922,18.0209797992458,0.20728632018789,16.9204751081448,18.5121007641665,0,0,0.459783956791421,"targeted",2,"A",60,47,13,20006,224,"n_majority",1,"independent",0.207200364582241,0.243872763770632,0.176301120710559,3067.61551330669,18.231049720219,11.4800801523977,11.0245603755039,0.001303944377204,0.0361101699968858,"ok"
83,"targeted",0.2,"mlma",2,"A",5000,5000,0,0,0,0.198599640513458,-0.00140035948654202,0.00741165320911204,0.0860909589278226,0.0862692089095175,1.00207048433325,0.0860937389428625,0.952,0.6338,0.00681318662594824,NA,0.6338,NA,NA,NA,NA,NA,0,0,0.347911999999695,"targeted",2,"A",60,47,13,20006,224,"n_majority",1,"independent",0.207200364582241,0.243872763770632,0.176301120710559,3067.61551330669,18.231049720219,11.4800801523977,11.0245603755039,0.001303944377204,0.0361101699968858,"ok"
83,"targeted",0.2,"mlma_cr2",2,"A",5000,5000,0,0,0,0.198599640513458,-0.00140035948654202,0.00741165320911204,0.0860909589278226,0.0865592682552602,1.00543970392791,0.0860937389428625,0.9572,0.577,0.00698671596674718,NA,0.577,18.3713143222366,18.3865443259216,0.148867920731325,17.5489682346124,18.729746352856,0,0,0.387137999999839,"targeted",2,"A",60,47,13,20006,224,"n_majority",1,"independent",0.207200364582241,0.243872763770632,0.176301120710559,3067.61551330669,18.231049720219,11.4800801523977,11.0245603755039,0.001303944377204,0.0361101699968858,"ok"
84,"targeted",0,"aggregate_hksj",2,"A",5000,5000,0,0,0,0.000645191872606055,0.000645191872606055,0.00671179705875595,0.0819255580313979,0.0814838613699579,0.994608560844093,0.0819199058342762,0.9488,0.0512,0.0031170036894428,0.0512,NA,58,58,0,58,58,0,0,0.060088000000015,"targeted",2,"A",60,47,13,20006,224,"n_minority",1,"independent",0.207200364582241,0.243872763770632,0.176301120710559,28229.23145335,29.2286519040225,8.90961824293529,33.0442459558731,0.000141697091775601,0.0119036587558448,"ok"
84,"targeted",0,"che_rve",2,"A",5000,5000,0,0,0,0.000621325875635572,0.000621325875635572,0.00670985953879292,0.0819137322968067,0.0815599524706053,0.995681068164254,0.0819078971328705,0.9532,0.0468,0.00298696367570816,0.0468,NA,19.6657028713182,19.6581623770371,0.0866767428038371,19.4478882165948,20.3302369536471,0,0,0.463855999999875,"targeted",2,"A",60,47,13,20006,224,"n_minority",1,"independent",0.207200364582241,0.243872763770632,0.176301120710559,28229.23145335,29.2286519040225,8.90961824293529,33.0442459558731,0.000141697091775601,0.0119036587558448,"ok"
84,"targeted",0,"mlma",2,"A",5000,5000,0,0,0,0.000605748204028034,0.000605748204028034,0.00670902806401662,0.0819086568319651,0.0830269945206462,1.01365347366122,0.0819027056286329,0.9484,0.0516,0.00312849612433834,0.0516,NA,NA,NA,NA,NA,NA,0,0,0.353094000000029,"targeted",2,"A",60,47,13,20006,224,"n_minority",1,"independent",0.207200364582241,0.243872763770632,0.176301120710559,28229.23145335,29.2286519040225,8.90961824293529,33.0442459558731,0.000141697091775601,0.0119036587558448,"ok"
84,"targeted",0,"mlma_cr2",2,"A",5000,5000,0,0,0,0.000605748204028034,0.000605748204028034,0.00670902806401662,0.0819086568319651,0.0815693594776491,0.995857613011381,0.0819027056286329,0.954,0.046,0.00296256645495084,0.046,NA,19.4749253834714,19.4700724500749,0.0528217994119499,19.3391805070559,19.8572297258503,0,0,0.392512000000043,"targeted",2,"A",60,47,13,20006,224,"n_minority",1,"independent",0.207200364582241,0.243872763770632,0.176301120710559,28229.23145335,29.2286519040225,8.90961824293529,33.0442459558731,0.000141697091775601,0.0119036587558448,"ok"
84,"targeted",0.05,"aggregate_hksj",2,"A",5000,5000,0,0,0,0.0506451918726061,0.00064519187260606,0.00671179705875595,0.0819255580313979,0.0814838613699579,0.994608560844093,0.0819199058342762,0.9488,0.0914,0.00407543960818953,NA,0.0914,58,58,0,58,58,0,0,0.0595719999999797,"targeted",2,"A",60,47,13,20006,224,"n_minority",1,"independent",0.207200364582241,0.243872763770632,0.176301120710559,28229.23145335,29.2286519040225,8.90961824293529,33.0442459558731,0.000141697091775601,0.0119036587558448,"ok"
84,"targeted",0.05,"che_rve",2,"A",5000,5000,0,0,0,0.0506213258745443,0.000621325874544283,0.00670985953881025,0.0819137322969125,0.0815599524713341,0.995681068171866,0.081907897132968,0.9532,0.0856,0.00395658034165869,NA,0.0856,19.6657028712264,19.6581623744797,0.0866767427434683,19.4478882164813,20.3302369530818,0,0,0.462429999999845,"targeted",2,"A",60,47,13,20006,224,"n_minority",1,"independent",0.207200364582241,0.243872763770632,0.176301120710559,28229.23145335,29.2286519040225,8.90961824293529,33.0442459558731,0.000141697091775601,0.0119036587558448,"ok"
84,"targeted",0.05,"mlma",2,"A",5000,5000,0,0,0,0.0506057482035982,0.000605748203598155,0.00670902806396852,0.0819086568316715,0.0830269945241425,1.01365347370754,0.0819027056283362,0.9484,0.0908,0.00406338184275118,NA,0.0908,NA,NA,NA,NA,NA,0,0,0.352141999999946,"targeted",2,"A",60,47,13,20006,224,"n_minority",1,"independent",0.207200364582241,0.243872763770632,0.176301120710559,28229.23145335,29.2286519040225,8.90961824293529,33.0442459558731,0.000141697091775601,0.0119036587558448,"ok"
84,"targeted",0.05,"mlma_cr2",2,"A",5000,5000,0,0,0,0.0506057482035982,0.000605748203598155,0.00670902806396852,0.0819086568316715,0.0815693594779823,0.995857613019019,0.0819027056283362,0.954,0.0848,0.0039397705516946,NA,0.0848,19.4749253834783,19.4700724503138,0.0528217995732937,19.3391805114161,19.857229832225,0,0,0.391714000000144,"targeted",2,"A",60,47,13,20006,224,"n_minority",1,"independent",0.207200364582241,0.243872763770632,0.176301120710559,28229.23145335,29.2286519040225,8.90961824293529,33.0442459558731,0.000141697091775601,0.0119036587558448,"ok"
84,"targeted",0.1,"aggregate_hksj",2,"A",5000,5000,0,0,0,0.100645191872606,0.000645191872606046,0.00671179705875595,0.0819255580313979,0.0814838613699579,0.994608560844093,0.0819199058342762,0.9488,0.2266,0.00592034526020231,NA,0.2266,58,58,0,58,58,0,0,0.0599919999999896,"targeted",2,"A",60,47,13,20006,224,"n_minority",1,"independent",0.207200364582241,0.243872763770632,0.176301120710559,28229.23145335,29.2286519040225,8.90961824293529,33.0442459558731,0.000141697091775601,0.0119036587558448,"ok"
84,"targeted",0.1,"che_rve",2,"A",5000,5000,0,0,0,0.100621325875645,0.000621325875644743,0.00670985953877259,0.0819137322966827,0.0815599524710102,0.995681068170706,0.0819078971327465,0.9532,0.2072,0.00573180878955326,NA,0.2072,19.6657028715246,19.6581623738905,0.0866767427923353,19.4478882164066,20.3302369528623,0,0,0.463222000000154,"targeted",2,"A",60,47,13,20006,224,"n_minority",1,"independent",0.207200364582241,0.243872763770632,0.176301120710559,28229.23145335,29.2286519040225,8.90961824293529,33.0442459558731,0.000141697091775601,0.0119036587558448,"ok"
84,"targeted",0.1,"mlma",2,"A",5000,5000,0,0,0,0.100605748207221,0.000605748207221257,0.00670902806415752,0.0819086568328252,0.0830269945669336,1.01365347421569,0.0819027056295165,0.9484,0.2276,0.00592955715041182,NA,0.2276,NA,NA,NA,NA,NA,0,0,0.351822000000052,"targeted",2,"A",60,47,13,20006,224,"n_minority",1,"independent",0.207200364582241,0.243872763770632,0.176301120710559,28229.23145335,29.2286519040225,8.90961824293529,33.0442459558731,0.000141697091775601,0.0119036587558448,"ok"
84,"targeted",0.1,"mlma_cr2",2,"A",5000,5000,0,0,0,0.100605748207221,0.000605748207221257,0.00670902806415752,0.0819086568328252,0.0815693594789011,0.99585761301621,0.0819027056295165,0.954,0.208,0.00573996515668867,NA,0.208,19.4749253832358,19.4700724506488,0.0528217997189814,19.3391805111393,19.8572298283338,0,0,0.391573999999909,"targeted",2,"A",60,47,13,20006,224,"n_minority",1,"independent",0.207200364582241,0.243872763770632,0.176301120710559,28229.23145335,29.2286519040225,8.90961824293529,33.0442459558731,0.000141697091775601,0.0119036587558448,"ok"
84,"targeted",0.2,"aggregate_hksj",2,"A",5000,5000,0,0,0,0.200645191872606,0.00064519187260606,0.00671179705875595,0.0819255580313979,0.0814838613699579,0.994608560844093,0.0819199058342762,0.9488,0.6742,0.00662803681341617,NA,0.6742,58,58,0,58,58,0,0,0.0593560000001919,"targeted",2,"A",60,47,13,20006,224,"n_minority",1,"independent",0.207200364582241,0.243872763770632,0.176301120710559,28229.23145335,29.2286519040225,8.90961824293529,33.0442459558731,0.000141697091775601,0.0119036587558448,"ok"
84,"targeted",0.2,"che_rve",2,"A",5000,5000,0,0,0,0.20062132587557,0.000621325875570344,0.00670985953859796,0.0819137322956167,0.0815599524710833,0.995681068184555,0.0819078971316801,0.9532,0.6402,0.00678739950201843,NA,0.6402,19.665702871703,19.6581623756168,0.0866767429231116,19.4478882164265,20.3302369543883,0,0,0.463116000000085,"targeted",2,"A",60,47,13,20006,224,"n_minority",1,"independent",0.207200364582241,0.243872763770632,0.176301120710559,28229.23145335,29.2286519040225,8.90961824293529,33.0442459558731,0.000141697091775601,0.0119036587558448,"ok"
84,"targeted",0.2,"mlma",2,"A",5000,5000,0,0,0,0.20060574820625,0.00060574820625009,0.0067090280636982,0.0819086568300213,0.0830269945578318,1.01365347413926,0.0819027056267058,0.9484,0.6736,0.00663118450957293,NA,0.6736,NA,NA,NA,NA,NA,0,0,0.352415999999928,"targeted",2,"A",60,47,13,20006,224,"n_minority",1,"independent",0.207200364582241,0.243872763770632,0.176301120710559,28229.23145335,29.2286519040225,8.90961824293529,33.0442459558731,0.000141697091775601,0.0119036587558448,"ok"
84,"targeted",0.2,"mlma_cr2",2,"A",5000,5000,0,0,0,0.20060574820625,0.00060574820625009,0.0067090280636982,0.0819086568300213,0.0815693594783838,0.995857613043983,0.0819027056267058,0.954,0.6392,0.00679151470586643,NA,0.6392,19.474925383177,19.4700724505458,0.0528217994600947,19.3391805070954,19.857229834587,0,0,0.392085999999868,"targeted",2,"A",60,47,13,20006,224,"n_minority",1,"independent",0.207200364582241,0.243872763770632,0.176301120710559,28229.23145335,29.2286519040225,8.90961824293529,33.0442459558731,0.000141697091775601,0.0119036587558448,"ok"
85,"targeted",0,"aggregate_hksj",3,"B",5000,5000,0,0,0,0.00095151191651082,0.00095151191651082,0.00947208985480014,0.0973246621098689,0.0925075359485043,0.950504568349525,0.0973195808239865,0.941,0.059,0.00333223648620562,0.059,NA,70,70,0,70,70,0,0,0.0700460000001272,"targeted",3,"B",72,64,8,20367,467,"nk_majority",1,"independent",0.218825042247772,0.192395098721609,0.223085797922686,2162.91262034538,26.0118295313756,6.46828952673651,5.65023344121253,0.00184935811200791,0.0430041638915106,"ok"
85,"targeted",0,"che_rve",3,"B",5000,5000,0,0,0,0.00107384990035048,0.00107384990035048,0.00936453503202178,0.0967705277035409,0.0942951047472458,0.974419660458207,0.0967668087653192,0.954,0.046,0.00296256645495084,0.046,NA,8.25902557896159,8.26527078930101,0.0817573051903798,7.80338251865626,8.53247359254204,0,0,0.712597999999992,"targeted",3,"B",72,64,8,20367,467,"nk_majority",1,"independent",0.218825042247772,0.192395098721609,0.223085797922686,2162.91262034538,26.0118295313756,6.46828952673651,5.65023344121253,0.00184935811200791,0.0430041638915106,"ok"
85,"targeted",0,"mlma",3,"B",5000,5000,0,0,0,0.00109811671766015,0.00109811671766015,0.00937987705740456,0.0968497653967451,0.0953370951691547,0.984381271122406,0.0968463057752782,0.9466,0.0534,0.00317957355631223,0.0534,NA,NA,NA,NA,NA,NA,0,0,0.444913999999946,"targeted",3,"B",72,64,8,20367,467,"nk_majority",1,"independent",0.218825042247772,0.192395098721609,0.223085797922686,2162.91262034538,26.0118295313756,6.46828952673651,5.65023344121253,0.00184935811200791,0.0430041638915106,"ok"
85,"targeted",0,"mlma_cr2",3,"B",5000,5000,0,0,0,0.00109811671766015,0.00109811671766015,0.00937987705740456,0.0968497653967451,0.0943373915861326,0.974059061471956,0.0968463057752782,0.9538,0.0462,0.00296868859936505,0.0462,NA,8.31152415468823,8.31780083781077,0.0785276928092889,7.86490099368763,8.56919646438202,0,0,0.49783599999997,"targeted",3,"B",72,64,8,20367,467,"nk_majority",1,"independent",0.218825042247772,0.192395098721609,0.223085797922686,2162.91262034538,26.0118295313756,6.46828952673651,5.65023344121253,0.00184935811200791,0.0430041638915106,"ok"
85,"targeted",0.05,"aggregate_hksj",3,"B",5000,5000,0,0,0,0.0509515119165108,0.000951511916510821,0.00947208985480014,0.0973246621098689,0.0925075359485043,0.950504568349525,0.0973195808239865,0.941,0.0954,0.00415448769404845,NA,0.0954,70,70,0,70,70,0,0,0.0701039999999368,"targeted",3,"B",72,64,8,20367,467,"nk_majority",1,"independent",0.218825042247772,0.192395098721609,0.223085797922686,2162.91262034538,26.0118295313756,6.46828952673651,5.65023344121253,0.00184935811200791,0.0430041638915106,"ok"
85,"targeted",0.05,"che_rve",3,"B",5000,5000,0,0,0,0.0510738499025777,0.00107384990257767,0.00936453503172688,0.0967705277020172,0.0942951047469752,0.974419660470753,0.0967668087638205,0.954,0.0698,0.00360355269144216,NA,0.0698,8.25902557907014,8.26527078707515,0.0817573051254669,7.80338251934106,8.53247359273892,0,0,0.710827999999953,"targeted",3,"B",72,64,8,20367,467,"nk_majority",1,"independent",0.218825042247772,0.192395098721609,0.223085797922686,2162.91262034538,26.0118295313756,6.46828952673651,5.65023344121253,0.00184935811200791,0.0430041638915106,"ok"
85,"targeted",0.05,"mlma",3,"B",5000,5000,0,0,0,0.0510981167151383,0.00109811671513829,0.00937987705738641,0.0968497653966514,0.0953370951644408,0.984381271074685,0.0968463057751559,0.9466,0.0872,0.00398989122658751,NA,0.0872,NA,NA,NA,NA,NA,0,0,0.440097999999946,"targeted",3,"B",72,64,8,20367,467,"nk_majority",1,"independent",0.218825042247772,0.192395098721609,0.223085797922686,2162.91262034538,26.0118295313756,6.46828952673651,5.65023344121253,0.00184935811200791,0.0430041638915106,"ok"
85,"targeted",0.05,"mlma_cr2",3,"B",5000,5000,0,0,0,0.0510981167151383,0.00109811671513829,0.00937987705738641,0.0968497653966514,0.0943373915862132,0.97405906147373,0.0968463057751559,0.9538,0.0724,0.00366492128155572,NA,0.0724,8.31152415454386,8.31780084483075,0.0785276929857012,7.8649009873332,8.56919647627221,0,0,0.493284000000014,"targeted",3,"B",72,64,8,20367,467,"nk_majority",1,"independent",0.218825042247772,0.192395098721609,0.223085797922686,2162.91262034538,26.0118295313756,6.46828952673651,5.65023344121253,0.00184935811200791,0.0430041638915106,"ok"
85,"targeted",0.1,"aggregate_hksj",3,"B",5000,5000,0,0,0,0.100951511916511,0.000951511916510814,0.00947208985480014,0.0973246621098689,0.0925075359485043,0.950504568349525,0.0973195808239865,0.941,0.1988,0.00564408646283878,NA,0.1988,70,70,0,70,70,0,0,0.0701359999999549,"targeted",3,"B",72,64,8,20367,467,"nk_majority",1,"independent",0.218825042247772,0.192395098721609,0.223085797922686,2162.91262034538,26.0118295313756,6.46828952673651,5.65023344121253,0.00184935811200791,0.0430041638915106,"ok"
85,"targeted",0.1,"che_rve",3,"B",5000,5000,0,0,0,0.101073849901855,0.00107384990185458,0.00936453503158192,0.0967705277012682,0.0942951047471655,0.974419660480261,0.0967668087630636,0.954,0.1438,0.00496228898795707,NA,0.1438,8.25902557890004,8.26527078573484,0.0817573051786706,7.80338252054727,8.53247359249375,0,0,0.71227799999993,"targeted",3,"B",72,64,8,20367,467,"nk_majority",1,"independent",0.218825042247772,0.192395098721609,0.223085797922686,2162.91262034538,26.0118295313756,6.46828952673651,5.65023344121253,0.00184935811200791,0.0430041638915106,"ok"
85,"targeted",0.1,"mlma",3,"B",5000,5000,0,0,0,0.101098116713664,0.00109811671366386,0.00937987705701519,0.0968497653947349,0.0953370951648073,0.98438127109795,0.096846305773223,0.9466,0.1898,0.00554573638031957,NA,0.1898,NA,NA,NA,NA,NA,0,0,0.440744000000146,"targeted",3,"B",72,64,8,20367,467,"nk_majority",1,"independent",0.218825042247772,0.192395098721609,0.223085797922686,2162.91262034538,26.0118295313756,6.46828952673651,5.65023344121253,0.00184935811200791,0.0430041638915106,"ok"
85,"targeted",0.1,"mlma_cr2",3,"B",5000,5000,0,0,0,0.101098116713664,0.00109811671366386,0.00937987705701519,0.0968497653947349,0.0943373915854238,0.974059061484855,0.096846305773223,0.9538,0.1454,0.00498515476189055,NA,0.1454,8.31152415453671,8.31780084020146,0.0785276931371661,7.86490099368763,8.56919646543321,0,0,0.493608000000194,"targeted",3,"B",72,64,8,20367,467,"nk_majority",1,"independent",0.218825042247772,0.192395098721609,0.223085797922686,2162.91262034538,26.0118295313756,6.46828952673651,5.65023344121253,0.00184935811200791,0.0430041638915106,"ok"
85,"targeted",0.2,"aggregate_hksj",3,"B",5000,5000,0,0,0,0.200951511916511,0.0009515119165108,0.00947208985480014,0.0973246621098689,0.0925075359485043,0.950504568349525,0.0973195808239865,0.941,0.5702,0.00700102792452651,NA,0.5702,70,70,0,70,70,0,0,0.0701899999999499,"targeted",3,"B",72,64,8,20367,467,"nk_majority",1,"independent",0.218825042247772,0.192395098721609,0.223085797922686,2162.91262034538,26.0118295313756,6.46828952673651,5.65023344121253,0.00184935811200791,0.0430041638915106,"ok"
85,"targeted",0.2,"che_rve",3,"B",5000,5000,0,0,0,0.201073849898554,0.00107384989855422,0.00936453503066284,0.0967705276965195,0.0942951047465792,0.974419660522019,0.096766808758279,0.954,0.4552,0.00704262678267136,NA,0.4552,8.25902557899887,8.26527078379947,0.081757304963964,7.80338251934446,8.53247359225174,0,0,0.712250000000125,"targeted",3,"B",72,64,8,20367,467,"nk_majority",1,"independent",0.218825042247772,0.192395098721609,0.223085797922686,2162.91262034538,26.0118295313756,6.46828952673651,5.65023344121253,0.00184935811200791,0.0430041638915106,"ok"
85,"targeted",0.2,"mlma",3,"B",5000,5000,0,0,0,0.201098116715204,0.00109811671520418,0.00937987705712122,0.0968497653952823,0.0953370951579962,0.984381271022058,0.0968463057737878,0.9466,0.5572,0.00702464461734542,NA,0.5572,NA,NA,NA,NA,NA,0,0,0.438998000000039,"targeted",3,"B",72,64,8,20367,467,"nk_majority",1,"independent",0.218825042247772,0.192395098721609,0.223085797922686,2162.91262034538,26.0118295313756,6.46828952673651,5.65023344121253,0.00184935811200791,0.0430041638915106,"ok"
85,"targeted",0.2,"mlma_cr2",3,"B",5000,5000,0,0,0,0.201098116715204,0.00109811671520418,0.00937987705712122,0.0968497653952823,0.0943373915859523,0.974059061484806,0.0968463057737878,0.9538,0.4542,0.00704134021334007,NA,0.4542,8.31152415438371,8.31780084474348,0.0785276932846193,7.8649009873332,8.56919646335496,0,0,0.492061999999979,"targeted",3,"B",72,64,8,20367,467,"nk_majority",1,"independent",0.218825042247772,0.192395098721609,0.223085797922686,2162.91262034538,26.0118295313756,6.46828952673651,5.65023344121253,0.00184935811200791,0.0430041638915106,"ok"
86,"targeted",0,"aggregate_hksj",3,"B",5000,5000,0,0,0,0.000640775478905768,0.000640775478905768,0.0058975063962462,0.0767952237853774,0.081349754331092,1.05930747149645,0.0767902173989716,0.964,0.036,0.00263453980801202,0.036,NA,70,70,0,70,70,0,0,0.0686679999999685,"targeted",3,"B",72,64,8,20367,467,"nk_minority",1,"independent",0.218825042247772,0.192395098721609,0.223085797922686,29013.3379588614,25.2968965084358,5.2490749619427,8.66099577131631,0.00013786762507891,0.0117417045218703,"ok"
86,"targeted",0,"che_rve",3,"B",5000,5000,0,0,0,0.000484838357648707,0.000484838357648707,0.00587992210450584,0.0766806501309544,0.075870976488057,0.989440965334609,0.076674514594603,0.956,0.044,0.00290048271844533,0.044,NA,9.35669087004988,9.34385715541713,0.104200338167175,9.12069462382714,9.99232407895607,0,0,0.69656000000003,"targeted",3,"B",72,64,8,20367,467,"nk_minority",1,"independent",0.218825042247772,0.192395098721609,0.223085797922686,29013.3379588614,25.2968965084358,5.2490749619427,8.66099577131631,0.00013786762507891,0.0117417045218703,"ok"
86,"targeted",0,"mlma",3,"B",5000,5000,0,0,0,0.000433358447700361,0.000433358447700361,0.00588108800825004,0.0766882520875919,0.0785408882570303,1.02415801793634,0.0766818074264854,0.954,0.046,0.00296256645495084,0.046,NA,NA,NA,NA,NA,NA,0,0,0.433280000000204,"targeted",3,"B",72,64,8,20367,467,"nk_minority",1,"independent",0.218825042247772,0.192395098721609,0.223085797922686,29013.3379588614,25.2968965084358,5.2490749619427,8.66099577131631,0.00013786762507891,0.0117417045218703,"ok"
86,"targeted",0,"mlma_cr2",3,"B",5000,5000,0,0,0,0.000433358447700361,0.000433358447700361,0.00588108800825004,0.0766882520875919,0.0758774688147236,0.989427542670523,0.0766818074264854,0.956,0.044,0.00290048271844533,0.044,NA,9.2586541006126,9.2489173429324,0.0818238218241469,9.07057488946712,9.72816854343387,0,0,0.485020000000002,"targeted",3,"B",72,64,8,20367,467,"nk_minority",1,"independent",0.218825042247772,0.192395098721609,0.223085797922686,29013.3379588614,25.2968965084358,5.2490749619427,8.66099577131631,0.00013786762507891,0.0117417045218703,"ok"
86,"targeted",0.05,"aggregate_hksj",3,"B",5000,5000,0,0,0,0.0506407754789058,0.000640775478905772,0.0058975063962462,0.0767952237853774,0.081349754331092,1.05930747149645,0.0767902173989716,0.964,0.0856,0.00395658034165869,NA,0.0856,70,70,0,70,70,0,0,0.0681580000000214,"targeted",3,"B",72,64,8,20367,467,"nk_minority",1,"independent",0.218825042247772,0.192395098721609,0.223085797922686,29013.3379588614,25.2968965084358,5.2490749619427,8.66099577131631,0.00013786762507891,0.0117417045218703,"ok"
86,"targeted",0.05,"che_rve",3,"B",5000,5000,0,0,0,0.0504848383572238,0.000484838357223759,0.00587992210424507,0.076680650129254,0.0758709764877163,0.989440965352107,0.0766745145929001,0.956,0.0844,0.00393132649369141,NA,0.0844,9.35669087029378,9.34385716102618,0.104200338463821,9.12069462382993,9.99232408169128,0,0,0.695732000000252,"targeted",3,"B",72,64,8,20367,467,"nk_minority",1,"independent",0.218825042247772,0.192395098721609,0.223085797922686,29013.3379588614,25.2968965084358,5.2490749619427,8.66099577131631,0.00013786762507891,0.0117417045218703,"ok"
86,"targeted",0.05,"mlma",3,"B",5000,5000,0,0,0,0.0504333584482497,0.000433358448249731,0.00588108800841093,0.0766882520886409,0.0785408882468349,1.02415801778938,0.0766818074275373,0.954,0.1062,0.00435709903490843,NA,0.1062,NA,NA,NA,NA,NA,0,0,0.429706000000108,"targeted",3,"B",72,64,8,20367,467,"nk_minority",1,"independent",0.218825042247772,0.192395098721609,0.223085797922686,29013.3379588614,25.2968965084358,5.2490749619427,8.66099577131631,0.00013786762507891,0.0117417045218703,"ok"
86,"targeted",0.05,"mlma_cr2",3,"B",5000,5000,0,0,0,0.0504333584482497,0.000433358448249731,0.00588108800841093,0.0766882520886409,0.0758774688145488,0.989427542654708,0.0766818074275373,0.956,0.0844,0.00393132649369141,NA,0.0844,9.25865410073678,9.24891734413718,0.0818238220139327,9.07057488816793,9.72816854678135,0,0,0.481483999999976,"targeted",3,"B",72,64,8,20367,467,"nk_minority",1,"independent",0.218825042247772,0.192395098721609,0.223085797922686,29013.3379588614,25.2968965084358,5.2490749619427,8.66099577131631,0.00013786762507891,0.0117417045218703,"ok"
86,"targeted",0.1,"aggregate_hksj",3,"B",5000,5000,0,0,0,0.100640775478906,0.000640775478905758,0.0058975063962462,0.0767952237853774,0.081349754331092,1.05930747149645,0.0767902173989716,0.964,0.2132,0.00579216298113235,NA,0.2132,70,70,0,70,70,0,0,0.0684900000001059,"targeted",3,"B",72,64,8,20367,467,"nk_minority",1,"independent",0.218825042247772,0.192395098721609,0.223085797922686,29013.3379588614,25.2968965084358,5.2490749619427,8.66099577131631,0.00013786762507891,0.0117417045218703,"ok"
86,"targeted",0.1,"che_rve",3,"B",5000,5000,0,0,0,0.100484838359291,0.000484838359291251,0.00587992210442218,0.0766806501304089,0.0758709764877524,0.989440965337676,0.0766745145940679,0.956,0.2088,0.00574808768200347,NA,0.2088,9.35669087034816,9.34385715907504,0.10420033841345,9.12069462412791,9.99232407298247,0,0,0.695876000000127,"targeted",3,"B",72,64,8,20367,467,"nk_minority",1,"independent",0.218825042247772,0.192395098721609,0.223085797922686,29013.3379588614,25.2968965084358,5.2490749619427,8.66099577131631,0.00013786762507891,0.0117417045218703,"ok"
86,"targeted",0.1,"mlma",3,"B",5000,5000,0,0,0,0.100433358448805,0.00043335844880521,0.00588108800848226,0.0766882520891059,0.0785408882548129,1.0241580178872,0.0766818074280055,0.954,0.2418,0.0060552912398992,NA,0.2418,NA,NA,NA,NA,NA,0,0,0.430023999999993,"targeted",3,"B",72,64,8,20367,467,"nk_minority",1,"independent",0.218825042247772,0.192395098721609,0.223085797922686,29013.3379588614,25.2968965084358,5.2490749619427,8.66099577131631,0.00013786762507891,0.0117417045218703,"ok"
86,"targeted",0.1,"mlma_cr2",3,"B",5000,5000,0,0,0,0.100433358448805,0.00043335844880521,0.00588108800848226,0.0766882520891059,0.075877468814272,0.989427542645099,0.0766818074280055,0.956,0.2078,0.00573792924320264,NA,0.2078,9.25865410062537,9.24891733910133,0.0818238218184701,9.07057488728138,9.72816854515217,0,0,0.481269999999945,"targeted",3,"B",72,64,8,20367,467,"nk_minority",1,"independent",0.218825042247772,0.192395098721609,0.223085797922686,29013.3379588614,25.2968965084358,5.2490749619427,8.66099577131631,0.00013786762507891,0.0117417045218703,"ok"
86,"targeted",0.2,"aggregate_hksj",3,"B",5000,5000,0,0,0,0.200640775478906,0.000640775478905758,0.0058975063962462,0.0767952237853774,0.081349754331092,1.05930747149645,0.0767902173989716,0.964,0.6826,0.0065826626831397,NA,0.6826,70,70,0,70,70,0,0,0.0689219999998612,"targeted",3,"B",72,64,8,20367,467,"nk_minority",1,"independent",0.218825042247772,0.192395098721609,0.223085797922686,29013.3379588614,25.2968965084358,5.2490749619427,8.66099577131631,0.00013786762507891,0.0117417045218703,"ok"
86,"targeted",0.2,"che_rve",3,"B",5000,5000,0,0,0,0.200484838356342,0.000484838356341583,0.00587992210427475,0.0766806501294476,0.0758709764887996,0.989440965363736,0.0766745145930881,0.956,0.6296,0.0068294046592657,NA,0.6296,9.35669086998346,9.34385714920101,0.10420033835346,9.12069462392107,9.99232407725441,0,0,0.693514000000038,"targeted",3,"B",72,64,8,20367,467,"nk_minority",1,"independent",0.218825042247772,0.192395098721609,0.223085797922686,29013.3379588614,25.2968965084358,5.2490749619427,8.66099577131631,0.00013786762507891,0.0117417045218703,"ok"
86,"targeted",0.2,"mlma",3,"B",5000,5000,0,0,0,0.200433358448662,0.000433358448662241,0.00588108800825219,0.0766882520876059,0.0785408882565159,1.02415801792944,0.0766818074265048,0.954,0.721,0.00634285424710359,NA,0.721,NA,NA,NA,NA,NA,0,0,0.43037,"targeted",3,"B",72,64,8,20367,467,"nk_minority",1,"independent",0.218825042247772,0.192395098721609,0.223085797922686,29013.3379588614,25.2968965084358,5.2490749619427,8.66099577131631,0.00013786762507891,0.0117417045218703,"ok"
86,"targeted",0.2,"mlma_cr2",3,"B",5000,5000,0,0,0,0.200433358448662,0.000433358448662241,0.00588108800825219,0.0766882520876059,0.0758774688148396,0.989427542671854,0.0766818074265048,0.956,0.6292,0.00683092028939,NA,0.6292,9.25865410066678,9.2489173352531,0.0818238219943895,9.07057488726385,9.72816854433815,0,0,0.482092000000028,"targeted",3,"B",72,64,8,20367,467,"nk_minority",1,"independent",0.218825042247772,0.192395098721609,0.223085797922686,29013.3379588614,25.2968965084358,5.2490749619427,8.66099577131631,0.00013786762507891,0.0117417045218703,"ok"
87,"targeted",0,"aggregate_hksj",4,"B",5000,5000,0,0,0,-0.000298831295610619,-0.000298831295610619,0.00634564777681464,0.0796595742947114,0.0632494130396494,0.793996372685217,0.079652168504081,0.8878,0.1122,0.00446343275965932,0.1122,NA,70,70,0,70,70,0,0,0.0688220000000043,"targeted",4,"B",72,65,7,47078,315,"nk_majority",1,"positive",0.168927123770118,0.0367742032231763,0.160793902841397,2066.2888521425,27.9054951012997,6.12929549369843,5.19755002701375,0.00193583776820577,0.0439981564182611,"ok"
87,"targeted",0,"che_rve",4,"B",5000,4999,1,0,2e-04,-0.000278030481377674,-0.000278030481377674,0.0062246592950718,0.0788965100310007,0.0755148670487631,0.957138243746031,0.0788891083428199,0.952190438087617,0.0478095619123825,0.00301771152647119,0.0478095619123825,NA,6.11125032686878,6.10757112824603,0.0516157179307723,5.97474877816639,6.308911657376,0.145829165833167,0,0.730908181636324,"targeted",4,"B",72,65,7,47078,315,"nk_majority",1,"positive",0.168927123770118,0.0367742032231763,0.160793902841397,2066.2888521425,27.9054951012997,6.12929549369843,5.19755002701375,0.00193583776820577,0.0439981564182611,"ok"
87,"targeted",0,"mlma",4,"B",5000,4984,16,0,0.0032,-0.000218006519367257,-0.000218006519367257,0.00622443098126267,0.0788950630981601,0.0783447048714027,0.993024174071922,0.0788874490998696,0.94723113964687,0.05276886035313,0.0031668524120127,0.05276886035313,NA,NA,NA,NA,NA,NA,0.117776886035313,0,0.501978330658144,"targeted",4,"B",72,65,7,47078,315,"nk_majority",1,"positive",0.168927123770118,0.0367742032231763,0.160793902841397,2066.2888521425,27.9054951012997,6.12929549369843,5.19755002701375,0.00193583776820577,0.0439981564182611,"ok"
87,"targeted",0,"mlma_cr2",4,"B",5000,4984,16,0,0.0032,-0.000218006519367257,-0.000218006519367257,0.00622443098126267,0.0788950630981601,0.0755244514523509,0.957277280561705,0.0788874490998696,0.952648475120385,0.0473515248796148,0.00300846044745189,0.0473515248796148,NA,6.11111814198193,6.1082425165618,0.0526503143867456,5.96559273411089,6.31067818974633,0.117776886035313,0,0.549056982343503,"targeted",4,"B",72,65,7,47078,315,"nk_majority",1,"positive",0.168927123770118,0.0367742032231763,0.160793902841397,2066.2888521425,27.9054951012997,6.12929549369843,5.19755002701375,0.00193583776820577,0.0439981564182611,"ok"
87,"targeted",0.05,"aggregate_hksj",4,"B",5000,5000,0,0,0,0.0497011687043894,-0.000298831295610619,0.00634564777681464,0.0796595742947114,0.0632494130396494,0.793996372685217,0.079652168504081,0.8878,0.185,0.00549135684507937,NA,0.185,70,70,0,70,70,0,0,0.0687020000000137,"targeted",4,"B",72,65,7,47078,315,"nk_majority",1,"positive",0.168927123770118,0.0367742032231763,0.160793902841397,2066.2888521425,27.9054951012997,6.12929549369843,5.19755002701375,0.00193583776820577,0.0439981564182611,"ok"
87,"targeted",0.05,"che_rve",4,"B",5000,5000,0,0,0,0.0497366316308758,-0.000263368369124155,0.00622448900201506,0.0788954308056877,0.0755158298149403,0.957163539684939,0.0788879804983783,0.9522,0.0834,0.00391010076596499,NA,0.0834,6.11124197529544,6.10755498240728,0.0516139335287517,5.97474877819196,6.30891165808719,0.146,0,0.732196000000049,"targeted",4,"B",72,65,7,47078,315,"nk_majority",1,"positive",0.168927123770118,0.0367742032231763,0.160793902841397,2066.2888521425,27.9054951012997,6.12929549369843,5.19755002701375,0.00193583776820577,0.0439981564182611,"ok"
87,"targeted",0.05,"mlma",4,"B",5000,4978,22,0,0.0044,0.0497487593763591,-0.000251240623640854,0.00622713219942344,0.0789121802982495,0.0783489863892525,0.992863029422475,0.0789046537964661,0.946966653274407,0.100441944556047,0.00426034440126686,NA,0.100441944556047,NA,NA,NA,NA,NA,0.116713539574126,0,0.5005685014062,"targeted",4,"B",72,65,7,47078,315,"nk_majority",1,"positive",0.168927123770118,0.0367742032231763,0.160793902841397,2066.2888521425,27.9054951012997,6.12929549369843,5.19755002701375,0.00193583776820577,0.0439981564182611,"ok"
87,"targeted",0.05,"mlma_cr2",4,"B",5000,4978,22,0,0.0044,0.0497487593763591,-0.000251240623640854,0.00622713219942344,0.0789121802982495,0.0755347789472404,0.957200506458646,0.0789046537964661,0.952591402169546,0.0833668139815187,0.00391802266823261,NA,0.0833668139815187,6.11122936146474,6.10836115028999,0.0525947063198065,5.96559273421864,6.31067819054465,0.116713539574126,0,0.548246283648024,"targeted",4,"B",72,65,7,47078,315,"nk_majority",1,"positive",0.168927123770118,0.0367742032231763,0.160793902841397,2066.2888521425,27.9054951012997,6.12929549369843,5.19755002701375,0.00193583776820577,0.0439981564182611,"ok"
87,"targeted",0.1,"aggregate_hksj",4,"B",5000,5000,0,0,0,0.0997011687043894,-0.000298831295610619,0.00634564777681464,0.0796595742947114,0.0632494130396494,0.793996372685217,0.079652168504081,0.8878,0.3738,0.00684212773923434,NA,0.3738,70,70,0,70,70,0,0,0.068361999999971,"targeted",4,"B",72,65,7,47078,315,"nk_majority",1,"positive",0.168927123770118,0.0367742032231763,0.160793902841397,2066.2888521425,27.9054951012997,6.12929549369843,5.19755002701375,0.00193583776820577,0.0439981564182611,"ok"
87,"targeted",0.1,"che_rve",4,"B",5000,5000,0,0,0,0.0997366316317048,-0.000263368368295158,0.00622448900206616,0.0788954308060116,0.0755158298148893,0.957163539680364,0.0788879804986993,0.9522,0.19,0.00554797260267208,NA,0.19,6.11124197527709,6.10755498240728,0.0516139335357882,5.97474877809899,6.308911657376,0.146,0,0.732275999999967,"targeted",4,"B",72,65,7,47078,315,"nk_majority",1,"positive",0.168927123770118,0.0367742032231763,0.160793902841397,2066.2888521425,27.9054951012997,6.12929549369843,5.19755002701375,0.00193583776820577,0.0439981564182611,"ok"
87,"targeted",0.1,"mlma",4,"B",5000,4980,20,0,0.004,0.0996938227983099,-0.000306177201690114,0.006227723155934,0.0789159246029215,0.0783450894758943,0.992766540721668,0.0789085949285271,0.94718875502008,0.251204819277108,0.00614583409446427,NA,0.251204819277108,NA,NA,NA,NA,NA,0.117068273092369,0,0.499662650602422,"targeted",4,"B",72,65,7,47078,315,"nk_majority",1,"positive",0.168927123770118,0.0367742032231763,0.160793902841397,2066.2888521425,27.9054951012997,6.12929549369843,5.19755002701375,0.00193583776820577,0.0439981564182611,"ok"
87,"targeted",0.1,"mlma_cr2",4,"B",5000,4980,20,0,0.004,0.0996938227983099,-0.000306177201690114,0.006227723155934,0.0789159246029215,0.0755181402119855,0.956944249110271,0.0789085949285271,0.952208835341365,0.189357429718876,0.00555189452684181,NA,0.189357429718876,6.11117110244994,6.1083543531673,0.0526419488288238,5.96559273412243,6.31067818969492,0.117068273092369,0,0.546628514056263,"targeted",4,"B",72,65,7,47078,315,"nk_majority",1,"positive",0.168927123770118,0.0367742032231763,0.160793902841397,2066.2888521425,27.9054951012997,6.12929549369843,5.19755002701375,0.00193583776820577,0.0439981564182611,"ok"
87,"targeted",0.2,"aggregate_hksj",4,"B",5000,5000,0,0,0,0.199701168704389,-0.000298831295610619,0.00634564777681464,0.0796595742947114,0.0632494130396494,0.793996372685217,0.079652168504081,0.8878,0.8176,0.00546132291665673,NA,0.8176,70,70,0,70,70,0,0,0.0689960000000261,"targeted",4,"B",72,65,7,47078,315,"nk_majority",1,"positive",0.168927123770118,0.0367742032231763,0.160793902841397,2066.2888521425,27.9054951012997,6.12929549369843,5.19755002701375,0.00193583776820577,0.0439981564182611,"ok"
87,"targeted",0.2,"che_rve",4,"B",5000,5000,0,0,0,0.199736631631417,-0.000263368368582789,0.00622448900208351,0.0788954308061215,0.0755158298149318,0.957163539679569,0.0788879804988102,0.9522,0.5554,0.00702752929556327,NA,0.5554,6.11124197527198,6.10755498252956,0.0516139334872466,5.9747487780729,6.30891165808719,0.146,0,0.73222399999997,"targeted",4,"B",72,65,7,47078,315,"nk_majority",1,"positive",0.168927123770118,0.0367742032231763,0.160793902841397,2066.2888521425,27.9054951012997,6.12929549369843,5.19755002701375,0.00193583776820577,0.0439981564182611,"ok"
87,"targeted",0.2,"mlma",4,"B",5000,4984,16,0,0.0032,0.199703001416973,-0.000296998583026592,0.00622718183820378,0.0789124948167511,0.0783465464104207,0.992828152149483,0.0789051367897165,0.947030497592295,0.719703049759229,0.00636204652769567,NA,0.719703049759229,NA,NA,NA,NA,NA,0.117776886035313,0,0.501735553772099,"targeted",4,"B",72,65,7,47078,315,"nk_majority",1,"positive",0.168927123770118,0.0367742032231763,0.160793902841397,2066.2888521425,27.9054951012997,6.12929549369843,5.19755002701375,0.00193583776820577,0.0439981564182611,"ok"
87,"targeted",0.2,"mlma_cr2",4,"B",5000,4984,16,0,0.0032,0.199703001416973,-0.000296998583026592,0.00622718183820378,0.0789124948167511,0.0755229602655344,0.957046921921708,0.0789051367897165,0.952447833065811,0.555176565008026,0.00703915252521619,NA,0.555176565008026,6.11113309309393,6.10824251628834,0.0526327197850372,5.96559273412243,6.31067819064749,0.117776886035313,0,0.54885834670952,"targeted",4,"B",72,65,7,47078,315,"nk_majority",1,"positive",0.168927123770118,0.0367742032231763,0.160793902841397,2066.2888521425,27.9054951012997,6.12929549369843,5.19755002701375,0.00193583776820577,0.0439981564182611,"ok"
88,"targeted",0,"aggregate_hksj",4,"B",5000,5000,0,0,0,0.000111484408370922,0.000111484408370922,0.000709708973126886,0.0266403636072574,0.0426191117217825,1.59979467060172,0.0266379327295789,0.998,0.002,0.000631822759957253,0.002,NA,70,70,0,70,70,0,0,0.0689879999999146,"targeted",4,"B",72,65,7,47078,315,"nk_minority",1,"positive",0.168927123770118,0.0367742032231763,0.160793902841397,76467.3097391247,34.6949410943442,6.69230693026384,15.2228747760849,5.23099349728187e-05,0.00723256074795219,"ok"
88,"targeted",0,"che_rve",4,"B",5000,4999,1,0,2e-04,0.000150627303164893,0.000150627303164893,0.000651279495710634,0.0255201782068745,0.0246339805726144,0.965274629860485,0.0255180701139322,0.952190438087617,0.0478095619123825,0.00301771152647119,0.0478095619123825,NA,10.3668569220204,10.3834324868418,0.599846835885288,8.48528802559012,11.3057458677975,0.153030606121224,0,0.746609321864328,"targeted",4,"B",72,65,7,47078,315,"nk_minority",1,"positive",0.168927123770118,0.0367742032231763,0.160793902841397,76467.3097391247,34.6949410943442,6.69230693026384,15.2228747760849,5.23099349728187e-05,0.00723256074795219,"ok"
88,"targeted",0,"mlma",4,"B",5000,4975,25,0,0.005,0.000128319237398251,0.000128319237398251,0.000651327675033118,0.0255211221350692,0.0253067189515975,0.991598990736499,0.0255188796917913,0.938894472361809,0.061105527638191,0.00339587814385165,0.061105527638191,NA,NA,NA,NA,NA,NA,0.119396984924623,0,0.512826130653319,"targeted",4,"B",72,65,7,47078,315,"nk_minority",1,"positive",0.168927123770118,0.0367742032231763,0.160793902841397,76467.3097391247,34.6949410943442,6.69230693026384,15.2228747760849,5.23099349728187e-05,0.00723256074795219,"ok"
88,"targeted",0,"mlma_cr2",4,"B",5000,4975,25,0,0.005,0.000128319237398251,0.000128319237398251,0.000651327675033118,0.0255211221350692,0.0246760748733172,0.966888318731455,0.0255188796917913,0.952964824120603,0.047035175879397,0.00300160319338364,0.047035175879397,NA,10.2500988582987,10.248478093024,0.590137722930462,8.44457404179875,11.170883234055,0.119396984924623,0,0.560432160804067,"targeted",4,"B",72,65,7,47078,315,"nk_minority",1,"positive",0.168927123770118,0.0367742032231763,0.160793902841397,76467.3097391247,34.6949410943442,6.69230693026384,15.2228747760849,5.23099349728187e-05,0.00723256074795219,"ok"
88,"targeted",0.05,"aggregate_hksj",4,"B",5000,5000,0,0,0,0.0501114844083709,0.000111484408370915,0.000709708973126886,0.0266403636072574,0.0426191117217825,1.59979467060172,0.0266379327295789,0.998,0.1096,0.00441786916963371,NA,0.1096,70,70,0,70,70,0,0,0.0689699999999764,"targeted",4,"B",72,65,7,47078,315,"nk_minority",1,"positive",0.168927123770118,0.0367742032231763,0.160793902841397,76467.3097391247,34.6949410943442,6.69230693026384,15.2228747760849,5.23099349728187e-05,0.00723256074795219,"ok"
88,"targeted",0.05,"che_rve",4,"B",5000,5000,0,0,0,0.0501555961488494,0.000155596148849378,0.00065127266084674,0.0255200442955481,0.0246323503018847,0.96521581297497,0.0255179665427343,0.9522,0.4376,0.00701578562956423,NA,0.4376,10.36702660056,10.3834905522847,0.599906827621753,8.48528803159049,11.3057458676664,0.1532,0,0.745297999999909,"targeted",4,"B",72,65,7,47078,315,"nk_minority",1,"positive",0.168927123770118,0.0367742032231763,0.160793902841397,76467.3097391247,34.6949410943442,6.69230693026384,15.2228747760849,5.23099349728187e-05,0.00723256074795219,"ok"
88,"targeted",0.05,"mlma",4,"B",5000,4981,19,0,0.0038,0.0501693984631794,0.00016939846317942,0.000650230514775077,0.025499617933904,0.025301821880347,0.992243175797,0.0254976208390357,0.939168841598073,0.510138526400321,0.00708308466646962,NA,0.510138526400321,NA,NA,NA,NA,NA,0.120457739409757,0,0.513657900020086,"targeted",4,"B",72,65,7,47078,315,"nk_minority",1,"positive",0.168927123770118,0.0367742032231763,0.160793902841397,76467.3097391247,34.6949410943442,6.69230693026384,15.2228747760849,5.23099349728187e-05,0.00723256074795219,"ok"
88,"targeted",0.05,"mlma_cr2",4,"B",5000,4981,19,0,0.0038,0.0501693984631794,0.00016939846317942,0.000650230514775077,0.025499617933904,0.024667969216226,0.967385836139444,0.0254976208390357,0.95382453322626,0.436257779562337,0.00702673543746927,NA,0.436257779562337,10.2510285591152,10.2508630612056,0.590388164887818,8.44457404199937,11.1708832341051,0.120457739409757,0,0.561062035735839,"targeted",4,"B",72,65,7,47078,315,"nk_minority",1,"positive",0.168927123770118,0.0367742032231763,0.160793902841397,76467.3097391247,34.6949410943442,6.69230693026384,15.2228747760849,5.23099349728187e-05,0.00723256074795219,"ok"
88,"targeted",0.1,"aggregate_hksj",4,"B",5000,5000,0,0,0,0.100111484408371,0.000111484408370915,0.000709708973126886,0.0266403636072574,0.0426191117217825,1.59979467060172,0.0266379327295789,0.998,0.7062,0.00644176311268895,NA,0.7062,70,70,0,70,70,0,0,0.06872600000003,"targeted",4,"B",72,65,7,47078,315,"nk_minority",1,"positive",0.168927123770118,0.0367742032231763,0.160793902841397,76467.3097391247,34.6949410943442,6.69230693026384,15.2228747760849,5.23099349728187e-05,0.00723256074795219,"ok"
88,"targeted",0.1,"che_rve",4,"B",5000,5000,0,0,0,0.100155596149616,0.000155596149615717,0.000651272660876777,0.0255200442961367,0.0246323503009096,0.965215812914501,0.0255179665433274,0.9522,0.9438,0.00325704037432759,NA,0.9438,10.3670265999587,10.3834905459484,0.599906828755126,8.48528803945454,11.305745867759,0.1532,0,0.745436000000028,"targeted",4,"B",72,65,7,47078,315,"nk_minority",1,"positive",0.168927123770118,0.0367742032231763,0.160793902841397,76467.3097391247,34.6949410943442,6.69230693026384,15.2228747760849,5.23099349728187e-05,0.00723256074795219,"ok"
88,"targeted",0.1,"mlma",4,"B",5000,4977,23,0,0.0046,0.100163143827685,0.000163143827685036,0.000651318515643357,0.0255209426872002,0.0253054386370586,0.991555795850375,0.0255189001696113,0.93911995177818,0.97166968053044,0.00235180463150673,NA,0.97166968053044,NA,NA,NA,NA,NA,0.119750853928069,0,0.51366686759089,"targeted",4,"B",72,65,7,47078,315,"nk_minority",1,"positive",0.168927123770118,0.0367742032231763,0.160793902841397,76467.3097391247,34.6949410943442,6.69230693026384,15.2228747760849,5.23099349728187e-05,0.00723256074795219,"ok"
88,"targeted",0.1,"mlma_cr2",4,"B",5000,4977,23,0,0.0046,0.100163143827685,0.000163143827685036,0.000651318515643357,0.0255209426872002,0.0246770465615816,0.966933191459191,0.0255189001696113,0.952983725135624,0.943138436809323,0.00328256473326683,NA,0.943138436809323,10.2503981466666,10.2500984306377,0.590207426546477,8.44457404127777,11.1708832334444,0.119750853928069,0,0.561629495680097,"targeted",4,"B",72,65,7,47078,315,"nk_minority",1,"positive",0.168927123770118,0.0367742032231763,0.160793902841397,76467.3097391247,34.6949410943442,6.69230693026384,15.2228747760849,5.23099349728187e-05,0.00723256074795219,"ok"
88,"targeted",0.2,"aggregate_hksj",4,"B",5000,5000,0,0,0,0.200111484408371,0.000111484408370915,0.000709708973126886,0.0266403636072574,0.0426191117217825,1.59979467060172,0.0266379327295789,0.998,1,0,NA,1,70,70,0,70,70,0,0,0.0685579999999842,"targeted",4,"B",72,65,7,47078,315,"nk_minority",1,"positive",0.168927123770118,0.0367742032231763,0.160793902841397,76467.3097391247,34.6949410943442,6.69230693026384,15.2228747760849,5.23099349728187e-05,0.00723256074795219,"ok"
88,"targeted",0.2,"che_rve",4,"B",5000,5000,0,0,0,0.200155596150326,0.000155596150325871,0.000651272660873922,0.0255200442960807,0.0246323503019988,0.965215812959297,0.0255179665432758,0.9522,1,0,NA,1,10.3670265998585,10.383490558374,0.599906828640267,8.48528803758169,11.3057458678363,0.1532,0,0.745657999999991,"targeted",4,"B",72,65,7,47078,315,"nk_minority",1,"positive",0.168927123770118,0.0367742032231763,0.160793902841397,76467.3097391247,34.6949410943442,6.69230693026384,15.2228747760849,5.23099349728187e-05,0.00723256074795219,"ok"
88,"targeted",0.2,"mlma",4,"B",5000,4972,28,0,0.0056,0.200153150723253,0.000153150723253448,0.000650015720184557,0.0254954058642838,0.0253097353382308,0.992717490867123,0.0254933018667078,0.93946098149638,1,0,NA,1,NA,NA,NA,NA,NA,0.11886564762671,0,0.5113354786806,"targeted",4,"B",72,65,7,47078,315,"nk_minority",1,"positive",0.168927123770118,0.0367742032231763,0.160793902841397,76467.3097391247,34.6949410943442,6.69230693026384,15.2228747760849,5.23099349728187e-05,0.00723256074795219,"ok"
88,"targeted",0.2,"mlma_cr2",4,"B",5000,4972,28,0,0.0056,0.200153150723253,0.000153150723253448,0.000650015720184557,0.0254954058642838,0.0246794259744487,0.967995022547249,0.0254933018667078,0.953338696701529,1,0,NA,1,10.2496117826184,10.2475395664998,0.589982007740794,8.44457404185542,11.1708832335697,0.11886564762671,0,0.558992357200313,"targeted",4,"B",72,65,7,47078,315,"nk_minority",1,"positive",0.168927123770118,0.0367742032231763,0.160793902841397,76467.3097391247,34.6949410943442,6.69230693026384,15.2228747760849,5.23099349728187e-05,0.00723256074795219,"ok"
89,"targeted",0,"aggregate_hksj",5,"C",5000,5000,0,0,0,0.000274358586480426,0.000274358586480426,0.00194341083679261,0.0440841336173527,0.043318709491816,0.982637197042806,0.0440805787990496,0.9488,0.0512,0.0031170036894428,0.0512,NA,34,34,0,34,34,0,0,0.0397019999999844,"targeted",5,"C",36,24,12,7920,108,"independent",0,"independent",0.5,0.1,0.08,10416,24,12,22.1067961165049,0.000384024577572965,0.0195965450417405,"ok"
89,"targeted",0,"che_rve",5,"C",5000,5000,0,0,0,0.00027435858648048,0.00027435858648048,0.0019434108367926,0.0440841336173527,0.0429921204089955,0.975228883529032,0.0440805787990496,0.9494,0.0506,0.00309966578843591,0.0506,NA,22.1067961165049,22.1067961165049,4.52866486928856e-14,22.1067961165047,22.106796116505,4e-04,0,0.327231999999937,"targeted",5,"C",36,24,12,7920,108,"independent",0,"independent",0.5,0.1,0.08,10416,24,12,22.1067961165049,0.000384024577572965,0.0195965450417405,"ok"
89,"targeted",0,"mlma",5,"C",5000,5000,0,0,0,0.000274358586480489,0.000274358586480489,0.0019434108367926,0.0440841336173527,0.0433187092001482,0.982637190426645,0.0440805787990496,0.9412,0.0588,0.00332693733033852,0.0588,NA,NA,NA,NA,NA,NA,0,8e-04,0.233389999999866,"targeted",5,"C",36,24,12,7920,108,"independent",0,"independent",0.5,0.1,0.08,10416,24,12,22.1067961165049,0.000384024577572965,0.0195965450417405,"ok"
89,"targeted",0,"mlma_cr2",5,"C",5000,5000,0,0,0,0.000274358586480489,0.000274358586480489,0.0019434108367926,0.0440841336173527,0.0429921204089955,0.975228883529032,0.0440805787990496,0.9494,0.0506,0.00309966578843591,0.0506,NA,22.1067961165049,22.1067961165049,4.4885570700102e-14,22.1067961165047,22.106796116505,0,8e-04,0.258898000000144,"targeted",5,"C",36,24,12,7920,108,"independent",0,"independent",0.5,0.1,0.08,10416,24,12,22.1067961165049,0.000384024577572965,0.0195965450417405,"ok"
89,"targeted",0.05,"aggregate_hksj",5,"C",5000,5000,0,0,0,0.0502743585864805,0.00027435858648045,0.00194341083679261,0.0440841336173527,0.043318709491816,0.982637197042806,0.0440805787990496,0.9488,0.1986,0.0056419507264775,NA,0.1986,34,34,0,34,34,0,0,0.039636000000019,"targeted",5,"C",36,24,12,7920,108,"independent",0,"independent",0.5,0.1,0.08,10416,24,12,22.1067961165049,0.000384024577572965,0.0195965450417405,"ok"
89,"targeted",0.05,"che_rve",5,"C",5000,5000,0,0,0,0.0502743585864805,0.000274358586480485,0.0019434108367926,0.0440841336173527,0.0429921204089955,0.975228883529032,0.0440805787990496,0.9494,0.196,0.00561398254361376,NA,0.196,22.1067961165049,22.1067961165049,4.4377618497978e-14,22.1067961165047,22.106796116505,4e-04,0,0.325933999999988,"targeted",5,"C",36,24,12,7920,108,"independent",0,"independent",0.5,0.1,0.08,10416,24,12,22.1067961165049,0.000384024577572965,0.0195965450417405,"ok"
89,"targeted",0.05,"mlma",5,"C",5000,5000,0,0,0,0.0502743585864805,0.000274358586480478,0.0019434108367926,0.0440841336173527,0.0433187092014427,0.982637190456008,0.0440805787990496,0.9412,0.2194,0.00585258301948806,NA,0.2194,NA,NA,NA,NA,NA,0,8e-04,0.23235000000002,"targeted",5,"C",36,24,12,7920,108,"independent",0,"independent",0.5,0.1,0.08,10416,24,12,22.1067961165049,0.000384024577572965,0.0195965450417405,"ok"
89,"targeted",0.05,"mlma_cr2",5,"C",5000,5000,0,0,0,0.0502743585864805,0.000274358586480478,0.0019434108367926,0.0440841336173527,0.0429921204089955,0.975228883529032,0.0440805787990496,0.9494,0.196,0.00561398254361376,NA,0.196,22.1067961165049,22.1067961165049,4.50663070349489e-14,22.1067961165047,22.106796116505,0,8e-04,0.257729999999926,"targeted",5,"C",36,24,12,7920,108,"independent",0,"independent",0.5,0.1,0.08,10416,24,12,22.1067961165049,0.000384024577572965,0.0195965450417405,"ok"
89,"targeted",0.1,"aggregate_hksj",5,"C",5000,5000,0,0,0,0.10027435858648,0.000274358586480478,0.00194341083679261,0.0440841336173527,0.043318709491816,0.982637197042806,0.0440805787990496,0.9488,0.609,0.00690099992754673,NA,0.609,34,34,0,34,34,0,0,0.0396980000000854,"targeted",5,"C",36,24,12,7920,108,"independent",0,"independent",0.5,0.1,0.08,10416,24,12,22.1067961165049,0.000384024577572965,0.0195965450417405,"ok"
89,"targeted",0.1,"che_rve",5,"C",5000,5000,0,0,0,0.10027435858648,0.000274358586480491,0.0019434108367926,0.0440841336173527,0.0429921204089955,0.975228883529032,0.0440805787990496,0.9494,0.5968,0.00693728707781363,NA,0.5968,22.1067961165049,22.1067961165049,4.40313995617225e-14,22.1067961165047,22.106796116505,4e-04,0,0.326350000000015,"targeted",5,"C",36,24,12,7920,108,"independent",0,"independent",0.5,0.1,0.08,10416,24,12,22.1067961165049,0.000384024577572965,0.0195965450417405,"ok"
89,"targeted",0.1,"mlma",5,"C",5000,5000,0,0,0,0.10027435858648,0.000274358586480464,0.0019434108367926,0.0440841336173527,0.0433187091976152,0.982637190369186,0.0440805787990496,0.9412,0.6316,0.00682175109484361,NA,0.6316,NA,NA,NA,NA,NA,0,8e-04,0.233373999999891,"targeted",5,"C",36,24,12,7920,108,"independent",0,"independent",0.5,0.1,0.08,10416,24,12,22.1067961165049,0.000384024577572965,0.0195965450417405,"ok"
89,"targeted",0.1,"mlma_cr2",5,"C",5000,5000,0,0,0,0.10027435858648,0.000274358586480464,0.0019434108367926,0.0440841336173527,0.0429921204089955,0.975228883529032,0.0440805787990496,0.9494,0.5968,0.00693728707781363,NA,0.5968,22.1067961165049,22.1067961165049,4.51115248961527e-14,22.1067961165047,22.106796116505,0,8e-04,0.258602000000031,"targeted",5,"C",36,24,12,7920,108,"independent",0,"independent",0.5,0.1,0.08,10416,24,12,22.1067961165049,0.000384024577572965,0.0195965450417405,"ok"
89,"targeted",0.2,"aggregate_hksj",5,"C",5000,5000,0,0,0,0.200274358586481,0.000274358586480561,0.00194341083679261,0.0440841336173527,0.043318709491816,0.982637197042806,0.0440805787990496,0.9488,0.994,0.00109215383531808,NA,0.994,34,34,0,34,34,0,0,0.039839999999947,"targeted",5,"C",36,24,12,7920,108,"independent",0,"independent",0.5,0.1,0.08,10416,24,12,22.1067961165049,0.000384024577572965,0.0195965450417405,"ok"
89,"targeted",0.2,"che_rve",5,"C",5000,5000,0,0,0,0.20027435858648,0.000274358586480478,0.0019434108367926,0.0440841336173527,0.0429921204089955,0.975228883529032,0.0440805787990496,0.9494,0.9906,0.00136467138901642,NA,0.9906,22.1067961165049,22.1067961165049,4.44258107526412e-14,22.1067961165047,22.106796116505,4e-04,0,0.325961999999863,"targeted",5,"C",36,24,12,7920,108,"independent",0,"independent",0.5,0.1,0.08,10416,24,12,22.1067961165049,0.000384024577572965,0.0195965450417405,"ok"
89,"targeted",0.2,"mlma",5,"C",5000,5000,0,0,0,0.20027435858648,0.000274358586480478,0.0019434108367926,0.0440841336173527,0.0433187091960116,0.98263719033281,0.0440805787990496,0.9412,0.9942,0.00107390502373348,NA,0.9942,NA,NA,NA,NA,NA,0,8e-04,0.232845999999958,"targeted",5,"C",36,24,12,7920,108,"independent",0,"independent",0.5,0.1,0.08,10416,24,12,22.1067961165049,0.000384024577572965,0.0195965450417405,"ok"
89,"targeted",0.2,"mlma_cr2",5,"C",5000,5000,0,0,0,0.20027435858648,0.000274358586480478,0.0019434108367926,0.0440841336173527,0.0429921204089955,0.975228883529032,0.0440805787990496,0.9494,0.9906,0.00136467138901642,NA,0.9906,22.1067961165049,22.1067961165049,4.39034263688991e-14,22.1067961165047,22.106796116505,0,8e-04,0.25791399999999,"targeted",5,"C",36,24,12,7920,108,"independent",0,"independent",0.5,0.1,0.08,10416,24,12,22.1067961165049,0.000384024577572965,0.0195965450417405,"ok"
90,"targeted",0,"aggregate_hksj",5,"C",5000,5000,0,0,0,-0.000666112539470956,-0.000666112539470956,0.00342114607479618,0.0584905639808352,0.0578486710555318,0.989025701213726,0.0584885078583516,0.9512,0.0488,0.00304691844328003,0.0488,NA,34,34,0,34,34,0,0,0.0409319999999687,"targeted",5,"C",36,24,12,7920,108,"independent",0,"independent",0.5,0.1,0.08,10416,5.57467625757331,1.2580984516119,0.572644514919305,0.000384024577572965,0.0195965450417405,"very_low_df"
90,"targeted",0,"che_rve",5,"C",5000,5000,0,0,0,-0.000658487951587015,-0.000658487951587015,0.00342095165214234,0.058488901957058,0.0572189671641832,0.978287593878798,0.0584867597682954,0.9552,0.0448,0.00292550713552369,0.0448,NA,13.1262853719583,13.4847052101311,2.34180354687376,3.74560162887412,17.9849536592708,0.0054,0,0.326658000000083,"targeted",5,"C",36,24,12,7920,108,"independent",0,"independent",0.5,0.1,0.08,10416,5.57467625757331,1.2580984516119,0.572644514919305,0.000384024577572965,0.0195965450417405,"very_low_df"
90,"targeted",0,"mlma",5,"C",5000,5000,0,0,0,-0.000537643652955507,-0.000537643652955507,0.00353893475162927,0.0594889464659551,0.0548231052760337,0.921567930395413,0.0594854270000351,0.923,0.077,0.00377017240985078,0.077,NA,NA,NA,NA,NA,NA,0,0.0064,0.271751999999996,"targeted",5,"C",36,24,12,7920,108,"independent",0,"independent",0.5,0.1,0.08,10416,5.57467625757331,1.2580984516119,0.572644514919305,0.000384024577572965,0.0195965450417405,"very_low_df"
90,"targeted",0,"mlma_cr2",5,"C",5000,5000,0,0,0,-0.000537643652955507,-0.000537643652955507,0.00353893475162927,0.0594889464659551,0.0585950003129217,0.98497290326792,0.0594854270000351,0.9506,0.0494,0.0030646252625729,0.0494,NA,17.6513673838607,17.8469724054359,1.22040820968275,8.53069936108997,20.2005915742257,0,0.0064,0.296997999999975,"targeted",5,"C",36,24,12,7920,108,"independent",0,"independent",0.5,0.1,0.08,10416,5.57467625757331,1.2580984516119,0.572644514919305,0.000384024577572965,0.0195965450417405,"very_low_df"
90,"targeted",0.05,"aggregate_hksj",5,"C",5000,5000,0,0,0,0.049333887460529,-0.000666112539470957,0.00342114607479618,0.0584905639808352,0.0578486710555318,0.989025701213726,0.0584885078583516,0.9512,0.1276,0.00471843702935623,NA,0.1276,34,34,0,34,34,0,0,0.0412359999998705,"targeted",5,"C",36,24,12,7920,108,"independent",0,"independent",0.5,0.1,0.08,10416,5.57467625757331,1.2580984516119,0.572644514919305,0.000384024577572965,0.0195965450417405,"very_low_df"
90,"targeted",0.05,"che_rve",5,"C",5000,5000,0,0,0,0.0493415120462958,-0.00065848795370424,0.00342095165215948,0.0584889019572045,0.0572189671645961,0.978287593883407,0.0584867597684658,0.9552,0.1176,0.00455566109362845,NA,0.1176,13.126285369754,13.4847052094272,2.34180354485516,3.74560162919712,17.9849536608089,0.0054,0,0.327121999999919,"targeted",5,"C",36,24,12,7920,108,"independent",0,"independent",0.5,0.1,0.08,10416,5.57467625757331,1.2580984516119,0.572644514919305,0.000384024577572965,0.0195965450417405,"very_low_df"
90,"targeted",0.05,"mlma",5,"C",5000,5000,0,0,0,0.0494623563481377,-0.00053764365186227,0.00353893475181352,0.0594889464675037,0.0548231052766406,0.921567930381624,0.0594854270015736,0.923,0.17,0.00531224999411737,NA,0.17,NA,NA,NA,NA,NA,0,0.0064,0.271292000000019,"targeted",5,"C",36,24,12,7920,108,"independent",0,"independent",0.5,0.1,0.08,10416,5.57467625757331,1.2580984516119,0.572644514919305,0.000384024577572965,0.0195965450417405,"very_low_df"
90,"targeted",0.05,"mlma_cr2",5,"C",5000,5000,0,0,0,0.0494623563481377,-0.00053764365186227,0.00353893475181352,0.0594889464675037,0.0585950003135322,0.984972903252543,0.0594854270015736,0.9506,0.119,0.00457906103912145,NA,0.119,17.6513673838425,17.8469724046413,1.22040821027687,8.53069945741326,20.2005915739001,0,0.0064,0.296692000000039,"targeted",5,"C",36,24,12,7920,108,"independent",0,"independent",0.5,0.1,0.08,10416,5.57467625757331,1.2580984516119,0.572644514919305,0.000384024577572965,0.0195965450417405,"very_low_df"
90,"targeted",0.1,"aggregate_hksj",5,"C",5000,5000,0,0,0,0.099333887460529,-0.000666112539470964,0.00342114607479618,0.0584905639808352,0.0578486710555318,0.989025701213726,0.0584885078583516,0.9512,0.3824,0.00687270310722062,NA,0.3824,34,34,0,34,34,0,0,0.0407480000000505,"targeted",5,"C",36,24,12,7920,108,"independent",0,"independent",0.5,0.1,0.08,10416,5.57467625757331,1.2580984516119,0.572644514919305,0.000384024577572965,0.0195965450417405,"very_low_df"
90,"targeted",0.1,"che_rve",5,"C",5000,5000,0,0,0,0.0993415120429573,-0.00065848795704268,0.00342095165222472,0.0584889019577622,0.0572189671641691,0.978287593866779,0.0584867597690609,0.9552,0.3462,0.00672823245733974,NA,0.3462,13.1262853704216,13.4847052141879,2.34180354555119,3.74560162875401,17.9849536608059,0.0054,0,0.326699999999962,"targeted",5,"C",36,24,12,7920,108,"independent",0,"independent",0.5,0.1,0.08,10416,5.57467625757331,1.2580984516119,0.572644514919305,0.000384024577572965,0.0195965450417405,"very_low_df"
90,"targeted",0.1,"mlma",5,"C",5000,5000,0,0,0,0.0994623563492725,-0.000537643650727476,0.00353893475172642,0.0594889464667716,0.0548231052827433,0.92156793049555,0.0594854270008314,0.923,0.4562,0.00704388472364504,NA,0.4562,NA,NA,NA,NA,NA,0,0.0064,0.269826000000036,"targeted",5,"C",36,24,12,7920,108,"independent",0,"independent",0.5,0.1,0.08,10416,5.57467625757331,1.2580984516119,0.572644514919305,0.000384024577572965,0.0195965450417405,"very_low_df"
90,"targeted",0.1,"mlma_cr2",5,"C",5000,5000,0,0,0,0.0994623563492725,-0.000537643650727476,0.00353893475172642,0.0594889464667716,0.0585950003142927,0.984972903277448,0.0594854270008314,0.9506,0.3588,0.00678325231728851,NA,0.3588,17.6513673847355,17.8469724012378,1.22040821113324,8.53069928909892,20.200591573899,0,0.0064,0.295444000000154,"targeted",5,"C",36,24,12,7920,108,"independent",0,"independent",0.5,0.1,0.08,10416,5.57467625757331,1.2580984516119,0.572644514919305,0.000384024577572965,0.0195965450417405,"very_low_df"
90,"targeted",0.2,"aggregate_hksj",5,"C",5000,5000,0,0,0,0.199333887460529,-0.000666112539470964,0.00342114607479618,0.0584905639808352,0.0578486710555318,0.989025701213726,0.0584885078583516,0.9512,0.9154,0.00393555180375002,NA,0.9154,34,34,0,34,34,0,0,0.0411739999999845,"targeted",5,"C",36,24,12,7920,108,"independent",0,"independent",0.5,0.1,0.08,10416,5.57467625757331,1.2580984516119,0.572644514919305,0.000384024577572965,0.0195965450417405,"very_low_df"
90,"targeted",0.2,"che_rve",5,"C",5000,5000,0,0,0,0.199341512046073,-0.000658487953927422,0.00342095165225861,0.0584889019580519,0.057218967162239,0.978287593828934,0.0584867597693155,0.9552,0.8828,0.00454893745835222,NA,0.8828,13.1262853689566,13.4847052132549,2.34180354370199,3.74560162670272,17.9849536597686,0.0054,0,0.327936000000007,"targeted",5,"C",36,24,12,7920,108,"independent",0,"independent",0.5,0.1,0.08,10416,5.57467625757331,1.2580984516119,0.572644514919305,0.000384024577572965,0.0195965450417405,"very_low_df"
90,"targeted",0.2,"mlma",5,"C",5000,5000,0,0,0,0.199462356346509,-0.000537643653490849,0.00353893475188456,0.0594889464681007,0.0548231052730257,0.921567930311608,0.0594854270021853,0.923,0.9342,0.00350629034736144,NA,0.9342,NA,NA,NA,NA,NA,0,0.0064,0.271427999999991,"targeted",5,"C",36,24,12,7920,108,"independent",0,"independent",0.5,0.1,0.08,10416,5.57467625757331,1.2580984516119,0.572644514919305,0.000384024577572965,0.0195965450417405,"very_low_df"
90,"targeted",0.2,"mlma_cr2",5,"C",5000,5000,0,0,0,0.199462356346509,-0.000537643653490849,0.00353893475188456,0.0594889464681007,0.0585950003148674,0.984972903265101,0.0594854270021853,0.9506,0.8878,0.00446343275965932,NA,0.8878,17.6513673827435,17.8469724051515,1.22040821112177,8.5306994269118,20.2005915721378,0,0.0064,0.297147999999899,"targeted",5,"C",36,24,12,7920,108,"independent",0,"independent",0.5,0.1,0.08,10416,5.57467625757331,1.2580984516119,0.572644514919305,0.000384024577572965,0.0195965450417405,"very_low_df"
91,"targeted",0,"aggregate_hksj",6,"C",5000,5000,0,0,0,-0.000464443718380838,-0.000464443718380838,0.00166257456106784,0.0407746803919766,0.0407927122007305,1.00044223053573,0.0407732480202789,0.9532,0.0468,0.00298696367570816,0.0468,NA,70,70,0,70,70,0,0,0.0687299999999348,"targeted",6,"C",72,54,18,21600,288,"independent",0,"independent",0.7,0.12,0.15,25660.8,54,18,29.1821862348178,0.000155879785509415,0.0124851826382082,"ok"
91,"targeted",0,"che_rve",6,"C",5000,5000,0,0,0,-0.000464443718380925,-0.000464443718380925,0.00166257456106785,0.0407746803919767,0.0407829324832761,1.00020238273409,0.0407732480202789,0.9546,0.0454,0.00294410733499986,0.0454,NA,29.1821862348178,29.1821862348178,1.39182334483111e-13,29.1821862348175,29.1821862348181,0,0,0.487628000000049,"targeted",6,"C",72,54,18,21600,288,"independent",0,"independent",0.7,0.12,0.15,25660.8,54,18,29.1821862348178,0.000155879785509415,0.0124851826382082,"ok"
91,"targeted",0,"mlma",6,"C",5000,5000,0,0,0,-0.000464443718380858,-0.000464443718380858,0.00166257456106785,0.0407746803919767,0.0407927130813461,1.00044225213284,0.0407732480202789,0.9504,0.0496,0.00307049963361014,0.0496,NA,NA,NA,NA,NA,NA,0,0,0.355660000000242,"targeted",6,"C",72,54,18,21600,288,"independent",0,"independent",0.7,0.12,0.15,25660.8,54,18,29.1821862348178,0.000155879785509415,0.0124851826382082,"ok"
91,"targeted",0,"mlma_cr2",6,"C",5000,5000,0,0,0,-0.000464443718380858,-0.000464443718380858,0.00166257456106785,0.0407746803919767,0.0407829324832761,1.00020238273409,0.0407732480202789,0.9546,0.0454,0.00294410733499986,0.0454,NA,29.1821862348178,29.1821862348178,1.40844533702305e-13,29.1821862348175,29.1821862348181,0,0,0.403518000000005,"targeted",6,"C",72,54,18,21600,288,"independent",0,"independent",0.7,0.12,0.15,25660.8,54,18,29.1821862348178,0.000155879785509415,0.0124851826382082,"ok"
91,"targeted",0.05,"aggregate_hksj",6,"C",5000,5000,0,0,0,0.0495355562816191,-0.000464443718380898,0.00166257456106785,0.0407746803919767,0.0407927122007305,1.00044223053573,0.0407732480202789,0.9532,0.2262,0.00591664702344157,NA,0.2262,70,70,0,70,70,0,0,0.0687120000001159,"targeted",6,"C",72,54,18,21600,288,"independent",0,"independent",0.7,0.12,0.15,25660.8,54,18,29.1821862348178,0.000155879785509415,0.0124851826382082,"ok"
91,"targeted",0.05,"che_rve",6,"C",5000,5000,0,0,0,0.0495355562816191,-0.000464443718380891,0.00166257456106785,0.0407746803919767,0.0407829324832761,1.00020238273409,0.0407732480202789,0.9546,0.2164,0.00582359064495437,NA,0.2164,29.1821862348178,29.1821862348178,1.38399494824116e-13,29.1821862348175,29.1821862348181,0,0,0.486671999999951,"targeted",6,"C",72,54,18,21600,288,"independent",0,"independent",0.7,0.12,0.15,25660.8,54,18,29.1821862348178,0.000155879785509415,0.0124851826382082,"ok"
91,"targeted",0.05,"mlma",6,"C",5000,5000,0,0,0,0.0495355562816191,-0.000464443718380878,0.00166257456106785,0.0407746803919767,0.0407927131134015,1.000442252919,0.0407732480202789,0.9504,0.2392,0.00603296543998057,NA,0.2392,NA,NA,NA,NA,NA,0,0,0.355957999999987,"targeted",6,"C",72,54,18,21600,288,"independent",0,"independent",0.7,0.12,0.15,25660.8,54,18,29.1821862348178,0.000155879785509415,0.0124851826382082,"ok"
91,"targeted",0.05,"mlma_cr2",6,"C",5000,5000,0,0,0,0.0495355562816191,-0.000464443718380878,0.00166257456106785,0.0407746803919767,0.0407829324832761,1.00020238273409,0.0407732480202789,0.9546,0.2164,0.00582359064495437,NA,0.2164,29.1821862348178,29.1821862348178,1.41588796722505e-13,29.1821862348175,29.1821862348181,0,0,0.403381999999957,"targeted",6,"C",72,54,18,21600,288,"independent",0,"independent",0.7,0.12,0.15,25660.8,54,18,29.1821862348178,0.000155879785509415,0.0124851826382082,"ok"
91,"targeted",0.1,"aggregate_hksj",6,"C",5000,5000,0,0,0,0.099535556281619,-0.000464443718380961,0.00166257456106785,0.0407746803919767,0.0407927122007305,1.00044223053573,0.0407732480202789,0.9532,0.672,0.00663951805479886,NA,0.672,70,70,0,70,70,0,0,0.0684459999998682,"targeted",6,"C",72,54,18,21600,288,"independent",0,"independent",0.7,0.12,0.15,25660.8,54,18,29.1821862348178,0.000155879785509415,0.0124851826382082,"ok"
91,"targeted",0.1,"che_rve",6,"C",5000,5000,0,0,0,0.0995355562816191,-0.000464443718380878,0.00166257456106785,0.0407746803919767,0.0407829324832761,1.00020238273409,0.0407732480202789,0.9546,0.655,0.00672272266273122,NA,0.655,29.1821862348178,29.1821862348178,1.38947759439157e-13,29.1821862348175,29.1821862348181,0,0,0.486895999999976,"targeted",6,"C",72,54,18,21600,288,"independent",0,"independent",0.7,0.12,0.15,25660.8,54,18,29.1821862348178,0.000155879785509415,0.0124851826382082,"ok"
91,"targeted",0.1,"mlma",6,"C",5000,5000,0,0,0,0.0995355562816191,-0.000464443718380878,0.00166257456106785,0.0407746803919767,0.0407927131381249,1.00044225352535,0.0407732480202789,0.9504,0.683,0.0065804407147242,NA,0.683,NA,NA,NA,NA,NA,0,0,0.355404000000024,"targeted",6,"C",72,54,18,21600,288,"independent",0,"independent",0.7,0.12,0.15,25660.8,54,18,29.1821862348178,0.000155879785509415,0.0124851826382082,"ok"
91,"targeted",0.1,"mlma_cr2",6,"C",5000,5000,0,0,0,0.0995355562816191,-0.000464443718380878,0.00166257456106785,0.0407746803919767,0.0407829324832761,1.00020238273409,0.0407732480202789,0.9546,0.655,0.00672272266273122,NA,0.655,29.1821862348178,29.1821862348178,1.40898267319341e-13,29.1821862348175,29.1821862348181,0,0,0.402730000000197,"targeted",6,"C",72,54,18,21600,288,"independent",0,"independent",0.7,0.12,0.15,25660.8,54,18,29.1821862348178,0.000155879785509415,0.0124851826382082,"ok"
91,"targeted",0.2,"aggregate_hksj",6,"C",5000,5000,0,0,0,0.199535556281619,-0.000464443718381058,0.00166257456106785,0.0407746803919767,0.0407927122007305,1.00044223053573,0.0407732480202789,0.9532,0.9978,0.000662594898863548,NA,0.9978,70,70,0,70,70,0,0,0.0686360000000859,"targeted",6,"C",72,54,18,21600,288,"independent",0,"independent",0.7,0.12,0.15,25660.8,54,18,29.1821862348178,0.000155879785509415,0.0124851826382082,"ok"
91,"targeted",0.2,"che_rve",6,"C",5000,5000,0,0,0,0.199535556281619,-0.000464443718380891,0.00166257456106785,0.0407746803919767,0.0407829324832761,1.00020238273409,0.0407732480202789,0.9546,0.9958,0.000914588432028307,NA,0.9958,29.1821862348178,29.1821862348178,1.38979918898728e-13,29.1821862348175,29.1821862348181,0,0,0.486539999999906,"targeted",6,"C",72,54,18,21600,288,"independent",0,"independent",0.7,0.12,0.15,25660.8,54,18,29.1821862348178,0.000155879785509415,0.0124851826382082,"ok"
91,"targeted",0.2,"mlma",6,"C",5000,5000,0,0,0,0.199535556281619,-0.000464443718380864,0.00166257456106785,0.0407746803919767,0.0407927130714649,1.00044225189051,0.0407732480202789,0.9504,0.9978,0.000662594898863548,NA,0.9978,NA,NA,NA,NA,NA,0,0,0.355837999999936,"targeted",6,"C",72,54,18,21600,288,"independent",0,"independent",0.7,0.12,0.15,25660.8,54,18,29.1821862348178,0.000155879785509415,0.0124851826382082,"ok"
91,"targeted",0.2,"mlma_cr2",6,"C",5000,5000,0,0,0,0.199535556281619,-0.000464443718380864,0.00166257456106785,0.0407746803919767,0.0407829324832761,1.00020238273409,0.0407732480202789,0.9546,0.9958,0.000914588432028307,NA,0.9958,29.1821862348178,29.1821862348178,1.40414005424593e-13,29.1821862348175,29.1821862348181,0,0,0.403303999999902,"targeted",6,"C",72,54,18,21600,288,"independent",0,"independent",0.7,0.12,0.15,25660.8,54,18,29.1821862348178,0.000155879785509415,0.0124851826382082,"ok"
92,"targeted",0,"aggregate_hksj",6,"C",5000,5000,0,0,0,0.000452107678158818,0.000452107678158818,0.0018117370722952,0.0425645048402445,0.0424453006732292,0.997199446640746,0.0425626494268553,0.9526,0.0474,0.00300510365877785,0.0474,NA,70,70,0,70,70,0,0,0.0687459999999817,"targeted",6,"C",72,54,18,21600,288,"independent",0,"independent",0.7,0.12,0.15,25660.8,21.0992456957013,3.07091234725337,3.63995085032142,0.000155879785509415,0.0124851826382082,"ok"
92,"targeted",0,"che_rve",6,"C",5000,5000,0,0,0,0.000452626144189089,0.000452626144189089,0.00181192982658897,0.0425667690409899,0.0423860596923654,0.99575468487048,0.0425649187835483,0.9526,0.0474,0.00300510365877785,0.0474,NA,27.9703754124769,27.9965626437426,0.217221135265315,26.7371231357998,28.4628108910591,0,0,0.484376000000184,"targeted",6,"C",72,54,18,21600,288,"independent",0,"independent",0.7,0.12,0.15,25660.8,21.0992456957013,3.07091234725337,3.63995085032142,0.000155879785509415,0.0124851826382082,"ok"
92,"targeted",0,"mlma",6,"C",5000,5000,0,0,0,0.000450568361504947,0.000450568361504947,0.00181280291321409,0.042577023301472,0.0419790031596248,0.985954392874936,0.042575149611949,0.9428,0.0572,0.00328414859590732,0.0572,NA,NA,NA,NA,NA,NA,0,0,0.343124000000116,"targeted",6,"C",72,54,18,21600,288,"independent",0,"independent",0.7,0.12,0.15,25660.8,21.0992456957013,3.07091234725337,3.63995085032142,0.000155879785509415,0.0124851826382082,"ok"
92,"targeted",0,"mlma_cr2",6,"C",5000,5000,0,0,0,0.000450568361504947,0.000450568361504947,0.00181280291321409,0.042577023301472,0.0424119825390067,0.996123712987243,0.042575149611949,0.9512,0.0488,0.00304691844328003,0.0488,NA,28.792723309849,28.8003453773322,0.067524930362665,28.4150410991057,28.9482596135768,0,0,0.389765999999936,"targeted",6,"C",72,54,18,21600,288,"independent",0,"independent",0.7,0.12,0.15,25660.8,21.0992456957013,3.07091234725337,3.63995085032142,0.000155879785509415,0.0124851826382082,"ok"
92,"targeted",0.05,"aggregate_hksj",6,"C",5000,5000,0,0,0,0.0504521076781588,0.000452107678158821,0.0018117370722952,0.0425645048402445,0.0424453006732292,0.997199446640746,0.0425626494268553,0.9526,0.2214,0.00587166143438124,NA,0.2214,70,70,0,70,70,0,0,0.0690780000001891,"targeted",6,"C",72,54,18,21600,288,"independent",0,"independent",0.7,0.12,0.15,25660.8,21.0992456957013,3.07091234725337,3.63995085032142,0.000155879785509415,0.0124851826382082,"ok"
92,"targeted",0.05,"che_rve",6,"C",5000,5000,0,0,0,0.0504526261439854,0.000452626143985412,0.00181192982658281,0.0425667690409175,0.0423860596925214,0.995754684875837,0.0425649187834738,0.9526,0.2078,0.00573792924320264,NA,0.2078,27.9703754123482,27.9965626438104,0.217221135455677,26.737123135569,28.4628108907036,0,0,0.48393999999988,"targeted",6,"C",72,54,18,21600,288,"independent",0,"independent",0.7,0.12,0.15,25660.8,21.0992456957013,3.07091234725337,3.63995085032142,0.000155879785509415,0.0124851826382082,"ok"
92,"targeted",0.05,"mlma",6,"C",5000,5000,0,0,0,0.050450568361718,0.000450568361718001,0.00181280291316162,0.0425770233008558,0.0419790031641925,0.985954392996486,0.0425751496113351,0.9428,0.238,0.00602255759623766,NA,0.238,NA,NA,NA,NA,NA,0,0,0.343067999999979,"targeted",6,"C",72,54,18,21600,288,"independent",0,"independent",0.7,0.12,0.15,25660.8,21.0992456957013,3.07091234725337,3.63995085032142,0.000155879785509415,0.0124851826382082,"ok"
92,"targeted",0.05,"mlma_cr2",6,"C",5000,5000,0,0,0,0.050450568361718,0.000450568361718001,0.00181280291316162,0.0425770233008558,0.0424119825390202,0.996123713001977,0.0425751496113351,0.9512,0.2086,0.00574606021548678,NA,0.2086,28.792723309932,28.8003453760526,0.0675249304299987,28.4150410965024,28.9482596131896,0,0,0.389854000000199,"targeted",6,"C",72,54,18,21600,288,"independent",0,"independent",0.7,0.12,0.15,25660.8,21.0992456957013,3.07091234725337,3.63995085032142,0.000155879785509415,0.0124851826382082,"ok"
92,"targeted",0.1,"aggregate_hksj",6,"C",5000,5000,0,0,0,0.100452107678159,0.000452107678158814,0.0018117370722952,0.0425645048402445,0.0424453006732292,0.997199446640746,0.0425626494268553,0.9526,0.6388,0.00679315184579294,NA,0.6388,70,70,0,70,70,0,0,0.0685939999999886,"targeted",6,"C",72,54,18,21600,288,"independent",0,"independent",0.7,0.12,0.15,25660.8,21.0992456957013,3.07091234725337,3.63995085032142,0.000155879785509415,0.0124851826382082,"ok"
92,"targeted",0.1,"che_rve",6,"C",5000,5000,0,0,0,0.10045262614422,0.000452626144219828,0.00181192982664139,0.0425667690416056,0.042386059692084,0.995754684849467,0.0425649187841642,0.9526,0.6218,0.0068580574509113,NA,0.6218,27.970375411983,27.9965626521553,0.217221135783894,26.7371231371228,28.4628108912891,0,0,0.484685999999873,"targeted",6,"C",72,54,18,21600,288,"independent",0,"independent",0.7,0.12,0.15,25660.8,21.0992456957013,3.07091234725337,3.63995085032142,0.000155879785509415,0.0124851826382082,"ok"
92,"targeted",0.1,"mlma",6,"C",5000,5000,0,0,0,0.100450568361884,0.000450568361884063,0.00181280291318666,0.0425770233011499,0.0419790031655759,0.985954393022168,0.0425751496116309,0.9428,0.6582,0.00670779785026353,NA,0.6582,NA,NA,NA,NA,NA,0,0,0.342684000000145,"targeted",6,"C",72,54,18,21600,288,"independent",0,"independent",0.7,0.12,0.15,25660.8,21.0992456957013,3.07091234725337,3.63995085032142,0.000155879785509415,0.0124851826382082,"ok"
92,"targeted",0.1,"mlma_cr2",6,"C",5000,5000,0,0,0,0.100450568361884,0.000450568361884063,0.00181280291318666,0.0425770233011499,0.042411982539059,0.996123712996009,0.0425751496116309,0.9512,0.6204,0.00686299992714556,NA,0.6204,28.7927233099485,28.8003453838856,0.0675249303345626,28.41504109691,28.9482596129001,0,0,0.389296000000191,"targeted",6,"C",72,54,18,21600,288,"independent",0,"independent",0.7,0.12,0.15,25660.8,21.0992456957013,3.07091234725337,3.63995085032142,0.000155879785509415,0.0124851826382082,"ok"
92,"targeted",0.2,"aggregate_hksj",6,"C",5000,5000,0,0,0,0.200452107678159,0.000452107678158814,0.0018117370722952,0.0425645048402445,0.0424453006732292,0.997199446640746,0.0425626494268553,0.9526,0.9964,0.000846999409681028,NA,0.9964,70,70,0,70,70,0,0,0.0689540000000241,"targeted",6,"C",72,54,18,21600,288,"independent",0,"independent",0.7,0.12,0.15,25660.8,21.0992456957013,3.07091234725337,3.63995085032142,0.000155879785509415,0.0124851826382082,"ok"
92,"targeted",0.2,"che_rve",6,"C",5000,5000,0,0,0,0.200452626144105,0.000452626144105045,0.00181192982658192,0.042566769040907,0.0423860596922109,0.995754684868789,0.0425649187834646,0.9526,0.9954,0.000956957679315031,NA,0.9954,27.9703754122325,27.9965626506485,0.217221135536062,26.7371231344955,28.4628108904492,0,0,0.484489999999918,"targeted",6,"C",72,54,18,21600,288,"independent",0,"independent",0.7,0.12,0.15,25660.8,21.0992456957013,3.07091234725337,3.63995085032142,0.000155879785509415,0.0124851826382082,"ok"
92,"targeted",0.2,"mlma",6,"C",5000,5000,0,0,0,0.20045056836142,0.000450568361419934,0.00181280291319063,0.0425770233011965,0.0419790031271018,0.985954392117451,0.0425751496116726,0.9428,0.9966,0.000823218075603295,NA,0.9966,NA,NA,NA,NA,NA,0,0,0.342278000000017,"targeted",6,"C",72,54,18,21600,288,"independent",0,"independent",0.7,0.12,0.15,25660.8,21.0992456957013,3.07091234725337,3.63995085032142,0.000155879785509415,0.0124851826382082,"ok"
92,"targeted",0.2,"mlma_cr2",6,"C",5000,5000,0,0,0,0.20045056836142,0.000450568361419934,0.00181280291319063,0.0425770233011965,0.0424119825385582,0.996123712983155,0.0425751496116726,0.9512,0.9952,0.000977441558355284,NA,0.9952,28.7927233092694,28.8003453712698,0.0675249302042191,28.4150410980178,28.9482596137966,0,0,0.388858000000037,"targeted",6,"C",72,54,18,21600,288,"independent",0,"independent",0.7,0.12,0.15,25660.8,21.0992456957013,3.07091234725337,3.63995085032142,0.000155879785509415,0.0124851826382082,"ok"
93,"targeted",0,"aggregate_hksj",7,"D",5000,5000,0,0,0,0.000300372389186124,0.000300372389186124,0.00165535941268576,0.040686108350219,0.0401541691482227,0.986925778267672,0.0406831484078532,0.9468,0.0532,0.00317394895989208,0.0532,NA,46,46,0,46,46,0,0,0.0491619999998341,"targeted",7,"D",48,32,16,5760,96,"independent",0,"independent",0.4,0.08,0.1,6656,32,16,30.1079136690648,0.000600961538461538,0.024514516892273,"ok"
93,"targeted",0,"che_rve",7,"D",5000,4999,1,0,2e-04,0.000293027935122342,0.000293027935122342,0.00165542085805996,0.0406868634581232,0.0400218394087949,0.983655067193549,0.0406838490439268,0.945989197839568,0.0540108021604321,0.00319699409388429,0.0540108021604321,NA,30.1079136690648,30.1079136690647,5.64440415604678e-14,30.1079136690646,30.1079136690649,0.0448089617923585,0,0.378909781956483,"targeted",7,"D",48,32,16,5760,96,"independent",0,"independent",0.4,0.08,0.1,6656,32,16,30.1079136690648,0.000600961538461538,0.024514516892273,"ok"
93,"targeted",0,"mlma",7,"D",5000,5000,0,0,0,0.000300372389186415,0.000300372389186415,0.00165535941268576,0.040686108350219,0.040156939466057,0.986993868285288,0.0406831484078532,0.941,0.059,0.00333223648620562,0.059,NA,NA,NA,NA,NA,NA,0.003,0.0072,0.262521999999899,"targeted",7,"D",48,32,16,5760,96,"independent",0,"independent",0.4,0.08,0.1,6656,32,16,30.1079136690648,0.000600961538461538,0.024514516892273,"ok"
93,"targeted",0,"mlma_cr2",7,"D",5000,5000,0,0,0,0.000300372389186415,0.000300372389186415,0.00165535941268576,0.040686108350219,0.0400209030136609,0.983650308089628,0.0406831484078532,0.946,0.054,0.00319637294444813,0.054,NA,30.1079136690647,30.1079136690647,5.66311718887921e-14,30.1079136690646,30.1079136690649,0.003,0.0072,0.29363599999993,"targeted",7,"D",48,32,16,5760,96,"independent",0,"independent",0.4,0.08,0.1,6656,32,16,30.1079136690648,0.000600961538461538,0.024514516892273,"ok"
93,"targeted",0.05,"aggregate_hksj",7,"D",5000,5000,0,0,0,0.0503003723891861,0.000300372389186086,0.00165535941268576,0.040686108350219,0.0401541691482227,0.986925778267673,0.0406831484078532,0.9468,0.2296,0.00594783725399409,NA,0.2296,46,46,0,46,46,0,0,0.0490040000001169,"targeted",7,"D",48,32,16,5760,96,"independent",0,"independent",0.4,0.08,0.1,6656,32,16,30.1079136690648,0.000600961538461538,0.024514516892273,"ok"
93,"targeted",0.05,"che_rve",7,"D",5000,4999,1,0,2e-04,0.0502966067449374,0.000296606744937436,0.00165561970248124,0.0406893069796137,0.0400228580243706,0.983621029584578,0.0406863181900729,0.945989197839568,0.226445289057812,0.00591950776151995,NA,0.226445289057812,30.1079136690647,30.1079136690647,5.65597351700483e-14,30.1079136690646,30.1079136690649,0.0446089217843569,0,0.377121424285007,"targeted",7,"D",48,32,16,5760,96,"independent",0,"independent",0.4,0.08,0.1,6656,32,16,30.1079136690648,0.000600961538461538,0.024514516892273,"ok"
93,"targeted",0.05,"mlma",7,"D",5000,4999,1,0,2e-04,0.0503008476702156,0.000300847670215598,0.00165568948736378,0.0406901645040147,0.0401591252473996,0.986949198581816,0.0406872067429819,0.940988197639528,0.246849369873975,0.00609839239236977,NA,0.246849369873975,NA,NA,NA,NA,NA,0.0028005601120224,0.00720144028805761,0.261174234846675,"targeted",7,"D",48,32,16,5760,96,"independent",0,"independent",0.4,0.08,0.1,6656,32,16,30.1079136690648,0.000600961538461538,0.024514516892273,"ok"
93,"targeted",0.05,"mlma_cr2",7,"D",5000,4999,1,0,2e-04,0.0503008476702156,0.000300847670215598,0.00165568948736378,0.0406901645040147,0.0400239662676336,0.983627536420618,0.0406872067429819,0.945989197839568,0.226645329065813,0.00592135603279738,NA,0.226645329065813,30.1079136690647,30.1079136690647,5.67373845175869e-14,30.1079136690646,30.1079136690649,0.0028005601120224,0.00720144028805761,0.292330466092993,"targeted",7,"D",48,32,16,5760,96,"independent",0,"independent",0.4,0.08,0.1,6656,32,16,30.1079136690648,0.000600961538461538,0.024514516892273,"ok"
93,"targeted",0.1,"aggregate_hksj",7,"D",5000,5000,0,0,0,0.100300372389186,0.000300372389186065,0.00165535941268576,0.040686108350219,0.0401541691482227,0.986925778267673,0.0406831484078532,0.9468,0.6826,0.0065826626831397,NA,0.6826,46,46,0,46,46,0,0,0.0490659999999785,"targeted",7,"D",48,32,16,5760,96,"independent",0,"independent",0.4,0.08,0.1,6656,32,16,30.1079136690648,0.000600961538461538,0.024514516892273,"ok"
93,"targeted",0.1,"che_rve",7,"D",5000,5000,0,0,0,0.100300372389186,0.000300372389186412,0.00165535941268576,0.040686108350219,0.0400209030136609,0.983650308089628,0.0406831484078532,0.946,0.6708,0.00664571079719845,NA,0.6708,30.1079136690648,30.1079136690648,5.66121758007039e-14,30.1079136690646,30.1079136690649,0.045,0,0.377507999999993,"targeted",7,"D",48,32,16,5760,96,"independent",0,"independent",0.4,0.08,0.1,6656,32,16,30.1079136690648,0.000600961538461538,0.024514516892273,"ok"
93,"targeted",0.1,"mlma",7,"D",5000,5000,0,0,0,0.100300372389186,0.000300372389186412,0.00165535941268576,0.040686108350219,0.0401569394674346,0.986993868319146,0.0406831484078532,0.941,0.7012,0.00647330765528721,NA,0.7012,NA,NA,NA,NA,NA,0.003,0.0072,0.262136000000025,"targeted",7,"D",48,32,16,5760,96,"independent",0,"independent",0.4,0.08,0.1,6656,32,16,30.1079136690648,0.000600961538461538,0.024514516892273,"ok"
93,"targeted",0.1,"mlma_cr2",7,"D",5000,5000,0,0,0,0.100300372389186,0.000300372389186412,0.00165535941268576,0.040686108350219,0.0400209030136609,0.983650308089628,0.0406831484078532,0.946,0.6708,0.00664571079719845,NA,0.6708,30.1079136690647,30.1079136690648,5.69084759245964e-14,30.1079136690646,30.1079136690649,0.003,0.0072,0.292720000000155,"targeted",7,"D",48,32,16,5760,96,"independent",0,"independent",0.4,0.08,0.1,6656,32,16,30.1079136690648,0.000600961538461538,0.024514516892273,"ok"
93,"targeted",0.2,"aggregate_hksj",7,"D",5000,5000,0,0,0,0.200300372389186,0.000300372389186038,0.00165535941268576,0.040686108350219,0.0401541691482227,0.986925778267673,0.0406831484078532,0.9468,0.9984,0.00056523269544499,NA,0.9984,46,46,0,46,46,0,0,0.0489339999996895,"targeted",7,"D",48,32,16,5760,96,"independent",0,"independent",0.4,0.08,0.1,6656,32,16,30.1079136690648,0.000600961538461538,0.024514516892273,"ok"
93,"targeted",0.2,"che_rve",7,"D",5000,4999,1,0,2e-04,0.200279641752228,0.000279641752227971,0.00165354139057525,0.0406637601627697,0.0400221314345739,0.984221116649631,0.0406606543928137,0.946189237847569,0.998199639927986,0.000599579564575012,NA,0.998199639927986,30.1079136690648,30.1079136690648,5.68346216951283e-14,30.1079136690646,30.1079136690649,0.0446089217843569,0,0.376867373474707,"targeted",7,"D",48,32,16,5760,96,"independent",0,"independent",0.4,0.08,0.1,6656,32,16,30.1079136690648,0.000600961538461538,0.024514516892273,"ok"
93,"targeted",0.2,"mlma",7,"D",5000,4999,1,0,2e-04,0.200307975873353,0.0003079758733531,0.00165540149435657,0.0406866254972881,0.0401589111208961,0.987029782638838,0.0406837215230731,0.940988197639528,0.998599719943989,0.000528885430234995,NA,0.998599719943989,NA,NA,NA,NA,NA,0.0028005601120224,0.00720144028805761,0.262904580916246,"targeted",7,"D",48,32,16,5760,96,"independent",0,"independent",0.4,0.08,0.1,6656,32,16,30.1079136690648,0.000600961538461538,0.024514516892273,"ok"
93,"targeted",0.2,"mlma_cr2",7,"D",5000,4999,1,0,2e-04,0.200307975873353,0.0003079758733531,0.00165540149435657,0.0406866254972881,0.0400225859353934,0.983679168429958,0.0406837215230731,0.945989197839568,0.998199639927986,0.000599579564575012,NA,0.998199639927986,30.1079136690647,30.1079136690647,5.71348660588021e-14,30.1079136690646,30.1079136690649,0.0028005601120224,0.00720144028805761,0.294142828565598,"targeted",7,"D",48,32,16,5760,96,"independent",0,"independent",0.4,0.08,0.1,6656,32,16,30.1079136690648,0.000600961538461538,0.024514516892273,"ok"
94,"targeted",0,"aggregate_hksj",7,"D",5000,5000,0,0,0,-0.000441355118013399,-0.000441355118013399,0.00119733465505168,0.0346025238248843,0.0345295040123272,0.997889754720593,0.0346018783082779,0.948,0.052,0.00313993630508646,0.052,NA,46,46,0,46,46,0,0,0.0474339999999998,"targeted",7,"D",48,32,16,23040,96,"independent",0,"independent",0.4,0.08,0.1,27136,32,16,30.1079136690648,0.000147405660377358,0.0121410732794658,"ok"
94,"targeted",0,"che_rve",7,"D",5000,5000,0,0,0,-0.000441355118013103,-0.000441355118013103,0.00119733465505168,0.0346025238248843,0.0344091656667757,0.994412021530941,0.0346018783082779,0.9496,0.0504,0.00309385972532693,0.0504,NA,30.1079136690648,30.1079136690647,5.7606480935595e-14,30.1079136690646,30.1079136690649,0.0056,0,0.345171999999994,"targeted",7,"D",48,32,16,23040,96,"independent",0,"independent",0.4,0.08,0.1,27136,32,16,30.1079136690648,0.000147405660377358,0.0121410732794658,"ok"
94,"targeted",0,"mlma",7,"D",5000,5000,0,0,0,-0.0004413551180131,-0.0004413551180131,0.00119733465505168,0.0346025238248843,0.0345308705302903,0.997929246578758,0.0346018783082779,0.9416,0.0584,0.00331630637909105,0.0584,NA,NA,NA,NA,NA,NA,0.0026,0,0.245918000000008,"targeted",7,"D",48,32,16,23040,96,"independent",0,"independent",0.4,0.08,0.1,27136,32,16,30.1079136690648,0.000147405660377358,0.0121410732794658,"ok"
94,"targeted",0,"mlma_cr2",7,"D",5000,5000,0,0,0,-0.0004413551180131,-0.0004413551180131,0.00119733465505168,0.0346025238248843,0.0344091656667757,0.994412021530941,0.0346018783082779,0.9496,0.0504,0.00309385972532693,0.0504,NA,30.1079136690648,30.1079136690647,5.83423018538493e-14,30.1079136690646,30.1079136690649,0.0026,0,0.27644999999999,"targeted",7,"D",48,32,16,23040,96,"independent",0,"independent",0.4,0.08,0.1,27136,32,16,30.1079136690648,0.000147405660377358,0.0121410732794658,"ok"
94,"targeted",0.05,"aggregate_hksj",7,"D",5000,5000,0,0,0,0.0495586448819866,-0.00044135511801343,0.00119733465505168,0.0346025238248843,0.0345295040123272,0.997889754720593,0.0346018783082779,0.948,0.291,0.0064236905280376,NA,0.291,46,46,0,46,46,0,0,0.0475220000000185,"targeted",7,"D",48,32,16,23040,96,"independent",0,"independent",0.4,0.08,0.1,27136,32,16,30.1079136690648,0.000147405660377358,0.0121410732794658,"ok"
94,"targeted",0.05,"che_rve",7,"D",5000,4999,1,0,2e-04,0.0495486125931811,-0.000451387406818909,0.00119707088302729,0.034598712158508,0.0344104002094234,0.994557255535355,0.0345981960736294,0.949589917983597,0.286857371474295,0.0063970484152237,NA,0.286857371474295,30.1079136690647,30.1079136690648,5.85577609308304e-14,30.1079136690646,30.1079136690649,0.00540108021604321,0,0.34467693538708,"targeted",7,"D",48,32,16,23040,96,"independent",0,"independent",0.4,0.08,0.1,27136,32,16,30.1079136690648,0.000147405660377358,0.0121410732794658,"ok"
94,"targeted",0.05,"mlma",7,"D",5000,5000,0,0,0,0.0495586448819869,-0.000441355118013104,0.00119733465505168,0.0346025238248843,0.0345308705317625,0.997929246621305,0.0346018783082779,0.9416,0.3094,0.00653714983765861,NA,0.3094,NA,NA,NA,NA,NA,0.0026,0,0.245942,"targeted",7,"D",48,32,16,23040,96,"independent",0,"independent",0.4,0.08,0.1,27136,32,16,30.1079136690648,0.000147405660377358,0.0121410732794658,"ok"
94,"targeted",0.05,"mlma_cr2",7,"D",5000,5000,0,0,0,0.0495586448819869,-0.000441355118013104,0.00119733465505168,0.0346025238248843,0.0344091656667757,0.994412021530941,0.0346018783082779,0.9496,0.287,0.00639735883001728,NA,0.287,30.1079136690647,30.1079136690647,5.91167048069729e-14,30.1079136690646,30.1079136690649,0.0026,0,0.276199999999982,"targeted",7,"D",48,32,16,23040,96,"independent",0,"independent",0.4,0.08,0.1,27136,32,16,30.1079136690648,0.000147405660377358,0.0121410732794658,"ok"
94,"targeted",0.1,"aggregate_hksj",7,"D",5000,5000,0,0,0,0.0995586448819866,-0.000441355118013451,0.00119733465505168,0.0346025238248843,0.0345295040123272,0.997889754720593,0.0346018783082779,0.948,0.8044,0.00560964597813445,NA,0.8044,46,46,0,46,46,0,0,0.0473060000000074,"targeted",7,"D",48,32,16,23040,96,"independent",0,"independent",0.4,0.08,0.1,27136,32,16,30.1079136690648,0.000147405660377358,0.0121410732794658,"ok"
94,"targeted",0.1,"che_rve",7,"D",5000,5000,0,0,0,0.0995586448819869,-0.000441355118013104,0.00119733465505168,0.0346025238248843,0.0344091656667757,0.994412021530941,0.0346018783082779,0.9496,0.7958,0.0057009185224839,NA,0.7958,30.1079136690648,30.1079136690648,5.89330451914917e-14,30.1079136690646,30.1079136690649,0.0056,0,0.345895999999993,"targeted",7,"D",48,32,16,23040,96,"independent",0,"independent",0.4,0.08,0.1,27136,32,16,30.1079136690648,0.000147405660377358,0.0121410732794658,"ok"
94,"targeted",0.1,"mlma",7,"D",5000,5000,0,0,0,0.0995586448819869,-0.000441355118013104,0.00119733465505168,0.0346025238248843,0.0345308705305723,0.997929246586907,0.0346018783082779,0.9416,0.8196,0.00543793784444067,NA,0.8196,NA,NA,NA,NA,NA,0.0026,0,0.245451999999998,"targeted",7,"D",48,32,16,23040,96,"independent",0,"independent",0.4,0.08,0.1,27136,32,16,30.1079136690648,0.000147405660377358,0.0121410732794658,"ok"
94,"targeted",0.1,"mlma_cr2",7,"D",5000,5000,0,0,0,0.0995586448819869,-0.000441355118013104,0.00119733465505168,0.0346025238248843,0.0344091656667757,0.994412021530941,0.0346018783082779,0.9496,0.7958,0.0057009185224839,NA,0.7958,30.1079136690647,30.1079136690647,5.80508847316715e-14,30.1079136690646,30.1079136690649,0.0026,0,0.275968000000007,"targeted",7,"D",48,32,16,23040,96,"independent",0,"independent",0.4,0.08,0.1,27136,32,16,30.1079136690648,0.000147405660377358,0.0121410732794658,"ok"
94,"targeted",0.2,"aggregate_hksj",7,"D",5000,5000,0,0,0,0.199558644881987,-0.000441355118013492,0.00119733465505168,0.0346025238248843,0.0345295040123272,0.997889754720593,0.0346018783082779,0.948,0.9998,0.000199979998999889,NA,0.9998,46,46,0,46,46,0,0,0.0474999999999947,"targeted",7,"D",48,32,16,23040,96,"independent",0,"independent",0.4,0.08,0.1,27136,32,16,30.1079136690648,0.000147405660377358,0.0121410732794658,"ok"
94,"targeted",0.2,"che_rve",7,"D",5000,5000,0,0,0,0.199558644881987,-0.000441355118013104,0.00119733465505168,0.0346025238248843,0.0344091656667757,0.994412021530941,0.0346018783082779,0.9496,0.9998,0.000199979998999889,NA,0.9998,30.1079136690647,30.1079136690647,5.80066127979995e-14,30.1079136690646,30.1079136690649,0.0056,0,0.344538000000006,"targeted",7,"D",48,32,16,23040,96,"independent",0,"independent",0.4,0.08,0.1,27136,32,16,30.1079136690648,0.000147405660377358,0.0121410732794658,"ok"
94,"targeted",0.2,"mlma",7,"D",5000,5000,0,0,0,0.199558644881987,-0.000441355118013104,0.00119733465505168,0.0346025238248843,0.0345308705319964,0.997929246628064,0.0346018783082779,0.9416,0.9998,0.000199979998999889,NA,0.9998,NA,NA,NA,NA,NA,0.0026,0,0.245560000000005,"targeted",7,"D",48,32,16,23040,96,"independent",0,"independent",0.4,0.08,0.1,27136,32,16,30.1079136690648,0.000147405660377358,0.0121410732794658,"ok"
94,"targeted",0.2,"mlma_cr2",7,"D",5000,5000,0,0,0,0.199558644881987,-0.000441355118013104,0.00119733465505168,0.0346025238248843,0.0344091656667757,0.994412021530941,0.0346018783082779,0.9496,0.9998,0.000199979998999889,NA,0.9998,30.1079136690647,30.1079136690647,5.81349193793369e-14,30.1079136690646,30.1079136690649,0.0026,0,0.276148000000006,"targeted",7,"D",48,32,16,23040,96,"independent",0,"independent",0.4,0.08,0.1,27136,32,16,30.1079136690648,0.000147405660377358,0.0121410732794658,"ok"
95,"targeted",0,"aggregate_hksj",8,"D",5000,5000,0,0,0,0.00197426712902228,0.00197426712902228,0.0017854413736639,0.0422544834741107,0.0416532052147339,0.985770071955909,0.0422963593715334,0.9502,0.0498,0.00307636018697421,0.0498,NA,94,94,0,94,94,0,0,0.0844779999999639,"targeted",8,"D",96,72,24,9600,288,"independent",0,"independent",0.55,0.15,0.07,10476,72,24,39.4682779456193,0.000381825124093165,0.019540346058685,"ok"
95,"targeted",0,"che_rve",8,"D",5000,5000,0,0,0,0.00197426712902242,0.00197426712902242,0.00178544137366389,0.0422544834741107,0.0414699545886418,0.981433239245498,0.0422963593715334,0.951,0.049,0.00305283474822991,0.049,NA,39.4682779456193,39.4682779456193,1.83562810201993e-13,39.468277945619,39.4682779456197,0,0,0.539075999999999,"targeted",8,"D",96,72,24,9600,288,"independent",0,"independent",0.55,0.15,0.07,10476,72,24,39.4682779456193,0.000381825124093165,0.019540346058685,"ok"
95,"targeted",0,"mlma",8,"D",5000,4881,119,0,0.0238,0.00191091669987056,0.00191091669987056,0.00178278442901384,0.042223031973247,0.0416498809330899,0.986425630435061,0.0422619306446817,0.947756607252612,0.0522433927473878,0.00318500187947604,0.0522433927473878,NA,NA,NA,NA,NA,NA,0,0.777709485761115,0.919674247080591,"targeted",8,"D",96,72,24,9600,288,"independent",0,"independent",0.55,0.15,0.07,10476,72,24,39.4682779456193,0.000381825124093165,0.019540346058685,"ok"
95,"targeted",0,"mlma_cr2",8,"D",5000,4881,119,0,0.0238,0.00191091669987056,0.00191091669987056,0.00178278442901384,0.042223031973247,0.0414494178865871,0.981677912492165,0.0422619306446817,0.950829748002459,0.0491702519975415,0.00309491120667216,0.0491702519975415,NA,39.4682779456193,39.4682779456193,1.83215528698266e-13,39.468277945619,39.4682779456197,0,0.777709485761115,0.978231919688645,"targeted",8,"D",96,72,24,9600,288,"independent",0,"independent",0.55,0.15,0.07,10476,72,24,39.4682779456193,0.000381825124093165,0.019540346058685,"ok"
95,"targeted",0.05,"aggregate_hksj",8,"D",5000,5000,0,0,0,0.0519742671290224,0.00197426712902236,0.0017854413736639,0.0422544834741107,0.0416532052147339,0.98577007195591,0.0422963593715334,0.9502,0.237,0.00601383405158473,NA,0.237,94,94,0,94,94,0,0,0.0845059999999965,"targeted",8,"D",96,72,24,9600,288,"independent",0,"independent",0.55,0.15,0.07,10476,72,24,39.4682779456193,0.000381825124093165,0.019540346058685,"ok"
95,"targeted",0.05,"che_rve",8,"D",5000,5000,0,0,0,0.0519742671290224,0.00197426712902241,0.00178544137366389,0.0422544834741107,0.0414699545886418,0.981433239245498,0.0422963593715334,0.951,0.236,0.00600506452921199,NA,0.236,39.4682779456193,39.4682779456193,1.86005819478786e-13,39.468277945619,39.4682779456197,0,0,0.539258000000016,"targeted",8,"D",96,72,24,9600,288,"independent",0,"independent",0.55,0.15,0.07,10476,72,24,39.4682779456193,0.000381825124093165,0.019540346058685,"ok"
95,"targeted",0.05,"mlma",8,"D",5000,4891,109,0,0.0218,0.0519896954883548,0.00198969548835478,0.00179187555237184,0.0423305510520692,0.0416537175441556,0.984010756035726,0.0423729640066701,0.947250051114292,0.246166428133306,0.00615961145595772,NA,0.246166428133306,NA,NA,NA,NA,NA,0,0.778368431813535,0.921404620731962,"targeted",8,"D",96,72,24,9600,288,"independent",0,"independent",0.55,0.15,0.07,10476,72,24,39.4682779456193,0.000381825124093165,0.019540346058685,"ok"
95,"targeted",0.05,"mlma_cr2",8,"D",5000,4891,109,0,0.0218,0.0519896954883548,0.00198969548835478,0.00179187555237184,0.0423305510520692,0.0414765754166034,0.979826021295698,0.0423729640066701,0.95052136577387,0.236556941320793,0.00607655372556398,NA,0.236556941320793,39.4682779456193,39.4682779456193,1.85681052714458e-13,39.468277945619,39.4682779456197,0,0.778368431813535,0.979922306276823,"targeted",8,"D",96,72,24,9600,288,"independent",0,"independent",0.55,0.15,0.07,10476,72,24,39.4682779456193,0.000381825124093165,0.019540346058685,"ok"
95,"targeted",0.1,"aggregate_hksj",8,"D",5000,5000,0,0,0,0.101974267129022,0.00197426712902245,0.0017854413736639,0.0422544834741107,0.0416532052147339,0.98577007195591,0.0422963593715334,0.9502,0.6746,0.00662593148168618,NA,0.6746,94,94,0,94,94,0,0,0.0847160000000134,"targeted",8,"D",96,72,24,9600,288,"independent",0,"independent",0.55,0.15,0.07,10476,72,24,39.4682779456193,0.000381825124093165,0.019540346058685,"ok"
95,"targeted",0.1,"che_rve",8,"D",5000,5000,0,0,0,0.101974267129022,0.00197426712902242,0.00178544137366389,0.0422544834741107,0.0414699545886418,0.981433239245498,0.0422963593715334,0.951,0.662,0.00668963377173968,NA,0.662,39.4682779456193,39.4682779456193,1.84886908169613e-13,39.468277945619,39.4682779456197,0,0,0.539360000000077,"targeted",8,"D",96,72,24,9600,288,"independent",0,"independent",0.55,0.15,0.07,10476,72,24,39.4682779456193,0.000381825124093165,0.019540346058685,"ok"
95,"targeted",0.1,"mlma",8,"D",5000,4889,111,0,0.0222,0.101967366373412,0.00196736637341155,0.00178254863047396,0.042220239583332,0.0416512784427961,0.986523971769204,0.0422617386886504,0.948046635303743,0.682552669257517,0.00665723527746839,NA,0.682552669257517,NA,NA,NA,NA,NA,0,0.778073225608509,0.917044385354882,"targeted",8,"D",96,72,24,9600,288,"independent",0,"independent",0.55,0.15,0.07,10476,72,24,39.4682779456193,0.000381825124093165,0.019540346058685,"ok"
95,"targeted",0.1,"mlma_cr2",8,"D",5000,4889,111,0,0.0222,0.101967366373412,0.00196736637341155,0.00178254863047396,0.042220239583332,0.0414649386629605,0.982110453947549,0.0422617386886504,0.951523829003886,0.662098588668439,0.00676466532678231,NA,0.662098588668439,39.4682779456193,39.4682779456193,1.84448808791291e-13,39.468277945619,39.4682779456197,0,0.778073225608509,0.975635099202246,"targeted",8,"D",96,72,24,9600,288,"independent",0,"independent",0.55,0.15,0.07,10476,72,24,39.4682779456193,0.000381825124093165,0.019540346058685,"ok"
95,"targeted",0.2,"aggregate_hksj",8,"D",5000,5000,0,0,0,0.201974267129023,0.00197426712902263,0.0017854413736639,0.0422544834741107,0.0416532052147339,0.985770071955909,0.0422963593715334,0.9502,0.9972,0.000747283078893136,NA,0.9972,94,94,0,94,94,0,0,0.0845039999999597,"targeted",8,"D",96,72,24,9600,288,"independent",0,"independent",0.55,0.15,0.07,10476,72,24,39.4682779456193,0.000381825124093165,0.019540346058685,"ok"
95,"targeted",0.2,"che_rve",8,"D",5000,5000,0,0,0,0.201974267129022,0.00197426712902241,0.00178544137366389,0.0422544834741106,0.0414699545886418,0.981433239245499,0.0422963593715333,0.951,0.9966,0.000823218075603295,NA,0.9966,39.4682779456193,39.4682779456193,1.83015904544496e-13,39.4682779456189,39.4682779456197,0,0,0.538267999999999,"targeted",8,"D",96,72,24,9600,288,"independent",0,"independent",0.55,0.15,0.07,10476,72,24,39.4682779456193,0.000381825124093165,0.019540346058685,"ok"
95,"targeted",0.2,"mlma",8,"D",5000,4888,112,0,0.0224,0.201802890991957,0.00180289099195721,0.00178903924366655,0.042297035873292,0.0416397050347982,0.984459174858897,0.0423311192056567,0.947013093289689,0.997340425531915,0.000736651691335976,NA,0.997340425531915,NA,NA,NA,NA,NA,0,0.77823240589198,0.917144026186595,"targeted",8,"D",96,72,24,9600,288,"independent",0,"independent",0.55,0.15,0.07,10476,72,24,39.4682779456193,0.000381825124093165,0.019540346058685,"ok"
95,"targeted",0.2,"mlma_cr2",8,"D",5000,4888,112,0,0.0224,0.201802890991957,0.00180289099195721,0.00178903924366655,0.042297035873292,0.0414630490181622,0.980282617022428,0.0423311192056567,0.950286415711948,0.99652209492635,0.000842047769173736,NA,0.99652209492635,39.4682779456193,39.4682779456193,1.82111645085744e-13,39.468277945619,39.4682779456197,0,0.77823240589198,0.975304828150563,"targeted",8,"D",96,72,24,9600,288,"independent",0,"independent",0.55,0.15,0.07,10476,72,24,39.4682779456193,0.000381825124093165,0.019540346058685,"ok"
96,"targeted",0,"aggregate_hksj",8,"D",5000,5000,0,0,0,0.000432981006778956,0.000432981006778956,0.0014185507455358,0.037663652843767,0.037825449805592,1.00429583828462,0.0376623752296496,0.9508,0.0492,0.00305873699425106,0.0492,NA,94,94,0,94,94,0,0,0.0856640000000363,"targeted",8,"D",96,72,24,38400,288,"independent",0,"independent",0.55,0.15,0.07,42876,72,24,39.4682779456193,9.3292284728053e-05,0.00965879312999574,"ok"
96,"targeted",0,"che_rve",8,"D",5000,5000,0,0,0,0.000432981006779117,0.000432981006779117,0.0014185507455358,0.037663652843767,0.0376530700608056,0.999719018678161,0.0376623752296495,0.95,0.05,0.00308220700148449,0.05,NA,39.4682779456193,39.4682779456193,1.87962307051602e-13,39.468277945619,39.4682779456197,0,0,0.49087999999991,"targeted",8,"D",96,72,24,38400,288,"independent",0,"independent",0.55,0.15,0.07,42876,72,24,39.4682779456193,9.3292284728053e-05,0.00965879312999574,"ok"
96,"targeted",0,"mlma",8,"D",5000,5000,0,0,0,0.000432981006779104,0.000432981006779104,0.0014185507455358,0.037663652843767,0.0378254512673608,1.00429587709575,0.0376623752296496,0.948,0.052,0.00313993630508646,0.052,NA,NA,NA,NA,NA,NA,0,0,0.304838000000041,"targeted",8,"D",96,72,24,38400,288,"independent",0,"independent",0.55,0.15,0.07,42876,72,24,39.4682779456193,9.3292284728053e-05,0.00965879312999574,"ok"
96,"targeted",0,"mlma_cr2",8,"D",5000,5000,0,0,0,0.000432981006779104,0.000432981006779104,0.0014185507455358,0.037663652843767,0.0376530700608056,0.999719018678161,0.0376623752296496,0.95,0.05,0.00308220700148449,0.05,NA,39.4682779456193,39.4682779456193,1.87266894176339e-13,39.4682779456189,39.4682779456197,0,0,0.364274000000043,"targeted",8,"D",96,72,24,38400,288,"independent",0,"independent",0.55,0.15,0.07,42876,72,24,39.4682779456193,9.3292284728053e-05,0.00965879312999574,"ok"
96,"targeted",0.05,"aggregate_hksj",8,"D",5000,5000,0,0,0,0.0504329810067791,0.000432981006779048,0.0014185507455358,0.037663652843767,0.037825449805592,1.00429583828462,0.0376623752296496,0.9508,0.2642,0.00623535660568022,NA,0.2642,94,94,0,94,94,0,0,0.0856220000000991,"targeted",8,"D",96,72,24,38400,288,"independent",0,"independent",0.55,0.15,0.07,42876,72,24,39.4682779456193,9.3292284728053e-05,0.00965879312999574,"ok"
96,"targeted",0.05,"che_rve",8,"D",5000,5000,0,0,0,0.0504329810067791,0.000432981006779125,0.0014185507455358,0.037663652843767,0.0376530700608056,0.999719018678161,0.0376623752296495,0.95,0.2554,0.00616718477102803,NA,0.2554,39.4682779456193,39.4682779456193,1.88867325772202e-13,39.4682779456189,39.4682779456197,0,0,0.488999999999988,"targeted",8,"D",96,72,24,38400,288,"independent",0,"independent",0.55,0.15,0.07,42876,72,24,39.4682779456193,9.3292284728053e-05,0.00965879312999574,"ok"
96,"targeted",0.05,"mlma",8,"D",5000,5000,0,0,0,0.0504329810067791,0.000432981006779111,0.0014185507455358,0.037663652843767,0.0378254512712097,1.00429587719794,0.0376623752296496,0.948,0.2706,0.00628292352332893,NA,0.2706,NA,NA,NA,NA,NA,0,0,0.303881999999916,"targeted",8,"D",96,72,24,38400,288,"independent",0,"independent",0.55,0.15,0.07,42876,72,24,39.4682779456193,9.3292284728053e-05,0.00965879312999574,"ok"
96,"targeted",0.05,"mlma_cr2",8,"D",5000,5000,0,0,0,0.0504329810067791,0.000432981006779111,0.0014185507455358,0.037663652843767,0.0376530700608056,0.999719018678161,0.0376623752296496,0.95,0.2554,0.00616718477102803,NA,0.2554,39.4682779456193,39.4682779456193,1.89168089893485e-13,39.4682779456189,39.4682779456197,0,0,0.363429999999971,"targeted",8,"D",96,72,24,38400,288,"independent",0,"independent",0.55,0.15,0.07,42876,72,24,39.4682779456193,9.3292284728053e-05,0.00965879312999574,"ok"
96,"targeted",0.1,"aggregate_hksj",8,"D",5000,5000,0,0,0,0.100432981006779,0.000432981006779118,0.0014185507455358,0.037663652843767,0.037825449805592,1.00429583828462,0.0376623752296496,0.9508,0.739,0.00621094195754557,NA,0.739,94,94,0,94,94,0,0,0.0853899999999267,"targeted",8,"D",96,72,24,38400,288,"independent",0,"independent",0.55,0.15,0.07,42876,72,24,39.4682779456193,9.3292284728053e-05,0.00965879312999574,"ok"
96,"targeted",0.1,"che_rve",8,"D",5000,5000,0,0,0,0.100432981006779,0.000432981006779104,0.00141855074553579,0.0376636528437669,0.0376530700608056,0.999719018678161,0.0376623752296495,0.95,0.7286,0.00628875249950258,NA,0.7286,39.4682779456193,39.4682779456193,1.89016004417989e-13,39.468277945619,39.4682779456197,0,0,0.488401999999989,"targeted",8,"D",96,72,24,38400,288,"independent",0,"independent",0.55,0.15,0.07,42876,72,24,39.4682779456193,9.3292284728053e-05,0.00965879312999574,"ok"
96,"targeted",0.1,"mlma",8,"D",5000,5000,0,0,0,0.100432981006779,0.000432981006779076,0.00141855074553579,0.037663652843767,0.0378254512751351,1.00429587730216,0.0376623752296495,0.948,0.7476,0.00614319525979762,NA,0.7476,NA,NA,NA,NA,NA,0,0,0.304480000000041,"targeted",8,"D",96,72,24,38400,288,"independent",0,"independent",0.55,0.15,0.07,42876,72,24,39.4682779456193,9.3292284728053e-05,0.00965879312999574,"ok"
96,"targeted",0.1,"mlma_cr2",8,"D",5000,5000,0,0,0,0.100432981006779,0.000432981006779076,0.00141855074553579,0.037663652843767,0.0376530700608056,0.999719018678161,0.0376623752296495,0.95,0.7286,0.00628875249950258,NA,0.7286,39.4682779456193,39.4682779456193,1.88390781680669e-13,39.4682779456189,39.4682779456197,0,0,0.363620000000068,"targeted",8,"D",96,72,24,38400,288,"independent",0,"independent",0.55,0.15,0.07,42876,72,24,39.4682779456193,9.3292284728053e-05,0.00965879312999574,"ok"
96,"targeted",0.2,"aggregate_hksj",8,"D",5000,5000,0,0,0,0.200432981006779,0.000432981006779298,0.0014185507455358,0.037663652843767,0.037825449805592,1.00429583828462,0.0376623752296496,0.9508,0.9994,0.000346306222872199,NA,0.9994,94,94,0,94,94,0,0,0.0859179999999993,"targeted",8,"D",96,72,24,38400,288,"independent",0,"independent",0.55,0.15,0.07,42876,72,24,39.4682779456193,9.3292284728053e-05,0.00965879312999574,"ok"
96,"targeted",0.2,"che_rve",8,"D",5000,5000,0,0,0,0.200432981006779,0.000432981006779104,0.0014185507455358,0.037663652843767,0.0376530700608056,0.999719018678161,0.0376623752296496,0.95,0.9992,0.000399839967987199,NA,0.9992,39.4682779456193,39.4682779456193,1.90500888579007e-13,39.468277945619,39.4682779456197,0,0,0.489550000000029,"targeted",8,"D",96,72,24,38400,288,"independent",0,"independent",0.55,0.15,0.07,42876,72,24,39.4682779456193,9.3292284728053e-05,0.00965879312999574,"ok"
96,"targeted",0.2,"mlma",8,"D",5000,5000,0,0,0,0.200432981006779,0.000432981006779104,0.0014185507455358,0.037663652843767,0.037825451271739,1.00429587721199,0.0376623752296496,0.948,0.9994,0.000346306222872199,NA,0.9994,NA,NA,NA,NA,NA,0,0,0.303416000000131,"targeted",8,"D",96,72,24,38400,288,"independent",0,"independent",0.55,0.15,0.07,42876,72,24,39.4682779456193,9.3292284728053e-05,0.00965879312999574,"ok"
96,"targeted",0.2,"mlma_cr2",8,"D",5000,5000,0,0,0,0.200432981006779,0.000432981006779104,0.0014185507455358,0.037663652843767,0.0376530700608056,0.999719018678161,0.0376623752296496,0.95,0.9992,0.000399839967987199,NA,0.9992,39.4682779456193,39.4682779456193,1.86931846438249e-13,39.468277945619,39.4682779456197,0,0,0.362448000000071,"targeted",8,"D",96,72,24,38400,288,"independent",0,"independent",0.55,0.15,0.07,42876,72,24,39.4682779456193,9.3292284728053e-05,0.00965879312999574,"ok"
97,"targeted",0,"aggregate_hksj",9,"E",5000,5000,0,0,0,-0.00108855128540885,-0.00108855128540885,0.00937009316649637,0.09679924155951,0.0940444702102955,0.971541395316399,0.0967956821958709,0.9482,0.0518,0.0031342227106573,0.0518,NA,70,70,0,70,70,0,0,0.0687139999998821,"targeted",9,"E",72,60,12,11324,428,"n_majority",1,"positive",0.547079941630363,0.193165936646983,0.1666871222388,950.96966510026,25.5020531419694,11.7221497638858,10.9868111178369,0.00420623301330888,0.0648554778974673,"ok"
97,"targeted",0,"che_rve",9,"E",5000,5000,0,0,0,-0.000976280739801823,-0.000976280739801823,0.00933731490940528,0.0966297827246097,0.0975390268680639,1.0094095641925,0.0966250514644433,0.9622,0.0378,0.00269707841932711,0.0378,NA,12.8817610730162,12.8913327628574,0.257694012795806,11.937017530523,13.9636162524218,0,0,0.705113999999879,"targeted",9,"E",72,60,12,11324,428,"n_majority",1,"positive",0.547079941630363,0.193165936646983,0.1666871222388,950.96966510026,25.5020531419694,11.7221497638858,10.9868111178369,0.00420623301330888,0.0648554778974673,"ok"
97,"targeted",0,"mlma",9,"E",5000,5000,0,0,0,-0.000933150019974928,-0.000933150019974928,0.00937347277099156,0.0968166967572823,0.096142448940417,0.993035831220769,0.0968115119466541,0.9482,0.0518,0.0031342227106573,0.0518,NA,NA,NA,NA,NA,NA,0,0,0.455320000000024,"targeted",9,"E",72,60,12,11324,428,"n_majority",1,"positive",0.547079941630363,0.193165936646983,0.1666871222388,950.96966510026,25.5020531419694,11.7221497638858,10.9868111178369,0.00420623301330888,0.0648554778974673,"ok"
97,"targeted",0,"mlma_cr2",9,"E",5000,5000,0,0,0,-0.000933150019974928,-0.000933150019974928,0.00937347277099156,0.0968166967572823,0.097696679545637,1.00908916352063,0.0968115119466541,0.9602,0.0398,0.00276463234445378,0.0398,NA,12.7255501087915,12.7385808776152,0.305053156695867,11.529991308312,13.9750683410666,0,0,0.506744000000166,"targeted",9,"E",72,60,12,11324,428,"n_majority",1,"positive",0.547079941630363,0.193165936646983,0.1666871222388,950.96966510026,25.5020531419694,11.7221497638858,10.9868111178369,0.00420623301330888,0.0648554778974673,"ok"
97,"targeted",0.05,"aggregate_hksj",9,"E",5000,5000,0,0,0,0.0489114487145912,-0.00108855128540885,0.00937009316649637,0.09679924155951,0.0940444702102955,0.971541395316399,0.0967956821958709,0.9482,0.0858,0.00396076659246667,NA,0.0858,70,70,0,70,70,0,0,0.0685939999999886,"targeted",9,"E",72,60,12,11324,428,"n_majority",1,"positive",0.547079941630363,0.193165936646983,0.1666871222388,950.96966510026,25.5020531419694,11.7221497638858,10.9868111178369,0.00420623301330888,0.0648554778974673,"ok"
97,"targeted",0.05,"che_rve",9,"E",5000,5000,0,0,0,0.0490237192614913,-0.000976280738508667,0.00933731490963268,0.0966297827257863,0.0975390268689126,1.00940956418899,0.0966250514656066,0.9622,0.0666,0.00352603006226549,NA,0.0666,12.8817610728482,12.8913327511166,0.257694012897674,11.937017530523,13.9636162514411,0,0,0.705647999999931,"targeted",9,"E",72,60,12,11324,428,"n_majority",1,"positive",0.547079941630363,0.193165936646983,0.1666871222388,950.96966510026,25.5020531419694,11.7221497638858,10.9868111178369,0.00420623301330888,0.0648554778974673,"ok"
97,"targeted",0.05,"mlma",9,"E",5000,5000,0,0,0,0.0490668500028416,-0.000933149997158426,0.00937347277187986,0.0968166967618699,0.0961424489715674,0.993035831495461,0.096811511951021,0.9482,0.0858,0.00396076659246667,NA,0.0858,NA,NA,NA,NA,NA,0,0,0.451862000000005,"targeted",9,"E",72,60,12,11324,428,"n_majority",1,"positive",0.547079941630363,0.193165936646983,0.1666871222388,950.96966510026,25.5020531419694,11.7221497638858,10.9868111178369,0.00420623301330888,0.0648554778974673,"ok"
97,"targeted",0.05,"mlma_cr2",9,"E",5000,5000,0,0,0,0.0490668500028416,-0.000933149997158426,0.00937347277187986,0.0968166967618699,0.0976966795493107,1.00908916351077,0.096811511951021,0.9602,0.0674,0.00354562378150869,NA,0.0674,12.7255501102702,12.7385808776152,0.305053156279366,11.529991308312,13.9750683490986,0,0,0.502846000000078,"targeted",9,"E",72,60,12,11324,428,"n_majority",1,"positive",0.547079941630363,0.193165936646983,0.1666871222388,950.96966510026,25.5020531419694,11.7221497638858,10.9868111178369,0.00420623301330888,0.0648554778974673,"ok"
97,"targeted",0.1,"aggregate_hksj",9,"E",5000,5000,0,0,0,0.0989114487145911,-0.00108855128540886,0.00937009316649637,0.09679924155951,0.0940444702102955,0.971541395316399,0.0967956821958709,0.9482,0.1884,0.00553001699816556,NA,0.1884,70,70,0,70,70,0,0,0.0692280000000639,"targeted",9,"E",72,60,12,11324,428,"n_majority",1,"positive",0.547079941630363,0.193165936646983,0.1666871222388,950.96966510026,25.5020531419694,11.7221497638858,10.9868111178369,0.00420623301330888,0.0648554778974673,"ok"
97,"targeted",0.1,"che_rve",9,"E",5000,5000,0,0,0,0.0990237192599764,-0.000976280740023636,0.00933731490922888,0.096629782723697,0.0975390268681091,1.0094095642025,0.0966250514635329,0.9622,0.1506,0.00505805575295488,NA,0.1506,12.8817610731924,12.8913327503029,0.257694012940823,11.9370175311915,13.963616250267,0,0,0.705726000000088,"targeted",9,"E",72,60,12,11324,428,"n_majority",1,"positive",0.547079941630363,0.193165936646983,0.1666871222388,950.96966510026,25.5020531419694,11.7221497638858,10.9868111178369,0.00420623301330888,0.0648554778974673,"ok"
97,"targeted",0.1,"mlma",9,"E",5000,5000,0,0,0,0.0990668499986384,-0.000933150001361557,0.00937347277240031,0.0968166967645577,0.0961424489737146,0.993035831490071,0.0968115119537489,0.9482,0.1844,0.00548446241668224,NA,0.1844,NA,NA,NA,NA,NA,0,0,0.451166000000088,"targeted",9,"E",72,60,12,11324,428,"n_majority",1,"positive",0.547079941630363,0.193165936646983,0.1666871222388,950.96966510026,25.5020531419694,11.7221497638858,10.9868111178369,0.00420623301330888,0.0648554778974673,"ok"
97,"targeted",0.1,"mlma_cr2",9,"E",5000,5000,0,0,0,0.0990668499986384,-0.000933150001361557,0.00937347277240031,0.0968166967645577,0.097696679549193,1.00908916348154,0.0968115119537489,0.9602,0.1524,0.00508279922877149,NA,0.1524,12.7255501103659,12.7385808775803,0.305053156180374,11.529991308312,13.9750683453524,0,0,0.502122000000067,"targeted",9,"E",72,60,12,11324,428,"n_majority",1,"positive",0.547079941630363,0.193165936646983,0.1666871222388,950.96966510026,25.5020531419694,11.7221497638858,10.9868111178369,0.00420623301330888,0.0648554778974673,"ok"
97,"targeted",0.2,"aggregate_hksj",9,"E",5000,5000,0,0,0,0.198911448714591,-0.00108855128540886,0.00937009316649637,0.09679924155951,0.0940444702102955,0.971541395316399,0.0967956821958709,0.9482,0.539,0.00704952480668023,NA,0.539,70,70,0,70,70,0,0,0.0691700000000244,"targeted",9,"E",72,60,12,11324,428,"n_majority",1,"positive",0.547079941630363,0.193165936646983,0.1666871222388,950.96966510026,25.5020531419694,11.7221497638858,10.9868111178369,0.00420623301330888,0.0648554778974673,"ok"
97,"targeted",0.2,"che_rve",9,"E",5000,5000,0,0,0,0.199023719262649,-0.00097628073735101,0.00933731490970754,0.0966297827261737,0.0975390268682445,1.00940956417803,0.0966250514659823,0.9622,0.4506,0.00703647127472286,NA,0.4506,12.8817610729566,12.8913327481374,0.257694013188641,11.9370175311915,13.9636162502767,0,0,0.70688799999998,"targeted",9,"E",72,60,12,11324,428,"n_majority",1,"positive",0.547079941630363,0.193165936646983,0.1666871222388,950.96966510026,25.5020531419694,11.7221497638858,10.9868111178369,0.00420623301330888,0.0648554778974673,"ok"
97,"targeted",0.2,"mlma",9,"E",5000,5000,0,0,0,0.199066849983881,-0.000933150016118545,0.00937347276959681,0.0968166967500793,0.096142448945381,0.993035831345922,0.0968115119394149,0.9482,0.539,0.00704952480668023,NA,0.539,NA,NA,NA,NA,NA,0,0,0.449199999999892,"targeted",9,"E",72,60,12,11324,428,"n_majority",1,"positive",0.547079941630363,0.193165936646983,0.1666871222388,950.96966510026,25.5020531419694,11.7221497638858,10.9868111178369,0.00420623301330888,0.0648554778974673,"ok"
97,"targeted",0.2,"mlma_cr2",9,"E",5000,5000,0,0,0,0.199066849983881,-0.000933150016118545,0.00937347276959681,0.0968166967500793,0.0976966795457985,1.00908916359738,0.0968115119394149,0.9602,0.4516,0.00703786103869635,NA,0.4516,12.7255501088075,12.7385808775803,0.305053157827925,11.5299913122151,13.9750683435137,0,0,0.500661999999915,"targeted",9,"E",72,60,12,11324,428,"n_majority",1,"positive",0.547079941630363,0.193165936646983,0.1666871222388,950.96966510026,25.5020531419694,11.7221497638858,10.9868111178369,0.00420623301330888,0.0648554778974673,"ok"
98,"targeted",0,"aggregate_hksj",9,"E",5000,5000,0,0,0,0.00120155033159547,0.00120155033159547,0.00442375574376507,0.0665113204181444,0.0692315480502246,1.04089871641367,0.066515522367457,0.9592,0.0408,0.00279769047608916,0.0408,NA,70,70,0,70,70,0,0,0.0704000000000815,"targeted",9,"E",72,60,12,11324,428,"n_minority",1,"positive",0.547079941630363,0.193165936646983,0.1666871222388,19191.0301300775,33.0254681839662,10.4380820769546,34.7556008422942,0.000208430708142703,0.0144371294980236,"ok"
98,"targeted",0,"che_rve",9,"E",5000,5000,0,0,0,0.00115994594916241,0.00115994594916241,0.00442086395456574,0.066489577789047,0.065349272558739,0.982849865073201,0.0664930466769256,0.953,0.047,0.00299302522541993,0.047,NA,18.2123418850214,18.146897821843,0.491657024041249,17.1434830069526,21.2876157316101,0,0,0.720954000000018,"targeted",9,"E",72,60,12,11324,428,"n_minority",1,"positive",0.547079941630363,0.193165936646983,0.1666871222388,19191.0301300775,33.0254681839662,10.4380820769546,34.7556008422942,0.000208430708142703,0.0144371294980236,"ok"
98,"targeted",0,"mlma",9,"E",5000,5000,0,0,0,0.00118223655823007,0.00118223655823007,0.00442285707173944,0.0665045642925314,0.068258449695708,1.02637240649321,0.0665084218998219,0.9528,0.0472,0.00299907185642492,0.0472,NA,NA,NA,NA,NA,NA,0,0,0.462927999999985,"targeted",9,"E",72,60,12,11324,428,"n_minority",1,"positive",0.547079941630363,0.193165936646983,0.1666871222388,19191.0301300775,33.0254681839662,10.4380820769546,34.7556008422942,0.000208430708142703,0.0144371294980236,"ok"
98,"targeted",0,"mlma_cr2",9,"E",5000,5000,0,0,0,0.00118223655823007,0.00118223655823007,0.00442285707173944,0.0665045642925314,0.0653859423164599,0.983179771374021,0.0665084218998219,0.953,0.047,0.00299302522541993,0.047,NA,17.4029072790666,17.3647778889472,0.303262990521687,16.6773017588283,19.0954861153236,0,0,0.514899999999985,"targeted",9,"E",72,60,12,11324,428,"n_minority",1,"positive",0.547079941630363,0.193165936646983,0.1666871222388,19191.0301300775,33.0254681839662,10.4380820769546,34.7556008422942,0.000208430708142703,0.0144371294980236,"ok"
98,"targeted",0.05,"aggregate_hksj",9,"E",5000,5000,0,0,0,0.0512015503315955,0.00120155033159547,0.00442375574376507,0.0665113204181444,0.0692315480502246,1.04089871641367,0.066515522367457,0.9592,0.1046,0.00432802125687941,NA,0.1046,70,70,0,70,70,0,0,0.0702779999999271,"targeted",9,"E",72,60,12,11324,428,"n_minority",1,"positive",0.547079941630363,0.193165936646983,0.1666871222388,19191.0301300775,33.0254681839662,10.4380820769546,34.7556008422942,0.000208430708142703,0.0144371294980236,"ok"
98,"targeted",0.05,"che_rve",9,"E",5000,5000,0,0,0,0.0511599459523857,0.00115994595238571,0.00442086395440713,0.0664895777878543,0.0653492725585832,0.982849865088489,0.0664930466757894,0.953,0.1158,0.00452527037866247,NA,0.1158,18.2123418845303,18.1468978252847,0.491657023890767,17.1434830153158,21.2876157289709,0,0,0.719300000000009,"targeted",9,"E",72,60,12,11324,428,"n_minority",1,"positive",0.547079941630363,0.193165936646983,0.1666871222388,19191.0301300775,33.0254681839662,10.4380820769546,34.7556008422942,0.000208430708142703,0.0144371294980236,"ok"
98,"targeted",0.05,"mlma",9,"E",5000,5000,0,0,0,0.0511822365590601,0.00118223655906009,0.00442285707160325,0.0665045642915075,0.0682584496941589,1.02637240648572,0.066508421898813,0.9528,0.1146,0.0045048160894758,NA,0.1146,NA,NA,NA,NA,NA,0,0,0.458333999999971,"targeted",9,"E",72,60,12,11324,428,"n_minority",1,"positive",0.547079941630363,0.193165936646983,0.1666871222388,19191.0301300775,33.0254681839662,10.4380820769546,34.7556008422942,0.000208430708142703,0.0144371294980236,"ok"
98,"targeted",0.05,"mlma_cr2",9,"E",5000,5000,0,0,0,0.0511822365590601,0.00118223655906009,0.00442285707160325,0.0665045642915075,0.0653859423162403,0.983179771385857,0.066508421898813,0.953,0.1138,0.00449109251741711,NA,0.1138,17.4029072789802,17.3647778947867,0.303262989924022,16.6773017547062,19.0954861345927,0,0,0.510211999999924,"targeted",9,"E",72,60,12,11324,428,"n_minority",1,"positive",0.547079941630363,0.193165936646983,0.1666871222388,19191.0301300775,33.0254681839662,10.4380820769546,34.7556008422942,0.000208430708142703,0.0144371294980236,"ok"
98,"targeted",0.1,"aggregate_hksj",9,"E",5000,5000,0,0,0,0.101201550331595,0.00120155033159547,0.00442375574376507,0.0665113204181444,0.0692315480502246,1.04089871641367,0.066515522367457,0.9592,0.297,0.00646205849555697,NA,0.297,70,70,0,70,70,0,0,0.0702540000001172,"targeted",9,"E",72,60,12,11324,428,"n_minority",1,"positive",0.547079941630363,0.193165936646983,0.1666871222388,19191.0301300775,33.0254681839662,10.4380820769546,34.7556008422942,0.000208430708142703,0.0144371294980236,"ok"
98,"targeted",0.1,"che_rve",9,"E",5000,5000,0,0,0,0.101159945950569,0.00115994595056901,0.00442086395446761,0.0664895777883091,0.0653492725588487,0.982849865085759,0.0664930466762124,0.953,0.3072,0.00652423420793583,NA,0.3072,18.2123418843815,18.1468978215581,0.49165702395617,17.1434829909111,21.2876157247944,0,0,0.719496000000087,"targeted",9,"E",72,60,12,11324,428,"n_minority",1,"positive",0.547079941630363,0.193165936646983,0.1666871222388,19191.0301300775,33.0254681839662,10.4380820769546,34.7556008422942,0.000208430708142703,0.0144371294980236,"ok"
98,"targeted",0.1,"mlma",9,"E",5000,5000,0,0,0,0.101182236561526,0.00118223656152648,0.00442285707126335,0.066504564288952,0.0682584497224787,1.02637240695099,0.066508421896302,0.9528,0.3186,0.00658929495469735,NA,0.3186,NA,NA,NA,NA,NA,0,0,0.458687999999803,"targeted",9,"E",72,60,12,11324,428,"n_minority",1,"positive",0.547079941630363,0.193165936646983,0.1666871222388,19191.0301300775,33.0254681839662,10.4380820769546,34.7556008422942,0.000208430708142703,0.0144371294980236,"ok"
98,"targeted",0.1,"mlma_cr2",9,"E",5000,5000,0,0,0,0.101182236561526,0.00118223656152648,0.00442285707126335,0.066504564288952,0.0653859423167196,0.983179771430843,0.066508421896302,0.953,0.3038,0.00650393050393376,NA,0.3038,17.4029072781089,17.364777848305,0.30326299063007,16.6773017365372,19.0954861253836,0,0,0.510659999999875,"targeted",9,"E",72,60,12,11324,428,"n_minority",1,"positive",0.547079941630363,0.193165936646983,0.1666871222388,19191.0301300775,33.0254681839662,10.4380820769546,34.7556008422942,0.000208430708142703,0.0144371294980236,"ok"
98,"targeted",0.2,"aggregate_hksj",9,"E",5000,5000,0,0,0,0.201201550331595,0.00120155033159547,0.00442375574376507,0.0665113204181444,0.0692315480502246,1.04089871641367,0.066515522367457,0.9592,0.821,0.00542142047806661,NA,0.821,70,70,0,70,70,0,0,0.070477999999962,"targeted",9,"E",72,60,12,11324,428,"n_minority",1,"positive",0.547079941630363,0.193165936646983,0.1666871222388,19191.0301300775,33.0254681839662,10.4380820769546,34.7556008422942,0.000208430708142703,0.0144371294980236,"ok"
98,"targeted",0.2,"che_rve",9,"E",5000,5000,0,0,0,0.201159945952817,0.00115994595281727,0.00442086395432223,0.0664895777872158,0.0653492725587904,0.982849865101043,0.0664930466751586,0.953,0.8212,0.00541905083939983,NA,0.8212,18.2123418850544,18.1468978218514,0.491657025441757,17.143483027053,21.2876157159936,0,0,0.719296000000034,"targeted",9,"E",72,60,12,11324,428,"n_minority",1,"positive",0.547079941630363,0.193165936646983,0.1666871222388,19191.0301300775,33.0254681839662,10.4380820769546,34.7556008422942,0.000208430708142703,0.0144371294980236,"ok"
98,"targeted",0.2,"mlma",9,"E",5000,5000,0,0,0,0.201182236558903,0.00118223655890304,0.00442285707172406,0.0665045642924157,0.0682584497152585,1.02637240678897,0.0665084218997182,0.9528,0.8388,0.00520027999246194,NA,0.8388,NA,NA,NA,NA,NA,0,0,0.458658000000042,"targeted",9,"E",72,60,12,11324,428,"n_minority",1,"positive",0.547079941630363,0.193165936646983,0.1666871222388,19191.0301300775,33.0254681839662,10.4380820769546,34.7556008422942,0.000208430708142703,0.0144371294980236,"ok"
98,"targeted",0.2,"mlma_cr2",9,"E",5000,5000,0,0,0,0.201182236558903,0.00118223655890304,0.00442285707172406,0.0665045642924157,0.0653859423161142,0.983179771370532,0.0665084218997182,0.953,0.8156,0.00548446241668224,NA,0.8156,17.4029072781251,17.364777869984,0.303262989762446,16.6773017499253,19.0954861576588,0,0,0.510787999999974,"targeted",9,"E",72,60,12,11324,428,"n_minority",1,"positive",0.547079941630363,0.193165936646983,0.1666871222388,19191.0301300775,33.0254681839662,10.4380820769546,34.7556008422942,0.000208430708142703,0.0144371294980236,"ok"
99,"targeted",0,"aggregate_hksj",10,"E",5000,5000,0,0,0,-0.000283929605386864,-0.000283929605386864,0.0018831624709375,0.0433954199304201,0.044636377725801,1.02859651542422,0.0433920091084076,0.9548,0.0452,0.00293792307591605,0.0452,NA,118,118,0,118,118,0,0,0.106811999999973,"targeted",10,"E",120,95,25,17509,913,"n_majority",1,"negative",0.537568972632289,0.116660372591577,0.159851131173782,4310.23476324513,57.8368427970475,22.9130164892834,23.9532178137361,0.000928023697017477,0.030463481367327,"ok"
99,"targeted",0,"che_rve",10,"E",5000,5000,0,0,0,-0.000338428421186563,-0.000338428421186563,0.00187536400860613,0.0433054731945758,0.0431963889345029,0.997481051423158,0.0433024649367755,0.9454,0.0546,0.00321306209090332,0.0546,NA,31.8738482108053,31.8981792368666,0.59495189334979,28.8279103139379,33.7320848628078,0,0,1.28298200000005,"targeted",10,"E",120,95,25,17509,913,"n_majority",1,"negative",0.537568972632289,0.116660372591577,0.159851131173782,4310.23476324513,57.8368427970475,22.9130164892834,23.9532178137361,0.000928023697017477,0.030463481367327,"ok"
99,"targeted",0,"mlma",10,"E",5000,5000,0,0,0,-0.000293824345818526,-0.000293824345818526,0.00193091345158481,0.0439421602971999,0.0380692117821381,0.866348206930644,0.0439387482939681,0.904,0.096,0.00416614930121329,0.096,NA,NA,NA,NA,NA,NA,0,0,0.721264000000124,"targeted",10,"E",120,95,25,17509,913,"n_majority",1,"negative",0.537568972632289,0.116660372591577,0.159851131173782,4310.23476324513,57.8368427970475,22.9130164892834,23.9532178137361,0.000928023697017477,0.030463481367327,"ok"
99,"targeted",0,"mlma_cr2",10,"E",5000,5000,0,0,0,-0.000293824345818526,-0.000293824345818526,0.00193091345158481,0.0439421602971999,0.0436864539529086,0.994180842667683,0.0439387482939681,0.9488,0.0512,0.0031170036894428,0.0512,NA,38.6262738476252,38.6097149801176,0.206355786104837,38.0436922156462,39.663268353481,0,0,0.803197999999963,"targeted",10,"E",120,95,25,17509,913,"n_majority",1,"negative",0.537568972632289,0.116660372591577,0.159851131173782,4310.23476324513,57.8368427970475,22.9130164892834,23.9532178137361,0.000928023697017477,0.030463481367327,"ok"
99,"targeted",0.05,"aggregate_hksj",10,"E",5000,5000,0,0,0,0.0497160703946131,-0.000283929605386861,0.0018831624709375,0.0433954199304201,0.044636377725801,1.02859651542422,0.0433920091084076,0.9548,0.1862,0.00550508056253494,NA,0.1862,118,118,0,118,118,0,0,0.105215999999689,"targeted",10,"E",120,95,25,17509,913,"n_majority",1,"negative",0.537568972632289,0.116660372591577,0.159851131173782,4310.23476324513,57.8368427970475,22.9130164892834,23.9532178137361,0.000928023697017477,0.030463481367327,"ok"
99,"targeted",0.05,"che_rve",10,"E",5000,5000,0,0,0,0.0496615715666161,-0.000338428433383949,0.00187536400783356,0.0433054731856559,0.0431963889346183,0.997481051631281,0.0433024649279521,0.9454,0.1972,0.00562693806612442,NA,0.1972,31.8738482113928,31.8981791556293,0.594951895231657,28.8279102862088,33.7320848827468,0,0,1.28091799999985,"targeted",10,"E",120,95,25,17509,913,"n_majority",1,"negative",0.537568972632289,0.116660372591577,0.159851131173782,4310.23476324513,57.8368427970475,22.9130164892834,23.9532178137361,0.000928023697017477,0.030463481367327,"ok"
99,"targeted",0.05,"mlma",10,"E",5000,5000,0,0,0,0.0497061756568954,-0.000293824343104591,0.00193091345148735,0.0439421602960909,0.0380692116625718,0.866348204231516,0.0439387482928412,0.904,0.2806,0.00635395372976543,NA,0.2806,NA,NA,NA,NA,NA,0,0,0.710976000000155,"targeted",10,"E",120,95,25,17509,913,"n_majority",1,"negative",0.537568972632289,0.116660372591577,0.159851131173782,4310.23476324513,57.8368427970475,22.9130164892834,23.9532178137361,0.000928023697017477,0.030463481367327,"ok"
99,"targeted",0.05,"mlma_cr2",10,"E",5000,5000,0,0,0,0.0497061756568954,-0.000293824343104591,0.00193091345148735,0.0439421602960909,0.0436864539529671,0.994180842694104,0.0439387482928412,0.9488,0.1936,0.00558782676896842,NA,0.1936,38.6262738512361,38.6097149543834,0.206355782857832,38.0436922079338,39.6632683517667,0,0,0.792626000000164,"targeted",10,"E",120,95,25,17509,913,"n_majority",1,"negative",0.537568972632289,0.116660372591577,0.159851131173782,4310.23476324513,57.8368427970475,22.9130164892834,23.9532178137361,0.000928023697017477,0.030463481367327,"ok"
99,"targeted",0.1,"aggregate_hksj",10,"E",5000,5000,0,0,0,0.0997160703946131,-0.000283929605386868,0.0018831624709375,0.0433954199304201,0.044636377725801,1.02859651542422,0.0433920091084076,0.9548,0.603,0.0069194074890846,NA,0.603,118,118,0,118,118,0,0,0.106039999999787,"targeted",10,"E",120,95,25,17509,913,"n_majority",1,"negative",0.537568972632289,0.116660372591577,0.159851131173782,4310.23476324513,57.8368427970475,22.9130164892834,23.9532178137361,0.000928023697017477,0.030463481367327,"ok"
99,"targeted",0.1,"che_rve",10,"E",5000,5000,0,0,0,0.0996615715746746,-0.000338428425325374,0.00187536400767874,0.0433054731838683,0.0431963889356742,0.997481051696839,0.0433024649261017,0.9454,0.6008,0.006925884203479,NA,0.6008,31.8738482177058,31.898179333615,0.594951894756529,28.8279102741374,33.7320849408967,0,0,1.28237199999974,"targeted",10,"E",120,95,25,17509,913,"n_majority",1,"negative",0.537568972632289,0.116660372591577,0.159851131173782,4310.23476324513,57.8368427970475,22.9130164892834,23.9532178137361,0.000928023697017477,0.030463481367327,"ok"
99,"targeted",0.1,"mlma",10,"E",5000,5000,0,0,0,0.0997061756536865,-0.000293824346313476,0.00193091345180048,0.0439421602996539,0.0380692116671501,0.866348204265459,0.0439387482964252,0.904,0.717,0.00637041599897526,NA,0.717,NA,NA,NA,NA,NA,0,0,0.711300000000247,"targeted",10,"E",120,95,25,17509,913,"n_majority",1,"negative",0.537568972632289,0.116660372591577,0.159851131173782,4310.23476324513,57.8368427970475,22.9130164892834,23.9532178137361,0.000928023697017477,0.030463481367327,"ok"
99,"targeted",0.1,"mlma_cr2",10,"E",5000,5000,0,0,0,0.0997061756536865,-0.000293824346313476,0.00193091345180048,0.0439421602996539,0.0436864539544181,0.994180842646512,0.0439387482964252,0.9488,0.599,0.00693107495270395,NA,0.599,38.6262738537381,38.6097149653006,0.206355788403886,38.0436922099062,39.6632683581684,0,0,0.793134000000294,"targeted",10,"E",120,95,25,17509,913,"n_majority",1,"negative",0.537568972632289,0.116660372591577,0.159851131173782,4310.23476324513,57.8368427970475,22.9130164892834,23.9532178137361,0.000928023697017477,0.030463481367327,"ok"
99,"targeted",0.2,"aggregate_hksj",10,"E",5000,5000,0,0,0,0.199716070394613,-0.000283929605386868,0.0018831624709375,0.0433954199304201,0.044636377725801,1.02859651542422,0.0433920091084076,0.9548,0.9948,0.00101714895664303,NA,0.9948,118,118,0,118,118,0,0,0.105499999999927,"targeted",10,"E",120,95,25,17509,913,"n_majority",1,"negative",0.537568972632289,0.116660372591577,0.159851131173782,4310.23476324513,57.8368427970475,22.9130164892834,23.9532178137361,0.000928023697017477,0.030463481367327,"ok"
99,"targeted",0.2,"che_rve",10,"E",5000,5000,0,0,0,0.199661571563691,-0.000338428436308519,0.0018753640076119,0.0433054731830966,0.0431963889336727,0.997481051668395,0.043302464925416,0.9454,0.9942,0.00107390502373348,NA,0.9942,31.8738482095099,31.8981792157763,0.594951894133877,28.8279102818534,33.7320848930963,0,0,1.27953000000012,"targeted",10,"E",120,95,25,17509,913,"n_majority",1,"negative",0.537568972632289,0.116660372591577,0.159851131173782,4310.23476324513,57.8368427970475,22.9130164892834,23.9532178137361,0.000928023697017477,0.030463481367327,"ok"
99,"targeted",0.2,"mlma",10,"E",5000,5000,0,0,0,0.199706175655046,-0.000293824344954285,0.00193091345133768,0.0439421602943879,0.0380692117017749,0.866348205157244,0.0439387482911507,0.904,0.9984,0.00056523269544499,NA,0.9984,NA,NA,NA,NA,NA,0,0,0.709898000000257,"targeted",10,"E",120,95,25,17509,913,"n_majority",1,"negative",0.537568972632289,0.116660372591577,0.159851131173782,4310.23476324513,57.8368427970475,22.9130164892834,23.9532178137361,0.000928023697017477,0.030463481367327,"ok"
99,"targeted",0.2,"mlma_cr2",10,"E",5000,5000,0,0,0,0.199706175655046,-0.000293824344954285,0.00193091345133768,0.0439421602943879,0.043686453952769,0.994180842728126,0.0439387482911507,0.9488,0.9934,0.00114511484140239,NA,0.9934,38.6262738500474,38.6097149478772,0.206355789171269,38.0436922161444,39.6632683661042,0,0,0.791463999999856,"targeted",10,"E",120,95,25,17509,913,"n_majority",1,"negative",0.537568972632289,0.116660372591577,0.159851131173782,4310.23476324513,57.8368427970475,22.9130164892834,23.9532178137361,0.000928023697017477,0.030463481367327,"ok"
100,"targeted",0,"aggregate_hksj",10,"E",5000,5000,0,0,0,0.000138422680397917,0.000138422680397917,0.00137328595738584,0.0370578730823268,0.0348031453295468,0.939156579554067,0.0370544256605444,0.9338,0.0662,0.00351617860752266,0.0662,NA,118,118,0,118,118,0,0,0.0741059999998368,"targeted",10,"E",120,95,25,17509,913,"n_minority",1,"negative",0.537568972632289,0.116660372591577,0.159851131173782,25625.5782988681,68.6618396724558,21.4683073687518,65.3164890594968,0.000156094038282706,0.0124937599737912,"ok"
100,"targeted",0,"che_rve",10,"E",5000,5000,0,0,0,0.000150747437017792,0.000150747437017792,0.00136440059519155,0.0369377935885665,0.0370329775683143,1.0025768723711,0.036934407262907,0.9524,0.0476,0.00301112072159188,0.0476,NA,38.3332938783076,38.3309571618071,0.301984325233236,37.3020544382723,39.8529744362447,0,0,0.896147999999992,"targeted",10,"E",120,95,25,17509,913,"n_minority",1,"negative",0.537568972632289,0.116660372591577,0.159851131173782,25625.5782988681,68.6618396724558,21.4683073687518,65.3164890594968,0.000156094038282706,0.0124937599737912,"ok"
100,"targeted",0,"mlma",10,"E",5000,5000,0,0,0,0.000191185063501057,0.000191185063501057,0.00138499519727231,0.037215523606048,0.0403643506169963,1.08461057929161,0.0372122929952101,0.9656,0.0344,0.00257746542168852,0.0344,NA,NA,NA,NA,NA,NA,0,0,0.519486000000092,"targeted",10,"E",120,95,25,17509,913,"n_minority",1,"negative",0.537568972632289,0.116660372591577,0.159851131173782,25625.5782988681,68.6618396724558,21.4683073687518,65.3164890594968,0.000156094038282706,0.0124937599737912,"ok"
100,"targeted",0,"mlma_cr2",10,"E",5000,5000,0,0,0,0.000191185063501057,0.000191185063501057,0.00138499519727231,0.037215523606048,0.0372911544176754,1.00203223827852,0.0372122929952101,0.952,0.048,0.00302311098043059,0.048,NA,35.9242749652242,35.9469988548717,0.299783485696271,34.5641975629046,36.7348141790908,0,0,0.579180000000238,"targeted",10,"E",120,95,25,17509,913,"n_minority",1,"negative",0.537568972632289,0.116660372591577,0.159851131173782,25625.5782988681,68.6618396724558,21.4683073687518,65.3164890594968,0.000156094038282706,0.0124937599737912,"ok"
100,"targeted",0.05,"aggregate_hksj",10,"E",5000,5000,0,0,0,0.0501384226803979,0.000138422680397918,0.00137328595738584,0.0370578730823268,0.0348031453295468,0.939156579554067,0.0370544256605444,0.9338,0.3066,0.00652068155946907,NA,0.3066,118,118,0,118,118,0,0,0.0739099999999569,"targeted",10,"E",120,95,25,17509,913,"n_minority",1,"negative",0.537568972632289,0.116660372591577,0.159851131173782,25625.5782988681,68.6618396724558,21.4683073687518,65.3164890594968,0.000156094038282706,0.0124937599737912,"ok"
100,"targeted",0.05,"che_rve",10,"E",5000,5000,0,0,0,0.0501507474351493,0.000150747435149326,0.00136440059511025,0.0369377935874661,0.037032977568683,1.00257687241095,0.0369344072617991,0.9524,0.2518,0.00613835091860998,NA,0.2518,38.3332938745978,38.3309571648847,0.301984324691786,37.3020543264579,39.8529744227623,0,0,0.898181999999855,"targeted",10,"E",120,95,25,17509,913,"n_minority",1,"negative",0.537568972632289,0.116660372591577,0.159851131173782,25625.5782988681,68.6618396724558,21.4683073687518,65.3164890594968,0.000156094038282706,0.0124937599737912,"ok"
100,"targeted",0.05,"mlma",10,"E",5000,5000,0,0,0,0.0501911850623882,0.000191185062388161,0.00138499519718745,0.0372155236049077,0.0403643506486509,1.08461058017542,0.0372122929940643,0.9656,0.2206,0.00586405388788336,NA,0.2206,NA,NA,NA,NA,NA,0,0,0.514361999999994,"targeted",10,"E",120,95,25,17509,913,"n_minority",1,"negative",0.537568972632289,0.116660372591577,0.159851131173782,25625.5782988681,68.6618396724558,21.4683073687518,65.3164890594968,0.000156094038282706,0.0124937599737912,"ok"
100,"targeted",0.05,"mlma_cr2",10,"E",5000,5000,0,0,0,0.0501911850623882,0.000191185062388161,0.00138499519718745,0.0372155236049077,0.0372911544184021,1.00203223832875,0.0372122929940643,0.952,0.2494,0.00611881753282446,NA,0.2494,35.9242749731438,35.9469987883951,0.299783481149273,34.5641975595788,36.7348141779989,0,0,0.573518000000116,"targeted",10,"E",120,95,25,17509,913,"n_minority",1,"negative",0.537568972632289,0.116660372591577,0.159851131173782,25625.5782988681,68.6618396724558,21.4683073687518,65.3164890594968,0.000156094038282706,0.0124937599737912,"ok"
100,"targeted",0.1,"aggregate_hksj",10,"E",5000,5000,0,0,0,0.100138422680398,0.000138422680397918,0.00137328595738584,0.0370578730823268,0.0348031453295468,0.939156579554067,0.0370544256605444,0.9338,0.798,0.00567795737919897,NA,0.798,118,118,0,118,118,0,0,0.0739639999999607,"targeted",10,"E",120,95,25,17509,913,"n_minority",1,"negative",0.537568972632289,0.116660372591577,0.159851131173782,25625.5782988681,68.6618396724558,21.4683073687518,65.3164890594968,0.000156094038282706,0.0124937599737912,"ok"
100,"targeted",0.1,"che_rve",10,"E",5000,5000,0,0,0,0.100150747435312,0.00015074743531189,0.0013644005951538,0.0369377935880556,0.0370329775687705,1.00257687239732,0.0369344072623892,0.9524,0.747,0.0061480240728221,NA,0.747,38.3332938765605,38.330957158015,0.301984324396344,37.3020544509893,39.8529744329372,0,0,0.899255999999988,"targeted",10,"E",120,95,25,17509,913,"n_minority",1,"negative",0.537568972632289,0.116660372591577,0.159851131173782,25625.5782988681,68.6618396724558,21.4683073687518,65.3164890594968,0.000156094038282706,0.0124937599737912,"ok"
100,"targeted",0.1,"mlma",10,"E",5000,5000,0,0,0,0.100191185061721,0.000191185061721472,0.00138499519732239,0.0372155236067207,0.0403643506359117,1.08461057978027,0.0372122929958737,0.9656,0.711,0.00641060059588803,NA,0.711,NA,NA,NA,NA,NA,0,0,0.512370000000059,"targeted",10,"E",120,95,25,17509,913,"n_minority",1,"negative",0.537568972632289,0.116660372591577,0.159851131173782,25625.5782988681,68.6618396724558,21.4683073687518,65.3164890594968,0.000156094038282706,0.0124937599737912,"ok"
100,"targeted",0.1,"mlma_cr2",10,"E",5000,5000,0,0,0,0.100191185061721,0.000191185061721472,0.00138499519732239,0.0372155236067207,0.0372911544178942,1.00203223826629,0.0372122929958737,0.952,0.7416,0.00619079057956252,NA,0.7416,35.9242749649757,35.9469988615628,0.299783487098224,34.5641975215291,36.7348141794343,0,0,0.571148000000016,"targeted",10,"E",120,95,25,17509,913,"n_minority",1,"negative",0.537568972632289,0.116660372591577,0.159851131173782,25625.5782988681,68.6618396724558,21.4683073687518,65.3164890594968,0.000156094038282706,0.0124937599737912,"ok"
100,"targeted",0.2,"aggregate_hksj",10,"E",5000,5000,0,0,0,0.200138422680398,0.000138422680397932,0.00137328595738584,0.0370578730823268,0.0348031453295468,0.939156579554067,0.0370544256605444,0.9338,0.9994,0.000346306222872199,NA,0.9994,118,118,0,118,118,0,0,0.0745540000000852,"targeted",10,"E",120,95,25,17509,913,"n_minority",1,"negative",0.537568972632289,0.116660372591577,0.159851131173782,25625.5782988681,68.6618396724558,21.4683073687518,65.3164890594968,0.000156094038282706,0.0124937599737912,"ok"
100,"targeted",0.2,"che_rve",10,"E",5000,5000,0,0,0,0.200150747436795,0.000150747436794801,0.00136440059513447,0.0369377935877939,0.0370329775686682,1.00257687240165,0.0369344072621336,0.9524,0.9994,0.000346306222872199,NA,0.9994,38.3332938756357,38.3309571619955,0.301984323183825,37.302054510975,39.8529744362447,0,0,0.896566000000155,"targeted",10,"E",120,95,25,17509,913,"n_minority",1,"negative",0.537568972632289,0.116660372591577,0.159851131173782,25625.5782988681,68.6618396724558,21.4683073687518,65.3164890594968,0.000156094038282706,0.0124937599737912,"ok"
100,"targeted",0.2,"mlma",10,"E",5000,5000,0,0,0,0.200191185063132,0.000191185063131649,0.00138499519713144,0.0372155236041553,0.0403643506320171,1.08461057975039,0.0372122929933158,0.9656,0.9984,0.00056523269544499,NA,0.9984,NA,NA,NA,NA,NA,0,0,0.513375999999931,"targeted",10,"E",120,95,25,17509,913,"n_minority",1,"negative",0.537568972632289,0.116660372591577,0.159851131173782,25625.5782988681,68.6618396724558,21.4683073687518,65.3164890594968,0.000156094038282706,0.0124937599737912,"ok"
100,"targeted",0.2,"mlma_cr2",10,"E",5000,5000,0,0,0,0.200191185063132,0.000191185063131649,0.00138499519713144,0.0372155236041553,0.0372911544181686,1.00203223834273,0.0372122929933158,0.952,0.9994,0.000346306222872199,NA,0.9994,35.9242749682649,35.9469988439195,0.299783483784555,34.5641976705125,36.734814180707,0,0,0.572385999999777,"targeted",10,"E",120,95,25,17509,913,"n_minority",1,"negative",0.537568972632289,0.116660372591577,0.159851131173782,25625.5782988681,68.6618396724558,21.4683073687518,65.3164890594968,0.000156094038282706,0.0124937599737912,"ok"
