"scenario_id","beta1_true","method","n_success","reject_rate","mcse_reject_rate","empirical_sd","mean_df"
1,0,"aggregate_hksj",5000,0.0522,0.00314563697841947,0.0648901082503406,34
1,0,"che_rve",5000,0.0528,0.00316266216975509,0.0648402938956242,13.0676770049872
1,0,"mlma",5000,0.058,0.00330563155841664,0.0648043398337698,NA
1,0,"mlma_cr2",5000,0.0514,0.00312275647465504,0.0648043398337698,13.0528517967948
1,0.05,"aggregate_hksj",5000,0.123,0.00464480354805238,0.0648901082503406,34
1,0.05,"che_rve",5000,0.1112,0.00444599955015742,0.0648402938956827,13.0676770049378
1,0.05,"mlma",5000,0.1358,0.00484475716625715,0.0648043398365372,NA
1,0.05,"mlma_cr2",5000,0.1146,0.0045048160894758,0.0648043398365372,13.0528517970073
1,0.1,"aggregate_hksj",5000,0.335,0.00667495318335642,0.0648901082503406,34
1,0.1,"che_rve",5000,0.3108,0.00654527860369595,0.0648402938943173,13.0676770050902
1,0.1,"mlma",5000,0.3554,0.00676891187710403,0.0648043398359645,NA
1,0.1,"mlma_cr2",5000,0.3084,0.00653130063616735,0.0648043398359645,13.0528517970298
1,0.2,"aggregate_hksj",5000,0.8588,0.00492468394924994,0.0648901082503406,34
1,0.2,"che_rve",5000,0.826,0.00536141772295351,0.0648402938958291,13.0676770050489
1,0.2,"mlma",5000,0.8676,0.00479312507660712,0.064804339840967,NA
1,0.2,"mlma_cr2",5000,0.822,0.0054095471159793,0.064804339840967,13.052851796589
2,0,"aggregate_hksj",5000,0.0484,0.00303504332753257,0.0435381551935544,70
2,0,"che_rve",5000,0.0518,0.0031342227106573,0.0431421557743493,39.2884096540826
2,0,"mlma",5000,0.0602,0.00336380617753164,0.0433407651180046,NA
2,0,"mlma_cr2",5000,0.0524,0.00315132480077824,0.0433407651180046,40.5929391131468
2,0.05,"aggregate_hksj",5000,0.2062,0.00572156552003034,0.0435381551935544,70
2,0.05,"che_rve",5000,0.2084,0.0057440306405868,0.0431421557751573,39.2884096536239
2,0.05,"mlma",5000,0.231,0.00596052011153389,0.0433407651153859,NA
2,0.05,"mlma_cr2",5000,0.204,0.00569884198763222,0.0433407651153859,40.5929391131663
2,0.1,"aggregate_hksj",5000,0.625,0.00684653196881458,0.0435381551935544,70
2,0.1,"che_rve",5000,0.6276,0.00683693264556555,0.0431421557747416,39.288409653942
2,0.1,"mlma",5000,0.6588,0.00670496174485731,0.0433407651163977,NA
2,0.1,"mlma_cr2",5000,0.6236,0.00685161353259216,0.0433407651163977,40.5929391131322
2,0.2,"aggregate_hksj",5000,0.9926,0.00121204290353106,0.0435381551935544,70
2,0.2,"che_rve",5000,0.993,0.00117906742809731,0.0431421557746591,39.2884096537966
2,0.2,"mlma",5000,0.9956,0.000936017093861,0.0433407651182205,NA
2,0.2,"mlma_cr2",5000,0.9934,0.00114511484140239,0.0433407651182205,40.5929391131058
3,0,"aggregate_hksj",5000,0.047,0.00299302522541993,0.0389465093296859,58
3,0,"che_rve",5000,0.051,0.00311123769583746,0.0388245381064844,37.9160233855573
3,0,"mlma",5000,0.0566,0.00326791799162709,0.0388566074212925,NA
3,0,"mlma_cr2",5000,0.0512,0.0031170036894428,0.0388566074212925,37.4013857217612
3,0.05,"aggregate_hksj",5000,0.2334,0.00598204714123852,0.0389465093296859,58
3,0.05,"che_rve",5000,0.2438,0.00607225757029459,0.0388245381059607,37.9160233858201
3,0.05,"mlma",5000,0.2606,0.00620786017883779,0.038856607421402,NA
3,0.05,"mlma_cr2",5000,0.2428,0.00606379683036957,0.038856607421402,37.4013857217877
3,0.1,"aggregate_hksj",5000,0.6988,0.00648812083734574,0.0389465093296859,58
3,0.1,"che_rve",5000,0.7112,0.00640928326726164,0.0388245381057284,37.9160233862589
3,0.1,"mlma",5000,0.7308,0.00627266067948841,0.0388566074209812,NA
3,0.1,"mlma_cr2",5000,0.711,0.00641060059588803,0.0388566074209812,37.4013857224749
3,0.2,"aggregate_hksj",5000,0.9988,0.000489603921552918,0.0389465093296859,58
3,0.2,"che_rve",5000,0.9996,0.000282786138274123,0.0388245381055429,37.9160233859459
3,0.2,"mlma",5000,0.9998,0.000199979998999889,0.0388566074209749,NA
3,0.2,"mlma_cr2",5000,0.9996,0.000282786138274123,0.0388566074209749,37.4013857218531
4,0,"aggregate_hksj",5000,0.062,0.00341045451516363,0.0544779008703056,70
4,0,"che_rve",5000,0.0542,0.00320194815698193,0.0542344154922679,23.6383979361486
4,0,"mlma",5000,0.0596,0.00334806929438445,0.0542366926300379,NA
4,0,"mlma_cr2",5000,0.0544,0.0032075111847038,0.0542366926300379,23.6203074948446
4,0.05,"aggregate_hksj",5000,0.1604,0.00518983313797274,0.0544779008703056,70
4,0.05,"che_rve",5000,0.1392,0.0048953725088087,0.0542344154924306,23.6383979356915
4,0.05,"mlma",5000,0.1508,0.0050608173252944,0.0542366926289493,NA
4,0.05,"mlma_cr2",5000,0.139,0.00489242271272628,0.0542366926289493,23.620307495276
4,0.1,"aggregate_hksj",5000,0.4652,0.00705392032844148,0.0544779008703056,70
4,0.1,"che_rve",5000,0.4228,0.00698627454370353,0.0542344154926426,23.6383979357615
4,0.1,"mlma",5000,0.4624,0.00705104587986775,0.0542366926280532,NA
4,0.1,"mlma_cr2",5000,0.4232,0.00698715621694549,0.0542366926280532,23.6203074952887
4,0.2,"aggregate_hksj",5000,0.9574,0.00285605462132642,0.0544779008703056,70
4,0.2,"che_rve",5000,0.9432,0.00327333957908433,0.0542344154933615,23.6383979363205
4,0.2,"mlma",5000,0.9572,0.00286245209566902,0.054236692627338,NA
4,0.2,"mlma_cr2",5000,0.943,0.00327874976172321,0.054236692627338,23.6203074958579
5,0,"aggregate_hksj",5000,0.0438,0.00289418589589542,0.0476990789164127,94
5,0,"che_rve",5000,0.0448,0.00292550713552369,0.0477137701675173,50.5102743061333
5,0,"mlma",5000,0.0576,0.00329491244193226,0.0482001418486115,NA
5,0,"mlma_cr2",5000,0.0476,0.00301112072159188,0.0482001418486115,56.0295785702667
5,0.05,"aggregate_hksj",5000,0.1708,0.00532216797931069,0.0476990789164127,94
5,0.05,"che_rve",5000,0.168,0.00528726772539466,0.0477137701798531,50.5102742954055
5,0.05,"mlma",5000,0.1964,0.00561831006620318,0.0482001418478655,NA
5,0.05,"mlma_cr2",5000,0.1712,0.00532711103695052,0.0482001418478655,56.0295785710282
5,0.1,"aggregate_hksj",5000,0.5276,0.00706028667973192,0.0476990789164127,94
5,0.1,"che_rve",5000,0.5202,0.00706529489830396,0.0477137701813877,50.5102743009476
5,0.1,"mlma",5000,0.5588,0.0070220019937337,0.0482001418407716,NA
5,0.1,"mlma_cr2",5000,0.517,0.0070669795528217,0.0482001418407716,56.0295785645589
5,0.2,"aggregate_hksj",5000,0.9842,0.00176353962246387,0.0476990789164127,94
5,0.2,"che_rve",5000,0.9836,0.00179616480312915,0.0477137701628149,50.5102743164272
5,0.2,"mlma",5000,0.9874,0.00157741814367656,0.048200141858663,NA
5,0.2,"mlma_cr2",5000,0.9814,0.0019107087690174,0.048200141858663,56.029578570752
6,0,"aggregate_hksj",5000,0.052,0.00313993630508646,0.0667869131581188,70
6,0,"che_rve",4999,0.0500100020004001,0.00308280733752209,0.0662279355273282,44.3542199255537
6,0,"mlma",5000,0.0544,0.0032075111847038,0.0662216309873551,NA
6,0,"mlma_cr2",5000,0.0494,0.0030646252625729,0.0662216309873551,44.3149758655321
6,0.05,"aggregate_hksj",5000,0.1142,0.00449796309455736,0.0667869131581188,70
6,0.05,"che_rve",4999,0.114622924584917,0.00450565890201775,0.066225813577628,44.3542360340802
6,0.05,"mlma",4998,0.119447779111645,0.0045874196672061,0.0662301654858154,NA
6,0.05,"mlma_cr2",4998,0.114245698279312,0.00449964692723604,0.0662301654858154,44.3149626071719
6,0.1,"aggregate_hksj",5000,0.3046,0.00650874550124676,0.0667869131581188,70
6,0.1,"che_rve",4999,0.305461092218444,0.00651455374940929,0.0662258135756231,44.3542360321329
6,0.1,"mlma",4999,0.320664132826565,0.00660124568834989,0.0662278100576721,NA
6,0.1,"mlma_cr2",4999,0.305261052210442,0.0065133580593581,0.0662278100576721,44.3148857518308
6,0.2,"aggregate_hksj",5000,0.8414,0.00516615988912461,0.0667869131581188,70
6,0.2,"che_rve",5000,0.839,0.00519767255605814,0.0662214942690478,44.3542234885364
6,0.2,"mlma",5000,0.8506,0.00504142122818556,0.0662216309874001,NA
6,0.2,"mlma_cr2",5000,0.8384,0.00520548633654916,0.0662216309874001,44.3149758675368
7,0,"aggregate_hksj",5000,0.0544,0.0032075111847038,0.0568904190383633,46
7,0,"che_rve",5000,0.0506,0.00309966578843591,0.0558709768313937,16.7994715303525
7,0,"mlma",5000,0.0548,0.00321860093829602,0.0561638607184966,NA
7,0,"mlma_cr2",5000,0.0502,0.00308804015517933,0.0561638607184966,17.2629657414261
7,0.05,"aggregate_hksj",5000,0.1464,0.00499934075653981,0.0568904190383633,46
7,0.05,"che_rve",5000,0.1332,0.00480536699951211,0.0558709768296734,16.7994715309695
7,0.05,"mlma",5000,0.1514,0.0050690835463622,0.0561638607223413,NA
7,0.05,"mlma_cr2",5000,0.1336,0.0048114663045687,0.0561638607223413,17.2629657412242
7,0.1,"aggregate_hksj",5000,0.4108,0.00695763408063402,0.0568904190383633,46
7,0.1,"che_rve",5000,0.392,0.00690414368332525,0.0558709768303174,16.7994715296307
7,0.1,"mlma",5000,0.4272,0.0069957152600717,0.0561638607233641,NA
7,0.1,"mlma_cr2",5000,0.3866,0.00688680535517013,0.0561638607233641,17.262965741488
7,0.2,"aggregate_hksj",5000,0.9352,0.00348140661227613,0.0568904190383633,46
7,0.2,"che_rve",5000,0.9234,0.00376118172919097,0.0558709768322051,16.7994715302642
7,0.2,"mlma",5000,0.9414,0.00332162731202644,0.0561638607232968,NA
7,0.2,"mlma_cr2",5000,0.9198,0.00384104048403554,0.0561638607232968,17.2629657417352
8,0,"aggregate_hksj",5000,0.0504,0.00309385972532693,0.0586995186229197,58
8,0,"che_rve",5000,0.0534,0.00317957355631223,0.0580957629522974,25.102713288964
8,0,"mlma",5000,0.0588,0.00332693733033852,0.0581068514979903,NA
8,0,"mlma_cr2",5000,0.0544,0.0032075111847038,0.0581068514979903,25.2777411540207
8,0.05,"aggregate_hksj",5000,0.1308,0.00476846642013971,0.0586995186229197,58
8,0.05,"che_rve",5000,0.1312,0.00477465307640251,0.0580957629541161,25.1027132895816
8,0.05,"mlma",5000,0.149,0.00503585146722975,0.0581068514981699,NA
8,0.05,"mlma_cr2",5000,0.1318,0.00478390551746165,0.0581068514981699,25.2777411544479
8,0.1,"aggregate_hksj",5000,0.371,0.00683167622183604,0.0586995186229197,58
8,0.1,"che_rve",5000,0.3784,0.00685876723617298,0.0580957629539724,25.1027132889782
8,0.1,"mlma",5000,0.4018,0.00693335070510644,0.0581068514971085,NA
8,0.1,"mlma_cr2",5000,0.3796,0.00686299992714556,0.0581068514971085,25.2777411539954
8,0.2,"aggregate_hksj",5000,0.918,0.00388010309141394,0.0586995186229197,58
8,0.2,"che_rve",5000,0.9134,0.0039774474226569,0.0580957629546449,25.102713289061
8,0.2,"mlma",5000,0.932,0.00356022471200906,0.0581068514958112,NA
8,0.2,"mlma_cr2",5000,0.9144,0.00395658034165869,0.0581068514958112,25.2777411547972
9,0,"aggregate_hksj",5000,0.0486,0.0030409879973456,0.0334269123990023,34
9,0,"che_rve",5000,0.0464,0.00297479545515318,0.0332792185322363,14.9587834908792
9,0,"mlma",5000,0.0596,0.00334806929438445,0.0337969663206232,NA
9,0,"mlma_cr2",5000,0.0456,0.00295027591929975,0.0337969663206232,15.8923403408339
9,0.05,"aggregate_hksj",5000,0.2964,0.00645828212452816,0.0334269123990023,34
9,0.05,"che_rve",5000,0.2872,0.00639868986590224,0.0332792185307962,14.9587834906883
9,0.05,"mlma",5000,0.315,0.00656924653213746,0.0337969663210753,NA
9,0.05,"mlma_cr2",5000,0.28,0.00634980314655502,0.0337969663210753,15.8923403410134
9,0.1,"aggregate_hksj",5000,0.823,0.00539761058247073,0.0334269123990022,34
9,0.1,"che_rve",5000,0.8014,0.0056419507264775,0.0332792185315611,14.9587834905261
9,0.1,"mlma",5000,0.8404,0.00517934049855771,0.0337969663202036,NA
9,0.1,"mlma_cr2",5000,0.7928,0.00573180878955326,0.0337969663202036,15.8923403410962
9,0.2,"aggregate_hksj",5000,0.9998,0.000199979998999889,0.0334269123990023,34
9,0.2,"che_rve",5000,0.9996,0.000282786138274123,0.0332792185310941,14.9587834907606
9,0.2,"mlma",5000,1,0,0.0337969663202193,NA
9,0.2,"mlma_cr2",5000,0.9996,0.000282786138274123,0.0337969663202193,15.8923403409896
10,0,"aggregate_hksj",5000,0.0482,0.00302908435009658,0.044383442988612,46
10,0,"che_rve",5000,0.0472,0.00299907185642492,0.0439870284298235,29.9765117758165
10,0,"mlma",5000,0.0542,0.00320194815698193,0.0439902419211744,NA
10,0,"mlma_cr2",5000,0.0468,0.00298696367570816,0.0439902419211744,30.0348307644757
10,0.05,"aggregate_hksj",5000,0.1998,0.00565473182387989,0.044383442988612,46
10,0.05,"che_rve",5000,0.1984,0.00563981276284949,0.0439870284298744,29.9765117751947
10,0.05,"mlma",5000,0.2146,0.00580597692038127,0.0439902419211313,NA
10,0.05,"mlma_cr2",5000,0.1994,0.00565048033356457,0.0439902419211313,30.0348307652474
10,0.1,"aggregate_hksj",5000,0.6038,0.00691701611968629,0.044383442988612,46
10,0.1,"che_rve",5000,0.598,0.00693391664212947,0.0439870284293141,29.9765117755159
10,0.1,"mlma",5000,0.6284,0.00683393649370551,0.0439902419206373,NA
10,0.1,"mlma_cr2",5000,0.5994,0.00692992986977502,0.0439902419206373,30.0348307643915
10,0.2,"aggregate_hksj",5000,0.9922,0.00124411896537269,0.044383442988612,46
10,0.2,"che_rve",5000,0.9906,0.00136467138901642,0.0439870284297861,29.9765117754495
10,0.2,"mlma",5000,0.9934,0.00114511484140239,0.0439902419209381,NA
10,0.2,"mlma_cr2",5000,0.991,0.00133558975737312,0.0439902419209381,30.0348307645199
11,0,"aggregate_hksj",5000,0.0498,0.00307636018697421,0.0311557242934454,94
11,0,"che_rve",5000,0.046,0.00296256645495084,0.0311207583747416,62.6098487686477
11,0,"mlma",5000,0.0516,0.00312849612433834,0.0311451122288179,NA
11,0,"mlma_cr2",5000,0.0468,0.00298696367570816,0.0311451122288179,63.5967808495679
11,0.05,"aggregate_hksj",5000,0.3464,0.00672914615683149,0.0311557242934454,94
11,0.05,"che_rve",5000,0.3418,0.00670779785026353,0.0311207583747394,62.6098487686276
11,0.05,"mlma",5000,0.3536,0.00676116912966981,0.0311451122289129,NA
11,0.05,"mlma_cr2",5000,0.3432,0.00671436906939141,0.0311451122289129,63.5967808503914
11,0.1,"aggregate_hksj",5000,0.8778,0.00463178496910208,0.0311557242934454,94
11,0.1,"che_rve",5000,0.8748,0.00468027691488442,0.0311207583706005,62.6098487634524
11,0.1,"mlma",5000,0.8838,0.00453205383904472,0.0311451122289554,NA
11,0.1,"mlma_cr2",5000,0.875,0.00467707173346743,0.0311451122289554,63.5967808499311
11,0.2,"aggregate_hksj",5000,1,0,0.0311557242934454,94
11,0.2,"che_rve",5000,1,0,0.0311207583741271,62.6098487683419
11,0.2,"mlma",5000,1,0,0.031145112228534,NA
11,0.2,"mlma_cr2",5000,1,0,0.031145112228534,63.5967808510697
12,0,"aggregate_hksj",5000,0.0552,0.0032296427046966,0.0693012859474305,46
12,0,"che_rve",5000,0.0562,0.00325704037432759,0.0693231981112483,28.5633717667092
12,0,"mlma",5000,0.0672,0.00354073890593475,0.0696612399595116,NA
12,0,"mlma_cr2",5000,0.0556,0.00324063697442339,0.0696612399595116,32.5678530156893
12,0.05,"aggregate_hksj",5000,0.1146,0.0045048160894758,0.0693012859474305,46
12,0.05,"che_rve",5000,0.1104,0.00443197111903947,0.0693231981105123,28.5633717659641
12,0.05,"mlma",5000,0.1286,0.0047341744792519,0.069661239959143,NA
12,0.05,"mlma_cr2",5000,0.1094,0.00441433211256244,0.069661239959143,32.5678530133237
12,0.1,"aggregate_hksj",5000,0.3006,0.00648443736957957,0.0693012859474305,46
12,0.1,"che_rve",5000,0.29,0.00641716448285378,0.0693231981102753,28.5633717664844
12,0.1,"mlma",5000,0.3302,0.00665083393267341,0.0696612399601149,NA
12,0.1,"mlma_cr2",5000,0.2934,0.00643919932910917,0.0696612399601149,32.5678530091413
12,0.2,"aggregate_hksj",5000,0.8154,0.00548676298011861,0.0693012859474305,46
12,0.2,"che_rve",5000,0.809,0.0055591186351795,0.0693231981095206,28.5633717666245
12,0.2,"mlma",5000,0.8352,0.00524673155402485,0.069661239954551,NA
12,0.2,"mlma_cr2",5000,0.804,0.00561398254361376,0.069661239954551,32.5678530131941
13,0,"aggregate_hksj",5000,0.0728,0.00367423896882062,0.095718914137835,70
13,0,"che_rve",4999,0.0530106021204241,0.00316892790348129,0.0950439861357702,14.4683781529834
13,0,"mlma",5000,0.058,0.00330563155841664,0.0950256011302908,NA
13,0,"mlma_cr2",5000,0.0538,0.00319078548323136,0.0950256011302908,14.4846161264162
13,0.05,"aggregate_hksj",5000,0.1092,0.0044107904053582,0.095718914137835,70
13,0.05,"che_rve",4999,0.0824164832966593,0.00388945071712065,0.0950439861284373,14.468378153139
13,0.05,"mlma",4999,0.0952190438087618,0.00415137595086719,0.0950226435947733,NA
13,0.05,"mlma_cr2",4999,0.0828165633126625,0.00389802962504648,0.0950226435947733,14.4846961579673
13,0.1,"aggregate_hksj",5000,0.2134,0.00579414255951646,0.095718914137835,70
13,0.1,"che_rve",4998,0.177470988395358,0.00540432142,0.0950496839519154,14.4683527284813
13,0.1,"mlma",5000,0.196,0.00561398254361376,0.0950256011330894,NA
13,0.1,"mlma_cr2",5000,0.1772,0.00540000296296215,0.0950256011330894,14.484616126765
13,0.2,"aggregate_hksj",5000,0.5926,0.00694874434700256,0.095718914137835,70
13,0.2,"che_rve",4998,0.514005602240896,0.00706970727297419,0.095018682251819,14.4683519706853
13,0.2,"mlma",4999,0.565913182636527,0.00701005839167376,0.0950311061713724,NA
13,0.2,"mlma_cr2",4999,0.514702940588118,0.00706871686087541,0.0950311061713724,14.4846300565697
14,0,"aggregate_hksj",5000,0.0632,0.00344109749934523,0.0347368071256951,58
14,0,"che_rve",5000,0.0508,0.00310545842026584,0.0328989981618533,17.5498609478497
14,0,"mlma",5000,0.0538,0.00319078548323136,0.0328892498887978,NA
14,0,"mlma_cr2",5000,0.0508,0.00310545842026584,0.0328892498887978,17.6512298483161
14,0.05,"aggregate_hksj",5000,0.3278,0.00663848115158882,0.0347368071256951,58
14,0.05,"che_rve",5000,0.292,0.00643017884665738,0.0328989981630857,17.5498609466142
14,0.05,"mlma",5000,0.3278,0.00663848115158882,0.0328892498853498,NA
14,0.05,"mlma_cr2",5000,0.292,0.00643017884665738,0.0328892498853498,17.651229846868
14,0.1,"aggregate_hksj",5000,0.8322,0.0052847546773715,0.0347368071256951,58
14,0.1,"che_rve",5000,0.8098,0.00555020648264549,0.0328989981593884,17.5498609459437
14,0.1,"mlma",5000,0.8542,0.00499083880725475,0.0328892498890237,NA
14,0.1,"mlma_cr2",5000,0.8114,0.00553226969696887,0.0328892498890237,17.6512298528101
14,0.2,"aggregate_hksj",5000,1,0,0.0347368071256951,58
14,0.2,"che_rve",5000,0.9998,0.000199979998999889,0.0328989981509441,17.5498609435642
14,0.2,"mlma",5000,1,0,0.0328892498900043,NA
14,0.2,"mlma_cr2",5000,0.9998,0.000199979998999889,0.0328892498900043,17.6512298498672
15,0,"aggregate_hksj",5000,0.0554,0.00323514574633045,0.0910692793187506,28
15,0,"che_rve",5000,0.0486,0.0030409879973456,0.0909440468889056,10.3080586531104
15,0,"mlma",5000,0.0634,0.00344617004803884,0.0909768351302599,NA
15,0,"mlma_cr2",5000,0.049,0.00305283474822991,0.0909768351302599,10.6423464569549
15,0.05,"aggregate_hksj",5000,0.0948,0.00414277588097643,0.0910692793187506,28
15,0.05,"che_rve",5000,0.0872,0.00398989122658751,0.0909440468861283,10.3080586538065
15,0.05,"mlma",5000,0.1084,0.00439657685023246,0.0909768351296961,NA
15,0.05,"mlma_cr2",5000,0.0886,0.0040187072548271,0.0909768351296961,10.6423464566674
15,0.1,"aggregate_hksj",5000,0.208,0.00573996515668867,0.0910692793187506,28
15,0.1,"che_rve",5000,0.188,0.0055255045018532,0.0909440468986982,10.3080586528923
15,0.1,"mlma",5000,0.2286,0.00593872107444019,0.0909768351324054,NA
15,0.1,"mlma_cr2",5000,0.1858,0.00550051561219491,0.0909768351324054,10.6423464560487
15,0.2,"aggregate_hksj",5000,0.5906,0.00695401524300889,0.0910692793187506,28
15,0.2,"che_rve",5000,0.5336,0.00705508384074917,0.0909440468890923,10.3080586533715
15,0.2,"mlma",5000,0.6172,0.00687406953703554,0.0909768351294457,NA
15,0.2,"mlma_cr2",5000,0.5356,0.00705312186198424,0.0909768351294457,10.6423464569058
16,0,"aggregate_hksj",5000,0.0476,0.00301112072159188,0.0485362697317268,70
16,0,"che_rve",4998,0.0474189675870348,0.0030062762512388,0.048501299604474,36.9655187792892
16,0,"mlma",5000,0.048,0.00302311098043059,0.0494132775876969,NA
16,0,"mlma_cr2",5000,0.048,0.00302311098043059,0.0494132775876969,37.3769195245307
16,0.05,"aggregate_hksj",5000,0.175,0.00537354631505117,0.0485362697317268,70
16,0.05,"che_rve",4997,0.170902541524915,0.00532503391132319,0.0485074235447073,36.9658028277087
16,0.05,"mlma",5000,0.1672,0.00527719925718179,0.0494132775863648,NA
16,0.05,"mlma_cr2",5000,0.1668,0.0052721487080696,0.0494132775863648,37.3769195245696
16,0.1,"aggregate_hksj",5000,0.5304,0.0070579861150331,0.0485362697317268,70
16,0.1,"che_rve",4999,0.519903980796159,0.00706616957482519,0.0485083820430477,36.9653451785519
16,0.1,"mlma",5000,0.51,0.00706965345685345,0.0494132775869288,NA
16,0.1,"mlma_cr2",5000,0.5036,0.00707088452741239,0.0494132775869288,37.376919524467
16,0.2,"aggregate_hksj",5000,0.9806,0.00195057119839292,0.0485362697317268,70
16,0.2,"che_rve",4999,0.980596119223845,0.001950957530151,0.0485341585478445,36.9653365420432
16,0.2,"mlma",4999,0.975795159031806,0.00217364630886325,0.0494178844028819,NA
16,0.2,"mlma_cr2",4999,0.974594918983797,0.00222551638043502,0.0494178844028819,37.3769097281594
17,0,"aggregate_hksj",5000,0.0422,0.00284320804725929,0.0399581454610297,94
17,0,"che_rve",4997,0.0476285771462878,0.00301288327627265,0.0384544140384434,61.9797675465417
17,0,"mlma",4999,0.0506101220244049,0.00310026931871824,0.0384877097420952,NA
17,0,"mlma_cr2",4999,0.0478095619123825,0.00301771152647119,0.0384877097420952,61.9046376605706
17,0.05,"aggregate_hksj",5000,0.213,0.00579018134431038,0.0399581454610297,94
17,0.05,"che_rve",4996,0.237990392313851,0.00602488443723327,0.0384934148088263,61.9794675809291
17,0.05,"mlma",5000,0.25,0.00612372435695794,0.0384849428487998,NA
17,0.05,"mlma_cr2",5000,0.2386,0.00602776973680979,0.0384849428487998,61.9028958008551
17,0.1,"aggregate_hksj",5000,0.683,0.0065804407147242,0.0399581454610297,94
17,0.1,"che_rve",4998,0.718087234893958,0.00636425903876536,0.0384883624919072,61.980356462219
17,0.1,"mlma",5000,0.7316,0.00626676056667239,0.0384849428370971,NA
17,0.1,"mlma_cr2",5000,0.7178,0.00636495341695444,0.0384849428370971,61.9028958064144
17,0.2,"aggregate_hksj",5000,0.9972,0.000747283078893136,0.0399581454610297,94
17,0.2,"che_rve",4998,0.998799519807923,0.00048979972374922,0.0384882367866978,61.9803826660759
17,0.2,"mlma",5000,0.9986,0.000528779727296718,0.0384849428455939,NA
17,0.2,"mlma_cr2",5000,0.9988,0.000489603921552918,0.0384849428455939,61.9028958021461
18,0,"aggregate_hksj",5000,0.0446,0.00291927525252416,0.0541208678849565,46
18,0,"che_rve",5000,0.0468,0.00298696367570816,0.0540943365733959,33.7278668555156
18,0,"mlma",5000,0.0502,0.00308804015517933,0.0540743964927226,NA
18,0,"mlma_cr2",5000,0.0466,0.00298088711627931,0.0540743964927226,33.3454518535922
18,0.05,"aggregate_hksj",5000,0.1446,0.00497374788263338,0.0541208678849565,46
18,0.05,"che_rve",5000,0.142,0.0049363144146215,0.0540943365733237,33.7278668556694
18,0.05,"mlma",5000,0.153,0.0050909920447787,0.0540743964888764,NA
18,0.05,"mlma_cr2",5000,0.1408,0.00491884864577067,0.0540743964888764,33.3454518548468
18,0.1,"aggregate_hksj",5000,0.4294,0.0070002234250058,0.0541208678849565,46
18,0.1,"che_rve",5000,0.429,0.00699941426120786,0.0540943365737151,33.7278668555142
18,0.1,"mlma",5000,0.4504,0.0070361898780519,0.0540743964946038,NA
18,0.1,"mlma_cr2",5000,0.429,0.00699941426120786,0.0540743964946038,33.3454518543693
18,0.2,"aggregate_hksj",5000,0.9478,0.00314563697841948,0.0541208678849565,46
18,0.2,"che_rve",5000,0.9462,0.00319078548323136,0.0540943365732402,33.7278668555395
18,0.2,"mlma",5000,0.9548,0.00293792307591605,0.0540743964973612,NA
18,0.2,"mlma_cr2",5000,0.9454,0.00321306209090332,0.0540743964973612,33.3454518521047
19,0,"aggregate_hksj",5000,0.0484,0.00303504332753257,0.0899548536024067,46
19,0,"che_rve",5000,0.0492,0.00305873699425106,0.089999123878099,8.28440898914225
19,0,"mlma",4999,0.0578115623124625,0.00330091749765974,0.090002113103551,NA
19,0,"mlma_cr2",4999,0.0492098419683937,0.00305933302994059,0.090002113103551,8.27828831826657
19,0.05,"aggregate_hksj",5000,0.083,0.00390156378904664,0.0899548536024067,46
19,0.05,"che_rve",5000,0.0742,0.00370659844061911,0.0899991238776012,8.28440898911419
19,0.05,"mlma",5000,0.0974,0.00419316682234323,0.0899933325680912,NA
19,0.05,"mlma_cr2",5000,0.074,0.00370199945975145,0.0899933325680912,8.27828215857632
19,0.1,"aggregate_hksj",5000,0.1896,0.00554349781275324,0.0899548536024067,46
19,0.1,"che_rve",4999,0.171434286857371,0.00533053443370221,0.0900081234332989,8.28440780072945
19,0.1,"mlma",4999,0.210642128425685,0.00576723995017764,0.090002113103522,NA
19,0.1,"mlma_cr2",4999,0.170834166833367,0.00532312295393783,0.090002113103522,8.2782883182381
19,0.2,"aggregate_hksj",5000,0.5904,0.00695453578608954,0.0899548536024066,46
19,0.2,"che_rve",4999,0.514502900580116,0.00706879952752267,0.0900081234340658,8.28440780078508
19,0.2,"mlma",4998,0.618847539015606,0.00686978384419868,0.0900111156857619,NA
19,0.2,"mlma_cr2",4998,0.514405762304922,0.00706954639258854,0.0900111156857619,8.27828742167583
20,0,"aggregate_hksj",5000,0.0478,0.00301712313305241,0.0403111744628183,94
20,0,"che_rve",5000,0.0474,0.00300510365877785,0.0401940510067064,79.0429242815315
20,0,"mlma",5000,0.0518,0.0031342227106573,0.0402342729563184,NA
20,0,"mlma_cr2",5000,0.0472,0.00299907185642492,0.0402342729563184,80.0254315803285
20,0.05,"aggregate_hksj",5000,0.2332,0.0059802635393434,0.0403111744628183,94
20,0.05,"che_rve",5000,0.229,0.0059423732632678,0.0401940510070267,79.0429242992927
20,0.05,"mlma",5000,0.2362,0.00600682212155479,0.0402342729574804,NA
20,0.05,"mlma_cr2",5000,0.2256,0.00591108517955883,0.0402342729574804,80.0254315841326
20,0.1,"aggregate_hksj",5000,0.689,0.00654643414386794,0.0403111744628183,94
20,0.1,"che_rve",5000,0.6832,0.00657932762522129,0.0401940510081951,79.0429242874091
20,0.1,"mlma",5000,0.6944,0.00651473161381188,0.0402342729568705,NA
20,0.1,"mlma_cr2",5000,0.6816,0.00658819307549498,0.0402342729568705,80.0254315833118
20,0.2,"aggregate_hksj",5000,0.9984,0.00056523269544499,0.0403111744628183,94
20,0.2,"che_rve",5000,0.9986,0.000528779727296718,0.040194051006614,79.042924283276
20,0.2,"mlma",5000,0.9988,0.000489603921552918,0.0402342729565714,NA
20,0.2,"mlma_cr2",5000,0.9988,0.000489603921552918,0.0402342729565714,80.0254315791539
21,0,"aggregate_hksj",5000,0.0508,0.00310545842026584,0.0969353460858488,46
21,0,"che_rve",5000,0.0482,0.00302908435009658,0.0967748043309346,9.40375250701928
21,0,"mlma",5000,0.059,0.00333223648620562,0.0971549420512232,NA
21,0,"mlma_cr2",5000,0.0478,0.00301712313305241,0.0971549420512232,9.74172239296404
21,0.05,"aggregate_hksj",5000,0.0836,0.00391435920681789,0.0969353460858488,46
21,0.05,"che_rve",5000,0.072,0.00365557109081468,0.0967748043341264,9.40375250696037
21,0.05,"mlma",5000,0.0946,0.00413886071280491,0.0971549420502755,NA
21,0.05,"mlma_cr2",5000,0.074,0.00370199945975145,0.0971549420502755,9.74172239308875
21,0.1,"aggregate_hksj",5000,0.1788,0.00541905083939983,0.0969353460858488,46
21,0.1,"che_rve",5000,0.1512,0.00506633121696559,0.0967748043324191,9.4037525069838
21,0.1,"mlma",5000,0.2006,0.00566320827799932,0.097154942050519,NA
21,0.1,"mlma_cr2",5000,0.1498,0.00504697850203466,0.097154942050519,9.74172239304285
21,0.2,"aggregate_hksj",5000,0.5232,0.00706345184736188,0.0969353460858488,46
21,0.2,"che_rve",5000,0.4478,0.00703242717701364,0.0967748043349589,9.40375250692536
21,0.2,"mlma",4999,0.544708941788358,0.00704344689293955,0.0971619325931695,NA
21,0.2,"mlma_cr2",4999,0.450090018003601,0.00703645515011925,0.0971619325931695,9.74171295235877
22,0,"aggregate_hksj",5000,0.0528,0.00316266216975509,0.0778122938578811,22
22,0,"che_rve",4999,0.0488097619523905,0.00304751231078156,0.0770515907976714,10.7324126929894
22,0,"mlma",4999,0.0652130426085217,0.00349206231850169,0.0770814356474409,NA
22,0,"mlma_cr2",4999,0.0486097219443889,0.00304158077619175,0.0770814356474409,10.6079895485265
22,0.05,"aggregate_hksj",5000,0.0912,0.00407142628571364,0.0778122938578811,22
22,0.05,"che_rve",5000,0.0884,0.00401460932096761,0.0770455515255389,10.7321762264086
22,0.05,"mlma",4999,0.109821964392879,0.00442223148785995,0.077081435644409,NA
22,0.05,"mlma_cr2",4999,0.0864172834566913,0.0039740440259911,0.077081435644409,10.6079895484255
22,0.1,"aggregate_hksj",5000,0.2386,0.00602776973680979,0.0778122938578811,22
22,0.1,"che_rve",5000,0.2104,0.00576423177882361,0.0770455515284048,10.7321762266264
22,0.1,"mlma",4998,0.269907963185274,0.00627911632633335,0.0770833824816928,NA
22,0.1,"mlma_cr2",4998,0.209883953581433,0.00576019165004343,0.0770833824816928,10.6085785157385
22,0.2,"aggregate_hksj",5000,0.6902,0.00653947948999001,0.0778122938578811,22
22,0.2,"che_rve",4998,0.655662264905962,0.00672100592360394,0.0770522260316071,10.7326360046466
22,0.2,"mlma",4999,0.729745949189838,0.00628102300713628,0.077081435645626,NA
22,0.2,"mlma_cr2",4999,0.653930786157231,0.00672830711530998,0.077081435645626,10.607989548363
23,0,"aggregate_hksj",5000,0.0682,0.00356507391227728,0.139647201848991,46
23,0,"che_rve",5000,0.0428,0.00286245209566903,0.137901286832183,4.55875649861017
23,0,"mlma",5000,0.0512,0.0031170036894428,0.137902198052307,NA
23,0,"mlma_cr2",5000,0.0426,0.00285605462132642,0.137902198052307,4.55798033486398
23,0.05,"aggregate_hksj",5000,0.0856,0.00395658034165869,0.139647201848991,46
23,0.05,"che_rve",5000,0.0484,0.00303504332753257,0.13790128683241,4.55875649870166
23,0.05,"mlma",5000,0.0668,0.00353094208392038,0.137902198053006,NA
23,0.05,"mlma_cr2",5000,0.0484,0.00303504332753257,0.137902198053006,4.55798033495378
23,0.1,"aggregate_hksj",5000,0.137,0.00486273585546244,0.139647201848991,46
23,0.1,"che_rve",5000,0.0794,0.00382349682882045,0.137901286832318,4.55875649867946
23,0.1,"mlma",5000,0.1146,0.0045048160894758,0.137902198054301,NA
23,0.1,"mlma_cr2",5000,0.0794,0.00382349682882045,0.137902198054301,4.55798033482572
23,0.2,"aggregate_hksj",5000,0.3374,0.00668672176780222,0.139647201848991,46
23,0.2,"che_rve",5000,0.203,0.00568842684755636,0.137901286827311,4.5587564985786
23,0.2,"mlma",5000,0.302,0.00649301162789656,0.137902198054099,NA
23,0.2,"mlma_cr2",5000,0.203,0.00568842684755636,0.137902198054099,4.55798033491119
24,0,"aggregate_hksj",5000,0.073,0.00367888570086106,0.094043136024473,58
24,0,"che_rve",5000,0.0548,0.00321860093829602,0.0940606394173763,9.23791896321841
24,0,"mlma",5000,0.1212,0.00461542110754804,0.0945891846532574,NA
24,0,"mlma_cr2",5000,0.0578,0.00330027756408457,0.0945891846532574,10.2400378389538
24,0.05,"aggregate_hksj",5000,0.1078,0.00438586730305421,0.094043136024473,58
24,0.05,"che_rve",5000,0.0814,0.0038671446830963,0.0940606394183638,9.23791896320709
24,0.05,"mlma",5000,0.1692,0.00530228931688945,0.0945891848791639,NA
24,0.05,"mlma_cr2",5000,0.088,0.00400639488817565,0.0945891848791639,10.2400378461935
24,0.1,"aggregate_hksj",5000,0.2288,0.0059405481228587,0.094043136024473,58
24,0.1,"che_rve",5000,0.1646,0.00524417467291089,0.0940606394169892,9.23791896310839
24,0.1,"mlma",5000,0.3178,0.00658487904216926,0.0945891848752635,NA
24,0.1,"mlma_cr2",5000,0.1734,0.00535410944975913,0.0945891848752635,10.2400378463153
24,0.2,"aggregate_hksj",5000,0.6118,0.00689203540327529,0.094043136024473,58
24,0.2,"che_rve",5000,0.4964,0.00707088452741239,0.0940606394179675,9.23791896310011
24,0.2,"mlma",5000,0.706,0.00644304275944216,0.0945891848757987,NA
24,0.2,"mlma_cr2",5000,0.499,0.00707105366971571,0.0945891848757987,10.2400378461408
25,0,"aggregate_hksj",5000,0.0568,0.00327333957908433,0.0642672188510612,70
25,0,"che_rve",5000,0.0462,0.00296868859936505,0.063226088180926,10.4144291476002
25,0,"mlma",5000,0.0526,0.00315699984162179,0.0632277603079234,NA
25,0,"mlma_cr2",5000,0.046,0.00296256645495084,0.0632277603079234,10.4410404718583
25,0.05,"aggregate_hksj",5000,0.136,0.0048477623704138,0.0642672188510612,70
25,0.05,"che_rve",5000,0.107,0.00437152147426957,0.0632260881793315,10.4144291480486
25,0.05,"mlma",5000,0.1266,0.00470260438480636,0.0632277603051568,NA
25,0.05,"mlma_cr2",5000,0.1066,0.00436431987828573,0.0632277603051568,10.4410404720799
25,0.1,"aggregate_hksj",5000,0.358,0.00677991150384723,0.0642672188510612,70
25,0.1,"che_rve",5000,0.297,0.00646205849555697,0.0632260881816069,10.4144291474682
25,0.1,"mlma",5000,0.3474,0.00673369497378668,0.0632277603067228,NA
25,0.1,"mlma_cr2",5000,0.2968,0.00646080118870717,0.0632277603067228,10.441040471936
25,0.2,"aggregate_hksj",5000,0.8858,0.00449796309455736,0.0642672188510612,70
25,0.2,"che_rve",5000,0.8208,0.00542378760646101,0.0632260881813399,10.4144291476477
25,0.2,"mlma",5000,0.8838,0.00453205383904472,0.0632277603069085,NA
25,0.2,"mlma_cr2",5000,0.822,0.0054095471159793,0.0632277603069085,10.4410404719328
26,0,"aggregate_hksj",5000,0.0506,0.00309966578843591,0.0151558943384598,94
26,0,"che_rve",5000,0.0492,0.00305873699425106,0.0151518189411195,49.9791754073492
26,0,"mlma",5000,0.045,0.00293172304285381,0.015290368277304,NA
26,0,"mlma_cr2",5000,0.0494,0.0030646252625729,0.015290368277304,48.3256196819772
26,0.05,"aggregate_hksj",5000,0.9118,0.00401050520508327,0.0151558943384598,94
26,0.05,"che_rve",5000,0.9068,0.00411129565952146,0.0151518189422549,49.9791754106688
26,0.05,"mlma",5000,0.8972,0.00429493096568501,0.0152903682724302,NA
26,0.05,"mlma_cr2",5000,0.8976,0.00428752236145772,0.0152903682724302,48.3256196835253
26,0.1,"aggregate_hksj",5000,1,0,0.0151558943384598,94
26,0.1,"che_rve",5000,1,0,0.0151518189425444,49.9791754116623
26,0.1,"mlma",5000,1,0,0.0152903682737188,NA
26,0.1,"mlma_cr2",5000,1,0,0.0152903682737188,48.325619681693
26,0.2,"aggregate_hksj",5000,1,0,0.0151558943384598,94
26,0.2,"che_rve",5000,1,0,0.0151518189406272,49.9791754065147
26,0.2,"mlma",5000,1,0,0.0152903682683037,NA
26,0.2,"mlma_cr2",5000,1,0,0.0152903682683037,48.3256196828131
27,0,"aggregate_hksj",5000,0.0434,0.00288154264240528,0.108895407456289,22
27,0,"che_rve",4999,0.0540108021604321,0.00319699409388429,0.105494963755276,15.0125443470029
27,0,"mlma",4994,0.0712855426511814,0.00364097388634289,0.105610009792579,NA
27,0,"mlma_cr2",4994,0.0540648778534241,0.00320010346111151,0.105610009792579,14.9445659116801
27,0.05,"aggregate_hksj",5000,0.0638,0.00345628586780665,0.108895407456289,22
27,0.05,"che_rve",5000,0.0812,0.00386281141139456,0.105503390296404,15.0129619092347
27,0.05,"mlma",5000,0.102,0.00428009345692357,0.105572655109397,NA
27,0.05,"mlma_cr2",5000,0.0828,0.00389728520896277,0.105572655109397,14.9372855949276
27,0.1,"aggregate_hksj",5000,0.1264,0.00469942634797057,0.108895407456289,22
27,0.1,"che_rve",5000,0.1548,0.00511540731516074,0.105503390295098,15.0129619089324
27,0.1,"mlma",4997,0.189913948369021,0.00554867558947722,0.105574922398887,NA
27,0.1,"mlma_cr2",4997,0.154692815689414,0.00511549515365807,0.105574922398887,14.9409230345677
27,0.2,"aggregate_hksj",5000,0.4016,0.00693278356794729,0.108895407456289,22
27,0.2,"che_rve",4997,0.442465479287573,0.0070262063968458,0.105519174879267,15.0159188834015
27,0.2,"mlma",4998,0.499599839935974,0.007072480184827,0.105593628077117,NA
27,0.2,"mlma_cr2",4998,0.442577030812325,0.00702568606100396,0.105593628077117,14.9397103409597
28,0,"aggregate_hksj",5000,0.0462,0.00296868859936505,0.0602569764870493,34
28,0,"che_rve",4999,0.0324064812962593,0.0025044989032144,0.0599832626746445,3.15956128104213
28,0,"mlma",5000,0.0608,0.00337944847571316,0.0609419582089853,NA
28,0,"mlma_cr2",5000,0.035,0.00259903828367341,0.0609419582089853,3.56536873259167
28,0.05,"aggregate_hksj",5000,0.12,0.00459565011723042,0.0602569764870493,34
28,0.05,"che_rve",4997,0.077046227736642,0.00377234140043342,0.0599802205678008,3.15964863739051
28,0.05,"mlma",4999,0.139027805561112,0.00489332237740092,0.0609394353789032,NA
28,0.05,"mlma_cr2",4999,0.0820164032806561,0.00388084459437186,0.0609394353789032,3.56542655821103
28,0.1,"aggregate_hksj",5000,0.3498,0.0067444786307023,0.0602569764870493,34
28,0.1,"che_rve",4999,0.212242448489698,0.00578323503510392,0.0599826527408115,3.15955338550381
28,0.1,"mlma",5000,0.3886,0.00689333068987699,0.0609419582082898,NA
28,0.1,"mlma_cr2",5000,0.2288,0.0059405481228587,0.0609419582082898,3.56536873257963
28,0.2,"aggregate_hksj",5000,0.8854,0.0045048160894758,0.0602569764870493,34
28,0.2,"che_rve",5000,0.637,0.00680045586707244,0.0599781767904356,3.15949478251489
28,0.2,"mlma",4997,0.903542125275165,0.00417626811338706,0.0609378077596053,NA
28,0.2,"mlma_cr2",4997,0.658595157094257,0.00670794403205124,0.0609378077596053,3.56556607101529
29,0,"aggregate_hksj",5000,0.0464,0.00297479545515318,0.0343459407045735,94
29,0,"che_rve",5000,0.052,0.00313993630508646,0.033750671715896,54.6851150948356
29,0,"mlma",5000,0.0514,0.00312275647465504,0.0337412839709423,NA
29,0,"mlma_cr2",5000,0.0514,0.00312275647465504,0.0337412839709423,55.076473692772
29,0.05,"aggregate_hksj",5000,0.2928,0.00643534241513224,0.0343459407045735,94
29,0.05,"che_rve",5000,0.3058,0.00651592449311684,0.0337506717158772,54.6851150957519
29,0.05,"mlma",4999,0.322264452890578,0.00660989812397928,0.0337445365144073,NA
29,0.05,"mlma_cr2",4999,0.305661132226445,0.00651574799151075,0.0337445365144073,55.0784386384981
29,0.1,"aggregate_hksj",5000,0.821,0.00542142047806661,0.0343459407045735,94
29,0.1,"che_rve",5000,0.8332,0.0052721487080696,0.0337506717156627,54.6851150936418
29,0.1,"mlma",5000,0.8402,0.00518196796593727,0.0337412839693176,NA
29,0.1,"mlma_cr2",5000,0.834,0.00526201482324024,0.0337412839693176,55.0764736932113
29,0.2,"aggregate_hksj",5000,0.9998,0.000199979998999889,0.0343459407045735,94
29,0.2,"che_rve",5000,1,0,0.0337506717162235,54.6851150947452
29,0.2,"mlma",5000,1,0,0.0337412839711884,NA
29,0.2,"mlma_cr2",5000,1,0,0.0337412839711884,55.0764736925793
30,0,"aggregate_hksj",5000,0.0474,0.00300510365877785,0.0714511606247358,28
30,0,"che_rve",5000,0.0532,0.00317394895989208,0.0709612553287762,20.1412722017989
30,0,"mlma",5000,0.0674,0.00354562378150869,0.0709625200133755,NA
30,0,"mlma_cr2",5000,0.0534,0.00317957355631223,0.0709625200133755,20.040913967048
30,0.05,"aggregate_hksj",5000,0.0926,0.00409939605307904,0.0714511606247358,28
30,0.05,"che_rve",5000,0.1098,0.00442140158773211,0.070961255328732,20.1412722018437
30,0.05,"mlma",5000,0.1302,0.00475915874919087,0.070962520013026,NA
30,0.05,"mlma_cr2",5000,0.1086,0.004400137270586,0.070962520013026,20.0409139669712
30,0.1,"aggregate_hksj",5000,0.256,0.00617193648703549,0.0714511606247358,28
30,0.1,"che_rve",5000,0.2742,0.00630895173543117,0.0709612553284301,20.1412722017251
30,0.1,"mlma",5000,0.3112,0.00654758825828259,0.0709625200132263,NA
30,0.1,"mlma_cr2",5000,0.2734,0.00630321251426604,0.0709625200132263,20.0409139670752
30,0.2,"aggregate_hksj",5000,0.7576,0.00606039998679955,0.0714511606247358,28
30,0.2,"che_rve",4999,0.779155831166233,0.00586696588049619,0.0709653324109451,20.1411372184217
30,0.2,"mlma",5000,0.8096,0.00555243802306698,0.0709625200139295,NA
30,0.2,"mlma_cr2",5000,0.7794,0.00586405388788336,0.0709625200139295,20.0409139670335
31,0,"aggregate_hksj",5000,0.0484,0.00303504332753257,0.0705277218580167,28
31,0,"che_rve",5000,0.047,0.00299302522541993,0.0704239569281092,10.1085297858289
31,0,"mlma",5000,0.051,0.00311123769583746,0.0705258449305512,NA
31,0,"mlma_cr2",5000,0.0464,0.00297479545515318,0.0705258449305512,9.99343744075098
31,0.05,"aggregate_hksj",5000,0.0992,0.00422751369010202,0.0705277218580167,28
31,0.05,"che_rve",5000,0.0876,0.00399815557476194,0.0704239569289137,10.1085297858312
31,0.05,"mlma",5000,0.1074,0.00437870391782774,0.07052584493043,NA
31,0.05,"mlma_cr2",5000,0.087,0.00398574961581884,0.07052584493043,9.99343744074527
31,0.1,"aggregate_hksj",5000,0.2718,0.00629165733332641,0.0705277218580167,28
31,0.1,"che_rve",5000,0.238,0.00602255759623766,0.0704239569285992,10.1085297858208
31,0.1,"mlma",5000,0.2876,0.0064013473581739,0.0705258449306415,NA
31,0.1,"mlma_cr2",5000,0.237,0.00601383405158473,0.0705258449306415,9.9934374407532
31,0.2,"aggregate_hksj",5000,0.7724,0.00592955715041183,0.0705277218580167,28
31,0.2,"che_rve",5000,0.7116,0.0064066440512955,0.070423956928749,10.1085297858251
31,0.2,"mlma",5000,0.7818,0.00584104031829947,0.0705258449305799,NA
31,0.2,"mlma_cr2",5000,0.7094,0.00642108464357853,0.0705258449305799,9.99343744074434
32,0,"aggregate_hksj",5000,0.0562,0.00325704037432759,0.0431765624269738,118
32,0,"che_rve",4999,0.0512102420484097,0.00311761038785424,0.041704829909773,32.0808447437111
32,0,"mlma",4996,0.0486389111289031,0.00304336049871185,0.0420123391801207,NA
32,0,"mlma_cr2",4996,0.0496397117694155,0.00307289379868738,0.0420123391801207,31.3604060003381
32,0.05,"aggregate_hksj",5000,0.2322,0.00597131744257496,0.0431765624269738,118
32,0.05,"che_rve",4997,0.220332199319592,0.0058632594125691,0.0417097906509157,32.0808272289808
32,0.05,"mlma",4997,0.213728236942165,0.00579912695663988,0.0420164591173636,NA
32,0.05,"mlma_cr2",4997,0.216930158094857,0.00583049652556283,0.0420164591173636,31.3603297522339
32,0.1,"aggregate_hksj",5000,0.6596,0.006701161690334,0.0431765624269738,118
32,0.1,"che_rve",4999,0.647329465893179,0.00675780580394131,0.0417048298948394,32.0808447437846
32,0.1,"mlma",4999,0.64372874574915,0.00677329942096793,0.0420190412682403,NA
32,0.1,"mlma_cr2",4999,0.637727545509102,0.00679819591767953,0.0420190412682403,31.3603794986519
32,0.2,"aggregate_hksj",5000,0.9966,0.000823218075603295,0.0431765624269738,118
32,0.2,"che_rve",4998,0.99639855942377,0.000847337732485947,0.0417052170581908,32.0808419388568
32,0.2,"mlma",4992,0.996995192307692,0.000774671511111772,0.0420329801088362,NA
32,0.2,"mlma_cr2",4992,0.995592948717949,0.000937513801292504,0.0420329801088362,31.360613992796
33,0,"aggregate_hksj",5000,0.072,0.00365557109081468,0.0384330639937387,58
33,0,"che_rve",4996,0.0454363490792634,0.00294640840861046,0.0357766706502149,37.6392108112016
33,0,"mlma",4998,0.0488195278111244,0.00304810640958585,0.0358667414002162,NA
33,0,"mlma_cr2",4998,0.0468187274909964,0.00298812958500644,0.0358667414002162,36.4806644501458
33,0.05,"aggregate_hksj",5000,0.3046,0.00650874550124676,0.0384330639937387,58
33,0.05,"che_rve",4999,0.280856171234247,0.00635635722078306,0.0357795238181286,37.6376707376241
33,0.05,"mlma",4999,0.285457091418284,0.00638767786923947,0.0358573657577594,NA
33,0.05,"mlma_cr2",4999,0.282056411282256,0.00636460682771375,0.0358573657577594,36.4787544588726
33,0.1,"aggregate_hksj",5000,0.7644,0.00600154380138977,0.0384330639937387,58
33,0.1,"che_rve",4999,0.770954190838168,0.00594338540391406,0.035749553689963,37.637436289936
33,0.1,"mlma",4997,0.785671402841705,0.00580504858490731,0.0358592192312527,NA
33,0.1,"mlma_cr2",4997,0.770062037222333,0.00595269350346819,0.0358592192312527,36.4802011520537
33,0.2,"aggregate_hksj",5000,0.9998,0.000199979998999889,0.0384330639937387,58
33,0.2,"che_rve",5000,0.9998,0.000199979998999889,0.0357763643715823,37.6370200049847
33,0.2,"mlma",4998,0.999799919967987,0.000200060015001883,0.0358560177507997,NA
33,0.2,"mlma_cr2",4998,0.999599839935974,0.000282899275343291,0.0358560177507997,36.4793067393914
34,0,"aggregate_hksj",5000,0.0496,0.00307049963361014,0.0978062213489166,34
34,0,"che_rve",5000,0.0506,0.00309966578843591,0.0972975956418114,24.7639068631301
34,0,"mlma",5000,0.0616,0.00340015999623547,0.0973201535709389,NA
34,0,"mlma_cr2",5000,0.051,0.00311123769583746,0.0973201535709389,24.8513604494874
34,0.05,"aggregate_hksj",5000,0.0778,0.00378806441339109,0.0978062213489166,34
34,0.05,"che_rve",4999,0.0846169233846769,0.00393630268501844,0.0973036006866564,24.7647939343198
34,0.05,"mlma",4998,0.0950380152060824,0.00414825763314075,0.0973296163224263,NA
34,0.05,"mlma_cr2",4998,0.0840336134453782,0.00392435386689927,0.0973296163224263,24.8523225330901
34,0.1,"aggregate_hksj",5000,0.167,0.00527467534545966,0.0978062213489166,34
34,0.1,"che_rve",5000,0.1718,0.00533450578779328,0.097297595644572,24.7639068631185
34,0.1,"mlma",5000,0.1912,0.00556134084551559,0.0973201535688423,NA
34,0.1,"mlma_cr2",5000,0.1722,0.00533942244067652,0.0973201535688423,24.8513604488599
34,0.2,"aggregate_hksj",5000,0.5092,0.00706987072017586,0.0978062213489166,34
34,0.2,"che_rve",5000,0.5144,0.00706813469028428,0.0972975956428095,24.7639068630802
34,0.2,"mlma",5000,0.5506,0.00703476566773905,0.0973201535687643,NA
34,0.2,"mlma_cr2",5000,0.5146,0.00706805263138299,0.0973201535687643,24.8513604494835
35,0,"aggregate_hksj",5000,0.0652,0.00349138826256834,0.0629681760027617,46
35,0,"che_rve",5000,0.048,0.00302311098043059,0.0627926299521302,13.1845678179594
35,0,"mlma",5000,0.0548,0.00321860093829602,0.0627746846269076,NA
35,0,"mlma_cr2",5000,0.0474,0.00300510365877785,0.0627746846269076,13.1419541208134
35,0.05,"aggregate_hksj",5000,0.1398,0.004904201464051,0.0629681760027617,46
35,0.05,"che_rve",5000,0.108,0.00438944187796125,0.0627926299524441,13.1845678178659
35,0.05,"mlma",5000,0.124,0.00466098701993473,0.0627746846263102,NA
35,0.05,"mlma_cr2",5000,0.1056,0.00434623147105628,0.0627746846263102,13.1419541209641
35,0.1,"aggregate_hksj",5000,0.3674,0.00681787708894785,0.0629681760027617,46
35,0.1,"che_rve",5000,0.299,0.00647455017742546,0.0627926299519152,13.1845678179182
35,0.1,"mlma",5000,0.3394,0.00669638170955032,0.062774684626907,NA
35,0.1,"mlma_cr2",5000,0.3004,0.00648320661401439,0.062774684626907,13.141954120994
35,0.2,"aggregate_hksj",5000,0.8892,0.00443899448073547,0.0629681760027617,46
35,0.2,"che_rve",5000,0.8272,0.00534677772120742,0.0627926299531153,13.1845678179994
35,0.2,"mlma",5000,0.8798,0.00459895553359673,0.0627746846274141,NA
35,0.2,"mlma_cr2",5000,0.8262,0.00535898423210966,0.0627746846274141,13.1419541209906
36,0,"aggregate_hksj",5000,0.0624,0.00342070869850094,0.0841180560171839,34
36,0,"che_rve",5000,0.0528,0.00316266216975509,0.0840399861413106,16.5035441671015
36,0,"mlma",5000,0.0626,0.00342582077756557,0.0840539771342524,NA
36,0,"mlma_cr2",5000,0.052,0.00313993630508646,0.0840539771342524,16.5228789009385
36,0.05,"aggregate_hksj",5000,0.1,0.00424264068711928,0.0841180560171839,34
36,0.05,"che_rve",5000,0.087,0.00398574961581884,0.0840399861422001,16.5035441671735
36,0.05,"mlma",5000,0.098,0.00420466407695074,0.0840539771352531,NA
36,0.05,"mlma_cr2",5000,0.0866,0.0039774474226569,0.0840539771352531,16.5228789008722
36,0.1,"aggregate_hksj",5000,0.236,0.00600506452921199,0.0841180560171839,34
36,0.1,"che_rve",5000,0.2068,0.00572771787014689,0.0840399861411401,16.5035441669918
36,0.1,"mlma",5000,0.2374,0.00601732897555053,0.0840539771346331,NA
36,0.1,"mlma_cr2",5000,0.2062,0.00572156552003034,0.0840539771346331,16.5228789009568
36,0.2,"aggregate_hksj",5000,0.6668,0.00666599969996999,0.0841180560171839,34
36,0.2,"che_rve",5000,0.616,0.0068781392832655,0.0840399861416502,16.5035441671686
36,0.2,"mlma",5000,0.671,0.00664468208419334,0.0840539771352391,NA
36,0.2,"mlma_cr2",5000,0.6184,0.00686995545837089,0.0840539771352391,16.5228789007586
37,0,"aggregate_hksj",5000,0.0488,0.00304691844328003,0.0626790239511501,58
37,0,"che_rve",5000,0.0472,0.00299907185642492,0.0626715269497015,49.3605140186357
37,0,"mlma",5000,0.0536,0.00318518570887162,0.0627541515429765,NA
37,0,"mlma_cr2",5000,0.0484,0.00303504332753257,0.0627541515429765,49.1756885859111
37,0.05,"aggregate_hksj",5000,0.1232,0.00464804819252124,0.0626790239511501,58
37,0.05,"che_rve",5000,0.1244,0.00466743269903274,0.0626715269504062,49.3605140187925
37,0.05,"mlma",5000,0.1308,0.00476846642013971,0.0627541515439397,NA
37,0.05,"mlma_cr2",5000,0.124,0.00466098701993473,0.0627541515439397,49.1756885856525
37,0.1,"aggregate_hksj",5000,0.3514,0.00675156337450816,0.0626790239511501,58
37,0.1,"che_rve",5000,0.349,0.00674090498375404,0.0626715269481785,49.3605140188276
37,0.1,"mlma",5000,0.363,0.00680045586707244,0.0627541515434042,NA
37,0.1,"mlma_cr2",5000,0.3494,0.00674269441692266,0.0627541515434042,49.1756885859229
37,0.2,"aggregate_hksj",5000,0.8836,0.00453543911876237,0.0626790239511501,58
37,0.2,"che_rve",5000,0.8816,0.00456905767089889,0.0626715269489805,49.3605140186563
37,0.2,"mlma",5000,0.89,0.00442492937796752,0.0627541515443147,NA
37,0.2,"mlma_cr2",5000,0.8806,0.00458570910547104,0.0627541515443147,49.1756885857812
38,0,"aggregate_hksj",5000,0.0526,0.00315699984162179,0.0993222103173106,28
38,0,"che_rve",5000,0.0484,0.00303504332753257,0.0993214049377431,18.0509332104782
38,0,"mlma",5000,0.0598,0.00335332551357604,0.0993185770725935,NA
38,0,"mlma_cr2",5000,0.0484,0.00303504332753257,0.0993185770725935,18.0425916188866
38,0.05,"aggregate_hksj",5000,0.0818,0.00387579050001416,0.0993222103173106,28
38,0.05,"che_rve",5000,0.0784,0.00380140605565888,0.0993214049403886,18.0509332104394
38,0.05,"mlma",5000,0.0976,0.00419700464617327,0.0993185770721669,NA
38,0.05,"mlma_cr2",5000,0.0784,0.00380140605565888,0.0993185770721669,18.042591618874
38,0.1,"aggregate_hksj",5000,0.1722,0.00533942244067652,0.0993222103173106,28
38,0.1,"che_rve",5000,0.165,0.00524928566568824,0.099321404940321,18.050933210457
38,0.1,"mlma",5000,0.195,0.00560312412855543,0.0993185770769307,NA
38,0.1,"mlma_cr2",5000,0.1652,0.00525183701194163,0.0993185770769307,18.0425916187693
38,0.2,"aggregate_hksj",5000,0.4984,0.0070710316079056,0.0993222103173106,28
38,0.2,"che_rve",5000,0.4906,0.00706981810232767,0.0993214049370169,18.0509332104919
38,0.2,"mlma",5000,0.5306,0.00705781325907678,0.0993185770719003,NA
38,0.2,"mlma_cr2",5000,0.4904,0.00706976435250851,0.0993185770719003,18.042591618848
39,0,"aggregate_hksj",5000,0.0522,0.00314563697841947,0.0384629655240168,94
39,0,"che_rve",5000,0.0524,0.00315132480077824,0.0384260474661399,83.1043800486357
39,0,"mlma",5000,0.0544,0.0032075111847038,0.0384261191643649,NA
39,0,"mlma_cr2",5000,0.0524,0.00315132480077824,0.0384261191643649,83.077444415957
39,0.05,"aggregate_hksj",5000,0.2512,0.0061334910124659,0.0384629655240168,94
39,0.05,"che_rve",5000,0.247,0.00609903271019266,0.0384260474660274,83.1043800486785
39,0.05,"mlma",5000,0.257,0.00617982200390917,0.0384261191656053,NA
39,0.05,"mlma_cr2",5000,0.2468,0.0060973725488935,0.0384261191656053,83.0774444160255
39,0.1,"aggregate_hksj",5000,0.7322,0.00626231842052127,0.0384629655240168,94
39,0.1,"che_rve",5000,0.7266,0.00630321251426604,0.0384260474657146,83.1043800491999
39,0.1,"mlma",5000,0.7392,0.00620940190356527,0.038426119164283,NA
39,0.1,"mlma_cr2",5000,0.7264,0.00630464971271204,0.038426119164283,83.0774444160037
39,0.2,"aggregate_hksj",5000,0.9998,0.000199979998999889,0.0384629655240168,94
39,0.2,"che_rve",5000,0.9998,0.000199979998999889,0.038426047465728,83.1043800492138
39,0.2,"mlma",5000,0.9998,0.000199979998999889,0.0384261191652178,NA
39,0.2,"mlma_cr2",5000,0.9998,0.000199979998999889,0.0384261191652178,83.0774444162414
40,0,"aggregate_hksj",5000,0.0514,0.00312275647465504,0.100621861330273,58
40,0,"che_rve",5000,0.0494,0.0030646252625729,0.100581201649137,7.71115790900063
40,0,"mlma",5000,0.0522,0.00314563697841947,0.100584013361146,NA
40,0,"mlma_cr2",5000,0.049,0.00305283474822991,0.100584013361146,7.68747507523677
40,0.05,"aggregate_hksj",5000,0.0786,0.00380583867235594,0.100621861330273,58
40,0.05,"che_rve",5000,0.07,0.00360832371053374,0.100581201648557,7.71115790899232
40,0.05,"mlma",5000,0.0816,0.0038714710382489,0.100584013361365,NA
40,0.05,"mlma_cr2",5000,0.0698,0.00360355269144216,0.100584013361365,7.68747507523618
40,0.1,"aggregate_hksj",5000,0.167,0.00527467534545966,0.100621861330273,58
40,0.1,"che_rve",5000,0.1366,0.00485675694265216,0.100581201679852,7.71115790909914
40,0.1,"mlma",5000,0.1682,0.00528977806717824,0.100584013361049,NA
40,0.1,"mlma_cr2",5000,0.137,0.00486273585546244,0.100584013361049,7.68747507523481
40,0.2,"aggregate_hksj",5000,0.4972,0.00707095693665292,0.100621861330273,58
40,0.2,"che_rve",5000,0.408,0.00695033812127151,0.100581201680904,7.71115790917669
40,0.2,"mlma",5000,0.5034,0.00707090432688776,0.100584013361443,NA
40,0.2,"mlma_cr2",5000,0.4068,0.00694713984312969,0.100584013361443,7.68747507523506
41,0,"aggregate_hksj",4996,0.0540432345876701,0.00319885898964974,0.128543242883417,46
41,0,"che_rve",4999,0.0464092818563713,0.00297537605275711,0.128442644602264,3.11012004280663
41,0,"mlma",5000,0.065,0.00348640215695206,0.129924718901099,NA
41,0,"mlma_cr2",5000,0.0436,0.00288787257336608,0.129924718901099,2.97320194846988
41,0.05,"aggregate_hksj",4996,0.0652522017614091,0.00349408604576013,0.128543242883417,46
41,0.05,"che_rve",5000,0.0578,0.00330027756408457,0.128430004717716,3.11011414887165
41,0.05,"mlma",5000,0.0778,0.00378806441339109,0.129924718899687,NA
41,0.05,"mlma_cr2",5000,0.057,0.00327874976172321,0.129924718899687,2.97320194846738
41,0.1,"aggregate_hksj",4996,0.118895116092874,0.00457914712180311,0.128543242883417,46
41,0.1,"che_rve",5000,0.0866,0.0039774474226569,0.128430004713163,3.11011414896833
41,0.1,"mlma",5000,0.1366,0.00485675694265216,0.129924718898832,NA
41,0.1,"mlma_cr2",5000,0.085,0.003943982758583,0.129924718898832,2.97320194848171
41,0.2,"aggregate_hksj",4996,0.334067253803042,0.00667299691729239,0.128543242883417,46
41,0.2,"che_rve",4999,0.200440088017604,0.00566208297920054,0.128441383685628,3.11012005429528
41,0.2,"mlma",5000,0.3642,0.00680526795945611,0.129924718900485,NA
41,0.2,"mlma_cr2",5000,0.1958,0.00561181539254456,0.129924718900485,2.97320194848474
42,0,"aggregate_hksj",5000,0.055,0.0032241277890307,0.108616256318788,22
42,0,"che_rve",5000,0.0466,0.00298088711627931,0.107899393509994,8.41008022334006
42,0,"mlma",4994,0.0610732879455346,0.00338857598788667,0.108380746209434,NA
42,0,"mlma_cr2",4994,0.0478574289146976,0.00302065693591043,0.108380746209434,8.6001594501762
42,0.05,"aggregate_hksj",5000,0.0734,0.00368815509435273,0.108616256318788,22
42,0.05,"che_rve",4999,0.0634126825365073,0.00344683608281604,0.107907046230047,8.41005038052536
42,0.05,"mlma",4993,0.0859202884037653,0.00396605849135075,0.108283053398595,NA
42,0.05,"mlma_cr2",4993,0.0654916883637092,0.00350109499391476,0.108283053398595,8.60015890766942
42,0.1,"aggregate_hksj",5000,0.1456,0.0049879983961505,0.108616256318788,22
42,0.1,"che_rve",4999,0.122224444888978,0.0046326470053056,0.107910132367521,8.41004920331966
42,0.1,"mlma",4997,0.158895337202321,0.00517161185173669,0.108374440180573,NA
42,0.1,"mlma_cr2",4997,0.11847108264959,0.00457161643745355,0.108374440180573,8.60016225964307
42,0.2,"aggregate_hksj",5000,0.4262,0.00699361937768992,0.108616256318788,22
42,0.2,"che_rve",4999,0.358071614322865,0.00678088952574576,0.107910161565985,8.4101621016138
42,0.2,"mlma",4996,0.452762209767814,0.00704225765995219,0.108370726667196,NA
42,0.2,"mlma_cr2",4996,0.355884707766213,0.00677368900962491,0.108370726667196,8.6001608226579
43,0,"aggregate_hksj",4998,0.054421768707483,0.0032087577674562,0.0224055249389218,28
43,0,"che_rve",5000,0.0494,0.0030646252625729,0.0223392512038997,25.7446308059895
43,0,"mlma",5000,0.0604,0.00336903072114221,0.0223441198923307,NA
43,0,"mlma_cr2",5000,0.049,0.00305283474822991,0.0223441198923307,26.3365185981996
43,0.05,"aggregate_hksj",4998,0.593037214885954,0.00694896615198877,0.0224055249389218,28
43,0.05,"che_rve",5000,0.5862,0.00696519289036564,0.022339251204482,25.7446308074558
43,0.05,"mlma",5000,0.6196,0.00686579696757776,0.0223441198918082,NA
43,0.05,"mlma_cr2",5000,0.5842,0.00697008407409839,0.0223441198918082,26.3365185976054
43,0.1,"aggregate_hksj",4998,0.990996398559424,0.00133612177921724,0.0224055249389218,28
43,0.1,"che_rve",5000,0.9904,0.00137897353129058,0.0223392512049284,25.7446308062816
43,0.1,"mlma",4999,0.99379875975195,0.00111031686206864,0.0223451013941792,NA
43,0.1,"mlma_cr2",4999,0.990198039607922,0.00139340041117091,0.0223451013941792,26.3368682362068
43,0.2,"aggregate_hksj",4998,1,0,0.0224055249389218,28
43,0.2,"che_rve",5000,1,0,0.0223392512058326,25.7446308060315
43,0.2,"mlma",4999,1,0,0.022346259211715,NA
43,0.2,"mlma_cr2",4999,1,0,0.022346259211715,26.3369193167694
44,0,"aggregate_hksj",5000,0.0438,0.00289418589589542,0.103582644401772,28
44,0,"che_rve",5000,0.0422,0.00284320804725929,0.103569226727422,15.2286011613024
44,0,"mlma",5000,0.051,0.00311123769583746,0.103570317025562,NA
44,0,"mlma_cr2",5000,0.042,0.00283675871374356,0.103570317025562,15.2062497614614
44,0.05,"aggregate_hksj",5000,0.0682,0.00356507391227728,0.103582644401772,28
44,0.05,"che_rve",5000,0.0676,0.0035504996831432,0.103569226727568,15.2286011612989
44,0.05,"mlma",5000,0.0812,0.00386281141139456,0.103570317025474,NA
44,0.05,"mlma_cr2",5000,0.0676,0.0035504996831432,0.103570317025474,15.2062497614613
44,0.1,"aggregate_hksj",5000,0.143,0.0049507777166825,0.103582644401772,28
44,0.1,"che_rve",5000,0.134,0.00481755124518671,0.10356922672749,15.2286011613005
44,0.1,"mlma",5000,0.1596,0.00517934049855771,0.103570317025668,NA
44,0.1,"mlma_cr2",5000,0.1334,0.00480841845100861,0.103570317025668,15.2062497614622
44,0.2,"aggregate_hksj",5000,0.4322,0.00700575706116049,0.103582644401772,28
44,0.2,"che_rve",5000,0.4128,0.00696270292343426,0.103569226727508,15.2286011613013
44,0.2,"mlma",5000,0.4616,0.00705018354371005,0.103570317025493,NA
44,0.2,"mlma_cr2",5000,0.4122,0.00696119472504541,0.103570317025493,15.2062497614629
45,0,"aggregate_hksj",4969,0.0495069430468907,0.00307732263468028,0.0638818697156547,22
45,0,"che_rve",4972,0.0541029766693484,0.0032082407399363,0.0621385158746226,12.7356437973986
45,0,"mlma",4998,0.0586234493797519,0.00332291510852169,0.0645598136480788,NA
45,0,"mlma_cr2",4998,0.0470188075230092,0.00299419336883854,0.0645598136480788,13.0516140018218
45,0.05,"aggregate_hksj",4969,0.117126182330449,0.00456185854445116,0.0638818697156548,22
45,0.05,"che_rve",4974,0.12605548854041,0.00470619501099921,0.0620776896812023,12.7353482666198
45,0.05,"mlma",5000,0.1332,0.00480536699951211,0.0645582906133041,NA
45,0.05,"mlma_cr2",5000,0.1116,0.00445298641363299,0.0645582906133041,13.051164273669
45,0.1,"aggregate_hksj",4969,0.307909036023345,0.00654874844302006,0.0638818697156547,22
45,0.1,"che_rve",4975,0.330452261306533,0.00666881385645503,0.0621427201698759,12.7352120216529
45,0.1,"mlma",5000,0.3384,0.00669156842601195,0.0645582906098629,NA
45,0.1,"mlma_cr2",5000,0.305,0.00651114429267237,0.0645582906098629,13.0511642732121
45,0.2,"aggregate_hksj",4969,0.82048701952103,0.00544439075434141,0.0638818697156548,22
45,0.2,"che_rve",4982,0.853472501003613,0.00501017012722959,0.0621880705741513,12.7341617394899
45,0.2,"mlma",4998,0.848739495798319,0.00506817791568339,0.0645550815455974,NA
45,0.2,"mlma_cr2",4998,0.824929971988795,0.005375468437731,0.0645550815455974,13.0516180312677
46,0,"aggregate_hksj",5000,0.0478,0.00301712313305241,0.045966464657389,118
46,0,"che_rve",4999,0.0534106821364273,0.00318019165425943,0.0379219515223339,39.1519417525089
46,0,"mlma",5000,0.0618,0.00340531232047811,0.0380851144710087,NA
46,0,"mlma_cr2",5000,0.0524,0.00315132480077824,0.0380851144710087,39.4597048949651
46,0.05,"aggregate_hksj",5000,0.1838,0.00547754616593964,0.045966464657389,118
46,0.05,"che_rve",5000,0.2488,0.00611389499419151,0.0379192224398481,39.1516973920088
46,0.05,"mlma",5000,0.2746,0.00631181178426607,0.0380851144734987,NA
46,0.05,"mlma_cr2",5000,0.2486,0.00611225064931078,0.0380851144734987,39.4597048931412
46,0.1,"aggregate_hksj",5000,0.5694,0.00700262293715719,0.045966464657389,118
46,0.1,"che_rve",5000,0.723,0.00632883875604364,0.0379192224381303,39.1516973926711
46,0.1,"mlma",5000,0.7598,0.0060415885328281,0.0380851144785751,NA
46,0.1,"mlma_cr2",5000,0.7192,0.00635533413755721,0.0380851144785751,39.4597048948118
46,0.2,"aggregate_hksj",5000,0.99,0.00140712472794703,0.045966464657389,118
46,0.2,"che_rve",5000,0.9994,0.000346306222872199,0.0379192224427515,39.1516973916183
46,0.2,"mlma",5000,0.9996,0.000282786138274123,0.0380851144751835,NA
46,0.2,"mlma_cr2",5000,0.9992,0.000399839967987199,0.0380851144751835,39.4597048941649
47,0,"aggregate_hksj",5000,0.0544,0.0032075111847038,0.0587045680227553,94
47,0,"che_rve",5000,0.0506,0.00309966578843591,0.0587063312903038,28.9175790582877
47,0,"mlma",5000,0.046,0.00296256645495084,0.0587276137530166,NA
47,0,"mlma_cr2",5000,0.0502,0.00308804015517933,0.0587276137530166,28.3044247387476
47,0.05,"aggregate_hksj",5000,0.1478,0.00501906684554012,0.0587045680227553,94
47,0.05,"che_rve",5000,0.1284,0.00473103455916357,0.0587063312905203,28.9175790590404
47,0.05,"mlma",5000,0.134,0.00481755124518671,0.0587276137501479,NA
47,0.05,"mlma_cr2",5000,0.128,0.00472474337927469,0.0587276137501479,28.3044247385075
47,0.1,"aggregate_hksj",5000,0.3988,0.00692471746716066,0.0587045680227553,94
47,0.1,"che_rve",5000,0.3652,0.00680924312974651,0.0587063312898647,28.9175790587818
47,0.1,"mlma",5000,0.373,0.006839166615897,0.0587276137589259,NA
47,0.1,"mlma_cr2",5000,0.363,0.00680045586707244,0.0587276137589259,28.3044247401233
47,0.2,"aggregate_hksj",5000,0.9268,0.00368352439926764,0.0587045680227553,94
47,0.2,"che_rve",5000,0.9064,0.00411919992231501,0.0587063312908283,28.9175790580982
47,0.2,"mlma",5000,0.9186,0.0038671446830963,0.0587276137612696,NA
47,0.2,"mlma_cr2",5000,0.905,0.00414668542332307,0.0587276137612696,28.3044247416334
48,0,"aggregate_hksj",5000,0.0488,0.00304691844328003,0.132204769845033,34
48,0,"che_rve",4999,0.0340068013602721,0.0025634707021363,0.132155193799151,3.39395320396109
48,0,"mlma",5000,0.0536,0.00318518570887162,0.133658917101427,NA
48,0,"mlma_cr2",5000,0.035,0.00259903828367341,0.133658917101427,3.69143775597592
48,0.05,"aggregate_hksj",5000,0.065,0.00348640215695206,0.132204769845033,34
48,0.05,"che_rve",4999,0.0422084416883377,0.00284376427060355,0.132145816935815,3.39393576110454
48,0.05,"mlma",5000,0.0718,0.00365088372863338,0.133658917092637,NA
48,0.05,"mlma_cr2",5000,0.0434,0.00288154264240528,0.133658917092637,3.69143775609193
48,0.1,"aggregate_hksj",5000,0.1122,0.00446343275965932,0.132204769845033,34
48,0.1,"che_rve",5000,0.0712,0.00363677219523027,0.132152771426628,3.39395207888734
48,0.1,"mlma",5000,0.1212,0.00461542110754804,0.133658917093624,NA
48,0.1,"mlma_cr2",5000,0.0742,0.00370659844061911,0.133658917093624,3.69143775584255
48,0.2,"aggregate_hksj",5000,0.3066,0.00652068155946907,0.132204769845033,34
48,0.2,"che_rve",4999,0.188037607521504,0.00552648184074876,0.132149241374966,3.39393295561255
48,0.2,"mlma",5000,0.3228,0.00661211252172859,0.133658917094245,NA
48,0.2,"mlma_cr2",5000,0.1924,0.00557462536857859,0.133658917094245,3.69143775590974
49,0,"aggregate_hksj",5000,0.0562,0.00325704037432759,0.0856360665012107,34
49,0,"che_rve",5000,0.0542,0.00320194815698193,0.0846072263975815,29.5264376111741
49,0,"mlma",5000,0.062,0.00341045451516363,0.0846076134685064,NA
49,0,"mlma_cr2",5000,0.0542,0.00320194815698193,0.0846076134685064,29.5279412635487
49,0.05,"aggregate_hksj",5000,0.0982,0.00420848571341284,0.0856360665012107,34
49,0.05,"che_rve",5000,0.0956,0.00415838045397484,0.0846072263993633,29.5264376134825
49,0.05,"mlma",5000,0.1052,0.00433896208787309,0.0846076134650788,NA
49,0.05,"mlma_cr2",5000,0.0954,0.00415448769404845,0.0846076134650788,29.5279412637379
49,0.1,"aggregate_hksj",5000,0.2138,0.00579809554940241,0.0856360665012107,34
49,0.1,"che_rve",5000,0.2108,0.00576824687405107,0.0846072264002966,29.526437611195
49,0.1,"mlma",5000,0.2348,0.00599448012758404,0.0846076134629355,NA
49,0.1,"mlma_cr2",5000,0.2108,0.00576824687405107,0.0846076134629355,29.5279412645916
49,0.2,"aggregate_hksj",5000,0.6462,0.00676203460505786,0.0856360665012107,34
49,0.2,"che_rve",5000,0.6436,0.00677316823945781,0.0846072263978634,29.5264376113284
49,0.2,"mlma",5000,0.6708,0.00664571079719845,0.0846076134681433,NA
49,0.2,"mlma_cr2",5000,0.6436,0.00677316823945781,0.0846076134681433,29.5279412640851
50,0,"aggregate_hksj",5000,0.0548,0.00321860093829602,0.0318628064391692,58
50,0,"che_rve",5000,0.0498,0.00307636018697421,0.0318692898568999,18.9667278802973
50,0,"mlma",5000,0.059,0.00333223648620562,0.0318848041891032,NA
50,0,"mlma_cr2",5000,0.05,0.00308220700148449,0.0318848041891032,18.8912484981764
50,0.05,"aggregate_hksj",5000,0.3512,0.0067506823358828,0.0318628064391692,58
50,0.05,"che_rve",5000,0.326,0.00662908741834048,0.0318692898567606,18.9667278803182
50,0.05,"mlma",5000,0.3612,0.00679315184579294,0.031884804182985,NA
50,0.05,"mlma_cr2",5000,0.3264,0.00663118450957293,0.031884804182985,18.8912484963944
50,0.1,"aggregate_hksj",5000,0.8812,0.00457573076131015,0.0318628064391692,58
50,0.1,"che_rve",5000,0.855,0.00497945780180935,0.0318692898565466,18.9667278802939
50,0.1,"mlma",5000,0.8846,0.00451846965243765,0.0318848041821312,NA
50,0.1,"mlma_cr2",5000,0.8526,0.00501344671857595,0.0318848041821312,18.8912484963774
50,0.2,"aggregate_hksj",5000,1,0,0.0318628064391692,58
50,0.2,"che_rve",5000,1,0,0.0318692898568451,18.9667278801878
50,0.2,"mlma",5000,1,0,0.0318848041824482,NA
50,0.2,"mlma_cr2",5000,1,0,0.0318848041824482,18.8912484963291
51,0,"aggregate_hksj",5000,0.0426,0.00285605462132642,0.0412167853085636,118
51,0,"che_rve",4985,0.0441323971915747,0.00290900889310439,0.0410559564165356,10.7391787553493
51,0,"mlma",4995,0.0488488488488488,0.00304989009516586,0.0410707744033343,NA
51,0,"mlma_cr2",4995,0.0442442442442442,0.00290960547551092,0.0410707744033343,10.7373175358238
51,0.05,"aggregate_hksj",5000,0.2178,0.00583717671481685,0.0412167853085636,118
51,0.05,"che_rve",4977,0.212376933895921,0.00579734393267095,0.0410227223600791,10.7391861693299
51,0.05,"mlma",4997,0.238943366019612,0.00603255516377997,0.0410365762271038,NA
51,0.05,"mlma_cr2",4997,0.213728236942165,0.00579912695663988,0.0410365762271038,10.737312730164
51,0.1,"aggregate_hksj",5000,0.6662,0.00666899632628479,0.0412167853085636,118
51,0.1,"che_rve",4983,0.612883804936785,0.00690024163739385,0.0410001496459595,10.7391803967618
51,0.1,"mlma",4996,0.693154523618895,0.00652474703419218,0.0410701790984995,NA
51,0.1,"mlma_cr2",4996,0.6128903122498,0.00689123695699593,0.0410701790984995,10.737315097324
51,0.2,"aggregate_hksj",5000,0.9978,0.000662594898863548,0.0412167853085636,118
51,0.2,"che_rve",4979,0.992167101827676,0.00124934559118575,0.0410296072086569,10.739184179184
51,0.2,"mlma",5000,0.9978,0.000662594898863548,0.0410620223069986,NA
51,0.2,"mlma_cr2",5000,0.992,0.00125984125984189,0.0410620223069986,10.7373055709814
52,0,"aggregate_hksj",5000,0.0512,0.0031170036894428,0.0382842347068301,70
52,0,"che_rve",5000,0.0572,0.00328414859590732,0.0379242922384998,56.0653306382768
52,0,"mlma",5000,0.0554,0.00323514574633045,0.0415633496701998,NA
52,0,"mlma_cr2",5000,0.0546,0.00321306209090332,0.0415633496701998,64.6230533249895
52,0.05,"aggregate_hksj",5000,0.2442,0.00607562935011674,0.0382842347068301,70
52,0.05,"che_rve",5000,0.2568,0.00617824829543132,0.0379242922395604,56.0653306402186
52,0.05,"mlma",5000,0.2382,0.00602429680543713,0.0415633496620601,NA
52,0.05,"mlma_cr2",5000,0.2308,0.00595871395520879,0.0415633496620601,64.6230533242468
52,0.1,"aggregate_hksj",5000,0.718,0.0063635838958876,0.0382842347068301,70
52,0.1,"che_rve",5000,0.7406,0.00619857467487486,0.0379242922355139,56.0653306431424
52,0.1,"mlma",5000,0.6772,0.00661211252172859,0.0415633496646637,NA
52,0.1,"mlma_cr2",5000,0.6684,0.00665794923381066,0.0415633496646637,64.6230533249135
52,0.2,"aggregate_hksj",5000,0.9988,0.000489603921552918,0.0382842347068301,70
52,0.2,"che_rve",5000,0.9994,0.000346306222872199,0.0379242922371564,56.0653306392157
52,0.2,"mlma",5000,0.9976,0.000691988439209783,0.0415633496677323,NA
52,0.2,"mlma_cr2",5000,0.9976,0.000691988439209783,0.0415633496677323,64.623053325045
53,0,"aggregate_hksj",5000,0.069,0.00358438279205779,0.0766991136326377,46
53,0,"che_rve",4996,0.044835868694956,0.00292779444273399,0.0751854963018672,20.1575932045758
53,0,"mlma",5000,0.0504,0.00309385972532693,0.0751729200628769,NA
53,0,"mlma_cr2",5000,0.0448,0.00292550713552369,0.0751729200628769,20.1362731804992
53,0.05,"aggregate_hksj",5000,0.1262,0.0046962444570103,0.0766991136326377,46
53,0.05,"che_rve",4996,0.0902722177742194,0.00405435310718774,0.0751939139227614,20.1577939985715
53,0.05,"mlma",5000,0.1026,0.00429122919453156,0.0751729200674699,NA
53,0.05,"mlma_cr2",5000,0.0908,0.00406338184275118,0.0751729200674699,20.1362731796085
53,0.1,"aggregate_hksj",5000,0.2904,0.0064197794354635,0.0766991136326377,46
53,0.1,"che_rve",4995,0.237037037037037,0.00601716730067165,0.0751936617489768,20.1584255407892
53,0.1,"mlma",4996,0.263811048839071,0.00623490618325499,0.0751859785540275,NA
53,0.1,"mlma_cr2",4996,0.236589271417134,0.00601264327203786,0.0751859785540275,20.1400322111891
53,0.2,"aggregate_hksj",5000,0.7652,0.00599448012758404,0.0766991136326377,46
53,0.2,"che_rve",4996,0.702962369895917,0.00646488136272228,0.0751531452327201,20.1578819782177
53,0.2,"mlma",4998,0.74249699879952,0.00618500952721868,0.0751838370227092,NA
53,0.2,"mlma_cr2",4998,0.703481392557023,0.00646032188673003,0.0751838370227092,20.1368250714382
54,0,"aggregate_hksj",5000,0.047,0.00299302522541993,0.0784982014175386,22
54,0,"che_rve",5000,0.0384,0.00271755183943195,0.078448005126117,4.93008762623
54,0,"mlma",5000,0.0578,0.00330027756408457,0.0785897692737158,NA
54,0,"mlma_cr2",5000,0.0386,0.00272433624943765,0.0785897692737158,4.84496621264549
54,0.05,"aggregate_hksj",5000,0.0844,0.00393132649369141,0.0784982014175386,22
54,0.05,"che_rve",5000,0.071,0.00363205176174569,0.0784480051274346,4.93008762612806
54,0.05,"mlma",5000,0.1042,0.00432070272062312,0.0785897692741558,NA
54,0.05,"mlma_cr2",5000,0.069,0.00358438279205779,0.0785897692741558,4.84496621265207
54,0.1,"aggregate_hksj",5000,0.2272,0.00592587816277048,0.0784982014175386,22
54,0.1,"che_rve",5000,0.1696,0.00530727500700689,0.0784480051249482,4.93008762581593
54,0.1,"mlma",5000,0.2608,0.00620940190356527,0.0785897692733449,NA
54,0.1,"mlma_cr2",5000,0.1688,0.00529729289354478,0.0785897692733449,4.84496621274092
54,0.2,"aggregate_hksj",5000,0.6804,0.00659478339295537,0.0784982014175386,22
54,0.2,"che_rve",5000,0.523,0.00706358266037851,0.0784480051252383,4.93008762599626
54,0.2,"mlma",5000,0.7192,0.00635533413755721,0.0785897692757014,NA
54,0.2,"mlma_cr2",5000,0.5222,0.00706409456335347,0.0785897692757014,4.84496621254043
55,0,"aggregate_hksj",5000,0.0502,0.00308804015517933,0.0844123731060152,34
55,0,"che_rve",5000,0.0512,0.0031170036894428,0.0844170683644912,32.1245978719002
55,0,"mlma",5000,0.061,0.00338464178311383,0.0844522551411341,NA
55,0,"mlma_cr2",5000,0.0508,0.00310545842026584,0.0844522551411341,32.2278480482299
55,0.05,"aggregate_hksj",5000,0.0898,0.00404316608612607,0.0844123731060152,34
55,0.05,"che_rve",5000,0.0892,0.00403096415265628,0.0844170683646577,32.1245978718466
55,0.05,"mlma",5000,0.1022,0.00428381045332307,0.0844522551407366,NA
55,0.05,"mlma_cr2",5000,0.089,0.00402688465193628,0.0844522551407366,32.227848048176
55,0.1,"aggregate_hksj",5000,0.2148,0.00580794214847221,0.0844123731060152,34
55,0.1,"che_rve",5000,0.2152,0.00581186648160468,0.0844170683641454,32.1245978718492
55,0.1,"mlma",5000,0.2336,0.0059838288745585,0.0844522551411031,NA
55,0.1,"mlma_cr2",5000,0.2154,0.00581382559077928,0.0844522551411031,32.2278480482378
55,0.2,"aggregate_hksj",5000,0.6366,0.00680206498057759,0.0844123731060152,34
55,0.2,"che_rve",5000,0.6318,0.00682097881539006,0.0844170683653909,32.1245978715765
55,0.2,"mlma",5000,0.6632,0.00668379772285188,0.0844522551411104,NA
55,0.2,"mlma_cr2",5000,0.6318,0.00682097881539006,0.0844522551411104,32.2278480482294
56,0,"aggregate_hksj",5000,0.0578,0.00330027756408457,0.164802741311189,34
56,0,"che_rve",4999,0.0424084816963393,0.00285019739673416,0.164455480647219,4.58103665480161
56,0,"mlma",4999,0.0618123624724945,0.00340597107906262,0.164736374281773,NA
56,0,"mlma_cr2",4999,0.0446089217843569,0.00291984559111847,0.164736374281773,4.54085731871818
56,0.05,"aggregate_hksj",5000,0.0724,0.00366492128155572,0.164802741311189,34
56,0.05,"che_rve",4999,0.0498099619923985,0.00307695945238757,0.164449283898577,4.58096960949313
56,0.05,"mlma",4999,0.0766153230646129,0.00376190290278119,0.164736374275474,NA
56,0.05,"mlma_cr2",4999,0.0504100820164033,0.00309446219378332,0.164736374275474,4.54085731857724
56,0.1,"aggregate_hksj",5000,0.1048,0.00433167311786104,0.164802741311189,34
56,0.1,"che_rve",4998,0.0682272909163665,0.00356644828358127,0.164465331519803,4.58098621210491
56,0.1,"mlma",4999,0.108021604320864,0.00439026677465421,0.164737011103168,NA
56,0.1,"mlma_cr2",4999,0.0700140028005601,0.00360901834924259,0.164737011103168,4.54080456338644
56,0.2,"aggregate_hksj",5000,0.244,0.00607394435272501,0.164802741311189,34
56,0.2,"che_rve",4998,0.15546218487395,0.00512535330374685,0.164465118074619,4.5810025734076
56,0.2,"mlma",5000,0.2492,0.0061171784345399,0.164720750630943,NA
56,0.2,"mlma_cr2",5000,0.1596,0.00517934049855771,0.164720750630943,4.54082913229897
57,0,"aggregate_hksj",5000,0.0228,0.00211093154791907,0.0428156483174186,118
57,0,"che_rve",4973,0.0508747235069375,0.00311604392517525,0.0380840682911397,26.7649451950234
57,0,"mlma",4987,0.053539201925005,0.00318762759393401,0.0380719788750153,NA
57,0,"mlma_cr2",4987,0.0505313815921396,0.0031017101393192,0.0380719788750153,26.7770092081596
57,0.05,"aggregate_hksj",5000,0.1474,0.00501344671857595,0.0428156483174186,118
57,0.05,"che_rve",4969,0.246528476554639,0.00611409903780853,0.0380476642050679,26.7654422798954
57,0.05,"mlma",4987,0.261880890314819,0.00622580401016906,0.0380835645933105,NA
57,0.05,"mlma_cr2",4987,0.245839181872869,0.00609730401144064,0.0380835645933105,26.7769810079194
57,0.1,"aggregate_hksj",5000,0.5248,0.00706236447657582,0.0428156483174186,118
57,0.1,"che_rve",4984,0.712881219903692,0.00640841119086745,0.0380487271034847,26.7635835011728
57,0.1,"mlma",4994,0.740889066880256,0.00620005001881395,0.0380516217923328,NA
57,0.1,"mlma_cr2",4994,0.712454945935122,0.00640482672333671,0.0380516217923328,26.7762786511077
57,0.2,"aggregate_hksj",5000,0.9922,0.00124411896537269,0.0428156483174186,118
57,0.2,"che_rve",4980,0.999196787148594,0.000401445105581536,0.0380709765534231,26.7640778298319
57,0.2,"mlma",4996,0.999599679743795,0.000283012502976385,0.0380746827826263,NA
57,0.2,"mlma_cr2",4996,0.99919935948759,0.000400159967807661,0.0380746827826263,26.7760041253665
58,0,"aggregate_hksj",5000,0.0392,0.0027445713690848,0.100074124856147,22
58,0,"che_rve",4994,0.0432519022827393,0.00287857229551132,0.0923037311985736,5.40247758022419
58,0,"mlma",4994,0.0756908289947937,0.00374288077126916,0.0926081295892601,NA
58,0,"mlma_cr2",4994,0.0448538245895074,0.00292893943694823,0.0926081295892601,5.34249828011247
58,0.05,"aggregate_hksj",5000,0.0654,0.00349636496950762,0.100074124856147,22
58,0.05,"che_rve",4990,0.0691382765531062,0.00359129919576488,0.092256224788739,5.40299365506309
58,0.05,"mlma",4993,0.115561786501102,0.00452439058377717,0.0926118938120114,NA
58,0.05,"mlma_cr2",4993,0.073502904065692,0.00369312066256166,0.0926118938120114,5.3426513166536
58,0.1,"aggregate_hksj",5000,0.1418,0.00493341180117776,0.100074124856147,22
58,0.1,"che_rve",4995,0.149349349349349,0.00504323888965744,0.0923791701934084,5.40232485478284
58,0.1,"mlma",4994,0.223868642370845,0.00589847820381843,0.0925209594784233,NA
58,0.1,"mlma_cr2",4994,0.152382859431318,0.00508561706360907,0.0925209594784233,5.3424983448673
58,0.2,"aggregate_hksj",5000,0.4422,0.00702366229256504,0.100074124856147,22
58,0.2,"che_rve",4992,0.437099358974359,0.00702051009335262,0.0923862564472164,5.40272890151346
58,0.2,"mlma",4999,0.595119023804761,0.00694263021375493,0.0925708061525497,NA
58,0.2,"mlma_cr2",4999,0.442088417683537,0.00702418091667852,0.0925708061525497,5.34173103548621
59,0,"aggregate_hksj",5000,0.047,0.00299302522541993,0.0478441676189434,70
59,0,"che_rve",4992,0.0482772435897436,0.0030338155393806,0.0474766216140642,42.4559957660562
59,0,"mlma",5000,0.0588,0.00332693733033852,0.0497094336200561,NA
59,0,"mlma_cr2",5000,0.051,0.00311123769583746,0.0497094336200561,53.1827562114278
59,0.05,"aggregate_hksj",5000,0.1764,0.00539041816559717,0.0478441676189434,70
59,0.05,"che_rve",4990,0.18376753507014,0.00548265671679574,0.0474889880231645,42.4586397348216
59,0.05,"mlma",5000,0.1904,0.00555243802306698,0.0497094336188541,NA
59,0.05,"mlma_cr2",5000,0.1698,0.0053097638365562,0.0497094336188541,53.1827562128834
59,0.1,"aggregate_hksj",5000,0.5322,0.0070563894450349,0.0478441676189434,70
59,0.1,"che_rve",4994,0.543051661994393,0.00704903806239051,0.04746693316762,42.4544664562095
59,0.1,"mlma",5000,0.5434,0.00704437988754156,0.0497094336219885,NA
59,0.1,"mlma_cr2",5000,0.506,0.00707055867665349,0.0497094336219885,53.182756212499
59,0.2,"aggregate_hksj",5000,0.9852,0.00170768615383507,0.0478441676189434,70
59,0.2,"che_rve",4988,0.986567762630313,0.00162995050432153,0.0474558026148736,42.4601208042621
59,0.2,"mlma",5000,0.9812,0.00192075818363479,0.0497094336201652,NA
59,0.2,"mlma_cr2",5000,0.9762,0.00215562334372218,0.0497094336201652,53.1827562108844
60,0,"aggregate_hksj",5000,0.041,0.00280424677944007,0.0260899542333985,118
60,0,"che_rve",4996,0.0474379503602882,0.00300744975825355,0.0259604532296534,106.605117128595
60,0,"mlma",5000,0.0488,0.00304691844328003,0.0260293608881938,NA
60,0,"mlma_cr2",5000,0.0468,0.00298696367570816,0.0260293608881938,104.754444887323
60,0.05,"aggregate_hksj",5000,0.4486,0.00703360561874207,0.0260899542333985,118
60,0.05,"che_rve",4999,0.480496099219844,0.00706639273973235,0.0259644667279507,106.605150900133
60,0.05,"mlma",4998,0.479791916766707,0.00706670375742505,0.0260209986564961,NA
60,0.05,"mlma_cr2",4998,0.474789915966387,0.00706348692018271,0.0260209986564961,104.754424919291
60,0.1,"aggregate_hksj",5000,0.964,0.00263453980801202,0.0260899542333985,118
60,0.1,"che_rve",4999,0.96999399879976,0.00241294274216726,0.0259652211084391,106.605151474738
60,0.1,"mlma",4999,0.968993798759752,0.00245156386375209,0.0260319638598323,NA
60,0.1,"mlma_cr2",4999,0.969793958791758,0.00242072287476299,0.0260319638598323,104.754372841198
60,0.2,"aggregate_hksj",5000,1,0,0.0260899542333985,118
60,0.2,"che_rve",4994,1,0,0.0259689037680274,106.604968417732
60,0.2,"mlma",5000,1,0,0.0260293608914151,NA
60,0.2,"mlma_cr2",5000,1,0,0.0260293608914151,104.754444883016
61,0,"aggregate_hksj",5000,0.053,0.00316831185333767,0.0635761767624951,28
61,0,"che_rve",4992,0.0546875,0.0032180622972012,0.063438827836157,7.9390267279959
61,0,"mlma",4992,0.0655048076923077,0.00350177175455138,0.0635164555824148,NA
61,0,"mlma_cr2",4992,0.0552884615384615,0.00323466697273669,0.0635164555824148,7.93766123715787
61,0.05,"aggregate_hksj",5000,0.111,0.00444249929656719,0.0635761767624951,28
61,0.05,"che_rve",4994,0.102322787344814,0.00428866390297113,0.0633578442759598,7.93907103544154
61,0.05,"mlma",4994,0.134961954345214,0.00483502823596285,0.0635053877217833,NA
61,0.05,"mlma_cr2",4994,0.102923508209852,0.00429979509033958,0.0635053877217833,7.93770999478973
61,0.1,"aggregate_hksj",5000,0.3148,0.0065681193655414,0.0635761767624951,28
61,0.1,"che_rve",4994,0.283540248297958,0.0063779188295975,0.0634176168924939,7.93907046603586
61,0.1,"mlma",4994,0.365438526231478,0.00681427642463073,0.0634999731333774,NA
61,0.1,"mlma_cr2",4994,0.28394072887465,0.00638063737506928,0.0634999731333774,7.9377097857967
61,0.2,"aggregate_hksj",5000,0.8484,0.00507183280481524,0.0635761767624951,28
61,0.2,"che_rve",4996,0.789631705364291,0.00576622012111423,0.0634906014522926,7.9391489346785
61,0.2,"mlma",4994,0.877452943532239,0.00464022554575835,0.0635087939155369,NA
61,0.2,"mlma_cr2",4994,0.789547456948338,0.00576822164033426,0.0635087939155369,7.93770999016458
62,0,"aggregate_hksj",5000,0.0518,0.0031342227106573,0.0495209501599988,118
62,0,"che_rve",5000,0.048,0.00302311098043059,0.049297372886129,93.909036323196
62,0,"mlma",4999,0.0500100020004001,0.00308280733752209,0.0493025654427313,NA
62,0,"mlma_cr2",4999,0.0482096419283857,0.00302967494242466,0.0493025654427313,93.8741211320336
62,0.05,"aggregate_hksj",5000,0.1768,0.00539521565834027,0.0495209501599988,118
62,0.05,"che_rve",5000,0.172,0.0053369654299049,0.0492973728854531,93.9090363300737
62,0.05,"mlma",5000,0.1742,0.00536384861829638,0.0492980580164485,NA
62,0.05,"mlma_cr2",5000,0.1726,0.00534432858271271,0.0492980580164485,93.8734740791501
62,0.1,"aggregate_hksj",5000,0.52,0.00706540869306228,0.0495209501599988,118
62,0.1,"che_rve",4999,0.516703340668134,0.00706782785021034,0.0493018014705628,93.909302441109
62,0.1,"mlma",4999,0.526105221044209,0.00706212986445952,0.0492804882809532,NA
62,0.1,"mlma_cr2",4999,0.517903580716143,0.00706724002251341,0.0492804882809532,93.8736092032356
62,0.2,"aggregate_hksj",5000,0.9816,0.00190060200989055,0.0495209501599988,118
62,0.2,"che_rve",5000,0.9822,0.00186992834087299,0.0492973728857778,93.9090363219523
62,0.2,"mlma",4999,0.983996799359872,0.00177483792268768,0.0492804882778805,NA
62,0.2,"mlma_cr2",4999,0.982196439287858,0.0018702990112013,0.0492804882778805,93.8736092058433
63,0,"aggregate_hksj",5000,0.051,0.00311123769583746,0.0254370407996728,118
63,0,"che_rve",5000,0.0508,0.00310545842026584,0.0251732163201407,108.065802509912
63,0,"mlma",5000,0.0534,0.00317957355631223,0.0251994927198366,NA
63,0,"mlma_cr2",5000,0.052,0.00313993630508646,0.0251994927198366,107.612705814622
63,0.05,"aggregate_hksj",5000,0.5102,0.0070695963109643,0.0254370407996728,118
63,0.05,"che_rve",5000,0.5144,0.00706813469028428,0.0251732163199303,108.065802510369
63,0.05,"mlma",5000,0.5204,0.00706517996939922,0.0251994927197301,NA
63,0.05,"mlma_cr2",5000,0.5132,0.00706860325665545,0.0251994927197301,107.612705814376
63,0.1,"aggregate_hksj",5000,0.9774,0.00210186774084384,0.0254370407996728,118
63,0.1,"che_rve",5000,0.979,0.002027757381937,0.0251732163192411,108.065802509297
63,0.1,"mlma",4999,0.980796159231846,0.00194107295236997,0.0252019630100152,NA
63,0.1,"mlma_cr2",4999,0.978195639127826,0.00206558453511843,0.0252019630100152,107.612276440023
63,0.2,"aggregate_hksj",5000,1,0,0.0254370407996728,118
63,0.2,"che_rve",5000,1,0,0.0251732163180236,108.065802505477
63,0.2,"mlma",5000,1,0,0.0251994927209603,NA
63,0.2,"mlma_cr2",5000,1,0,0.0251994927209603,107.612705815734
64,0,"aggregate_hksj",5000,0.0498,0.00307636018697421,0.114163915020501,28
64,0,"che_rve",5000,0.0314,0.00246633493264804,0.114125558498078,2.47060294835874
64,0,"mlma",5000,0.0562,0.00325704037432759,0.114143418596633,NA
64,0,"mlma_cr2",5000,0.0312,0.00245872161905328,0.114143418596633,2.46860901503334
64,0.05,"aggregate_hksj",5000,0.0712,0.00363677219523027,0.114163915020501,28
64,0.05,"che_rve",5000,0.0418,0.00283029185774188,0.114125558497599,2.47060294835871
64,0.05,"mlma",5000,0.084,0.00392285610238255,0.114143418596813,NA
64,0.05,"mlma_cr2",5000,0.0418,0.00283029185774188,0.114143418596813,2.46860901503272
64,0.1,"aggregate_hksj",5000,0.1426,0.00494500232558085,0.114163915020501,28
64,0.1,"che_rve",5000,0.0694,0.00359398497492686,0.114125558497724,2.47060294835963
64,0.1,"mlma",5000,0.159,0.00517144080503683,0.114143418596483,NA
64,0.1,"mlma_cr2",5000,0.0696,0.00359877312427444,0.114143418596483,2.46860901503397
64,0.2,"aggregate_hksj",5000,0.3908,0.00690036752644379,0.114163915020501,28
64,0.2,"che_rve",5000,0.1904,0.00555243802306698,0.1141255584979,2.47060294836019
64,0.2,"mlma",5000,0.4182,0.0069757975888066,0.114143418596762,NA
64,0.2,"mlma_cr2",5000,0.1902,0.00555020648264549,0.114143418596762,2.46860901503379
65,0,"aggregate_hksj",5000,0.0502,0.00308804015517933,0.0633416870685145,118
65,0,"che_rve",5000,0.0486,0.0030409879973456,0.0632332994532206,19.8843129003729
65,0,"mlma",5000,0.0546,0.00321306209090332,0.0632246978252011,NA
65,0,"mlma_cr2",5000,0.0482,0.00302908435009658,0.0632246978252011,19.9073669954979
65,0.05,"aggregate_hksj",5000,0.1222,0.00463178496910208,0.0633416870685145,118
65,0.05,"che_rve",5000,0.1154,0.00451846965243765,0.0632332994528766,19.8843129003643
65,0.05,"mlma",5000,0.1302,0.00475915874919087,0.0632246978244697,NA
65,0.05,"mlma_cr2",5000,0.116,0.00452866426223009,0.0632246978244697,19.9073669955005
65,0.1,"aggregate_hksj",5000,0.3474,0.00673369497378668,0.0633416870685145,118
65,0.1,"che_rve",5000,0.3304,0.00665185447826394,0.063233299452821,19.8843129003761
65,0.1,"mlma",5000,0.3598,0.00678739950201843,0.0632246978252235,NA
65,0.1,"mlma_cr2",5000,0.3316,0.00665794923381066,0.0632246978252235,19.9073669954996
65,0.2,"aggregate_hksj",5000,0.8772,0.00464155491188029,0.0633416870685145,118
65,0.2,"che_rve",5000,0.8482,0.00507457899731594,0.0632332994540233,19.8843129003733
65,0.2,"mlma",5000,0.8844,0.00452187217864459,0.0632246978246995,NA
65,0.2,"mlma_cr2",5000,0.8492,0.0050608173252944,0.0632246978246995,19.9073669954955
66,0,"aggregate_hksj",5000,0.0414,0.00281730509529941,0.0322964155884596,58
66,0,"che_rve",5000,0.0546,0.00321306209090332,0.0315704937831353,20.428680381439
66,0,"mlma",5000,0.0396,0.00275796446677618,0.0356541266642079,NA
66,0,"mlma_cr2",5000,0.0492,0.00305873699425106,0.0356541266642079,21.7400834603169
66,0.05,"aggregate_hksj",5000,0.291,0.0064236905280376,0.0322964155884596,58
66,0.05,"che_rve",5000,0.3374,0.00668672176780222,0.0315704937854481,20.428680381477
66,0.05,"mlma",5000,0.255,0.00616400843607469,0.0356541266796901,NA
66,0.05,"mlma_cr2",5000,0.2822,0.00636495341695444,0.0356541266796901,21.7400834603785
66,0.1,"aggregate_hksj",5000,0.8246,0.00537837968165134,0.0322964155884596,58
66,0.1,"che_rve",5000,0.8664,0.0048114663045687,0.0315704937886184,20.4286803812345
66,0.1,"mlma",5000,0.7626,0.00601732897555053,0.03565412667858,NA
66,0.1,"mlma_cr2",5000,0.7772,0.00588489863973884,0.03565412667858,21.740083459611
66,0.2,"aggregate_hksj",5000,0.9998,0.000199979998999889,0.0322964155884596,58
66,0.2,"che_rve",5000,0.9998,0.000199979998999889,0.0315704937871787,20.4286803816949
66,0.2,"mlma",5000,0.9994,0.000346306222872199,0.0356541266774498,NA
66,0.2,"mlma_cr2",5000,0.9994,0.000346306222872199,0.0356541266774498,21.7400834595875
67,0,"aggregate_hksj",5000,0.0512,0.0031170036894428,0.131044307788668,28
67,0,"che_rve",5000,0.031,0.00245108139399735,0.131021852691807,2.49151462049489
67,0,"mlma",5000,0.0572,0.00328414859590732,0.131099069349903,NA
67,0,"mlma_cr2",5000,0.0294,0.00238895960618843,0.131099069349903,2.46454229668669
67,0.05,"aggregate_hksj",5000,0.0674,0.00354562378150869,0.131044307788668,28
67,0.05,"che_rve",5000,0.0388,0.00273110087693589,0.131021852690583,2.49151462049333
67,0.05,"mlma",5000,0.073,0.00367888570086106,0.131099069351206,NA
67,0.05,"mlma_cr2",5000,0.0378,0.00269707841932711,0.131099069351206,2.46454229668993
67,0.1,"aggregate_hksj",5000,0.1172,0.00454893745835222,0.131044307788668,28
67,0.1,"che_rve",5000,0.063,0.00343601513384327,0.131021852690985,2.49151462049571
67,0.1,"mlma",5000,0.1246,0.00467064963361629,0.131099069353628,NA
67,0.1,"mlma_cr2",5000,0.0612,0.00338982477423244,0.131099069353628,2.46454229668601
67,0.2,"aggregate_hksj",5000,0.3088,0.00653364461843465,0.131044307788668,28
67,0.2,"che_rve",5000,0.1598,0.00518196796593727,0.131021852690359,2.4915146204977
67,0.2,"mlma",5000,0.3278,0.00663848115158882,0.131099069360919,NA
67,0.2,"mlma_cr2",5000,0.1548,0.00511540731516074,0.131099069360919,2.46454229668312
68,0,"aggregate_hksj",5000,0.0544,0.0032075111847038,0.0219960201682956,94
68,0,"che_rve",5000,0.0456,0.00295027591929975,0.0218640563915842,6.11093649577681
68,0,"mlma",5000,0.0506,0.00309966578843591,0.021868341548095,NA
68,0,"mlma_cr2",5000,0.0464,0.00297479545515318,0.021868341548095,6.20039708584115
68,0.05,"aggregate_hksj",5000,0.6276,0.00683693264556555,0.0219960201682956,94
68,0.05,"che_rve",5000,0.4912,0.0070699725600599,0.0218640563913595,6.11093649494733
68,0.05,"mlma",5000,0.6358,0.00680526795945611,0.0218683415431702,NA
68,0.05,"mlma_cr2",5000,0.4906,0.00706981810232767,0.0218683415431702,6.20039709234505
68,0.1,"aggregate_hksj",5000,0.9942,0.00107390502373348,0.0219960201682956,94
68,0.1,"che_rve",5000,0.9654,0.0025846794772273,0.0218640563911868,6.11093649550093
68,0.1,"mlma",5000,0.9948,0.00101714895664303,0.02186834154551,NA
68,0.1,"mlma_cr2",5000,0.9662,0.0025556822963741,0.02186834154551,6.20039708492524
68,0.2,"aggregate_hksj",5000,1,0,0.0219960201682956,94
68,0.2,"che_rve",5000,1,0,0.0218640563907711,6.11093649555175
68,0.2,"mlma",5000,1,0,0.0218683415480904,NA
68,0.2,"mlma_cr2",5000,1,0,0.0218683415480904,6.20039708532187
69,0,"aggregate_hksj",5000,0.0504,0.00309385972532693,0.0258993712965067,118
69,0,"che_rve",4986,0.051544324107501,0.00313128651301583,0.0259278779294431,28.8963243810081
69,0,"mlma",5000,0.0544,0.0032075111847038,0.0259059063601352,NA
69,0,"mlma_cr2",5000,0.0516,0.00312849612433834,0.0259059063601352,29.0246479527115
69,0.05,"aggregate_hksj",5000,0.4904,0.00706976435250851,0.0258993712965067,118
69,0.05,"che_rve",4988,0.472734562951083,0.00706903460091686,0.0259139869892061,28.8962936155445
69,0.05,"mlma",5000,0.4986,0.00707104009322532,0.0259059063598637,NA
69,0.05,"mlma_cr2",5000,0.4718,0.00705981246209841,0.0259059063598637,29.0246479527139
69,0.1,"aggregate_hksj",5000,0.9684,0.00247392158323581,0.0258993712965067,118
69,0.1,"che_rve",4990,0.9625250501002,0.00268860051912967,0.0259012891341862,28.8962708253895
69,0.1,"mlma",5000,0.9698,0.00242024626846113,0.0259059063593015,NA
69,0.1,"mlma_cr2",5000,0.9626,0.00268332778467335,0.0259059063593015,29.0246479528231
69,0.2,"aggregate_hksj",5000,1,0,0.0258993712965067,118
69,0.2,"che_rve",4991,1,0,0.0259118884548488,28.896254338445
69,0.2,"mlma",5000,1,0,0.0259059063644814,NA
69,0.2,"mlma_cr2",5000,1,0,0.0259059063644814,29.0246479528774
70,0,"aggregate_hksj",5000,0.0632,0.00344109749934523,0.061583963392171,22
70,0,"che_rve",5000,0.0456,0.00295027591929975,0.0589886590697392,7.70728461900314
70,0,"mlma",5000,0.0608,0.00337944847571316,0.0603498637141436,NA
70,0,"mlma_cr2",5000,0.0476,0.00301112072159188,0.0603498637141436,7.82056000078003
70,0.05,"aggregate_hksj",5000,0.1354,0.004838736198637,0.061583963392171,22
70,0.05,"che_rve",5000,0.1052,0.00433896208787309,0.058988659070292,7.70728461889896
70,0.05,"mlma",5000,0.136,0.0048477623704138,0.0603498637173865,NA
70,0.05,"mlma_cr2",5000,0.104,0.00431703602023425,0.0603498637173865,7.82056000111874
70,0.1,"aggregate_hksj",5000,0.3714,0.00683318432357858,0.061583963392171,22
70,0.1,"che_rve",5000,0.3068,0.00652186721729291,0.0589886590713004,7.70728461877897
70,0.1,"mlma",5000,0.373,0.006839166615897,0.0603498637147978,NA
70,0.1,"mlma_cr2",5000,0.3012,0.00648812083734574,0.0603498637147978,7.82056000059291
70,0.2,"aggregate_hksj",5000,0.8892,0.00443899448073547,0.061583963392171,22
70,0.2,"che_rve",5000,0.834,0.00526201482324024,0.0589886590713815,7.70728461876215
70,0.2,"mlma",5000,0.899,0.00426143168430517,0.0603498637163004,NA
70,0.2,"mlma_cr2",5000,0.823,0.00539761058247073,0.0603498637163004,7.82056000138794
71,0,"aggregate_hksj",5000,0.0428,0.00286245209566903,0.067762667150732,94
71,0,"che_rve",5000,0.0396,0.00275796446677618,0.0675651391685289,20.335050550477
71,0,"mlma",5000,0.0466,0.00298088711627931,0.0675909951804349,NA
71,0,"mlma_cr2",5000,0.0392,0.0027445713690848,0.0675909951804349,20.5564670824697
71,0.05,"aggregate_hksj",5000,0.098,0.00420466407695074,0.067762667150732,94
71,0.05,"che_rve",5000,0.0902,0.00405127041802939,0.0675651391684724,20.3350505504926
71,0.05,"mlma",5000,0.1078,0.00438586730305421,0.0675909951796479,NA
71,0.05,"mlma_cr2",5000,0.091,0.00406740703642997,0.0675909951796479,20.5564670828503
71,0.1,"aggregate_hksj",5000,0.2878,0.00640267381646137,0.067762667150732,94
71,0.1,"che_rve",5000,0.2656,0.00624590489841144,0.0675651391678485,20.3350505504965
71,0.1,"mlma",5000,0.2998,0.00647950553669028,0.0675909951791723,NA
71,0.1,"mlma_cr2",5000,0.2646,0.00623837863551099,0.0675909951791723,20.5564670827946
71,0.2,"aggregate_hksj",5000,0.8104,0.00554349781275324,0.067762667150732,94
71,0.2,"che_rve",5000,0.7758,0.00589803967433248,0.0675651391688585,20.3350505503755
71,0.2,"mlma",5000,0.8238,0.00538801559017789,0.0675909951815748,NA
71,0.2,"mlma_cr2",5000,0.7764,0.00589241953699836,0.0675909951815748,20.5564670824779
72,0,"aggregate_hksj",5000,0.0498,0.00307636018697421,0.111760493803163,22
72,0,"che_rve",5000,0.0432,0.00287519599331941,0.111759370570293,4.29721408848269
72,0,"mlma",5000,0.063,0.00343601513384327,0.111759998669914,NA
72,0,"mlma_cr2",5000,0.0434,0.00288154264240528,0.111759998669914,4.29501080756916
72,0.05,"aggregate_hksj",5000,0.0696,0.00359877312427444,0.111760493803163,22
72,0.05,"che_rve",5000,0.0618,0.00340531232047811,0.111759370570111,4.29721408848364
72,0.05,"mlma",5000,0.088,0.00400639488817565,0.111759998670175,NA
72,0.05,"mlma_cr2",5000,0.0614,0.00339499749631719,0.111759998670175,4.29501080756592
72,0.1,"aggregate_hksj",5000,0.1358,0.00484475716625715,0.111760493803163,22
72,0.1,"che_rve",5000,0.1062,0.00435709903490843,0.111759370569987,4.29721408848386
72,0.1,"mlma",5000,0.1618,0.00520808525275845,0.111759998670136,NA
72,0.1,"mlma_cr2",5000,0.1062,0.00435709903490843,0.111759998670136,4.29501080756554
72,0.2,"aggregate_hksj",5000,0.3976,0.00692118833727273,0.111760493803163,22
72,0.2,"che_rve",5000,0.294,0.00644304275944216,0.111759370570075,4.29721408848405
72,0.2,"mlma",5000,0.4448,0.00702784405063174,0.111759998670081,NA
72,0.2,"mlma_cr2",5000,0.294,0.00644304275944216,0.111759998670081,4.29501080756552
73,0,"aggregate_hksj",5000,0.0546,0.00321306209090332,0.0891591571036562,34
73,0,"che_rve",5000,0.0526,0.00315699984162179,0.0891615776824573,16.5414630578835
73,0,"mlma",5000,0.0602,0.00336380617753164,0.089164256130128,NA
73,0,"mlma_cr2",5000,0.0522,0.00314563697841947,0.089164256130128,16.5075238672713
73,0.05,"aggregate_hksj",5000,0.082,0.00388010309141394,0.0891591571036562,34
73,0.05,"che_rve",5000,0.079,0.0038146821623826,0.0891615776825831,16.5414630578771
73,0.05,"mlma",5000,0.093,0.00410733490234239,0.0891642561308699,NA
73,0.05,"mlma_cr2",5000,0.079,0.0038146821623826,0.0891642561308699,16.5075238670671
73,0.1,"aggregate_hksj",5000,0.1978,0.00563338548299333,0.0891591571036562,34
73,0.1,"che_rve",5000,0.1868,0.00551191001377925,0.0891615776774464,16.5414630575976
73,0.1,"mlma",5000,0.2152,0.00581186648160468,0.089164256130402,NA
73,0.1,"mlma_cr2",5000,0.1858,0.00550051561219491,0.089164256130402,16.5075238675058
73,0.2,"aggregate_hksj",5000,0.584,0.00697056669145343,0.0891591571036562,34
73,0.2,"che_rve",5000,0.5526,0.00703183105599104,0.0891615776774081,16.5414630576024
73,0.2,"mlma",5000,0.6082,0.00690351736435855,0.0891642561307077,NA
73,0.2,"mlma_cr2",5000,0.5526,0.00703183105599104,0.0891642561307077,16.5075238668975
74,0,"aggregate_hksj",5000,0.051,0.00311123769583746,0.0355455842523213,22
74,0,"che_rve",5000,0.0408,0.00279769047608916,0.0354507205668687,6.29837059402236
74,0,"mlma",5000,0.0634,0.00344617004803884,0.0354661404467803,NA
74,0,"mlma_cr2",5000,0.0416,0.00282380735886852,0.0354661404467803,6.30250171003073
74,0.05,"aggregate_hksj",5000,0.2658,0.00624740522136991,0.0355455842523213,22
74,0.05,"che_rve",5000,0.2282,0.00593506124652476,0.0354507205669087,6.29837059402333
74,0.05,"mlma",5000,0.3052,0.00651234151438636,0.0354661404465876,NA
74,0.05,"mlma_cr2",5000,0.229,0.0059423732632678,0.0354661404465876,6.3025017100231
74,0.1,"aggregate_hksj",5000,0.7702,0.0059496547799011,0.0355455842523213,22
74,0.1,"che_rve",5000,0.664,0.00667988023844739,0.0354507205668001,6.29837059402368
74,0.1,"mlma",5000,0.8076,0.00557462536857859,0.0354661404466281,NA
74,0.1,"mlma_cr2",5000,0.6632,0.00668379772285188,0.0354661404466281,6.30250171002109
74,0.2,"aggregate_hksj",5000,0.9996,0.000282786138274123,0.0355455842523213,22
74,0.2,"che_rve",5000,0.9966,0.000823218075603295,0.0354507205668391,6.2983705940209
74,0.2,"mlma",5000,0.9998,0.000199979998999889,0.0354661404464867,NA
74,0.2,"mlma_cr2",5000,0.9966,0.000823218075603295,0.0354661404464867,6.30250171001816
75,0,"aggregate_hksj",5000,0.0498,0.00307636018697421,0.056560319062196,118
75,0,"che_rve",5000,0.047,0.00299302522541993,0.0565468320373668,19.9801240577914
75,0,"mlma",5000,0.0516,0.00312849612433834,0.0566490176994769,NA
75,0,"mlma_cr2",5000,0.049,0.00305283474822991,0.0566490176994769,19.6086299914719
75,0.05,"aggregate_hksj",5000,0.1444,0.00497088804943342,0.056560319062196,118
75,0.05,"che_rve",5000,0.1318,0.00478390551746165,0.0565468320337971,19.9801240610442
75,0.05,"mlma",5000,0.1496,0.00504420142341679,0.0566490176881261,NA
75,0.05,"mlma_cr2",5000,0.1308,0.00476846642013971,0.0566490176881261,19.6086299868326
75,0.1,"aggregate_hksj",5000,0.425,0.00699106572705478,0.056560319062196,118
75,0.1,"che_rve",5000,0.3882,0.00689203540327529,0.0565468320442475,19.9801240116642
75,0.1,"mlma",5000,0.4308,0.00700301877764154,0.0566490176875052,NA
75,0.1,"mlma_cr2",5000,0.3888,0.00689397650126543,0.0566490176875052,19.6086299886618
75,0.2,"aggregate_hksj",5000,0.9402,0.00335332551357604,0.056560319062196,118
75,0.2,"che_rve",5000,0.9214,0.00380583867235594,0.0565468320329555,19.9801240606451
75,0.2,"mlma",5000,0.9412,0.00332693733033852,0.0566490176868801,NA
75,0.2,"mlma_cr2",5000,0.9184,0.0038714710382489,0.0566490176868801,19.6086299903889
76,0,"aggregate_hksj",5000,0.0502,0.00308804015517933,0.0507753554374174,22
76,0,"che_rve",4999,0.0474094818963793,0.00300568984075586,0.0504213307071636,18.4183455248981
76,0,"mlma",4989,0.0567247945480056,0.00327490663621812,0.0505590003276029,NA
76,0,"mlma_cr2",4989,0.0477049508919623,0.00301759351567576,0.0505590003276029,18.8861428333704
76,0.05,"aggregate_hksj",5000,0.1554,0.00512349177807479,0.0507753554374174,22
76,0.05,"che_rve",4997,0.156894136481889,0.0051450516243891,0.0504379455079619,18.4183721808201
76,0.05,"mlma",4998,0.172468987595038,0.00534379169003122,0.0505241683642548,NA
76,0.05,"mlma_cr2",4998,0.158263305322129,0.00516273840604658,0.0505241683642548,18.8857287324133
76,0.1,"aggregate_hksj",5000,0.475,0.00706222344591277,0.0507753554374174,22
76,0.1,"che_rve",4999,0.474094818963793,0.00706227721567133,0.0504319123769901,18.4183981862763
76,0.1,"mlma",4992,0.508814102564103,0.00707563181802138,0.050536896462905,NA
76,0.1,"mlma_cr2",4992,0.472155448717949,0.00706574949302743,0.050536896462905,18.8860055846825
76,0.2,"aggregate_hksj",5000,0.9622,0.0026970784193271,0.0507753554374174,22
76,0.2,"che_rve",4997,0.96217730638383,0.00269866581314917,0.0504505017054826,18.418377935491
76,0.2,"mlma",4998,0.970388155262105,0.00239776904567169,0.0505358460838854,NA
76,0.2,"mlma_cr2",4998,0.962384953981593,0.00269126885269813,0.0505358460838854,18.8857513264102
77,0,"aggregate_hksj",5000,0.0492,0.00305873699425106,0.0475764536761111,70
77,0,"che_rve",5000,0.0534,0.00317957355631223,0.0473516844768557,63.4193012766631
77,0,"mlma",5000,0.058,0.00330563155841664,0.0473553501209668,NA
77,0,"mlma_cr2",5000,0.0532,0.00317394895989208,0.0473553501209668,63.3055933615059
77,0.05,"aggregate_hksj",5000,0.1832,0.00547060801008444,0.0475764536761111,70
77,0.05,"che_rve",5000,0.1928,0.00557903504201219,0.0473516844758977,63.4193012762914
77,0.05,"mlma",5000,0.2024,0.00568215170512016,0.0473553501218914,NA
77,0.05,"mlma_cr2",5000,0.1926,0.00557683135839699,0.0473553501218914,63.305593361046
77,0.1,"aggregate_hksj",5000,0.554,0.00702970838655488,0.0475764536761111,70
77,0.1,"che_rve",5000,0.5684,0.00700459049481124,0.0473516844761743,63.4193012763853
77,0.1,"mlma",5000,0.5846,0.00696911529535852,0.0473553501199719,NA
77,0.1,"mlma_cr2",5000,0.5682,0.00700498051389153,0.0473553501199719,63.3055933614629
77,0.2,"aggregate_hksj",5000,0.9848,0.00173025778426222,0.0475764536761111,70
77,0.2,"che_rve",5000,0.987,0.0016019363283227,0.0473516844766935,63.4193012764665
77,0.2,"mlma",5000,0.989,0.00147505932084103,0.0473553501209166,NA
77,0.2,"mlma_cr2",5000,0.987,0.0016019363283227,0.0473553501209166,63.3055933615969
78,0,"aggregate_hksj",5000,0.055,0.0032241277890307,0.0410534746878983,70
78,0,"che_rve",5000,0.0462,0.00296868859936505,0.04074893591838,16.5085638355932
78,0,"mlma",5000,0.058,0.00330563155841664,0.0408046393259109,NA
78,0,"mlma_cr2",5000,0.0462,0.00296868859936505,0.0408046393259109,16.8424902491195
78,0.05,"aggregate_hksj",5000,0.234,0.00598738674214385,0.0410534746878983,70
78,0.05,"che_rve",5000,0.209,0.00575011304236708,0.0407489359186334,16.5085638356629
78,0.05,"mlma",5000,0.2464,0.00609404693122723,0.0408046393266381,NA
78,0.05,"mlma_cr2",5000,0.211,0.00577025129435452,0.0408046393266381,16.8424902491274
78,0.1,"aggregate_hksj",5000,0.6784,0.00660565575851482,0.0410534746878983,70
78,0.1,"che_rve",5000,0.6344,0.00681082432602692,0.0407489359183321,16.5085638355498
78,0.1,"mlma",5000,0.6968,0.00650030399289141,0.0408046393255862,NA
78,0.1,"mlma_cr2",5000,0.6348,0.00680924312974651,0.0408046393255862,16.8424902491506
78,0.2,"aggregate_hksj",5000,0.9974,0.000720172201629589,0.0410534746878983,70
78,0.2,"che_rve",5000,0.9948,0.00101714895664303,0.0407489359189049,16.5085638356027
78,0.2,"mlma",5000,0.9982,0.000599459756781058,0.040804639325739,NA
78,0.2,"mlma_cr2",5000,0.9946,0.00103642076397571,0.040804639325739,16.8424902491081
79,0,"aggregate_hksj",5000,0.047,0.00299302522541993,0.0964583232371935,58
79,0,"che_rve",5000,0.0458,0.00295642892693195,0.0964479538611317,7.64644280519703
79,0,"mlma",5000,0.0504,0.00309385972532693,0.0966619741153505,NA
79,0,"mlma_cr2",5000,0.0452,0.00293792307591605,0.0966619741153505,7.57879167233026
79,0.05,"aggregate_hksj",5000,0.0778,0.00378806441339109,0.0964583232371935,58
79,0.05,"che_rve",5000,0.0716,0.00364618814654428,0.0964479538581998,7.64644280519586
79,0.05,"mlma",5000,0.0838,0.00391861097839528,0.0966619741006714,NA
79,0.05,"mlma_cr2",5000,0.0698,0.00360355269144216,0.0966619741006714,7.57879167324469
79,0.1,"aggregate_hksj",5000,0.1758,0.00538320276415444,0.0964583232371935,58
79,0.1,"che_rve",5000,0.1446,0.00497374788263338,0.0964479538560875,7.64644280516057
79,0.1,"mlma",5000,0.183,0.00546829040925955,0.096661974096954,NA
79,0.1,"mlma_cr2",5000,0.145,0.00497945780180935,0.096661974096954,7.57879167276282
79,0.2,"aggregate_hksj",5000,0.5318,0.00705675222747689,0.0964583232371935,58
79,0.2,"che_rve",5000,0.4414,0.00702233636334803,0.0964479538611564,7.64644280520323
79,0.2,"mlma",4999,0.544108821764353,0.00704420375413844,0.0966635386239726,NA
79,0.2,"mlma_cr2",4999,0.441488297659532,0.00702318596977734,0.0966635386239726,7.57880888149171
80,0,"aggregate_hksj",5000,0.0552,0.0032296427046966,0.0840665875600496,28
80,0,"che_rve",4997,0.0510306183710226,0.0031130553384196,0.0826996419852949,23.3156830360645
80,0,"mlma",5000,0.0634,0.00344617004803884,0.0828273803951749,NA
80,0,"mlma_cr2",5000,0.0518,0.0031342227106573,0.0828273803951749,23.1855966873955
80,0.05,"aggregate_hksj",5000,0.097,0.0041854748834511,0.0840665875600496,28
80,0.05,"che_rve",4999,0.0920184036807361,0.00408822041017623,0.0827377572906601,23.3153969484578
80,0.05,"mlma",5000,0.108,0.00438944187796125,0.0828273803944794,NA
80,0.05,"mlma_cr2",5000,0.0926,0.00409939605307904,0.0828273803944794,23.1855966874324
80,0.1,"aggregate_hksj",5000,0.2162,0.00582164169285606,0.0840665875600496,28
80,0.1,"che_rve",4997,0.210126075645387,0.00576320660102055,0.0827548794561347,23.3158464821192
80,0.1,"mlma",5000,0.2366,0.00601033177120864,0.0828273803955449,NA
80,0.1,"mlma_cr2",5000,0.2104,0.00576423177882361,0.0828273803955449,23.1855966875637
80,0.2,"aggregate_hksj",5000,0.6502,0.0067444786307023,0.0840665875600496,28
80,0.2,"che_rve",4996,0.649119295436349,0.0067519744129026,0.0826616564341576,23.3157964325508
80,0.2,"mlma",5000,0.6858,0.00656472939274727,0.0828273803946836,NA
80,0.2,"mlma_cr2",5000,0.6502,0.0067444786307023,0.0828273803946836,23.1855966874786
81,0,"aggregate_hksj",5000,0.041,0.00280424677944007,0.165753973168346,22
81,0,"che_rve",4999,0.0296059211842368,0.00239729671282463,0.165307423897926,2.37035280746602
81,0,"mlma",5000,0.1162,0.00453205383904472,0.16624090336415,NA
81,0,"mlma_cr2",5000,0.0402,0.00277791144567281,0.16624090336415,2.69049550292713
81,0.05,"aggregate_hksj",5000,0.0484,0.00303504332753257,0.165753973168346,22
81,0.05,"che_rve",4999,0.0348069613922785,0.00259237949622995,0.165307423896196,2.37035280745818
81,0.05,"mlma",5000,0.138,0.00487762237160689,0.166240903363499,NA
81,0.05,"mlma_cr2",5000,0.0452,0.00293792307591605,0.166240903363499,2.69049550297419
81,0.1,"aggregate_hksj",5000,0.0794,0.00382349682882045,0.165753973168346,22
81,0.1,"che_rve",5000,0.0492,0.00305873699425106,0.165408154106775,2.37036462859652
81,0.1,"mlma",5000,0.1822,0.00545899551199669,0.166240903366726,NA
81,0.1,"mlma_cr2",5000,0.0626,0.00342582077756557,0.166240903366726,2.69049550299371
81,0.2,"aggregate_hksj",5000,0.1966,0.00562047044294337,0.165753973168346,22
81,0.2,"che_rve",4999,0.106621324264853,0.00436514082089566,0.165307423891017,2.37035280743141
81,0.2,"mlma",4999,0.355071014202841,0.0067681814005725,0.166252591212618,NA
81,0.2,"mlma_cr2",4999,0.132826565313063,0.0048001397938443,0.166252591212618,2.69048792139452
82,0,"aggregate_hksj",5000,0.0858,0.00396076659246667,0.161023102870548,22
82,0,"che_rve",5000,0.0304,0.00242799670510485,0.160858807954041,2.45327347381835
82,0,"mlma",4999,0.0594118823764753,0.00334344999265168,0.160901996425437,NA
82,0,"mlma_cr2",4999,0.03000600120024,0.00241294274216726,0.160901996425437,2.45925557977144
82,0.05,"aggregate_hksj",5000,0.1014,0.00426891180513254,0.161023102870548,22
82,0.05,"che_rve",5000,0.0376,0.00269021337443705,0.160858807954827,2.45327347382076
82,0.05,"mlma",4999,0.0730146029205841,0.00367959264275137,0.160901996424856,NA
82,0.05,"mlma_cr2",4999,0.0356071214242849,0.00262092058456076,0.160901996424856,2.45925557977635
82,0.1,"aggregate_hksj",5000,0.1404,0.00491299989822919,0.161023102870548,22
82,0.1,"che_rve",5000,0.052,0.00313993630508646,0.160858807954175,2.45327347383291
82,0.1,"mlma",4999,0.104220844168834,0.0043215167549515,0.160901996426756,NA
82,0.1,"mlma_cr2",4999,0.0512102420484097,0.00311761038785424,0.160901996426756,2.45925557976138
82,0.2,"aggregate_hksj",5000,0.306,0.00651711592654297,0.161023102870548,22
82,0.2,"che_rve",5000,0.118,0.00456236780630409,0.160858807953907,2.45327347381141
82,0.2,"mlma",4999,0.25125025005001,0.00613451210999938,0.160901996427304,NA
82,0.2,"mlma_cr2",4999,0.115823164632927,0.00452611632409773,0.160901996427304,2.45925557974206
83,0,"aggregate_hksj",5000,0.0374,0.00268332778467335,0.0861959117860972,58
83,0,"che_rve",4999,0.0424084816963393,0.00285019739673416,0.0860903491362937,18.0013169372548
83,0,"mlma",4998,0.0478191276510604,0.00301830014920098,0.0860535767845655,NA
83,0,"mlma_cr2",4998,0.0426170468187275,0.00285717206354743,0.0860535767845655,18.3713538749989
83,0.05,"aggregate_hksj",5000,0.0746,0.00371577286711661,0.0861959117860972,58
83,0.05,"che_rve",5000,0.0766,0.00376118172919097,0.0860944951994145,18.0012947021418
83,0.05,"mlma",5000,0.0924,0.00409541792739154,0.0860909589184681,NA
83,0.05,"mlma_cr2",5000,0.0762,0.00375216097735692,0.0860909589184681,18.3713143225403
83,0.1,"aggregate_hksj",5000,0.1836,0.00547523588532951,0.0861959117860972,58
83,0.1,"che_rve",4999,0.188437687537508,0.00553099479942796,0.0860737298392877,18.0013054419941
83,0.1,"mlma",4998,0.211284513805522,0.0057742540999216,0.0860970996169586,NA
83,0.1,"mlma_cr2",4998,0.187074829931973,0.00551613439675399,0.0860970996169586,18.3713547751859
83,0.2,"aggregate_hksj",5000,0.595,0.00694226187924368,0.0861959117860972,58
83,0.2,"che_rve",4999,0.573914782956591,0.00699407637883478,0.0860985495305016,18.0014087231922
83,0.2,"mlma",5000,0.6338,0.00681318662594824,0.0860909589278226,NA
83,0.2,"mlma_cr2",5000,0.577,0.00698671596674718,0.0860909589278226,18.3713143222366
84,0,"aggregate_hksj",5000,0.0512,0.0031170036894428,0.0819255580313979,58
84,0,"che_rve",5000,0.0468,0.00298696367570816,0.0819137322968067,19.6657028713182
84,0,"mlma",5000,0.0516,0.00312849612433834,0.0819086568319651,NA
84,0,"mlma_cr2",5000,0.046,0.00296256645495084,0.0819086568319651,19.4749253834714
84,0.05,"aggregate_hksj",5000,0.0914,0.00407543960818953,0.0819255580313979,58
84,0.05,"che_rve",5000,0.0856,0.00395658034165869,0.0819137322969125,19.6657028712264
84,0.05,"mlma",5000,0.0908,0.00406338184275118,0.0819086568316715,NA
84,0.05,"mlma_cr2",5000,0.0848,0.0039397705516946,0.0819086568316715,19.4749253834783
84,0.1,"aggregate_hksj",5000,0.2266,0.00592034526020231,0.0819255580313979,58
84,0.1,"che_rve",5000,0.2072,0.00573180878955326,0.0819137322966827,19.6657028715246
84,0.1,"mlma",5000,0.2276,0.00592955715041182,0.0819086568328252,NA
84,0.1,"mlma_cr2",5000,0.208,0.00573996515668867,0.0819086568328252,19.4749253832358
84,0.2,"aggregate_hksj",5000,0.6742,0.00662803681341617,0.0819255580313979,58
84,0.2,"che_rve",5000,0.6402,0.00678739950201843,0.0819137322956167,19.665702871703
84,0.2,"mlma",5000,0.6736,0.00663118450957293,0.0819086568300213,NA
84,0.2,"mlma_cr2",5000,0.6392,0.00679151470586643,0.0819086568300213,19.474925383177
85,0,"aggregate_hksj",5000,0.059,0.00333223648620562,0.0973246621098689,70
85,0,"che_rve",5000,0.046,0.00296256645495084,0.0967705277035409,8.25902557896159
85,0,"mlma",5000,0.0534,0.00317957355631223,0.0968497653967451,NA
85,0,"mlma_cr2",5000,0.0462,0.00296868859936505,0.0968497653967451,8.31152415468823
85,0.05,"aggregate_hksj",5000,0.0954,0.00415448769404845,0.0973246621098689,70
85,0.05,"che_rve",5000,0.0698,0.00360355269144216,0.0967705277020172,8.25902557907014
85,0.05,"mlma",5000,0.0872,0.00398989122658751,0.0968497653966514,NA
85,0.05,"mlma_cr2",5000,0.0724,0.00366492128155572,0.0968497653966514,8.31152415454386
85,0.1,"aggregate_hksj",5000,0.1988,0.00564408646283878,0.0973246621098689,70
85,0.1,"che_rve",5000,0.1438,0.00496228898795707,0.0967705277012682,8.25902557890004
85,0.1,"mlma",5000,0.1898,0.00554573638031957,0.0968497653947349,NA
85,0.1,"mlma_cr2",5000,0.1454,0.00498515476189055,0.0968497653947349,8.31152415453671
85,0.2,"aggregate_hksj",5000,0.5702,0.00700102792452651,0.0973246621098689,70
85,0.2,"che_rve",5000,0.4552,0.00704262678267136,0.0967705276965195,8.25902557899887
85,0.2,"mlma",5000,0.5572,0.00702464461734542,0.0968497653952823,NA
85,0.2,"mlma_cr2",5000,0.4542,0.00704134021334007,0.0968497653952823,8.31152415438371
86,0,"aggregate_hksj",5000,0.036,0.00263453980801202,0.0767952237853774,70
86,0,"che_rve",5000,0.044,0.00290048271844533,0.0766806501309544,9.35669087004988
86,0,"mlma",5000,0.046,0.00296256645495084,0.0766882520875919,NA
86,0,"mlma_cr2",5000,0.044,0.00290048271844533,0.0766882520875919,9.2586541006126
86,0.05,"aggregate_hksj",5000,0.0856,0.00395658034165869,0.0767952237853774,70
86,0.05,"che_rve",5000,0.0844,0.00393132649369141,0.076680650129254,9.35669087029378
86,0.05,"mlma",5000,0.1062,0.00435709903490843,0.0766882520886409,NA
86,0.05,"mlma_cr2",5000,0.0844,0.00393132649369141,0.0766882520886409,9.25865410073678
86,0.1,"aggregate_hksj",5000,0.2132,0.00579216298113235,0.0767952237853774,70
86,0.1,"che_rve",5000,0.2088,0.00574808768200347,0.0766806501304089,9.35669087034816
86,0.1,"mlma",5000,0.2418,0.0060552912398992,0.0766882520891059,NA
86,0.1,"mlma_cr2",5000,0.2078,0.00573792924320264,0.0766882520891059,9.25865410062537
86,0.2,"aggregate_hksj",5000,0.6826,0.0065826626831397,0.0767952237853774,70
86,0.2,"che_rve",5000,0.6296,0.0068294046592657,0.0766806501294476,9.35669086998346
86,0.2,"mlma",5000,0.721,0.00634285424710359,0.0766882520876059,NA
86,0.2,"mlma_cr2",5000,0.6292,0.00683092028939,0.0766882520876059,9.25865410066678
87,0,"aggregate_hksj",5000,0.1122,0.00446343275965932,0.0796595742947114,70
87,0,"che_rve",4999,0.0478095619123825,0.00301771152647119,0.0788965100310007,6.11125032686878
87,0,"mlma",4984,0.05276886035313,0.0031668524120127,0.0788950630981601,NA
87,0,"mlma_cr2",4984,0.0473515248796148,0.00300846044745189,0.0788950630981601,6.11111814198193
87,0.05,"aggregate_hksj",5000,0.185,0.00549135684507937,0.0796595742947114,70
87,0.05,"che_rve",5000,0.0834,0.00391010076596499,0.0788954308056877,6.11124197529544
87,0.05,"mlma",4978,0.100441944556047,0.00426034440126686,0.0789121802982495,NA
87,0.05,"mlma_cr2",4978,0.0833668139815187,0.00391802266823261,0.0789121802982495,6.11122936146474
87,0.1,"aggregate_hksj",5000,0.3738,0.00684212773923434,0.0796595742947114,70
87,0.1,"che_rve",5000,0.19,0.00554797260267208,0.0788954308060116,6.11124197527709
87,0.1,"mlma",4980,0.251204819277108,0.00614583409446427,0.0789159246029215,NA
87,0.1,"mlma_cr2",4980,0.189357429718876,0.00555189452684181,0.0789159246029215,6.11117110244994
87,0.2,"aggregate_hksj",5000,0.8176,0.00546132291665673,0.0796595742947114,70
87,0.2,"che_rve",5000,0.5554,0.00702752929556327,0.0788954308061215,6.11124197527198
87,0.2,"mlma",4984,0.719703049759229,0.00636204652769567,0.0789124948167511,NA
87,0.2,"mlma_cr2",4984,0.555176565008026,0.00703915252521619,0.0789124948167511,6.11113309309393
88,0,"aggregate_hksj",5000,0.002,0.000631822759957253,0.0266403636072574,70
88,0,"che_rve",4999,0.0478095619123825,0.00301771152647119,0.0255201782068745,10.3668569220204
88,0,"mlma",4975,0.061105527638191,0.00339587814385165,0.0255211221350692,NA
88,0,"mlma_cr2",4975,0.047035175879397,0.00300160319338364,0.0255211221350692,10.2500988582987
88,0.05,"aggregate_hksj",5000,0.1096,0.00441786916963371,0.0266403636072574,70
88,0.05,"che_rve",5000,0.4376,0.00701578562956423,0.0255200442955481,10.36702660056
88,0.05,"mlma",4981,0.510138526400321,0.00708308466646962,0.025499617933904,NA
88,0.05,"mlma_cr2",4981,0.436257779562337,0.00702673543746927,0.025499617933904,10.2510285591152
88,0.1,"aggregate_hksj",5000,0.7062,0.00644176311268895,0.0266403636072574,70
88,0.1,"che_rve",5000,0.9438,0.00325704037432759,0.0255200442961367,10.3670265999587
88,0.1,"mlma",4977,0.97166968053044,0.00235180463150673,0.0255209426872002,NA
88,0.1,"mlma_cr2",4977,0.943138436809323,0.00328256473326683,0.0255209426872002,10.2503981466666
88,0.2,"aggregate_hksj",5000,1,0,0.0266403636072574,70
88,0.2,"che_rve",5000,1,0,0.0255200442960807,10.3670265998585
88,0.2,"mlma",4972,1,0,0.0254954058642838,NA
88,0.2,"mlma_cr2",4972,1,0,0.0254954058642838,10.2496117826184
89,0,"aggregate_hksj",5000,0.0512,0.0031170036894428,0.0440841336173527,34
89,0,"che_rve",5000,0.0506,0.00309966578843591,0.0440841336173527,22.1067961165049
89,0,"mlma",5000,0.0588,0.00332693733033852,0.0440841336173527,NA
89,0,"mlma_cr2",5000,0.0506,0.00309966578843591,0.0440841336173527,22.1067961165049
89,0.05,"aggregate_hksj",5000,0.1986,0.0056419507264775,0.0440841336173527,34
89,0.05,"che_rve",5000,0.196,0.00561398254361376,0.0440841336173527,22.1067961165049
89,0.05,"mlma",5000,0.2194,0.00585258301948806,0.0440841336173527,NA
89,0.05,"mlma_cr2",5000,0.196,0.00561398254361376,0.0440841336173527,22.1067961165049
89,0.1,"aggregate_hksj",5000,0.609,0.00690099992754673,0.0440841336173527,34
89,0.1,"che_rve",5000,0.5968,0.00693728707781363,0.0440841336173527,22.1067961165049
89,0.1,"mlma",5000,0.6316,0.00682175109484361,0.0440841336173527,NA
89,0.1,"mlma_cr2",5000,0.5968,0.00693728707781363,0.0440841336173527,22.1067961165049
89,0.2,"aggregate_hksj",5000,0.994,0.00109215383531808,0.0440841336173527,34
89,0.2,"che_rve",5000,0.9906,0.00136467138901642,0.0440841336173527,22.1067961165049
89,0.2,"mlma",5000,0.9942,0.00107390502373348,0.0440841336173527,NA
89,0.2,"mlma_cr2",5000,0.9906,0.00136467138901642,0.0440841336173527,22.1067961165049
90,0,"aggregate_hksj",5000,0.0488,0.00304691844328003,0.0584905639808352,34
90,0,"che_rve",5000,0.0448,0.00292550713552369,0.058488901957058,13.1262853719583
90,0,"mlma",5000,0.077,0.00377017240985078,0.0594889464659551,NA
90,0,"mlma_cr2",5000,0.0494,0.0030646252625729,0.0594889464659551,17.6513673838607
90,0.05,"aggregate_hksj",5000,0.1276,0.00471843702935623,0.0584905639808352,34
90,0.05,"che_rve",5000,0.1176,0.00455566109362845,0.0584889019572045,13.126285369754
90,0.05,"mlma",5000,0.17,0.00531224999411737,0.0594889464675037,NA
90,0.05,"mlma_cr2",5000,0.119,0.00457906103912145,0.0594889464675037,17.6513673838425
90,0.1,"aggregate_hksj",5000,0.3824,0.00687270310722062,0.0584905639808352,34
90,0.1,"che_rve",5000,0.3462,0.00672823245733974,0.0584889019577622,13.1262853704216
90,0.1,"mlma",5000,0.4562,0.00704388472364504,0.0594889464667716,NA
90,0.1,"mlma_cr2",5000,0.3588,0.00678325231728851,0.0594889464667716,17.6513673847355
90,0.2,"aggregate_hksj",5000,0.9154,0.00393555180375002,0.0584905639808352,34
90,0.2,"che_rve",5000,0.8828,0.00454893745835222,0.0584889019580519,13.1262853689566
90,0.2,"mlma",5000,0.9342,0.00350629034736144,0.0594889464681007,NA
90,0.2,"mlma_cr2",5000,0.8878,0.00446343275965932,0.0594889464681007,17.6513673827435
91,0,"aggregate_hksj",5000,0.0468,0.00298696367570816,0.0407746803919766,70
91,0,"che_rve",5000,0.0454,0.00294410733499986,0.0407746803919767,29.1821862348178
91,0,"mlma",5000,0.0496,0.00307049963361014,0.0407746803919767,NA
91,0,"mlma_cr2",5000,0.0454,0.00294410733499986,0.0407746803919767,29.1821862348178
91,0.05,"aggregate_hksj",5000,0.2262,0.00591664702344157,0.0407746803919767,70
91,0.05,"che_rve",5000,0.2164,0.00582359064495437,0.0407746803919767,29.1821862348178
91,0.05,"mlma",5000,0.2392,0.00603296543998057,0.0407746803919767,NA
91,0.05,"mlma_cr2",5000,0.2164,0.00582359064495437,0.0407746803919767,29.1821862348178
91,0.1,"aggregate_hksj",5000,0.672,0.00663951805479886,0.0407746803919767,70
91,0.1,"che_rve",5000,0.655,0.00672272266273122,0.0407746803919767,29.1821862348178
91,0.1,"mlma",5000,0.683,0.0065804407147242,0.0407746803919767,NA
91,0.1,"mlma_cr2",5000,0.655,0.00672272266273122,0.0407746803919767,29.1821862348178
91,0.2,"aggregate_hksj",5000,0.9978,0.000662594898863548,0.0407746803919767,70
91,0.2,"che_rve",5000,0.9958,0.000914588432028307,0.0407746803919767,29.1821862348178
91,0.2,"mlma",5000,0.9978,0.000662594898863548,0.0407746803919767,NA
91,0.2,"mlma_cr2",5000,0.9958,0.000914588432028307,0.0407746803919767,29.1821862348178
92,0,"aggregate_hksj",5000,0.0474,0.00300510365877785,0.0425645048402445,70
92,0,"che_rve",5000,0.0474,0.00300510365877785,0.0425667690409899,27.9703754124769
92,0,"mlma",5000,0.0572,0.00328414859590732,0.042577023301472,NA
92,0,"mlma_cr2",5000,0.0488,0.00304691844328003,0.042577023301472,28.792723309849
92,0.05,"aggregate_hksj",5000,0.2214,0.00587166143438124,0.0425645048402445,70
92,0.05,"che_rve",5000,0.2078,0.00573792924320264,0.0425667690409175,27.9703754123482
92,0.05,"mlma",5000,0.238,0.00602255759623766,0.0425770233008558,NA
92,0.05,"mlma_cr2",5000,0.2086,0.00574606021548678,0.0425770233008558,28.792723309932
92,0.1,"aggregate_hksj",5000,0.6388,0.00679315184579294,0.0425645048402445,70
92,0.1,"che_rve",5000,0.6218,0.0068580574509113,0.0425667690416056,27.970375411983
92,0.1,"mlma",5000,0.6582,0.00670779785026353,0.0425770233011499,NA
92,0.1,"mlma_cr2",5000,0.6204,0.00686299992714556,0.0425770233011499,28.7927233099485
92,0.2,"aggregate_hksj",5000,0.9964,0.000846999409681028,0.0425645048402445,70
92,0.2,"che_rve",5000,0.9954,0.000956957679315031,0.042566769040907,27.9703754122325
92,0.2,"mlma",5000,0.9966,0.000823218075603295,0.0425770233011965,NA
92,0.2,"mlma_cr2",5000,0.9952,0.000977441558355284,0.0425770233011965,28.7927233092694
93,0,"aggregate_hksj",5000,0.0532,0.00317394895989208,0.040686108350219,46
93,0,"che_rve",4999,0.0540108021604321,0.00319699409388429,0.0406868634581232,30.1079136690648
93,0,"mlma",5000,0.059,0.00333223648620562,0.040686108350219,NA
93,0,"mlma_cr2",5000,0.054,0.00319637294444813,0.040686108350219,30.1079136690647
93,0.05,"aggregate_hksj",5000,0.2296,0.00594783725399409,0.040686108350219,46
93,0.05,"che_rve",4999,0.226445289057812,0.00591950776151995,0.0406893069796137,30.1079136690647
93,0.05,"mlma",4999,0.246849369873975,0.00609839239236977,0.0406901645040147,NA
93,0.05,"mlma_cr2",4999,0.226645329065813,0.00592135603279738,0.0406901645040147,30.1079136690647
93,0.1,"aggregate_hksj",5000,0.6826,0.0065826626831397,0.040686108350219,46
93,0.1,"che_rve",5000,0.6708,0.00664571079719845,0.040686108350219,30.1079136690648
93,0.1,"mlma",5000,0.7012,0.00647330765528721,0.040686108350219,NA
93,0.1,"mlma_cr2",5000,0.6708,0.00664571079719845,0.040686108350219,30.1079136690647
93,0.2,"aggregate_hksj",5000,0.9984,0.00056523269544499,0.040686108350219,46
93,0.2,"che_rve",4999,0.998199639927986,0.000599579564575012,0.0406637601627697,30.1079136690648
93,0.2,"mlma",4999,0.998599719943989,0.000528885430234995,0.0406866254972881,NA
93,0.2,"mlma_cr2",4999,0.998199639927986,0.000599579564575012,0.0406866254972881,30.1079136690647
94,0,"aggregate_hksj",5000,0.052,0.00313993630508646,0.0346025238248843,46
94,0,"che_rve",5000,0.0504,0.00309385972532693,0.0346025238248843,30.1079136690648
94,0,"mlma",5000,0.0584,0.00331630637909105,0.0346025238248843,NA
94,0,"mlma_cr2",5000,0.0504,0.00309385972532693,0.0346025238248843,30.1079136690648
94,0.05,"aggregate_hksj",5000,0.291,0.0064236905280376,0.0346025238248843,46
94,0.05,"che_rve",4999,0.286857371474295,0.0063970484152237,0.034598712158508,30.1079136690647
94,0.05,"mlma",5000,0.3094,0.00653714983765861,0.0346025238248843,NA
94,0.05,"mlma_cr2",5000,0.287,0.00639735883001728,0.0346025238248843,30.1079136690647
94,0.1,"aggregate_hksj",5000,0.8044,0.00560964597813445,0.0346025238248843,46
94,0.1,"che_rve",5000,0.7958,0.0057009185224839,0.0346025238248843,30.1079136690648
94,0.1,"mlma",5000,0.8196,0.00543793784444067,0.0346025238248843,NA
94,0.1,"mlma_cr2",5000,0.7958,0.0057009185224839,0.0346025238248843,30.1079136690647
94,0.2,"aggregate_hksj",5000,0.9998,0.000199979998999889,0.0346025238248843,46
94,0.2,"che_rve",5000,0.9998,0.000199979998999889,0.0346025238248843,30.1079136690647
94,0.2,"mlma",5000,0.9998,0.000199979998999889,0.0346025238248843,NA
94,0.2,"mlma_cr2",5000,0.9998,0.000199979998999889,0.0346025238248843,30.1079136690647
95,0,"aggregate_hksj",5000,0.0498,0.00307636018697421,0.0422544834741107,94
95,0,"che_rve",5000,0.049,0.00305283474822991,0.0422544834741107,39.4682779456193
95,0,"mlma",4881,0.0522433927473878,0.00318500187947604,0.042223031973247,NA
95,0,"mlma_cr2",4881,0.0491702519975415,0.00309491120667216,0.042223031973247,39.4682779456193
95,0.05,"aggregate_hksj",5000,0.237,0.00601383405158473,0.0422544834741107,94
95,0.05,"che_rve",5000,0.236,0.00600506452921199,0.0422544834741107,39.4682779456193
95,0.05,"mlma",4891,0.246166428133306,0.00615961145595772,0.0423305510520692,NA
95,0.05,"mlma_cr2",4891,0.236556941320793,0.00607655372556398,0.0423305510520692,39.4682779456193
95,0.1,"aggregate_hksj",5000,0.6746,0.00662593148168618,0.0422544834741107,94
95,0.1,"che_rve",5000,0.662,0.00668963377173968,0.0422544834741107,39.4682779456193
95,0.1,"mlma",4889,0.682552669257517,0.00665723527746839,0.042220239583332,NA
95,0.1,"mlma_cr2",4889,0.662098588668439,0.00676466532678231,0.042220239583332,39.4682779456193
95,0.2,"aggregate_hksj",5000,0.9972,0.000747283078893136,0.0422544834741107,94
95,0.2,"che_rve",5000,0.9966,0.000823218075603295,0.0422544834741106,39.4682779456193
95,0.2,"mlma",4888,0.997340425531915,0.000736651691335976,0.042297035873292,NA
95,0.2,"mlma_cr2",4888,0.99652209492635,0.000842047769173736,0.042297035873292,39.4682779456193
96,0,"aggregate_hksj",5000,0.0492,0.00305873699425106,0.037663652843767,94
96,0,"che_rve",5000,0.05,0.00308220700148449,0.037663652843767,39.4682779456193
96,0,"mlma",5000,0.052,0.00313993630508646,0.037663652843767,NA
96,0,"mlma_cr2",5000,0.05,0.00308220700148449,0.037663652843767,39.4682779456193
96,0.05,"aggregate_hksj",5000,0.2642,0.00623535660568022,0.037663652843767,94
96,0.05,"che_rve",5000,0.2554,0.00616718477102803,0.037663652843767,39.4682779456193
96,0.05,"mlma",5000,0.2706,0.00628292352332893,0.037663652843767,NA
96,0.05,"mlma_cr2",5000,0.2554,0.00616718477102803,0.037663652843767,39.4682779456193
96,0.1,"aggregate_hksj",5000,0.739,0.00621094195754557,0.037663652843767,94
96,0.1,"che_rve",5000,0.7286,0.00628875249950258,0.0376636528437669,39.4682779456193
96,0.1,"mlma",5000,0.7476,0.00614319525979762,0.037663652843767,NA
96,0.1,"mlma_cr2",5000,0.7286,0.00628875249950258,0.037663652843767,39.4682779456193
96,0.2,"aggregate_hksj",5000,0.9994,0.000346306222872199,0.037663652843767,94
96,0.2,"che_rve",5000,0.9992,0.000399839967987199,0.037663652843767,39.4682779456193
96,0.2,"mlma",5000,0.9994,0.000346306222872199,0.037663652843767,NA
96,0.2,"mlma_cr2",5000,0.9992,0.000399839967987199,0.037663652843767,39.4682779456193
97,0,"aggregate_hksj",5000,0.0518,0.0031342227106573,0.09679924155951,70
97,0,"che_rve",5000,0.0378,0.00269707841932711,0.0966297827246097,12.8817610730162
97,0,"mlma",5000,0.0518,0.0031342227106573,0.0968166967572823,NA
97,0,"mlma_cr2",5000,0.0398,0.00276463234445378,0.0968166967572823,12.7255501087915
97,0.05,"aggregate_hksj",5000,0.0858,0.00396076659246667,0.09679924155951,70
97,0.05,"che_rve",5000,0.0666,0.00352603006226549,0.0966297827257863,12.8817610728482
97,0.05,"mlma",5000,0.0858,0.00396076659246667,0.0968166967618699,NA
97,0.05,"mlma_cr2",5000,0.0674,0.00354562378150869,0.0968166967618699,12.7255501102702
97,0.1,"aggregate_hksj",5000,0.1884,0.00553001699816556,0.09679924155951,70
97,0.1,"che_rve",5000,0.1506,0.00505805575295488,0.096629782723697,12.8817610731924
97,0.1,"mlma",5000,0.1844,0.00548446241668224,0.0968166967645577,NA
97,0.1,"mlma_cr2",5000,0.1524,0.00508279922877149,0.0968166967645577,12.7255501103659
97,0.2,"aggregate_hksj",5000,0.539,0.00704952480668023,0.09679924155951,70
97,0.2,"che_rve",5000,0.4506,0.00703647127472286,0.0966297827261737,12.8817610729566
97,0.2,"mlma",5000,0.539,0.00704952480668023,0.0968166967500793,NA
97,0.2,"mlma_cr2",5000,0.4516,0.00703786103869635,0.0968166967500793,12.7255501088075
98,0,"aggregate_hksj",5000,0.0408,0.00279769047608916,0.0665113204181444,70
98,0,"che_rve",5000,0.047,0.00299302522541993,0.066489577789047,18.2123418850214
98,0,"mlma",5000,0.0472,0.00299907185642492,0.0665045642925314,NA
98,0,"mlma_cr2",5000,0.047,0.00299302522541993,0.0665045642925314,17.4029072790666
98,0.05,"aggregate_hksj",5000,0.1046,0.00432802125687941,0.0665113204181444,70
98,0.05,"che_rve",5000,0.1158,0.00452527037866247,0.0664895777878543,18.2123418845303
98,0.05,"mlma",5000,0.1146,0.0045048160894758,0.0665045642915075,NA
98,0.05,"mlma_cr2",5000,0.1138,0.00449109251741711,0.0665045642915075,17.4029072789802
98,0.1,"aggregate_hksj",5000,0.297,0.00646205849555697,0.0665113204181444,70
98,0.1,"che_rve",5000,0.3072,0.00652423420793583,0.0664895777883091,18.2123418843815
98,0.1,"mlma",5000,0.3186,0.00658929495469735,0.066504564288952,NA
98,0.1,"mlma_cr2",5000,0.3038,0.00650393050393376,0.066504564288952,17.4029072781089
98,0.2,"aggregate_hksj",5000,0.821,0.00542142047806661,0.0665113204181444,70
98,0.2,"che_rve",5000,0.8212,0.00541905083939983,0.0664895777872158,18.2123418850544
98,0.2,"mlma",5000,0.8388,0.00520027999246194,0.0665045642924157,NA
98,0.2,"mlma_cr2",5000,0.8156,0.00548446241668224,0.0665045642924157,17.4029072781251
99,0,"aggregate_hksj",5000,0.0452,0.00293792307591605,0.0433954199304201,118
99,0,"che_rve",5000,0.0546,0.00321306209090332,0.0433054731945758,31.8738482108053
99,0,"mlma",5000,0.096,0.00416614930121329,0.0439421602971999,NA
99,0,"mlma_cr2",5000,0.0512,0.0031170036894428,0.0439421602971999,38.6262738476252
99,0.05,"aggregate_hksj",5000,0.1862,0.00550508056253494,0.0433954199304201,118
99,0.05,"che_rve",5000,0.1972,0.00562693806612442,0.0433054731856559,31.8738482113928
99,0.05,"mlma",5000,0.2806,0.00635395372976543,0.0439421602960909,NA
99,0.05,"mlma_cr2",5000,0.1936,0.00558782676896842,0.0439421602960909,38.6262738512361
99,0.1,"aggregate_hksj",5000,0.603,0.0069194074890846,0.0433954199304201,118
99,0.1,"che_rve",5000,0.6008,0.006925884203479,0.0433054731838683,31.8738482177058
99,0.1,"mlma",5000,0.717,0.00637041599897526,0.0439421602996539,NA
99,0.1,"mlma_cr2",5000,0.599,0.00693107495270395,0.0439421602996539,38.6262738537381
99,0.2,"aggregate_hksj",5000,0.9948,0.00101714895664303,0.0433954199304201,118
99,0.2,"che_rve",5000,0.9942,0.00107390502373348,0.0433054731830966,31.8738482095099
99,0.2,"mlma",5000,0.9984,0.00056523269544499,0.0439421602943879,NA
99,0.2,"mlma_cr2",5000,0.9934,0.00114511484140239,0.0439421602943879,38.6262738500474
100,0,"aggregate_hksj",5000,0.0662,0.00351617860752266,0.0370578730823268,118
100,0,"che_rve",5000,0.0476,0.00301112072159188,0.0369377935885665,38.3332938783076
100,0,"mlma",5000,0.0344,0.00257746542168852,0.037215523606048,NA
100,0,"mlma_cr2",5000,0.048,0.00302311098043059,0.037215523606048,35.9242749652242
100,0.05,"aggregate_hksj",5000,0.3066,0.00652068155946907,0.0370578730823268,118
100,0.05,"che_rve",5000,0.2518,0.00613835091860998,0.0369377935874661,38.3332938745978
100,0.05,"mlma",5000,0.2206,0.00586405388788336,0.0372155236049077,NA
100,0.05,"mlma_cr2",5000,0.2494,0.00611881753282446,0.0372155236049077,35.9242749731438
100,0.1,"aggregate_hksj",5000,0.798,0.00567795737919897,0.0370578730823268,118
100,0.1,"che_rve",5000,0.747,0.0061480240728221,0.0369377935880556,38.3332938765605
100,0.1,"mlma",5000,0.711,0.00641060059588803,0.0372155236067207,NA
100,0.1,"mlma_cr2",5000,0.7416,0.00619079057956252,0.0372155236067207,35.9242749649757
100,0.2,"aggregate_hksj",5000,0.9994,0.000346306222872199,0.0370578730823268,118
100,0.2,"che_rve",5000,0.9994,0.000346306222872199,0.0369377935877939,38.3332938756357
100,0.2,"mlma",5000,0.9984,0.00056523269544499,0.0372155236041553,NA
100,0.2,"mlma_cr2",5000,0.9994,0.000346306222872199,0.0372155236041553,35.9242749682649
