"condition_id","condition_set","J","k_imbalance","moderator_split","n_imbalance","beta1_true","allocation_pattern","method","n_attempted","n_success","n_error","n_invalid","error_rate","warning_rate","mean_estimate","bias","absolute_bias","empirical_sd","mean_se","se_ratio","rmse","coverage","mcse_coverage","mean_ci_width","reject_rate","mcse_reject_rate","mcse_bias","mcse_empirical_sd","type1_error","power","mean_df","median_df","sd_df","min_df","q05_df","q10_df","max_df","prop_df_lt_2","prop_df_lt_4","prop_df_lt_10","mean_variance_study","mean_variance_effect","mean_variance_residual","boundary_study_rate","boundary_effect_rate","boundary_residual_rate","mean_fit_runtime_sec"
1,"core",20,"balanced","50_50","balanced",0,"independent","aggregate_hksj",5000,5000,0,0,0,0,-0.000670303933114567,-0.000670303933114567,0.000670303933114567,0.0543698793761662,0.0533183605205929,0.980659900892953,0.0543685743236378,0.9494,0.00309966578843591,0.224035437534463,0.0506,0.00309966578843591,0.000768906207983634,0.000543753171797879,0.0506,NA,18,18,0,18,18,18,18,0,0,0,NA,NA,0.0124983475481266,0,0,0,0.0316060000000021
1,"core",20,"balanced","50_50","balanced",0,"independent","che_rve",5000,5000,0,0,0,0,-0.000670303933114562,-0.000670303933114562,0.000670303933114562,0.0543698793761662,0.0533183605205929,0.980659900892953,0.0543685743236378,0.9494,0.00309966578843591,0.224035437534463,0.0506,0.00309966578843591,0.000768906207983634,0.000543753171797879,0.0506,NA,18,18,4.88750439565948e-15,18,18,18,18,0,0,0,0.00999049650860155,0.0100395378650024,NA,0.0046,0,0,0.330362
1,"core",20,"balanced","50_50","balanced",0,"independent","mlma",5000,5000,0,0,0,0,-0.000670303933114562,-0.000670303933114562,0.000670303933114562,0.0543698793761662,0.0533183778719643,0.980660220028687,0.0543685743236378,0.9328,0.00354073890593475,0.209004200686295,0.0672,0.00354073890593475,0.000768906207983634,0.000543753171797879,0.0672,NA,NA,NA,NA,NA,NA,NA,NA,NA,NA,NA,0.0116717042045974,0.00835709572108789,NA,2e-04,0,0,0.294492
1,"core",20,"balanced","50_50","balanced",0,"independent","mlma_cr2",5000,5000,0,0,0,0,-0.000670303933114562,-0.000670303933114562,0.000670303933114562,0.0543698793761662,0.0533183605205929,0.980659900892953,0.0543685743236378,0.9494,0.00309966578843591,0.224035437534463,0.0506,0.00309966578843591,0.000768906207983634,0.000543753171797879,0.0506,NA,18,18,4.83713514418055e-15,18,18,18,18,0,0,0,0.0116717042045974,0.00835709572108789,NA,2e-04,0,0,0.313213999999998
2,"core",20,"balanced","50_50","balanced",0.1,"independent","aggregate_hksj",5000,5000,0,0,0,0,0.0990750155154983,-0.000924984484501692,0.000924984484501692,0.05456525025026,0.0532078933909815,0.975124152220449,0.0545676337938809,0.9474,0.00315699984162179,0.223571271879817,0.4096,0.00695453578608954,0.000771669169381997,0.000545707075939003,NA,0.4096,18,18,0,18,18,18,18,0,0,0,NA,NA,0.0124428962911954,0,0,2e-04,0.030732
2,"core",20,"balanced","50_50","balanced",0.1,"independent","che_rve",5000,5000,0,0,0,0,0.0990750155154983,-0.000924984484501692,0.000924984484501692,0.05456525025026,0.0532078933909815,0.975124152220449,0.0545676337938809,0.9474,0.00315699984162179,0.223571271879817,0.4096,0.00695453578608954,0.000771669169381997,0.000545707075939003,NA,0.4096,18,18,4.79940585718446e-15,18,18,18,18,0,0,0,0.00995044176468623,0.00998025261762761,NA,0.0032,0,0,0.307608000000004
2,"core",20,"balanced","50_50","balanced",0.1,"independent","mlma",5000,5000,0,0,0,0,0.0990750155154983,-0.000924984484501692,0.000924984484501692,0.0545652502502601,0.0532090704001126,0.975145722892732,0.054567633793881,0.9284,0.00364618814654428,0.208575723270154,0.4612,0.00704974552732224,0.000771669169381997,0.000545707075939003,NA,0.4612,NA,NA,NA,NA,NA,NA,NA,NA,NA,NA,0.0116312449797576,0.00829777766130597,NA,8e-04,0,0,0.286281999999995
2,"core",20,"balanced","50_50","balanced",0.1,"independent","mlma_cr2",5000,5000,0,0,0,0,0.0990750155154983,-0.000924984484501692,0.000924984484501692,0.0545652502502601,0.0532078933909815,0.975124152220449,0.054567633793881,0.9474,0.00315699984162179,0.223571271879817,0.4096,0.00695453578608954,0.000771669169381997,0.000545707075939003,NA,0.4096,18,18,4.79624835298928e-15,18,18,18,18,0,0,0,0.0116312449797576,0.00829777766130597,NA,8e-04,0,0,0.304679999999999
3,"core",20,"balanced","50_50","moderate",0,"independent","aggregate_hksj",5000,5000,0,0,0,0,-0.000866639937541566,-0.000866639937541566,0.000866639937541566,0.054630154217881,0.0540261666015698,0.988944061664144,0.0546315652704627,0.9474,0.00315699984162179,0.227009528325944,0.0526,0.00315699984162179,0.00077258705009461,0.000546356180528917,0.0526,NA,18,18,0,18,18,18,18,0,0,0,NA,NA,0.0124514436314172,0,0,0,0.0305639999999985
3,"core",20,"balanced","50_50","moderate",0,"independent","che_rve",5000,5000,0,0,0,0,-0.00086571160072052,-0.00086571160072052,0.00086571160072052,0.0546300850562496,0.0540273366202645,0.988966730779123,0.0546314814057795,0.9478,0.00314563697841948,0.227164898037793,0.0522,0.00314563697841947,0.000772586072001439,0.000546355488843431,0.0522,NA,17.8159403833897,17.8548711898568,0.137669771774826,16.7150159955011,17.5458876175102,17.6550531544518,17.983065527716,0,0,0,0.00996080313372944,0.00997532107110143,NA,0.004,0,0,0.296077999999987
3,"core",20,"balanced","50_50","moderate",0,"independent","mlma",5000,5000,0,0,0,0,-0.000856806729860433,-0.000856806729860433,0.000856806729860433,0.0546794759889749,0.0541319774685822,0.989987129348075,0.0546807209460732,0.9326,0.00354562378150869,0.21219345250071,0.0674,0.00354562378150869,0.000773284565270623,0.000546849447569027,0.0674,NA,NA,NA,NA,NA,NA,NA,NA,NA,NA,NA,0.0119841018614785,0.00812956740649935,NA,0,0,0,0.282007999999996
3,"core",20,"balanced","50_50","moderate",0,"independent","mlma_cr2",5000,5000,0,0,0,0,-0.000856806729860433,-0.000856806729860433,0.000856806729860433,0.0546794759889749,0.0541352586144519,0.990047136248476,0.0546807209460732,0.948,0.00313993630508646,0.227494531608761,0.052,0.00313993630508646,0.000773284565270623,0.000546849447569027,0.052,NA,17.9668296594021,17.974644038408,0.0283833996760352,17.4279814889335,17.9167115962847,17.9372022733047,17.9972336840358,0,0,0,0.0119841018614785,0.00812956740649935,NA,0,0,0,0.29963800000001
4,"core",20,"balanced","50_50","moderate",0.1,"independent","aggregate_hksj",5000,5000,0,0,0,0,0.0983561186303615,-0.00164388136963846,0.00164388136963846,0.0551483419834685,0.054268968878902,0.984054405392095,0.0551673245822047,0.9526,0.00300510365877785,0.228029745637681,0.3882,0.00689203540327529,0.000779915331754107,0.000551538576450299,NA,0.3882,18,18,0,18,18,18,18,0,0,0,NA,NA,0.0125899541114123,0,0,2e-04,0.0306740000000023
4,"core",20,"balanced","50_50","moderate",0.1,"independent","che_rve",5000,5000,0,0,0,0,0.0983580666040355,-0.00164193339596451,0.00164193339596451,0.0551492261200817,0.054282341963357,0.984281118381659,0.0551681502272131,0.953,0.00299302522541993,0.228234264456394,0.3876,0.00689008330864003,0.000779927835334,0.0005515474187007,NA,0.3876,17.8194054494214,17.8574648614508,0.139445582214724,16.5480582715926,17.5708737542457,17.6738316802493,17.9797053322757,0,0,0,0.0100971644816166,0.00998312381199796,NA,0.0052,0,0,0.298657999999995
4,"core",20,"balanced","50_50","moderate",0.1,"independent","mlma",5000,5000,0,0,0,0,0.0983159236097281,-0.00168407639027192,0.00168407639027192,0.0552188182122405,0.0543677990758873,0.984588240677623,0.0552389733292336,0.937,0.00343601513384327,0.213117856214898,0.435,0.00701106268692557,0.000780912016139649,0.00055224340922482,NA,0.435,NA,NA,NA,NA,NA,NA,NA,NA,NA,NA,0.0121070007745193,0.00813921749381157,NA,4e-04,0,0,0.282764000000012
4,"core",20,"balanced","50_50","moderate",0.1,"independent","mlma_cr2",5000,5000,0,0,0,0,0.0983159236097281,-0.00168407639027192,0.00168407639027192,0.0552188182122405,0.0543640667810199,0.984520649682592,0.0552389733292336,0.952,0.00302311098043059,0.228455596143064,0.3886,0.00689333068987699,0.000780912016139649,0.00055224340922482,NA,0.3886,17.9673737406228,17.9750404429696,0.0284652605565236,17.6303877372747,17.9190890003685,17.9404900745758,17.9967488069855,0,0,0,0.0121070007745193,0.00813921749381157,NA,4e-04,0,0,0.300388000000008
5,"core",20,"balanced","50_50","severe",0,"independent","aggregate_hksj",5000,5000,0,0,0,0,-0.000459659555590207,-0.000459659555590207,0.000459659555590207,0.0563698264089439,0.0561632189380473,0.996334786107062,0.0563660634142179,0.9494,0.00309966578843591,0.235989089035653,0.0506,0.00309966578843591,0.000797189730161455,0.000563754642372731,0.0506,NA,18,18,0,18,18,18,18,0,0,0,NA,NA,0.0125532892441348,0,0,0,0.0309940000000253
5,"core",20,"balanced","50_50","severe",0,"independent","che_rve",5000,5000,0,0,0,0,-0.000460786879414948,-0.000460786879414948,0.000460786879414948,0.056369284433419,0.0561816015981375,0.996670476888824,0.0563655307154863,0.95,0.00308220700148449,0.236866782676327,0.05,0.00308220700148449,0.000797182065470078,0.000563749222075426,0.05,NA,17.1233480242417,17.2538368507934,0.510018175423596,13.4928329471128,16.1094672260506,16.496437697354,17.8492406821897,0,0,0,0.0100618102882346,0.00999242566244932,NA,0.008,0,0,0.30526800000001
5,"core",20,"balanced","50_50","severe",0,"independent","mlma",5000,5000,0,0,0,0,-0.000335092238290834,-0.000335092238290834,0.000335092238290834,0.0567861625738147,0.0567171840526407,0.998785293493211,0.0567814724449437,0.9358,0.00346636293541228,0.22232727609541,0.0642,0.00346636293541227,0.000803077612670122,0.000567918420420065,0.0642,NA,NA,NA,NA,NA,NA,NA,NA,NA,NA,NA,0.0129263826782327,0.00792327598974697,NA,4e-04,0,0,0.279899999999997
5,"core",20,"balanced","50_50","severe",0,"independent","mlma_cr2",5000,5000,0,0,0,0,-0.000335092238290834,-0.000335092238290834,0.000335092238290834,0.0567861625738147,0.0567115207572842,0.998685563293109,0.0567814724449437,0.9502,0.00307636018697421,0.238471211943975,0.0498,0.00307636018697421,0.000803077612670122,0.000567918420420065,0.0498,NA,17.7937259176164,17.8317784098919,0.146242745053045,16.0680490355876,17.5293123685289,17.62869743475,17.9748451706464,0,0,0,0.0129263826782327,0.00792327598974697,NA,4e-04,0,0,0.297308
6,"core",20,"balanced","50_50","severe",0.1,"independent","aggregate_hksj",5000,5000,0,0,0,0,0.0999121076729247,-8.78923270752618e-05,8.78923270752618e-05,0.0570747616307959,0.0562152617329294,0.98494080617583,0.0570691215508902,0.9512,0.00304691844328003,0.23620776474526,0.374,0.00684286489710267,0.000807159019674831,0.000570804699632231,NA,0.374,18,18,0,18,18,18,18,0,0,0,NA,NA,0.0125603969261209,0,0,0,0.0312419999999918
6,"core",20,"balanced","50_50","severe",0.1,"independent","che_rve",5000,5000,0,0,0,0,0.0999160150249413,-8.39849750587235e-05,8.39849750587235e-05,0.0570756693105166,0.0562429538718606,0.985410325472914,0.0570700232548931,0.9492,0.00310545842026584,0.237122525143664,0.3718,0.00683468741055507,0.000807171856204545,0.000570813777337254,NA,0.3718,17.1282965397966,17.2495077744883,0.496919063951325,13.8013321586111,16.1534873460627,16.519561602863,17.8490932833797,0,0,0,0.0100675934098865,0.00998737479455684,NA,0.006,0,0,0.308974000000002
6,"core",20,"balanced","50_50","severe",0.1,"independent","mlma",5000,5000,0,0,0,0,0.0997824266635552,-0.000217573336444843,0.000217573336444843,0.0573457599561414,0.0567661242937597,0.989892266440885,0.0573404378764858,0.936,0.00346132922444543,0.222519118315386,0.4196,0.00697905208463155,0.000810991514745671,0.000573514953924668,NA,0.4196,NA,NA,NA,NA,NA,NA,NA,NA,NA,NA,0.0129516419508956,0.00790708541203891,NA,4e-04,0,0,0.283783999999999
6,"core",20,"balanced","50_50","severe",0.1,"independent","mlma_cr2",5000,5000,0,0,0,0,0.0997824266635552,-0.000217573336444843,0.000217573336444843,0.0573457599561414,0.0567747628125403,0.990042905630028,0.0573404378764858,0.952,0.00302311098043059,0.23873619179665,0.3692,0.00682482761687063,0.000810991514745671,0.000573514953924668,NA,0.3692,17.795428837706,17.8318010594159,0.141142925859308,16.1024738139293,17.5366421419648,17.6344443078254,17.9749127152025,0,0,0,0.0129516419508956,0.00790708541203891,NA,4e-04,0,0,0.301455999999962
7,"core",20,"balanced","50_50","extreme",0,"independent","aggregate_hksj",5000,5000,0,0,0,0,0.00022640836885786,0.00022640836885786,0.00022640836885786,0.0623245491285384,0.0599910709615429,0.96255924511892,0.0623187276421804,0.9452,0.00321860093829602,0.252073126401539,0.0548,0.00321860093829602,0.000881402226463672,0.000623307825184753,0.0548,NA,18,18,0,18,18,18,18,0,0,0,NA,NA,0.0124279309030957,0,0,4e-04,0.0315860000000161
7,"core",20,"balanced","50_50","extreme",0,"independent","che_rve",5000,5000,0,0,0,0,0.000219294983110349,0.000219294983110349,0.000219294983110349,0.062310139923192,0.0601183263817984,0.964824127435833,0.0623042945295903,0.9506,0.0030646252625729,0.255652769055558,0.0494,0.0030646252625729,0.000881198449527434,0.000623163718719922,0.0494,NA,15.3234089628032,15.5923643510143,1.20342991836917,8.38666565734949,12.8996484401117,13.6878499997241,17.3420705060016,0,0,8e-04,0.00995047992541238,0.00998091898544482,NA,0.0182,0,0,0.314033999999964
7,"core",20,"balanced","50_50","extreme",0,"independent","mlma",5000,5000,0,0,0,0,0.000375955212419198,0.000375955212419198,0.000375955212419198,0.0636363203137898,0.0620301396812512,0.974760001448566,0.0636310670124931,0.9348,0.00349138826256834,0.243153679462482,0.0652,0.00349138826256834,0.0008999534724728,0.000636426849005251,0.0652,NA,NA,NA,NA,NA,NA,NA,NA,NA,NA,NA,0.0147551360590676,0.00767734795954979,NA,0.001,0,0,0.271751999999992
7,"core",20,"balanced","50_50","extreme",0,"independent","mlma_cr2",5000,5000,0,0,0,0,0.000375955212419198,0.000375955212419198,0.000375955212419198,0.0636363203137898,0.062044176578246,0.974980581408652,0.0636310670124931,0.9524,0.00301112072159188,0.261474605355498,0.0476,0.00301112072159188,0.0008999534724728,0.000636426849005251,0.0476,NA,17.2192313228675,17.3410283194314,0.488529530199309,12.4149426480424,16.2981872775385,16.6339122144805,17.9004743460371,0,0,0,0.0147551360590676,0.00767734795954979,NA,0.001,0,0,0.289614000000028
8,"core",20,"balanced","50_50","extreme",0.1,"independent","aggregate_hksj",5000,5000,0,0,0,2e-04,0.0988549142657997,-0.00114508573420034,0.00114508573420034,0.061744452447507,0.0604056672530595,0.97831732015786,0.0617488959731226,0.9466,0.00317957355631223,0.253815195374838,0.3298,0.00664878876187235,0.00087319842052565,0.000617506278190729,NA,0.3298,18,18,0,18,18,18,18,0,0,0,NA,NA,0.0126391172448229,0,0,4e-04,0.0318959999999912
8,"core",20,"balanced","50_50","extreme",0.1,"independent","che_rve",5000,5000,0,0,0,0,0.0988587658675279,-0.00114123413247211,0.00114123413247211,0.0617500219540124,0.0604652578965453,0.979194111729646,0.0617543926666263,0.9526,0.00300510365877785,0.257090180647549,0.3192,0.00659259220640864,0.000873277185242006,0.000617561978826125,NA,0.3192,15.3483843412567,15.642192518763,1.23038338567006,8.54272505758118,12.8072891387379,13.6672285356534,17.4551567881879,0,0,0.0012,0.0101476702098414,0.0100514379734047,NA,0.0222,0,0,0.317444000000021
8,"core",20,"balanced","50_50","extreme",0.1,"independent","mlma",5000,5000,0,0,0,0,0.0987336762908893,-0.0012663237091107,0.0012663237091107,0.0627560370779926,0.0624436935131859,0.995022892149507,0.0627625374043521,0.9408,0.0033375248313683,0.244774780695004,0.3652,0.00680924312974651,0.00088750438756486,0.000627623136231979,NA,0.3652,NA,NA,NA,NA,NA,NA,NA,NA,NA,NA,0.015015789110989,0.00773315763491038,NA,6e-04,0,0,0.272456000000011
8,"core",20,"balanced","50_50","extreme",0.1,"independent","mlma_cr2",5000,5000,0,0,0,0,0.0987336762908893,-0.0012663237091107,0.0012663237091107,0.0627560370779926,0.0624536195239999,0.99518106037166,0.0627625374043521,0.9536,0.00297479545515318,0.263185936804317,0.3128,0.0065567699364855,0.00088750438756486,0.000627623136231979,NA,0.3128,17.2307236820308,17.3604476777821,0.487028523159145,12.839734177308,16.3022869836611,16.6225533839197,17.9016310621803,0,0,0,0.015015789110989,0.00773315763491038,NA,6e-04,0,0,0.290161999999992
9,"core",20,"balanced","70_30","balanced",0,"independent","aggregate_hksj",5000,5000,0,0,0,0,-0.000606755034354029,-0.000606755034354029,0.000606755034354029,0.059337172555577,0.0582783419512559,0.982155695010083,0.0593343409717564,0.9506,0.0030646252625729,0.244876506148195,0.0494,0.0030646252625729,0.000839154341809696,0.000593431071630385,0.0494,NA,18,18,0,18,18,18,18,0,0,0,NA,NA,0.0125514407820894,0,0,0,0.0307340000000106
9,"core",20,"balanced","70_30","balanced",0,"independent","che_rve",5000,5000,0,0,0,0,-0.000606755034354066,-0.000606755034354066,0.000606755034354066,0.059337172555577,0.0573601243213642,0.966681118276051,0.0593343409717564,0.954,0.00296256645495084,0.257328699055967,0.046,0.00296256645495084,0.000839154341809696,0.000593431071630385,0.046,NA,9.53079178885631,9.53079178885631,1.36936818986774e-14,9.53079178885627,9.53079178885628,9.53079178885629,9.53079178885634,0,0,1,0.0100635728213661,0.00995800183249561,NA,0.0026,0,0,0.301912000000032
9,"core",20,"balanced","70_30","balanced",0,"independent","mlma",5000,5000,0,0,0,0,-0.000606755034354063,-0.000606755034354063,0.000606755034354063,0.059337172555577,0.058278340601363,0.982155672260551,0.0593343409717564,0.9358,0.00346636293541228,0.22844689731486,0.0642,0.00346636293541227,0.000839154341809696,0.000593431071630385,0.0642,NA,NA,NA,NA,NA,NA,NA,NA,NA,NA,NA,0.0117452430604115,0.00827529307291273,NA,0,0,0,0.280650000000016
9,"core",20,"balanced","70_30","balanced",0,"independent","mlma_cr2",5000,5000,0,0,0,0,-0.000606755034354063,-0.000606755034354063,0.000606755034354063,0.059337172555577,0.0573601243213642,0.966681118276051,0.0593343409717564,0.954,0.00296256645495084,0.257328699055967,0.046,0.00296256645495084,0.000839154341809696,0.000593431071630385,0.046,NA,9.53079178885631,9.53079178885631,1.37698271277602e-14,9.53079178885627,9.53079178885628,9.53079178885629,9.53079178885634,0,0,1,0.0117452430604115,0.00827529307291273,NA,0,0,0,0.298544000000017
10,"core",20,"balanced","70_30","balanced",0.1,"independent","aggregate_hksj",5000,5000,0,0,0,0,0.100653626955742,0.000653626955741782,0.000653626955741782,0.0595158587803554,0.0580047490509611,0.974609965135998,0.0595134963438648,0.95,0.00308220700148449,0.243726911439629,0.3654,0.00681003436114679,0.000841681346634605,0.000595218112591201,NA,0.3654,18,18,0,18,18,18,18,0,0,0,NA,NA,0.0124163783056202,0,0,0,0.030812000000017
10,"core",20,"balanced","70_30","balanced",0.1,"independent","che_rve",5000,5000,0,0,0,0,0.100653626955742,0.00065362695574174,0.00065362695574174,0.0595158587803554,0.0574349887913091,0.965036714050859,0.0595134963438648,0.951,0.00305283474822991,0.257664555661655,0.3382,0.00669060176665746,0.000841681346634605,0.000595218112591201,NA,0.3382,9.53079178885631,9.53079178885631,1.35505918802435e-14,9.53079178885626,9.53079178885628,9.53079178885629,9.53079178885634,0,0,1,0.00992936675381784,0.00995514909618689,NA,0.004,0,0,0.302194
10,"core",20,"balanced","70_30","balanced",0.1,"independent","mlma",5000,5000,0,0,0,0,0.100653626955742,0.000653626955741754,0.000653626955741754,0.0595158587803554,0.0580047476852797,0.974609942189484,0.0595134963438648,0.935,0.00348640215695206,0.227374432790963,0.4216,0.00698360136319363,0.000841681346634605,0.000595218112591201,NA,0.4216,NA,NA,NA,NA,NA,NA,NA,NA,NA,NA,0.0116108656176877,0.00827255298772622,NA,0,0,0,0.280427999999942
10,"core",20,"balanced","70_30","balanced",0.1,"independent","mlma_cr2",5000,5000,0,0,0,0,0.100653626955742,0.000653626955741754,0.000653626955741754,0.0595158587803554,0.0574349887913091,0.965036714050859,0.0595134963438648,0.951,0.00305283474822991,0.257664555661655,0.3382,0.00669060176665746,0.000841681346634605,0.000595218112591201,NA,0.3382,9.53079178885631,9.53079178885631,1.36151174900826e-14,9.53079178885627,9.53079178885628,9.53079178885629,9.53079178885634,0,0,1,0.0116108656176877,0.00827255298772622,NA,0,0,0,0.298187999999955
11,"core",20,"balanced","70_30","moderate",0,"independent","aggregate_hksj",5000,5000,0,0,0,0,0.00018726215650737,0.00018726215650737,0.00018726215650737,0.0597800012556644,0.0587687835996945,0.98308434869974,0.0597743162866166,0.9506,0.0030646252625729,0.246937265485509,0.0494,0.0030646252625729,0.000845416885344413,0.000597859801526395,0.0494,NA,18,18,0,18,18,18,18,0,0,0,NA,NA,0.0123554913916187,0,0,0,0.0314360000000233
11,"core",20,"balanced","70_30","moderate",0,"independent","che_rve",5000,5000,0,0,0,0,0.00018769374859299,0.00018769374859299,0.00018769374859299,0.059779499800873,0.0579626404778244,0.969607318075584,0.0597738162381033,0.9514,0.0030409879973456,0.260379815816285,0.0486,0.0030409879973456,0.000845409793702743,0.00059785478647695,0.0486,NA,9.44204236551085,9.45774446733083,0.253818725760137,8.04451247682041,9.0152112841625,9.12429343814231,10.6029670812993,0,0,0.9914,0.00986931702540467,0.00995035224165085,NA,0.0032,0,0,0.303411999999998
11,"core",20,"balanced","70_30","moderate",0,"independent","mlma",5000,5000,0,0,0,0,0.000249801616369249,0.000249801616369249,0.000249801616369249,0.0597717770752849,0.0588708131323483,0.984926599358058,0.0597663216411897,0.9374,0.00342582077756557,0.230769346959981,0.0626,0.00342582077756557,0.000845300577870091,0.000597777551497185,0.0626,NA,NA,NA,NA,NA,NA,NA,NA,NA,NA,NA,0.0118821907738633,0.00810804288353818,NA,0,0,0,0.290279999999983
11,"core",20,"balanced","70_30","moderate",0,"independent","mlma_cr2",5000,5000,0,0,0,0,0.000249801616369249,0.000249801616369249,0.000249801616369249,0.0597717770752849,0.058067441652648,0.971485950292389,0.0597663216411897,0.9526,0.00300510365877785,0.260565461657974,0.0474,0.00300510365877785,0.000845300577870091,0.000597777551497185,0.0474,NA,9.51449309108164,9.51946061623114,0.0994821266333874,9.03952709967803,9.35021042866835,9.39101588651745,9.97028504778083,0,0,1,0.0118821907738633,0.00810804288353818,NA,0,0,0,0.308411999999956
12,"core",20,"balanced","70_30","moderate",0.1,"independent","aggregate_hksj",5000,5000,0,0,0,0,0.0998192439296099,-0.000180756070390087,0.000180756070390087,0.0587965236420314,0.0588839781422817,1.00148740937105,0.0587909215687802,0.9514,0.0030409879973456,0.247421294992382,0.3544,0.00676462327110682,0.000831508411549511,0.000588024041764905,NA,0.3544,18,18,0,18,18,18,18,0,0,0,NA,NA,0.0124439304762148,0,0,0,0.0310999999999956
12,"core",20,"balanced","70_30","moderate",0.1,"independent","che_rve",5000,5000,0,0,0,0,0.099816965919328,-0.000183034080671995,0.000183034080671995,0.0587964414386415,0.0581675561617008,0.98930402484312,0.0587908464220164,0.954,0.00296256645495084,0.2612760496622,0.3294,0.0066467381473923,0.000831507249018023,0.00058802321964879,NA,0.3294,9.44896419796413,9.46969820313576,0.254678780575825,7.92686313628768,9.00838239504654,9.13194940290886,10.4617485408934,0,0,0.9884,0.00994298286453825,0.0100139304393207,NA,0.0044,0,0,0.304457999999991
12,"core",20,"balanced","70_30","moderate",0.1,"independent","mlma",5000,5000,0,0,0,0,0.0997357378611539,-0.000264262138846061,0.000264262138846061,0.0588535162721077,0.058999337578368,1.00247769913332,0.0588482239731477,0.9402,0.00335332551357604,0.231273153530644,0.4042,0.00694006282392314,0.000832314409053603,0.000588594025066848,NA,0.4042,NA,NA,NA,NA,NA,NA,NA,NA,NA,NA,0.0119562996081124,0.00817480469298044,NA,0,0,0,0.287912000000004
12,"core",20,"balanced","70_30","moderate",0.1,"independent","mlma_cr2",5000,5000,0,0,0,0,0.0997357378611539,-0.000264262138846061,0.000264262138846061,0.0588535162721077,0.058272391294698,0.990125908964847,0.0588482239731477,0.954,0.00296256645495084,0.261474961060348,0.332,0.00665996996990227,0.000832314409053603,0.000588594025066848,NA,0.332,9.51768211874145,9.52408035784302,0.0998478345102797,8.91327445117472,9.34493845994144,9.39388426338888,9.94795292157115,0,0,1,0.0119562996081124,0.00817480469298044,NA,0,0,0,0.306209999999942
13,"core",20,"balanced","70_30","severe",0,"independent","aggregate_hksj",5000,5000,0,0,0,0,-0.00138775768913957,-0.00138775768913957,0.00138775768913957,0.0639744210265678,0.0613508645910731,0.958990540384801,0.06398307488531,0.9406,0.00334280241713446,0.257786767214458,0.0594,0.00334280241713446,0.000904734938607387,0.000639808194284468,0.0594,NA,18,18,0,18,18,18,18,0,0,0,NA,NA,0.012568187855452,0,0,0,0.0313220000000234
13,"core",20,"balanced","70_30","severe",0,"independent","che_rve",5000,5000,0,0,0,0,-0.00138992379671091,-0.00138992379671091,0.00138992379671091,0.063971994804354,0.060759040458467,0.949775611098057,0.0639806964965614,0.946,0.00319637294444813,0.274467366956418,0.054,0.00319637294444813,0.000904700626643786,0.000639783929635743,0.054,NA,9.11357028659959,9.19443906777004,0.685915687854638,5.8944386079381,7.84515249464154,8.18950996001776,11.4296597053344,0,0,0.931,0.0100817718108629,0.00997643949721971,NA,0.0114,0,0,0.314652000000013
13,"core",20,"balanced","70_30","severe",0,"independent","mlma",5000,5000,0,0,0,0,-0.00146823499962201,-0.00146823499962201,0.00146823499962201,0.0642760250936833,0.0619279951522294,0.963469583907349,0.0642863658513806,0.93,0.00360832371053374,0.242753280266281,0.07,0.00360832371053374,0.000909000264229203,0.000642824536604938,0.07,NA,NA,NA,NA,NA,NA,NA,NA,NA,NA,NA,0.0129521499206069,0.00789278033523431,NA,8e-04,0,0,0.283729999999965
13,"core",20,"balanced","70_30","severe",0,"independent","mlma_cr2",5000,5000,0,0,0,0,-0.00146823499962201,-0.00146823499962201,0.00146823499962201,0.0642760250936833,0.0613139988766053,0.953917090971933,0.0642863658513806,0.9472,0.00316266216975509,0.275492405964333,0.0528,0.00316266216975509,0.000909000264229203,0.000642824536604938,0.0528,NA,9.42937446167729,9.47381678314863,0.29946158946407,7.60692018961072,8.88232541924387,9.03454801497862,10.6467799799247,0,0,0.9896,0.0129521499206069,0.00789278033523431,NA,8e-04,0,0,0.301523999999929
14,"core",20,"balanced","70_30","severe",0.1,"independent","aggregate_hksj",5000,5000,0,0,0,0,0.0991876042481484,-0.000812395751851561,0.000812395751851561,0.0625116873935766,0.0611339922588572,0.977960999100131,0.0625107151249904,0.9442,0.00324611644892786,0.256875503489116,0.3314,0.00665693683310875,0.000884048761188232,0.000625179395001476,NA,0.3314,18,18,0,18,18,18,18,0,0,0,NA,NA,0.0124409515771142,0,0,0,0.0314159999999814
14,"core",20,"balanced","70_30","severe",0.1,"independent","che_rve",5000,5000,0,0,0,0,0.0991829822901712,-0.000817017709828838,0.000817017709828838,0.0625105156068655,0.0605016855930049,0.967864126629601,0.0625096037938336,0.9496,0.00309385972532693,0.273349193636124,0.299,0.00647455017742546,0.000884032189621642,0.000625167675962402,NA,0.299,9.1099931994778,9.17731211823185,0.667537780930503,5.52491843328213,7.9439368544159,8.24510380402365,11.9283160501227,0,0,0.9334,0.00995314847245785,0.00996595045963318,NA,0.0066,0,0,0.310443999999973
14,"core",20,"balanced","70_30","severe",0.1,"independent","mlma",5000,5000,0,0,0,0,0.0991622407228609,-0.000837759277139097,0.000837759277139097,0.0628939571342728,0.0617043448919682,0.981085428608588,0.062893247289716,0.9322,0.00355536664775941,0.241876587355791,0.3746,0.00684506888204933,0.000889454871706007,0.000629002474735528,NA,0.3746,NA,NA,NA,NA,NA,NA,NA,NA,NA,NA,0.012837280455418,0.00789428935285332,NA,2e-04,0,0,0.284866000000038
14,"core",20,"balanced","70_30","severe",0.1,"independent","mlma_cr2",5000,5000,0,0,0,0,0.0991622407228609,-0.000837759277139097,0.000837759277139097,0.0628939571342728,0.0611243782488558,0.97186408732974,0.062893247289716,0.9522,0.00301712313305241,0.274648407883438,0.2968,0.00646080118870717,0.000889454871706007,0.000629002474735528,NA,0.2968,9.43159403222033,9.47222468305153,0.288616891415059,7.72524744302209,8.92073844949643,9.06183764501745,10.6572027671627,0,0,0.993,0.012837280455418,0.00789428935285332,NA,2e-04,0,0,0.302716000000028
15,"core",20,"balanced","70_30","extreme",0,"independent","aggregate_hksj",5000,5000,0,0,0,0,-0.000353275653220559,-0.000353275653220559,0.000353275653220559,0.067291005505952,0.0657690769765746,0.977382883225859,0.0672852034982791,0.9444,0.00324063697442339,0.27635140677279,0.0556,0.00324063697442339,0.0009516385261224,0.00067297735616036,0.0556,NA,18,18,0,18,18,18,18,0,0,0,NA,NA,0.0125009546015968,0,0,6e-04,0.0315360000000175
15,"core",20,"balanced","70_30","extreme",0,"independent","che_rve",5000,5000,0,0,0,0,-0.000353233121060775,-0.000353233121060775,0.000353233121060775,0.0672652074152767,0.0651384079999857,0.96838187977091,0.067259408119848,0.954,0.00296256645495084,0.299699298265309,0.046,0.00296256645495084,0.000951273686025235,0.000672719349451645,0.046,NA,8.2813863336528,8.30734315621927,1.2754265423461,3.79776453087551,6.08220527709432,6.61804656359172,12.0666257779044,0,6e-04,0.9126,0.0100174692940399,0.0100133952657474,NA,0.0212,0,0,0.31667999999998
15,"core",20,"balanced","70_30","extreme",0,"independent","mlma",5000,5000,0,0,0,0,-0.000234299931884618,-0.000234299931884618,0.000234299931884618,0.0686591316552058,0.0678458420876965,0.988154677347313,0.0686526652128891,0.9358,0.00346636293541228,0.265950813985354,0.0642,0.00346636293541227,0.000970986751675519,0.0006866599859843,0.0642,NA,NA,NA,NA,NA,NA,NA,NA,NA,NA,NA,0.0148163979126663,0.00768180150973884,NA,4e-04,0,0,0.273147999999969
15,"core",20,"balanced","70_30","extreme",0,"independent","mlma_cr2",5000,5000,0,0,0,0,-0.000234299931884618,-0.000234299931884618,0.000234299931884618,0.0686591316552058,0.0672238632055247,0.979095738395167,0.0686526652128891,0.9518,0.00302908435009658,0.303448001924711,0.0482,0.00302908435009658,0.000970986751675519,0.0006866599859843,0.0482,NA,9.16654504599435,9.20310638521111,0.628267883248358,5.86987299820176,8.08788472074548,8.37620508172093,11.4142435788103,0,0,0.918,0.0148163979126663,0.00768180150973884,NA,4e-04,0,0,0.290962000000027
16,"core",20,"balanced","70_30","extreme",0.1,"independent","aggregate_hksj",5000,5000,0,0,0,0,0.0998167829238012,-0.000183217076198783,0.000183217076198783,0.0678366060377871,0.0657782432796804,0.969657049809359,0.0678300694839626,0.9426,0.0032895361375124,0.276389922149235,0.3018,0.00649179112418137,0.000959354482839991,0.000678433907161096,NA,0.3018,18,18,0,18,18,18,18,0,0,0,NA,NA,0.0125203817281624,0,0,0,0.0315679999999949
16,"core",20,"balanced","70_30","extreme",0.1,"independent","che_rve",5000,5000,0,0,0,0,0.0998191016192569,-0.000180898380743089,0.000180898380743089,0.0678286137963044,0.0648081915691071,0.955469792788808,0.067822071846726,0.9494,0.00309966578843591,0.298026720016994,0.265,0.00624139407504445,0.000959241455477006,0.000678353976752829,NA,0.265,8.30905038186489,8.37124615379269,1.26202866668772,3.28252180787813,6.17487127979762,6.68762067819871,12.2503150802869,0,6e-04,0.9118,0.0100396765442646,0.00999014716366191,NA,0.019,0,0,0.315770000000027
16,"core",20,"balanced","70_30","extreme",0.1,"independent","mlma",5000,5000,0,0,0,0,0.0997023596653809,-0.000297640334619126,0.000297640334619126,0.0693296991109231,0.0679043009359869,0.979440294805612,0.069323404757298,0.931,0.00358438279205779,0.266179968459808,0.3248,0.00662276316955393,0.000980470007579133,0.00069336633120953,NA,0.3248,NA,NA,NA,NA,NA,NA,NA,NA,NA,NA,0.0148840741770025,0.00766865582278197,NA,2e-04,0,0,0.273197999999981
16,"core",20,"balanced","70_30","extreme",0.1,"independent","mlma_cr2",5000,5000,0,0,0,0,0.0997023596653809,-0.000297640334619126,0.000297640334619126,0.0693296991109231,0.0670311457284261,0.966846049932808,0.069323404757298,0.9502,0.00307636018697421,0.302522188141712,0.2572,0.00618139401753359,0.000980470007579133,0.00069336633120953,NA,0.2572,9.18075097062094,9.23626192092763,0.630156570186398,6.02323551947132,8.11848039331906,8.38005386946029,11.2086744319336,0,0,0.9168,0.0148840741770025,0.00766865582278197,NA,2e-04,0,0,0.290934
17,"core",20,"balanced","85_15","balanced",0,"independent","aggregate_hksj",5000,5000,0,0,0,0,0.00073077025777714,0.00073077025777714,0.00073077025777714,0.0755826525224136,0.0745773486046033,0.986699277092555,0.0755786268730856,0.9456,0.0032075111847038,0.3133623907723,0.0544,0.0032075111847038,0.0010689001227733,0.000755902119215946,0.0544,NA,18,18,0,18,18,18,18,0,0,0,NA,NA,0.0124800407252447,0,0,0,0.0309580000000196
17,"core",20,"balanced","85_15","balanced",0,"independent","che_rve",5000,5000,0,0,0,0,0.000730770257777183,0.000730770257777183,0.000730770257777183,0.0755826525224136,0.0704203164082013,0.93169945824961,0.0755786268730856,0.97,0.00241246761636296,0.471370698273992,0.03,0.00241246761636296,0.0010689001227733,0.000755902119215946,0.03,NA,2.7574321413184,2.7574321413184,2.27003121945506e-15,2.75743214131839,2.75743214131839,2.75743214131839,2.7574321413184,0,1,1,0.00997090832555696,0.0100443741669359,NA,0.003,0,0,0.322579999999986
17,"core",20,"balanced","85_15","balanced",0,"independent","mlma",5000,5000,0,0,0,0,0.00073077025777717,0.00073077025777717,0.00073077025777717,0.0755826525224136,0.0745773876651437,0.986699793884955,0.0755786268730857,0.9306,0.00359398497492686,0.292337987769527,0.0694,0.00359398497492686,0.0010689001227733,0.000755902119215946,0.0694,NA,NA,NA,NA,NA,NA,NA,NA,NA,NA,NA,0.0116521941861614,0.00836192262791936,NA,2e-04,0,0,0.288971999999995
17,"core",20,"balanced","85_15","balanced",0,"independent","mlma_cr2",5000,5000,0,0,0,0,0.00073077025777717,0.00073077025777717,0.00073077025777717,0.0755826525224136,0.0704203164082013,0.93169945824961,0.0755786268730857,0.97,0.00241246761636296,0.471370698273992,0.03,0.00241246761636296,0.0010689001227733,0.000755902119215946,0.03,NA,2.7574321413184,2.7574321413184,2.31094637142768e-15,2.75743214131839,2.75743214131839,2.75743214131839,2.7574321413184,0,1,1,0.0116521941861614,0.00836192262791936,NA,2e-04,0,0,0.307017999999954
18,"core",20,"balanced","85_15","balanced",0.1,"independent","aggregate_hksj",5000,5000,0,0,0,0,0.0996400033753767,-0.000359996624623299,0.000359996624623299,0.0758833023480023,0.0746347578576569,0.983546518776694,0.0758765676457035,0.9502,0.00307636018697421,0.313603615502409,0.242,0.00605699595509193,0.00107315195338203,0.000758908918166764,NA,0.242,18,18,0,18,18,18,18,0,0,0,NA,NA,0.0125010476883293,0,0,0,0.0316139999999974
18,"core",20,"balanced","85_15","balanced",0.1,"independent","che_rve",5000,5000,0,0,0,0,0.0996400033753768,-0.000359996624623229,0.000359996624623229,0.0758833023480023,0.0699249880333659,0.921480561200257,0.0758765676457035,0.9716,0.00234918879615922,0.468055131207129,0.1288,0.00473731062946056,0.00107315195338203,0.000758908918166764,NA,0.1288,2.7574321413184,2.7574321413184,2.32520814109744e-15,2.75743214131839,2.75743214131839,2.75743214131839,2.7574321413184,0,1,1,0.00999882573079638,0.0100153158337844,NA,0.002,0,0,0.317091999999996
18,"core",20,"balanced","85_15","balanced",0.1,"independent","mlma",5000,5000,0,0,0,0,0.0996400033753768,-0.000359996624623229,0.000359996624623229,0.0758833023480023,0.0746353026679133,0.983553698356911,0.0758765676457035,0.936,0.00346132922444543,0.292565010408713,0.2858,0.00638934049804829,0.00107315195338203,0.000758908918166764,NA,0.2858,NA,NA,NA,NA,NA,NA,NA,NA,NA,NA,0.0116806336448548,0.00833251474202188,NA,2e-04,0,0,0.296060000000002
18,"core",20,"balanced","85_15","balanced",0.1,"independent","mlma_cr2",5000,5000,0,0,0,0,0.0996400033753768,-0.000359996624623229,0.000359996624623229,0.0758833023480023,0.0699249880333659,0.921480561200257,0.0758765676457035,0.9716,0.00234918879615922,0.468055131207129,0.1288,0.00473731062946056,0.00107315195338203,0.000758908918166764,NA,0.1288,2.7574321413184,2.7574321413184,2.32364668727915e-15,2.75743214131839,2.75743214131839,2.75743214131839,2.75743214131841,0,1,1,0.0116806336448548,0.00833251474202188,NA,2e-04,0,0,0.314420000000005
19,"core",20,"balanced","85_15","moderate",0,"independent","aggregate_hksj",5000,5000,0,0,0,0,-0.000430482661013831,-0.000430482661013831,0.000430482661013831,0.0779009820087532,0.0756091089696087,0.970579664337389,0.0778943810595472,0.9452,0.00321860093829602,0.317697686954475,0.0548,0.00321860093829602,0.00110168625278961,0.000779087732756636,0.0548,NA,18,18,0,18,18,18,18,0,0,0,NA,NA,0.0124147028866445,0,0,0,0.0306499999999978
19,"core",20,"balanced","85_15","moderate",0,"independent","che_rve",5000,5000,0,0,0,0,-0.000432058949609984,-0.000432058949609984,0.000432058949609984,0.0779009060111607,0.0708050673307095,0.908911987757438,0.0778943137980184,0.9708,0.00238106530779817,0.476396047705921,0.0292,0.00238106530779817,0.00110168517802135,0.000779086972704702,0.0292,NA,2.73558573778825,2.74510493425784,0.0661668866200174,2.26577140880612,2.61850384837854,2.65180890696826,2.99996282269162,0,1,1,0.00991651130804291,0.0100060088178696,NA,0.004,0,0,0.296876000000001
19,"core",20,"balanced","85_15","moderate",0,"independent","mlma",5000,5000,0,0,0,0,-0.000474178192514187,-0.000474178192514187,0.000474178192514187,0.077978504550653,0.0757164391349097,0.97099116700457,0.0779721481522734,0.9286,0.0036414843127494,0.296802987484084,0.0714,0.0036414843127494,0.00110278258709106,0.000779863035709806,0.0714,NA,NA,NA,NA,NA,NA,NA,NA,NA,NA,NA,0.0119436330116225,0.00816404410759231,NA,8e-04,0,0,0.282068000000014
19,"core",20,"balanced","85_15","moderate",0,"independent","mlma_cr2",5000,5000,0,0,0,0,-0.000474178192514187,-0.000474178192514187,0.000474178192514187,0.077978504550653,0.0710272545563774,0.910856844019621,0.0779721481522734,0.9702,0.00240466047499434,0.475884755740454,0.0298,0.00240466047499434,0.00110278258709106,0.000779863035709806,0.0298,NA,2.75338335662062,2.75676198955355,0.0244502657030249,2.54174409106832,2.71084718050857,2.72289576062693,2.85996328381814,0,1,1,0.0119436330116225,0.00816404410759231,NA,8e-04,0,0,0.300044000000004
20,"core",20,"balanced","85_15","moderate",0.1,"independent","aggregate_hksj",5000,5000,0,0,0,0,0.0999855760885691,-1.44239114309302e-05,1.44239114309302e-05,0.0763386140862218,0.0756889727853858,0.991490003995851,0.0763309812058918,0.9502,0.00307636018697421,0.318033262256042,0.232,0.00596952259397684,0.00107959103373501,0.000763462490929006,NA,0.232,18,18,0,18,18,18,18,0,0,0,NA,NA,0.0124551128769509,0,0,0,0.0301080000000016
20,"core",20,"balanced","85_15","moderate",0.1,"independent","che_rve",5000,5000,0,0,0,0,0.0999856087127266,-1.43912872733604e-05,1.43912872733604e-05,0.0763379624470141,0.0712738962763564,0.93366254471132,0.0763303296257049,0.969,0.00245108139399735,0.479307050668323,0.126,0.00469305870408628,0.00107958181816495,0.000763455973885191,NA,0.126,2.73858837074127,2.74818032656739,0.0646052788668091,2.27947953939605,2.62049633749668,2.65512521154717,3.04688189168252,0,1,1,0.00996645383475746,0.00996320650095644,NA,0.0042,0,0,0.293924000000003
20,"core",20,"balanced","85_15","moderate",0.1,"independent","mlma",5000,5000,0,0,0,0,0.0998950511174103,-0.000104948882589689,0.000104948882589689,0.0764690515559184,0.0758120911954806,0.991408807261622,0.0764614762933629,0.9334,0.00352603006226549,0.297177936671616,0.2774,0.00633165444414017,0.00108143569812187,0.00076476699608301,NA,0.2774,NA,NA,NA,NA,NA,NA,NA,NA,NA,NA,0.011981669642318,0.00812661118126995,NA,2e-04,0,0,0.280518
20,"core",20,"balanced","85_15","moderate",0.1,"independent","mlma_cr2",5000,5000,0,0,0,0,0.0998950511174103,-0.000104948882589689,0.000104948882589689,0.0764690515559184,0.0713958039414505,0.933656198014197,0.0764614762933629,0.9696,0.00242799670510485,0.478280443738954,0.124,0.00466098701993473,0.00108143569812187,0.00076476699608301,NA,0.124,2.75429982445306,2.75774361539548,0.023969465959562,2.58811256237603,2.71148800355042,2.72287099339071,2.85436830115011,0,1,1,0.011981669642318,0.00812661118126995,NA,2e-04,0,0,0.298207999999989
21,"core",20,"balanced","85_15","severe",0,"independent","aggregate_hksj",5000,5000,0,0,0,0,-0.000506840037874175,-0.000506840037874175,0.000506840037874175,0.0794764382692834,0.0787945501101592,0.991420247635986,0.0794701064926128,0.9524,0.00301112072159188,0.331082413954621,0.0476,0.00301112072159188,0.00112396656889529,0.000794843871054557,0.0476,NA,18,18,0,18,18,18,18,0,0,0,NA,NA,0.0124625445024615,0,0,0,0.0305279999999999
21,"core",20,"balanced","85_15","severe",0,"independent","che_rve",5000,5000,0,0,0,0,-0.000503918544587548,-0.000503918544587548,0.000503918544587548,0.0794746258558011,0.0734864635876178,0.924653155599018,0.0794682757179755,0.9708,0.00238106530779817,0.506909743330949,0.0292,0.00238106530779817,0.00112394093749801,0.000794825745107048,0.0292,NA,2.65365335498342,2.69937071593703,0.20214640866713,1.78735591807808,2.2603844829771,2.36512946089177,3.41472666909217,0.0062,1,1,0.00996128456381627,0.0100295508747477,NA,0.0068,0,0,0.304591999999994
21,"core",20,"balanced","85_15","severe",0,"independent","mlma",5000,5000,0,0,0,0,-0.000489002410096808,-0.000489002410096808,0.000489002410096808,0.0799228386624176,0.0793747632104233,0.993142442621323,0.0799163420783756,0.9396,0.00336903072114221,0.311143354347649,0.0604,0.00336903072114221,0.00113027962379748,0.000799308321453263,0.0604,NA,NA,NA,NA,NA,NA,NA,NA,NA,NA,NA,0.0128610840963279,0.00795014390632074,NA,4e-04,0,0,0.279345999999987
21,"core",20,"balanced","85_15","severe",0,"independent","mlma_cr2",5000,5000,0,0,0,0,-0.000489002410096808,-0.000489002410096808,0.000489002410096808,0.0799228386624176,0.0742397318694333,0.928892580792971,0.0799163420783756,0.971,0.00237314137800511,0.500230625589286,0.029,0.00237314137800511,0.00113027962379748,0.000799308321453263,0.029,NA,2.73248764392637,2.75271747407185,0.0828098202821987,2.12752560875126,2.57010129950572,2.61653012789902,2.99272392264121,0,1,1,0.0128610840963279,0.00795014390632074,NA,4e-04,0,0,0.297086000000006
22,"core",20,"balanced","85_15","severe",0.1,"independent","aggregate_hksj",5000,5000,0,0,0,0,0.100402333673611,0.000402333673610714,0.000402333673610714,0.0791178441248366,0.078828354028674,0.996341026485684,0.0791109550232777,0.9504,0.00307049963361014,0.331224452749529,0.226,0.00591479500912754,0.00111889528187064,0.000791257570962146,NA,0.226,18,18,0,18,18,18,18,0,0,0,NA,NA,0.0125321722617661,0,0,0,0.0311439999999813
22,"core",20,"balanced","85_15","severe",0.1,"independent","che_rve",5000,5000,0,0,0,0,0.100400001523936,0.000400001523935725,0.000400001523935725,0.0791208409929449,0.073621707995718,0.930497035569714,0.0791139397271691,0.9698,0.00242024626846113,0.507604294539251,0.1132,0.00448075350806089,0.00111893766398588,0.000791287542640547,NA,0.1132,2.65574080939582,2.70128998249492,0.201937308637397,1.79783892033347,2.26245690426418,2.36453563897318,3.2130250346862,0.007,1,1,0.0100360512774378,0.0100044370227372,NA,0.0068,0,0,0.308490000000019
22,"core",20,"balanced","85_15","severe",0.1,"independent","mlma",5000,5000,0,0,0,0,0.100394516144873,0.000394516144872847,0.000394516144872847,0.0796328388696352,0.079414753156454,0.997261359556223,0.0796258525330847,0.9356,0.00347138704266753,0.311300112055577,0.2618,0.00621708549080677,0.00112617840739709,0.000796408033482138,NA,0.2618,NA,NA,NA,NA,NA,NA,NA,NA,NA,NA,0.0129157908623742,0.00791383203724846,NA,4e-04,0,0,0.283170000000013
22,"core",20,"balanced","85_15","severe",0.1,"independent","mlma_cr2",5000,5000,0,0,0,0,0.100394516144873,0.000394516144872847,0.000394516144872847,0.0796328388696352,0.0743718435572222,0.933934349357736,0.0796258525330847,0.9704,0.00239682456596222,0.501048923138763,0.1166,0.00453882011099801,0.00112617840739709,0.000796408033482138,NA,0.1166,2.733446090461,2.75382934653665,0.0825661708472101,2.18683794194218,2.5729132630267,2.62113738525266,2.98224901066465,0,1,1,0.0129157908623742,0.00791383203724846,NA,4e-04,0,0,0.301113999999998
23,"core",20,"balanced","85_15","extreme",0,"independent","aggregate_hksj",5000,5000,0,0,0,0,0.00120078407657209,0.00120078407657209,0.00120078407657209,0.0866075858448249,0.0858277169223181,0.990995373962922,0.0866072493125263,0.946,0.00319637294444813,0.360634684291334,0.054,0.00319637294444813,0.00122481622506144,0.000866162479027398,0.054,NA,18,18,0,18,18,18,18,0,0,0,NA,NA,0.0126942745200841,0,0,4e-04,0.0312860000000408
23,"core",20,"balanced","85_15","extreme",0,"independent","che_rve",5000,5000,0,0,0,0,0.00119781294456064,0.00119781294456064,0.00119781294456064,0.0865851864454125,0.0797203115239466,0.920715364795178,0.0865848131529696,0.9782,0.00206517602155361,0.590790556073229,0.0218,0.00206517602155361,0.00122449944971706,0.000865938462630514,0.0218,NA,2.45847766141438,2.44313291108666,0.370542441151784,1.47551768799478,1.8819405937401,1.98220634106753,3.78152668001581,0.1148,1,1,0.0102281432758663,0.00993163142714807,NA,0.0186,0,0,0.314669999999984
23,"core",20,"balanced","85_15","extreme",0,"independent","mlma",5000,5000,0,0,0,0,0.000782881675035017,0.000782881675035017,0.000782881675035017,0.0882517800684086,0.0877832923700164,0.994691464602425,0.0882464272003282,0.9354,0.00347640158784914,0.344104182979164,0.0646,0.00347640158784914,0.00124806864276311,0.000882606065704128,0.0646,NA,NA,NA,NA,NA,NA,NA,NA,NA,NA,NA,0.0150374140659837,0.00762711114236907,NA,0.0012,0,0,0.273155999999997
23,"core",20,"balanced","85_15","extreme",0,"independent","mlma_cr2",5000,5000,0,0,0,0,0.000782881675035017,0.000782881675035017,0.000782881675035017,0.0882517800684086,0.0828661958370282,0.938974780710306,0.0882464272003282,0.9754,0.00219065469666034,0.569777790634485,0.0246,0.00219065469666034,0.00124806864276311,0.000882606065704128,0.0246,NA,2.66439124561075,2.6932935991952,0.1820234509443,1.82977117301612,2.34156575029139,2.41913409542102,3.19727522744265,0.0014,1,1,0.0150374140659837,0.00762711114236907,NA,0.0012,0,0,0.291251999999992
24,"core",20,"balanced","85_15","extreme",0.1,"independent","aggregate_hksj",5000,5000,0,0,0,0,0.0977694874197455,-0.00223051258025447,0.00223051258025447,0.0874077717535267,0.0852331229011925,0.975120646497358,0.0874274883865179,0.9488,0.0031170036894428,0.358136292923377,0.197,0.00562478444031413,0.00123613256270649,0.000874165138420372,NA,0.197,18,18,0,18,18,18,18,0,0,0,NA,NA,0.0124495172717801,0,0,2e-04,0.0314400000000016
24,"core",20,"balanced","85_15","extreme",0.1,"independent","che_rve",5000,5000,0,0,0,0,0.0977596266181427,-0.0022403733818573,0.0022403733818573,0.0873906015787619,0.0790422335695855,0.904470642627945,0.087410577699379,0.9774,0.00210186774084384,0.588308657743624,0.0842,0.00392709460033751,0.00123588973976629,0.000873993419499973,NA,0.0842,2.4465282855765,2.42836846629186,0.365836557418097,1.45966249250962,1.87790561077281,1.97166714195489,3.46998277174518,0.1164,1,1,0.00996784755371281,0.00998682647984145,NA,0.0178,0,0,0.314530000000019
24,"core",20,"balanced","85_15","extreme",0.1,"independent","mlma",5000,5000,0,0,0,0,0.0981728844807444,-0.00182711551925563,0.00182711551925563,0.0891499161635805,0.0871382905352607,0.97743547369547,0.0891597238756589,0.9338,0.00351617860752266,0.341575822246997,0.222,0.00587734633997351,0.0012607702052296,0.000891588324926685,NA,0.222,NA,NA,NA,NA,NA,NA,NA,NA,NA,NA,0.0147167074596692,0.00767422257509315,NA,2e-04,0,0,0.272425999999988
24,"core",20,"balanced","85_15","extreme",0.1,"independent","mlma_cr2",5000,5000,0,0,0,0,0.0981728844807444,-0.00182711551925563,0.00182711551925563,0.0891499161635805,0.082292543437285,0.923080435502453,0.0891597238756589,0.9732,0.00228393344911799,0.566647733793851,0.0914,0.00407543960818953,0.0012607702052296,0.000891588324926685,NA,0.0914,2.65964298964974,2.68905886018065,0.182420921011315,1.67408430895813,2.33348123536458,2.41421950420789,3.15336815722918,0.0012,1,1,0.0147167074596692,0.00767422257509315,NA,2e-04,0,0,0.290175999999974
25,"core",20,"moderate","50_50","balanced",0,"independent","aggregate_hksj",5000,5000,0,0,0,0,-0.00127431640580573,-0.00127431640580573,0.00127431640580573,0.0573122764070481,0.0565136047553956,0.986064562398812,0.057320711526067,0.9506,0.0030646252625729,0.237461355608163,0.0494,0.0030646252625729,0.00081051798585323,0.000573180084945163,0.0494,NA,18,18,0,18,18,18,18,0,0,0,NA,NA,0.0139856149325011,0,0,0,0.0312359999999921
25,"core",20,"moderate","50_50","balanced",0,"independent","che_rve",5000,5000,0,0,0,0,-0.0011761789875391,-0.0011761789875391,0.0011761789875391,0.0563256811975981,0.0551969851249082,0.979961253043167,0.056332328577041,0.9434,0.00326791799162708,0.232795358033495,0.0566,0.00326791799162709,0.000796565422595465,0.00056331314610744,0.0566,NA,17.0448391746353,17.1873824372374,0.59200305332307,12.9839662969108,15.8826247995568,16.2561072971139,17.8794496020557,0,0,0,0.009950810306351,0.0100146255727655,NA,0.0076,0,0,0.310134
25,"core",20,"moderate","50_50","balanced",0,"independent","mlma",5000,5000,0,0,0,0,-0.00118175923307017,-0.00118175923307017,0.00118175923307017,0.0563326262356452,0.0552029636041618,0.979946565481292,0.0563393881803319,0.927,0.00367888570086106,0.216391641008065,0.073,0.00367888570086106,0.000796663640265438,0.00056338260343399,0.073,NA,NA,NA,NA,NA,NA,NA,NA,NA,NA,NA,0.0116279612588725,0.00833367849532142,NA,8e-04,0,0,0.281180000000011
25,"core",20,"moderate","50_50","balanced",0,"independent","mlma_cr2",5000,5000,0,0,0,0,-0.00118175923307017,-0.00118175923307017,0.00118175923307017,0.0563326262356452,0.05519372181439,0.9797825079823,0.0563393881803319,0.9434,0.00326791799162708,0.232786316433511,0.0566,0.00326791799162709,0.000796663640265438,0.00056338260343399,0.0566,NA,17.0387007771025,17.1873825100012,0.622645206496659,11.5253628057152,15.8826248769728,16.2561075329295,17.8794496161512,0,0,0,0.0116279612588725,0.00833367849532142,NA,8e-04,0,0,0.299109999999998
26,"core",20,"moderate","50_50","balanced",0.1,"independent","aggregate_hksj",5000,5000,0,0,0,0,0.0995153848582708,-0.000484615141729178,0.000484615141729178,0.0569530043957163,0.0562682808250639,0.987977393327753,0.05694937078311,0.9504,0.00307049963361014,0.236430542703698,0.3756,0.00684871725215752,0.000805437112343165,0.000569587005505934,NA,0.3756,18,18,0,18,18,18,18,0,0,0,NA,NA,0.0138470451105798,0,0,0,0.0312939999999893
26,"core",20,"moderate","50_50","balanced",0.1,"independent","che_rve",5000,5000,0,0,0,0,0.0996985125483132,-0.000301487451686816,0.000301487451686816,0.0561726644435682,0.0550081167082802,0.97926842625637,0.0561678560364119,0.9484,0.00312849612433834,0.232015488311589,0.3868,0.00688746339373212,0.000794401438907271,0.00056178282552743,NA,0.3868,17.0271068624914,17.1916260934718,0.619919254827015,13.529298204225,15.7809069247095,16.2431237684371,17.9179890696046,0,0,0,0.00984367102182032,0.0100547050533678,NA,0.0088,0,0,0.312207999999982
26,"core",20,"moderate","50_50","balanced",0.1,"independent","mlma",5000,5000,0,0,0,0,0.0996899269370638,-0.000310073062936234,0.000310073062936234,0.0561730596046849,0.055027701154663,0.979610182210435,0.0561682978924123,0.9322,0.00355536664775941,0.215704624830345,0.4434,0.00702561655657352,0.000794407027329376,0.000561786777533817,NA,0.4434,NA,NA,NA,NA,NA,NA,NA,NA,NA,NA,0.0115200704237164,0.00837416771879594,NA,0.001,0,0,0.280358
26,"core",20,"moderate","50_50","balanced",0.1,"independent","mlma_cr2",5000,5000,0,0,0,0,0.0996899269370638,-0.000310073062936234,0.000310073062936234,0.0561730596046849,0.0550037568867721,0.979183923287397,0.0561682978924123,0.9484,0.00312849612433834,0.232002507703824,0.387,0.00688812020801031,0.000794407027329376,0.000561786777533817,NA,0.387,17.020193840696,17.1916274234147,0.652679525123799,11.9159784392237,15.7809063024942,16.2431241453702,17.9179890646716,0,0,0,0.0115200704237164,0.00837416771879594,NA,0.001,0,0,0.298540000000009
27,"core",20,"moderate","50_50","moderate",0,"independent","aggregate_hksj",5000,5000,0,0,0,0,0.000358528651104882,0.000358528651104882,0.000358528651104882,0.0579564973973698,0.0574726043746137,0.991650754540284,0.0579518105174193,0.95,0.00308220700148449,0.241490922481359,0.05,0.00308220700148449,0.000819628646470013,0.000579622939166019,0.05,NA,18,18,0,18,18,18,18,0,0,0,NA,NA,0.0140410676878516,0,0,0,0.0314739999999991
27,"core",20,"moderate","50_50","moderate",0,"independent","che_rve",5000,5000,0,0,0,0,0.000305752990199918,0.000305752990199918,0.000305752990199918,0.0572311274638258,0.0562035126513104,0.98204447722675,0.057226220871918,0.9448,0.00322964270469661,0.237207484179456,0.0552,0.0032296427046966,0.000809370366492458,0.000572368514351822,0.0552,NA,16.8776224709297,17.0531844690057,0.724051641563192,12.6624028507987,15.4276844272463,15.9437927776185,17.8989021160454,0,0,0,0.0100407521160385,0.0100085773605005,NA,0.0084,0,0,0.313377999999932
27,"core",20,"moderate","50_50","moderate",0,"independent","mlma",5000,5000,0,0,0,0,0.000240303016161989,0.000240303016161989,0.000240303016161989,0.057221571328172,0.0563093984824546,0.984058933990365,0.0572163535115582,0.931,0.00358438279205779,0.220728786033451,0.069,0.00358438279205779,0.000809235222326003,0.000572272943437715,0.069,NA,NA,NA,NA,NA,NA,NA,NA,NA,NA,NA,0.0120467456883591,0.00816133357054007,NA,0.001,0,0,0.28121400000001
27,"core",20,"moderate","50_50","moderate",0,"independent","mlma_cr2",5000,5000,0,0,0,0,0.000240303016161989,0.000240303016161989,0.000240303016161989,0.057221571328172,0.0562897855962188,0.983716180623399,0.0572163535115582,0.9446,0.00323514574633045,0.237455748405267,0.0554,0.00323514574633045,0.000809235222326003,0.000572272943437715,0.0554,NA,16.9952636394395,17.1439303668756,0.638491479800806,12.09982384383,15.7678589849436,16.2007525065407,17.9247874649455,0,0,0,0.0120467456883591,0.00816133357054007,NA,0.001,0,0,0.29942999999996
28,"core",20,"moderate","50_50","moderate",0.1,"independent","aggregate_hksj",5000,5000,0,0,0,0,0.100091489004558,9.14890045577987e-05,9.14890045577987e-05,0.0578979516843852,0.0574502333084022,0.992267111996922,0.0578922338912873,0.9538,0.00296868859936505,0.241396922749224,0.3726,0.00683767855342733,0.000818800685056798,0.000579037423481677,NA,0.3726,18,18,0,18,18,18,18,0,0,0,NA,NA,0.0140166621271668,0,0,0,0.0310260000000315
28,"core",20,"moderate","50_50","moderate",0.1,"independent","che_rve",5000,5000,0,0,0,0,0.100126550943545,0.000126550943544884,0.000126550943544884,0.0574642835847093,0.0562087682764383,0.978151379779751,0.0574586762314241,0.9494,0.00309966578843591,0.237223129237976,0.3872,0.00688877579835489,0.000812667691975495,0.000574700308751757,NA,0.3872,16.8860797050618,17.0597762591191,0.696291970244106,12.8089752673856,15.521354850047,15.9792809538589,17.8892411681149,0,0,0,0.0100340632148363,0.0100415760084724,NA,0.0078,0,0,0.311711999999935
28,"core",20,"moderate","50_50","moderate",0.1,"independent","mlma",5000,5000,0,0,0,0,0.100142272958446,0.00014227295844621,0.00014227295844621,0.0575363349394381,0.0563434121854425,0.979266618993871,0.0575307569382697,0.9334,0.00352603006226549,0.220862117299125,0.4356,0.00701216999223493,0.000813686652005944,0.00057542089436121,NA,0.4356,NA,NA,NA,NA,NA,NA,NA,NA,NA,NA,0.0120459591582775,0.00818796349878982,NA,8e-04,0,0,0.281243999999935
28,"core",20,"moderate","50_50","moderate",0.1,"independent","mlma_cr2",5000,5000,0,0,0,0,0.100142272958446,0.00014227295844621,0.00014227295844621,0.0575363349394381,0.0563061923131844,0.978619725647306,0.0575307569382697,0.949,0.00311123769583746,0.237517526605064,0.384,0.0068781392832655,0.000813686652005944,0.00057542089436121,NA,0.384,17.0045732793119,17.1485442243359,0.610709360124035,12.2032419978209,15.8465306824484,16.2239571356472,17.9122269641698,0,0,0,0.0120459591582775,0.00818796349878982,NA,8e-04,0,0,0.299356000000007
29,"core",20,"moderate","50_50","severe",0,"independent","aggregate_hksj",5000,5000,0,0,0,0,-0.000750252862705146,-0.000750252862705146,0.000750252862705146,0.0596887634207656,0.0592747204666063,0.993063301525605,0.0596875096512024,0.9506,0.0030646252625729,0.249063133314839,0.0494,0.0030646252625729,0.000844126587509258,0.000596947331925884,0.0494,NA,18,18,0,18,18,18,18,0,0,0,NA,NA,0.0138657646147856,0,0,0,0.0316740000000282
29,"core",20,"moderate","50_50","severe",0,"independent","che_rve",5000,5000,0,0,0,0,-0.000890705567064142,-0.000890705567064142,0.000890705567064142,0.0591107303306648,0.0581802912900742,0.984259388517352,0.0591115300169411,0.9476,0.00315132480077824,0.246314547501481,0.0524,0.00315132480077824,0.000835951965154049,0.000591166422905067,0.0524,NA,16.1980227580938,16.4761676418379,1.07240398661204,10.2417259234826,13.9577747253636,14.785257445389,17.8076259729339,0,0,0,0.00996971535328581,0.0100185862344251,NA,0.0118,0,0,0.31577599999994
29,"core",20,"moderate","50_50","severe",0,"independent","mlma",5000,5000,0,0,0,0,-0.000828118550253044,-0.000828118550253044,0.000828118550253044,0.0592579782807395,0.0586804132375129,0.9902533792076,0.0592578388793912,0.9354,0.00347640158784914,0.230022993086905,0.0646,0.00347640158784914,0.000838034365634321,0.000592639049675854,0.0646,NA,NA,NA,NA,NA,NA,NA,NA,NA,NA,NA,0.0128132355085167,0.00791859142792012,NA,0.001,0,0,0.281656000000003
29,"core",20,"moderate","50_50","severe",0,"independent","mlma_cr2",5000,5000,0,0,0,0,-0.000828118550253044,-0.000828118550253044,0.000828118550253044,0.0592579782807395,0.0586694439998103,0.99006826931994,0.0592578388793912,0.951,0.00305283474822991,0.247757637075751,0.049,0.00305283474822991,0.000838034365634321,0.000592639049675854,0.049,NA,16.7515967692785,16.9357078061847,0.766407943399489,12.0180692082297,15.2952229204385,15.7610313396127,17.9407558111517,0,0,0,0.0128132355085167,0.00791859142792012,NA,0.001,0,0,0.299991999999969
30,"core",20,"moderate","50_50","severe",0.1,"independent","aggregate_hksj",5000,5000,0,0,0,0,0.100142492330302,0.000142492330302377,0.000142492330302377,0.0592392339313634,0.0593976373302603,1.00267396096108,0.0592334811020899,0.9496,0.00309385972532693,0.249579610810776,0.3496,0.00674358717597689,0.000837769280503266,0.000592451587434932,NA,0.3496,18,18,0,18,18,18,18,0,0,0,NA,NA,0.0139574649614426,0,0,0,0.0312759999999806
30,"core",20,"moderate","50_50","severe",0.1,"independent","che_rve",5000,5000,0,0,0,0,0.100009318709339,9.31870933851275e-06,9.31870933851275e-06,0.0585026550031767,0.05824558539863,0.995605847212699,0.0584968051873824,0.9544,0.00295027591929975,0.246562204870884,0.3606,0.00679069422077007,0.000827352481403267,0.000585085061463631,NA,0.3606,16.218438594687,16.4902798598892,1.08799810299897,9.08807559979793,14.031318971639,14.8241448035813,17.8308545658442,0,0,2e-04,0.0100547875382625,0.00998158630568344,NA,0.0136,0,0,0.318598000000011
30,"core",20,"moderate","50_50","severe",0.1,"independent","mlma",5000,5000,0,0,0,0,0.0997500940616997,-0.000249905938300349,0.000249905938300349,0.0588676515115214,0.058783199668677,0.998565394734189,0.0588622949550986,0.9396,0.00336903072114221,0.230425908493268,0.4046,0.00694116474375879,0.000832514311526466,0.000588735391598345,NA,0.4046,NA,NA,NA,NA,NA,NA,NA,NA,NA,NA,0.0129069151129853,0.00787138811717713,NA,0.001,2e-04,0,0.28222599999996
30,"core",20,"moderate","50_50","severe",0.1,"independent","mlma_cr2",5000,5000,0,0,0,0,0.0997500940616997,-0.000249905938300349,0.000249905938300349,0.0588676515115214,0.0587586158280995,0.99814778268502,0.0588622949550986,0.9542,0.00295642892693195,0.248110814133598,0.3518,0.00675332155313221,0.000832514311526466,0.000588735391598345,NA,0.3518,16.7712840841345,16.9546054374996,0.768282851648517,10.6710215285018,15.3111716214361,15.8039514762168,17.9350535694844,0,0,0,0.0129069151129853,0.00787138811717713,NA,0.001,2e-04,0,0.29997000000002
31,"core",20,"moderate","50_50","extreme",0,"independent","aggregate_hksj",5000,5000,0,0,0,0,-0.00187599218428626,-0.00187599218428626,0.00187599218428626,0.0651210333645071,0.0636498849929356,0.977409013715477,0.0651415396144385,0.943,0.00327874976172321,0.267446892480931,0.057,0.00327874976172321,0.000920950485798368,0.000651275464448219,0.057,NA,18,18,0,18,18,18,18,0,0,0,NA,NA,0.0140230584327612,0,0,4e-04,0.0316319999999905
31,"core",20,"moderate","50_50","extreme",0,"independent","che_rve",5000,5000,0,0,0,0,-0.00200114223236459,-0.00200114223236459,0.00200114223236459,0.064320129459797,0.0625344144165848,0.972237073242703,0.0643448226988657,0.9478,0.00314563697841948,0.267206453429079,0.0522,0.00314563697841947,0.000909623994156382,0.000643265624377058,0.0522,NA,14.5169765943096,14.9300388441529,1.72523710122633,6.57597001127013,10.896752506115,12.0776171172102,17.3774740851398,0,0,0.0268,0.0101144521202212,0.0100181123408517,NA,0.0388,0,0,0.333201999999999
31,"core",20,"moderate","50_50","extreme",0,"independent","mlma",5000,5000,0,0,0,0,-0.00197841199876921,-0.00197841199876921,0.00197841199876921,0.0650906589133257,0.0645516270729922,0.991718752746823,0.0651142122200079,0.9322,0.00355536664775941,0.253037728413051,0.0678,0.00355536664775941,0.000920520926190264,0.000650971689557397,0.0678,NA,NA,NA,NA,NA,NA,NA,NA,NA,NA,NA,0.0149008981155489,0.00762577422170685,NA,0.0016,0,0,0.277386000000031
31,"core",20,"moderate","50_50","extreme",0,"independent","mlma_cr2",5000,5000,0,0,0,0,-0.00197841199876921,-0.00197841199876921,0.00197841199876921,0.0650906589133257,0.064519988754526,0.99123268732677,0.0651142122200079,0.9506,0.0030646252625729,0.273252860756321,0.0494,0.0030646252625729,0.000920520926190264,0.000650971689557397,0.0494,NA,16.1255143139951,16.3520873424512,1.08180059435154,7.46227270078067,14.0783288163656,14.7730185463698,17.8782886836645,0,0,8e-04,0.0149008981155489,0.00762577422170685,NA,0.0016,0,0,0.295594000000025
32,"core",20,"moderate","50_50","extreme",0.1,"independent","aggregate_hksj",5000,4999,1,0,2e-04,0,0.100329309767874,0.000329309767874361,0.000329309767874361,0.0658399618835199,0.0634800653156196,0.964157078765092,0.0658341998675438,0.937987597519504,0.00341111419096802,0.266733336675052,0.319863972794559,0.00659688609282838,0.00093121079615415,0.000658531338276116,NA,0.319863972794559,18,18,0,18,18,18,18,0,0,0,NA,NA,0.0139093244174874,0,0,0.000600120024004801,0.0316023204641124
32,"core",20,"moderate","50_50","extreme",0.1,"independent","che_rve",5000,5000,0,0,0,0,0.100263722189875,0.000263722189875318,0.000263722189875318,0.0656179195321949,0.0623649269249026,0.950425240079484,0.0656118874203013,0.941,0.00333223648620562,0.266485210523556,0.3158,0.00657374109620998,0.000927977517371364,0.00065624482308581,NA,0.3158,14.5214081605846,14.8753725048611,1.67624779267252,7.02511749118082,11.1346903724347,12.2096761759989,17.4918201965915,0,0,0.023,0.00999999035144762,0.00998507145001516,NA,0.0334,0,0,0.329756000000007
32,"core",20,"moderate","50_50","extreme",0.1,"independent","mlma",5000,5000,0,0,0,0,0.100284108843863,0.000284108843863401,0.000284108843863401,0.0667839447512977,0.064321814058518,0.963132895159928,0.0667778704012357,0.9274,0.00366958417262774,0.252136877949955,0.3598,0.00678739950201843,0.000944467604160606,0.00066790624147699,NA,0.3598,NA,NA,NA,NA,NA,NA,NA,NA,NA,NA,0.0147552451800642,0.00759561471309107,NA,0.0022,2e-04,0,0.276124000000033
32,"core",20,"moderate","50_50","extreme",0.1,"independent","mlma_cr2",5000,5000,0,0,0,0,0.100284108843863,0.000284108843863401,0.000284108843863401,0.0667839447512977,0.0643035586260861,0.962859544543999,0.0667778704012357,0.9436,0.00326248494249399,0.272335792440127,0.3088,0.00653364461843465,0.000944467604160606,0.00066790624147699,NA,0.3088,16.1297092686989,16.333072970703,1.04953497083325,7.88987709679952,14.1869574767685,14.8022258039129,17.8788492082248,0,0,8e-04,0.0147552451800642,0.00759561471309107,NA,0.0022,2e-04,0,0.294379999999974
33,"core",20,"moderate","70_30","balanced",0,"independent","aggregate_hksj",5000,5000,0,0,0,0,0.000530109269543346,0.000530109269543346,0.000530109269543346,0.0613653133846357,0.0618593046898723,1.00805000867738,0.0613614664288171,0.9546,0.00294410733499986,0.259923153233877,0.0454,0.00294410733499986,0.00086783658447827,0.000613714508366073,0.0454,NA,18,18,0,18,18,18,18,0,0,0,NA,NA,0.0140982724376704,0,0,0,0.0308339999999822
33,"core",20,"moderate","70_30","balanced",0,"independent","che_rve",5000,5000,0,0,0,0,0.000396453867182552,0.000396453867182552,0.000396453867182552,0.0606264350496117,0.0597922757775198,0.986240997488812,0.0606216684822203,0.9566,0.00288154264240528,0.27021755861475,0.0434,0.00288154264240528,0.000857387266854924,0.000606324986026648,0.0434,NA,9.096384583588,9.18457111682913,0.704758518791715,5.72805219817957,7.84630679306498,8.20848901506544,11.1082857136467,0,0,0.909,0.010138527985462,0.00994588420842074,NA,0.0066,0,0,0.307956000000043
33,"core",20,"moderate","70_30","balanced",0,"independent","mlma",5000,5000,0,0,0,0,0.000396752453140862,0.000396752453140862,0.000396752453140862,0.0606308269938121,0.0606134771013471,0.999713843710778,0.0606260618465875,0.9348,0.00349138826256834,0.237600464192767,0.0652,0.00349138826256834,0.000857449378325458,0.000606368909861255,0.0652,NA,NA,NA,NA,NA,NA,NA,NA,NA,NA,NA,0.0118179091661031,0.00826415035990424,NA,4e-04,0,0,0.280722000000007
33,"core",20,"moderate","70_30","balanced",0,"independent","mlma_cr2",5000,5000,0,0,0,0,0.000396752453140862,0.000396752453140862,0.000396752453140862,0.0606308269938121,0.0597880553987456,0.986099948873326,0.0606260618465875,0.9566,0.00288154264240528,0.270206804310625,0.0434,0.00288154264240528,0.000857449378325458,0.000606368909861255,0.0434,NA,9.09444969023641,9.18457161081937,0.710279460370201,5.12815975482624,7.8415693602767,8.20666740715682,11.108285481348,0,0,0.909,0.0118179091661031,0.00826415035990424,NA,4e-04,0,0,0.298675999999999
34,"core",20,"moderate","70_30","balanced",0.1,"independent","aggregate_hksj",5000,5000,0,0,0,0,0.100552635171806,0.000552635171806398,0.000552635171806398,0.062602204920873,0.0616773539282377,0.985226542838159,0.0625983838399675,0.9514,0.0030409879973456,0.259158624503163,0.333,0.00666499812453087,0.000885328872335583,0.000626084660805547,NA,0.333,18,18,0,18,18,18,18,0,0,0,NA,NA,0.0140085865553325,0,0,0,0.0318199999999982
34,"core",20,"moderate","70_30","balanced",0.1,"independent","che_rve",5000,5000,0,0,0,0,0.100646856810085,0.000646856810085236,0.000646856810085236,0.0616928252093977,0.0598258537064788,0.969737623514857,0.0616900470506677,0.9538,0.00296868859936505,0.270443777646496,0.311,0.00654643414386794,0.000872468301122431,0.000616989954174653,NA,0.311,9.08297753582663,9.15783848732662,0.711640052451765,4.94686142470249,7.81999466056967,8.18500518105117,11.617381333668,0,0,0.9026,0.0100339964059955,0.00999279533103672,NA,0.0062,0,0,0.326862000000001
34,"core",20,"moderate","70_30","balanced",0.1,"independent","mlma",5000,5000,0,0,0,0,0.100650781583345,0.000650781583345389,0.000650781583345389,0.0616960664883455,0.0604232812417319,0.979370074640754,0.061693329103555,0.9338,0.00351617860752266,0.236854910123058,0.391,0.00690099992754673,0.000872514139728905,0.000617022370205896,NA,0.391,NA,NA,NA,NA,NA,NA,NA,NA,NA,NA,0.0117124028525629,0.00831142729712625,NA,6e-04,0,0,0.307558000000001
34,"core",20,"moderate","70_30","balanced",0.1,"independent","mlma_cr2",5000,5000,0,0,0,0,0.100650781583345,0.000650781583345389,0.000650781583345389,0.0616960664883455,0.0598216584252254,0.969618677983722,0.061693329103555,0.9536,0.00297479545515318,0.270436181899353,0.311,0.00654643414386794,0.000872514139728905,0.000617022370205896,NA,0.311,9.08064371519962,9.15625697763288,0.718058823260871,3.91160750538525,7.81596348104838,8.18089758091054,11.6684247547677,0,2e-04,0.9028,0.0117124028525629,0.00831142729712625,NA,6e-04,0,0,0.326308000000003
35,"core",20,"moderate","70_30","moderate",0,"independent","aggregate_hksj",5000,5000,0,0,0,0,-0.00118343000353233,-0.00118343000353233,0.00118343000353233,0.0631076259928897,0.0627004134252298,0.993547331859611,0.0631124112242594,0.95,0.00308220700148449,0.263457360994581,0.05,0.00308220700148449,0.000892476605683135,0.000631139377022612,0.05,NA,18,18,0,18,18,18,18,0,0,0,NA,NA,0.0140255112664312,0,0,0,0.0316540000000083
35,"core",20,"moderate","70_30","moderate",0,"independent","che_rve",5000,5000,0,0,0,0,-0.000986724084738898,-0.000986724084738898,0.000986724084738898,0.0623279113554581,0.0606985952980471,0.973858965879363,0.0623294890452863,0.9512,0.00304691844328003,0.274819482033585,0.0488,0.00304691844328003,0.000881449775532769,0.000623341450816682,0.0488,NA,8.99264386553716,9.0820434958968,0.76302004642474,4.76509194793733,7.62254464504023,8.03123447159353,11.4504505496564,0,0,0.93,0.00999309277348294,0.0100015532232738,NA,0.0088,0,0,0.31788600000001
35,"core",20,"moderate","70_30","moderate",0,"independent","mlma",5000,5000,0,0,0,0,-0.00102652454061083,-0.00102652454061083,0.00102652454061083,0.0624099824056128,0.0613930536908418,0.983705672144533,0.0624121835487319,0.9328,0.00354073890593475,0.240656348269967,0.0672,0.00354073890593475,0.000882610435454838,0.000624162243401591,0.0672,NA,NA,NA,NA,NA,NA,NA,NA,NA,NA,NA,0.0119999813422604,0.00814421083071545,NA,2e-04,0,0,0.286065999999999
35,"core",20,"moderate","70_30","moderate",0,"independent","mlma_cr2",5000,5000,0,0,0,0,-0.00102652454061083,-0.00102652454061083,0.00102652454061083,0.0624099824056128,0.0607841292147471,0.97394882792469,0.0624121835487319,0.9508,0.00305873699425106,0.274952165598988,0.0492,0.00305873699425106,0.000882610435454838,0.000624162243401591,0.0492,NA,9.05027864294027,9.14868846358126,0.740802486305501,4.92481726516261,7.71056828929045,8.10629756565736,11.4580595475919,0,0,0.9152,0.0119999813422604,0.00814421083071545,NA,2e-04,0,0,0.30428199999999
36,"core",20,"moderate","70_30","moderate",0.1,"independent","aggregate_hksj",5000,5000,0,0,0,0,0.100349297254493,0.000349297254492828,0.000349297254492828,0.0627839787516347,0.0627304595973905,0.999147566699206,0.0627786717831792,0.9558,0.00290676314824583,0.263583610325215,0.323,0.00661318380207295,0.00088789954250306,0.000627902580914265,NA,0.323,18,18,0,18,18,18,18,0,0,0,NA,NA,0.0140427907188821,0,0,0,0.0307020000000008
36,"core",20,"moderate","70_30","moderate",0.1,"independent","che_rve",5000,5000,0,0,0,0,0.100173713789401,0.000173713789400759,0.000173713789400759,0.0620526830224961,0.0608135291574876,0.980030615846872,0.0620467206198438,0.9532,0.00298696367570816,0.275351744354838,0.3024,0.00649544825243031,0.000877557459120527,0.000620588892217438,NA,0.3024,8.98924028369892,9.05778495143783,0.755562482140922,4.76300095985512,7.66543639820967,8.0000681170835,11.4839680692215,0,0,0.9342,0.0100847466215459,0.00995563151198697,NA,0.0086,0,0,0.304202000000005
36,"core",20,"moderate","70_30","moderate",0.1,"independent","mlma",5000,5000,0,0,0,0,0.100154780412956,0.000154780412955746,0.000154780412955746,0.0621404871781321,0.0615639676355042,0.990722320200431,0.0621344656022927,0.9358,0.00346636293541228,0.241326318621956,0.3798,0.00686370104244059,0.000878799197397859,0.000621467021591126,NA,0.3798,NA,NA,NA,NA,NA,NA,NA,NA,NA,NA,0.0120904654366945,0.00810822934214672,NA,2e-04,0,0,0.272684000000006
36,"core",20,"moderate","70_30","moderate",0.1,"independent","mlma_cr2",5000,5000,0,0,0,0,0.100154780412956,0.000154780412955746,0.000154780412955746,0.0621404871781321,0.060918230263944,0.980330747799185,0.0621344656022927,0.9532,0.00298696367570816,0.275585975001493,0.3004,0.00648320661401439,0.000878799197397859,0.000621467021591126,NA,0.3004,9.04299782341516,9.11840122201436,0.740457311605487,5.20192135569007,7.7218584635694,8.09177797694119,11.3512299347912,0,0,0.9162,0.0120904654366945,0.00810822934214672,NA,2e-04,0,0,0.29056400000001
37,"core",20,"moderate","70_30","severe",0,"independent","aggregate_hksj",5000,5000,0,0,0,0,-0.00196362914690315,-0.00196362914690315,0.00196362914690315,0.0649219733627154,0.0646316285445394,0.995527788156501,0.064945172970827,0.9488,0.0031170036894428,0.271572025811789,0.0512,0.0031170036894428,0.00091813535225577,0.000649284665340437,0.0512,NA,18,18,0,18,18,18,18,0,0,0,NA,NA,0.0138686377062155,0,0,0,0.0309399999999932
37,"core",20,"moderate","70_30","severe",0,"independent","che_rve",5000,5000,0,0,0,0,-0.00194018413842715,-0.00194018413842715,0.00194018413842715,0.064105501330286,0.0626692091203581,0.977594868145125,0.0641284469813369,0.9548,0.00293792307591605,0.285381486956114,0.0452,0.00293792307591605,0.000906588694040169,0.000641119128421618,0.0452,NA,8.69762169111724,8.79811467312177,0.979440296488689,4.11067027851481,6.92695895349117,7.39865938939989,11.577976417145,0,0,0.928,0.00992530956493172,0.00996773906867759,NA,0.0146,0,0,0.311692000000006
37,"core",20,"moderate","70_30","severe",0,"independent","mlma",5000,5000,0,0,0,0,-0.00176217004847037,-0.00176217004847037,0.00176217004847037,0.064662119684249,0.0639433112785172,0.988883624458311,0.0646796623939508,0.9326,0.00354562378150869,0.250653174316255,0.0674,0.00354562378150869,0.000914460466292572,0.000646685868663109,0.0674,NA,NA,NA,NA,NA,NA,NA,NA,NA,NA,NA,0.0127583377576478,0.00785747108483015,NA,2e-04,0,0,0.274815999999992
37,"core",20,"moderate","70_30","severe",0,"independent","mlma_cr2",5000,5000,0,0,0,0,-0.00176217004847037,-0.00176217004847037,0.00176217004847037,0.064662119684249,0.0632177628495561,0.97766301442412,0.0646796623939508,0.9542,0.00295642892693195,0.286528449724088,0.0458,0.00295642892693195,0.000914460466292572,0.000646685868663109,0.0458,NA,8.95390371007207,9.05448258337899,0.854199330281185,4.33760448914301,7.4086743525461,7.83242127918919,11.4054749282876,0,0,0.9152,0.0127583377576478,0.00785747108483015,NA,2e-04,0,0,0.293069999999997
38,"core",20,"moderate","70_30","severe",0.1,"independent","aggregate_hksj",5000,5000,0,0,0,0,0.101453007251141,0.00145300725114085,0.00145300725114085,0.0664151411341476,0.0648678471367614,0.976702692022276,0.0664243931680692,0.9468,0.00317394895989208,0.272564579505217,0.3168,0.00657932762522129,0.000939251933388348,0.000664217836446542,NA,0.3168,18,18,0,18,18,18,18,0,0,0,NA,NA,0.0139885342127834,0,0,0,0.0305499999999891
38,"core",20,"moderate","70_30","severe",0.1,"independent","che_rve",5000,5000,0,0,0,0,0.101270592406223,0.00127059240622286,0.00127059240622286,0.0657157096469084,0.0627968839605352,0.955584049810067,0.0657214210783717,0.951,0.00305283474822991,0.28593688547982,0.2904,0.0064197794354635,0.000929360478436303,0.00065722282203773,NA,0.2904,8.70495762803647,8.79421558903534,0.971421305069295,4.54484160457574,6.97946046425607,7.47235450089198,11.7763192795063,0,0,0.9314,0.0100609468190772,0.00994870120652527,NA,0.0142,0,0,0.31185
38,"core",20,"moderate","70_30","severe",0.1,"independent","mlma",5000,5000,0,0,0,0,0.101201377693422,0.00120137769342174,0.00120137769342174,0.0658037440293083,0.0642320646305409,0.976115653874232,0.0658081302734801,0.9342,0.00350629034736144,0.251785066657018,0.3654,0.00681003436114679,0.000930605472611754,0.000658103253909319,NA,0.3654,NA,NA,NA,NA,NA,NA,NA,NA,NA,NA,0.0129330804731696,0.00783733023079635,NA,8e-04,0,0,0.275756000000013
38,"core",20,"moderate","70_30","severe",0.1,"independent","mlma_cr2",5000,5000,0,0,0,0,0.101201377693422,0.00120137769342174,0.00120137769342174,0.0658037440293083,0.0634195393919065,0.96376794857843,0.0658081302734801,0.9508,0.00305873699425106,0.287408399535772,0.2864,0.00639335655192169,0.000930605472611754,0.000658103253909319,NA,0.2864,8.96166577917137,9.05413649237199,0.84710716597586,4.0361563350354,7.45579994141662,7.87932703942659,11.8997476167301,0,0,0.9124,0.0129330804731696,0.00783733023079635,NA,8e-04,0,0,0.293864000000028
39,"core",20,"moderate","70_30","extreme",0,"independent","aggregate_hksj",5000,5000,0,0,0,0,-0.00068291923399212,-0.00068291923399212,0.00068291923399212,0.0708932845018737,0.0695000781658428,0.9803478376574,0.0708894843724108,0.9496,0.00309385972532693,0.292028492034188,0.0504,0.00309385972532693,0.00100258244423724,0.000709003748939004,0.0504,NA,18,18,0,18,18,18,18,0,0,0,NA,NA,0.013876190824989,0,0,8e-04,0.0310120000000126
39,"core",20,"moderate","70_30","extreme",0,"independent","che_rve",5000,5000,0,0,0,0,-0.000931322760419327,-0.000931322760419327,0.000931322760419327,0.0699614638156089,0.067295215204643,0.961889753793701,0.0699606665207171,0.9536,0.00297479545515318,0.312678238269898,0.0464,0.00297479545515318,0.000989404509715087,0.000699684610115874,0.0464,NA,7.8756720174215,7.95471998214378,1.40555282830879,2.97393832010571,5.41921706901977,6.01717494035405,12.9457693755211,0,0.0048,0.9448,0.0100113324999242,0.00997177687483143,NA,0.0306,0,0,0.326424000000021
39,"core",20,"moderate","70_30","extreme",0,"independent","mlma",5000,5000,0,0,0,0,-0.000720917245849046,-0.000720917245849046,0.000720917245849046,0.0715147704376734,0.0705375671226857,0.986335643545982,0.0715112525407739,0.9382,0.00340531232047811,0.276502182235081,0.0618,0.00340531232047811,0.00101137158262956,0.000715219229876176,0.0618,NA,NA,NA,NA,NA,NA,NA,NA,NA,NA,NA,0.014928960914108,0.00758562461324197,NA,0.0028,2e-04,0,0.274952000000008
39,"core",20,"moderate","70_30","extreme",0,"independent","mlma_cr2",5000,5000,0,0,0,0,-0.000720917245849046,-0.000720917245849046,0.000720917245849046,0.0715147704376734,0.0697743961423537,0.975664128058182,0.0715112525407739,0.9532,0.00298696367570816,0.3184599804252,0.0468,0.00298696367570816,0.00101137158262956,0.000715219229876176,0.0468,NA,8.6341442172433,8.77863068273915,1.1144866421339,2.94249358005261,6.61378941991157,7.12840050797985,11.9446275634573,0,0.0014,0.9174,0.014928960914108,0.00758562461324197,NA,0.0028,2e-04,0,0.292898
40,"core",20,"moderate","70_30","extreme",0.1,"independent","aggregate_hksj",5000,4999,1,0,2e-04,2e-04,0.100470495525655,0.000470495525654716,0.000470495525654716,0.0718489156316626,0.0697403804268677,0.970653207689252,0.0718432695777271,0.944788957791558,0.00323026988563598,0.293038204667202,0.279455891178236,0.00634666173951708,0.0010161987342359,0.000718632897271614,NA,0.279455891178236,18,18,0,18,18,18,18,0,0,0,NA,NA,0.0140477672847755,0,0,0.000800160032006401,0.0312322464492799
40,"core",20,"moderate","70_30","extreme",0.1,"independent","che_rve",5000,5000,0,0,0,0,0.100402886519959,0.000402886519959261,0.000402886519959261,0.0714342938979831,0.0676398684403682,0.946882299095251,0.071428286347794,0.9514,0.0030409879973456,0.314182792861565,0.2438,0.00607225757029459,0.00101023347249073,0.00071441438399066,NA,0.2438,7.88845749294425,7.96590146593751,1.40152239891655,2.51631920361789,5.43862084764397,6.0198848711444,12.5946809126503,0,0.0042,0.9466,0.0101585138374358,0.0100041144123573,NA,0.0332,0,0,0.328030000000018
40,"core",20,"moderate","70_30","extreme",0.1,"independent","mlma",5000,5000,0,0,0,0,0.10028367130597,0.000283671305970054,0.000283671305970054,0.0725785154429983,0.0706885017814708,0.973959047660435,0.0725718116429416,0.9332,0.00353094208392038,0.277093835225556,0.3162,0.00657597992697666,0.00102641520876393,0.000725857743834018,NA,0.3162,NA,NA,NA,NA,NA,NA,NA,NA,NA,NA,0.014989716976682,0.00760249597730734,NA,0.0018,0,0,0.276521999999994
40,"core",20,"moderate","70_30","extreme",0.1,"independent","mlma_cr2",5000,5000,0,0,0,0,0.10028367130597,0.000283671305970054,0.000283671305970054,0.0725785154429983,0.0698944084521829,0.963017885190509,0.0725718116429416,0.9518,0.00302908435009658,0.319028134593791,0.2436,0.00607056900133752,0.00102641520876393,0.000725857743834018,NA,0.2436,8.63139576989447,8.75037249700675,1.10424693947336,2.69188690354251,6.63703642838669,7.15288493449155,11.895110104105,0,6e-04,0.918,0.014989716976682,0.00760249597730734,NA,0.0018,0,0,0.294684000000005
41,"core",20,"moderate","85_15","balanced",0,"independent","aggregate_hksj",5000,5000,0,0,0,0,0.000413777022939704,0.000413777022939704,0.000413777022939704,0.0798598312911216,0.0795366096497296,0.995952638063888,0.0798529169582449,0.9474,0.00315699984162179,0.33420043243833,0.0526,0.00315699984162179,0.00112938856500731,0.000798678184723479,0.0526,NA,18,18,0,18,18,18,18,0,0,0,NA,NA,0.0141570981411424,0,0,0,0.0306139999999854
41,"core",20,"moderate","85_15","balanced",0,"independent","che_rve",5000,5000,0,0,0,0,0.000522013106500295,0.000522013106500295,0.000522013106500295,0.0791367008587966,0.0727725101478494,0.919579782302237,0.0791305086361351,0.9728,0.00230044169671826,0.502577226082801,0.0272,0.00230044169671826,0.00111916195635973,0.000791446157161309,0.0272,NA,2.64549742938219,2.62908372354846,0.20187825806928,1.85431937788487,2.30695782777715,2.39048208550919,3.32740215441577,0.0026,1,1,0.0101708729047641,0.0099659152089729,NA,0.0074,0,0,0.310983999999975
41,"core",20,"moderate","85_15","balanced",0,"independent","mlma",5000,5000,0,0,0,0,0.000527366718656102,0.000527366718656102,0.000527366718656102,0.0791346069071907,0.0781243177948648,0.987233283239647,0.0791284504385715,0.9318,0.00356507391227728,0.306241698389393,0.0682,0.00356507391227728,0.00111913234341213,0.000791425215550984,0.0682,NA,NA,NA,NA,NA,NA,NA,NA,NA,NA,NA,0.0118490221368652,0.00828477320426084,NA,6e-04,0,0,0.281176000000001
41,"core",20,"moderate","85_15","balanced",0,"independent","mlma_cr2",5000,5000,0,0,0,0,0.000527366718656102,0.000527366718656102,0.000527366718656102,0.0791346069071907,0.0727666961418613,0.919530645134843,0.0791284504385715,0.9728,0.00230044169671826,0.502624894708266,0.0272,0.00230044169671826,0.00111913234341213,0.000791425215550984,0.0272,NA,2.64495059889382,2.62908371010698,0.203445910704783,1.78490492071905,2.30695782341123,2.39048212736165,3.36671136643137,0.0048,1,1,0.0118490221368652,0.00828477320426084,NA,6e-04,0,0,0.299228000000001
42,"core",20,"moderate","85_15","balanced",0.1,"independent","aggregate_hksj",5000,5000,0,0,0,0,0.100592285235558,0.00059228523555821,0.00059228523555821,0.0793785537625962,0.0788843090200347,0.993773573350307,0.0793728253767129,0.952,0.00302311098043059,0.331459566898752,0.2246,0.00590177668164427,0.00112258227292625,0.000793864928088493,NA,0.2246,18,18,0,18,18,18,18,0,0,0,NA,NA,0.0138644621060078,0,0,0,0.030747999999985
42,"core",20,"moderate","85_15","balanced",0.1,"independent","che_rve",5000,5000,0,0,0,0,0.100591285049768,0.000591285049767534,0.000591285049767534,0.0787005142006166,0.0729262733394707,0.926630201596565,0.078694865139121,0.975,0.00220794021658196,0.504545579043026,0.1086,0.004400137270586,0.00111299334548248,0.000787083854327412,NA,0.1086,2.63834207858313,2.62672174136285,0.204413321400369,1.84284219646484,2.28856994276373,2.37767182411584,3.16348524620587,0.0028,1,1,0.00990539971500736,0.00999660501158935,NA,0.007,0,0,0.309768000000019
42,"core",20,"moderate","85_15","balanced",0.1,"independent","mlma",5000,5000,0,0,0,0,0.100594281679538,0.000594281679537553,0.000594281679537553,0.0787004751531829,0.0776313875934305,0.986415741993024,0.0786948486693604,0.9348,0.00349138826256834,0.304309447505987,0.2668,0.00625488225308838,0.00111299279326838,0.000787083463814022,NA,0.2668,NA,NA,NA,NA,NA,NA,NA,NA,NA,NA,0.0115834480783424,0.00831538770727432,NA,8e-04,0,0,0.280979999999996
42,"core",20,"moderate","85_15","balanced",0.1,"independent","mlma_cr2",5000,5000,0,0,0,0,0.100594281679538,0.000594281679537553,0.000594281679537553,0.0787004751531829,0.0729188240260206,0.926536007363248,0.0786948486693604,0.9748,0.00221652701314466,0.504562516679527,0.1086,0.004400137270586,0.00111299279326838,0.000787083463814022,NA,0.1086,2.63784151663172,2.62584897423322,0.205756197253072,1.74706910098763,2.2885699492848,2.37767128394735,3.29309503745242,0.0044,1,1,0.0115834480783424,0.00831538770727432,NA,8e-04,0,0,0.299197999999949
43,"core",20,"moderate","85_15","moderate",0,"independent","aggregate_hksj",5000,5000,0,0,0,0,-0.00178581332400963,-0.00178581332400963,0.00178581332400963,0.0815327207651294,0.0804634820912861,0.986885772192941,0.0815441240536784,0.9514,0.0030409879973456,0.338095005920246,0.0486,0.0030409879973456,0.00115304679483224,0.000815408752604006,0.0486,NA,18,18,0,18,18,18,18,0,0,0,NA,NA,0.014044471206301,0,0,0,0.0309079999999572
43,"core",20,"moderate","85_15","moderate",0,"independent","che_rve",5000,5000,0,0,0,0,-0.00187850849604164,-0.00187850849604164,0.00187850849604164,0.0805131674031086,0.0734564203646288,0.912352882564556,0.0805270292847416,0.9728,0.00230044169671826,0.509546149989572,0.0272,0.00230044169671826,0.00113862813291092,0.000805212199277478,0.0272,NA,2.62958995662265,2.63313300818213,0.209665125462932,1.74702400502925,2.26343246993143,2.35447813331192,3.48384061380882,0.0038,1,1,0.0100554676735584,0.0100353937283588,NA,0.0102,0,0,0.312438000000036
43,"core",20,"moderate","85_15","moderate",0,"independent","mlma",5000,5000,0,0,0,0,-0.00182088158748994,-0.00182088158748994,0.00182088158748994,0.0806535352459033,0.0791634134208891,0.981524407820798,0.0806660235716891,0.9306,0.00359398497492686,0.310314878396395,0.0694,0.00359398497492686,0.00114061323398093,0.000806616018094326,0.0694,NA,NA,NA,NA,NA,NA,NA,NA,NA,NA,NA,0.0120519485506408,0.00817717335032928,NA,6e-04,0,0,0.282184000000051
43,"core",20,"moderate","85_15","moderate",0,"independent","mlma_cr2",5000,5000,0,0,0,0,-0.00182088158748994,-0.00182088158748994,0.00182088158748994,0.0806535352459033,0.0735625462072921,0.912080865184749,0.0806660235716891,0.9728,0.00230044169671826,0.50937175500759,0.0272,0.00230044169671826,0.00114061323398093,0.000806616018094326,0.0272,NA,2.63811921122429,2.64031408286682,0.212032323788109,1.70152316339398,2.27010420953758,2.36047417033414,3.27817137799564,0.005,1,1,0.0120519485506408,0.00817717335032928,NA,6e-04,0,0,0.300228000000033
44,"core",20,"moderate","85_15","moderate",0.1,"independent","aggregate_hksj",5000,5000,0,0,0,0,0.099472004383882,-0.000527995616117979,0.000527995616117979,0.0814507573186207,0.0803202096860314,0.986119863463432,0.0814443233256556,0.9496,0.00309385972532693,0.33749299761233,0.2128,0.00578819764693639,0.00115188765665553,0.000814589036163175,NA,0.2128,18,18,0,18,18,18,18,0,0,0,NA,NA,0.0139922510812711,0,0,0,0.0313739999999947
44,"core",20,"moderate","85_15","moderate",0.1,"independent","che_rve",5000,5000,0,0,0,0,0.0995677818964952,-0.000432218103504758,0.000432218103504758,0.080334522402344,0.0740800277821626,0.922144372890441,0.0803276513723872,0.9724,0.00231681850821336,0.513673777142403,0.1088,0.00440369299565717,0.0011361017110816,0.000803425570598029,NA,0.1088,2.63363131996691,2.63231302840627,0.208995255290821,1.87410943636442,2.26790342309899,2.36002518230482,3.29729731617536,0.0044,1,1,0.0100127489721849,0.0100231915250916,NA,0.0072,0,0,0.309916000000008
44,"core",20,"moderate","85_15","moderate",0.1,"independent","mlma",5000,5000,0,0,0,0,0.0995694591587997,-0.000430540841200283,0.000430540841200283,0.0804010525331125,0.0790418051904424,0.983094159841871,0.080394164887749,0.9356,0.00347138704266753,0.309838182892596,0.26,0.00620322496770833,0.00113704258921399,0.000804090938445826,NA,0.26,NA,NA,NA,NA,NA,NA,NA,NA,NA,NA,0.0120129222450246,0.00817051517948048,NA,0.0012,0,0,0.28159799999997
44,"core",20,"moderate","85_15","moderate",0.1,"independent","mlma_cr2",5000,5000,0,0,0,0,0.0995694591587997,-0.000430540841200283,0.000430540841200283,0.0804010525331125,0.0741997355130183,0.922870201014592,0.080394164887749,0.973,0.00229220417938717,0.513811078029436,0.1084,0.00439657685023246,0.00113704258921399,0.000804090938445826,NA,0.1084,2.64083343675438,2.63771402690941,0.212678589062821,1.7814383766351,2.26638098321266,2.35973938418919,3.32109743662906,0.0048,1,1,0.0120129222450246,0.00817051517948048,NA,0.0012,0,0,0.29977399999999
45,"core",20,"moderate","85_15","severe",0,"independent","aggregate_hksj",5000,5000,0,0,0,0,0.000229688150443421,0.000229688150443421,0.000229688150443421,0.0838635972050659,0.083359353118046,0.993987330572204,0.0838555249952724,0.947,0.00316831185333767,0.350263004451877,0.053,0.00316831185333767,0.00118601036556799,0.000838719848229501,0.053,NA,18,18,0,18,18,18,18,0,0,0,NA,NA,0.0138942974822509,0,0,0,0.0311960000000719
45,"core",20,"moderate","85_15","severe",0,"independent","che_rve",5000,5000,0,0,0,0,5.76875367097663e-05,5.76875367097663e-05,5.76875367097663e-05,0.0829333326818456,0.0765554854144389,0.923096696332296,0.0829250589992894,0.9728,0.00230044169671826,0.543134836426913,0.0272,0.00230044169671826,0.00117285443851466,0.000829416272593211,0.0272,NA,2.56525662330156,2.58189287971734,0.266221371964206,1.55459672750554,2.0912473019924,2.20812805172427,3.55103086392098,0.0244,1,1,0.00998437370295307,0.0100197511811841,NA,0.0154,0,0,0.31761999999996
45,"core",20,"moderate","85_15","severe",0,"independent","mlma",5000,5000,0,0,0,0,7.64467003380869e-05,7.64467003380869e-05,7.64467003380869e-05,0.0831861119992468,0.0826423436859609,0.993463232020138,0.0831778281022251,0.9296,0.00361784023970103,0.323952034444929,0.0704,0.00361784023970103,0.00117642927790422,0.000831944318584464,0.0704,NA,NA,NA,NA,NA,NA,NA,NA,NA,NA,NA,0.012840320131134,0.00793032393168927,NA,8e-04,0,0,0.281511999999986
45,"core",20,"moderate","85_15","severe",0,"independent","mlma_cr2",5000,5000,0,0,0,0,7.64467003380869e-05,7.64467003380869e-05,7.64467003380869e-05,0.0831861119992468,0.0772786909488094,0.928985489182486,0.0831778281022251,0.9738,0.00225891832521674,0.541573930534329,0.0262,0.00225891832521674,0.00117642927790422,0.000831944318584464,0.0262,NA,2.61086818804269,2.64229269900252,0.255662803888036,1.47520586350936,2.11758312042669,2.25719937572196,3.47847349677235,0.0216,1,1,0.012840320131134,0.00793032393168927,NA,8e-04,0,0,0.299651999999968
46,"core",20,"moderate","85_15","severe",0.1,"independent","aggregate_hksj",5000,5000,0,0,0,0,0.100825195793289,0.000825195793288686,0.000825195793288686,0.0844151948242074,0.0828519879130531,0.981481924973228,0.0844107865161953,0.9498,0.00308804015517933,0.348131134968635,0.2082,0.00574199895506783,0.00119381113390761,0.000844236376101288,NA,0.2082,18,18,0,18,18,18,18,0,0,0,NA,NA,0.0137426187240577,0,0,0,0.0313679999999484
46,"core",20,"moderate","85_15","severe",0.1,"independent","che_rve",5000,5000,0,0,0,0,0.100695320341921,0.000695320341920713,0.000695320341920713,0.0838412937695394,0.0769377365248134,0.917659223345213,0.0838357927070527,0.9736,0.00226729089443768,0.545538249872104,0.103,0.00429862768799532,0.0011856949473579,0.000838496791567454,NA,0.103,2.56652050379054,2.58410612718034,0.269936111162971,1.61092015177989,2.08536651090706,2.21166176338061,3.76662757654026,0.0308,1,1,0.00982741849312838,0.0100267652005744,NA,0.0162,0,0,0.318947999999989
46,"core",20,"moderate","85_15","severe",0.1,"independent","mlma",5000,5000,0,0,0,0,0.100712319416602,0.000712319416601714,0.000712319416601714,0.084282617691703,0.0822760975707165,0.976192954420018,0.0842771993601357,0.9322,0.00355536664775941,0.322516376054215,0.249,0.0061155375887979,0.00119193621011913,0.000842910472179222,NA,0.249,NA,NA,NA,NA,NA,NA,NA,NA,NA,NA,0.0126911113914876,0.00791073601564103,NA,0.0016,0,0,0.281950000000033
46,"core",20,"moderate","85_15","severe",0.1,"independent","mlma_cr2",5000,5000,0,0,0,0,0.100712319416602,0.000712319416601714,0.000712319416601714,0.084282617691703,0.0775957334978534,0.920661170986531,0.0842771993601357,0.9722,0.00232495849425318,0.543624661230174,0.1046,0.00432802125687941,0.00119193621011913,0.000842910472179222,NA,0.1046,2.60997048517226,2.64434049906945,0.258085550556375,1.64004839529227,2.11897358527193,2.25604845078526,3.34946144988427,0.0262,1,1,0.0126911113914876,0.00791073601564103,NA,0.0016,0,0,0.300024000000037
47,"core",20,"moderate","85_15","extreme",0,"independent","aggregate_hksj",5000,5000,0,0,0,0,0.00233316539122517,0.00233316539122517,0.00233316539122517,0.0929368270487819,0.090169577339289,0.970224400839074,0.0929568181032119,0.9406,0.00334280241713446,0.378878504782662,0.0594,0.00334280241713446,0.0013143252125631,0.000929461221257715,0.0594,NA,18,18,0,18,18,18,18,0,0,0,NA,NA,0.0140136872898896,0,0,4e-04,0.0313379999999204
47,"core",20,"moderate","85_15","extreme",0,"independent","che_rve",5000,5000,0,0,0,0,0.00208280713386126,0.00208280713386126,0.00208280713386126,0.0920246208275834,0.0829469354434732,0.901355905599241,0.0920389874881817,0.9754,0.00219065469666034,0.627604406885612,0.0246,0.00219065469666034,0.0013014246684661,0.000920338246702656,0.0246,NA,2.40522312914387,2.39006898099808,0.392142926303913,1.33287270317104,1.78399315217652,1.88860113380985,5.11435085874918,0.1628,0.999,1,0.0101769917434627,0.00997331297995696,NA,0.031,0,0,0.326810000000006
47,"core",20,"moderate","85_15","extreme",0,"independent","mlma",5000,5000,0,0,0,0,0.0023073808887238,0.0023073808887238,0.0023073808887238,0.0937560770265897,0.0912751112911079,0.973538080792586,0.0937750923517838,0.9314,0.00357474586509307,0.357791861630914,0.0686,0.00357474586509307,0.001325911156859,0.000937654540408679,0.0686,NA,NA,NA,NA,NA,NA,NA,NA,NA,NA,NA,0.0149475630185727,0.00760618765030023,NA,0.0014,2e-04,0,0.277433999999984
47,"core",20,"moderate","85_15","extreme",0,"independent","mlma_cr2",5000,5000,0,0,0,0,0.0023073808887238,0.0023073808887238,0.0023073808887238,0.0937560770265897,0.085464041752383,0.91155735673694,0.0937750923517838,0.9732,0.00228393344911799,0.620123840640374,0.0268,0.00228393344911799,0.001325911156859,0.000937654540408679,0.0268,NA,2.531498764288,2.61205002266928,0.349938572322423,1.30746229591848,1.82678408266105,1.97420301375978,3.75037474805884,0.109,1,1,0.0149475630185727,0.00760618765030023,NA,0.0014,2e-04,0,0.295400000000032
48,"core",20,"moderate","85_15","extreme",0.1,"independent","aggregate_hksj",5000,5000,0,0,0,2e-04,0.100328391845387,0.000328391845387049,0.000328391845387049,0.0931771847440912,0.0898995446802793,0.964823577007464,0.0931684453046591,0.9426,0.0032895361375124,0.377743869652866,0.1964,0.00561831006620318,0.00131772438368837,0.000931865038604563,NA,0.1964,18,18,0,18,18,18,18,0,0,0,NA,NA,0.013935827750176,0,0,6e-04,0.0311579999999769
48,"core",20,"moderate","85_15","extreme",0.1,"independent","che_rve",5000,5000,0,0,0,0,0.100659982069141,0.000659982069141363,0.000659982069141363,0.092455843579551,0.0824402809274846,0.891671934792864,0.0924489533295839,0.9788,0.00203718236787971,0.623285082578509,0.0828,0.00389728520896277,0.00130752307910846,0.000924650905509778,NA,0.0828,2.4067309818762,2.40226627167633,0.382934843592166,1.43302521427531,1.80751098854036,1.90646466612621,4.00905157647014,0.1574,0.9998,1,0.0100413125388727,0.00999750541237146,NA,0.0302,0,0,0.32684000000005
48,"core",20,"moderate","85_15","extreme",0.1,"independent","mlma",5000,5000,0,0,0,0,0.100888226387665,0.00088822638766517,0.00088822638766517,0.0937834476234829,0.0907345290939346,0.967489801166311,0.0937782753480393,0.9282,0.00365088372863338,0.355672818356627,0.225,0.00590550590550886,0.00132629823555236,0.000937928273752315,NA,0.225,NA,NA,NA,NA,NA,NA,NA,NA,NA,NA,0.0148065470462926,0.00760493608745682,NA,0.0018,0,0,0.277216000000066
48,"core",20,"moderate","85_15","extreme",0.1,"independent","mlma_cr2",5000,5000,0,0,0,0,0.100888226387665,0.00088822638766517,0.00088822638766517,0.0937834476234829,0.0851635489343332,0.908087206137309,0.0937782753480393,0.9766,0.00213786996798215,0.615851033930771,0.0868,0.00398160168776336,0.00132629823555236,0.000937928273752315,NA,0.0868,2.54128588213291,2.62000467795262,0.346120865416227,1.33642081025606,1.85195477445669,1.9960066402732,3.86489927821718,0.1022,1,1,0.0148065470462926,0.00760493608745682,NA,0.0018,0,0,0.295426000000005
49,"core",20,"severe","50_50","balanced",0,"independent","aggregate_hksj",5000,5000,0,0,0,0,0.00102598529621379,0.00102598529621379,0.00102598529621379,0.0614676703744559,0.0610291628014728,0.992866045348526,0.061470086157338,0.9496,0.00309385972532693,0.256435026454145,0.0504,0.00309385972532693,0.000869284130910344,0.000614738180636621,0.0504,NA,18,18,0,18,18,18,18,0,0,0,NA,NA,0.0163183812928864,0,0,0,0.0310199999999837
49,"core",20,"severe","50_50","balanced",0,"independent","che_rve",5000,5000,0,0,0,0,0.000873417314117453,0.000873417314117453,0.000873417314117453,0.0601461532726783,0.0590601140032538,0.981943329534296,0.0601464803571614,0.9476,0.00315132480077824,0.250105033505913,0.0524,0.00315132480077824,0.000850595056827925,0.000601521687903482,0.0524,NA,16.1629860369366,16.6528759993611,1.54319647987017,8.54266232040013,12.8463434847673,14.1341618782611,17.8736069407644,0,0,0.0046,0.0100743814807936,0.0100153827248436,NA,0.0206,0,0,0.338977999999984
49,"core",20,"severe","50_50","balanced",0,"independent","mlma",5000,5000,0,0,0,0,0.000875556373977078,0.000875556373977078,0.000875556373977078,0.0601814306638444,0.0590058385352636,0.980465866038524,0.0601817815853916,0.9282,0.00365088372863338,0.231298636813405,0.0718,0.00365088372863338,0.000851093954478248,0.000601874497097827,0.0718,NA,NA,NA,NA,NA,NA,NA,NA,NA,NA,NA,0.0117393720310299,0.00833792760534295,NA,0.0048,0,0,0.284287999999996
49,"core",20,"severe","50_50","balanced",0,"independent","mlma_cr2",5000,5000,0,0,0,0,0.000875556373977078,0.000875556373977078,0.000875556373977078,0.0601814306638444,0.0590128518657606,0.980582402492039,0.0601817815853916,0.947,0.00316831185333767,0.250001594678469,0.053,0.00316831185333767,0.000851093954478248,0.000601874497097827,0.053,NA,16.1189767856773,16.6528789788161,1.73618834445911,4.80160861148245,12.8173477629202,14.1341697493784,17.8736068759873,0,0,0.0164,0.0117393720310299,0.00833792760534295,NA,0.0048,0,0,0.302522000000007
50,"core",20,"severe","50_50","balanced",0.1,"independent","aggregate_hksj",5000,5000,0,0,0,0,0.0999660544398638,-3.39455601362504e-05,3.39455601362504e-05,0.060458291042367,0.060828106120378,1.00611686290888,0.0604522544416124,0.955,0.00293172304285381,0.255590217628846,0.3338,0.00666899632628479,0.000855009351500152,0.000604643377784967,NA,0.3338,18,18,0,18,18,18,18,0,0,0,NA,NA,0.0161980997719947,0,0,0,0.0310220000000133
50,"core",20,"severe","50_50","balanced",0.1,"independent","che_rve",5000,5000,0,0,0,0,0.0999762458555833,-2.37541444167433e-05,2.37541444167433e-05,0.0596771393343309,0.0587368750582897,0.984244146309133,0.0596711760500553,0.9472,0.00316266216975509,0.248790919416681,0.3478,0.0067355053262543,0.000843962198102396,0.000596831079435706,NA,0.3478,16.1178215173884,16.6532840798677,1.61078455629073,8.96077612641509,12.3992430528934,13.9462674060239,17.9182593604521,0,0,0.006,0.00993795020352013,0.0100162947505747,NA,0.026,0,0,0.344936000000024
50,"core",20,"severe","50_50","balanced",0.1,"independent","mlma",5000,5000,0,0,0,0,0.0999525171700459,-4.74828299541347e-05,4.74828299541347e-05,0.0597269985886596,0.0586906330428751,0.982648290215921,0.0597210444663923,0.9258,0.00370659844061911,0.230063053987783,0.4098,0.00695505513996834,0.000844667314439211,0.000597329721845728,NA,0.4098,NA,NA,NA,NA,NA,NA,NA,NA,NA,NA,0.0115958358127794,0.00834197537025824,NA,0.0074,0,0,0.299966000000001
50,"core",20,"severe","50_50","balanced",0.1,"independent","mlma_cr2",5000,5000,0,0,0,0,0.0999525171700459,-4.74828299541347e-05,4.74828299541347e-05,0.0597269985886596,0.0586589461523996,0.982117761456328,0.0597210444663923,0.9462,0.00319078548323136,0.248591468591037,0.3474,0.00673369497378668,0.000844667314439211,0.000597329721845728,NA,0.3474,16.056656196088,16.6532839974406,1.86542962737767,4.9564144906015,12.3640330542331,13.9462783723533,17.918259353348,0,0,0.0216,0.0115958358127794,0.00834197537025824,NA,0.0074,0,0,0.31811800000002
51,"core",20,"severe","50_50","moderate",0,"independent","aggregate_hksj",5000,5000,0,0,0,0,-0.000157410080694183,-0.000157410080694183,0.000157410080694183,0.0612481731551394,0.0617795117143409,1.00867517399834,0.0612422503263268,0.9544,0.00295027591929975,0.259587875591976,0.0456,0.00295027591929975,0.000866179971465738,0.000612542988913306,0.0456,NA,18,18,0,18,18,18,18,0,0,0,NA,NA,0.0162046015241745,0,0,0,0.0324359999999997
51,"core",20,"severe","50_50","moderate",0,"independent","che_rve",5000,5000,0,0,0,0,-0.000369272482473213,-0.000369272482473213,0.000369272482473213,0.0604445781616333,0.0597817612033011,0.989034302521563,0.0604396614972179,0.9524,0.00301112072159188,0.253378912986079,0.0476,0.00301112072159188,0.000854815422081025,0.000604506235262693,0.0476,NA,16.0036386939273,16.5305140991931,1.67137921657218,7.97669676469758,12.2973686499455,13.895539845706,17.9174936042331,0,0,0.013,0.0100124180698422,0.01001813215522,NA,0.0292,0,0,0.364012000000003
51,"core",20,"severe","50_50","moderate",0,"independent","mlma",5000,5000,0,0,0,0,-0.000426884973859992,-0.000426884973859992,0.000426884973859992,0.0605588076273269,0.0598625122929385,0.988502162415856,0.0605542561525468,0.929,0.00363205176174569,0.234656736236491,0.071,0.00363205176174569,0.000856430870677089,0.000605648644166232,0.071,NA,NA,NA,NA,NA,NA,NA,NA,NA,NA,NA,0.0119743574759047,0.00814836959360342,NA,0.0056,0,0,0.301350000000002
51,"core",20,"severe","50_50","moderate",0,"independent","mlma_cr2",5000,5000,0,0,0,0,-0.000426884973859992,-0.000426884973859992,0.000426884973859992,0.0605588076273269,0.0597826087276371,0.987182724857028,0.0605542561525468,0.9498,0.00308804015517933,0.253413475080436,0.0502,0.00308804015517933,0.000856430870677089,0.000605648644166232,0.0502,NA,16.0118516985443,16.5510329986237,1.81385877684471,4.79620182075909,12.4633277723014,14.0418045372385,17.9277333166578,0,0,0.0204,0.0119743574759047,0.00814836959360342,NA,0.0056,0,0,0.320570000000001
52,"core",20,"severe","50_50","moderate",0.1,"independent","aggregate_hksj",5000,5000,0,0,0,0,0.0999675579485559,-3.24420514441065e-05,3.24420514441065e-05,0.0627692555602682,0.0618413156922607,0.985216650098445,0.0627629867054481,0.9484,0.00312849612433834,0.259847566270749,0.3322,0.00666097830652525,0.000887691325133942,0.000627755334275201,NA,0.3322,18,18,0,18,18,18,18,0,0,0,NA,NA,0.0162486517745073,0,0,0,0.0305500000000084
52,"core",20,"severe","50_50","moderate",0.1,"independent","che_rve",5000,5000,0,0,0,0,0.0999507512415239,-4.9248758476117e-05,4.9248758476117e-05,0.0617669853815674,0.0598746711799898,0.969363662644571,0.0617608280099153,0.9458,0.00320194815698193,0.253767693526185,0.3426,0.00671156077227943,0.000873517084335132,0.000617731630067647,NA,0.3426,16.0082364191362,16.5461837474166,1.68158933983485,7.72546403973266,12.1687903383885,13.7756041243579,17.8865204450765,0,0,0.0124,0.0100833701022177,0.00998006954138119,NA,0.0276,0,0,0.336680000000003
52,"core",20,"severe","50_50","moderate",0.1,"independent","mlma",5000,5000,0,0,0,0,0.0999380567151771,-6.19432848229101e-05,6.19432848229101e-05,0.0618743319609532,0.0599349357299298,0.968655884119326,0.0618681752276051,0.9262,0.00369739259478893,0.234940630892771,0.3952,0.00691399971073184,0.000875035194219551,0.00061880520322419,NA,0.3952,NA,NA,NA,NA,NA,NA,NA,NA,NA,NA,0.0120570810403152,0.00810499401951596,NA,0.006,0,0,0.279200000000001
52,"core",20,"severe","50_50","moderate",0.1,"independent","mlma_cr2",5000,5000,0,0,0,0,0.0999380567151771,-6.19432848229101e-05,6.19432848229101e-05,0.0618743319609532,0.059889778055192,0.967926055233798,0.0618681752276051,0.9452,0.00321860093829602,0.253856829564869,0.3422,0.00670968195967588,0.000875035194219551,0.00061880520322419,NA,0.3422,16.0179495746762,16.5839988872582,1.82265373803999,5.17023675049709,12.5021590437803,13.9849352412275,17.8810362310056,0,0,0.021,0.0120570810403152,0.00810499401951596,NA,0.006,0,0,0.297054000000001
53,"core",20,"severe","50_50","severe",0,"independent","aggregate_hksj",5000,5000,0,0,0,0,-0.00162709911077583,-0.00162709911077583,0.00162709911077583,0.0653094275144007,0.0638246641991602,0.977265712290725,0.0653231636520353,0.9434,0.00326791799162708,0.268181287453998,0.0566,0.00326791799162709,0.00092361478141688,0.000653159594369568,0.0566,NA,18,18,0,18,18,18,18,0,0,0,NA,NA,0.0161000701902442,0,0,2e-04,0.0308460000000079
53,"core",20,"severe","50_50","severe",0,"independent","che_rve",5000,5000,0,0,0,0,-0.00143454394152802,-0.00143454394152802,0.00143454394152802,0.0645705269980233,0.061753885884642,0.956378842726999,0.0645800046649989,0.9432,0.00327333957908433,0.262724031122528,0.0568,0.00327333957908433,0.000913165150101827,0.000645769850194425,0.0568,NA,15.327586957328,15.9449768316401,2.01237819807947,6.16199457152687,10.8966416016164,12.5939554545831,17.8246392400244,0,0,0.0354,0.00991206990809492,0.0100753943837448,NA,0.0446,0,0,0.344943999999986
53,"core",20,"severe","50_50","severe",0,"independent","mlma",5000,5000,0,0,0,0,-0.00134254651432527,-0.00134254651432527,0.00134254651432527,0.0648587700702461,0.0621126280220155,0.957659665065243,0.0648661788157524,0.9196,0.0038454086908936,0.243477027816567,0.0804,0.0038454086908936,0.000917241522721802,0.000648652569202968,0.0804,NA,NA,NA,NA,NA,NA,NA,NA,NA,NA,NA,0.012613273611951,0.00787017860745068,NA,0.0086,0,0,0.277653999999998
53,"core",20,"severe","50_50","severe",0,"independent","mlma_cr2",5000,5000,0,0,0,0,-0.00134254651432527,-0.00134254651432527,0.00134254651432527,0.0648587700702461,0.0620656550232156,0.956935429950254,0.0648661788157524,0.9428,0.00328414859590732,0.263682835150726,0.0572,0.00328414859590732,0.000917241522721802,0.000648652569202968,0.0572,NA,15.5905902061514,16.1605526912047,1.97421135306518,4.6603935275322,11.781272933126,13.3448098531304,17.8571360925708,0,0,0.0276,0.012613273611951,0.00787017860745068,NA,0.0086,0,0,0.295520000000003
54,"core",20,"severe","50_50","severe",0.1,"independent","aggregate_hksj",5000,5000,0,0,0,0,0.0990865594046131,-0.000913440595386894,0.000913440595386894,0.0659352895123744,0.0642070065308058,0.973788194541191,0.0659350231995206,0.946,0.00319637294444813,0.269787830316941,0.3068,0.00652186721729291,0.000932465806673964,0.000659418840305199,NA,0.3068,18,18,0,18,18,18,18,0,0,0,NA,NA,0.0163368199579958,0,0,0,0.0309119999999977
54,"core",20,"severe","50_50","severe",0.1,"independent","che_rve",5000,5000,0,0,0,0,0.0989673074929864,-0.0010326925070136,0.0010326925070136,0.0647247312726801,0.062175703260965,0.960617402937121,0.0647264971550835,0.9428,0.00328414859590732,0.26439834543099,0.3122,0.00655333747032762,0.000915345927867782,0.000647312047168402,NA,0.3122,15.4023555377009,15.9840850033193,1.94321181259092,5.65737936165699,11.0705063963101,12.8144078875261,17.8802793299484,0,0,0.0282,0.0101863613644707,0.0100032299436263,NA,0.0376,0,0,0.343359999999996
54,"core",20,"severe","50_50","severe",0.1,"independent","mlma",5000,5000,0,0,0,0,0.0990358458501937,-0.000964154149806329,0.000964154149806329,0.0651035646610166,0.0625737743137337,0.96114206095388,0.0651041936434931,0.923,0.00377017240985077,0.245284688063311,0.3634,0.00680206498057759,0.000920703441024435,0.00065110075994199,NA,0.3634,NA,NA,NA,NA,NA,NA,NA,NA,NA,NA,0.0128971955436405,0.00781153017946299,NA,0.0064,4e-04,0,0.278540000000012
54,"core",20,"severe","50_50","severe",0.1,"independent","mlma_cr2",5000,5000,0,0,0,0,0.0990358458501937,-0.000964154149806329,0.000964154149806329,0.0651035646610166,0.0625071231934956,0.960118290280413,0.0651041936434931,0.9408,0.0033375248313683,0.265458812172792,0.3126,0.00655562720111509,0.000920703441024435,0.00065110075994199,NA,0.3126,15.6616407347773,16.1833577800426,1.89332814621257,4.49440419264908,12.0524313224908,13.5539436782343,17.9100167117488,0,0,0.0226,0.0128971955436405,0.00781153017946299,NA,0.0064,4e-04,0,0.296725999999996
55,"core",20,"severe","50_50","extreme",0,"independent","aggregate_hksj",5000,4999,1,0,2e-04,4e-04,-0.000815998194431209,-0.000815998194431209,0.000815998194431209,0.0712578887374758,0.0682272608675724,0.957469580932033,0.0712554336165758,0.935787157431486,0.00346703255630897,0.286680312203915,0.0642128425685137,0.00346703255630897,0.00100783951577739,0.000712721445921223,0.0642128425685137,NA,18,18,0,18,18,18,18,0,0,0,NA,NA,0.0160323577433635,0,0,0.000800160032006401,0.0310702140427947
55,"core",20,"severe","50_50","extreme",0,"independent","che_rve",5000,5000,0,0,0,0,-0.00108387580639311,-0.00108387580639311,0.00108387580639311,0.070316666687308,0.0661535879176334,0.940795277054478,0.0703179885523957,0.9366,0.00344617004803884,0.284210014284388,0.0634,0.00344617004803884,0.000994427836900594,0.000703236994089026,0.0634,NA,13.8257815968937,14.460559772352,2.35271634253395,4.79441785399247,8.79535541815705,10.3380714952474,17.3595791933081,0,0,0.0892,0.00998441769901742,0.00995135177946635,NA,0.0754,0,0,0.373627999999979
55,"core",20,"severe","50_50","extreme",0,"independent","mlma",5000,5000,0,0,0,0,-0.000782195087923017,-0.000782195087923017,0.000782195087923017,0.0715829166787297,0.0676923562957821,0.945649596810803,0.0715800318985504,0.913,0.00398574961581884,0.265349160736772,0.087,0.00398574961581884,0.00101233531601283,0.000715900760443204,0.087,NA,NA,NA,NA,NA,NA,NA,NA,NA,NA,NA,0.0143543807240172,0.00733162611599982,NA,0.0116,0.0038,0,0.289058000000001
55,"core",20,"severe","50_50","extreme",0,"independent","mlma_cr2",5000,5000,0,0,0,0,-0.000782195087923017,-0.000782195087923017,0.000782195087923017,0.0715829166787297,0.067631359307092,0.944797480251152,0.0715800318985504,0.9382,0.00340531232047811,0.288816478322993,0.0618,0.00340531232047811,0.00101233531601283,0.000715900760443204,0.0618,NA,14.7175823392537,15.2338853376182,2.12393917573386,3.77600936790108,10.6126556629419,12.1422375243918,17.7324077670721,0,4e-04,0.0376,0.0143543807240172,0.00733162611599982,NA,0.0116,0.0038,0,0.307552000000023
56,"core",20,"severe","50_50","extreme",0.1,"independent","aggregate_hksj",5000,5000,0,0,0,0,0.100132423545287,0.000132423545287488,0.000132423545287488,0.0708792011242225,0.068723531663915,0.969586713364201,0.0708722365653358,0.9378,0.00341558662604244,0.288765564711844,0.276,0.00632177190350933,0.00100238327520046,0.000708862901077001,NA,0.276,18,18,0,18,18,18,18,0,0,0,NA,NA,0.0162933561798785,0,0,4e-04,0.0313520000000113
56,"core",20,"severe","50_50","extreme",0.1,"independent","che_rve",5000,5000,0,0,0,0,0.100376283872537,0.00037628387253677,0.00037628387253677,0.0702014598797297,0.0667036904275786,0.950175260483991,0.0701954479279403,0.9338,0.00351617860752266,0.286458777278699,0.277,0.00632883875604364,0.000992798566603044,0.000702084810789151,NA,0.277,13.8935612783213,14.5066324823852,2.34857477387806,4.31829589028183,8.94518784436688,10.4335997634996,17.6675720053219,0,0,0.081,0.0102965530993158,0.00995980684682467,NA,0.0634,0,0,0.367885999999987
56,"core",20,"severe","50_50","extreme",0.1,"independent","mlma",5000,5000,0,0,0,0,0.100539846021404,0.000539846021403542,0.000539846021403542,0.0714289519563597,0.0685439029543651,0.959609529147827,0.0714238489040968,0.9176,0.00388870775451177,0.268687162300728,0.3232,0.00661425369939799,0.0010101579260278,0.000714360959231682,NA,0.3232,NA,NA,NA,NA,NA,NA,NA,NA,NA,NA,0.0148843291794132,0.00731685155681285,NA,0.0096,0.0032,0,0.287277999999987
56,"core",20,"severe","50_50","extreme",0.1,"independent","mlma_cr2",5000,5000,0,0,0,0,0.100539846021404,0.000539846021403542,0.000539846021403542,0.0714289519563597,0.0684292266676722,0.958004069687034,0.0714238489040968,0.9404,0.00334806929438445,0.292041493410415,0.2728,0.00629889133102009,0.0010101579260278,0.000714360959231682,NA,0.2728,14.8063490541653,15.3327852660853,2.06641330781558,3.73778995414864,10.7616097267681,12.2453710940093,17.8725197139985,0,6e-04,0.0368,0.0148843291794132,0.00731685155681285,NA,0.0096,0.0032,0,0.305457999999982
57,"core",20,"severe","70_30","balanced",0,"independent","aggregate_hksj",5000,5000,0,0,0,0,-0.000189339410742895,-0.000189339410742895,0.000189339410742895,0.066413820606878,0.0666874803574678,1.00412052413322,0.0664074488133787,0.9562,0.00289418589589542,0.280210394582291,0.0438,0.00289418589589542,0.000939233258312606,0.00066420462985312,0.0438,NA,18,18,0,18,18,18,18,0,0,0,NA,NA,0.0163647579581817,0,0,0,0.0312840000000033
57,"core",20,"severe","70_30","balanced",0,"independent","che_rve",5000,5000,0,0,0,0,-0.000189691495129953,-0.000189691495129953,0.000189691495129953,0.0654842662918261,0.0639517565752729,0.976597283541001,0.065477992308987,0.9554,0.00291927525252416,0.29110136114334,0.0446,0.00291927525252416,0.000926087375119517,0.00065490815700883,0.0446,NA,8.67620822391006,8.84106023836034,0.949048478228675,3.99286224432723,6.7806774958828,7.49455977969988,12.1613678162894,0,2e-04,0.9592,0.0101243739521161,0.00999775360235409,NA,0.0254,0,0,0.341050000000007
57,"core",20,"severe","70_30","balanced",0,"independent","mlma",5000,5000,0,0,0,0,-0.000213391080029885,-0.000213391080029885,0.000213391080029885,0.0655521304255865,0.0645418680372527,0.984588412584383,0.0655459222433057,0.934,0.00351123909752668,0.252999473695904,0.066,0.00351123909752668,0.000927047118903145,0.00065558686622075,0.066,NA,NA,NA,NA,NA,NA,NA,NA,NA,NA,NA,0.0117829733643735,0.00832307285193639,NA,0.0068,0,0,0.286028000000026
57,"core",20,"severe","70_30","balanced",0,"independent","mlma_cr2",5000,5000,0,0,0,0,-0.000213391080029885,-0.000213391080029885,0.000213391080029885,0.0655521304255865,0.0638732285794966,0.9743882947024,0.0655459222433057,0.9548,0.00293792307591605,0.290960645788012,0.0452,0.00293792307591605,0.000927047118903145,0.00065558686622075,0.0452,NA,8.65078130798738,8.8407499363133,1.03567448770667,2.72920605297547,6.75715106720128,7.47960622701973,12.161367840456,0,0.0056,0.9594,0.0117829733643735,0.00832307285193639,NA,0.0068,0,0,0.304122000000029
58,"core",20,"severe","70_30","balanced",0.1,"independent","aggregate_hksj",5000,5000,0,0,0,0,0.101320359771823,0.00132035977182253,0.00132035977182253,0.0671979360568022,0.0665517400830385,0.990383693135791,0.0672041877244199,0.9484,0.00312849612433834,0.279640035113697,0.2996,0.00647826890457628,0.000950322325350098,0.00067204656858545,NA,0.2996,18,18,0,18,18,18,18,0,0,0,NA,NA,0.0162904227719815,0,0,0,0.0307139999999774
58,"core",20,"severe","70_30","balanced",0.1,"independent","che_rve",5000,5000,0,0,0,0,0.101097121246053,0.00109712124605299,0.00109712124605299,0.0661445035056609,0.0634775723074872,0.959680229545521,0.0661469878374679,0.948,0.00313993630508646,0.289047518867759,0.284,0.00637720942105558,0.000935424539341404,0.000661511189483444,NA,0.284,8.65847128089183,8.82284318025016,0.934830303846993,4.12117388305563,6.7771956111733,7.44772188079383,12.3331935347045,0,0,0.967,0.00997890856518272,0.0100496848890862,NA,0.0264,0,0,0.343218
58,"core",20,"severe","70_30","balanced",0.1,"independent","mlma",5000,5000,0,0,0,0,0.101087495680348,0.00108749568034751,0.00108749568034751,0.066168350555644,0.0643221617332284,0.972098611996334,0.0661706703304895,0.923,0.00377017240985077,0.252138240809776,0.3642,0.00680526795945611,0.000935761787556491,0.000661749683833903,NA,0.3642,NA,NA,NA,NA,NA,NA,NA,NA,NA,NA,0.0116366917983814,0.00837475530921361,NA,0.0078,0,0,0.286070000000003
58,"core",20,"severe","70_30","balanced",0.1,"independent","mlma_cr2",5000,5000,0,0,0,0,0.101087495680348,0.00108749568034751,0.00108749568034751,0.066168350555644,0.0634063201716979,0.958257530061545,0.0661706703304895,0.947,0.00316831185333767,0.288962859019539,0.284,0.00637720942105558,0.000935761787556491,0.000661749683833903,NA,0.284,8.63085986656736,8.82090267170778,1.02261005368335,2.8699126421507,6.71051189465411,7.4279468557461,12.3331933952381,0,0.0046,0.967,0.0116366917983814,0.00837475530921361,NA,0.0078,0,0,0.304293999999989
59,"core",20,"severe","70_30","moderate",0,"independent","aggregate_hksj",5000,5000,0,0,0,0,0.000463706439182572,0.000463706439182572,0.000463706439182572,0.0676311264276207,0.0673526313443931,0.995882146314306,0.0676259527968233,0.9528,0.00299907185642492,0.28300525531933,0.0472,0.00299907185642492,0.000956448562325106,0.000676378905548994,0.0472,NA,18,18,0,18,18,18,18,0,0,0,NA,NA,0.0161728434862003,0,0,0,0.0313099999999889
59,"core",20,"severe","70_30","moderate",0,"independent","che_rve",5000,5000,0,0,0,0,0.000265783531343852,0.000265783531343852,0.000265783531343852,0.0667500674152131,0.0646250495959208,0.968164559204506,0.0667439212701879,0.9532,0.00298696367570816,0.294509575959889,0.0468,0.00298696367570816,0.000943988506279127,0.000667567434233725,0.0468,NA,8.62090148966859,8.7709031156368,0.985816629674742,3.64889458575364,6.73283621732906,7.36029796572316,12.3426047207841,0,6e-04,0.9632,0.0100397263415617,0.00996825868262684,NA,0.0282,0,0,0.343134000000062
59,"core",20,"severe","70_30","moderate",0,"independent","mlma",5000,5000,0,0,0,0,0.000281203568771769,0.000281203568771769,0.000281203568771769,0.0667707575018049,0.065457314310406,0.980329065588879,0.0667646722900701,0.9296,0.00361784023970103,0.256587957146228,0.0704,0.00361784023970103,0.000944281108289775,0.000667774355792834,0.0704,NA,NA,NA,NA,NA,NA,NA,NA,NA,NA,NA,0.0120143743669824,0.00808965972180765,NA,0.0056,0,0,0.282908000000029
59,"core",20,"severe","70_30","moderate",0,"independent","mlma_cr2",5000,5000,0,0,0,0,0.000281203568771769,0.000281203568771769,0.000281203568771769,0.0667707575018049,0.0646492622564547,0.968227180209947,0.0667646722900701,0.9528,0.00299907185642492,0.294673940564036,0.0472,0.00299907185642492,0.000944281108289775,0.000667774355792834,0.0472,NA,8.62382050801931,8.7893079991953,1.03499687697142,2.80840633654908,6.74876739549269,7.38504775419984,12.626008377237,0,0.0054,0.9594,0.0120143743669824,0.00808965972180765,NA,0.0056,0,0,0.301129999999968
60,"core",20,"severe","70_30","moderate",0.1,"independent","aggregate_hksj",5000,5000,0,0,0,0,0.0992403294947451,-0.000759670505254939,0.000759670505254939,0.0679958024835008,0.0674510062117541,0.991987795542543,0.0679932464941977,0.951,0.00305283474822991,0.283418611173419,0.2806,0.00635395372976543,0.00096160586056609,0.000680026030838562,NA,0.2806,18,18,0,18,18,18,18,0,0,0,NA,NA,0.0162252005613998,0,0,0,0.0312419999999896
60,"core",20,"severe","70_30","moderate",0.1,"independent","che_rve",5000,5000,0,0,0,0,0.0997820260288101,-0.00021797397118993,0.00021797397118993,0.0672506966576745,0.064572599113477,0.960177400721515,0.0672443245363836,0.9472,0.00316266216975509,0.294531025668867,0.2676,0.00626083444917688,0.000951068472923223,0.000672574227362689,NA,0.2676,8.58145941797979,8.76726951481348,1.02524048606414,3.7409800144017,6.45296064656723,7.28445725492269,12.4282916910692,0,4e-04,0.9666,0.0100279016010461,0.0100003251380401,NA,0.0326,0,0,0.347311999999975
60,"core",20,"severe","70_30","moderate",0.1,"independent","mlma",5000,5000,0,0,0,0,0.0997999580532501,-0.000200041946749954,0.000200041946749954,0.0673634392942659,0.0654455227659053,0.971528821146105,0.0673569996640438,0.9248,0.00372947610261817,0.256541735141141,0.3404,0.006701161690334,0.000952662894580475,0.000673701766488154,NA,0.3404,NA,NA,NA,NA,NA,NA,NA,NA,NA,NA,0.0120024836290304,0.00811732782529111,NA,0.0082,0,0,0.286254000000014
60,"core",20,"severe","70_30","moderate",0.1,"independent","mlma_cr2",5000,5000,0,0,0,0,0.0997999580532501,-0.000200041946749954,0.000200041946749954,0.0673634392942659,0.0646014171092623,0.958998201191329,0.0673569996640438,0.9496,0.00309385972532693,0.294762199615501,0.2672,0.00625786161560001,0.000952662894580475,0.000673701766488154,NA,0.2672,8.58200381474034,8.77757020299399,1.09366666488173,2.81603394077726,6.48319305318882,7.30638345757302,12.3408029157357,0,0.0062,0.9642,0.0120024836290304,0.00811732782529111,NA,0.0082,0,0,0.304218000000084
61,"core",20,"severe","70_30","severe",0,"independent","aggregate_hksj",5000,5000,0,0,0,0,0.000729897309606746,0.000729897309606746,0.000729897309606746,0.0703727754779119,0.0698450210399816,0.992500587985251,0.0703695233253819,0.9506,0.0030646252625729,0.293477888207993,0.0494,0.0030646252625729,0.000995221335026997,0.000703798138112273,0.0494,NA,18,18,0,18,18,18,18,0,0,0,NA,NA,0.0162248296717813,0,0,0,0.0310719999999768
61,"core",20,"severe","70_30","severe",0,"independent","che_rve",5000,5000,0,0,0,0,0.000787004361987678,0.000787004361987678,0.000787004361987678,0.0693137278392505,0.0668845407603971,0.964953737815298,0.0693112643389665,0.9504,0.00307049963361014,0.306728806224893,0.0496,0.00307049963361014,0.000980244139689057,0.000693206602519137,0.0496,NA,8.33676371039731,8.49391101829538,1.14709778127283,3.3803504778409,6.12796409405056,6.80308609704011,11.7657625437712,0,8e-04,0.961,0.0101496931856083,0.00999254172484787,NA,0.0426,0,0,0.35234400000004
61,"core",20,"severe","70_30","severe",0,"independent","mlma",5000,5000,0,0,0,0,0.000632506754810799,0.000632506754810799,0.000632506754810799,0.0695733583476782,0.06836740958614,0.982666515025598,0.0695692760213226,0.9292,0.00362732297982961,0.267995321010266,0.0708,0.00362732297982962,0.000983915869551299,0.000695803167272873,0.0708,NA,NA,NA,NA,NA,NA,NA,NA,NA,NA,NA,0.0128787094872593,0.00779482432248212,NA,0.008,2e-04,0,0.285830000000005
61,"core",20,"severe","70_30","severe",0,"independent","mlma_cr2",5000,5000,0,0,0,0,0.000632506754810799,0.000632506754810799,0.000632506754810799,0.0695733583476782,0.0672559678202416,0.966691409147509,0.0695692760213226,0.9518,0.00302908435009658,0.307885288695777,0.0482,0.00302908435009658,0.000983915869551299,0.000695803167272873,0.0482,NA,8.43709770154862,8.60669111477111,1.16213019262916,2.6378672689726,6.32280611985506,6.99815818399636,12.2215868228033,0,0.0056,0.955,0.0128787094872593,0.00779482432248212,NA,0.008,2e-04,0,0.304071999999977
62,"core",20,"severe","70_30","severe",0.1,"independent","aggregate_hksj",5000,5000,0,0,0,0,0.0996960653271567,-0.000303934672843342,0.000303934672843342,0.069631440162983,0.0696190364501345,0.999821866202689,0.0696251400570556,0.9476,0.00315132480077824,0.292528336196864,0.2624,0.00622167565853444,0.000984737270460612,0.00069638404351645,NA,0.2624,18,18,0,18,18,18,18,0,0,0,NA,NA,0.0160490451930121,0,0,0,0.0315960000000036
62,"core",20,"severe","70_30","severe",0.1,"independent","che_rve",5000,5000,0,0,0,0,0.0994245458204572,-0.000575454179542828,0.000575454179542828,0.0688261457281062,0.0665269935234467,0.966594784869369,0.0688216686489953,0.9514,0.0030409879973456,0.305455494362165,0.2564,0.00617509578873073,0.000973348687345548,0.000688330293752433,NA,0.2564,8.29109618493775,8.44873147327612,1.19165010356378,3.41377961900879,5.949759551104,6.67181828887199,12.9683961001583,0,0.0022,0.9608,0.00992093087148575,0.00999579130325473,NA,0.0474,0,0,0.356511999999988
62,"core",20,"severe","70_30","severe",0.1,"independent","mlma",5000,5000,0,0,0,0,0.0995794585330343,-0.000420541466965754,0.000420541466965754,0.0690654879533504,0.0680304063453721,0.985013041409664,0.0690598615190805,0.93,0.00360832371053374,0.266674292581109,0.3154,0.00657149663318791,0.000976733497555437,0.000690723955383007,NA,0.3154,NA,NA,NA,NA,NA,NA,NA,NA,NA,NA,0.0126056825118123,0.00781611040889142,NA,0.007,0,0,0.284868000000015
62,"core",20,"severe","70_30","severe",0.1,"independent","mlma_cr2",5000,5000,0,0,0,0,0.0995794585330343,-0.000420541466965754,0.000420541466965754,0.0690654879533504,0.0668668200973795,0.968165462648205,0.0690598615190805,0.9516,0.00303504332753257,0.30652567603444,0.2512,0.0061334910124659,0.000976733497555437,0.000690723955383007,NA,0.2512,8.39017611370468,8.56703714084008,1.20049373957022,2.48530014647776,6.11281434956999,6.90938416082781,11.8336337924602,0,0.0076,0.9576,0.0126056825118123,0.00781611040889142,NA,0.007,0,0,0.303289999999997
63,"core",20,"severe","70_30","extreme",0,"independent","aggregate_hksj",5000,5000,0,0,0,0,7.52283380441307e-05,7.52283380441307e-05,7.52283380441307e-05,0.0770153731408008,0.0748267207501696,0.971581616742545,0.0770077079634215,0.9446,0.00323514574633045,0.314410213645985,0.0554,0.00323514574633045,0.00108916185206945,0.00077023075833538,0.0554,NA,18,18,0,18,18,18,18,0,0,0,NA,NA,0.0161914835475333,0,0,4e-04,0.0312720000000016
63,"core",20,"severe","70_30","extreme",0,"independent","che_rve",5000,5000,0,0,0,0,7.65394689837808e-05,7.65394689837808e-05,7.65394689837808e-05,0.0759547622547917,0.0719163772910495,0.946831708192367,0.07594720496694,0.9468,0.00317394895989208,0.336129272063062,0.0532,0.00317394895989208,0.0010741625490755,0.000759623588705285,0.0532,NA,7.65515616845909,7.80562668836284,1.5011731171147,2.7290955447664,4.88737622577981,5.63118213822139,12.5855378516488,0,0.0138,0.9566,0.0101546161321249,0.00991480760111876,NA,0.0742,0,0,0.374548000000005
63,"core",20,"severe","70_30","extreme",0,"independent","mlma",5000,5000,0,0,0,0,-0.000208202216083598,-0.000208202216083598,0.000208202216083598,0.0768948966498057,0.0747400316207801,0.97197648838987,0.0768874886696198,0.9248,0.00372947610261817,0.292975540360227,0.0752,0.00372947610261817,0.00108745805719433,0.000769025872930864,0.0752,NA,NA,NA,NA,NA,NA,NA,NA,NA,NA,NA,0.0147257438629386,0.00730891621268184,NA,0.0094,0.0044,0,0.289897999999982
63,"core",20,"severe","70_30","extreme",0,"independent","mlma_cr2",5000,5000,0,0,0,0,-0.000208202216083598,-0.000208202216083598,0.000208202216083598,0.0768948966498057,0.0738119767414532,0.959907353508873,0.0768874886696198,0.9512,0.00304691844328003,0.341663329097429,0.0488,0.00304691844328003,0.00108745805719433,0.000769025872930864,0.0488,NA,8.04738528846672,8.20923881282043,1.44713920793966,2.28577423546542,5.3704693003511,6.15838285518101,12.8202672946651,0,0.012,0.9366,0.0147257438629386,0.00730891621268184,NA,0.0094,0.0044,0,0.30824199999999
64,"core",20,"severe","70_30","extreme",0.1,"independent","aggregate_hksj",5000,5000,0,0,0,0,0.0991983140952548,-0.000801685904745206,0.000801685904745206,0.07692964685989,0.0747664442763998,0.971880768055131,0.0769261310099764,0.9426,0.0032895361375124,0.314156941301484,0.2374,0.00601732897555053,0.00108794949937829,0.00076937340978713,NA,0.2374,18,18,0,18,18,18,18,0,0,0,NA,NA,0.0161115065436198,0,0,4e-04,0.031668000000059
64,"core",20,"severe","70_30","extreme",0.1,"independent","che_rve",5000,5000,0,0,0,0,0.0992245184023324,-0.000775481597667577,0.000775481597667577,0.0760517661245961,0.0717998641777899,0.944092002546788,0.0760481145601418,0.95,0.00308220700148449,0.335674659099618,0.2132,0.00579216298113235,0.00107553439095831,0.000760593724421752,NA,0.2132,7.63418050393324,7.75459469232511,1.47052431281255,2.46201709973165,4.99197946095351,5.64445156831416,12.972101000641,0,0.0118,0.9614,0.0100509329420693,0.0100110287009308,NA,0.0672,0,0,0.37218399999992
64,"core",20,"severe","70_30","extreme",0.1,"independent","mlma",5000,5000,0,0,0,0,0.0989694865467633,-0.00103051345323672,0.00103051345323672,0.0769703630037799,0.0744818332790508,0.967668988067435,0.0769695644495586,0.929,0.00363205176174569,0.291963421458913,0.2882,0.00640532216207741,0.00108852531260726,0.000769780611948282,NA,0.2882,NA,NA,NA,NA,NA,NA,NA,NA,NA,NA,0.0144948318681643,0.00738133185361921,NA,0.0082,0.002,0,0.286105999999968
64,"core",20,"severe","70_30","extreme",0.1,"independent","mlma_cr2",5000,5000,0,0,0,0,0.0989694865467633,-0.00103051345323672,0.00103051345323672,0.0769703630037799,0.0733042844068187,0.95237025714974,0.0769695644495586,0.9506,0.0030646252625729,0.339418346220307,0.2072,0.00573180878955326,0.00108852531260726,0.000769780611948282,NA,0.2072,8.02179007270873,8.17107764027569,1.42139787818937,2.16290444067373,5.3930950052608,6.18474910491848,12.7254530230438,0,0.0126,0.9438,0.0144948318681643,0.00738133185361921,NA,0.0082,0.002,0,0.304327999999949
65,"core",20,"severe","85_15","balanced",0,"independent","aggregate_hksj",5000,5000,0,0,0,0,7.89729777988937e-05,7.89729777988937e-05,7.89729777988937e-05,0.0861730399965224,0.0856329624120343,0.99373263860124,0.0861644584524792,0.9514,0.0030409879973456,0.359816356205151,0.0486,0.0030409879973456,0.00121867081874001,0.000861816585933331,0.0486,NA,18,18,0,18,18,18,18,0,0,0,NA,NA,0.0163713601685067,0,0,0,0.0305219999999972
65,"core",20,"severe","85_15","balanced",0,"independent","che_rve",5000,5000,0,0,0,0,0.000344869121975761,0.000344869121975761,0.000344869121975761,0.0853706629836037,0.0779605663152137,0.913200900526997,0.085362822135586,0.9766,0.00213786996798215,0.543526650406787,0.0234,0.00213786996798215,0.00120732349420195,0.000853792013306755,0.0234,NA,2.59827828863173,2.6065037914635,0.186921373866744,1.86656983627222,2.28798375371115,2.38819118985399,4.70975368776902,0.0066,0.9996,1,0.0100318159044233,0.0100231784064118,NA,0.0264,0,0,0.342475999999933
65,"core",20,"severe","85_15","balanced",0,"independent","mlma",5000,5000,0,0,0,0,0.000370491968569071,0.000370491968569071,0.000370491968569071,0.0854476564081344,0.0831107582983105,0.972651115220038,0.0854399144986945,0.924,0.00374763925691895,0.325788185985004,0.076,0.00374763925691895,0.0012084123456538,0.000854562024557037,0.076,NA,NA,NA,NA,NA,NA,NA,NA,NA,NA,NA,0.011688276628242,0.00834918769197995,NA,0.0086,0,0,0.286410000000025
65,"core",20,"severe","85_15","balanced",0,"independent","mlma_cr2",5000,5000,0,0,0,0,0.000370491968569071,0.000370491968569071,0.000370491968569071,0.0854476564081344,0.0778681862417273,0.911296921588998,0.0854399144986945,0.976,0.00216443988135499,0.543322167319474,0.024,0.00216443988135499,0.0012084123456538,0.000854562024557037,0.024,NA,2.59522140766521,2.60657400815026,0.196431933006262,1.63021463215285,2.27245836536587,2.38679327538351,4.95350375642864,0.012,0.9996,1,0.011688276628242,0.00834918769197995,NA,0.0086,0,0,0.304420000000011
66,"core",20,"severe","85_15","balanced",0.1,"independent","aggregate_hksj",5000,5000,0,0,0,0,0.0997130797331923,-0.000286920266807697,0.000286920266807697,0.0849909108110097,0.085067640482719,1.00090279855783,0.0849828956481268,0.9544,0.00295027591929975,0.35744096160289,0.1872,0.00551645103304652,0.00120195298747372,0.00084999411177167,NA,0.1872,18,18,0,18,18,18,18,0,0,0,NA,NA,0.0161114578133585,0,0,0,0.0295320000000342
66,"core",20,"severe","85_15","balanced",0.1,"independent","che_rve",5000,5000,0,0,0,0,0.100238987583825,0.000238987583824776,0.000238987583824776,0.0844606976879524,0.0765181898053972,0.905962085325183,0.0844525893452067,0.9774,0.00210186774084384,0.533859024108643,0.104,0.00431703602023425,0.00119445464157796,0.000844691450248428,NA,0.104,2.59274569716892,2.6021670923962,0.187999992448477,1.89006147769274,2.26731437757554,2.37405032496312,4.04918142698411,0.0074,0.9998,1,0.00981459498248144,0.0100719125745482,NA,0.0228,0,0,0.324669999999974
66,"core",20,"severe","85_15","balanced",0.1,"independent","mlma",5000,5000,0,0,0,0,0.100254662988893,0.000254662988893109,0.000254662988893109,0.0845046131119585,0.0827205859808014,0.978888405431861,0.08449654599161,0.9304,0.00359877312427444,0.324258738604839,0.2456,0.00608737447509187,0.00119507569946023,0.000845130648410502,NA,0.2456,NA,NA,NA,NA,NA,NA,NA,NA,NA,NA,0.0114743922142949,0.00839674992679925,NA,0.0064,0,0,0.272271999999977
66,"core",20,"severe","85_15","balanced",0.1,"independent","mlma_cr2",5000,5000,0,0,0,0,0.100254662988893,0.000254662988893109,0.000254662988893109,0.0845046131119585,0.076443108881036,0.904602791089736,0.08449654599161,0.9768,0.0021289321266776,0.533797800699959,0.1046,0.00432802125687941,0.00119507569946023,0.000845130648410502,NA,0.1046,2.58987318072301,2.60223648870664,0.196766221572515,1.63021463213669,2.25666192388595,2.37319994298468,4.04918143119349,0.0122,0.9998,1,0.0114743922142949,0.00839674992679925,NA,0.0064,0,0,0.290166000000034
67,"core",20,"severe","85_15","moderate",0,"independent","aggregate_hksj",5000,5000,0,0,0,0,0.000418853435857286,0.000418853435857286,0.000418853435857286,0.0870509422002244,0.0859916803118997,0.987831701052835,0.0870432444411394,0.9484,0.00312849612433834,0.361323632889263,0.0516,0.00312849612433834,0.00123108623076914,0.000870596486004262,0.0516,NA,18,18,0,18,18,18,18,0,0,0,NA,NA,0.0159464930791416,0,0,2e-04,0.0313680000000049
67,"core",20,"severe","85_15","moderate",0,"independent","che_rve",5000,5000,0,0,0,0,0.000581962728069054,0.000581962728069054,0.000581962728069054,0.0858328957240286,0.0782480332610628,0.91163221980355,0.0858262850867445,0.9718,0.00234114331043616,0.548409108338723,0.0282,0.00234114331043616,0.00121386045230677,0.00085841480301309,0.0282,NA,2.58008626832705,2.5918479944948,0.197202048085881,1.78099365808688,2.23868067736274,2.34487454134093,4.40367047029333,0.0082,0.9998,1,0.00978690019508249,0.00996884828991575,NA,0.03,0,0,0.354247999999995
67,"core",20,"severe","85_15","moderate",0,"independent","mlma",5000,5000,0,0,0,0,0.000510964775622869,0.000510964775622869,0.000510964775622869,0.0858057652467257,0.0840107470769202,0.97908044797871,0.0857987057519414,0.9316,0.00356991428468528,0.329316077170135,0.0684,0.00356991428468528,0.00121347676941722,0.000858143471105515,0.0684,NA,NA,NA,NA,NA,NA,NA,NA,NA,NA,NA,0.0117519254994294,0.00810446587133354,NA,0.006,0,0,0.303397999999994
67,"core",20,"severe","85_15","moderate",0,"independent","mlma_cr2",5000,5000,0,0,0,0,0.000510964775622869,0.000510964775622869,0.000510964775622869,0.0858057652467257,0.0782620564527044,0.912083893520089,0.0857987057519414,0.9712,0.00236518751899295,0.548665763287653,0.0288,0.00236518751899294,0.00121347676941722,0.000858143471105515,0.0288,NA,2.5787656098842,2.59139048956806,0.204180932363899,1.54554039341808,2.22850088025508,2.34977032662111,4.42206413152049,0.0118,0.9996,1,0.0117519254994294,0.00810446587133354,NA,0.006,0,0,0.321816000000008
68,"core",20,"severe","85_15","moderate",0.1,"independent","aggregate_hksj",5000,5000,0,0,0,0,0.101237825020603,0.00123782502060278,0.00123782502060278,0.0863459262068128,0.0861800769069715,0.998079245806641,0.0863461641273049,0.954,0.00296256645495084,0.362115246007049,0.1946,0.00559876486378916,0.00122111579897341,0.000863545620948382,NA,0.1946,18,18,0,18,18,18,18,0,0,0,NA,NA,0.016014068707689,0,0,0,0.0315460000000045
68,"core",20,"severe","85_15","moderate",0.1,"independent","che_rve",5000,5000,0,0,0,0,0.101115835910428,0.00111583591042762,0.00111583591042762,0.0858330601456371,0.0786778058204461,0.916637548363645,0.0858317298025664,0.975,0.00220794021658196,0.551387300404917,0.1074,0.00437870391782774,0.00121386277757946,0.000858416447393622,NA,0.1074,2.57946027389897,2.59613834498904,0.200644384410992,1.74739123488906,2.22819802841154,2.33326564774338,4.15136921272856,0.0066,0.9998,1,0.00980589477826476,0.0100471383362022,NA,0.0314,0,0,0.355692
68,"core",20,"severe","85_15","moderate",0.1,"independent","mlma",5000,5000,0,0,0,0,0.101096548530699,0.00109654853069939,0.00109654853069939,0.0860348116797238,0.0839323726254683,0.975562926062044,0.0860331961610259,0.9294,0.00362258581678889,0.329008854965827,0.2456,0.00608737447509187,0.00121671597513681,0.000860434164516291,NA,0.2456,NA,NA,NA,NA,NA,NA,NA,NA,NA,NA,0.0117733064439713,0.00817636204678,NA,0.0066,0,0,0.291371999999993
68,"core",20,"severe","85_15","moderate",0.1,"independent","mlma_cr2",5000,5000,0,0,0,0,0.101096548530699,0.00109654853069939,0.00109654853069939,0.0860348116797238,0.0786597344112644,0.91427798673037,0.0860331961610259,0.9746,0.00222507707731665,0.55167889925359,0.1082,0.00439301172318035,0.00121671597513681,0.000860434164516291,NA,0.1082,2.57762878126552,2.59627646028654,0.211137083160978,1.59308116532901,2.22249328043638,2.32982626292203,4.58768676154233,0.0144,0.9996,1,0.0117733064439713,0.00817636204678,NA,0.0066,0,0,0.310119999999993
69,"core",20,"severe","85_15","severe",0,"independent","aggregate_hksj",5000,5000,0,0,0,0,0.000901956244799515,0.000901956244799515,0.000901956244799515,0.0918023203243987,0.0895863188278076,0.975861160276118,0.0917975708219321,0.9456,0.0032075111847038,0.376427743458803,0.0544,0.0032075111847038,0.00129828086460084,0.000918115019336955,0.0544,NA,18,18,0,18,18,18,18,0,0,0,NA,NA,0.0160631465126301,0,0,2e-04,0.0306259999999937
69,"core",20,"severe","85_15","severe",0,"independent","che_rve",5000,5000,0,0,0,0,0.000810475560317398,0.000810475560317398,0.000810475560317398,0.0908816964259069,0.0810352078056113,0.891655976863029,0.090876221968871,0.9714,0.0023572034277932,0.57931652571683,0.0286,0.0023572034277932,0.00128526127656992,0.000908907859590022,0.0286,NA,2.53114557351856,2.55948313590763,0.270921038314769,1.61619775641053,2.05430145977918,2.17660520865437,5.81554229152519,0.0352,0.9992,1,0.0100075214213695,0.00994607624489308,NA,0.0494,0,0,0.348448000000004
69,"core",20,"severe","85_15","severe",0,"independent","mlma",5000,5000,0,0,0,0,0.000909753138901197,0.000909753138901197,0.000909753138901197,0.0912191149489441,0.0881137418975061,0.965956992093422,0.0912145295304207,0.9226,0.00377913323395723,0.34539952132434,0.0774,0.00377913323395723,0.00129003309508467,0.000912282382289538,0.0774,NA,NA,NA,NA,NA,NA,NA,NA,NA,NA,NA,0.012728897047583,0.00775260115596112,NA,0.0092,0,0,0.278791999999998
69,"core",20,"severe","85_15","severe",0,"independent","mlma_cr2",5000,5000,0,0,0,0,0.000909753138901197,0.000909753138901197,0.000909753138901197,0.0912191149489441,0.0813692213692656,0.892019412979489,0.0912145295304207,0.9706,0.00238895960618843,0.580453383432745,0.0294,0.00238895960618843,0.00129003309508467,0.000912282382289538,0.0294,NA,2.53779442727865,2.57149404304479,0.270370814976861,1.47044658087739,2.05283427247333,2.16969154084331,4.18894870569891,0.0366,0.9998,1,0.012728897047583,0.00775260115596112,NA,0.0092,0,0,0.296863999999995
70,"core",20,"severe","85_15","severe",0.1,"independent","aggregate_hksj",5000,5000,0,0,0,0,0.0974831110669128,-0.00251688893308719,0.00251688893308719,0.0929267704899985,0.0899727964662213,0.968211807983846,0.0929515590330125,0.9438,0.00325704037432759,0.378051662236011,0.1762,0.00538801559017789,0.00131418299134488,0.000929360645611814,NA,0.1762,18,18,0,18,18,18,18,0,0,0,NA,NA,0.0162518616411106,0,0,2e-04,0.0306840000000051
70,"core",20,"severe","85_15","severe",0.1,"independent","che_rve",5000,5000,0,0,0,0,0.0974977434630941,-0.00250225653690593,0.00250225653690593,0.0919026499907767,0.0817639896199627,0.889680434983849,0.0919275211440439,0.9698,0.00242024626846113,0.58496526296905,0.085,0.003943982758583,0.00129969974034984,0.000919118416345454,NA,0.085,2.52965917213341,2.56040028165902,0.267999029051985,1.62758954274958,2.04155466727556,2.16609287869327,4.23623343917701,0.0378,0.9994,1,0.00999834116056934,0.0100526814133921,NA,0.0474,0,0,0.350628000000011
70,"core",20,"severe","85_15","severe",0.1,"independent","mlma",5000,5000,0,0,0,0,0.0975127205071708,-0.0024872794928292,0.0024872794928292,0.0923418293668663,0.088055396971688,0.953580815708679,0.0923660901381277,0.9194,0.00384976986325157,0.345170813417772,0.2242,0.00589803967433248,0.00130591067464964,0.000923510649351613,NA,0.2242,NA,NA,NA,NA,NA,NA,NA,NA,NA,NA,0.0127278954234623,0.00785580498826305,NA,0.0082,2e-04,0,0.278180000000009
70,"core",20,"severe","85_15","severe",0.1,"independent","mlma_cr2",5000,5000,0,0,0,0,0.0975127205071708,-0.0024872794928292,0.0024872794928292,0.0923418293668663,0.0819569247965257,0.887538457473241,0.0923660901381277,0.97,0.00241246761636296,0.585079720820207,0.0852,0.0039481884453506,0.00130591067464964,0.000923510649351613,NA,0.0852,2.53698024701419,2.57245715393981,0.270745591248675,1.54503012484097,2.04190523300898,2.16472536398024,4.32889575967427,0.039,0.9998,1,0.0127278954234623,0.00785580498826305,NA,0.0082,2e-04,0,0.295916000000004
71,"core",20,"severe","85_15","extreme",0,"independent","aggregate_hksj",5000,5000,0,0,0,0,0.000228049848436641,0.000228049848436641,0.000228049848436641,0.0986384944441788,0.0966563053616154,0.979904507933411,0.0986288937504138,0.946,0.00319637294444813,0.406134724524972,0.054,0.00319637294444813,0.00139495896615021,0.000986483597734472,0.054,NA,18,18,0,18,18,18,18,0,0,0,NA,NA,0.016089181156507,0,0,4e-04,0.0313759999999816
71,"core",20,"severe","85_15","extreme",0,"independent","che_rve",5000,5000,0,0,0,0,0.000390750084895705,0.000390750084895705,0.000390750084895705,0.0975994535206651,0.0885360920238555,0.907137169626769,0.097590475367711,0.9776,0.00209276085590303,0.673971100355893,0.0224,0.00209276085590303,0.00138026470849127,0.00097609214930253,0.0224,NA,2.38766092436208,2.38424967698361,0.383743294768266,1.3650401385702,1.78730845988464,1.89130338430789,5.32475609430394,0.174,0.9984,1,0.0101167555949054,0.00996901154442047,NA,0.0734,2e-04,0,0.368898000000001
71,"core",20,"severe","85_15","extreme",0,"independent","mlma",5000,5000,0,0,0,0,0.000616030170607709,0.000616030170607709,0.000616030170607709,0.0991008762288284,0.0971306697925218,0.980119182480714,0.0990928804998563,0.926,0.00370199945975144,0.38074522917519,0.074,0.00370199945975145,0.00140149803205867,0.000991107878032123,0.074,NA,NA,NA,NA,NA,NA,NA,NA,NA,NA,NA,0.0145979123583918,0.00734905886130246,NA,0.009,0.0042,0,0.282585999999998
71,"core",20,"severe","85_15","extreme",0,"independent","mlma_cr2",5000,5000,0,0,0,0,0.000616030170607709,0.000616030170607709,0.000616030170607709,0.0991008762288284,0.0899398859129558,0.907558937271962,0.0990928804998563,0.9788,0.00203718236787971,0.673557268460399,0.0212,0.00203718236787971,0.00140149803205867,0.000991107878032123,0.0212,NA,2.43210801429028,2.46912243248329,0.376706754880236,1.36588124971452,1.79929582103394,1.91211809305553,4.61083138834297,0.1522,0.999,1,0.0145979123583918,0.00734905886130246,NA,0.009,0.0042,0,0.300861999999993
72,"core",20,"severe","85_15","extreme",0.1,"independent","aggregate_hksj",5000,5000,0,0,0,0,0.0980312170693738,-0.00196878293062619,0.00196878293062619,0.100464002285451,0.0974820923024925,0.97031862244064,0.100473246480285,0.9488,0.0031170036894428,0.409604552494236,0.1634,0.00522877499994023,0.00142077554562367,0.00100474050192891,NA,0.1634,18,18,0,18,18,18,18,0,0,0,NA,NA,0.0163245079347696,0,0,0,0.0315939999999922
72,"core",20,"severe","85_15","extreme",0.1,"independent","che_rve",5000,5000,0,0,0,0,0.0983917427387247,-0.00160825726127529,0.00160825726127529,0.0998597246716327,0.0890571854544342,0.891822861992457,0.0998626892787814,0.9776,0.00209276085590303,0.677256643183878,0.0722,0.0036602502646677,0.00141222976965466,0.000998697121422454,NA,0.0722,2.38861528768983,2.38418644934803,0.377546817118579,1.39573220804198,1.7825883414873,1.90598390239154,5.3059461895641,0.1676,0.9992,1,0.0102744297813049,0.00996250741323074,NA,0.0712,0,0,0.373488000000007
72,"core",20,"severe","85_15","extreme",0.1,"independent","mlma",5000,5000,0,0,0,0,0.0987193908304454,-0.00128060916955465,0.00128060916955465,0.100724714349476,0.0975048133347866,0.968032661740618,0.100722782661186,0.928,0.00365557109081467,0.382211844910965,0.2004,0.00566109247407247,0.00142446257099185,0.00100734788332033,NA,0.2004,NA,NA,NA,NA,NA,NA,NA,NA,NA,NA,0.0148271500429536,0.00730147535715147,NA,0.0076,0.0028,0,0.285382000000001
72,"core",20,"severe","85_15","extreme",0.1,"independent","mlma_cr2",5000,5000,0,0,0,0,0.0987193908304454,-0.00128060916955465,0.00128060916955465,0.100724714349476,0.0908283066058822,0.901747969130426,0.100722782661186,0.9784,0.00205589104769684,0.679104548885003,0.0708,0.00362732297982962,0.00142446257099185,0.00100734788332033,NA,0.0708,2.43916029571973,2.47308449873569,0.37583914104974,1.37832541617136,1.8040349488005,1.9316178433295,4.09829879235806,0.1456,0.9996,1,0.0148271500429536,0.00730147535715147,NA,0.0076,0.0028,0,0.303371999999983
73,"core",40,"balanced","50_50","balanced",0,"independent","aggregate_hksj",5000,5000,0,0,0,0,-0.00091430307473142,-0.00091430307473142,0.00091430307473142,0.0392272783363546,0.0380170110217851,0.969147303460819,0.039234010245158,0.9442,0.00324611644892786,0.153922830483758,0.0558,0.00324611644892786,0.00055475749038257,0.000392312016526955,0.0558,NA,38,38,0,38,38,38,38,0,0,0,NA,NA,0.0125360614623299,0,0,0,0.0446580000000191
73,"core",40,"balanced","50_50","balanced",0,"independent","che_rve",5000,5000,0,0,0,0,-0.000914303074731356,-0.000914303074731356,0.000914303074731356,0.0392272783363546,0.0380170110217851,0.969147303460819,0.039234010245158,0.9442,0.00324611644892786,0.153922830483758,0.0558,0.00324611644892786,0.00055475749038257,0.000392312016526955,0.0558,NA,38,38,9.66016670386432e-15,38,38,38,38,0,0,0,0.0100422924403891,0.00997508131860426,NA,0,0,0,0.377399999999977
73,"core",40,"balanced","50_50","balanced",0,"independent","mlma",5000,5000,0,0,0,0,-0.000914303074731354,-0.000914303074731354,0.000914303074731354,0.0392272783363546,0.0380170108234335,0.969147298404348,0.039234010245158,0.9348,0.00349138826256834,0.149023944027598,0.0652,0.00349138826256834,0.00055475749038257,0.000392312016526955,0.0652,NA,NA,NA,NA,NA,NA,NA,NA,NA,NA,NA,0.0117257926965689,0.00829157952174811,NA,0,0,0,0.339290000000013
73,"core",40,"balanced","50_50","balanced",0,"independent","mlma_cr2",5000,5000,0,0,0,0,-0.000914303074731354,-0.000914303074731354,0.000914303074731354,0.0392272783363546,0.0380170110217851,0.969147303460819,0.039234010245158,0.9442,0.00324611644892786,0.153922830483758,0.0558,0.00324611644892786,0.00055475749038257,0.000392312016526955,0.0558,NA,38,38,9.67583608432318e-15,38,38,38,38,0,0,0,0.0117257926965689,0.00829157952174811,NA,0,0,0,0.369084000000019
74,"core",40,"balanced","50_50","balanced",0.1,"independent","aggregate_hksj",5000,5000,0,0,0,0,0.0997533944700811,-0.000246605529918925,0.000246605529918925,0.0378622274347399,0.0379895138557197,1.00336183129213,0.0378592441941739,0.9564,0.00288787257336607,0.153811500278744,0.713,0.00639735883001728,0.000535452755398638,0.000378660142255114,NA,0.713,38,38,0,38,38,38,38,0,0,0,NA,NA,0.0125235418458553,0,0,0,0.0446499999999884
74,"core",40,"balanced","50_50","balanced",0.1,"independent","che_rve",5000,5000,0,0,0,0,0.0997533944700812,-0.000246605529918842,0.000246605529918842,0.0378622274347398,0.0379895138557197,1.00336183129213,0.0378592441941739,0.9564,0.00288787257336607,0.153811500278744,0.713,0.00639735883001728,0.000535452755398638,0.000378660142255114,NA,0.713,38,38,9.52222492929416e-15,38,38,38,38,0,0,0,0.0100232113279934,0.0100014166452437,NA,2e-04,0,0,0.377098000000004
74,"core",40,"balanced","50_50","balanced",0.1,"independent","mlma",5000,5000,0,0,0,0,0.0997533944700811,-0.00024660552991887,0.00024660552991887,0.0378622274347399,0.0379895136283419,1.00336182528673,0.0378592441941739,0.9484,0.00312849612433834,0.148916157003487,0.7368,0.00622777263554154,0.000535452755398638,0.000378660142255114,NA,0.7368,NA,NA,NA,NA,NA,NA,NA,NA,NA,NA,0.0117066862252593,0.00831792683708598,NA,0,0,0,0.338945999999998
74,"core",40,"balanced","50_50","balanced",0.1,"independent","mlma_cr2",5000,5000,0,0,0,0,0.0997533944700811,-0.00024660552991887,0.00024660552991887,0.0378622274347399,0.0379895138557197,1.00336183129213,0.0378592441941739,0.9564,0.00288787257336607,0.153811500278744,0.713,0.00639735883001728,0.000535452755398638,0.000378660142255114,NA,0.713,38,38,9.60564828843309e-15,38,38,38,38,0,0,0,0.0117066862252593,0.00831792683708598,NA,0,0,0,0.368462000000006
75,"core",40,"balanced","50_50","moderate",0,"independent","aggregate_hksj",5000,5000,0,0,0,0,0.000595633564040995,0.000595633564040995,0.000595633564040995,0.038617668844576,0.0385833728891883,0.999111910262483,0.0386184005554678,0.9484,0.00312849612433834,0.156215909801824,0.0516,0.00312849612433834,0.000546136310272323,0.000386215311908221,0.0516,NA,38,38,0,38,38,38,38,0,0,0,NA,NA,0.0125102684688895,0,0,0,0.0455519999999909
75,"core",40,"balanced","50_50","moderate",0,"independent","che_rve",5000,5000,0,0,0,0,0.000595632391478985,0.000595632391478985,0.000595632391478985,0.0386176697219595,0.0385832967881476,0.999109916935451,0.038618401414574,0.9488,0.0031170036894428,0.156257485695762,0.0512,0.0031170036894428,0.000546136322680399,0.000386215320682933,0.0512,NA,37.6770075857438,37.7090885687966,0.148398543971903,36.4214804015925,37.3904847215234,37.4832843339605,37.9242391606563,0,0,0,0.0100049398878329,0.0100211022977122,NA,0,0,0,0.384045999999948
75,"core",40,"balanced","50_50","moderate",0,"independent","mlma",5000,5000,0,0,0,0,0.000641792095801516,0.000641792095801516,0.000641792095801516,0.0386465731707982,0.038644679696324,0.999951005372048,0.0386480375105454,0.9402,0.00335332551357604,0.151484360797763,0.0598,0.00335332551357604,0.000546545079173869,0.000386504384079105,0.0598,NA,NA,NA,NA,NA,NA,NA,NA,NA,NA,NA,0.0120287054479035,0.0081792875582364,NA,0,0,0,0.354846000000015
75,"core",40,"balanced","50_50","moderate",0,"independent","mlma_cr2",5000,5000,0,0,0,0,0.000641792095801516,0.000641792095801516,0.000641792095801516,0.0386465731707982,0.0386436716775937,0.999924922367848,0.0386480375105454,0.9492,0.00310545842026584,0.156467511853439,0.0508,0.00310545842026584,0.000546545079173869,0.000386504384079105,0.0508,NA,37.941878492313,37.9481716538979,0.0284651955490852,37.6656132171846,37.8873233389949,37.9064539747357,37.9868528577739,0,0,0,0.0120287054479035,0.0081792875582364,NA,0,0,0,0.384150000000027
76,"core",40,"balanced","50_50","moderate",0.1,"independent","aggregate_hksj",5000,5000,0,0,0,0,0.0997303891926958,-0.000269610807304185,0.000269610807304185,0.0388333233035718,0.0384812197335607,0.990932952936874,0.0388303757822067,0.9458,0.00320194815698193,0.155802313297669,0.711,0.00641060059588803,0.000549186124879304,0.000388372072184991,NA,0.711,38,38,0,38,38,38,38,0,0,0,NA,NA,0.0124316168711617,0,0,0,0.0452840000000986
76,"core",40,"balanced","50_50","moderate",0.1,"independent","che_rve",5000,5000,0,0,0,0,0.0997303836765703,-0.000269616323429714,0.000269616323429714,0.0388333219629065,0.0384853882008737,0.991040329684771,0.0388303744800083,0.9452,0.00321860093829602,0.155861433652413,0.7114,0.00640796441937687,0.000549186105919434,0.000388372058776997,NA,0.7114,37.6728973480623,37.7069452946048,0.158654568392796,35.9623896838824,37.3821693949084,37.4872931080069,37.9148197240826,0,0,0,0.00992629663163758,0.0100211804186005,NA,2e-04,0,0,0.384065999999996
76,"core",40,"balanced","50_50","moderate",0.1,"independent","mlma",5000,5000,0,0,0,0,0.0997294551009744,-0.000270544899025574,0.000270544899025574,0.0388842804199134,0.0385430020468072,0.99122323032802,0.0388813330643909,0.939,0.00338464178311384,0.151085791735591,0.7312,0.00626971386906931,0.000549906767329601,0.000388881694313168,NA,0.7312,NA,NA,NA,NA,NA,NA,NA,NA,NA,NA,0.0119484308348603,0.0081753390926738,NA,0,0,0,0.356189999999973
76,"core",40,"balanced","50_50","moderate",0.1,"independent","mlma_cr2",5000,5000,0,0,0,0,0.0997294551009744,-0.000270544899025574,0.000270544899025574,0.0388842804199134,0.0385436793245377,0.991240648105158,0.0388813330643909,0.9454,0.00321306209090332,0.156062725355799,0.713,0.00639735883001728,0.000549906767329601,0.000388881694313168,NA,0.713,37.9411776341261,37.947891760612,0.030122688487897,37.6354151476334,37.8859607571587,37.9059954930805,37.9859161775195,0,0,0,0.0119484308348603,0.0081753390926738,NA,0,0,0,0.385981999999942
77,"core",40,"balanced","50_50","severe",0,"independent","aggregate_hksj",5000,5000,0,0,0,0,0.0001051833968743,0.0001051833968743,0.0001051833968743,0.0406978801597819,0.0400780293151345,0.984769456241607,0.0406939461045134,0.9468,0.00317394895989208,0.162267457293302,0.0532,0.00317394895989208,0.000575554940817984,0.000407019505583678,0.0532,NA,38,38,0,38,38,38,38,0,0,0,NA,NA,0.0125054924390287,0,0,0,0.045850000000032
77,"core",40,"balanced","50_50","severe",0,"independent","che_rve",5000,5000,0,0,0,0,0.000105235131648423,0.000105235131648423,0.000105235131648423,0.0406979103976566,0.0400816808540681,0.984858447582017,0.0406939764730171,0.9464,0.00318518570887162,0.162514800881368,0.0536,0.00318518570887162,0.000575555368446109,0.000407019807992668,0.0536,NA,36.3537148405878,36.4657458882339,0.608795222786763,31.9734989975799,35.2485266168222,35.5793194025575,37.5854403997222,0,0,0,0.0100012273964356,0.0100181428353181,NA,4e-04,0,0,0.38971599999998
77,"core",40,"balanced","50_50","severe",0,"independent","mlma",5000,5000,0,0,0,0,9.32434467195974e-05,9.32434467195974e-05,9.32434467195974e-05,0.0410558167700549,0.0404204481533452,0.984524272887609,0.0410518168779233,0.9386,0.00339499749631719,0.15844524523905,0.0614,0.00339499749631719,0.000580616928905164,0.000410599229676718,0.0614,NA,NA,NA,NA,NA,NA,NA,NA,NA,NA,NA,0.0128905536472743,0.00793099672800052,NA,0,0,0,0.336151999999973
77,"core",40,"balanced","50_50","severe",0,"independent","mlma_cr2",5000,5000,0,0,0,0,9.32434467195974e-05,9.32434467195974e-05,9.32434467195974e-05,0.0410558167700549,0.0404187624374656,0.984483213763417,0.0410518168779233,0.947,0.00316831185333767,0.163701718694179,0.053,0.00316831185333767,0.000580616928905164,0.000410599229676718,0.053,NA,37.5989819965184,37.6310215236119,0.170549646758823,35.3036181565574,37.2909517627857,37.3869264731477,37.9145265954573,0,0,0,0.0128905536472743,0.00793099672800052,NA,0,0,0,0.366005999999981
78,"core",40,"balanced","50_50","severe",0.1,"independent","aggregate_hksj",5000,5000,0,0,0,0,0.0991451028812398,-0.000854897118760162,0.000854897118760162,0.0399388867789186,0.0401169823721675,1.00445920273729,0.0399440421500819,0.9488,0.0031170036894428,0.16242516997595,0.67,0.00664981202741852,0.000564821153488302,0.000399428812667797,NA,0.67,38,38,0,38,38,38,38,0,0,0,NA,NA,0.0125310508034703,0,0,0,0.0460360000000233
78,"core",40,"balanced","50_50","severe",0.1,"independent","che_rve",5000,5000,0,0,0,0,0.0991451043066714,-0.000854895693328639,0.000854895693328639,0.0399388888513821,0.0401241000804608,1.00463736559542,0.0399440441913558,0.95,0.00308220700148449,0.162686333657525,0.6684,0.00665794923381066,0.000564821182797362,0.000399428833394504,NA,0.6684,36.3570830678549,36.4767193483696,0.609053474553346,32.3369529422497,35.200391567844,35.5791680388263,37.5394105552816,0,0,0,0.0100239958416631,0.010027771533925,NA,0,0,0,0.389430000000029
78,"core",40,"balanced","50_50","severe",0.1,"independent","mlma",5000,5000,0,0,0,0,0.0991465095116914,-0.000853490488308614,0.000853490488308614,0.0401449512376397,0.0404583935760809,1.00780776483164,0.0401500091215946,0.9452,0.00321860093829602,0.15859398856293,0.686,0.00656359657504938,0.000567735345010766,0.000401489663350381,NA,0.686,NA,NA,NA,NA,NA,NA,NA,NA,NA,NA,0.0129156009659766,0.0079452020550515,NA,0,0,0,0.33912199999999
78,"core",40,"balanced","50_50","severe",0.1,"independent","mlma_cr2",5000,5000,0,0,0,0,0.0991465095116914,-0.000853490488308614,0.000853490488308614,0.0401449512376397,0.0404580129366894,1.00779828320619,0.0401500091215946,0.9528,0.00299907185642492,0.16386053792481,0.6584,0.00670685380785954,0.000567735345010766,0.000401489663350381,NA,0.6584,37.6000699683873,37.6353288351122,0.168951636719448,36.5287238572992,37.2767719927562,37.3821865517457,37.8999340885701,0,0,0,0.0129156009659766,0.0079452020550515,NA,0,0,0,0.368774000000018
79,"core",40,"balanced","50_50","extreme",0,"independent","aggregate_hksj",5000,5000,0,0,0,0,-0.000171173012278965,-0.000171173012278965,0.000171173012278965,0.0427878650237194,0.0428137962111425,1.00060604069422,0.0427839284452644,0.9506,0.0030646252625729,0.173343998369506,0.0494,0.0030646252625729,0.000605111790215333,0.000427921444521467,0.0494,NA,38,38,0,38,38,38,38,0,0,0,NA,NA,0.0124893754446542,0,0,0,0.0464240000000456
79,"core",40,"balanced","50_50","extreme",0,"independent","che_rve",5000,5000,0,0,0,0,-0.000171186382952592,-0.000171186382952592,0.000171186382952592,0.0427878496937768,0.0428312206251745,1.00101362727289,0.042783913170474,0.9508,0.00305873699425106,0.174198815503198,0.0492,0.00305873699425106,0.000605111573417206,0.000427921291206709,0.0492,NA,33.3135654510635,33.5265985822663,1.39634480017418,22.7016552309769,30.7236086851766,31.468475029988,36.3416877740955,0,0,0,0.00998614532469439,0.0100129419816745,NA,2e-04,0,0,0.378490000000001
79,"core",40,"balanced","50_50","extreme",0,"independent","mlma",5000,5000,0,0,0,0,-0.000185615093109863,-0.000185615093109863,0.000185615093109863,0.0437277438145193,0.0439538456548691,1.00517067245246,0.0437237648076558,0.9434,0.00326791799162708,0.172295908931151,0.0566,0.00326791799162709,0.000618403683544694,0.000437321172449262,0.0566,NA,NA,NA,NA,NA,NA,NA,NA,NA,NA,NA,0.0145538411347331,0.00774279481395266,NA,0,0,0,0.306285999999996
79,"core",40,"balanced","50_50","extreme",0,"independent","mlma_cr2",5000,5000,0,0,0,0,-0.000185615093109863,-0.000185615093109863,0.000185615093109863,0.0437277438145193,0.0439580807846567,1.005267524689,0.0437237648076558,0.9522,0.00301712313305241,0.178181494486958,0.0478,0.00301712313305241,0.000618403683544694,0.000437321172449262,0.0478,NA,36.6631198486139,36.7543804538185,0.517512870642719,33.1945785365319,35.7046864147653,35.9850432446776,37.6750385578485,0,0,0,0.0145538411347331,0.00774279481395266,NA,0,0,0,0.335671999999986
80,"core",40,"balanced","50_50","extreme",0.1,"independent","aggregate_hksj",5000,5000,0,0,0,0,0.100534524989667,0.000534524989666926,0.000534524989666926,0.0432342380229726,0.0428241969361875,0.990515824829219,0.0432332188776657,0.9474,0.00315699984162179,0.17338610870367,0.6358,0.00680526795945611,0.000611424457709544,0.000432385620953966,NA,0.6358,38,38,0,38,38,38,38,0,0,0,NA,NA,0.0125103796928007,0,0,0,0.0462920000000493
80,"core",40,"balanced","50_50","extreme",0.1,"independent","che_rve",5000,5000,0,0,0,0,0.100534234421293,0.000534234421292495,0.000534234421292495,0.0432342592150792,0.0428442912637761,0.990980117194489,0.0432332364744947,0.9498,0.00308804015517933,0.174249501139841,0.6312,0.00682329187416162,0.00061142475741119,0.000432385832896227,NA,0.6312,33.3236778151166,33.5470093854505,1.41219290526807,23.922688324038,30.7487333614445,31.5141135435374,36.7472807287217,0,0,0,0.0100079498457064,0.0100103430288955,NA,8e-04,0,0,0.378901999999996
80,"core",40,"balanced","50_50","extreme",0.1,"independent","mlma",5000,5000,0,0,0,0,0.100506141368796,0.000506141368795981,0.000506141368795981,0.0440498443338176,0.0439545420399313,0.99783648965558,0.0440483471558424,0.9394,0.00337424480439698,0.172298638710434,0.6338,0.00681318662594824,0.000622958872773085,0.000440542499791088,NA,0.6338,NA,NA,NA,NA,NA,NA,NA,NA,NA,NA,0.0145542175361639,0.00773754638263158,NA,0,0,0,0.304325999999982
80,"core",40,"balanced","50_50","extreme",0.1,"independent","mlma_cr2",5000,5000,0,0,0,0,0.100506141368796,0.000506141368795981,0.000506141368795981,0.0440498443338176,0.0439483329938522,0.997695534649426,0.0440483471558424,0.949,0.00311123769583746,0.17814174848802,0.61,0.00689782574439221,0.000622958872773085,0.000440542499791088,NA,0.61,36.6638700089515,36.7557961256024,0.526571766849464,32.3089169800602,35.714705308032,35.9941249857943,37.7400958742911,0,0,0,0.0145542175361639,0.00773754638263158,NA,0,0,0,0.333879999999994
81,"core",40,"balanced","70_30","balanced",0,"independent","aggregate_hksj",5000,5000,0,0,0,0,0.000916916016743462,0.000916916016743462,0.000916916016743462,0.0419947417962799,0.0414373916303,0.98672809637255,0.0420005519231625,0.952,0.00302311098043059,0.167771227568228,0.048,0.00302311098043059,0.000593895333966553,0.000419989419004857,0.048,NA,38,38,0,38,38,38,38,0,0,0,NA,NA,0.0125106944613337,0,0,0,0.0433979999999807
81,"core",40,"balanced","70_30","balanced",0,"independent","che_rve",5000,5000,0,0,0,0,0.000916916016743537,0.000916916016743537,0.000916916016743537,0.0419947417962799,0.0411447029142917,0.979758444852173,0.0420005519231625,0.9528,0.00299907185642492,0.171187042297725,0.0472,0.00299907185642492,0.000593895333966553,0.000419989419004856,0.0472,NA,20.8860759493671,20.8860759493671,6.19785608342932e-14,20.8860759493669,20.886075949367,20.886075949367,20.8860759493672,0,0,0,0.0100036243641027,0.0100282851275315,NA,0,0,0,0.364797999999984
81,"core",40,"balanced","70_30","balanced",0,"independent","mlma",5000,5000,0,0,0,0,0.000916916016743544,0.000916916016743544,0.000916916016743544,0.0419947417962799,0.0414373913136715,0.986728088832831,0.0420005519231625,0.9442,0.00324611644892786,0.162431589176178,0.0558,0.00324611644892786,0.000593895333966553,0.000419989419004856,0.0558,NA,NA,NA,NA,NA,NA,NA,NA,NA,NA,NA,0.0116871246694084,0.00834478334542347,NA,0,0,0,0.326792000000065
81,"core",40,"balanced","70_30","balanced",0,"independent","mlma_cr2",5000,5000,0,0,0,0,0.000916916016743544,0.000916916016743544,0.000916916016743544,0.0419947417962799,0.0411447029142917,0.979758444852173,0.0420005519231625,0.9528,0.00299907185642492,0.171187042297725,0.0472,0.00299907185642492,0.000593895333966553,0.000419989419004856,0.0472,NA,20.8860759493671,20.8860759493671,6.11091303943702e-14,20.886075949367,20.886075949367,20.886075949367,20.8860759493672,0,0,0,0.0116871246694084,0.00834478334542347,NA,0,0,0,0.355616000000012
82,"core",40,"balanced","70_30","balanced",0.1,"independent","aggregate_hksj",5000,5000,0,0,0,0,0.0989013655744615,-0.00109863442553852,0.00109863442553852,0.0412080798505281,0.0415348707067932,1.00793026167321,0.0412186028559858,0.953,0.00299302522541993,0.168165899715341,0.6334,0.00681475516801594,0.000582770254039703,0.000412122012767374,NA,0.6334,38,38,0,38,38,38,38,0,0,0,NA,NA,0.0125714028652112,0,0,0,0.041595999999925
82,"core",40,"balanced","70_30","balanced",0.1,"independent","che_rve",5000,5000,0,0,0,0,0.0989013655744615,-0.00109863442553849,0.00109863442553849,0.0412080798505281,0.0413732968866074,1.00400933595253,0.0412186028559858,0.9512,0.00304691844328003,0.172138132553239,0.6178,0.0068720180442138,0.000582770254039702,0.000412122012767373,NA,0.6178,20.8860759493671,20.8860759493671,6.0405537930581e-14,20.8860759493669,20.886075949367,20.886075949367,20.8860759493672,0,0,0,0.0100651428526704,0.0100250453979887,NA,0,0,0,0.338455999999992
82,"core",40,"balanced","70_30","balanced",0.1,"independent","mlma",5000,5000,0,0,0,0,0.0989013655744615,-0.00109863442553849,0.00109863442553849,0.0412080798505281,0.041534870394466,1.00793025409394,0.0412186028559858,0.9464,0.00318518570887162,0.162813700151385,0.6594,0.00670211369643936,0.000582770254039702,0.000412122012767373,NA,0.6594,NA,NA,NA,NA,NA,NA,NA,NA,NA,NA,0.0117486430501138,0.00834154350698629,NA,0,0,0,0.300365999999965
82,"core",40,"balanced","70_30","balanced",0.1,"independent","mlma_cr2",5000,5000,0,0,0,0,0.0989013655744615,-0.00109863442553849,0.00109863442553849,0.0412080798505281,0.0413732968866074,1.00400933595253,0.0412186028559858,0.9512,0.00304691844328003,0.172138132553239,0.6178,0.0068720180442138,0.000582770254039702,0.000412122012767373,NA,0.6178,20.8860759493671,20.8860759493671,6.03725708303858e-14,20.886075949367,20.886075949367,20.886075949367,20.8860759493672,0,0,0,0.0117486430501138,0.00834154350698629,NA,0,0,0,0.328064000000032
83,"core",40,"balanced","70_30","moderate",0,"independent","aggregate_hksj",5000,5000,0,0,0,0,0.000498259579855861,0.000498259579855861,0.000498259579855861,0.0420723816340938,0.0420789367937822,1.00015580671771,0.0420711247997302,0.9524,0.00301112072159188,0.170368708137907,0.0476,0.00301112072159188,0.000594993327082721,0.000420765895034481,0.0476,NA,38,38,0,38,38,38,38,0,0,0,NA,NA,0.0124990991685298,0,0,0,0.0410179999999974
83,"core",40,"balanced","70_30","moderate",0,"independent","che_rve",5000,5000,0,0,0,0,0.00049825948920171,0.00049825948920171,0.00049825948920171,0.0420723810731446,0.0418013061862397,0.99355693973123,0.0420711242378029,0.9536,0.00297479545515318,0.174005250551509,0.0464,0.00297479545515318,0.000594993319149702,0.000420765889424429,0.0464,NA,20.7182935582381,20.7390938547994,0.347499769042213,18.7390005302039,20.1185318248182,20.2697818435712,22.1182899778325,0,0,0,0.00999673690667483,0.0100092496398906,NA,0,0,0,0.333119999999998
83,"core",40,"balanced","70_30","moderate",0,"independent","mlma",5000,5000,0,0,0,0,0.000485552742133143,0.000485552742133143,0.000485552742133143,0.0421196970692018,0.0421456131762324,1.00061529661498,0.0421182837837735,0.9446,0.00323514574633045,0.165207767863545,0.0554,0.00323514574633045,0.000595662468383115,0.000421239096708095,0.0554,NA,NA,NA,NA,NA,NA,NA,NA,NA,NA,NA,0.0120202881312553,0.00816763202706778,NA,0,0,0,0.308055999999992
83,"core",40,"balanced","70_30","moderate",0,"independent","mlma_cr2",5000,5000,0,0,0,0,0.000485552742133143,0.000485552742133143,0.000485552742133143,0.0421196970692018,0.0418574333605737,0.993773371441936,0.0421182837837735,0.9538,0.00296868859936505,0.174167749811689,0.0462,0.00296868859936505,0.000595662468383115,0.000421239096708095,0.0462,NA,20.8564372707076,20.8640150566414,0.136830301764106,20.1323497764077,20.6251031609315,20.6816403222011,21.4957743374273,0,0,0,0.0120202881312553,0.00816763202706778,NA,0,0,0,0.335054000000042
84,"core",40,"balanced","70_30","moderate",0.1,"independent","aggregate_hksj",5000,5000,0,0,0,0,0.100202671801386,0.000202671801386223,0.000202671801386223,0.0423754246545939,0.0422303774161935,0.996577090623099,0.0423716716119781,0.9566,0.00288154264240528,0.170981859162284,0.625,0.00684653196881458,0.000599279002578459,0.000423796628327967,NA,0.625,38,38,0,38,38,38,38,0,0,0,NA,NA,0.0126135680455092,0,0,0,0.0470619999999995
84,"core",40,"balanced","70_30","moderate",0.1,"independent","che_rve",5000,5000,0,0,0,0,0.100202616102551,0.000202616102550596,0.000202616102550596,0.042375467593677,0.0419297194156751,0.989480985029453,0.0423717142798946,0.9538,0.00296868859936505,0.174537878653756,0.6146,0.00688283139412844,0.000599279609828795,0.000423797057761743,NA,0.6146,20.7196793346653,20.741617451455,0.347596969555917,18.2412570010221,20.1253508352018,20.272611909742,22.3133168818587,0,0,0,0.0101144747221908,0.00999636873831892,NA,2e-04,0,0,0.404272000000004
84,"core",40,"balanced","70_30","moderate",0.1,"independent","mlma",5000,5000,0,0,0,0,0.100148761078415,0.000148761078415216,0.000148761078415216,0.0424261323928737,0.0422971545522157,0.996959943473902,0.0424221503973353,0.9482,0.0031342227106573,0.165801799141734,0.6476,0.00675594908210534,0.000599996118290385,0.000424303756426111,NA,0.6476,NA,NA,NA,NA,NA,NA,NA,NA,NA,NA,0.0121381044071021,0.00815274087319406,NA,0,0,0,0.388865999999996
84,"core",40,"balanced","70_30","moderate",0.1,"independent","mlma_cr2",5000,5000,0,0,0,0,0.100148761078415,0.000148761078415216,0.000148761078415216,0.0424261323928737,0.0420010746951795,0.989981229168898,0.0424221503973353,0.954,0.00296256645495084,0.174764849308386,0.613,0.00688812020801031,0.000599996118290385,0.000424303756426111,NA,0.613,20.8567262495865,20.8638409019963,0.135631270384678,19.9330512516799,20.6276825300827,20.681569436341,21.5404054115455,0,0,0,0.0121381044071021,0.00815274087319406,NA,0,0,0,0.419547999999996
85,"core",40,"balanced","70_30","severe",0,"independent","aggregate_hksj",5000,5000,0,0,0,0,-0.000940673303781607,-0.000940673303781607,0.000940673303781607,0.0448444788164623,0.0436091537556352,0.972453129271878,0.044849859990066,0.9438,0.00325704037432759,0.176564232712095,0.0562,0.00325704037432759,0.00063419670139794,0.000448489639371233,0.0562,NA,38,38,0,38,38,38,38,0,0,0,NA,NA,0.0123904230969276,0,0,0,0.0451280000000088
85,"core",40,"balanced","70_30","severe",0,"independent","che_rve",5000,5000,0,0,0,0,-0.00094073503819666,-0.00094073503819666,0.00094073503819666,0.0448444699132898,0.0433124492391892,0.965837021218829,0.0448498523845919,0.9462,0.00319078548323136,0.18070643387293,0.0538,0.00319078548323136,0.000634196575488067,0.000448489550330603,0.0538,NA,20.0123522411385,20.0761915560173,0.989794431338518,15.4776571887239,18.3018438592971,18.7241003269473,23.1255896657837,0,0,0,0.00989122755859837,0.00999655359281431,NA,4e-04,0,0,0.378598000000001
85,"core",40,"balanced","70_30","severe",0,"independent","mlma",5000,5000,0,0,0,0,-0.00102476036249948,-0.00102476036249948,0.00102476036249948,0.0450411550559266,0.0439743151716315,0.976314109108203,0.0450483078643674,0.9384,0.00340015999623547,0.172376147962422,0.0616,0.00340015999623547,0.00063697812345041,0.000450456598471622,0.0616,NA,NA,NA,NA,NA,NA,NA,NA,NA,NA,NA,0.0127877208344211,0.00791980173743294,NA,0,0,0,0.329215999999983
85,"core",40,"balanced","70_30","severe",0,"independent","mlma_cr2",5000,5000,0,0,0,0,-0.00102476036249948,-0.00102476036249948,0.00102476036249948,0.0450411550559266,0.0437005153339603,0.970235227753337,0.0450483078643674,0.9478,0.00314563697841948,0.181939063795248,0.0522,0.00314563697841947,0.00063697812345041,0.000450456598471622,0.0522,NA,20.6733686532168,20.7126948615602,0.437005283045222,18.3887103474947,19.897286724028,20.1088026368182,21.9817185371347,0,0,0,0.0127877208344211,0.00791980173743294,NA,0,0,0,0.358287999999991
86,"core",40,"balanced","70_30","severe",0.1,"independent","aggregate_hksj",5000,5000,0,0,0,0,0.0999469784836125,-5.30215163874748e-05,5.30215163874748e-05,0.0445720917230026,0.0436382820134231,0.979049452841864,0.0445676658304296,0.947,0.00316831185333767,0.176682166862237,0.6012,0.00692471746716066,0.000630344566180079,0.000445765496008677,NA,0.6012,38,38,0,38,38,38,38,0,0,0,NA,NA,0.0124278637516774,0,0,0,0.0449660000000105
86,"core",40,"balanced","70_30","severe",0.1,"independent","che_rve",5000,5000,0,0,0,0,0.09994698511559,-5.30148844099659e-05,5.30148844099659e-05,0.0445720949801884,0.0433284094206107,0.972097215530692,0.044567669079398,0.9472,0.00316266216975509,0.180763616569184,0.5808,0.00697812811576285,0.000630344612243642,0.000445765528583793,NA,0.5808,20.0252594527553,20.0939405784489,0.993644074285682,14.6758165448002,18.2945183146837,18.7508706450754,22.6123320897576,0,0,0,0.00992461537683378,0.0100125338655917,NA,0,0,0,0.379090000000007
86,"core",40,"balanced","70_30","severe",0.1,"independent","mlma",5000,5000,0,0,0,0,0.0999126066847555,-8.73933152445161e-05,8.73933152445161e-05,0.0448558230586837,0.0440093799290969,0.981129693496441,0.044851422395405,0.9386,0.00339499749631719,0.17251359928594,0.6148,0.00688216477570829,0.000634357133209983,0.000448603093139391,NA,0.6148,NA,NA,NA,NA,NA,NA,NA,NA,NA,NA,0.0128224550953295,0.00792833756803196,NA,0,0,0,0.327751999999984
86,"core",40,"balanced","70_30","severe",0.1,"independent","mlma_cr2",5000,5000,0,0,0,0,0.0999126066847555,-8.73933152445161e-05,8.73933152445161e-05,0.0448558230586837,0.0437057008537098,0.974359578611027,0.044851422395405,0.947,0.00316831185333767,0.181957494021748,0.5738,0.00699361937768992,0.000634357133209983,0.000448603093139391,NA,0.5738,20.6775412679257,20.7130898947788,0.436568805739941,18.4996307666487,19.902246371755,20.1095635855356,21.8264997388583,0,0,0,0.0128224550953295,0.00792833756803196,NA,0,0,0,0.357017999999981
87,"core",40,"balanced","70_30","extreme",0,"independent","aggregate_hksj",5000,5000,0,0,0,0,0.000254019074917451,0.000254019074917451,0.000254019074917451,0.0480900445945453,0.0466520370447737,0.970097604152883,0.0480859062961068,0.9468,0.00317394895989208,0.18888422305609,0.0532,0.00317394895989208,0.00068009593280733,0.000480948543204757,0.0532,NA,38,38,0,38,38,38,38,0,0,0,NA,NA,0.012419466957712,0,0,0,0.0454520000000317
87,"core",40,"balanced","70_30","extreme",0,"independent","che_rve",5000,5000,0,0,0,0,0.000252584980433357,0.000252584980433357,0.000252584980433357,0.0480902170772442,0.046338129135269,0.963566645183553,0.0480860712048001,0.951,0.00305283474822991,0.194467932295054,0.049,0.00305283474822991,0.00068009837208105,0.000480950268204254,0.049,NA,18.4551895170204,18.5197343585221,1.83150069744314,10.4469542343858,15.3616704241431,16.0772322072606,24.3268221006112,0,0,0,0.00990316523787796,0.0100664490062103,NA,0.0012,0,0,0.372590000000025
87,"core",40,"balanced","70_30","extreme",0,"independent","mlma",5000,5000,0,0,0,0,5.02513138117587e-05,5.02513138117587e-05,5.02513138117587e-05,0.0489307332937161,0.0478762970460959,0.978450430299281,0.0489258657820502,0.9396,0.00336903072114221,0.187671635846979,0.0604,0.00336903072114221,0.000691985066408341,0.000489356271011289,0.0604,NA,NA,NA,NA,NA,NA,NA,NA,NA,NA,NA,0.0144814296267759,0.0077802516273349,NA,0,0,0,0.299741999999988
87,"core",40,"balanced","70_30","extreme",0,"independent","mlma_cr2",5000,5000,0,0,0,0,5.02513138117587e-05,5.02513138117587e-05,5.02513138117587e-05,0.0489307332937161,0.0476394461412989,0.973609895754758,0.0489258657820502,0.951,0.00305283474822991,0.198641168936696,0.049,0.00305283474822991,0.000691985066408341,0.000489356271011289,0.049,NA,20.19373734705,20.2378354255468,0.872192492578527,14.7494911320045,18.6767659311174,19.0985704328397,23.1416219386348,0,0,0,0.0144814296267759,0.0077802516273349,NA,0,0,0,0.329249999999969
88,"core",40,"balanced","70_30","extreme",0.1,"independent","aggregate_hksj",5000,5000,0,0,0,0,0.0990834618847428,-0.000916538115257187,0.000916538115257187,0.0477489302761767,0.0467200392495659,0.978452061215618,0.047752951663404,0.9434,0.00326791799162708,0.189159549589119,0.5404,0.00704794778641272,0.000675271847853763,0.000477537058855576,NA,0.5404,38,38,0,38,38,38,38,0,0,0,NA,NA,0.0124804401639093,0,0,0,0.045917999999992
88,"core",40,"balanced","70_30","extreme",0.1,"independent","che_rve",5000,5000,0,0,0,0,0.0990843769434794,-0.000915623056520612,0.000915623056520612,0.0477484565672567,0.0465276859885013,0.974433297607517,0.0477524605346774,0.9492,0.00310545842026584,0.195293794939998,0.52,0.00706540869306228,0.000675265148597971,0.000477532321292597,NA,0.52,18.413437389888,18.463972057647,1.80729591805782,10.5161460836379,15.3358483758441,16.0899266032243,23.6026028715798,0,0,0,0.00996978045897755,0.0100454970990513,NA,0.002,0,0,0.377377999999955
88,"core",40,"balanced","70_30","extreme",0.1,"independent","mlma",5000,5000,0,0,0,0,0.0990318340286134,-0.000968165971386645,0.000968165971386645,0.0488671274651672,0.0479091981166214,0.980397265027935,0.048871831281585,0.9378,0.00341558662604244,0.187800605673544,0.5448,0.00704262678267136,0.000691085544154542,0.000488720149110428,NA,0.5448,NA,NA,NA,NA,NA,NA,NA,NA,NA,NA,0.0145057579149121,0.00775857912497327,NA,0,0,0,0.302809999999982
88,"core",40,"balanced","70_30","extreme",0.1,"independent","mlma_cr2",5000,5000,0,0,0,0,0.0990318340286134,-0.000968165971386645,0.000968165971386645,0.0488671274651672,0.0476906844851547,0.975925677627541,0.048871831281585,0.95,0.00308220700148449,0.198870142329736,0.5042,0.00707081834019231,0.000691085544154542,0.000488720149110428,NA,0.5042,20.1698679534274,20.2155897030906,0.862411611735082,15.7683950954664,18.6878750552703,19.0548178953497,22.6823197911825,0,0,0,0.0145057579149121,0.00775857912497327,NA,0,0,0,0.332488000000032
89,"core",40,"balanced","85_15","balanced",0,"independent","aggregate_hksj",5000,5000,0,0,0,0,-0.000286367527827315,-0.000286367527827315,0.000286367527827315,0.0531987064117289,0.0530707505024188,0.997594755249877,0.0531941571017865,0.9498,0.00308804015517933,0.21487223518305,0.0502,0.00308804015517933,0.000752343321081716,0.000532040270804837,0.0502,NA,38,38,0,38,38,38,38,0,0,0,NA,NA,0.0124518833564803,0,0,0,0.0446800000000214
89,"core",40,"balanced","85_15","balanced",0,"independent","che_rve",5000,5000,0,0,0,0,-0.000286367527827226,-0.000286367527827226,0.000286367527827226,0.0531987064117289,0.0514972412488666,0.968016794436808,0.0531941571017865,0.9502,0.00307636018697421,0.244348953108329,0.0498,0.00307636018697421,0.000752343321081715,0.000532040270804837,0.0498,NA,6.88791484032561,6.88791484032561,1.01718740445105e-14,6.88791484032558,6.88791484032559,6.8879148403256,6.88791484032564,0,0,1,0.00995194385281833,0.00999976347341597,NA,0,0,0,0.375555999999979
89,"core",40,"balanced","85_15","balanced",0,"independent","mlma",5000,5000,0,0,0,0,-0.000286367527827225,-0.000286367527827225,0.000286367527827225,0.0531987064117289,0.0530707502320971,0.997594750168521,0.0531941571017865,0.9416,0.00331630637909105,0.208033518174862,0.0584,0.00331630637909105,0.000752343321081715,0.000532040270804836,0.0584,NA,NA,NA,NA,NA,NA,NA,NA,NA,NA,NA,0.0116354440896342,0.00831626158850977,NA,0,0,0,0.337298000000028
89,"core",40,"balanced","85_15","balanced",0,"independent","mlma_cr2",5000,5000,0,0,0,0,-0.000286367527827225,-0.000286367527827225,0.000286367527827225,0.0531987064117289,0.0514972412488666,0.968016794436808,0.0531941571017865,0.9502,0.00307636018697421,0.244348953108329,0.0498,0.00307636018697421,0.000752343321081715,0.000532040270804836,0.0498,NA,6.88791484032561,6.88791484032561,1.00949452999249e-14,6.88791484032558,6.88791484032559,6.8879148403256,6.88791484032564,0,0,1,0.0116354440896342,0.00831626158850977,NA,0,0,0,0.366952000000013
90,"core",40,"balanced","85_15","balanced",0.1,"independent","aggregate_hksj",5000,5000,0,0,0,0,0.0997963881669169,-0.000203611833083095,0.000203611833083095,0.0529660743457697,0.0531076525000699,1.0026729969334,0.0529611688728058,0.957,0.00286883251515316,0.215021643560413,0.4514,0.00703758538136483,0.000749053406854491,0.000529713717478278,NA,0.4514,38,38,0,38,38,38,38,0,0,0,NA,NA,0.0124712787191446,0,0,0,0.0445779999999948
90,"core",40,"balanced","85_15","balanced",0.1,"independent","che_rve",5000,5000,0,0,0,0,0.0997963881669169,-0.000203611833083137,0.000203611833083137,0.0529660743457696,0.0516454610991496,0.975066809029513,0.0529611688728057,0.9584,0.00282380735886852,0.245052240592633,0.3642,0.00680526795945611,0.00074905340685449,0.000529713717478278,NA,0.3642,6.88791484032561,6.88791484032561,1.00776728437967e-14,6.88791484032558,6.88791484032559,6.8879148403256,6.88791484032564,0,0,1,0.00996673048884437,0.0100181981807185,NA,0,0,0,0.376555999999977
90,"core",40,"balanced","85_15","balanced",0.1,"independent","mlma",5000,5000,0,0,0,0,0.0997963881669169,-0.00020361183308315,0.00020361183308315,0.0529660743457696,0.053107652347413,1.00267299405123,0.0529611688728057,0.947,0.00316831185333767,0.208178171808807,0.476,0.00706291724431201,0.00074905340685449,0.000529713717478278,NA,0.476,NA,NA,NA,NA,NA,NA,NA,NA,NA,NA,0.0116502308559238,0.00833469629252374,NA,0,0,0,0.338122000000058
90,"core",40,"balanced","85_15","balanced",0.1,"independent","mlma_cr2",5000,5000,0,0,0,0,0.0997963881669169,-0.00020361183308315,0.00020361183308315,0.0529660743457696,0.0516454610991496,0.975066809029513,0.0529611688728057,0.9584,0.00282380735886852,0.245052240592633,0.3642,0.00680526795945611,0.00074905340685449,0.000529713717478278,NA,0.3642,6.88791484032561,6.88791484032561,1.0081829384268e-14,6.88791484032558,6.88791484032559,6.8879148403256,6.88791484032564,0,0,1,0.0116502308559238,0.00833469629252374,NA,0,0,0,0.367556000000023
91,"core",40,"balanced","85_15","moderate",0,"independent","aggregate_hksj",5000,5000,0,0,0,0,-0.000170137936756054,-0.000170137936756054,0.000170137936756054,0.0548679346115649,0.054041267405046,0.984933509665138,0.0548627113566836,0.9482,0.0031342227106573,0.218801652690362,0.0518,0.0031342227106573,0.000775949772670753,0.000548734222281823,0.0518,NA,38,38,0,38,38,38,38,0,0,0,NA,NA,0.0125197868175178,0,0,0,0.0457719999999907
91,"core",40,"balanced","85_15","moderate",0,"independent","che_rve",5000,5000,0,0,0,0,-0.0001701374966519,-0.0001701374966519,0.0001701374966519,0.0548679361815854,0.0524450834823975,0.955842102550212,0.0548627129251747,0.951,0.00305283474822991,0.249248541137389,0.049,0.00305283474822991,0.000775949794874196,0.000548734237983598,0.049,NA,6.83473955469694,6.84767535726184,0.105278241522707,6.24131396519527,6.64173379042017,6.69135897514561,7.13991269298291,0,0,1,0.0100149721410668,0.0100190420679941,NA,0,0,0,0.38211400000006
91,"core",40,"balanced","85_15","moderate",0,"independent","mlma",5000,5000,0,0,0,0,-0.000197636447961302,-0.000197636447961302,0.000197636447961302,0.0549118783399442,0.0541209111915186,0.985595700377814,0.0549067425742033,0.9406,0.00334280241713446,0.212150073491734,0.0594,0.00334280241713446,0.000776571230837304,0.000549173703515936,0.0594,NA,NA,NA,NA,NA,NA,NA,NA,NA,NA,NA,0.012037849401524,0.00817424486704181,NA,0,0,0,0.354400000000003
91,"core",40,"balanced","85_15","moderate",0,"independent","mlma_cr2",5000,5000,0,0,0,0,-0.000197636447961302,-0.000197636447961302,0.000197636447961302,0.0549118783399442,0.0525665635698304,0.957289481966095,0.0549067425742033,0.9516,0.00303504332753257,0.249492360473389,0.0484,0.00303504332753257,0.000776571230837304,0.000549173703515936,0.0484,NA,6.87881791421741,6.88283635395438,0.038307568357771,6.68225722451185,6.80925912244612,6.82823246829181,6.99240108230953,0,0,1,0.012037849401524,0.00817424486704181,NA,0,0,0,0.384101999999971
92,"core",40,"balanced","85_15","moderate",0.1,"independent","aggregate_hksj",5000,5000,0,0,0,0,0.0986472423470976,-0.00135275765290242,0.00135275765290242,0.0546067475361357,0.0538984788322576,0.987029648608729,0.0546180414365753,0.9492,0.00310545842026584,0.21822353198351,0.424,0.0069889054937093,0.000772256029626868,0.000546122090301271,NA,0.424,38,38,0,38,38,38,38,0,0,0,NA,NA,0.0124418817569273,0,0,0,0.0452979999999603
92,"core",40,"balanced","85_15","moderate",0.1,"independent","che_rve",5000,5000,0,0,0,0,0.0986473909597083,-0.00135260904029171,0.00135260904029171,0.0546067178450033,0.0524568399963245,0.960629791836582,0.0546180080769422,0.9496,0.00309385972532693,0.249321790015385,0.3518,0.00675332155313221,0.000772255609730846,0.000546121793360251,NA,0.3518,6.832505357097,6.8430574711489,0.109811300855457,6.13585387614405,6.6378093632756,6.6892230017521,7.16014094261572,0,0,1,0.0099508575579515,0.00996413693236507,NA,2e-04,0,0,0.38283200000002
92,"core",40,"balanced","85_15","moderate",0.1,"independent","mlma",5000,5000,0,0,0,0,0.0986822213886971,-0.00131777861130293,0.00131777861130293,0.054591898176896,0.0539768336239304,0.988733409654074,0.0546023427332168,0.9418,0.00331097447891101,0.211585299804828,0.4456,0.00702909154869959,0.000772046027974573,0.000545973581857287,NA,0.4456,NA,NA,NA,NA,NA,NA,NA,NA,NA,NA,0.0119729455706686,0.00811635444523765,NA,0,0,0,0.353634000000029
92,"core",40,"balanced","85_15","moderate",0.1,"independent","mlma_cr2",5000,5000,0,0,0,0,0.0986822213886971,-0.00131777861130293,0.00131777861130293,0.054591898176896,0.0525404313394175,0.962421771252009,0.0546023427332168,0.9502,0.00307636018697421,0.249372892056551,0.3518,0.00675332155313221,0.000772046027974573,0.000545973581857287,NA,0.3518,6.8781966094069,6.88179516670999,0.0398853564007141,6.61692509092965,6.80812174372862,6.82746278775536,7.01098696404272,0,0,1,0.0119729455706686,0.00811635444523765,NA,0,0,0,0.383003999999954
93,"core",40,"balanced","85_15","severe",0,"independent","aggregate_hksj",5000,5000,0,0,0,0,0.000599187399438384,0.000599187399438384,0.000599187399438384,0.0565146972407874,0.0562864505283087,0.995961285760654,0.0565122221077588,0.9504,0.00307049963361014,0.227891923913656,0.0496,0.00307049963361014,0.000799238513113308,0.000565203495583732,0.0496,NA,38,38,0,38,38,38,38,0,0,0,NA,NA,0.0125370442312386,0,0,0,0.0459759999999151
93,"core",40,"balanced","85_15","severe",0,"independent","che_rve",5000,5000,0,0,0,0,0.000598868695420623,0.000598868695420623,0.000598868695420623,0.0565144053313314,0.0545291754947404,0.964872144987601,0.0565119268656306,0.9518,0.00302908435009658,0.261197131133014,0.0482,0.00302908435009658,0.000799234384890192,0.000565200576197219,0.0482,NA,6.60986413378365,6.66181767239608,0.365383709254478,4.14206746008192,5.95460937923622,6.11412760286788,7.55759830892889,0,0,1,0.0100342961715422,0.0100113309888481,NA,4e-04,0,0,0.387928000000039
93,"core",40,"balanced","85_15","severe",0,"independent","mlma",5000,5000,0,0,0,0,0.000453963165836152,0.000453963165836152,0.000453963165836152,0.0567214440127127,0.0567250479755078,1.00006353792393,0.0567175883567088,0.9458,0.00320194815698193,0.222358102106604,0.0542,0.00320194815698193,0.000802162354001646,0.000567271170080775,0.0542,NA,NA,NA,NA,NA,NA,NA,NA,NA,NA,NA,0.0129528267230109,0.00793803111453662,NA,0,0,0,0.336022000000054
93,"core",40,"balanced","85_15","severe",0,"independent","mlma_cr2",5000,5000,0,0,0,0,0.000453963165836152,0.000453963165836152,0.000453963165836152,0.0567214440127127,0.055120129917835,0.971768805911942,0.0567175883567088,0.95,0.00308220700148449,0.262106237916397,0.05,0.00308220700148449,0.000802162354001646,0.000567271170080775,0.05,NA,6.82147238105172,6.85134312185349,0.149325128497053,5.84037981650066,6.54371654111862,6.61311605276555,7.21610488484403,0,0,1,0.0129528267230109,0.00793803111453662,NA,0,0,0,0.365732000000043
94,"core",40,"balanced","85_15","severe",0.1,"independent","aggregate_hksj",5000,5000,0,0,0,0,0.100093472262972,9.34722629716001e-05,9.34722629716001e-05,0.0556823996128277,0.0562337067601715,1.00990092293395,0.0556769095566668,0.9546,0.00294410733499986,0.227678375560856,0.409,0.00695297058817309,0.000787468047179393,0.000556879686881642,NA,0.409,38,38,0,38,38,38,38,0,0,0,NA,NA,0.0124763376839746,0,0,0,0.0458300000000032
94,"core",40,"balanced","85_15","severe",0.1,"independent","che_rve",5000,5000,0,0,0,0,0.10009347420596,9.34742059598148e-05,9.34742059598148e-05,0.0556824015499927,0.0548336657882022,0.984757558256022,0.0556769114968973,0.9586,0.00281730509529941,0.26275706175801,0.3248,0.00662276316955393,0.000787468074575044,0.00055687970625523,NA,0.3248,6.59535197160507,6.65389765492662,0.362026374117529,5.00634138976816,5.92054895742923,6.1014857941915,7.58280552980319,0,0,1,0.00998084603404236,0.00998153227492655,NA,0,0,0,0.388753999999994
94,"core",40,"balanced","85_15","severe",0.1,"independent","mlma",5000,5000,0,0,0,0,0.0998698142462421,-0.000130185753757867,0.000130185753757867,0.056221339271751,0.0566250863211246,1.00718138441032,0.0562158676001884,0.9496,0.00309385972532693,0.221966259621752,0.4292,0.00699981942624237,0.000795089804928893,0.000562269622491388,NA,0.4292,NA,NA,NA,NA,NA,NA,NA,NA,NA,NA,0.0128850364130618,0.00790301799735037,NA,0,0,0,0.337209999999987
94,"core",40,"balanced","85_15","severe",0.1,"independent","mlma_cr2",5000,5000,0,0,0,0,0.0998698142462421,-0.000130185753757867,0.000130185753757867,0.056221339271751,0.0553136955940459,0.983855886582176,0.0562158676001884,0.9568,0.00287519599331941,0.263059629001618,0.3282,0.00664055359138077,0.000795089804928893,0.000562269622491388,NA,0.3282,6.81676161580483,6.8483793722653,0.147208120632333,6.12367564176425,6.52791558184796,6.60595982407749,7.16525155895749,0,0,1,0.0128850364130618,0.00790301799735037,NA,0,0,0,0.366876000000013
95,"core",40,"balanced","85_15","extreme",0,"independent","aggregate_hksj",5000,5000,0,0,0,0,-3.94411163667176e-05,-3.94411163667176e-05,3.94411163667176e-05,0.0600080381172132,0.0604226244479061,1.00690884660957,0.060002049976237,0.9516,0.00303504332753257,0.244638416601172,0.0484,0.00303504332753257,0.000848641813567646,0.000600140398212956,0.0484,NA,38,38,0,38,38,38,38,0,0,0,NA,NA,0.012594276684417,0,0,0,0.0461320000000604
95,"core",40,"balanced","85_15","extreme",0,"independent","che_rve",5000,5000,0,0,0,0,-3.91398368410279e-05,-3.91398368410279e-05,3.91398368410279e-05,0.0600077333041417,0.0585261488717081,0.975310108366793,0.0600017449964296,0.9618,0.0027107474983849,0.286612228764313,0.0382,0.0027107474983849,0.000848637502859849,0.000600137349777382,0.0382,NA,6.07743955086645,6.10361432538387,0.683558700159367,3.63848927166235,4.90618529862758,5.17337206912417,8.1818785231863,0,0.0024,1,0.0101034272176054,0.00996400787873619,NA,0.001,0,0,0.378001999999976
95,"core",40,"balanced","85_15","extreme",0,"independent","mlma",5000,5000,0,0,0,0,1.28446202042114e-06,1.28446202042114e-06,1.28446202042114e-06,0.0614924162181547,0.0617546705042948,1.004264823246,0.0614862666824564,0.9482,0.0031342227106573,0.242073860131111,0.0518,0.0031342227106573,0.000869634089988056,0.000614985663823165,0.0518,NA,NA,NA,NA,NA,NA,NA,NA,NA,NA,NA,0.014652017346549,0.00770575483195131,NA,0,0,0,0.305108000000028
95,"core",40,"balanced","85_15","extreme",0,"independent","mlma_cr2",5000,5000,0,0,0,0,1.28446202042114e-06,1.28446202042114e-06,1.28446202042114e-06,0.0614924162181547,0.0602972150401257,0.980563437712565,0.0614862666824564,0.9624,0.00269021337443705,0.288358167778827,0.0376,0.00269021337443705,0.000869634089988056,0.000614985663823165,0.0376,NA,6.65603994525811,6.67490591420035,0.300632792338773,5.33745533747014,6.12520120633335,6.25903974427475,7.46095594751306,0,0,1,0.014652017346549,0.00770575483195131,NA,0,0,0,0.334581999999957
96,"core",40,"balanced","85_15","extreme",0.1,"independent","aggregate_hksj",5000,5000,0,0,0,0,0.0981620659875722,-0.00183793401242777,0.00183793401242777,0.0611509741359088,0.0602404839871384,0.985110782589549,0.0611724754352566,0.9472,0.00316266216975509,0.243900968429591,0.3532,0.00675943429585642,0.000864805369753286,0.000611570901507399,NA,0.3532,38,38,0,38,38,38,38,0,0,0,NA,NA,0.0125031454260691,0,0,0,0.0459000000000087
96,"core",40,"balanced","85_15","extreme",0.1,"independent","che_rve",5000,5000,0,0,0,0,0.0981611871697561,-0.00183881283024387,0.00183881283024387,0.0611498324257742,0.0583186971418152,0.953701667336612,0.0611713607656703,0.9554,0.00291927525252416,0.285749693563885,0.2778,0.00633446382892822,0.000864789223533719,0.000611559483264172,NA,0.2778,6.06932913111999,6.08728921133521,0.69900012746389,3.63639383671087,4.88528698185628,5.14689576305649,8.22601565711361,0,0.0028,1,0.010019878165624,0.00993467148186255,NA,0.0012,0,0,0.379387999999983
96,"core",40,"balanced","85_15","extreme",0.1,"independent","mlma",5000,5000,0,0,0,0,0.0980789795184815,-0.00192102048151853,0.00192102048151853,0.0623195702942892,0.0615741322142016,0.988038459242138,0.0623429419869397,0.9422,0.00330027756408457,0.241366163038285,0.3638,0.00680366901017385,0.000881331815114472,0.00062325803186268,NA,0.3638,NA,NA,NA,NA,NA,NA,NA,NA,NA,NA,0.0145504260016525,0.00767039501715935,NA,0,0,0,0.305743999999987
96,"core",40,"balanced","85_15","extreme",0.1,"independent","mlma_cr2",5000,5000,0,0,0,0,0.0980789795184815,-0.00192102048151853,0.00192102048151853,0.0623195702942892,0.0601145929231676,0.96461821927351,0.0623429419869397,0.9548,0.00293792307591605,0.28752631333348,0.274,0.00630751932220584,0.000881331815114472,0.00062325803186268,NA,0.274,6.65248867411978,6.66483689631231,0.30929577532423,5.15689725184301,6.10617084487674,6.24951172156781,7.48133945479643,0,0,1,0.0145504260016525,0.00767039501715935,NA,0,0,0,0.335327999999998
97,"core",40,"moderate","50_50","balanced",0,"independent","aggregate_hksj",5000,5000,0,0,0,0,0.00177784354041754,0.00177784354041754,0.00177784354041754,0.0403688291074935,0.0402586019139002,0.997269497381264,0.0404039250901631,0.9532,0.00298696367570816,0.16299855752351,0.0468,0.00298696367570816,0.00057090145620939,0.000403728665960376,0.0468,NA,38,38,0,38,38,38,38,0,0,0,NA,NA,0.0139548358188284,0,0,0,0.0440559999999969
97,"core",40,"moderate","50_50","balanced",0,"independent","che_rve",5000,5000,0,0,0,0,0.00176208587765563,0.00176208587765563,0.00176208587765563,0.039635323043686,0.0394669690118353,0.995752424380013,0.0396705128231414,0.952,0.00302311098043059,0.160024438826948,0.048,0.00302311098043059,0.000560528113974197,0.000396392871706194,0.048,NA,36.3458018610346,36.4516994782942,0.674480346930826,32.1108142412092,35.07853406546,35.4741704412238,37.7170484728103,0,0,0,0.0100202483480936,0.0099455234187151,NA,0,0,0,0.365702000000009
97,"core",40,"moderate","50_50","balanced",0,"independent","mlma",5000,5000,0,0,0,0,0.00176208589526078,0.00176208589526078,0.00176208589526078,0.039635323030945,0.0394709721047347,0.995853422814745,0.0396705128111962,0.944,0.00325158422926425,0.15472336752013,0.056,0.00325158422926425,0.000560528113794011,0.000396392871578771,0.056,NA,NA,NA,NA,NA,NA,NA,NA,NA,NA,NA,0.0117037500326399,0.00826202140392617,NA,0,0,0,0.32656200000003
97,"core",40,"moderate","50_50","balanced",0,"independent","mlma_cr2",5000,5000,0,0,0,0,0.00176208589526078,0.00176208589526078,0.00176208589526078,0.039635323030945,0.0394669690311027,0.995752425186219,0.0396705128111962,0.952,0.00302311098043059,0.160024438897752,0.048,0.00302311098043059,0.000560528113794011,0.000396392871578771,0.048,NA,36.3458019126388,36.4516991485497,0.674480382828858,32.1108145805531,35.0785342391792,35.474168615408,37.7170475954713,0,0,0,0.0117037500326399,0.00826202140392617,NA,0,0,0,0.355756000000049
98,"core",40,"moderate","50_50","balanced",0.1,"independent","aggregate_hksj",5000,5000,0,0,0,0,0.100377670410147,0.000377670410147149,0.000377670410147149,0.0404018059313915,0.0403169157670793,0.997898852233082,0.0403995308917322,0.9494,0.00309966578843591,0.163234657971612,0.676,0.00661851947190608,0.000571367818925397,0.000404058467181128,NA,0.676,38,38,0,38,38,38,38,0,0,0,NA,NA,0.0140069155224453,0,0,0,0.0414240000000078
98,"core",40,"moderate","50_50","balanced",0.1,"independent","che_rve",5000,5000,0,0,0,0,0.100404207202388,0.000404207202388207,0.000404207202388207,0.039815010125725,0.0395025554828335,0.992152340489054,0.0398130803602006,0.95,0.00308220700148449,0.160170025960358,0.6918,0.0065301264918836,0.000563069273058224,0.000398189922240623,NA,0.6918,36.3363445040354,36.4540259193196,0.67972477034058,31.3327368357449,35.0648373487024,35.4455376583544,37.6557998346985,0,0,0,0.0100333615728215,0.0100034194553316,NA,2e-04,0,0,0.338322000000051
98,"core",40,"moderate","50_50","balanced",0.1,"independent","mlma",5000,5000,0,0,0,0,0.100404169705852,0.00040416970585154,0.00040416970585154,0.0398151023577766,0.0395032551569938,0.992167615243568,0.0398131721976057,0.9416,0.00331630637909105,0.154849914759608,0.7114,0.00640796441937687,0.000563070577416407,0.000398190844653385,NA,0.7114,NA,NA,NA,NA,NA,NA,NA,NA,NA,NA,0.011716849933056,0.00831992289698931,NA,0,0,0,0.299074000000009
98,"core",40,"moderate","50_50","balanced",0.1,"independent","mlma_cr2",5000,5000,0,0,0,0,0.100404169705852,0.00040416970585154,0.00040416970585154,0.0398151023577766,0.0395025578131985,0.992150100688688,0.0398131721976057,0.95,0.00308220700148449,0.16017003756769,0.6918,0.0065301264918836,0.000563070577416407,0.000398190844653385,NA,0.6918,36.3363274770202,36.4540256670828,0.679850725236275,31.2479050100249,35.0648374939738,35.4455377056779,37.6557998257556,0,0,0,0.011716849933056,0.00831992289698931,NA,0,0,0,0.326649999999984
99,"core",40,"moderate","50_50","moderate",0,"independent","aggregate_hksj",5000,5000,0,0,0,0,0.000339977944374842,0.000339977944374842,0.000339977944374842,0.0416393262023015,0.0409039343417114,0.982339006711654,0.0416365501078922,0.9458,0.00320194815698193,0.165611371924798,0.0542,0.00320194815698193,0.000588868998433722,0.000416434907596157,0.0542,NA,38,38,0,38,38,38,38,0,0,0,NA,NA,0.0139723866406864,0,0,0,0.0369440000000584
99,"core",40,"moderate","50_50","moderate",0,"independent","che_rve",5000,5000,0,0,0,0,0.000210553305545971,0.000210553305545971,0.000210553305545971,0.0409671672289909,0.0401338395495966,0.979658645306466,0.040963611433862,0.9484,0.00312849612433834,0.162775797813781,0.0516,0.00312849612433834,0.000579363235072455,0.000409712645603237,0.0516,NA,36.0270841450991,36.1889791169068,0.85111505968372,29.5355081825444,34.4651289350666,34.9501346183134,37.8117964809559,0,0,0,0.0100429869975227,0.00996799078317795,NA,4e-04,0,0,0.299018000000079
99,"core",40,"moderate","50_50","moderate",0,"independent","mlma",5000,5000,0,0,0,0,0.000208614974286065,0.000208614974286065,0.000208614974286065,0.0409946286054121,0.0401703271306055,0.979892451697981,0.040991059790987,0.9408,0.0033375248313683,0.157464788846358,0.0592,0.0033375248313683,0.000579751597582219,0.000409987286832946,0.0592,NA,NA,NA,NA,NA,NA,NA,NA,NA,NA,NA,0.0120498266327803,0.00812162080699343,NA,0,0,0,0.26623600000005
99,"core",40,"moderate","50_50","moderate",0,"independent","mlma_cr2",5000,5000,0,0,0,0,0.000208614974286065,0.000208614974286065,0.000208614974286065,0.0409946286054121,0.0401802894071114,0.980135465888982,0.040991059790987,0.9476,0.00315132480077824,0.16293327327617,0.0524,0.00315132480077824,0.000579751597582219,0.000409987286832946,0.0524,NA,36.234582250129,36.3638730933966,0.734834160309164,30.3363968814664,34.8803089708885,35.3050723117656,37.8316410043824,0,0,0,0.0120498266327803,0.00812162080699343,NA,0,0,0,0.290972000000002
100,"core",40,"moderate","50_50","moderate",0.1,"independent","aggregate_hksj",5000,5000,0,0,0,0,0.0997959993301749,-0.000204000669825066,0.000204000669825066,0.0405452450329051,0.0407569692148017,1.00522192384643,0.0405417035615506,0.9502,0.00307636018697421,0.165016341234369,0.6576,0.0067106220278004,0.000573396354152747,0.000405493001656884,NA,0.6576,38,38,0,38,38,38,38,0,0,0,NA,NA,0.0138370464477905,0,0,0,0.041389999999955
100,"core",40,"moderate","50_50","moderate",0.1,"independent","che_rve",5000,5000,0,0,0,0,0.0997512324754946,-0.000248767524505367,0.000248767524505367,0.0399235540710252,0.0399179204302865,0.999858889298065,0.0399203366332173,0.9496,0.00309385972532693,0.161906168126511,0.6788,0.00660349240932402,0.000564604316253795,0.000399275470253855,NA,0.6788,35.9865472137076,36.1379543829817,0.858647380590831,28.4962532514164,34.3578636251268,34.8912713451821,37.5197428602683,0,0,0,0.00987835181251789,0.0100078607701098,NA,0,0,0,0.35792199999995
100,"core",40,"moderate","50_50","moderate",0.1,"independent","mlma",5000,5000,0,0,0,0,0.0997410250606247,-0.000258974939375337,0.000258974939375337,0.0399921026486037,0.0399957307753388,1.00009072107978,0.039988941829221,0.9408,0.0033375248313683,0.156780383710049,0.6986,0.0064893457297327,0.000565573739534723,0.000399961024588501,NA,0.6986,NA,NA,NA,NA,NA,NA,NA,NA,NA,NA,0.0119053124632958,0.00815534973233861,NA,0,0,0,0.31059400000002
100,"core",40,"moderate","50_50","moderate",0.1,"independent","mlma_cr2",5000,5000,0,0,0,0,0.0997410250606247,-0.000258974939375337,0.000258974939375337,0.0399921026486037,0.0399899850281867,0.999947049035265,0.039988941829221,0.9504,0.00307049963361014,0.162165862368599,0.6744,0.00662698483474951,0.000565573739534723,0.000399961024588501,NA,0.6744,36.2066767085763,36.3229728071204,0.728550667445565,31.0423032518211,34.8287394707539,35.2465663778024,37.6018995515218,0,0,0,0.0119053124632958,0.00815534973233861,NA,0,0,0,0.33826200000001
101,"core",40,"moderate","50_50","severe",0,"independent","aggregate_hksj",5000,5000,0,0,0,0,0.000390227272750259,0.000390227272750259,0.000390227272750259,0.042733338394619,0.0423931392297236,0.99203902204518,0.04273084670389,0.9512,0.00304691844328003,0.17164084729312,0.0488,0.00304691844328003,0.000604340667231491,0.000427376123695654,0.0488,NA,38,38,0,38,38,38,38,0,0,0,NA,NA,0.0138853698057228,0,0,0,0.0463939999999969
101,"core",40,"moderate","50_50","severe",0,"independent","che_rve",5000,5000,0,0,0,0,0.000591381895484816,0.000591381895484816,0.000591381895484816,0.042166504121557,0.0416083814368648,0.986763837877494,0.0421664345133143,0.9508,0.00305873699425106,0.168970453318424,0.0492,0.00305873699425106,0.000596324420065669,0.000421707214045721,0.0492,NA,34.7240189477852,34.95127684812,1.32681506551167,23.7846720784783,32.3116585724524,33.0989609283826,37.3048918311844,0,0,0,0.00996689117806383,0.00998156764485149,NA,4e-04,0,0,0.401799999999995
101,"core",40,"moderate","50_50","severe",0,"independent","mlma",5000,5000,0,0,0,0,0.000631492136888361,0.000631492136888361,0.000631492136888361,0.0423707249529472,0.041968723974716,0.990512294073854,0.0423711937487091,0.9404,0.00334806929438445,0.164514374935092,0.0596,0.00334806929438445,0.00059921253876038,0.000423749626611093,0.0596,NA,NA,NA,NA,NA,NA,NA,NA,NA,NA,NA,0.0128716951346847,0.00788377087157075,NA,0,0,0,0.341717999999992
101,"core",40,"moderate","50_50","severe",0,"independent","mlma_cr2",5000,5000,0,0,0,0,0.000631492136888361,0.000631492136888361,0.000631492136888361,0.0423707249529472,0.0419731742271615,0.990617325376728,0.0423711937487091,0.9526,0.00300510365877785,0.170277966140057,0.0474,0.00300510365877785,0.00059921253876038,0.000423749626611093,0.0474,NA,35.7687497356823,35.9128120771407,0.910002892716344,28.0712567751895,34.1073779739048,34.5997999014663,37.5976981741273,0,0,0,0.0128716951346847,0.00788377087157075,NA,0,0,0,0.372370000000003
102,"core",40,"moderate","50_50","severe",0.1,"independent","aggregate_hksj",5000,5000,0,0,0,0,0.10064141957729,0.000641419577290414,0.000641419577290414,0.0431368918644171,0.0423942592870917,0.982784281731295,0.0431373469340501,0.947,0.00316831185333767,0.171645382168318,0.6322,0.00681943047475374,0.000610047775132802,0.000431412062007648,NA,0.6322,38,38,0,38,38,38,38,0,0,0,NA,NA,0.0139084600996313,0,0,0,0.0447639999999899
102,"core",40,"moderate","50_50","severe",0.1,"independent","che_rve",5000,5000,0,0,0,0,0.100544787454291,0.000544787454290499,0.000544787454290499,0.0426218784370314,0.0416329454418509,0.97679752672934,0.0426210979441771,0.9442,0.00324611644892786,0.169069465832997,0.6464,0.00676116912966981,0.000602764385394672,0.000426261412643099,NA,0.6464,34.7255499815314,34.9693983827466,1.3334495265731,24.8706407789192,32.1944596047828,32.9937998115462,37.1644060697883,0,0,0,0.00999572248433637,0.00998564812670685,NA,6e-04,0,0,0.383202000000012
102,"core",40,"moderate","50_50","severe",0.1,"independent","mlma",5000,5000,0,0,0,0,0.100519861055664,0.000519861055664331,0.000519861055664331,0.0428179696452151,0.0419662391689009,0.980108106867943,0.0428168436990731,0.9396,0.00336903072114221,0.16450463467528,0.6614,0.00669253375038184,0.000605537533855427,0.000428222520845563,NA,0.6614,NA,NA,NA,NA,NA,NA,NA,NA,NA,NA,0.0128736001636782,0.00788777388354917,NA,0,0,0,0.322856000000002
102,"core",40,"moderate","50_50","severe",0.1,"independent","mlma_cr2",5000,5000,0,0,0,0,0.100519861055664,0.000519861055664331,0.000519861055664331,0.0428179696452151,0.0419670113371826,0.980126140611442,0.0428168436990731,0.9468,0.00317394895989208,0.170253653068653,0.6378,0.00679722237388185,0.000605537533855427,0.000428222520845563,NA,0.6378,35.7627253831064,35.9007213618702,0.915382622693814,30.3773579215586,34.0609641648663,34.5518653681359,37.6011150273216,0,0,0,0.0128736001636782,0.00788777388354917,NA,0,0,0,0.352465999999984
103,"core",40,"moderate","50_50","extreme",0,"independent","aggregate_hksj",5000,5000,0,0,0,0,-0.000212010402895586,-0.000212010402895586,0.000212010402895586,0.0461143803752829,0.0450465835438346,0.976844601992732,0.0461102561106716,0.9436,0.00326248494249399,0.182384081660624,0.0564,0.00326248494249399,0.000652155821471567,0.000461189925051514,0.0564,NA,38,38,0,38,38,38,38,0,0,0,NA,NA,0.0137397949606814,0,0,0,0.045889999999978
103,"core",40,"moderate","50_50","extreme",0,"independent","che_rve",5000,5000,0,0,0,0,-0.000275846803085128,-0.000275846803085128,0.000275846803085128,0.0456991084834688,0.0443295977919067,0.970032004189808,0.0456953709465126,0.9454,0.00321306209090332,0.180626685435285,0.0546,0.00321306209090332,0.00064628299005681,0.000457036790799181,0.0546,NA,31.742692286956,32.1232830718866,2.13792528257688,17.4159852826623,27.6996961897679,28.9975826424966,36.3641903389716,0,0,0,0.00986983975564916,0.0100082385850929,NA,8e-04,0,0,0.375463999999985
103,"core",40,"moderate","50_50","extreme",0,"independent","mlma",5000,5000,0,0,0,0,-4.82699445987207e-05,-4.82699445987207e-05,4.82699445987207e-05,0.04671703999274,0.0455943640105786,0.975968597703623,0.046712392994854,0.9382,0.00340531232047811,0.178726622717486,0.0618,0.00340531232047811,0.000660678715516592,0.000467217123976117,0.0618,NA,NA,NA,NA,NA,NA,NA,NA,NA,NA,NA,0.0145163910831773,0.00768198759384537,NA,0,0,0,0.307594000000009
103,"core",40,"moderate","50_50","extreme",0,"independent","mlma_cr2",5000,5000,0,0,0,0,-4.82699445987207e-05,-4.82699445987207e-05,4.82699445987207e-05,0.04671703999274,0.0455887446753609,0.975848313216024,0.046712392994854,0.9454,0.00321306209090332,0.185144552935404,0.0546,0.00321306209090332,0.000660678715516592,0.000467217123976117,0.0546,NA,34.6808147411663,34.8721685307422,1.24986012259849,24.763655535848,32.3894727713667,33.0486488939502,37.4069643965394,0,0,0,0.0145163910831773,0.00768198759384537,NA,0,0,0,0.337198000000021
104,"core",40,"moderate","50_50","extreme",0.1,"independent","aggregate_hksj",5000,5000,0,0,0,0,0.0996484603210914,-0.000351539678908594,0.000351539678908594,0.0460760549706538,0.0453411344862645,0.984049839230868,0.0460727882945696,0.9426,0.0032895361375124,0.183576656078283,0.5632,0.00701435328451597,0.000651613818401469,0.000460806632674069,NA,0.5632,38,38,0,38,38,38,38,0,0,0,NA,NA,0.0139750675068924,0,0,0,0.0458919999999867
104,"core",40,"moderate","50_50","extreme",0.1,"independent","che_rve",5000,5000,0,0,0,0,0.0996404176572771,-0.000359582342722917,0.000359582342722917,0.0455664121210572,0.0445971277213317,0.978728094782834,0.0455632741741033,0.9468,0.00317394895989208,0.181691629220572,0.5762,0.00698846993268197,0.000644406380102808,0.000455709694458794,NA,0.5762,31.8555415335876,32.1970506135026,2.11877963891585,16.8220024440145,28.1383118348944,29.217255645868,36.1591476920156,0,0,0,0.0101000681859797,0.00993851059003282,NA,0.0026,0,0,0.381480000000004
104,"core",40,"moderate","50_50","extreme",0.1,"independent","mlma",5000,5000,0,0,0,0,0.0995646343718939,-0.000435365628106144,0.000435365628106144,0.0463283720407636,0.0458568014205256,0.989821126893408,0.0463257847809009,0.9418,0.00331097447891101,0.179755358460871,0.5828,0.0069734376027896,0.000655182120627143,0.000463330055730091,NA,0.5828,NA,NA,NA,NA,NA,NA,NA,NA,NA,NA,0.0147560158731912,0.00762953260123697,NA,0,0,0,0.310678000000003
104,"core",40,"moderate","50_50","extreme",0.1,"independent","mlma_cr2",5000,5000,0,0,0,0,0.0995646343718939,-0.000435365628106144,0.000435365628106144,0.0463283720407636,0.0458538298931588,0.989756986341174,0.0463257847809009,0.9484,0.00312849612433834,0.186207918053797,0.552,0.00703272351226749,0.000655182120627143,0.000463330055730091,NA,0.552,34.7516209172324,34.925380569339,1.21343967814642,26.885901965867,32.5947093766316,33.169390018143,37.2639957588087,0,0,0,0.0147560158731912,0.00762953260123697,NA,0,0,0,0.340592000000015
105,"core",40,"moderate","70_30","balanced",0,"independent","aggregate_hksj",5000,5000,0,0,0,0,6.87670218235834e-05,6.87670218235834e-05,6.87670218235834e-05,0.0435013694038234,0.0440454126295412,1.01250634711444,0.0434970734082558,0.9536,0.00297479545515318,0.178330552548675,0.0464,0.00297479545515318,0.000615202265926891,0.000435057201933931,0.0464,NA,38,38,0,38,38,38,38,0,0,0,NA,NA,0.0140526430846112,0,0,0,0.0455119999999879
105,"core",40,"moderate","70_30","balanced",0,"independent","che_rve",5000,5000,0,0,0,0,0.000198555593952461,0.000198555593952461,0.000198555593952461,0.0427150623184206,0.0428664751069081,1.00354471655358,0.0427112521226044,0.9514,0.0030409879973456,0.178845570254646,0.0486,0.0030409879973456,0.000604082204483224,0.000427193344654852,0.0486,NA,20.0085518496349,20.0666463515433,0.994901003240904,14.0486038777771,18.2641301138093,18.7140645190017,23.6870082789849,0,0,0,0.0100609392071512,0.010015613395335,NA,0,0,0,0.38005000000002
105,"core",40,"moderate","70_30","balanced",0,"independent","mlma",5000,5000,0,0,0,0,0.000198555514403337,0.000198555514403337,0.000198555514403337,0.0427150622286621,0.0431501093687553,1.01018486494915,0.0427112520324859,0.9428,0.00328414859590732,0.16914532058345,0.0572,0.00328414859590732,0.000604082203213846,0.000427193343757177,0.0572,NA,NA,NA,NA,NA,NA,NA,NA,NA,NA,NA,0.0117444405686284,0.00833211146143352,NA,0,0,0,0.339242000000006
105,"core",40,"moderate","70_30","balanced",0,"independent","mlma_cr2",5000,5000,0,0,0,0,0.000198555514403337,0.000198555514403337,0.000198555514403337,0.0427150622286621,0.0428664751660849,1.00354472004775,0.0427112520324859,0.9514,0.0030409879973456,0.178845570517182,0.0486,0.0030409879973456,0.000604082203213846,0.000427193343757177,0.0486,NA,20.0085518320304,20.0666464517115,0.994901070447914,14.048603474396,18.2641298533286,18.7140643658415,23.6870123696641,0,0,0,0.0117444405686284,0.00833211146143352,NA,0,0,0,0.369165999999983
106,"core",40,"moderate","70_30","balanced",0.1,"independent","aggregate_hksj",5000,5000,0,0,0,0,0.101720190583273,0.00172019058327298,0.00172019058327298,0.0444185412259717,0.0440102747049477,0.990808646350022,0.0444473987869392,0.9494,0.00309966578843591,0.178188286529717,0.607,0.00690725705327375,0.000628173034225976,0.000444229837464835,NA,0.607,38,38,0,38,38,38,38,0,0,0,NA,NA,0.0140304988073662,0,0,0,0.0452320000000058
106,"core",40,"moderate","70_30","balanced",0.1,"independent","che_rve",5000,5000,0,0,0,0,0.101693425373847,0.00169342537384724,0.00169342537384724,0.0436950354674105,0.0429170337912818,0.982194735218628,0.0437234715315487,0.9502,0.00307636018697421,0.179063761483756,0.6054,0.00691217534499813,0.000617941117663853,0.00043699405626492,NA,0.6054,19.9939140704317,20.0558661555201,0.984885945026906,15.132542022252,18.2398950310633,18.6921032970865,22.8507705621661,0,0,0,0.0100415731335786,0.00999291404096917,NA,0,0,0,0.380521999999992
106,"core",40,"moderate","70_30","balanced",0.1,"independent","mlma",5000,5000,0,0,0,0,0.101693425429456,0.00169342542945604,0.00169342542945604,0.0436950355039571,0.0431144373675706,0.986712491941244,0.043723471570218,0.9402,0.00335332551357604,0.169005488908293,0.6466,0.00676030236010195,0.0006179411181807,0.000436994056630423,NA,0.6466,NA,NA,NA,NA,NA,NA,NA,NA,NA,NA,0.0117250739120628,0.00830941208128588,NA,0,0,0,0.340395999999993
106,"core",40,"moderate","70_30","balanced",0.1,"independent","mlma_cr2",5000,5000,0,0,0,0,0.101693425429456,0.00169342542945604,0.00169342542945604,0.0436950355039571,0.0429170338595795,0.982194735960173,0.043723471570218,0.9502,0.00307636018697421,0.179063761797201,0.6054,0.00691217534499813,0.0006179411181807,0.000436994056630423,NA,0.6054,19.9939140295814,20.0558662058482,0.984885983174686,15.1325403110503,18.239894771104,18.6921029382018,22.8507705930571,0,0,0,0.0117250739120628,0.00830941208128588,NA,0,0,0,0.370626000000037
107,"core",40,"moderate","70_30","moderate",0,"independent","aggregate_hksj",5000,5000,0,0,0,0,0.000241784805454842,0.000241784805454842,0.000241784805454842,0.0450231424163661,0.0445506612659303,0.989505815785438,0.0450192891577147,0.9524,0.00301112072159188,0.180376197330337,0.0476,0.00301112072159188,0.000636723386258804,0.000450276454060675,0.0476,NA,38,38,0,38,38,38,38,0,0,0,NA,NA,0.0139027561905048,0,0,0,0.0452340000000033
107,"core",40,"moderate","70_30","moderate",0,"independent","che_rve",5000,5000,0,0,0,0,0.000289835405870387,0.000289835405870387,0.000289835405870387,0.0445155187586145,0.0434266535370854,0.975539648825986,0.0445120106109462,0.9464,0.00318518570887162,0.181293719579142,0.0536,0.00318518570887162,0.000629544503645065,0.000445199709783344,0.0536,NA,19.8189419900681,19.9036393808388,1.05095269067633,14.277688786221,17.9568593048232,18.4215955644626,23.0620228898607,0,0,0,0.0099478085907674,0.0100032229948627,NA,2e-04,0,0,0.385282000000028
107,"core",40,"moderate","70_30","moderate",0,"independent","mlma",5000,5000,0,0,0,0,0.000317370292232356,0.000317370292232356,0.000317370292232356,0.0445157855429291,0.0437564659133204,0.982942688299268,0.0445124651684665,0.9414,0.00332162731202644,0.171522194561725,0.0586,0.00332162731202644,0.000629548276545025,0.000445202377893315,0.0586,NA,NA,NA,NA,NA,NA,NA,NA,NA,NA,NA,0.0119700261108723,0.00815624259768111,NA,0,0,0,0.344543999999997
107,"core",40,"moderate","70_30","moderate",0,"independent","mlma_cr2",5000,5000,0,0,0,0,0.000317370292232356,0.000317370292232356,0.000317370292232356,0.0445157855429291,0.0435015114685586,0.977215406579935,0.0445124651684665,0.9484,0.00312849612433834,0.181540746236927,0.0516,0.00312849612433834,0.000629548276545025,0.000445202377893315,0.0516,NA,19.9335402344106,20.0168157870773,1.01825204940465,14.8110896532375,18.1578156026088,18.5713309136583,22.9822926506938,0,0,0,0.0119700261108723,0.00815624259768111,NA,0,0,0,0.374417999999967
108,"core",40,"moderate","70_30","moderate",0.1,"independent","aggregate_hksj",5000,5000,0,0,0,0,0.0999412331547452,-5.87668452548123e-05,5.87668452548123e-05,0.0447179358123761,0.0446560342948514,0.998615734013652,0.044713502413759,0.9532,0.00298696367570816,0.1808028304199,0.58,0.00697997134664606,0.000632407113071918,0.000447224082768382,NA,0.58,38,38,0,38,38,38,38,0,0,0,NA,NA,0.0139996150497229,0,0,0,0.0457859999999826
108,"core",40,"moderate","70_30","moderate",0.1,"independent","che_rve",5000,5000,0,0,0,0,0.0999941558752721,-5.84412472789952e-06,5.84412472789952e-06,0.0441338890326496,0.0433970694640186,0.983304902767894,0.0441294758100274,0.951,0.00305283474822991,0.181141036686319,0.579,0.00698224892137197,0.000624147444302423,0.000441383030836716,NA,0.579,19.8732543490157,19.9365186036066,1.0510370030467,13.6870356891489,18.0469809537357,18.539060776558,23.0757671423231,0,0,0,0.0100251659306683,0.0100130667554939,NA,0,0,0,0.384725999999981
108,"core",40,"moderate","70_30","moderate",0.1,"independent","mlma",5000,5000,0,0,0,0,0.0999874521689287,-1.2547831071269e-05,1.2547831071269e-05,0.0441658237647377,0.0438432836548722,0.992697065686274,0.0441614087441532,0.9436,0.00326248494249399,0.171862513855046,0.6224,0.00685592065298308,0.00062459906961472,0.00044170241009712,NA,0.6224,NA,NA,NA,NA,NA,NA,NA,NA,NA,NA,0.0120424593104139,0.00816243085789619,NA,0,0,0,0.344912000000018
108,"core",40,"moderate","70_30","moderate",0.1,"independent","mlma_cr2",5000,5000,0,0,0,0,0.0999874521689287,-1.2547831071269e-05,1.2547831071269e-05,0.0441658237647377,0.043454814587721,0.983901371775513,0.0441614087441532,0.951,0.00305283474822991,0.181320755110292,0.58,0.00697997134664606,0.00062459906961472,0.00044170241009712,NA,0.58,19.9807892454098,20.0404688890262,1.02607261155288,14.1636533596107,18.2007828646299,18.672683163042,23.3010588430498,0,0,0,0.0120424593104139,0.00816243085789619,NA,0,0,0,0.375252000000021
109,"core",40,"moderate","70_30","severe",0,"independent","aggregate_hksj",5000,5000,0,0,0,0,-0.000398927347321534,-0.000398927347321534,0.000398927347321534,0.0468944848653351,0.0463711955394326,0.988841132866579,0.0468914921416606,0.953,0.00299302522541993,0.187747155247296,0.047,0.00299302522541993,0.000663188164970567,0.000468991750173561,0.047,NA,38,38,0,38,38,38,38,0,0,0,NA,NA,0.0139815298958659,0,0,0,0.0458380000000208
109,"core",40,"moderate","70_30","severe",0,"independent","che_rve",5000,5000,0,0,0,0,-0.000466932993277464,-0.000466932993277464,0.000466932993277464,0.0461376051162906,0.0451462866272398,0.978513872001977,0.0461353540851894,0.9472,0.00316266216975509,0.188909412157782,0.0528,0.00316266216975509,0.000652484268908725,0.000461422195689817,0.0528,NA,19.1692056583463,19.2802172926136,1.41059891113773,11.9062756794256,16.6977636938551,17.3939242931183,23.3017175867528,0,0,0,0.0100509256587822,0.0100051189791938,NA,4e-04,0,0,0.392443999999959
109,"core",40,"moderate","70_30","severe",0,"independent","mlma",5000,5000,0,0,0,0,-0.000510963145935385,-0.000510963145935385,0.000510963145935385,0.0464254812905893,0.0459091758276705,0.988878834455434,0.0464236505602128,0.9468,0.00317394895989208,0.179960662364302,0.0532,0.00317394895989208,0.000656555452808497,0.000464301245352166,0.0532,NA,NA,NA,NA,NA,NA,NA,NA,NA,NA,NA,0.0129348568159689,0.00789652924477329,NA,0,0,0,0.334433999999982
109,"core",40,"moderate","70_30","severe",0,"independent","mlma_cr2",5000,5000,0,0,0,0,-0.000510963145935385,-0.000510963145935385,0.000510963145935385,0.0464254812905893,0.0455169908669251,0.980431211515555,0.0464236505602128,0.9506,0.0030646252625729,0.190099785161694,0.0494,0.0030646252625729,0.000656555452808497,0.000464301245352166,0.0494,NA,19.7151802958747,19.8080619962999,1.20675471346021,14.1520395677354,17.5869830914117,18.1670369912353,24.1438928802598,0,0,0,0.0129348568159689,0.00789652924477329,NA,0,0,0,0.364226000000015
110,"core",40,"moderate","70_30","severe",0.1,"independent","aggregate_hksj",5000,5000,0,0,0,0,0.100575353369755,0.000575353369755463,0.000575353369755463,0.0467949321542445,0.0462524882384155,0.98840806277823,0.0467937896914256,0.9492,0.00310545842026584,0.187266534512511,0.5576,0.00702399088837678,0.000661780277028614,0.000467996123495009,NA,0.5576,38,38,0,38,38,38,38,0,0,0,NA,NA,0.0139078272402165,0,0,0,0.0457379999998753
110,"core",40,"moderate","70_30","severe",0.1,"independent","che_rve",5000,5000,0,0,0,0,0.100576069790791,0.000576069790791306,0.000576069790791306,0.0460898961079262,0.0451696878723569,0.980034490999623,0.046088887206556,0.9488,0.0031170036894428,0.188981896268646,0.5552,0.00702784405063174,0.000651809561641961,0.000460945057890007,NA,0.5552,19.2106632152282,19.3224456538748,1.43712393310764,10.9773180774606,16.7268254274099,17.4057969496898,23.4817204529897,0,0,0,0.00997223624227337,0.00999578777561616,NA,4e-04,0,0,0.393016000000035
110,"core",40,"moderate","70_30","severe",0.1,"independent","mlma",5000,5000,0,0,0,0,0.100601158350503,0.000601158350503089,0.000601158350503089,0.046471669871555,0.0457815382401009,0.985149411816669,0.046470910995945,0.944,0.00325158422926425,0.179460332214882,0.5912,0.00695244647588171,0.000657208657984783,0.000464763177357334,NA,0.5912,NA,NA,NA,NA,NA,NA,NA,NA,NA,NA,0.0128662780170037,0.00789532027109763,NA,0,0,0,0.332704000000094
110,"core",40,"moderate","70_30","severe",0.1,"independent","mlma_cr2",5000,5000,0,0,0,0,0.100601158350503,0.000601158350503089,0.000601158350503089,0.046471669871555,0.0455526770364678,0.980224665099678,0.046470910995945,0.9516,0.00303504332753257,0.190223636229208,0.5474,0.00703922211611482,0.000657208657984783,0.000464763177357334,NA,0.5474,19.7566586083207,19.8644019919883,1.22854498038442,11.6228058130984,17.6223543824553,18.166508045277,23.3662345739197,0,0,0,0.0128662780170037,0.00789532027109763,NA,0,0,0,0.362852000000062
111,"core",40,"moderate","70_30","extreme",0,"independent","aggregate_hksj",5000,5000,0,0,0,0,-0.000337496955306819,-0.000337496955306819,0.000337496955306819,0.0496213394385927,0.0493277476765607,0.994083356770421,0.0496175248920111,0.9488,0.0031170036894428,0.199717609030704,0.0512,0.0031170036894428,0.000701751712171767,0.000496263023169807,0.0512,NA,38,38,0,38,38,38,38,0,0,0,NA,NA,0.0138549661567317,0,0,0,0.0462839999999313
111,"core",40,"moderate","70_30","extreme",0,"independent","che_rve",5000,5000,0,0,0,0,-0.000426639637235836,-0.000426639637235836,0.000426639637235836,0.0489284653720638,0.0483125800674533,0.987412535833136,0.0489254325080584,0.9522,0.00301712313305241,0.203462533896319,0.0478,0.00301712313305241,0.00069195299315275,0.000489333589526503,0.0478,NA,17.6313724280794,17.7417513122509,2.10328791078346,8.73106044091726,13.9951217663033,14.9296376906084,25.7710749856952,0,0,0.002,0.00995828992656212,0.0100116949533473,NA,0.0026,0,0,0.383543999999986
111,"core",40,"moderate","70_30","extreme",0,"independent","mlma",5000,5000,0,0,0,0,-0.000171539324988289,-0.000171539324988289,0.000171539324988289,0.0498344124213081,0.0498450486271707,1.00021343094753,0.0498297239946678,0.946,0.00319637294444813,0.195389000233804,0.054,0.00319637294444813,0.000704765019191082,0.000498393966101911,0.054,NA,NA,NA,NA,NA,NA,NA,NA,NA,NA,NA,0.0145877019136767,0.00768733712325255,NA,0,0,0,0.313090000000043
111,"core",40,"moderate","70_30","extreme",0,"independent","mlma_cr2",5000,5000,0,0,0,0,-0.000171539324988289,-0.000171539324988289,0.000171539324988289,0.0498344124213081,0.0497029111548701,0.997361235739548,0.0498297239946678,0.954,0.00296256645495084,0.208017048677126,0.046,0.00296256645495084,0.000704765019191082,0.000498393966101911,0.046,NA,19.158048090769,19.2909345967955,1.57383556662257,12.3443437448824,16.3337581436548,17.0783553529106,24.3553005651763,0,0,0,0.0145877019136767,0.00768733712325255,NA,0,0,0,0.343238000000047
112,"core",40,"moderate","70_30","extreme",0.1,"independent","aggregate_hksj",5000,5000,0,0,0,0,0.101422447402162,0.0014224474021616,0.0014224474021616,0.0506624186548283,0.0494184008001196,0.975444957273271,0.0506773192309559,0.946,0.00319637294444813,0.200084644339249,0.5068,0.0070704138492736,0.000716474795642818,0.000506674856567567,NA,0.5068,38,38,0,38,38,38,38,0,0,0,NA,NA,0.0138762451151102,0,0,0,0.0458940000000395
112,"core",40,"moderate","70_30","extreme",0.1,"independent","che_rve",5000,5000,0,0,0,0,0.101143550911049,0.00114355091104867,0.00114355091104867,0.0500698098303365,0.0482249973143928,0.963155192276644,0.0500778610561687,0.9472,0.00316266216975509,0.203119440641737,0.5016,0.0070710316079056,0.000708094041275036,0.000500748175624919,NA,0.5016,17.6038924621319,17.691681540599,2.07337151544736,8.18911105563575,14.1049552460783,15.0014555903254,23.8811674363234,0,0,8e-04,0.00994744468932333,0.0100127271733153,NA,0.0018,0,0,0.382249999999959
112,"core",40,"moderate","70_30","extreme",0.1,"independent","mlma",5000,5000,0,0,0,0,0.101172884473595,0.00117288447359513,0.00117288447359513,0.0509154675618798,0.0498966609344181,0.979990233297503,0.0509238845539677,0.9408,0.0033375248313683,0.195591316760532,0.5258,0.00706164796630362,0.000720053447605778,0.000509205598724953,NA,0.5258,NA,NA,NA,NA,NA,NA,NA,NA,NA,NA,0.0146035620678587,0.0076904978776649,NA,0,0,0,0.313100000000029
112,"core",40,"moderate","70_30","extreme",0.1,"independent","mlma_cr2",5000,5000,0,0,0,0,0.101172884473595,0.00117288447359513,0.00117288447359513,0.0509154675618798,0.0496328019833436,0.974807938727514,0.0509238845539677,0.9508,0.00305873699425106,0.207740080757694,0.4816,0.00706627822831793,0.000720053447605778,0.000509205598724953,NA,0.4816,19.1373023815378,19.2490681947778,1.54453359555882,13.0904813747973,16.4115114370837,17.1151044920782,23.601492663857,0,0,0,0.0146035620678587,0.0076904978776649,NA,0,0,0,0.343222000000025
113,"core",40,"moderate","85_15","balanced",0,"independent","aggregate_hksj",5000,5000,0,0,0,0,0.00142790051899945,0.00142790051899945,0.00142790051899945,0.0557909936684729,0.056505806009056,1.01281232495751,0.0558036857869876,0.9558,0.00290676314824583,0.22878004782375,0.0442,0.00290676314824583,0.000789003799042259,0.000557965736048442,0.0442,NA,38,38,0,38,38,38,38,0,0,0,NA,NA,0.0140499250679302,0,0,0,0.0446359999999739
113,"core",40,"moderate","85_15","balanced",0,"independent","che_rve",5000,5000,0,0,0,0,0.0015040068663874,0.0015040068663874,0.0015040068663874,0.0550980137059988,0.0543099008954646,0.985696166567101,0.055113029246973,0.9608,0.0027445713690848,0.260179268126609,0.0392,0.0027445713690848,0.000779203582428422,0.000551035243339774,0.0392,NA,6.60452409258193,6.63881748479253,0.350683296571688,4.70447653844501,5.99942415707161,6.16291950446713,7.50374054813527,0,0,1,0.0100580305942626,0.0100071746331575,NA,0,0,0,0.377444000000037
113,"core",40,"moderate","85_15","balanced",0,"independent","mlma",5000,5000,0,0,0,0,0.00150400680499508,0.00150400680499508,0.00150400680499508,0.0550980136404788,0.0553873479817112,1.00525126628194,0.0551130291798086,0.945,0.0032241277890307,0.217114414486682,0.055,0.0032241277890307,0.000779203581501829,0.000551035242684508,0.055,NA,NA,NA,NA,NA,NA,NA,NA,NA,NA,NA,0.0117415321199106,0.0083236726080256,NA,0,0,0,0.335020000000051
113,"core",40,"moderate","85_15","balanced",0,"independent","mlma_cr2",5000,5000,0,0,0,0,0.00150400680499508,0.00150400680499508,0.00150400680499508,0.0550980136404788,0.0543099010426559,0.985696170410691,0.0551130291798086,0.9608,0.0027445713690848,0.260179268774565,0.0392,0.0027445713690848,0.000779203581501829,0.000551035242684508,0.0392,NA,6.60452409787868,6.63881716026828,0.350683292791038,4.70447651028856,5.99942184099765,6.16291960635095,7.50374064337844,0,0,1,0.0117415321199106,0.0083236726080256,NA,0,0,0,0.36452199999999
114,"core",40,"moderate","85_15","balanced",0.1,"independent","aggregate_hksj",5000,5000,0,0,0,0,0.0997643058216001,-0.000235694178399901,0.000235694178399901,0.0564216979327279,0.0562576074984431,0.99709171399839,0.0564165478185098,0.9504,0.00307049963361014,0.227775144590997,0.4006,0.00692992986977502,0.000797923304285819,0.000564273409489878,NA,0.4006,38,38,0,38,38,38,38,0,0,0,NA,NA,0.0138975291449161,0,0,0,0.0429179999999862
114,"core",40,"moderate","85_15","balanced",0.1,"independent","che_rve",5000,5000,0,0,0,0,0.0997780662158319,-0.000221933784168099,0.000221933784168099,0.0557907202946313,0.0534732550313143,0.958461456473792,0.0557855824089356,0.9492,0.00310545842026584,0.256231884255321,0.3362,0.00668086162107853,0.000788999932952315,0.000557963002036611,NA,0.3362,6.59653962582552,6.63228958572943,0.350077486893939,4.78218302813405,6.01528713357748,6.15859649546631,7.46694826574473,0,0,1,0.00992434891784186,0.0100091842117188,NA,0,0,0,0.352890000000066
114,"core",40,"moderate","85_15","balanced",0.1,"independent","mlma",5000,5000,0,0,0,0,0.0997780663252757,-0.000221933674724353,0.000221933674724353,0.0557907203992901,0.0551720406790809,0.988910705655326,0.0557855825131477,0.938,0.00341045451516363,0.216270425369155,0.4382,0.0070168477252966,0.000788999934432414,0.000557963003083303,NA,0.4382,NA,NA,NA,NA,NA,NA,NA,NA,NA,NA,0.0116078504862253,0.00832568210261926,NA,0,0,0,0.312658000000037
114,"core",40,"moderate","85_15","balanced",0.1,"independent","mlma_cr2",5000,5000,0,0,0,0,0.0997780663252757,-0.000221933674724353,0.000221933674724353,0.0557907203992901,0.0534732551677976,0.958461457122143,0.0557855825131477,0.9492,0.00310545842026584,0.256231884854216,0.3362,0.00668086162107853,0.000788999934432414,0.000557963003083303,NA,0.3362,6.59653964438052,6.63228939858597,0.350077488804279,4.78218353139273,6.01528716525264,6.15859682979938,7.46694837797295,0,0,1,0.0116078504862253,0.00832568210261926,NA,0,0,0,0.341339999999992
115,"core",40,"moderate","85_15","moderate",0,"independent","aggregate_hksj",5000,5000,0,0,0,0,-0.000668621127523844,-0.000668621127523844,0.000668621127523844,0.0577045958065649,0.0573327769880531,0.993556512903093,0.0577026989605838,0.9482,0.0031342227106573,0.232128278270962,0.0518,0.0031342227106573,0.000816066220009017,0.000577103671318588,0.0518,NA,38,38,0,38,38,38,38,0,0,0,NA,NA,0.0139897315009634,0,0,0,0.0408839999999182
115,"core",40,"moderate","85_15","moderate",0,"independent","che_rve",5000,5000,0,0,0,0,-0.000371339106778698,-0.000371339106778698,0.000371339106778698,0.0568469778202096,0.0548645097172899,0.965126235748369,0.0568425057878888,0.9574,0.00285605462132642,0.263334023385418,0.0426,0.00285605462132642,0.000803937670132629,0.000568526633708384,0.0426,NA,6.54607361569553,6.56975489861179,0.372572243005918,4.64118945624987,5.89153854861871,6.06773712554062,7.62163114240477,0,0,1,0.0100289072709377,0.0100048595918872,NA,0,0,0,0.335419999999943
115,"core",40,"moderate","85_15","moderate",0,"independent","mlma",5000,5000,0,0,0,0,-0.000352704210591163,-0.000352704210591163,0.000352704210591163,0.0569512193797574,0.0563614230838977,0.989643833753113,0.0569466162368201,0.9398,0.00336380617753164,0.220932718723728,0.0602,0.00336380617753164,0.000805411868405384,0.000569569153561061,0.0602,NA,NA,NA,NA,NA,NA,NA,NA,NA,NA,NA,0.0120573248181265,0.0081506489546534,NA,0,0,0,0.298874000000067
115,"core",40,"moderate","85_15","moderate",0,"independent","mlma_cr2",5000,5000,0,0,0,0,-0.000352704210591163,-0.000352704210591163,0.000352704210591163,0.0569512193797574,0.0549673621042918,0.965165675167778,0.0569466162368201,0.9566,0.00288154264240528,0.263547625425495,0.0434,0.00288154264240528,0.000805411868405384,0.000569569153561061,0.0434,NA,6.57925219052843,6.61473064726217,0.368269912726961,4.85492030169383,5.92263388140512,6.0997154009248,7.60025945610961,0,0,1,0.0120573248181265,0.0081506489546534,NA,0,0,0,0.326158000000154
116,"core",40,"moderate","85_15","moderate",0.1,"independent","aggregate_hksj",5000,5000,0,0,0,0,0.100519725665263,0.000519725665262552,0.000519725665262552,0.0577632740172974,0.0570410899682113,0.987497522234113,0.057759835706133,0.95,0.00308220700148449,0.230947299269649,0.4008,0.00693050301204754,0.000816896055223354,0.000577690512112927,NA,0.4008,38,38,0,38,38,38,38,0,0,0,NA,NA,0.0138215736257809,0,0,0,0.0333639999999476
116,"core",40,"moderate","85_15","moderate",0.1,"independent","che_rve",5000,5000,0,0,0,0,0.100294515763416,0.000294515763415729,0.000294515763415729,0.0571337487841379,0.0542670586811445,0.949824925477509,0.0571287942863654,0.9566,0.00288154264240528,0.260467607065322,0.3364,0.00668184166229641,0.000807993223997452,0.000571394630161654,NA,0.3364,6.54572820285991,6.57377387144251,0.362418817798174,4.39445440695905,5.92074522662144,6.07216316256805,7.575581483711,0,0,1,0.00985223460257981,0.0100095807293053,NA,0,0,0,0.265595999999889
116,"core",40,"moderate","85_15","moderate",0.1,"independent","mlma",5000,5000,0,0,0,0,0.100240180269539,0.000240180269538787,0.000240180269538787,0.0571703341545808,0.0560023097471008,0.979569396877727,0.057165121398339,0.9384,0.00340015999623547,0.219525020310748,0.4362,0.00701326685646568,0.000808510619268099,0.000571760520456942,NA,0.4362,NA,NA,NA,NA,NA,NA,NA,NA,NA,NA,0.0118722191635271,0.00816202884693515,NA,0,0,0,0.234827999999966
116,"core",40,"moderate","85_15","moderate",0.1,"independent","mlma_cr2",5000,5000,0,0,0,0,0.100240180269539,0.000240180269538787,0.000240180269538787,0.0571703341545808,0.0543812383933558,0.951214282678781,0.057165121398339,0.9566,0.00288154264240528,0.260736083781311,0.3378,0.00668866444067872,0.000808510619268099,0.000571760520456942,NA,0.3378,6.57957367276178,6.61091632220851,0.36056805008935,4.81179752655034,5.95472559877391,6.10972069059128,7.4796534650335,0,0,1,0.0118722191635271,0.00816202884693515,NA,0,0,0,0.257228000000121
117,"core",40,"moderate","85_15","severe",0,"independent","aggregate_hksj",5000,5000,0,0,0,0,-0.000159244158662867,-0.000159244158662867,0.000159244158662867,0.0596648899623588,0.0593920082616263,0.995426427486841,0.0596591357053018,0.9484,0.00312849612433834,0.240465669815696,0.0516,0.00312849612433834,0.000843788965822662,0.000596708573464776,0.0516,NA,38,38,0,38,38,38,38,0,0,0,NA,NA,0.0138494563126891,0,0,0,0.0477779999999994
117,"core",40,"moderate","85_15","severe",0,"independent","che_rve",5000,5000,0,0,0,0,2.64332808811194e-05,2.64332808811194e-05,2.64332808811194e-05,0.0589814856689767,0.0564381100483431,0.95687840698168,0.0589755931492655,0.9542,0.00295642892693195,0.273180732279715,0.0458,0.00295642892693195,0.000834124169619811,0.000589873847024133,0.0458,NA,6.32504842687681,6.37301098187068,0.512599347370032,3.90529518941964,5.40223112611014,5.64631197269118,7.93995883343994,0,2e-04,1,0.00993989541094125,0.0100368775733007,NA,4e-04,0,0,0.423260000000002
117,"core",40,"moderate","85_15","severe",0,"independent","mlma",5000,5000,0,0,0,0,-3.914453701541e-05,-3.914453701541e-05,3.914453701541e-05,0.0592956976500291,0.0588543522088693,0.992556872443519,0.059289780705839,0.9412,0.00332693733033852,0.230704821325639,0.0588,0.00332693733033852,0.000838567798070456,0.000593016281093778,0.0588,NA,NA,NA,NA,NA,NA,NA,NA,NA,NA,NA,0.0128304802814181,0.00793177773614529,NA,0,0,0,0.350642000000001
117,"core",40,"moderate","85_15","severe",0,"independent","mlma_cr2",5000,5000,0,0,0,0,-3.914453701541e-05,-3.914453701541e-05,3.914453701541e-05,0.0592956976500291,0.0569109679594206,0.959782416176575,0.059289780705839,0.952,0.00302311098043059,0.273748842927806,0.048,0.00302311098043059,0.000838567798070456,0.000593016281093778,0.048,NA,6.4950460218292,6.54595734972302,0.45274786143571,4.4284815663149,5.66304634992474,5.88426390259789,7.64055697235437,0,0,1,0.0128304802814181,0.00793177773614529,NA,0,0,0,0.381628
118,"core",40,"moderate","85_15","severe",0.1,"independent","aggregate_hksj",5000,5000,0,0,0,0,0.100808896633153,0.000808896633153339,0.000808896633153339,0.059687680598177,0.059360029537055,0.994510574747781,0.0596871929739545,0.9526,0.00300510365877785,0.240336194728913,0.3768,0.0068530542096207,0.000844111274085354,0.000596936502617013,NA,0.3768,38,38,0,38,38,38,38,0,0,0,NA,NA,0.0138635873293652,0,0,0,0.0453280000000073
118,"core",40,"moderate","85_15","severe",0.1,"independent","che_rve",5000,5000,0,0,0,0,0.100670707416945,0.000670707416945374,0.000670707416945374,0.0586792200431117,0.056680684319567,0.965941337971493,0.0586771852011845,0.954,0.00296256645495084,0.274279444746591,0.3018,0.00649179112418137,0.000829849488144438,0.000586850888454511,NA,0.3018,6.33693310131534,6.37827454453743,0.504793677251296,2.68331071529987,5.46267112665141,5.69035987403136,7.83869927755012,0,8e-04,1,0.00996293457397926,0.00995078815490888,NA,4e-04,0,0,0.386094
118,"core",40,"moderate","85_15","severe",0.1,"independent","mlma",5000,5000,0,0,0,0,0.100644360311522,0.000644360311521722,0.000644360311521722,0.0589328043495839,0.0587848966409454,0.99749023128509,0.0589304336793112,0.9448,0.00322964270469661,0.230432560502325,0.4058,0.00694444180622172,0.000833435711798617,0.000589386985141583,NA,0.4058,NA,NA,NA,NA,NA,NA,NA,NA,NA,NA,0.0128482601355555,0.00785367925790735,NA,0,0,0,0.329765999999995
118,"core",40,"moderate","85_15","severe",0.1,"independent","mlma_cr2",5000,5000,0,0,0,0,0.100644360311522,0.000644360311521722,0.000644360311521722,0.0589328043495839,0.0572047370246411,0.970677327440722,0.0589304336793112,0.9538,0.00296868859936505,0.275079193410014,0.2966,0.00645954239865333,0.000833435711798617,0.000589386985141583,NA,0.2966,6.50953005314891,6.55364214549889,0.446964730778841,2.66956395287137,5.71721176956093,5.928361851858,7.69052175174384,0,2e-04,1,0.0128482601355555,0.00785367925790735,NA,0,0,0,0.35948599999999
119,"core",40,"moderate","85_15","extreme",0,"independent","aggregate_hksj",5000,5000,0,0,0,0,-0.00160028014922413,-0.00160028014922413,0.00160028014922413,0.0658655921687031,0.0638587974991695,0.969531972560216,0.0658784446768712,0.943,0.00327874976172321,0.25855075394351,0.057,0.00327874976172321,0.00093148013738715,0.000658721797160685,0.057,NA,38,38,0,38,38,38,38,0,0,0,NA,NA,0.0140659820094415,0,0,0,0.0453040000000165
119,"core",40,"moderate","85_15","extreme",0,"independent","che_rve",5000,5000,0,0,0,0,-0.00169865075761722,-0.00169865075761722,0.00169865075761722,0.0651875503802841,0.0609979689617078,0.935730344304463,0.0652031613929379,0.9514,0.0030409879973456,0.301903621618409,0.0486,0.0030409879973456,0.000921891178456771,0.000651940701132984,0.0486,NA,5.85625256306089,5.88866281760984,0.768469953465482,2.6339062068436,4.54596939427798,4.85015197311952,8.22634990730499,0,0.0144,1,0.0101338255344195,0.009990230156459,NA,0.0024,0,0,0.370573999999993
119,"core",40,"moderate","85_15","extreme",0,"independent","mlma",5000,5000,0,0,0,0,-0.0016629803505764,-0.0016629803505764,0.0016629803505764,0.0663718715809725,0.0643293694194298,0.969226388937204,0.066386066277044,0.937,0.00343601513384327,0.25216649442051,0.063,0.00343601513384327,0.000938640009498968,0.000663785097638747,0.063,NA,NA,NA,NA,NA,NA,NA,NA,NA,NA,NA,0.0147098698838452,0.00767800069681904,NA,0,0,0,0.30417199999997
119,"core",40,"moderate","85_15","extreme",0,"independent","mlma_cr2",5000,5000,0,0,0,0,-0.0016629803505764,-0.0016629803505764,0.0016629803505764,0.0663718715809725,0.0626885075986563,0.944504141670577,0.066386066277044,0.953,0.00299302522541993,0.303974996808336,0.047,0.00299302522541993,0.000938640009498968,0.000663785097638747,0.047,NA,6.31806484614984,6.39707385174951,0.609442506264323,3.34637227549308,5.2054677973337,5.50616541333851,7.9999424224793,0,0.0014,1,0.0147098698838452,0.00767800069681904,NA,0,0,0,0.333481999999996
120,"core",40,"moderate","85_15","extreme",0.1,"independent","aggregate_hksj",5000,5000,0,0,0,0,0.0986511324594323,-0.00134886754056773,0.00134886754056773,0.0632429336268589,0.0635661031844597,1.00510997101285,0.0632509933806776,0.9508,0.00305873699425106,0.257365696618493,0.33,0.00664981202741852,0.000894390144593653,0.000632492588690237,NA,0.33,38,38,0,38,38,38,38,0,0,0,NA,NA,0.0138960435447637,0,0,0,0.0456259999999998
120,"core",40,"moderate","85_15","extreme",0.1,"independent","che_rve",5000,5000,0,0,0,0,0.098658081629471,-0.00134191837052905,0.00134191837052905,0.0628123871492522,0.0602191553524946,0.958714643489099,0.062820439707987,0.9562,0.00289418589589542,0.298271439027321,0.2608,0.00620940190356527,0.00088830129791502,0.0006281866933031,NA,0.2608,5.84696495831519,5.89274727849749,0.778878003475435,2.33805351897115,4.47528625871843,4.8155323273902,8.97842130353509,0,0.0154,1,0.00992948670519922,0.0100121061971475,NA,0.0018,0,0,0.373613999999996
120,"core",40,"moderate","85_15","extreme",0.1,"independent","mlma",5000,5000,0,0,0,0,0.0984337582657643,-0.00156624173423572,0.00156624173423572,0.0636320256585798,0.0640916785180112,1.00722360878306,0.0636449369207507,0.9444,0.00324063697442339,0.251234763208043,0.3442,0.00671902314328504,0.000899892736876364,0.000636383898157852,NA,0.3442,NA,NA,NA,NA,NA,NA,NA,NA,NA,NA,0.0145693650587257,0.007682843920427,NA,0,0,0,0.306384000000011
120,"core",40,"moderate","85_15","extreme",0.1,"independent","mlma_cr2",5000,5000,0,0,0,0,0.0984337582657643,-0.00156624173423572,0.00156624173423572,0.0636320256585798,0.0619738095798181,0.973940542335412,0.0636449369207507,0.9576,0.00284963997726029,0.300456186778493,0.2544,0.00615923112084617,0.000899892736876364,0.000636383898157852,NA,0.2544,6.32561697080785,6.41340917778899,0.615506282480212,3.41692296728331,5.18663976985332,5.49523830882218,7.84550835578671,0,0.0016,1,0.0145693650587257,0.007682843920427,NA,0,0,0,0.335938000000021
121,"core",40,"severe","50_50","balanced",0,"independent","aggregate_hksj",5000,5000,0,0,0,0,-0.000897369649324753,-0.000897369649324753,0.000897369649324753,0.0435249994233424,0.0435526280432253,1.00063477588165,0.0435298973347575,0.9554,0.00291927525252416,0.176335372067468,0.0446,0.00291927525252416,0.00061553644486772,0.000435293525762686,0.0446,NA,38,38,0,38,38,38,38,0,0,0,NA,NA,0.0163592394402833,0,0,0,0.0453380000000056
121,"core",40,"severe","50_50","balanced",0,"independent","che_rve",5000,5000,0,0,0,0,-0.000644231345041904,-0.000644231345041904,0.000644231345041904,0.0427604805479125,0.0422856625054115,0.988895867482851,0.0427610575053401,0.9526,0.00300510365877785,0.171688806401585,0.0474,0.00300510365877785,0.000604724515244488,0.000427647572374814,0.0474,NA,34.9100088530035,35.3663522975737,1.85552694213341,20.3472364706933,31.4139796971713,32.5815063536012,37.550842221961,0,0,0,0.0101233403195297,0.00999694827841866,NA,0.0018,0,0,0.408973999999993
121,"core",40,"severe","50_50","balanced",0,"independent","mlma",5000,5000,0,0,0,0,-0.000644262204228289,-0.000644262204228289,0.000644262204228289,0.0427637969748812,0.0422843151465762,0.988787669425459,0.042764373689209,0.9454,0.00321306209090332,0.165751469596462,0.0546,0.00321306209090332,0.000604771416604465,0.000427680739961425,0.0546,NA,NA,NA,NA,NA,NA,NA,NA,NA,NA,NA,0.0118051615819998,0.00831421883322663,NA,6e-04,0,0,0.319281999999982
121,"core",40,"severe","50_50","balanced",0,"independent","mlma_cr2",5000,5000,0,0,0,0,-0.000644262204228289,-0.000644262204228289,0.000644262204228289,0.0427637969748812,0.0422817896170186,0.988728611770706,0.042764373689209,0.9524,0.00301112072159188,0.171676118042106,0.0476,0.00301112072159188,0.000604771416604465,0.000427680739961425,0.0476,NA,34.9010669516002,35.3663523162057,1.93295358219263,10.5420914922194,31.4139974309684,32.5815050542542,37.5508422296104,0,0,0,0.0118051615819998,0.00831421883322663,NA,6e-04,0,0,0.349626000000002
122,"core",40,"severe","50_50","balanced",0.1,"independent","aggregate_hksj",5000,5000,0,0,0,0,0.0999067858965507,-9.32141034493128e-05,9.32141034493128e-05,0.0427084118013497,0.0433248643216792,1.01443398371255,0.0427042424798172,0.9528,0.00299907185642492,0.175413204970171,0.6038,0.00691701611968629,0.000603988151968838,0.000427126832832628,NA,0.6038,38,38,0,38,38,38,38,0,0,0,NA,NA,0.0161595053690684,0,0,0,0.0451400000000125
122,"core",40,"severe","50_50","balanced",0.1,"independent","che_rve",5000,5000,0,0,0,0,0.0998573450802167,-0.000142654919783297,0.000142654919783297,0.0418699292294565,0.0420035182982886,1.00319057307453,0.0418659850703539,0.9522,0.00301712313305241,0.170557109547552,0.625,0.00684653196881458,0.000592130217718991,0.000418741168505331,NA,0.625,34.8297842606686,35.2963041560323,1.89625479202909,22.7635139069455,31.1816993532923,32.4985680975247,37.4763766880072,0,0,0,0.00990292708791637,0.0100012329953339,NA,6e-04,0,0,0.407570000000015
122,"core",40,"severe","50_50","balanced",0.1,"independent","mlma",5000,5000,0,0,0,0,0.0998574939987287,-0.000142506001271317,0.000142506001271317,0.0418701902093793,0.0420078601380962,1.00328801775269,0.0418662455155029,0.9424,0.00329491244193226,0.164667785876529,0.6534,0.00673005854357895,0.000592133908532453,0.000418743778565577,NA,0.6534,NA,NA,NA,NA,NA,NA,NA,NA,NA,NA,0.011585941785104,0.00831797901018977,NA,0,0,0,0.318594
122,"core",40,"severe","50_50","balanced",0.1,"independent","mlma_cr2",5000,5000,0,0,0,0,0.0998574939987287,-0.000142506001271317,0.000142506001271317,0.0418701902093793,0.0420026233784483,1.0031629464401,0.0418662455155029,0.9522,0.00301712313305241,0.170554218337775,0.625,0.00684653196881458,0.000592133908532453,0.000418743778565577,NA,0.625,34.8273031163204,35.2963031331752,1.91538464156989,14.9210827342422,31.1816987126423,32.4985682980569,37.4763768497754,0,0,0,0.011585941785104,0.00831797901018977,NA,0,0,0,0.348747999999979
123,"core",40,"severe","50_50","moderate",0,"independent","aggregate_hksj",5000,5000,0,0,0,0,-0.000776573714633139,-0.000776573714633139,0.000776573714633139,0.0440347758482286,0.0441406676182808,1.00240473053427,0.0440372199218025,0.9508,0.00305873699425106,0.178716219835251,0.0492,0.00305873699425106,0.000622745772206241,0.000440391799864452,0.0492,NA,38,38,0,38,38,38,38,0,0,0,NA,NA,0.0162712024080356,0,0,0,0.0458380000000107
123,"core",40,"severe","50_50","moderate",0,"independent","che_rve",5000,5000,0,0,0,0,-0.000579010303514132,-0.000579010303514132,0.000579010303514132,0.0430981862524334,0.042866213406375,0.994617572890429,0.0430977658405788,0.9508,0.00305873699425106,0.174112855416669,0.0492,0.00305873699425106,0.00060950039511873,0.000431024967176392,0.0492,NA,34.5409050142051,35.0458738240611,2.12157004901671,18.4299082553727,30.5234667637879,32.050163968413,37.5791777184109,0,0,0,0.010038482438336,0.010020300951363,NA,0.0018,0,0,0.412067999999988
123,"core",40,"severe","50_50","moderate",0,"independent","mlma",5000,5000,0,0,0,0,-0.000586236242214392,-0.000586236242214392,0.000586236242214392,0.0431349997177678,0.0429120600169439,0.994831582188881,0.0431346699065077,0.9406,0.00334280241713446,0.168212184271262,0.0594,0.00334280241713446,0.000610021016138268,0.000431393138648724,0.0594,NA,NA,NA,NA,NA,NA,NA,NA,NA,NA,NA,0.012039002920882,0.00815987296778619,NA,0,0,0,0.318262000000007
123,"core",40,"severe","50_50","moderate",0,"independent","mlma_cr2",5000,5000,0,0,0,0,-0.000586236242214392,-0.000586236242214392,0.000586236242214392,0.0431349997177678,0.0429293291420847,0.995231932838095,0.0431346699065077,0.9498,0.00308804015517933,0.174345372587117,0.0502,0.00308804015517933,0.000610021016138268,0.000431393138648724,0.0502,NA,34.6724525406146,35.1264799439079,1.95941832955201,15.5167383166146,30.992492376271,32.3030052168078,37.6111026573937,0,0,0,0.012039002920882,0.00815987296778619,NA,0,0,0,0.348218000000039
124,"core",40,"severe","50_50","moderate",0.1,"independent","aggregate_hksj",5000,5000,0,0,0,0,0.0997185891838583,-0.000281410816141733,0.000281410816141733,0.0440178918606181,0.04398838648418,0.999329695830697,0.04401438947594,0.9504,0.00307049963361014,0.178099665756956,0.5938,0.00694552460221688,0.000622506996563583,0.000440222943101826,NA,0.5938,38,38,0,38,38,38,38,0,0,0,NA,NA,0.0161325492697518,0,0,0,0.0454400000000103
124,"core",40,"severe","50_50","moderate",0.1,"independent","che_rve",5000,5000,0,0,0,0,0.0997272155527222,-0.000272784447277824,0.000272784447277824,0.0433037262932589,0.0427315809589601,0.986787618912419,0.0433002549610736,0.9472,0.00316266216975509,0.173570399211039,0.6142,0.00688416095105279,0.000612407170252191,0.000433080573155524,NA,0.6142,34.5186055394953,35.0264651792977,2.07517342189783,20.1788546932538,30.4906825338268,32.0084793585996,37.5851997108003,0,0,0,0.00992979521254629,0.0100275308083674,NA,0.0016,0,0,0.411068000000006
124,"core",40,"severe","50_50","moderate",0.1,"independent","mlma",5000,5000,0,0,0,0,0.0997044479950658,-0.000295552004934238,0.000295552004934238,0.0433549277605061,0.0427737767918144,0.986595503701402,0.0433515995339745,0.94,0.00335857112474933,0.167670123989423,0.6438,0.00677231954355374,0.000613131268346135,0.000433592639037144,NA,0.6438,NA,NA,NA,NA,NA,NA,NA,NA,NA,NA,0.0119196907916301,0.0081639369701712,NA,0,0,0,0.318766000000023
124,"core",40,"severe","50_50","moderate",0.1,"independent","mlma_cr2",5000,5000,0,0,0,0,0.0997044479950658,-0.000295552004934238,0.000295552004934238,0.0433549277605061,0.042775511300175,0.986635510880522,0.0433515995339745,0.9482,0.0031342227106573,0.173726428124135,0.6134,0.00688680535517013,0.000613131268346135,0.000433592639037144,NA,0.6134,34.6411544883164,35.103045942014,1.94206113744374,14.6709358362111,30.9154689533201,32.2078869042793,37.5840242246419,0,0,0,0.0119196907916301,0.0081639369701712,NA,0,0,0,0.34895800000001
125,"core",40,"severe","50_50","severe",0,"independent","aggregate_hksj",5000,5000,0,0,0,0,-0.000730931295929046,-0.000730931295929046,0.000730931295929046,0.0455627841515774,0.0456391678153239,1.00167644855706,0.0455640907595298,0.9532,0.00298696367570816,0.184783329942281,0.0468,0.00298696367570816,0.000644355072866386,0.000455673411135482,0.0468,NA,38,38,0,38,38,38,38,0,0,0,NA,NA,0.0160702697087731,0,0,0,0.045830000000041
125,"core",40,"severe","50_50","severe",0,"independent","che_rve",5000,5000,0,0,0,0,-0.000811527480604035,-0.000811527480604035,0.000811527480604035,0.0448842176907178,0.0443449295984239,0.987984906052947,0.0448870655752855,0.9482,0.0031342227106573,0.180386547965723,0.0518,0.0031342227106573,0.000634758693947196,0.000448887067858624,0.0518,NA,33.2121038099195,33.898595870322,2.73768354029309,14.9194397116063,27.9386722386696,30.0417309088768,37.2156290402545,0,0,0,0.00988307764030781,0.0100280292386097,NA,0.003,0,0,0.416885999999972
125,"core",40,"severe","50_50","severe",0,"independent","mlma",5000,5000,0,0,0,0,-0.000793262509030469,-0.000793262509030469,0.000793262509030469,0.0450197835236924,0.0446407958789996,0.991581753286455,0.0450222702420331,0.9392,0.00337944847571316,0.174988704328087,0.0608,0.00337944847571316,0.000636675884343066,0.000450242861774541,0.0608,NA,NA,NA,NA,NA,NA,NA,NA,NA,NA,NA,0.0126694617537621,0.00787141144344162,NA,2e-04,0,0,0.320681999999921
125,"core",40,"severe","50_50","severe",0,"independent","mlma_cr2",5000,5000,0,0,0,0,-0.000793262509030469,-0.000793262509030469,0.000793262509030469,0.0450197835236924,0.044643581252139,0.991643623267193,0.0450222702420331,0.9486,0.00312275647465504,0.181457951280238,0.0514,0.00312275647465504,0.000636675884343066,0.000450242861774541,0.0514,NA,33.891433708563,34.4048510718718,2.17686106441192,12.2087578238998,29.792496819428,31.2518459556518,37.3606930689563,0,0,0,0.0126694617537621,0.00787141144344162,NA,2e-04,0,0,0.35091599999996
126,"core",40,"severe","50_50","severe",0.1,"independent","aggregate_hksj",5000,5000,0,0,0,0,0.101050748776907,0.00105074877690746,0.00105074877690746,0.0451164240953982,0.0456328025357363,1.01144546472137,0.0451241476130394,0.9544,0.00295027591929975,0.184757558272584,0.5786,0.00698315172397106,0.000638042588414884,0.000451209364146669,NA,0.5786,38,38,0,38,38,38,38,0,0,0,NA,NA,0.0160820612525928,0,0,0,0.0456979999999574
126,"core",40,"severe","50_50","severe",0.1,"independent","che_rve",5000,5000,0,0,0,0,0.101083215431599,0.00108321543159941,0.00108321543159941,0.0445169712640875,0.044401899623714,0.997415106259344,0.0445256974572296,0.9518,0.00302908435009658,0.180601792971224,0.5948,0.00694280865356377,0.000629565045174459,0.000445214236290798,NA,0.5948,33.2794398752911,33.9014830455227,2.59666965380201,15.6383832571219,28.4694877687477,30.1815138302675,37.1123005261043,0,0,0,0.00995661250545764,0.00999013101610445,NA,0.004,0,0,0.417791999999998
126,"core",40,"severe","50_50","severe",0.1,"independent","mlma",5000,5000,0,0,0,0,0.101118922651514,0.00111892265151391,0.00111892265151391,0.0448085162679602,0.0447679115215065,0.999093816313602,0.0448180048352233,0.9432,0.00327333957908433,0.175486988490457,0.6156,0.00687948602731338,0.000633688114159648,0.000448129977918268,NA,0.6156,NA,NA,NA,NA,NA,NA,NA,NA,NA,NA,0.0127817608900152,0.00783231649440048,NA,0,0,0,0.321092000000033
126,"core",40,"severe","50_50","severe",0.1,"independent","mlma_cr2",5000,5000,0,0,0,0,0.101118922651514,0.00111892265151391,0.00111892265151391,0.0448085162679602,0.0447569074014726,0.998848235318058,0.0448180048352233,0.9504,0.00307049963361014,0.1819063668835,0.589,0.00695814630487172,0.000633688114159648,0.000448129977918268,NA,0.589,33.9526407820782,34.4140590355511,2.0857263963144,14.1954219092803,30.0759385174633,31.3726404583419,37.3664312372286,0,0,0,0.0127817608900152,0.00783231649440048,NA,0,0,0,0.351088000000035
127,"core",40,"severe","50_50","extreme",0,"independent","aggregate_hksj",5000,5000,0,0,0,0,5.56434393180903e-05,5.56434393180903e-05,5.56434393180903e-05,0.0492543166320602,0.0488258484077834,0.991300900031208,0.0492494223879043,0.9496,0.00309385972532693,0.197685525129534,0.0504,0.00309385972532693,0.000696561225864783,0.000492592428026613,0.0504,NA,38,38,0,38,38,38,38,0,0,0,NA,NA,0.0162248488767711,0,0,0,0.0459899999999863
127,"core",40,"severe","50_50","extreme",0,"independent","che_rve",5000,5000,0,0,0,0,0.000208140747079249,0.000208140747079249,0.000208140747079249,0.0486960310587207,0.0475418020218825,0.976297266702365,0.0486916060810723,0.9446,0.00323514574633045,0.194079271247225,0.0554,0.00323514574633045,0.000688665875569843,0.000487009013923888,0.0554,NA,30.4449489292799,31.2890449542643,3.47959510609806,10.6131234262266,23.6638599886604,26.2879371116662,36.2903370813161,0,0,0,0.0100782226595758,0.0100241579317355,NA,0.0098,0,0,0.414987999999948
127,"core",40,"severe","50_50","extreme",0,"independent","mlma",5000,5000,0,0,0,0,-0.000143276997360558,-0.000143276997360558,0.000143276997360558,0.0494161400475623,0.0486675429912003,0.984851162886428,0.0494114059152219,0.9374,0.00342582077756557,0.190773262957615,0.0626,0.00342582077756557,0.000698849754553909,0.000494210824029327,0.0626,NA,NA,NA,NA,NA,NA,NA,NA,NA,NA,NA,0.0144346793338682,0.00759639296364252,NA,2e-04,0,0,0.319538000000027
127,"core",40,"severe","50_50","extreme",0,"independent","mlma_cr2",5000,5000,0,0,0,0,-0.000143276997360558,-0.000143276997360558,0.000143276997360558,0.0494161400475623,0.0486534547057863,0.984566068069219,0.0494114059152219,0.9472,0.00316266216975509,0.198102817767208,0.0528,0.00316266216975509,0.000698849754553909,0.000494210824029327,0.0528,NA,32.3586488579251,32.867212428059,2.47728127670426,12.3912387816938,27.6123868186904,29.2665469092986,36.8178135293118,0,0,0,0.0144346793338682,0.00759639296364252,NA,2e-04,0,0,0.34977000000001
128,"core",40,"severe","50_50","extreme",0.1,"independent","aggregate_hksj",5000,5000,0,0,0,0,0.100432187173622,0.000432187173621965,0.000432187173621965,0.0499885793357372,0.048465199516191,0.969525442815353,0.0499854486640416,0.9402,0.00335332551357604,0.196225334106813,0.5226,0.00706384088156012,0.00070694526860363,0.000499935789436245,NA,0.5226,38,38,0,38,38,38,38,0,0,0,NA,NA,0.0159056039095127,0,0,0,0.0458720000000336
128,"core",40,"severe","50_50","extreme",0.1,"independent","che_rve",5000,5000,0,0,0,0,0.100430158527134,0.000430158527134405,0.000430158527134405,0.0490111045974725,0.0472164848104962,0.963383404603601,0.0490080910926766,0.9416,0.00331630637909105,0.192801026045286,0.5356,0.00705312186198424,0.00069312168828632,0.000490160064432214,NA,0.5356,30.2658376535211,31.1248545498465,3.56251617374557,8.72597325395054,23.1986826711609,25.8136563078579,35.9329264421189,0,0,2e-04,0.0098041060927116,0.0100077472606024,NA,0.0098,0,0,0.414954000000027
128,"core",40,"severe","50_50","extreme",0.1,"independent","mlma",5000,5000,0,0,0,0,0.10061429395905,0.000614293959049619,0.000614293959049619,0.0497957061475805,0.0483175845802314,0.970316284641725,0.0497945156150169,0.9324,0.0035504996831432,0.189401451194443,0.5504,0.00703505280719342,0.000704217629818536,0.000498006864652553,NA,0.5504,NA,NA,NA,NA,NA,NA,NA,NA,NA,NA,0.0141619916214059,0.00758402318831045,NA,4e-04,0,0,0.319729999999935
128,"core",40,"severe","50_50","extreme",0.1,"independent","mlma_cr2",5000,5000,0,0,0,0,0.10061429395905,0.000614293959049619,0.000614293959049619,0.0497957061475805,0.0483157144249082,0.970278728083782,0.0497945156150169,0.941,0.00333223648620562,0.196750879445431,0.519,0.00706596065655619,0.000704217629818536,0.000498006864652553,NA,0.519,32.2610235890521,32.7608495280396,2.5359583710452,7.55730155564775,27.6338214861652,29.0677759360996,36.6161315781815,0,0,2e-04,0.0141619916214059,0.00758402318831045,NA,4e-04,0,0,0.349891999999972
129,"core",40,"severe","70_30","balanced",0,"independent","aggregate_hksj",5000,5000,0,0,0,0,-0.000227956770090771,-0.000227956770090771,0.000227956770090771,0.0472590772531506,0.047320381515218,1.00129719549409,0.0472549009419311,0.9522,0.00301712313305241,0.19159020834699,0.0478,0.00301712313305241,0.000668344279966434,0.000472638038698802,0.0478,NA,38,38,0,38,38,38,38,0,0,0,NA,NA,0.0161985243342299,0,0,0,0.0454419999999926
129,"core",40,"severe","70_30","balanced",0,"independent","che_rve",5000,5000,0,0,0,0,-0.000212718507227515,-0.000212718507227515,0.000212718507227515,0.046240984194601,0.0456094054504441,0.986341580847437,0.0462368491868207,0.9502,0.00307636018697421,0.190770810608819,0.0498,0.00307636018697421,0.000653946269854847,0.000462456089867509,0.0498,NA,19.2328124903198,19.3984800376658,1.29831204317463,10.7898893674384,16.8786815090938,17.5922221679961,22.8984903780241,0,0,0,0.00995520414518228,0.0100316736859314,NA,0.0016,0,0,0.409826000000026
129,"core",40,"severe","70_30","balanced",0,"independent","mlma",5000,5000,0,0,0,0,-0.000214065785464247,-0.000214065785464247,0.000214065785464247,0.0462443596060127,0.0459563261582321,0.993771490183137,0.0462402304424583,0.9406,0.00334280241713446,0.180145488263822,0.0594,0.00334280241713446,0.000653994005380817,0.000462489847357543,0.0594,NA,NA,NA,NA,NA,NA,NA,NA,NA,NA,NA,0.0116373143765865,0.00834883171867572,NA,4e-04,0,0,0.318800000000057
129,"core",40,"severe","70_30","balanced",0,"independent","mlma_cr2",5000,5000,0,0,0,0,-0.000214065785464247,-0.000214065785464247,0.000214065785464247,0.0462443596060127,0.045606612044367,0.98620918168012,0.0462402304424583,0.9502,0.00307636018697421,0.190764467493629,0.0498,0.00307636018697421,0.000653994005380817,0.000462489847357543,0.0498,NA,19.2286723371094,19.3984803148534,1.32470373647658,5.52556242602902,16.8786793698352,17.5922220802627,22.8984903177518,0,0,8e-04,0.0116373143765865,0.00834883171867572,NA,4e-04,0,0,0.348670000000017
130,"core",40,"severe","70_30","balanced",0.1,"independent","aggregate_hksj",5000,5000,0,0,0,0,0.100219825397796,0.000219825397796219,0.000219825397796219,0.047480586587707,0.0473128614678024,0.996467501099744,0.0474763472130883,0.9554,0.00291927525252416,0.191559761266789,0.5312,0.00705728786432862,0.000671476895017653,0.000474853353586933,NA,0.5312,38,38,0,38,38,38,38,0,0,0,NA,NA,0.0161966954469809,0,0,0,0.0440459999999672
130,"core",40,"severe","70_30","balanced",0.1,"independent","che_rve",5000,5000,0,0,0,0,0.100333845568596,0.000333845568596128,0.000333845568596128,0.0467421383031659,0.0457343899490463,0.978440259887484,0.0467386561693565,0.953,0.00299302522541993,0.191291026055632,0.5332,0.00705546256456655,0.000661033659226561,0.000467468132182451,NA,0.5332,19.2426457055299,19.3952569790261,1.27561468063705,11.0095330588332,16.961216274273,17.6554705039895,22.9422828088972,0,0,0,0.00997388276432718,0.00998711765465558,NA,6e-04,0,0,0.393188000000031
130,"core",40,"severe","70_30","balanced",0.1,"independent","mlma",5000,5000,0,0,0,0,0.100334641427833,0.000334641427832891,0.000334641427832891,0.0467414828442117,0.045981905381085,0.983749393110646,0.0467380064842016,0.9428,0.00328414859590732,0.18024575697491,0.575,0.00699106572705478,0.000661024389637136,0.000467461576937353,NA,0.575,NA,NA,NA,NA,NA,NA,NA,NA,NA,NA,0.0116570880449545,0.00830372053089214,NA,0,0,0,0.306583999999998
130,"core",40,"severe","70_30","balanced",0.1,"independent","mlma_cr2",5000,5000,0,0,0,0,0.100334641427833,0.000334641427832891,0.000334641427832891,0.0467414828442117,0.0457338359076511,0.978442127308646,0.0467380064842016,0.953,0.00299302522541993,0.191289202074176,0.5332,0.00705546256456655,0.000661024389637136,0.000467461576937353,NA,0.5332,19.2419803109187,19.3952596468197,1.27883770500811,10.9003450759826,16.9612158012291,17.6530287091678,22.9422827320292,0,0,0,0.0116570880449545,0.00830372053089214,NA,0,0,0,0.335794000000022
131,"core",40,"severe","70_30","moderate",0,"independent","aggregate_hksj",5000,5000,0,0,0,0,0.000320519905204151,0.000320519905204151,0.000320519905204151,0.0477505734640543,0.0479455485635469,1.00408319911884,0.0477468739888011,0.9522,0.00301712313305241,0.194121377395204,0.0478,0.00301712313305241,0.000675295086039584,0.000477553492377787,0.0478,NA,38,38,0,38,38,38,38,0,0,0,NA,NA,0.0160934630044857,0,0,0,0.041685999999987
131,"core",40,"severe","70_30","moderate",0,"independent","che_rve",5000,5000,0,0,0,0,0.000334054142369568,0.000334054142369568,0.000334054142369568,0.0467982922487531,0.0464024467632149,0.991541454473722,0.0467948045571114,0.9538,0.00296868859936505,0.194224380613527,0.0462,0.00296868859936505,0.000661827795940863,0.000468029727800693,0.0462,NA,19.0493867184955,19.2410032725686,1.41896130731314,9.87320704218974,16.5154278612249,17.3636226892421,23.3553745606536,0,0,2e-04,0.00991034222193943,0.0100086381117392,NA,0.0022,0,0,0.367953999999973
131,"core",40,"severe","70_30","moderate",0,"independent","mlma",5000,5000,0,0,0,0,0.000331935668286256,0.000331935668286256,0.000331935668286256,0.0468520243323995,0.0467002993311189,0.99676161268499,0.0468485148419331,0.9424,0.00329491244193226,0.183061809512466,0.0576,0.00329491244193226,0.000662587682355136,0.000468567102377303,0.0576,NA,NA,NA,NA,NA,NA,NA,NA,NA,NA,NA,0.0118983864671738,0.00814732963659959,NA,2e-04,0,0,0.283702000000044
131,"core",40,"severe","70_30","moderate",0,"independent","mlma_cr2",5000,5000,0,0,0,0,0.000331935668286256,0.000331935668286256,0.000331935668286256,0.0468520243323995,0.0464580383887852,0.9915908448092,0.0468485148419331,0.9532,0.00298696367570816,0.194424825572742,0.0468,0.00298696367570816,0.000662587682355136,0.000468567102377303,0.0468,NA,19.102118787636,19.2726911742266,1.40198008849889,6.21551737821586,16.66171393039,17.4407653563875,23.3453007746343,0,0,8e-04,0.0118983864671738,0.00814732963659959,NA,2e-04,0,0,0.311416000000053
132,"core",40,"severe","70_30","moderate",0.1,"independent","aggregate_hksj",5000,5000,0,0,0,0,0.0992755380943487,-0.000724461905651272,0.000724461905651272,0.04804795263424,0.0480410238261756,0.999855793895795,0.0480486095141622,0.9496,0.00309385972532693,0.194507936524131,0.5182,0.00706638181815843,0.000679500662596022,0.000480527581503428,NA,0.5182,38,38,0,38,38,38,38,0,0,0,NA,NA,0.016194308395412,0,0,0,0.036862000000081
132,"core",40,"severe","70_30","moderate",0.1,"independent","che_rve",5000,5000,0,0,0,0,0.0993860926230781,-0.000613907376921935,0.000613907376921935,0.0468738056515538,0.0462626054435315,0.986960729995644,0.0468731384461914,0.9482,0.0031342227106573,0.193618566173839,0.5186,0.00706617350480442,0.00066289571672468,0.000468784937353432,NA,0.5186,19.0803805020384,19.2788549530738,1.45139571370768,9.74625512929619,16.5466546745365,17.34523027749,23.6604741149255,0,0,4e-04,0.00993835676253659,0.01001924676195,NA,0.0018,0,0,0.322281999999964
132,"core",40,"severe","70_30","moderate",0.1,"independent","mlma",5000,5000,0,0,0,0,0.0993658492905268,-0.000634150709473202,0.000634150709473202,0.0468921657240762,0.0466678301400318,0.99521592614501,0.0468917645048179,0.9446,0.00323514574633045,0.18293453262219,0.5648,0.0070114329491196,0.000663155367360354,0.000468968556441484,NA,0.5648,NA,NA,NA,NA,NA,NA,NA,NA,NA,NA,0.0119344927154266,0.00815505598427418,NA,0,0,0,0.247706000000059
132,"core",40,"severe","70_30","moderate",0.1,"independent","mlma_cr2",5000,5000,0,0,0,0,0.0993658492905268,-0.000634150709473202,0.000634150709473202,0.0468921657240762,0.0463219558550487,0.987839975820636,0.0468917645048179,0.9496,0.00309385972532693,0.193825431245445,0.5174,0.00706678484177918,0.000663155367360354,0.000468968556441484,NA,0.5174,19.1420104717735,19.308907602147,1.40181175590023,6.71892440000424,16.7306659906728,17.4466622665731,23.3384108925446,0,0,6e-04,0.0119344927154266,0.00815505598427418,NA,0,0,0,0.272492000000001
133,"core",40,"severe","70_30","severe",0,"independent","aggregate_hksj",5000,5000,0,0,0,0,-0.000368196297263441,-0.000368196297263441,0.000368196297263441,0.0505262148690355,0.049695422897725,0.983557209391917,0.0505225036773462,0.9482,0.0031342227106573,0.201206248174583,0.0518,0.0031342227106573,0.000714548583231671,0.00050531268248542,0.0518,NA,38,38,0,38,38,38,38,0,0,0,NA,NA,0.0159934334100267,0,0,0,0.0489879999999342
133,"core",40,"severe","70_30","severe",0,"independent","che_rve",5000,5000,0,0,0,0,-0.000340707792921503,-0.000340707792921503,0.000340707792921503,0.0498331691273338,0.0481219469612288,0.965660980506127,0.0498293503682775,0.947,0.00316831185333767,0.201952188941121,0.053,0.00316831185333767,0.000704747436359077,0.000498381531918687,0.053,NA,18.3910699958619,18.633299951322,1.79124315426613,7.02136969778095,15.1606766202249,16.1676308148118,23.2725424502779,0,0,0.0024,0.00984069324738923,0.0100328005930335,NA,0.0048,0,0,0.338691999999996
133,"core",40,"severe","70_30","severe",0,"independent","mlma",5000,5000,0,0,0,0,-0.000244683566008016,-0.000244683566008016,0.000244683566008016,0.050050420270906,0.0487128004735075,0.973274554136441,0.050046013132196,0.9362,0.00345628586780665,0.190950669028321,0.0638,0.00345628586780665,0.000707819831495885,0.000500554260638145,0.0638,NA,NA,NA,NA,NA,NA,NA,NA,NA,NA,NA,0.0126301078909858,0.007875548343389,NA,2e-04,0,0,0.258975999999991
133,"core",40,"severe","70_30","severe",0,"independent","mlma_cr2",5000,5000,0,0,0,0,-0.000244683566008016,-0.000244683566008016,0.000244683566008016,0.050050420270906,0.0484546068788927,0.968115884274784,0.050046013132196,0.9466,0.00317957355631223,0.20308619060179,0.0534,0.00317957355631223,0.000707819831495885,0.000500554260638145,0.0534,NA,18.7229827984682,18.9192234910148,1.63159974713951,5.72416995376767,15.8231263999694,16.6778424858949,23.3927736608272,0,0,0.001,0.0126301078909858,0.007875548343389,NA,2e-04,0,0,0.284259999999927
134,"core",40,"severe","70_30","severe",0.1,"independent","aggregate_hksj",5000,5000,0,0,0,0,0.101019227687233,0.00101922768723321,0.00101922768723321,0.049331743731817,0.0499729586778751,1.01299801907559,0.049337339211921,0.9526,0.00300510365877785,0.202329931801809,0.504,0.00707084153407499,0.000697656210410495,0.000493366776462896,NA,0.504,38,38,0,38,38,38,38,0,0,0,NA,NA,0.0162301862970861,0,0,0,0.0469880000000018
134,"core",40,"severe","70_30","severe",0.1,"independent","che_rve",5000,5000,0,0,0,0,0.100988374948303,0.000988374948303214,0.000988374948303214,0.0486019983128111,0.0482928781709736,0.993639764771647,0.0486071876803105,0.952,0.00302311098043059,0.202612490549608,0.5014,0.00707104009322532,0.000687336051724117,0.000486068592417939,NA,0.5014,18.4608046926939,18.6649394622342,1.78732120771894,8.68003158972382,15.271485920312,16.2058705823654,23.5689698343005,0,0,0.001,0.010043164746727,0.0099739611075115,NA,0.004,0,0,0.436627999999995
134,"core",40,"severe","70_30","severe",0.1,"independent","mlma",5000,5000,0,0,0,0,0.101055761319093,0.001055761319093,0.001055761319093,0.0487968169358014,0.0489334794848407,1.00280064474736,0.0488033579701273,0.9456,0.0032075111847038,0.191815714857035,0.5452,0.00704211559121263,0.000690091203112474,0.000488016973495692,NA,0.5452,NA,NA,NA,NA,NA,NA,NA,NA,NA,NA,0.012836569926441,0.00780624093960432,NA,0,0,0,0.337025999999995
134,"core",40,"severe","70_30","severe",0.1,"independent","mlma_cr2",5000,5000,0,0,0,0,0.101055761319093,0.001055761319093,0.001055761319093,0.0487968169358014,0.0485841640272899,0.995642074178912,0.0488033579701273,0.955,0.00293172304285381,0.203580672912694,0.4988,0.00707104744716085,0.000690091203112474,0.000488016973495692,NA,0.4988,18.7851147840889,18.945111605831,1.63402200491,8.09816807272278,15.8530928668475,16.6729169082961,23.7936056663008,0,0,6e-04,0.012836569926441,0.00780624093960432,NA,0,0,0,0.368098000000003
135,"core",40,"severe","70_30","extreme",0,"independent","aggregate_hksj",5000,5000,0,0,0,0,2.63827771895978e-05,2.63827771895978e-05,2.63827771895978e-05,0.0527520382847015,0.0531876486109789,1.00825769658276,0.0527467694151302,0.9504,0.00307049963361014,0.215345530880533,0.0496,0.00307049963361014,0.000746026479850497,0.000527573142799425,0.0496,NA,38,38,0,38,38,38,38,0,0,0,NA,NA,0.0160969095530058,0,0,0,0.0451080000000109
135,"core",40,"severe","70_30","extreme",0,"independent","che_rve",5000,5000,0,0,0,0,-0.0001016562041275,-0.0001016562041275,0.0001016562041275,0.0520007835716538,0.0517118118859485,0.994442935935625,0.0519956826068416,0.9528,0.00299907185642492,0.218538521994303,0.0472,0.00299907185642492,0.000735402133810609,0.000520059844301528,0.0472,NA,16.9156011942701,17.1324126352923,2.46543214979311,5.79418276704267,12.4445183677111,13.8208159790895,23.7877401024838,0,0,0.0142,0.010001096240977,0.0100340479168923,NA,0.011,0,0,0.407049999999997
135,"core",40,"severe","70_30","extreme",0,"independent","mlma",5000,5000,0,0,0,0,-0.000173553410829796,-0.000173553410829796,0.000173553410829796,0.0530555292148764,0.0530846841115427,1.00054951664978,0.0530505072852368,0.9412,0.00332693733033852,0.208088137978619,0.0588,0.00332693733033852,0.000750318489745602,0.000530608355637635,0.0588,NA,NA,NA,NA,NA,NA,NA,NA,NA,NA,NA,0.014378966294716,0.00758787672505308,NA,0,0,0,0.312507999999997
135,"core",40,"severe","70_30","extreme",0,"independent","mlma_cr2",5000,5000,0,0,0,0,-0.000173553410829796,-0.000173553410829796,0.000173553410829796,0.0530555292148764,0.0528918660293699,0.996915247328064,0.0530505072852368,0.9526,0.00300510365877785,0.222468520217371,0.0474,0.00300510365877785,0.000750318489745602,0.000530608355637635,0.0474,NA,17.9198581281889,18.0842004860481,2.10527708761274,7.5995881784137,14.1415806649737,15.1680698799255,23.9305341319341,0,0,0.002,0.014378966294716,0.00758787672505308,NA,0,0,0,0.342201999999992
136,"core",40,"severe","70_30","extreme",0.1,"independent","aggregate_hksj",5000,5000,0,0,0,0,0.0989618691567759,-0.00103813084322406,0.00103813084322406,0.0528500714918695,0.0531448114802536,1.00557690803558,0.052854982228093,0.954,0.00296256645495084,0.215172092405655,0.4334,0.00700805878970775,0.000747412878761895,0.000528553572919019,NA,0.4334,38,38,0,38,38,38,38,0,0,0,NA,NA,0.0160977696359921,0,0,0,0.0456639999999876
136,"core",40,"severe","70_30","extreme",0.1,"independent","che_rve",5000,5000,0,0,0,0,0.0990493500599394,-0.000950649940060652,0.000950649940060652,0.0523395371591054,0.0516157237246381,0.986170809415701,0.0523429364853359,0.9474,0.00315699984162179,0.218053198577542,0.4276,0.00699654543328349,0.000740192832987374,0.000523447718980452,NA,0.4276,16.9768500232073,17.1631769679417,2.42216834017673,4.18309105988648,12.6083157023913,13.8229049036871,23.3789518724018,0,0,0.0118,0.0100051521896404,0.00999351930093353,NA,0.0092,0,0,0.406544
136,"core",40,"severe","70_30","extreme",0.1,"independent","mlma",5000,5000,0,0,0,0,0.0992361436221478,-0.000763856377852243,0.000763856377852243,0.053359759096853,0.0531064710294327,0.995253200694542,0.0533598905045916,0.9434,0.00326791799162708,0.208173541127416,0.4632,0.00705188995943641,0.000754620949997307,0.000533650958732925,NA,0.4632,NA,NA,NA,NA,NA,NA,NA,NA,NA,NA,0.0143795155860325,0.00757515374346402,NA,2e-04,0,0,0.314068000000012
136,"core",40,"severe","70_30","extreme",0.1,"independent","mlma_cr2",5000,5000,0,0,0,0,0.0992361436221478,-0.000763856377852243,0.000763856377852243,0.053359759096853,0.0527845515975929,0.989220200596931,0.0533598905045916,0.9532,0.00298696367570816,0.221973223529725,0.4204,0.00698088590366581,0.000754620949997307,0.000533650958732925,NA,0.4204,17.9569901748216,18.1146999070119,2.06359261050314,6.02176680829467,14.2812048220962,15.2882627655881,24.5534605349971,0,0,0.001,0.0143795155860325,0.00757515374346402,NA,2e-04,0,0,0.343986000000011
137,"core",40,"severe","85_15","balanced",0,"independent","aggregate_hksj",5000,5000,0,0,0,0,-0.00080394333922966,-0.00080394333922966,0.00080394333922966,0.0615696156515629,0.0608301139126923,0.987989177274459,0.0615687074158584,0.9508,0.00305873699425106,0.246288255189909,0.0492,0.00305873699425106,0.00087072585484539,0.000615757735368262,0.0492,NA,38,38,0,38,38,38,38,0,0,0,NA,NA,0.0162576309516551,0,0,0,0.0450540000000117
137,"core",40,"severe","85_15","balanced",0,"independent","che_rve",5000,5000,0,0,0,0,-0.000994015352745292,-0.000994015352745292,0.000994015352745292,0.0601436107327278,0.0573137347398138,0.952948019607775,0.0601458105582507,0.955,0.00293172304285381,0.27651761749437,0.045,0.00293172304285381,0.000850559099883117,0.000601496259961056,0.045,NA,6.38393467535535,6.43705857839285,0.392391833950155,3.45092709572341,5.68380906036893,5.91880426304314,8.36415932102501,0,0.001,1,0.0100318401212672,0.00999155902864806,NA,0.001,0,0,0.407894000000013
137,"core",40,"severe","85_15","balanced",0,"independent","mlma",5000,5000,0,0,0,0,-0.000991684469712114,-0.000991684469712114,0.000991684469712114,0.0601454599676592,0.0592596750494155,0.985272622094503,0.0601476208801131,0.943,0.00327874976172321,0.232293657664803,0.057,0.00327874976172321,0.000850585252014317,0.000601514754159883,0.057,NA,NA,NA,NA,NA,NA,NA,NA,NA,NA,NA,0.0117147751288153,0.00830823370683854,NA,0,0,0,0.319131999999981
137,"core",40,"severe","85_15","balanced",0,"independent","mlma_cr2",5000,5000,0,0,0,0,-0.000991684469712114,-0.000991684469712114,0.000991684469712114,0.0601454599676592,0.0573134445554758,0.95291389551753,0.0601476208801131,0.955,0.00293172304285381,0.276524578342186,0.045,0.00293172304285381,0.000850585252014317,0.000601514754159883,0.045,NA,6.38351408805944,6.43705865761319,0.395151985132452,3.12275692890155,5.68381214898642,5.91880285922912,8.36415951432061,0,0.001,1,0.0117147751288153,0.00830823370683854,NA,0,0,0,0.349177999999978
138,"core",40,"severe","85_15","balanced",0.1,"independent","aggregate_hksj",5000,5000,0,0,0,0,0.0997381971332673,-0.000261802866732677,0.000261802866732677,0.0606726786629386,0.0608447549382456,1.00283614106216,0.0606671759857833,0.9554,0.00291927525252416,0.246347533603277,0.3472,0.00673278783268863,0.000858041250306325,0.000606787468410468,NA,0.3472,38,38,0,38,38,38,38,0,0,0,NA,NA,0.016268983125974,0,0,0,0.0448000000000073
138,"core",40,"severe","85_15","balanced",0.1,"independent","che_rve",5000,5000,0,0,0,0,0.0997013566264904,-0.000298643373509641,0.000298643373509641,0.0593548380264809,0.0573364910024826,0.965995239965142,0.0593496536270844,0.9552,0.00292550713552368,0.276648159674598,0.297,0.00646205849555697,0.000839404169295076,0.000593607744007546,NA,0.297,6.38029696588882,6.43176443419026,0.402321815336934,3.23675122674584,5.67037046235313,5.91202721583416,9.48814463468015,0,0.001,1,0.0100168138870646,0.0100092235292099,NA,0.0014,0,0,0.410966
138,"core",40,"severe","85_15","balanced",0.1,"independent","mlma",5000,5000,0,0,0,0,0.0997007081058396,-0.000299291894160433,0.000299291894160433,0.0593540970362355,0.0592376951084756,0.998038856059274,0.0593489159872172,0.946,0.00319637294444813,0.232207497879553,0.3922,0.00690476878686028,0.000839393690110529,0.00059360033336399,NA,0.3922,NA,NA,NA,NA,NA,NA,NA,NA,NA,NA,0.0116996441386042,0.00832603179717531,NA,0,0,0,0.320209999999988
138,"core",40,"severe","85_15","balanced",0.1,"independent","mlma_cr2",5000,5000,0,0,0,0,0.0997007081058396,-0.000299291894160433,0.000299291894160433,0.0593540970362355,0.0573342814344772,0.965970072790003,0.0593489159872172,0.9552,0.00292550713552368,0.276645264563992,0.297,0.00646205849555697,0.000839393690110529,0.00059360033336399,NA,0.297,6.37990855121693,6.4317650872008,0.404961551482979,2.63534525595307,5.67037051194668,5.91202719384868,9.48814452852716,0,0.001,1,0.0116996441386042,0.00832603179717531,NA,0,0,0,0.350561999999997
139,"core",40,"severe","85_15","moderate",0,"independent","aggregate_hksj",5000,5000,0,0,0,0,-0.00104957650279312,-0.00104957650279312,0.00104957650279312,0.0607160451801868,0.0619027123630381,1.01954454015128,0.0607190453278807,0.954,0.00296256645495084,0.250630979276111,0.046,0.00296256645495084,0.000858654545474778,0.000607221176955973,0.046,NA,38,38,0,38,38,38,38,0,0,0,NA,NA,0.0162973910015815,0,0,0,0.0451999999999964
139,"core",40,"severe","85_15","moderate",0,"independent","che_rve",5000,5000,0,0,0,0,-0.0013434503078459,-0.0013434503078459,0.0013434503078459,0.0596931536176471,0.0587320607192775,0.983899445076638,0.0597023014048194,0.9562,0.00289418589589542,0.283875974073941,0.0438,0.00289418589589542,0.000844188674268972,0.000596991238285555,0.0438,NA,6.3385891579262,6.40022810091653,0.432661833327797,2.9918989461901,5.57178901575597,5.81534423798118,9.41190187575747,0,0.0012,1,0.0100401914758318,0.0100250113007187,NA,0.0014,0,0,0.413642000000006
139,"core",40,"severe","85_15","moderate",0,"independent","mlma",5000,5000,0,0,0,0,-0.0013046791531086,-0.0013046791531086,0.0013046791531086,0.059740146708785,0.0602909402340693,1.00921982210672,0.0597484187192762,0.9424,0.00329491244193226,0.236336142905665,0.0576,0.00329491244193226,0.000844853256937222,0.000597461216197075,0.0576,NA,NA,NA,NA,NA,NA,NA,NA,NA,NA,NA,0.0120243610753027,0.00815955824391637,NA,0,0,0,0.320523999999998
139,"core",40,"severe","85_15","moderate",0,"independent","mlma_cr2",5000,5000,0,0,0,0,-0.0013046791531086,-0.0013046791531086,0.0013046791531086,0.059740146708785,0.0587620506274734,0.983627491139593,0.0597484187192762,0.9576,0.00284963997726029,0.283908256104936,0.0424,0.00284963997726029,0.000844853256937222,0.000597461216197075,0.0424,NA,6.3497753684239,6.40405195380559,0.425177649181273,2.58704906143259,5.59874468659124,5.84585983698698,9.37706714461947,0,0.0012,1,0.0120243610753027,0.00815955824391637,NA,0,0,0,0.350635999999996
140,"core",40,"severe","85_15","moderate",0.1,"independent","aggregate_hksj",5000,5000,0,0,0,0,0.101241717158739,0.00124171715873871,0.00124171715873871,0.0623199218809357,0.061687004664572,0.989844062744929,0.0623260601210729,0.9478,0.00314563697841948,0.24975762446434,0.358,0.00677991150384723,0.000881336787300511,0.000623261548080785,NA,0.358,38,38,0,38,38,38,38,0,0,0,NA,NA,0.0161746454571688,0,0,0,0.0453179999999556
140,"core",40,"severe","85_15","moderate",0.1,"independent","che_rve",5000,5000,0,0,0,0,0.100761461184476,0.000761461184475856,0.000761461184475856,0.0614695121087148,0.0581911562207985,0.946666960978669,0.0614680814881604,0.9538,0.00296868859936505,0.281322870371488,0.2992,0.00647579122578855,0.000869310176966017,0.000614756599821221,NA,0.2992,6.33041746009805,6.39911262735583,0.445620040293613,3.02992657566706,5.54586053030696,5.79791742365671,7.99048733714199,0,0.0018,1,0.00992786822608507,0.0100050262387513,NA,0.0018,0,0,0.414141999999965
140,"core",40,"severe","85_15","moderate",0.1,"independent","mlma",5000,5000,0,0,0,0,0.100750279278471,0.000750279278470517,0.000750279278470517,0.0615846205840646,0.0600557597520872,0.975174632603437,0.0615830323902648,0.937,0.00343601513384327,0.235414252356562,0.3968,0.00691881145862496,0.000870938056635854,0.000615907799700463,NA,0.3968,NA,NA,NA,NA,NA,NA,NA,NA,NA,NA,0.0119141096609595,0.00814084413044095,NA,0,0,0,0.322004000000013
140,"core",40,"severe","85_15","moderate",0.1,"independent","mlma_cr2",5000,5000,0,0,0,0,0.100750279278471,0.000750279278470517,0.000750279278470517,0.0615846205840646,0.0582379372843227,0.945657158102102,0.0615830323902648,0.953,0.00299302522541993,0.281442320704319,0.2956,0.00645322616990913,0.000870938056635854,0.000615907799700463,NA,0.2956,6.34208816627399,6.40308196170289,0.438860963312318,3.23980244173595,5.56164213834341,5.8182557880199,8.45942431794005,0,0.0014,1,0.0119141096609595,0.00814084413044095,NA,0,0,0,0.351944000000024
141,"core",40,"severe","85_15","severe",0,"independent","aggregate_hksj",5000,5000,0,0,0,0,-8.68867301365819e-06,-8.68867301365819e-06,8.68867301365819e-06,0.0638227206886143,0.064091294349861,1.00420811990383,0.0638163386888867,0.9516,0.00303504332753257,0.259492084478846,0.0484,0.00303504332753257,0.000902589571853883,0.000638291039181836,0.0484,NA,38,38,0,38,38,38,38,0,0,0,NA,NA,0.0161354690719363,0,0,0,0.0458200000000143
141,"core",40,"severe","85_15","severe",0,"independent","che_rve",5000,5000,0,0,0,0,-0.000254812489025563,-0.000254812489025563,0.000254812489025563,0.0627733470575888,0.0609024572795502,0.97019611243093,0.0627675866319305,0.9566,0.00288154264240528,0.296906053624457,0.0434,0.00288154264240528,0.000887749187643953,0.000627796253340517,0.0434,NA,6.1374293722187,6.22210893617571,0.5824477186223,2.77647487110133,5.04972100423907,5.38747244607949,8.13161912569955,0,0.0046,1,0.0100000064001116,0.00997921053070265,NA,0.005,0,0,0.421321999999994
141,"core",40,"severe","85_15","severe",0,"independent","mlma",5000,5000,0,0,0,0,-0.000368053530102189,-0.000368053530102189,0.000368053530102189,0.063096113313632,0.0630075378056569,0.998596181233307,0.0630908769536821,0.9444,0.00324063697442339,0.246985009707267,0.0556,0.00324063697442339,0.000892313791811679,0.000631024238715628,0.0556,NA,NA,NA,NA,NA,NA,NA,NA,NA,NA,NA,0.0128017329774508,0.00783242015047507,NA,0,0,0,0.322674000000045
141,"core",40,"severe","85_15","severe",0,"independent","mlma_cr2",5000,5000,0,0,0,0,-0.000368053530102189,-0.000368053530102189,0.000368053530102189,0.063096113313632,0.0612038618826154,0.970010015963888,0.0630908769536821,0.9574,0.00285605462132642,0.29742690817125,0.0426,0.00285605462132642,0.000892313791811679,0.000631024238715628,0.0426,NA,6.21850688144429,6.29014940939544,0.547977487093961,2.82100629099856,5.23168061524095,5.50331444815717,8.18461253851377,0,0.0032,1,0.0128017329774508,0.00783242015047507,NA,0,0,0,0.352730000000041
142,"core",40,"severe","85_15","severe",0.1,"independent","aggregate_hksj",5000,5000,0,0,0,0,0.0995440220694454,-0.00045597793055463,0.00045597793055463,0.0635945792253568,0.0641588688174149,1.00887323414875,0.0635898542899885,0.9532,0.00298696367570816,0.259765679194337,0.3248,0.00662276316955393,0.000899363164339099,0.000636009396373571,NA,0.3248,38,38,0,38,38,38,38,0,0,0,NA,NA,0.0161746118711971,0,0,0,0.0460720000000743
142,"core",40,"severe","85_15","severe",0.1,"independent","che_rve",5000,5000,0,0,0,0,0.0995733061637967,-0.000426693836203293,0.000426693836203293,0.0623973010173839,0.0609035184391255,0.976060141161519,0.062392520042462,0.962,0.0027039230758289,0.296925077190306,0.2626,0.00622320239105238,0.000882431093542609,0.000624035416836012,NA,0.2626,6.13643928143246,6.2390129171666,0.588906103772181,3.11558355264561,5.06915973215592,5.37366552391005,7.79120298954437,0,0.0066,1,0.0100079185121295,0.00998684314557964,NA,0.0028,0,0,0.419324000000017
142,"core",40,"severe","85_15","severe",0.1,"independent","mlma",5000,5000,0,0,0,0,0.0995947070319969,-0.000405292968003068,0.000405292968003068,0.0627535776744682,0.0629103054923519,1.00249751207328,0.0627486109091926,0.947,0.00316831185333767,0.246603866042844,0.3634,0.00680206498057759,0.000887469606346664,0.000627598539736963,NA,0.3634,NA,NA,NA,NA,NA,NA,NA,NA,NA,NA,0.012784951240533,0.0078274773427237,NA,2e-04,0,0,0.322061999999931
142,"core",40,"severe","85_15","severe",0.1,"independent","mlma_cr2",5000,5000,0,0,0,0,0.0995947070319969,-0.000405292968003068,0.000405292968003068,0.0627535776744682,0.0612372936718349,0.975837489130914,0.0627486109091926,0.9614,0.00272433624943765,0.297616335252524,0.262,0.00621861720963753,0.000887469606346664,0.000627598539736963,NA,0.262,6.21562641825839,6.29475183341827,0.547138339822643,2.68555685185716,5.19402750265576,5.48620357458971,7.98257071100136,0,0.002,1,0.012784951240533,0.0078274773427237,NA,2e-04,0,0,0.352321999999972
143,"core",40,"severe","85_15","extreme",0,"independent","aggregate_hksj",5000,5000,0,0,0,0,-0.00123285099265721,-0.00123285099265721,0.00123285099265721,0.0693752247597531,0.0683110707425676,0.984660892690861,0.0693792414752011,0.951,0.00305283474822991,0.276577065883663,0.049,0.00305283474822991,0.000981113837479245,0.000693821633230309,0.049,NA,38,38,0,38,38,38,38,0,0,0,NA,NA,0.0159908177146838,0,0,0,0.0461420000000202
143,"core",40,"severe","85_15","extreme",0,"independent","che_rve",5000,5000,0,0,0,0,-0.000794834799437784,-0.000794834799437784,0.000794834799437784,0.0681641216176922,0.0644887715154558,0.946080870478312,0.0681619392973435,0.9558,0.00290676314824583,0.322206810886496,0.0442,0.00290676314824583,0.000963986252589894,0.000681709390524862,0.0442,NA,5.66475854627357,5.75173227726902,0.836923469472372,2.0727817614209,4.14917605003998,4.55247687931968,8.66868849704086,0,0.0384,1,0.00989562042474086,0.010013919378307,NA,0.0096,0,0,0.417212000000023
143,"core",40,"severe","85_15","extreme",0,"independent","mlma",5000,5000,0,0,0,0,-0.00100683651793006,-0.00100683651793006,0.00100683651793006,0.0693353962494481,0.0681948161786771,0.983549815354519,0.0693357729704314,0.9416,0.00331630637909105,0.267318767285073,0.0584,0.00331630637909105,0.000980550577284821,0.000693423308292774,0.0584,NA,NA,NA,NA,NA,NA,NA,NA,NA,NA,NA,0.0142700680025767,0.00756131283667224,NA,2e-04,0,0,0.321315999999963
143,"core",40,"severe","85_15","extreme",0,"independent","mlma_cr2",5000,5000,0,0,0,0,-0.00100683651793006,-0.00100683651793006,0.00100683651793006,0.0693353962494481,0.0657833084252935,0.948769488366732,0.0693357729704314,0.9574,0.00285605462132642,0.324261516977735,0.0426,0.00285605462132642,0.000980550577284821,0.000693423308292774,0.0426,NA,5.93978676554752,6.00559120582451,0.762101061380759,2.43975578361952,4.59618487741784,4.92379387888317,8.03840269775062,0,0.0152,1,0.0142700680025767,0.00756131283667224,NA,2e-04,0,0,0.351741999999959
144,"core",40,"severe","85_15","extreme",0.1,"independent","aggregate_hksj",5000,5000,0,0,0,0,0.10074465739616,0.000744657396159948,0.000744657396159948,0.0683758166086338,0.0684818197950777,1.00155030231011,0.068373033873566,0.9494,0.00309966578843591,0.277268392654453,0.3008,0.00648566665810077,0.000966980071862655,0.000683826552161029,NA,0.3008,38,38,0,38,38,38,38,0,0,0,NA,NA,0.0160992224698452,0,0,0,0.0461939999999042
144,"core",40,"severe","85_15","extreme",0.1,"independent","che_rve",5000,5000,0,0,0,0,0.100859592851464,0.000859592851464433,0.000859592851464433,0.0676653347872967,0.0648599684814218,0.958540568598478,0.0676640281999296,0.9568,0.00287519599331941,0.323631650851235,0.239,0.00603123536267654,0.00095693234158711,0.000676721023359247,NA,0.239,5.68526564080042,5.75688725851623,0.826385533331917,2.14201598153411,4.22812679441053,4.60461298914772,8.0098314417037,0,0.0338,1,0.0100550235699205,0.00999252041541598,NA,0.0114,0,0,0.41960999999996
144,"core",40,"severe","85_15","extreme",0.1,"independent","mlma",5000,5000,0,0,0,0,0.100816845993512,0.000816845993511714,0.000816845993511714,0.06861524537373,0.0685172454797165,0.998571747525208,0.0686132459857042,0.9426,0.0032895361375124,0.268582666920268,0.3302,0.00665083393267341,0.000970366105930867,0.000686221079276676,NA,0.3302,NA,NA,NA,NA,NA,NA,NA,NA,NA,NA,0.0144278431621867,0.00758372754022403,NA,6e-04,0,0,0.322952000000009
144,"core",40,"severe","85_15","extreme",0.1,"independent","mlma_cr2",5000,5000,0,0,0,0,0.100816845993512,0.000816845993511714,0.000816845993511714,0.06861524537373,0.0661964420637916,0.964748310717775,0.0686132459857042,0.9602,0.00276463234445378,0.326212096552691,0.2398,0.00603814474818218,0.000970366105930867,0.000686221079276676,NA,0.2398,5.939357628008,5.99751231064934,0.755667865065006,1.96557555467861,4.587065279583,4.93384153259929,7.95766209806966,2e-04,0.0104,1,0.0144278431621867,0.00758372754022403,NA,6e-04,0,0,0.352952000000008
145,"core",80,"balanced","50_50","balanced",0,"independent","aggregate_hksj",5000,5000,0,0,0,0,-0.00105134774619453,-0.00105134774619453,0.00105134774619453,0.0267945326786228,0.0269145753509012,1.00448011815389,0.0268124732942137,0.95,0.00308220700148449,0.107165606891306,0.05,0.00308220700148449,0.000378931915115575,0.000267972125338757,0.05,NA,78,78,0,78,78,78,78,0,0,0,NA,NA,0.0124762022479318,0,0,0,0.0764959999999977
145,"core",80,"balanced","50_50","balanced",0,"independent","che_rve",5000,5000,0,0,0,0,-0.00105134774619436,-0.00105134774619436,0.00105134774619436,0.0267945326786228,0.0269145753509012,1.00448011815388,0.0268124732942137,0.95,0.00308220700148449,0.107165606891306,0.05,0.00308220700148449,0.000378931915115575,0.000267972125338757,0.05,NA,78,78,1.93046449492683e-14,77.9999999999999,78,78,78.0000000000001,0,0,0,0.00997667433043373,0.00999810958496344,NA,0,0,0,0.55383799999997
145,"core",80,"balanced","50_50","balanced",0,"independent","mlma",5000,5000,0,0,0,0,-0.00105134774619435,-0.00105134774619435,0.00105134774619435,0.0267945326786228,0.0269145786848247,1.0044802425794,0.0268124732942137,0.9482,0.0031342227106573,0.105503209762651,0.0518,0.0031342227106573,0.000378931915115575,0.000267972125338757,0.0518,NA,NA,NA,NA,NA,NA,NA,NA,NA,NA,NA,0.0116601801729463,0.00831460794164572,NA,0,0,0,0.422823999999971
145,"core",80,"balanced","50_50","balanced",0,"independent","mlma_cr2",5000,5000,0,0,0,0,-0.00105134774619435,-0.00105134774619435,0.00105134774619435,0.0267945326786228,0.0269145753509012,1.00448011815388,0.0268124732942137,0.95,0.00308220700148449,0.107165606891306,0.05,0.00308220700148449,0.000378931915115575,0.000267972125338757,0.05,NA,78,78,1.92165528894702e-14,77.9999999999999,78,78,78.0000000000001,0,0,0,0.0116601801729463,0.00831460794164572,NA,0,0,0,0.476281999999973
146,"core",80,"balanced","50_50","balanced",0.1,"independent","aggregate_hksj",5000,5000,0,0,0,0,0.099705187961953,-0.000294812038046988,0.000294812038046988,0.0270217066419718,0.0269522435769869,0.997429360554266,0.0270206126772986,0.9486,0.00312275647465504,0.107315590246286,0.9574,0.00285605462132642,0.000382144640115436,0.000270244092180291,NA,0.9574,78,78,0,78,78,78,78,0,0,0,NA,NA,0.0125189592508965,0,0,0,0.0742180000000764
146,"core",80,"balanced","50_50","balanced",0.1,"independent","che_rve",5000,5000,0,0,0,0,0.0997051879619532,-0.000294812038046807,0.000294812038046807,0.0270217066419718,0.0269522435769869,0.997429360554266,0.0270206126772986,0.9486,0.00312275647465504,0.107315590246286,0.9574,0.00285605462132642,0.000382144640115436,0.000270244092180291,NA,0.9574,78,78,1.89434232232691e-14,77.9999999999999,78,78,78.0000000000001,0,0,0,0.0100259995440846,0.00997183660957641,NA,0,0,0,0.527558000000015
146,"core",80,"balanced","50_50","balanced",0.1,"independent","mlma",5000,5000,0,0,0,0,0.0997051879619532,-0.000294812038046807,0.000294812038046807,0.0270217066419717,0.0269522468490862,0.997429481645779,0.0270206126772986,0.946,0.00319637294444813,0.105650866253284,0.9594,0.00279111590586991,0.000382144640115436,0.000270244092180291,NA,0.9594,NA,NA,NA,NA,NA,NA,NA,NA,NA,NA,0.0117095053025618,0.00828833514738619,NA,0,0,0,0.400535999999945
146,"core",80,"balanced","50_50","balanced",0.1,"independent","mlma_cr2",5000,5000,0,0,0,0,0.0997051879619532,-0.000294812038046807,0.000294812038046807,0.0270217066419717,0.0269522435769869,0.997429360554268,0.0270206126772986,0.9486,0.00312275647465504,0.107315590246286,0.9574,0.00285605462132642,0.000382144640115436,0.000270244092180291,NA,0.9574,78,78,1.90338407274332e-14,77.9999999999999,78,78,78.0000000000001,0,0,0,0.0117095053025618,0.00828833514738619,NA,0,0,0,0.453169999999923
147,"core",80,"balanced","50_50","moderate",0,"independent","aggregate_hksj",5000,5000,0,0,0,0,-0.000680133355315302,-0.000680133355315302,0.000680133355315302,0.0279561436670976,0.027347393648953,0.978224821513527,0.0279616208565001,0.9514,0.0030409879973456,0.108888956971315,0.0486,0.0030409879973456,0.000395359575256601,0.000279589397008763,0.0486,NA,78,78,0,78,78,78,78,0,0,0,NA,NA,0.0124758847383786,0,0,0,0.067378000000029
147,"core",80,"balanced","50_50","moderate",0,"independent","che_rve",5000,5000,0,0,0,0,-0.000680133265565383,-0.000680133265565383,0.000680133265565383,0.027956143860584,0.0273505603301105,0.97833808791751,0.0279616210477269,0.9496,0.00309385972532693,0.108914963015416,0.0504,0.00309385972532693,0.000395359577992912,0.000279589398943821,0.0504,NA,77.3811576520491,77.4082524003012,0.18915378430244,76.1198901124043,77.0308705329568,77.1314252143737,77.7825952114548,0,0,0,0.00997370563947942,0.0100086384353095,NA,0,0,0,0.463183999999994
147,"core",80,"balanced","50_50","moderate",0,"independent","mlma",5000,5000,0,0,0,0,-0.000665516776817177,-0.000665516776817177,0.000665516776817177,0.0280164792847813,0.0273874637876107,0.977548374627059,0.0280215816732836,0.9454,0.00321306209090332,0.107356885303224,0.0546,0.00321306209090332,0.000396212849744826,0.000280192813530271,0.0546,NA,NA,NA,NA,NA,NA,NA,NA,NA,NA,NA,0.0119985778534013,0.00816287153716662,NA,0,0,0,0.36687200000001
147,"core",80,"balanced","50_50","moderate",0,"independent","mlma_cr2",5000,5000,0,0,0,0,-0.000665516776817177,-0.000665516776817177,0.000665516776817177,0.0280164792847813,0.0273875507234971,0.977551477653871,0.0280215816732836,0.9498,0.00308804015517933,0.109051259459176,0.0502,0.00308804015517933,0.000396212849744826,0.000280192813530271,0.0502,NA,77.8879238887415,77.8935336715362,0.0362338300300835,77.6060942597782,77.8208297587044,77.8403043760165,77.9621092637112,0,0,0,0.0119985778534013,0.00816287153716662,NA,0,0,0,0.414327999999972
148,"core",80,"balanced","50_50","moderate",0.1,"independent","aggregate_hksj",5000,5000,0,0,0,0,0.100121721922031,0.000121721922030707,0.000121721922030707,0.0275506472642448,0.0273480845676259,0.992647624766268,0.0275481609780436,0.948,0.00313993630508646,0.108891707998144,0.9526,0.00300510365877785,0.000389624990132522,0.000275534027422998,NA,0.9526,78,78,0,78,78,78,78,0,0,0,NA,NA,0.0124715239520592,0,0,0,0.0514139999999636
148,"core",80,"balanced","50_50","moderate",0.1,"independent","che_rve",5000,5000,0,0,0,0,0.100121721815402,0.000121721815402473,0.000121721815402473,0.0275506477813501,0.0273492605985111,0.9926902922778,0.027548161494621,0.9484,0.00312849612433834,0.10890978296116,0.952,0.00302311098043059,0.000389624997445495,0.000275534032594568,NA,0.952,77.3815942339872,77.4113786075716,0.188488445021544,75.9294911478876,77.0320810179858,77.1369996274857,77.783525721126,0,0,0,0.00997478681849601,0.00998687249859479,NA,0,0,0,0.339838000000015
148,"core",80,"balanced","50_50","moderate",0.1,"independent","mlma",5000,5000,0,0,0,0,0.10016486496734,0.000164864967339987,0.000164864967339987,0.0275717699649185,0.0273886325632222,0.99335779306409,0.0275695055986871,0.9436,0.00326248494249399,0.107361466819433,0.9544,0.00295027591929975,0.000389923710230189,0.000275745275555605,NA,0.9544,NA,NA,NA,NA,NA,NA,NA,NA,NA,NA,0.0120020291404288,0.00814212159335255,NA,0,0,0,0.265229999999792
148,"core",80,"balanced","50_50","moderate",0.1,"independent","mlma_cr2",5000,5000,0,0,0,0,0.10016486496734,0.000164864967339987,0.000164864967339987,0.0275717699649185,0.0273888894710252,0.993367110848305,0.0275695055986871,0.9474,0.00315699984162179,0.109056587788571,0.9518,0.00302908435009658,0.000389923710230189,0.000275745275555605,NA,0.9518,77.8880836824931,77.8940826811695,0.0360725181923955,77.5551809698632,77.8212810579827,77.841049937226,77.9625161307317,0,0,0,0.0120020291404288,0.00814212159335255,NA,0,0,0,0.301377999999936
149,"core",80,"balanced","50_50","severe",0,"independent","aggregate_hksj",5000,5000,0,0,0,0,-0.000424730083664491,-0.000424730083664491,0.000424730083664491,0.0282706622732934,0.0284810831160263,1.00744308147785,0.028271025714422,0.9534,0.00298088711627931,0.113402961676246,0.0466,0.00298088711627931,0.000399807540041609,0.000282734897636513,0.0466,NA,78,78,0,78,78,78,78,0,0,0,NA,NA,0.0124971538100593,0,0,0,0.0506260000000475
149,"core",80,"balanced","50_50","severe",0,"independent","che_rve",5000,5000,0,0,0,0,-0.000424731717346457,-0.000424731717346457,0.000424731717346457,0.0282706636863961,0.0284830783165994,1.00751360606739,0.0282710271517676,0.9536,0.00297479545515318,0.113485283498908,0.0464,0.00297479545515318,0.000399807560025899,0.000282734911768954,0.0464,NA,74.8317531948657,74.9361990742909,0.754746710998455,69.4235126221912,73.4961007195568,73.8576352875704,76.676127938225,0,0,0,0.00999151849140487,0.0100222268435678,NA,0,0,0,0.339195999999973
149,"core",80,"balanced","50_50","severe",0,"independent","mlma",5000,5000,0,0,0,0,-0.000446049151844412,-0.000446049151844412,0.000446049151844412,0.0284746492022562,0.0287042058311212,1.00806178953196,0.028475295361207,0.9514,0.0030409879973456,0.112518419267644,0.0486,0.0030409879973456,0.00040269235085647,0.000284774970943674,0.0486,NA,NA,NA,NA,NA,NA,NA,NA,NA,NA,NA,0.0128832943047968,0.00793313335760733,NA,0,0,0,0.241879999999798
149,"core",80,"balanced","50_50","severe",0,"independent","mlma_cr2",5000,5000,0,0,0,0,-0.000446049151844412,-0.000446049151844412,0.000446049151844412,0.0284746492022562,0.0287036349121331,1.00804173945218,0.028475295361207,0.9544,0.00295027591929975,0.11430716757421,0.0456,0.00295027591929975,0.00040269235085647,0.000284774970943674,0.0456,NA,77.2085858241236,77.2388827595849,0.213057333540088,76.0333752652691,76.8140653113239,76.9332069277156,77.7071448003145,0,0,0,0.0128832943047968,0.00793313335760733,NA,0,0,0,0.2781139999999
150,"core",80,"balanced","50_50","severe",0.1,"independent","aggregate_hksj",5000,5000,0,0,0,0,0.100423076601356,0.000423076601356001,0.000423076601356001,0.0285663553232459,0.0284833762824275,0.997095217787515,0.0285666316343609,0.9502,0.00307636018697421,0.113412092363462,0.9332,0.00353094208392038,0.000403989271257033,0.00028569212387345,NA,0.9332,78,78,0,78,78,78,78,0,0,0,NA,NA,0.0125075782883768,0,0,0,0.0739119999999994
150,"core",80,"balanced","50_50","severe",0.1,"independent","che_rve",5000,5000,0,0,0,0,0.100423077493054,0.000423077493054272,0.000423077493054272,0.028566356151402,0.0284908658006211,0.997357368563887,0.0285666324755495,0.9508,0.00305873699425106,0.113516332201927,0.9332,0.00353094208392038,0.000403989282968929,0.000285692132155839,NA,0.9332,74.828824667673,74.9248513967315,0.767225841497519,69.505892503575,73.4438296503686,73.8302950222536,76.5654289223605,0,0,0,0.0100096021029793,0.0099915748919867,NA,0,0,0,0.539610000000036
150,"core",80,"balanced","50_50","severe",0.1,"independent","mlma",5000,5000,0,0,0,0,0.100374450610874,0.000374450610873794,0.000374450610873794,0.0287882766628261,0.0287064842990979,0.997158830843327,0.0287878330810215,0.9468,0.00317394895989208,0.112527350697993,0.934,0.00351123909752668,0.000407127712939175,0.000287911559223885,NA,0.934,NA,NA,NA,NA,NA,NA,NA,NA,NA,NA,0.0128986175816508,0.00791139833630003,NA,0,0,0,0.388841999999917
150,"core",80,"balanced","50_50","severe",0.1,"independent","mlma_cr2",5000,5000,0,0,0,0,0.100374450610874,0.000374450610873794,0.000374450610873794,0.0287882766628261,0.0287076586254357,0.997199622668124,0.0287878330810215,0.9504,0.00307049963361014,0.11432321025175,0.93,0.00360832371053374,0.000407127712939175,0.000287911559223885,NA,0.93,77.2068475140673,77.2366206312267,0.218624743025335,75.550202699488,76.8099558219055,76.9192730898778,77.6985562805251,0,0,0,0.0128986175816508,0.00791139833630003,NA,0,0,0,0.439827999999947
151,"core",80,"balanced","50_50","extreme",0,"independent","aggregate_hksj",5000,5000,0,0,0,0,-0.000177980171027955,-0.000177980171027955,0.000177980171027955,0.0304902871239986,0.0304499582711378,0.998677321315581,0.0304877574498908,0.9494,0.00309966578843591,0.121242420339066,0.0506,0.00309966578843591,0.000431197775714085,0.000304933366101415,0.0506,NA,78,78,0,78,78,78,78,0,0,0,NA,NA,0.0125100264123962,0,0,0,0.0788299999999972
151,"core",80,"balanced","50_50","extreme",0,"independent","che_rve",5000,5000,0,0,0,0,-0.00017797849432993,-0.00017797849432993,0.00017797849432993,0.0304902889234813,0.0304425400244447,0.998433963707054,0.0304877592393748,0.951,0.00305283474822991,0.121455721838901,0.049,0.00305283474822991,0.000431197801162614,0.000304933384098042,0.049,NA,69.1109989920519,69.2875363518942,1.78744002960496,58.1761597670975,65.8987993679303,66.801684940242,73.8376834351281,0,0,0,0.0100186622723759,0.00996507719447983,NA,0,0,0,0.541044000000002
151,"core",80,"balanced","50_50","extreme",0,"independent","mlma",5000,5000,0,0,0,0,-0.000213608731003689,-0.000213608731003689,0.000213608731003689,0.0311358522131734,0.0311779474260143,1.00135198524687,0.0311334712724413,0.9478,0.00314563697841948,0.122215308133743,0.0522,0.00314563697841947,0.000440327444759142,0.000311389662655104,0.0522,NA,NA,NA,NA,NA,NA,NA,NA,NA,NA,NA,0.0145233752389795,0.00771705770084384,NA,0,0,0,0.355336000000003
151,"core",80,"balanced","50_50","extreme",0,"independent","mlma_cr2",5000,5000,0,0,0,0,-0.000213608731003689,-0.000213608731003689,0.000213608731003689,0.0311358522131734,0.0311795987170378,1.00140502028224,0.0311334712724413,0.951,0.00305283474822991,0.124211331089589,0.049,0.00305283474822991,0.000440327444759142,0.000311389662655104,0.049,NA,75.4900528475801,75.5764632124856,0.665311952831047,72.04333655176,74.2697245652129,74.6322234216268,77.1163994525041,0,0,0,0.0145233752389795,0.00771705770084384,NA,0,0,0,0.409268000000007
152,"core",80,"balanced","50_50","extreme",0.1,"independent","aggregate_hksj",5000,5000,0,0,0,0,0.100167405547598,0.000167405547597865,0.000167405547597865,0.0303147296495865,0.0304392954078112,1.00410908359285,0.0303121602954679,0.9548,0.00293792307591605,0.121199964078668,0.9022,0.00420083705944422,0.000428715018101191,0.000303177615773483,NA,0.9022,78,78,0,78,78,78,78,0,0,0,NA,NA,0.0125131684462371,0,0,0,0.0794399999999954
152,"core",80,"balanced","50_50","extreme",0.1,"independent","che_rve",5000,5000,0,0,0,0,0.100167409422055,0.000167409422055162,0.000167409422055162,0.0303147296191754,0.0304384633342148,1.00408163676846,0.0303121602864581,0.9548,0.00293792307591605,0.121439764021534,0.9018,0.00420848571341284,0.000428715017671112,0.000303177615469341,NA,0.9018,69.0976494346877,69.3152404207324,1.83372755832662,56.3086102708637,65.8181006292302,66.7362608614285,73.9092516014484,0,0,0,0.0100088836836891,0.0100167417028001,NA,2e-04,0,0,0.542187999999991
152,"core",80,"balanced","50_50","extreme",0.1,"independent","mlma",5000,5000,0,0,0,0,0.100095306759015,9.53067590153817e-05,9.53067590153817e-05,0.0310499241298968,0.0311628676650324,1.00363748183935,0.0310469652670428,0.9498,0.00308804015517933,0.122156196556903,0.896,0.00431703602023425,0.000439112238151556,0.000310530295881362,NA,0.896,NA,NA,NA,NA,NA,NA,NA,NA,NA,NA,0.0144999545625209,0.00775691690172812,NA,0,0,0,0.355208000000005
152,"core",80,"balanced","50_50","extreme",0.1,"independent","mlma_cr2",5000,5000,0,0,0,0,0.100095306759015,9.53067590153817e-05,9.53067590153817e-05,0.0310499241298968,0.0311624015118191,1.00362246881673,0.0310469652670428,0.9546,0.00294410733499986,0.124142998377697,0.8904,0.00441786916963371,0.000439112238151556,0.000310530295881362,NA,0.8904,75.4809736383489,75.5746140024625,0.688635745287024,69.8824373097462,74.2450557523789,74.5880686659655,77.1450802525233,0,0,0,0.0144999545625209,0.00775691690172812,NA,0,0,0,0.409005999999993
153,"core",80,"balanced","70_30","balanced",0,"independent","aggregate_hksj",5000,5000,0,0,0,0,-7.35217166397991e-05,-7.35217166397991e-05,7.35217166397991e-05,0.0294156611244457,0.0294097602513107,0.999799396888955,0.0294128113006418,0.9512,0.00304691844328003,0.117100669981553,0.0488,0.00304691844328003,0.000416000269083621,0.000294186031318666,0.0488,NA,78,78,0,78,78,78,78,0,0,0,NA,NA,0.0125201583175334,0,0,0,0.0759300000000185
153,"core",80,"balanced","70_30","balanced",0,"independent","che_rve",5000,5000,0,0,0,0,-7.3521716639912e-05,-7.3521716639912e-05,7.3521716639912e-05,0.0294156611244457,0.0293063298020748,0.996283227430844,0.0294128113006418,0.9522,0.00301712313305241,0.118157394746387,0.0478,0.00301712313305241,0.000416000269083621,0.000294186031318666,0.0478,NA,43.5906271536871,43.5906271536871,2.56315117678549e-13,43.5906271536866,43.5906271536867,43.5906271536867,43.5906271536876,0,0,0,0.0100247828352995,0.00998150028017512,NA,0,0,0,0.549144000000003
153,"core",80,"balanced","70_30","balanced",0,"independent","mlma",5000,5000,0,0,0,0,-7.35217166399316e-05,-7.35217166399316e-05,7.35217166399316e-05,0.0294156611244457,0.0294097634592794,0.999799505945443,0.0294128113006419,0.9482,0.0031342227106573,0.115284154348059,0.0518,0.0031342227106573,0.000416000269083621,0.000294186031318666,0.0518,NA,NA,NA,NA,NA,NA,NA,NA,NA,NA,NA,0.0117082880995929,0.00829799878259818,NA,0,0,0,0.419457999999987
153,"core",80,"balanced","70_30","balanced",0,"independent","mlma_cr2",5000,5000,0,0,0,0,-7.35217166399316e-05,-7.35217166399316e-05,7.35217166399316e-05,0.0294156611244457,0.0293063298020748,0.996283227430844,0.0294128113006419,0.9522,0.00301712313305241,0.118157394746387,0.0478,0.00301712313305241,0.000416000269083621,0.000294186031318666,0.0478,NA,43.5906271536871,43.5906271536871,2.55426668506433e-13,43.5906271536866,43.5906271536867,43.5906271536868,43.5906271536876,0,0,0,0.0117082880995929,0.00829799878259818,NA,0,0,0,0.473222000000004
154,"core",80,"balanced","70_30","balanced",0.1,"independent","aggregate_hksj",5000,5000,0,0,0,0,0.10045288921442,0.000452889214420452,0.000452889214420452,0.0299116674609786,0.0294064966308675,0.9831112447753,0.0299121048635271,0.9456,0.0032075111847038,0.117087675243167,0.916,0.00392285610238255,0.000423014857965099,0.000299146590764745,NA,0.916,78,78,0,78,78,78,78,0,0,0,NA,NA,0.0125142614349064,0,0,0,0.0764240000000071
154,"core",80,"balanced","70_30","balanced",0.1,"independent","che_rve",5000,5000,0,0,0,0,0.10045288921442,0.000452889214420341,0.000452889214420341,0.0299116674609786,0.0292787174113282,0.9788393592408,0.0299121048635272,0.9478,0.00314563697841948,0.118046066982884,0.9126,0.00399402653972154,0.000423014857965099,0.000299146590764745,NA,0.9126,43.5906271536871,43.5906271536871,2.54982748553074e-13,43.5906271536866,43.5906271536867,43.5906271536867,43.5906271536876,0,0,0,0.0100043490814816,0.0100396482265632,NA,0,0,0,0.549067999999999
154,"core",80,"balanced","70_30","balanced",0.1,"independent","mlma",5000,5000,0,0,0,0,0.10045288921442,0.000452889214420313,0.000452889214420313,0.0299116674609786,0.0294065001644618,0.983111362909613,0.0299121048635272,0.9426,0.0032895361375124,0.115271362467433,0.9206,0.00382349682882045,0.000423014857965099,0.000299146590764745,NA,0.9206,NA,NA,NA,NA,NA,NA,NA,NA,NA,NA,0.0116878545776399,0.00835614669551469,NA,0,0,0,0.418729999999968
154,"core",80,"balanced","70_30","balanced",0.1,"independent","mlma_cr2",5000,5000,0,0,0,0,0.10045288921442,0.000452889214420313,0.000452889214420313,0.0299116674609786,0.0292787174113282,0.9788393592408,0.0299121048635272,0.9478,0.00314563697841948,0.118046066982884,0.9126,0.00399402653972154,0.000423014857965099,0.000299146590764745,NA,0.9126,43.5906271536871,43.5906271536871,2.55950109451302e-13,43.5906271536865,43.5906271536867,43.5906271536868,43.5906271536876,0,0,0,0.0116878545776399,0.00835614669551469,NA,0,0,0,0.472207999999966
155,"core",80,"balanced","70_30","moderate",0,"independent","aggregate_hksj",5000,5000,0,0,0,0,-0.000858135434025939,-0.000858135434025939,0.000858135434025939,0.0294545621406575,0.0298418269822986,1.01314787297777,0.0294641156845883,0.95,0.00308220700148449,0.11882102755139,0.05,0.00308220700148449,0.000416550412530789,0.000294575080387636,0.05,NA,78,78,0,78,78,78,78,0,0,0,NA,NA,0.0124750574686681,0,0,0,0.0783259999999624
155,"core",80,"balanced","70_30","moderate",0,"independent","che_rve",5000,5000,0,0,0,0,-0.00085813516802913,-0.00085813516802913,0.00085813516802913,0.0294545620470971,0.0297938997340601,1.01152071745017,0.0294641155833299,0.9528,0.00299907185642492,0.120149687756714,0.0472,0.00299907185642492,0.000416550411207646,0.000294575079451939,0.0472,NA,43.2555928503371,43.2774058140808,0.501377859235428,40.9227561043733,42.396287226406,42.6041915557281,44.7547329008711,0,0,0,0.00997149367478793,0.0100141889147727,NA,0,0,0,0.550457999999982
155,"core",80,"balanced","70_30","moderate",0,"independent","mlma",5000,5000,0,0,0,0,-0.000885662896721411,-0.000885662896721411,0.000885662896721411,0.0294688886212433,0.0298856718068346,1.01414315928056,0.0294792488414912,0.9488,0.0031170036894428,0.11714968079036,0.0512,0.0031170036894428,0.000416753019562245,0.000294718359522125,0.0512,NA,NA,NA,NA,NA,NA,NA,NA,NA,NA,NA,0.0119998447401972,0.00816718104043264,NA,0,0,0,0.441274000000005
155,"core",80,"balanced","70_30","moderate",0,"independent","mlma_cr2",5000,5000,0,0,0,0,-0.000885662896721411,-0.000885662896721411,0.000885662896721411,0.0294688886212433,0.0298405987184211,1.01261364491737,0.0294792488414912,0.9538,0.00296868859936505,0.120316185761732,0.0462,0.00296868859936505,0.000416753019562245,0.000294718359522125,0.0462,NA,43.5307793837303,43.5394655400438,0.198235498225304,42.6496018328936,43.1964155659759,43.2732826691486,44.138200302006,0,0,0,0.0119998447401972,0.00816718104043264,NA,0,0,0,0.495508000000037
156,"core",80,"balanced","70_30","moderate",0.1,"independent","aggregate_hksj",5000,5000,0,0,0,0,0.0994886180548505,-0.000511381945149533,0.000511381945149533,0.0301552215717911,0.0298858832541682,0.991068269321729,0.0301565421104614,0.9488,0.0031170036894428,0.118996446150819,0.903,0.0041854748834511,0.000426459233231926,0.00030158237546352,NA,0.903,78,78,0,78,78,78,78,0,0,0,NA,NA,0.0125198749384713,0,0,0,0.0781660000000338
156,"core",80,"balanced","70_30","moderate",0.1,"independent","che_rve",5000,5000,0,0,0,0,0.0994886181452992,-0.000511381854700829,0.000511381854700829,0.030155222029212,0.029905869510851,0.991731033579542,0.030156542566237,0.9486,0.00312275647465504,0.120601696369531,0.8962,0.00431336434816258,0.000426459239700835,0.000301582380038187,NA,0.8962,43.2495187422759,43.2762444350065,0.497419763397828,40.9379084051948,42.3978662480766,42.5969620566912,44.7428214964811,0,0,0,0.0100234951645761,0.00998545013233176,NA,0,0,0,0.550908000000029
156,"core",80,"balanced","70_30","moderate",0.1,"independent","mlma",5000,5000,0,0,0,0,0.0994959143862386,-0.000504085613761446,0.000504085613761446,0.0301783752128086,0.0299279893910474,0.991703137760218,0.0301795673581475,0.9464,0.00318518570887162,0.1173155626723,0.906,0.00412708129311745,0.000426786675163379,0.000301813935030809,NA,0.906,NA,NA,NA,NA,NA,NA,NA,NA,NA,NA,0.012047039232001,0.00814172128555787,NA,0,0,0,0.439460000000022
156,"core",80,"balanced","70_30","moderate",0.1,"independent","mlma_cr2",5000,5000,0,0,0,0,0.0994959143862386,-0.000504085613761446,0.000504085613761446,0.0301783752128086,0.0299466725335883,0.992322228165486,0.0301795673581475,0.949,0.00311123769583746,0.120744093336219,0.8952,0.00433167311786104,0.000426786675163379,0.000301813935030809,NA,0.8952,43.52790657671,43.538375353019,0.196254807680615,42.6266291519271,43.1895941633377,43.2701097496358,44.1174664997054,0,0,0,0.012047039232001,0.00814172128555787,NA,0,0,0,0.49375199999999
157,"core",80,"balanced","70_30","severe",0,"independent","aggregate_hksj",5000,5000,0,0,0,0,0.000166954294989388,0.000166954294989388,0.000166954294989388,0.0309552409488138,0.031045673069005,1.0029213831784,0.0309525955381337,0.9554,0.00291927525252416,0.123614374457429,0.0446,0.00291927525252416,0.000437773215763395,0.000309583369373147,0.0446,NA,78,78,0,78,78,78,78,0,0,0,NA,NA,0.0124822906970278,0,0,0,0.0785079999999609
157,"core",80,"balanced","70_30","severe",0,"independent","che_rve",5000,5000,0,0,0,0,0.000166951443654601,0.000166951443654601,0.000166951443654601,0.0309552396416068,0.0310326585170864,1.00250099422185,0.0309525942156968,0.956,0.00290048271844533,0.125266060847417,0.044,0.00290048271844533,0.000437773197276696,0.00030958335629977,0.044,NA,41.8767163094114,41.9246285548558,1.38352629317736,35.9271372092629,39.55863022914,40.1025590386135,46.5368567426552,0,0,0,0.00998693330537028,0.00998112427687977,NA,0,0,0,0.556337999999945
157,"core",80,"balanced","70_30","severe",0,"independent","mlma",5000,5000,0,0,0,0,0.000255109291990112,0.000255109291990112,0.000255109291990112,0.0311615581607721,0.0312832641352028,1.0039056446986,0.0311594861834504,0.951,0.00305283474822991,0.122628142047702,0.049,0.00305283474822991,0.000440690981756419,0.000311646747840894,0.049,NA,NA,NA,NA,NA,NA,NA,NA,NA,NA,NA,0.0128587090203829,0.00789610459687616,NA,0,0,0,0.410795999999972
157,"core",80,"balanced","70_30","severe",0,"independent","mlma_cr2",5000,5000,0,0,0,0,0.000255109291990112,0.000255109291990112,0.000255109291990112,0.0311615581607721,0.0312601971545258,1.00316540633959,0.0311594861834504,0.954,0.00296256645495084,0.126070582117726,0.046,0.00296256645495084,0.000440690981756419,0.000311646747840894,0.046,NA,43.1690213066785,43.20230438789,0.62219828575454,40.1835730256992,42.1208100802408,42.3487590162606,45.1608383208748,0,0,0,0.0128587090203829,0.00789610459687616,NA,0,0,0,0.464880000000042
158,"core",80,"balanced","70_30","severe",0.1,"independent","aggregate_hksj",5000,5000,0,0,0,0,0.100829216072168,0.000829216072168404,0.000829216072168404,0.0312316406145099,0.031061909654716,0.994565416466945,0.0312395245113166,0.947,0.00316831185333767,0.12367902357557,0.892,0.00438944187796125,0.000441682097322023,0.000312347642471241,NA,0.892,78,78,0,78,78,78,78,0,0,0,NA,NA,0.0124798518972828,0,0,0,0.0784600000000253
158,"core",80,"balanced","70_30","severe",0.1,"independent","che_rve",5000,5000,0,0,0,0,0.100829216447838,0.000829216447837733,0.000829216447837733,0.0312316429994457,0.0310009078494101,0.992612135389749,0.0312395269051454,0.9474,0.00315699984162179,0.125138529810822,0.8846,0.00451846965243765,0.000441682131050109,0.000312347666322984,NA,0.8846,41.8734018260896,41.9450621252398,1.44222010367871,35.826198514216,39.3750241062057,39.9874031209396,46.4931245724513,0,0,0,0.00998254106368007,0.00998889931804443,NA,0,0,0,0.558016000000005
158,"core",80,"balanced","70_30","severe",0.1,"independent","mlma",5000,5000,0,0,0,0,0.100890580224857,0.000890580224857399,0.000890580224857399,0.0314637561652633,0.0313056769025319,0.99497582990724,0.0314732122855873,0.9424,0.00329491244193226,0.12271599848122,0.8938,0.00435709903490843,0.000444964706921154,0.000314669030129148,NA,0.8938,NA,NA,NA,NA,NA,NA,NA,NA,NA,NA,0.0128811492155411,0.00790224470688044,NA,0,0,0,0.409857999999994
158,"core",80,"balanced","70_30","severe",0.1,"independent","mlma_cr2",5000,5000,0,0,0,0,0.100890580224857,0.000890580224857399,0.000890580224857399,0.0314637561652633,0.0312593881172181,0.993504651924846,0.0314732122855873,0.9456,0.0032075111847038,0.126067721087349,0.8802,0.00459234057970443,0.000444964706921154,0.000314669030129148,NA,0.8802,43.1654941453142,43.2139015033529,0.6501905107202,40.3934411327177,42.0329794091044,42.2978170065376,45.1272309246201,0,0,0,0.0128811492155411,0.00790224470688044,NA,0,0,0,0.463885999999997
159,"core",80,"balanced","70_30","extreme",0,"independent","aggregate_hksj",5000,5000,0,0,0,0,0.000104915322248566,0.000104915322248566,0.000104915322248566,0.0338967925964526,0.0332904327091236,0.982111585171263,0.0338935651273527,0.9474,0.00315699984162179,0.132552320756863,0.0526,0.00315699984162179,0.000479373038108512,0.000339001827842489,0.0526,NA,78,78,0,78,78,78,78,0,0,0,NA,NA,0.0125578827663778,0,0,0,0.0788139999999607
159,"core",80,"balanced","70_30","extreme",0,"independent","che_rve",5000,5000,0,0,0,0,0.000104916399805529,0.000104916399805529,0.000104916399805529,0.0338967991165046,0.0331684455548847,0.978512615332305,0.033893571650057,0.9454,0.00321306209090332,0.134224575619653,0.0546,0.00321306209090332,0.000479373130315972,0.00033900189304953,0.0546,NA,38.7197452391456,38.7937691029684,2.58352659579975,27.4973641023425,34.4599565730274,35.3878338534429,46.6423195965072,0,0,0,0.0100576651579593,0.010000451597727,NA,0,0,0,0.546831999999947
159,"core",80,"balanced","70_30","extreme",0,"independent","mlma",5000,5000,0,0,0,0,-7.15069003765202e-05,-7.15069003765202e-05,7.15069003765202e-05,0.034528527719695,0.0340703589051433,0.986730716749027,0.0345251487452444,0.9444,0.00324063697442339,0.133553352788869,0.0556,0.00324063697442339,0.00048830712189968,0.000345319810904812,0.0556,NA,NA,NA,NA,NA,NA,NA,NA,NA,NA,NA,0.0145713433098723,0.00773769794289828,NA,0,0,0,0.358430000000037
159,"core",80,"balanced","70_30","extreme",0,"independent","mlma_cr2",5000,5000,0,0,0,0,-7.15069003765202e-05,-7.15069003765202e-05,7.15069003765202e-05,0.034528527719695,0.0339888301482737,0.984369516829602,0.0345251487452444,0.9464,0.00318518570887162,0.137166972245801,0.0536,0.00318518570887162,0.00048830712189968,0.000345319810904812,0.0536,NA,42.2047960808083,42.2521358342028,1.21424328846131,36.4662126874116,40.1452707405175,40.6339368274172,46.4128595936073,0,0,0,0.0145713433098723,0.00773769794289828,NA,0,0,0,0.411946000000057
160,"core",80,"balanced","70_30","extreme",0.1,"independent","aggregate_hksj",5000,5000,0,0,0,0,0.0999499914838563,-5.00085161436736e-05,5.00085161436736e-05,0.0331741853765714,0.0332392214169384,1.00196044121743,0.0331709054886317,0.9518,0.00302908435009658,0.132348413054989,0.8406,0.00517671015221057,0.000469153828802265,0.000331775032928048,NA,0.8406,78,78,0,78,78,78,78,0,0,0,NA,NA,0.0125347876613367,0,0,0,0.0745600000000268
160,"core",80,"balanced","70_30","extreme",0.1,"independent","che_rve",5000,5000,0,0,0,0,0.0999499934232403,-5.00065767596869e-05,5.00065767596869e-05,0.033174184159197,0.0331083307379507,0.998014919645641,0.0331709042684566,0.9546,0.00294410733499986,0.133976949016323,0.8312,0.00529729289354478,0.000469153811585991,0.000331775020753087,NA,0.8312,38.7556361029452,38.8308791431245,2.53185296216874,27.2585841327944,34.4901914456062,35.4278989749885,47.6777527290311,0,0,0,0.0100417581229549,0.00997171616931367,NA,0,0,0,0.505137999999952
160,"core",80,"balanced","70_30","extreme",0.1,"independent","mlma",5000,5000,0,0,0,0,0.100037195340736,3.71953407361653e-05,3.71953407361653e-05,0.0337505294386744,0.0340212912255549,1.00802244561445,0.0337471747148813,0.952,0.00302311098043059,0.133361011019272,0.8308,0.00530228931688945,0.000477304564694457,0.000337539049979606,NA,0.8308,NA,NA,NA,NA,NA,NA,NA,NA,NA,NA,0.0145261587645427,0.00770551238924846,NA,0,0,0,0.328093999999906
160,"core",80,"balanced","70_30","extreme",0.1,"independent","mlma_cr2",5000,5000,0,0,0,0,0.100037195340736,3.71953407361653e-05,3.71953407361653e-05,0.0337505294386744,0.0339101157491663,1.00472840909894,0.0337471747148813,0.9554,0.00291927525252416,0.136848133219242,0.8182,0.00545433332314775,0.000477304564694457,0.000337539049979606,NA,0.8182,42.2170658104826,42.2747535716248,1.18480700293312,36.2736902511363,40.2044514103721,40.6914189610438,46.0997777902662,0,0,0,0.0145261587645427,0.00770551238924846,NA,0,0,0,0.379581999999969
161,"core",80,"balanced","85_15","balanced",0,"independent","aggregate_hksj",5000,5000,0,0,0,0,0.000704638927731367,0.000704638927731367,0.000704638927731367,0.0378371191580418,0.0376794763818357,0.995833647494471,0.0378398965733403,0.9482,0.0031342227106573,0.150028150218274,0.0518,0.0031342227106573,0.000535097670744296,0.00037840903437609,0.0518,NA,78,78,0,78,78,78,78,0,0,0,NA,NA,0.0124688745652296,0,0,0,0.0620300000000454
161,"core",80,"balanced","85_15","balanced",0,"independent","che_rve",5000,5000,0,0,0,0,0.000704638927731096,0.000704638927731096,0.000704638927731096,0.0378371191580417,0.037311106961408,0.98609798503854,0.0378398965733402,0.95,0.00308220700148449,0.158918724575364,0.05,0.00308220700148449,0.000535097670744294,0.000378409034376089,0.05,NA,15.1474668584935,15.1474668584935,4.40935147562469e-14,15.1474668584934,15.1474668584934,15.1474668584934,15.1474668584936,0,0,0,0.00996754821132204,0.0100053037233124,NA,0,0,0,0.428721999999959
161,"core",80,"balanced","85_15","balanced",0,"independent","mlma",5000,5000,0,0,0,0,0.000704638927731073,0.000704638927731073,0.000704638927731073,0.0378371191580417,0.0376794807135399,0.995833761977403,0.0378398965733402,0.9442,0.00324611644892786,0.147700850309419,0.0558,0.00324611644892786,0.000535097670744294,0.000378409034376089,0.0558,NA,NA,NA,NA,NA,NA,NA,NA,NA,NA,NA,0.0116510536877094,0.00832180215734421,NA,0,0,0,0.324974000000033
161,"core",80,"balanced","85_15","balanced",0,"independent","mlma_cr2",5000,5000,0,0,0,0,0.000704638927731073,0.000704638927731073,0.000704638927731073,0.0378371191580417,0.037311106961408,0.986097985038541,0.0378398965733402,0.95,0.00308220700148449,0.158918724575364,0.05,0.00308220700148449,0.000535097670744294,0.000378409034376089,0.05,NA,15.1474668584935,15.1474668584935,4.46611657773729e-14,15.1474668584934,15.1474668584934,15.1474668584934,15.1474668584936,0,0,0,0.0116510536877094,0.00832180215734421,NA,0,0,0,0.369368000000014
162,"core",80,"balanced","85_15","balanced",0.1,"independent","aggregate_hksj",5000,5000,0,0,0,0,0.101223940485604,0.00122394048560387,0.00122394048560387,0.0378503078778964,0.0376864148487653,0.995669968401318,0.0378663083439957,0.9482,0.0031342227106573,0.150055777071372,0.7484,0.0061367326811586,0.000535284187409183,0.000378540934765335,NA,0.7484,78,78,0,78,78,78,78,0,0,0,NA,NA,0.012474321307722,0,0,0,0.0452080000000977
162,"core",80,"balanced","85_15","balanced",0.1,"independent","che_rve",5000,5000,0,0,0,0,0.101223940485603,0.0012239404856033,0.0012239404856033,0.0378503078778963,0.0371184537994968,0.980664514519659,0.0378663083439955,0.9494,0.00309966578843591,0.158098159406713,0.702,0.00646832281198148,0.000535284187409181,0.000378540934765334,NA,0.702,15.1474668584935,15.1474668584935,4.427735600038e-14,15.1474668584934,15.1474668584934,15.1474668584934,15.1474668584936,0,0,0,0.00997794926808417,0.00998548657866158,NA,0,0,0,0.307588000000015
162,"core",80,"balanced","85_15","balanced",0.1,"independent","mlma",5000,5000,0,0,0,0,0.101223940485603,0.00122394048560329,0.00122394048560329,0.0378503078778963,0.0376864191553857,0.995670082181648,0.0378663083439956,0.9446,0.00323514574633045,0.147728048501673,0.758,0.00605699595509193,0.000535284187409182,0.000378540934765334,NA,0.758,NA,NA,NA,NA,NA,NA,NA,NA,NA,NA,0.0116614546783688,0.00830198498951717,NA,0,0,0,0.229103999999978
162,"core",80,"balanced","85_15","balanced",0.1,"independent","mlma_cr2",5000,5000,0,0,0,0,0.101223940485603,0.00122394048560329,0.00122394048560329,0.0378503078778963,0.0371184537994968,0.980664514519658,0.0378663083439956,0.9494,0.00309966578843591,0.158098159406713,0.702,0.00646832281198148,0.000535284187409182,0.000378540934765334,NA,0.702,15.1474668584935,15.1474668584935,4.40909235981879e-14,15.1474668584934,15.1474668584934,15.1474668584934,15.1474668584936,0,0,0,0.0116614546783688,0.00830198498951717,NA,0,0,0,0.262571999999866
163,"core",80,"balanced","85_15","moderate",0,"independent","aggregate_hksj",5000,5000,0,0,0,0,-9.90617898916115e-05,-9.90617898916115e-05,9.90617898916115e-05,0.0381999837667925,0.0383936648610713,1.0050701878687,0.0381962920356083,0.95,0.00308220700148449,0.152871830299205,0.05,0.00308220700148449,0.000540229351254301,0.000382038043382645,0.05,NA,78,78,0,78,78,78,78,0,0,0,NA,NA,0.0125519991180541,0,0,0,0.0492600000000413
163,"core",80,"balanced","85_15","moderate",0,"independent","che_rve",5000,5000,0,0,0,0,-9.90615266888252e-05,-9.90615266888252e-05,9.90615266888252e-05,0.0381999838573644,0.0379918733650796,0.994552079051606,0.0381962921254882,0.9474,0.00315699984162179,0.161926789668256,0.0526,0.00315699984162179,0.000540229352535181,0.000382038044288454,0.0526,NA,15.0311879662769,15.0450129336275,0.164413493513578,14.1486561910245,14.7484805713915,14.8188209666046,15.5383147928678,0,0,0,0.0100563398194288,0.00998255791658095,NA,0,0,0,0.329774000000145
163,"core",80,"balanced","85_15","moderate",0,"independent","mlma",5000,5000,0,0,0,0,-0.000135891799677748,-0.000135891799677748,0.000135891799677748,0.0382827423320683,0.0384458048391375,1.00425942597463,0.0382791550765252,0.9468,0.00317394895989208,0.15070478568273,0.0532,0.00317394895989208,0.000541399734108456,0.000382865711806384,0.0532,NA,NA,NA,NA,NA,NA,NA,NA,NA,NA,NA,0.0120832894629029,0.00813725660747361,NA,0,0,0,0.253624000000014
163,"core",80,"balanced","85_15","moderate",0,"independent","mlma_cr2",5000,5000,0,0,0,0,-0.000135891799677748,-0.000135891799677748,0.000135891799677748,0.0382827423320683,0.038034661076221,0.993519762672815,0.0382791550765252,0.9474,0.00315699984162179,0.162020161575067,0.0526,0.00315699984162179,0.000541399734108456,0.000382865711806384,0.0526,NA,15.1265973078292,15.131115488205,0.0601498611440675,14.8339547002047,15.0234407283236,15.0471684364395,15.30587035188,0,0,0,0.0120832894629029,0.00813725660747361,NA,0,0,0,0.289067999999807
164,"core",80,"balanced","85_15","moderate",0.1,"independent","aggregate_hksj",5000,5000,0,0,0,0,0.0996238880776038,-0.000376111922396172,0.000376111922396172,0.0385041752506438,0.0383370819765183,0.99566038558058,0.0385021617264293,0.9488,0.0031170036894428,0.15264653455949,0.7242,0.00632035378756601,0.00054453126847451,0.000385080262458278,NA,0.7242,78,78,0,78,78,78,78,0,0,0,NA,NA,0.0125063462368633,0,0,0,0.041786000000019
164,"core",80,"balanced","85_15","moderate",0.1,"independent","che_rve",5000,5000,0,0,0,0,0.0996238883424952,-0.000376111657504827,0.000376111657504827,0.0385041754796821,0.0376916283133797,0.978897167484312,0.0385021619528461,0.9476,0.00315132480077824,0.160647634598418,0.6798,0.00659805971479495,0.0005445312717136,0.000385080264748889,NA,0.6798,15.0312582710799,15.044143241157,0.165359977985309,14.2538788210468,14.7416166623457,14.8171337599325,15.5350921051658,0,0,0,0.0100024829735572,0.0100153787572723,NA,0,0,0,0.275949999999951
164,"core",80,"balanced","85_15","moderate",0.1,"independent","mlma",5000,5000,0,0,0,0,0.0996049901803621,-0.000395009819637915,0.000395009819637915,0.0385463847518703,0.0383921326995119,0.995998274459425,0.0385445540309049,0.9442,0.00324611644892786,0.150494394761452,0.735,0.00624139407504445,0.000545128200965465,0.000385502399686377,NA,0.735,NA,NA,NA,NA,NA,NA,NA,NA,NA,NA,0.0120293985595536,0.00817340721847009,NA,0,0,0,0.212679999999874
164,"core",80,"balanced","85_15","moderate",0.1,"independent","mlma_cr2",5000,5000,0,0,0,0,0.0996049901803621,-0.000395009819637915,0.000395009819637915,0.0385463847518703,0.0377403092440649,0.97908816837184,0.0385445540309049,0.9476,0.00315132480077824,0.160766233327204,0.6794,0.00660023696544298,0.000545128200965465,0.000385502399686377,NA,0.6794,15.1268039566042,15.1313282963627,0.0608074385659643,14.8276177382497,15.019032072233,15.0474676421556,15.3108700155959,0,0,0,0.0120293985595536,0.00817340721847009,NA,0,0,0,0.243191999999963
165,"core",80,"balanced","85_15","severe",0,"independent","aggregate_hksj",5000,5000,0,0,0,0,6.73201710488305e-05,6.73201710488305e-05,6.73201710488305e-05,0.0401607577193139,0.0399482606913081,0.994708839173529,0.0401567978716275,0.952,0.00302311098043059,0.159061755402832,0.048,0.00302311098043059,0.000567958882418337,0.000401647743975976,0.048,NA,78,78,0,78,78,78,78,0,0,0,NA,NA,0.0125029958833584,0,0,0,0.0427100000000093
165,"core",80,"balanced","85_15","severe",0,"independent","che_rve",5000,5000,0,0,0,0,6.73187680828729e-05,6.73187680828729e-05,6.73187680828729e-05,0.0401607593995797,0.0393968253486558,0.980978097467653,0.0401567995493709,0.951,0.00305283474822991,0.168445116951539,0.049,0.00305283474822991,0.000567958906180883,0.000401647760780314,0.049,NA,14.5259226600769,14.5771166650668,0.548787401566846,11.918907177391,13.5497026776445,13.7781132195903,16.0727907134767,0,0,0,0.0100014914666792,0.0100057016379169,NA,0,0,0,0.281240000000052
165,"core",80,"balanced","85_15","severe",0,"independent","mlma",5000,5000,0,0,0,0,0.00014681031148172,0.00014681031148172,0.00014681031148172,0.0403784191749786,0.0402289958384379,0.996299425792447,0.040374648047888,0.95,0.00308220700148449,0.1576947659551,0.05,0.00308220700148449,0.000571037080244406,0.000403824576226734,0.05,NA,NA,NA,NA,NA,NA,NA,NA,NA,NA,NA,0.0129033082695828,0.00791837455354369,NA,0,0,0,0.200224000000008
165,"core",80,"balanced","85_15","severe",0,"independent","mlma_cr2",5000,5000,0,0,0,0,0.00014681031148172,0.00014681031148172,0.00014681031148172,0.0403784191749786,0.0397445040405376,0.984300645062554,0.040374648047888,0.9528,0.00299907185642492,0.16944184190705,0.0472,0.00299907185642492,0.000571037080244406,0.000403824576226734,0.0472,NA,14.9899107096807,15.0280444636796,0.233106682713197,13.8024594546397,14.5458557625675,14.6610987259257,15.6063334677752,0,0,0,0.0129033082695828,0.00791837455354369,NA,0,0,0,0.23068000000006
166,"core",80,"balanced","85_15","severe",0.1,"independent","aggregate_hksj",5000,5000,0,0,0,0,0.0997208661537733,-0.000279133846226728,0.000279133846226728,0.0402947765883163,0.0399338500457089,0.991042845421508,0.0402917138156516,0.9438,0.00325704037432759,0.15900437661973,0.6918,0.0065301264918836,0.000569854195439907,0.000402988066704975,NA,0.6918,78,78,0,78,78,78,78,0,0,0,NA,NA,0.0125176035133596,0,0,0,0.0493880000000583
166,"core",80,"balanced","85_15","severe",0.1,"independent","che_rve",5000,5000,0,0,0,0,0.0997208676638192,-0.000279132336180765,0.000279132336180765,0.0402947759000199,0.0395082285545781,0.980480165781455,0.0402917131169793,0.9478,0.00314563697841948,0.168911711498983,0.645,0.00676720030736493,0.000569854185705927,0.000402988059821323,NA,0.645,14.5373874352407,14.5940939427564,0.551909945485135,11.2315129931643,13.5231206220955,13.7810338406205,15.8409162742785,0,0,0,0.0100161966634285,0.0100053277973706,NA,0,0,0,0.33389400000003
166,"core",80,"balanced","85_15","severe",0.1,"independent","mlma",5000,5000,0,0,0,0,0.0996138243437046,-0.000386175656295368,0.000386175656295368,0.0405216744199993,0.0402183477488388,0.992514458607594,0.040519462338713,0.941,0.00333223648620562,0.157653026210863,0.6958,0.00650634090714589,0.000573063015348299,0.000405257271953677,NA,0.6958,NA,NA,NA,NA,NA,NA,NA,NA,NA,NA,0.0129018407760775,0.00791274144213159,NA,0,0,0,0.243285999999852
166,"core",80,"balanced","85_15","severe",0.1,"independent","mlma_cr2",5000,5000,0,0,0,0,0.0996138243437046,-0.000386175656295368,0.000386175656295368,0.0405216744199993,0.0397893606171802,0.981927849396626,0.040519462338713,0.9476,0.00315132480077824,0.169629575336236,0.639,0.0067923339140534,0.000573063015348299,0.000405257271953677,NA,0.639,14.9941257075461,15.0362442827923,0.234871459279358,13.486379161275,14.5480377354986,14.6553219147989,15.5184104957749,0,0,0,0.0129018407760775,0.00791274144213159,NA,0,0,0,0.278101999999873
167,"core",80,"balanced","85_15","extreme",0,"independent","aggregate_hksj",5000,5000,0,0,0,0,0.000496163260648629,0.000496163260648629,0.000496163260648629,0.0437845893329927,0.0427413998188395,0.976174505001762,0.0437830220860486,0.9444,0.00324063697442339,0.17018318109249,0.0556,0.00324063697442339,0.000619207600576546,0.000437889684488043,0.0556,NA,78,78,0,78,78,78,78,0,0,0,NA,NA,0.0125149722435579,0,0,0,0.0825459999999945
167,"core",80,"balanced","85_15","extreme",0,"independent","che_rve",5000,5000,0,0,0,0,0.000496163233522912,0.000496163233522912,0.000496163233522912,0.0437845906061001,0.0421082576131175,0.961714087769749,0.0437830233586396,0.9448,0.00322964270469661,0.181473953362928,0.0552,0.0032296427046966,0.000619207618581004,0.000437889697220391,0.0552,NA,13.4245701600238,13.4505854970429,1.0326195583394,8.87567677110069,11.6851851015275,12.0831848425435,16.5371346418981,0,0,0.0022,0.0100129465865398,0.0100076967473884,NA,0,0,0,0.585196000000003
167,"core",80,"balanced","85_15","extreme",0,"independent","mlma",5000,5000,0,0,0,0,0.000629936398713273,0.000629936398713273,0.000629936398713273,0.0445418903715654,0.0436700743688052,0.980427054274357,0.0445418906394801,0.9418,0.00331097447891101,0.171183545930088,0.0582,0.003310974478911,0.000629917454572034,0.000445463452288423,0.0582,NA,NA,NA,NA,NA,NA,NA,NA,NA,NA,NA,0.014493871901325,0.00775136506144628,NA,0,0,0,0.378199999999998
167,"core",80,"balanced","85_15","extreme",0,"independent","mlma_cr2",5000,5000,0,0,0,0,0.000629936398713273,0.000629936398713273,0.000629936398713273,0.0445418903715654,0.0431151650528739,0.967968909563785,0.0445418906394801,0.9472,0.00316266216975509,0.184189512285885,0.0528,0.00316266216975509,0.000629917454572034,0.000445463452288423,0.0528,NA,14.6579194177552,14.6835933421335,0.446734131763196,12.1265654701452,13.8909934993101,14.0786818707171,15.9246656545313,0,0,0,0.014493871901325,0.00775136506144628,NA,0,0,0,0.433916
168,"core",80,"balanced","85_15","extreme",0.1,"independent","aggregate_hksj",5000,5000,0,0,0,0,0.100508070546964,0.000508070546963696,0.000508070546963696,0.0427338826802843,0.0426363167659764,0.997716895629685,0.0427326295430928,0.9496,0.00309385972532693,0.169764772516942,0.6358,0.00680526795945611,0.000604348364593188,0.000427381567096674,NA,0.6358,78,78,0,78,78,78,78,0,0,0,NA,NA,0.012457275505837,0,0,0,0.0790840000000055
168,"core",80,"balanced","85_15","extreme",0.1,"independent","che_rve",5000,5000,0,0,0,0,0.100508069125722,0.00050806912572221,0.00050806912572221,0.0427338864860004,0.0419027498808972,0.980550877220694,0.0427326333312615,0.951,0.00305283474822991,0.180576341287831,0.5848,0.00696862913348099,0.000604348418414141,0.000427381605157641,NA,0.5848,13.4351218745173,13.4654725507368,1.0313654105871,9.56103001989007,11.6845575217811,12.078374517307,16.8442491622982,0,0,4e-04,0.0099528177891515,0.0100174272924759,NA,0,0,0,0.540955999999985
168,"core",80,"balanced","85_15","extreme",0.1,"independent","mlma",5000,5000,0,0,0,0,0.100552901626541,0.000552901626541244,0.000552901626541244,0.0435895299934648,0.043577794635548,0.999730775763846,0.0435886776105308,0.9472,0.00316266216975509,0.170821816022714,0.6318,0.00682097881539006,0.000616449044942268,0.000435938896004161,NA,0.6318,NA,NA,NA,NA,NA,NA,NA,NA,NA,NA,0.0144219383112621,0.00775378304309675,NA,0,0,0,0.352623999999989
168,"core",80,"balanced","85_15","extreme",0.1,"independent","mlma_cr2",5000,5000,0,0,0,0,0.100552901626541,0.000552901626541244,0.000552901626541244,0.0435895299934648,0.0429313225173636,0.98489987214361,0.0435886776105308,0.954,0.00296256645495084,0.183401438092004,0.5772,0.00698627454370353,0.000616449044942268,0.000435938896004161,NA,0.5772,14.6618683090609,14.6839687486996,0.444384175945445,12.7705986660557,13.8933818169405,14.0828515341617,16.0228295796939,0,0,0,0.0144219383112621,0.00775378304309675,NA,0,0,0,0.406320000000008
169,"core",80,"moderate","50_50","balanced",0,"independent","aggregate_hksj",5000,5000,0,0,0,0,0.00115365669137152,0.00115365669137152,0.00115365669137152,0.0285221193082118,0.0285819939487151,1.00209923532878,0.0285425911811707,0.9528,0.00299907185642492,0.113804757747186,0.0472,0.00299907185642492,0.000403363679532966,0.000285249719480457,0.0472,NA,78,78,0,78,78,78,78,0,0,0,NA,NA,0.013971661141989,0,0,0,0.0784419999999882
169,"core",80,"moderate","50_50","balanced",0,"independent","che_rve",5000,5000,0,0,0,0,0.00108893122408614,0.00108893122408614,0.00108893122408614,0.028068159492646,0.0279820079944401,0.996930632440347,0.0280864697710471,0.9494,0.00309966578843591,0.111488663129802,0.0506,0.00309966578843591,0.000396943718253512,0.000280709667296879,0.0506,NA,74.8407512290015,74.9466339878786,0.879202693226496,70.6788695088545,73.2250249403178,73.6716244226069,76.7780920075953,0,0,0,0.00997656086598908,0.00999904114262955,NA,0,0,0,0.554267999999994
169,"core",80,"moderate","50_50","balanced",0,"independent","mlma",5000,5000,0,0,0,0,0.00108893092060837,0.00108893092060837,0.00108893092060837,0.0280681595124019,0.0279819891003752,0.996929958589247,0.0280864697790201,0.947,0.00316831185333767,0.109687381705056,0.053,0.00316831185333767,0.000396943718532902,0.000280709667494457,0.053,NA,NA,NA,NA,NA,NA,NA,NA,NA,NA,NA,0.0116600655959474,0.00831554039224796,NA,0,0,0,0.406502
169,"core",80,"moderate","50_50","balanced",0,"independent","mlma_cr2",5000,5000,0,0,0,0,0.00108893092060837,0.00108893092060837,0.00108893092060837,0.0280681595124019,0.0279820079795204,0.996930631207098,0.0280864697790201,0.9494,0.00309966578843591,0.111488663056317,0.0506,0.00309966578843591,0.000396943718532902,0.000280709667494457,0.0506,NA,74.8407518022502,74.9466252674679,0.879203042979759,70.6788745916716,73.2250235836013,73.6716249671782,76.7780925746579,0,0,0,0.0116600655959474,0.00831554039224796,NA,0,0,0,0.460429999999997
170,"core",80,"moderate","50_50","balanced",0.1,"independent","aggregate_hksj",5000,5000,0,0,0,0,0.100231352673967,0.000231352673967442,0.000231352673967442,0.0285594648671267,0.028607712917796,1.00168938917076,0.0285575459195936,0.95,0.00308220700148449,0.113907162815601,0.929,0.00363205176174569,0.000403891825492084,0.000285623212420768,NA,0.929,78,78,0,78,78,78,78,0,0,0,NA,NA,0.0140003579558371,0,0,0,0.0782200000000383
170,"core",80,"moderate","50_50","balanced",0.1,"independent","che_rve",5000,5000,0,0,0,0,0.10036106380439,0.000361063804389591,0.000361063804389591,0.0280297796617512,0.0280138858761797,0.999432967873335,0.0280293021898082,0.9498,0.00308804015517933,0.111615784467733,0.938,0.00341045451516363,0.000396400945479781,0.000280325830602342,NA,0.938,74.8348135468769,74.9455079416177,0.892161308883971,69.6976790593416,73.1848710448541,73.6611482107811,76.9744679226391,0,0,0,0.0100002862502456,0.0100305646875625,NA,0,0,0,0.559018000000042
170,"core",80,"moderate","50_50","balanced",0.1,"independent","mlma",5000,5000,0,0,0,0,0.100361063680654,0.000361063680653945,0.000361063680653945,0.0280297796644808,0.0280119236667018,0.999362963319985,0.0280293021909433,0.9474,0.00315699984162179,0.109804723048841,0.9402,0.00335332551357604,0.000396400945518383,0.00028032583062964,NA,0.9402,NA,NA,NA,NA,NA,NA,NA,NA,NA,NA,0.0116837895738456,0.00834706381299914,NA,0,0,0,0.410545999999972
170,"core",80,"moderate","50_50","balanced",0.1,"independent","mlma_cr2",5000,5000,0,0,0,0,0.100361063680654,0.000361063680653945,0.000361063680653945,0.0280297796644808,0.0280138859474706,0.999432970319408,0.0280293021909433,0.9498,0.00308804015517933,0.11161578474562,0.938,0.00341045451516363,0.000396400945518383,0.00028032583062964,NA,0.938,74.8348138017489,74.9455095494856,0.892161444609446,69.6976790206443,73.1848710346924,73.6611487616588,76.9744698437786,0,0,0,0.0116837895738456,0.00834706381299914,NA,0,0,0,0.464967999999959
171,"core",80,"moderate","50_50","moderate",0,"independent","aggregate_hksj",5000,5000,0,0,0,0,0.00022061926708489,0.00022061926708489,0.00022061926708489,0.0290895246416309,0.0290201454825857,0.99761497790356,0.0290874522199571,0.9516,0.00303504332753257,0.115549343140989,0.0484,0.00303504332753257,0.000411388002711808,0.000290924340305107,0.0484,NA,78,78,0,78,78,78,78,0,0,0,NA,NA,0.0139442402241946,0,0,0,0.0784299999999996
171,"core",80,"moderate","50_50","moderate",0,"independent","che_rve",5000,5000,0,0,0,0,0.000207064504640991,0.000207064504640991,0.000207064504640991,0.0285571885804987,0.0284601323653985,0.996601338579719,0.028555083483109,0.9502,0.00307636018697421,0.113408114452804,0.0498,0.00307636018697421,0.000403859633937873,0.00028560044727786,0.0498,NA,74.2538243679029,74.3886196830052,1.06981126067731,68.6852676781021,72.2594393119523,72.8411360028775,76.7294366285403,0,0,0,0.00999824750235086,0.0100054509923029,NA,0,0,0,0.556118000000015
171,"core",80,"moderate","50_50","moderate",0,"independent","mlma",5000,5000,0,0,0,0,0.000164861883307705,0.000164861883307705,0.000164861883307705,0.0286244232424702,0.0285036031863053,0.995779126966456,0.0286220354601737,0.9452,0.00321860093829602,0.111732071349559,0.0548,0.00321860093829602,0.00040481047564609,0.000286272861142324,0.0548,NA,NA,NA,NA,NA,NA,NA,NA,NA,NA,NA,0.0120268715897256,0.00815169948759302,NA,0,0,0,0.431378000000022
171,"core",80,"moderate","50_50","moderate",0,"independent","mlma_cr2",5000,5000,0,0,0,0,0.000164861883307705,0.000164861883307705,0.000164861883307705,0.0286244232424702,0.028502713902643,0.995748059662328,0.0286220354601737,0.9502,0.00307636018697421,0.113568093491278,0.0498,0.00307636018697421,0.00040481047564609,0.000286272861142324,0.0498,NA,74.6475348222836,74.7501677816307,0.931986813687893,69.9173379084539,72.9008527895173,73.4199098027572,76.8656623176593,0,0,0,0.0120268715897256,0.00815169948759302,NA,0,0,0,0.485820000000013
172,"core",80,"moderate","50_50","moderate",0.1,"independent","aggregate_hksj",5000,5000,0,0,0,0,0.10025233704877,0.000252337048769577,0.000252337048769577,0.029071480123122,0.0290339808483312,0.998710100943192,0.0290696680466763,0.9494,0.00309966578843591,0.11560443133567,0.9286,0.0036414843127494,0.00041113281468379,0.000290743877072792,NA,0.9286,78,78,0,78,78,78,78,0,0,0,NA,NA,0.0139566397419692,0,0,0,0.079052000000023
172,"core",80,"moderate","50_50","moderate",0.1,"independent","che_rve",5000,5000,0,0,0,0,0.100213673380634,0.000213673380633703,0.000213673380633703,0.028636254215096,0.0284606207336134,0.993866743877764,0.028634187691885,0.9492,0.00310545842026584,0.113410056611821,0.9352,0.00348140661227613,0.000404977790865525,0.000286391182701329,NA,0.9352,74.2526303104483,74.3965023151649,1.08734219986183,68.2296946055673,72.2585584055678,72.8785930117485,76.6364531737223,0,0,0,0.00999943616671242,0.00999466628734054,NA,0,0,0,0.558660000000032
172,"core",80,"moderate","50_50","moderate",0.1,"independent","mlma",5000,5000,0,0,0,0,0.100228685601576,0.000228685601576406,0.000228685601576406,0.0286875834958645,0.0285011641364072,0.99350174058808,0.0286856261644608,0.9452,0.00321860093829602,0.111722510449646,0.939,0.00338464178311384,0.000405703696515621,0.000286904526845995,NA,0.939,NA,NA,NA,NA,NA,NA,NA,NA,NA,NA,0.0120256383382133,0.00814769533152738,NA,0,0,0,0.429497999999979
172,"core",80,"moderate","50_50","moderate",0.1,"independent","mlma_cr2",5000,5000,0,0,0,0,0.100228685601576,0.000228685601576406,0.000228685601576406,0.0286875834958645,0.0285026748714713,0.993554402223531,0.0286856261644608,0.9484,0.00312849612433834,0.113567991389741,0.9346,0.00349636496950762,0.000405703696515621,0.000286904526845995,NA,0.9346,74.6443869263937,74.7505058518213,0.945463180311937,69.8001142459116,72.943992755982,73.4462628423557,76.7599979488609,0,0,0,0.0120256383382133,0.00814769533152738,NA,0,0,0,0.484065999999957
173,"core",80,"moderate","50_50","severe",0,"independent","aggregate_hksj",5000,5000,0,0,0,0,-0.000926787627561871,-0.000926787627561871,0.000926787627561871,0.0301272600979162,0.0301923974228225,1.00216207264433,0.0301385003932493,0.9508,0.00305873699425106,0.120216891819248,0.0492,0.00305873699425106,0.000426063798276148,0.000301302732759102,0.0492,NA,78,78,0,78,78,78,78,0,0,0,NA,NA,0.0139603653610187,0,0,0,0.079386000000035
173,"core",80,"moderate","50_50","severe",0,"independent","che_rve",5000,5000,0,0,0,0,-0.000986396952787066,-0.000986396952787066,0.000986396952787066,0.0298348517187905,0.0296619344866249,0.994204186640664,0.0298481713402223,0.952,0.00302311098043059,0.118262676154119,0.048,0.00302311098043059,0.000421928519321038,0.000298378356515598,0.048,NA,71.8149163256927,72.0657271245278,1.63105771093897,62.9851818420058,68.9060722558783,69.6540480549137,75.6202414612739,0,0,0,0.010054517086576,0.0100046156333103,NA,0,0,0,0.569156000000023
173,"core",80,"moderate","50_50","severe",0,"independent","mlma",5000,5000,0,0,0,0,-0.000938379821695734,-0.000938379821695734,0.000938379821695734,0.0299163570394634,0.029901112679052,0.99949043393247,0.0299280800840735,0.9488,0.0031170036894428,0.117210207897232,0.0512,0.0031170036894428,0.00042308117862005,0.000299193491239875,0.0512,NA,NA,NA,NA,NA,NA,NA,NA,NA,NA,NA,0.0129586526308428,0.00789227203092743,NA,0,0,0,0.409678
173,"core",80,"moderate","50_50","severe",0,"independent","mlma_cr2",5000,5000,0,0,0,0,-0.000938379821695734,-0.000938379821695734,0.000938379821695734,0.0299163570394634,0.0299007042019292,0.999476779959755,0.0299280800840735,0.9508,0.00305873699425106,0.119161576772669,0.0492,0.00305873699425106,0.00042308117862005,0.000299193491239875,0.0492,NA,73.7633884141121,73.8976571343093,1.14802711890237,68.1515646119885,71.6625864437821,72.2645330718103,76.5554884099612,0,0,0,0.0129586526308428,0.00789227203092743,NA,0,0,0,0.464000000000022
174,"core",80,"moderate","50_50","severe",0.1,"independent","aggregate_hksj",5000,5000,0,0,0,0,0.100357983560476,0.000357983560476116,0.000357983560476116,0.0299038506914258,0.0301250846082874,1.00739817487535,0.0299030030322612,0.9514,0.0030409879973456,0.119948872780226,0.9098,0.00405127041802939,0.000422904312149945,0.000299068415251275,NA,0.9098,78,78,0,78,78,78,78,0,0,0,NA,NA,0.0138804767792014,0,0,0,0.0796699999999633
174,"core",80,"moderate","50_50","severe",0.1,"independent","che_rve",5000,5000,0,0,0,0,0.100399227769401,0.000399227769400934,0.000399227769400934,0.0294887516174565,0.029596067764485,1.00363922313229,0.0294885051752969,0.9512,0.00304691844328003,0.118000817564642,0.9186,0.0038671446830963,0.000417033924748585,0.000294917009350232,NA,0.9186,71.7887106087132,71.9931738178745,1.63064203795685,63.9795135262381,68.8123638958299,69.6906116649744,75.9845371564473,0,0,0,0.00998304932874323,0.00998858746079169,NA,0,0,0,0.567926000000015
174,"core",80,"moderate","50_50","severe",0.1,"independent","mlma",5000,5000,0,0,0,0,0.100384249247809,0.000384249247808999,0.000384249247808999,0.0297424332046311,0.0298314793922346,1.00299391065253,0.0297419410588785,0.9482,0.0031342227106573,0.116937250428657,0.921,0.0038146821623826,0.000420621524159652,0.000297454078941625,NA,0.921,NA,NA,NA,NA,NA,NA,NA,NA,NA,NA,0.0128817512633428,0.00788040681102154,NA,0,0,0,0.410068000000008
174,"core",80,"moderate","50_50","severe",0.1,"independent","mlma_cr2",5000,5000,0,0,0,0,0.100384249247809,0.000384249247808999,0.000384249247808999,0.0297424332046311,0.0298322051530466,1.00301831218037,0.0297419410588785,0.9496,0.00309385972532693,0.118889031618241,0.9164,0.00391435920681789,0.000420621524159652,0.000297454078941625,NA,0.9164,73.7475354904934,73.8583831454552,1.1437576005928,68.3055092577689,71.7167713509776,72.2676760145724,76.7845004382146,0,0,0,0.0128817512633428,0.00788040681102154,NA,0,0,0,0.464597999999984
175,"core",80,"moderate","50_50","extreme",0,"independent","aggregate_hksj",5000,5000,0,0,0,0,-0.000115884192951674,-0.000115884192951674,0.000115884192951674,0.0320790779852788,0.0322412582807372,1.00505564079905,0.0320760792504773,0.9492,0.00310545842026584,0.128374829086013,0.0508,0.00310545842026584,0.000453666671552055,0.000320822863743437,0.0508,NA,78,78,0,78,78,78,78,0,0,0,NA,NA,0.0139873094278411,0,0,0,0.0800519999999597
175,"core",80,"moderate","50_50","extreme",0,"independent","che_rve",5000,5000,0,0,0,0,-0.000149303925206869,-0.000149303925206869,0.000149303925206869,0.0315944343575385,0.0317025491711382,1.00342195756304,0.031591627567734,0.9498,0.00308804015517933,0.126576787248015,0.0502,0.00308804015517933,0.000446812775639374,0.000315975942749697,0.0502,NA,66.3280524247606,66.6567354334878,2.64244567753742,43.0185957505243,61.4294249652923,62.8772164306886,72.3260161916721,0,0,0,0.0100716076238181,0.0100030289588543,NA,0,0,0,0.564273999999982
175,"core",80,"moderate","50_50","extreme",0,"independent","mlma",5000,5000,0,0,0,0,-0.000138881310875261,-0.000138881310875261,0.000138881310875261,0.0322809853151525,0.0324983255843679,1.00673276441514,0.032278055835707,0.9468,0.00317394895989208,0.127391095406435,0.0532,0.00317394895989208,0.000456522072394554,0.000322842138979795,0.0532,NA,NA,NA,NA,NA,NA,NA,NA,NA,NA,NA,0.0146362294309554,0.00770643578085964,NA,0,0,0,0.38194599999999
175,"core",80,"moderate","50_50","extreme",0,"independent","mlma_cr2",5000,5000,0,0,0,0,-0.000138881310875261,-0.000138881310875261,0.000138881310875261,0.0322809853151525,0.0324977660180843,1.0067154301771,0.032278055835707,0.9494,0.00309966578843591,0.129571182365149,0.0506,0.00309966578843591,0.000456522072394554,0.000322842138979795,0.0506,NA,71.7571449995463,71.9652825929071,1.63110817583427,62.8904583408149,68.7606619297688,69.5732278296484,75.8769179556124,0,0,0,0.0146362294309554,0.00770643578085964,NA,0,0,0,0.436597999999962
176,"core",80,"moderate","50_50","extreme",0.1,"independent","aggregate_hksj",5000,5000,0,0,0,0,0.100038838312415,3.88383124150515e-05,3.88383124150515e-05,0.0321845039300884,0.0321667652931,0.999448845412471,0.032181308754955,0.9514,0.0030409879973456,0.128078220793844,0.8626,0.00486870085341049,0.000455157619561812,0.000321877228633295,NA,0.8626,78,78,0,78,78,78,78,0,0,0,NA,NA,0.0139393700910995,0,0,0,0.078410000000002
176,"core",80,"moderate","50_50","extreme",0.1,"independent","che_rve",5000,5000,0,0,0,0,0.100109819485082,0.000109819485082485,0.000109819485082485,0.0317056045824667,0.0316777452797349,0.999121312995015,0.0317026240741464,0.9514,0.0030409879973456,0.126478806427646,0.8778,0.00463178496910208,0.000448384960037629,0.000317087756185883,NA,0.8778,66.2917876535561,66.6578117048307,2.72537529025886,49.0530078921881,61.3217198242435,62.7774375920141,72.6888080132415,0,0,0,0.0100632378885472,0.00999249725027537,NA,0,0,0,0.546578000000042
176,"core",80,"moderate","50_50","extreme",0.1,"independent","mlma",5000,5000,0,0,0,0,0.10009172836565,9.17283656497597e-05,9.17283656497597e-05,0.0324503191694363,0.0324606851894124,1.00031944277411,0.0324472036337264,0.9464,0.00318518570887162,0.127243547769482,0.8698,0.00475915874919087,0.000458916814727525,0.000324535646881892,NA,0.8698,NA,NA,NA,NA,NA,NA,NA,NA,NA,NA,0.0145985122133582,0.00769503328336728,NA,0,0,0,0.365661999999982
176,"core",80,"moderate","50_50","extreme",0.1,"independent","mlma_cr2",5000,5000,0,0,0,0,0.10009172836565,9.17283656497597e-05,9.17283656497597e-05,0.0324503191694363,0.0324582947744291,1.00024577893829,0.0324472036337264,0.9506,0.0030646252625729,0.129414116571163,0.8618,0.00488058930867984,0.000458916814727525,0.000324535646881892,NA,0.8618,71.7449016396102,71.916405037085,1.61869811312672,60.7277160781578,68.8599963990112,69.6526344062965,76.0530794269294,0,0,0,0.0145985122133582,0.00769503328336728,NA,0,0,0,0.419213999999993
177,"core",80,"moderate","70_30","balanced",0,"independent","aggregate_hksj",5000,5000,0,0,0,0,-0.000168420883314856,-0.000168420883314856,0.000168420883314856,0.031115429347307,0.0311761834701213,1.00195254007702,0.031112773503378,0.9532,0.00298696367570816,0.124134026956453,0.0468,0.00298696367570816,0.000440038621820234,0.00031118541357051,0.0468,NA,78,78,0,78,78,78,78,0,0,0,NA,NA,0.0139630969564363,0,0,0,0.0707479999999778
177,"core",80,"moderate","70_30","balanced",0,"independent","che_rve",5000,5000,0,0,0,0,-0.000152842768212496,-0.000152842768212496,0.000152842768212496,0.0305834710038781,0.0304753186196784,0.996463698179125,0.0305807944602019,0.9512,0.00304691844328003,0.123018586591514,0.0488,0.00304691844328003,0.000432515594781286,0.00030586529809807,0.0488,NA,41.8503597416523,41.9045241673807,1.36917373185346,35.8672771904455,39.5269784928172,40.0604122558416,46.6072752421488,0,0,0,0.00999184271016016,0.00999840389631214,NA,0,0,0,0.491036000000038
177,"core",80,"moderate","70_30","balanced",0,"independent","mlma",5000,5000,0,0,0,0,-0.000152842644855229,-0.000152842644855229,0.000152842644855229,0.0305834708220671,0.0305514565624533,0.998953216925572,0.0305807942777949,0.949,0.00311123769583746,0.119759509075297,0.051,0.00311123769583746,0.000432515592210092,0.000305865296279779,0.051,NA,NA,NA,NA,NA,NA,NA,NA,NA,NA,NA,0.011675347505909,0.00831490269982459,NA,0,0,0,0.358878000000019
177,"core",80,"moderate","70_30","balanced",0,"independent","mlma_cr2",5000,5000,0,0,0,0,-0.000152842644855229,-0.000152842644855229,0.000152842644855229,0.0305834708220671,0.0304753185843694,0.996463702948337,0.0305807942777949,0.9512,0.00304691844328003,0.123018586413658,0.0488,0.00304691844328003,0.000432515592210092,0.000305865296279779,0.0488,NA,41.8503601093967,41.9045243271383,1.36917363023389,35.8672775703104,39.5269779207114,40.0604107552628,46.6072787006711,0,0,0,0.011675347505909,0.00831490269982459,NA,0,0,0,0.409021999999975
178,"core",80,"moderate","70_30","balanced",0.1,"independent","aggregate_hksj",5000,5000,0,0,0,0,0.0997061025209066,-0.000293897479093433,0.000293897479093433,0.0315769549761685,0.0311698685493699,0.987108116437896,0.031575164931922,0.948,0.00313993630508646,0.124108882873518,0.8798,0.00459895553359673,0.00044656557985742,0.000315801131453994,NA,0.8798,78,78,0,78,78,78,78,0,0,0,NA,NA,0.0139616979517611,0,0,0,0.0531059999999852
178,"core",80,"moderate","70_30","balanced",0.1,"independent","che_rve",5000,5000,0,0,0,0,0.0997469107430736,-0.000253089256926395,0.000253089256926395,0.0310653756838433,0.0304538445065578,0.980314702017155,0.0310633000345588,0.9484,0.00312849612433834,0.122927390687482,0.8856,0.00450139178477057,0.000439330756123066,0.0003106848268747,NA,0.8856,41.9008752973602,41.9413767834732,1.36948657208606,35.480441399226,39.6362835338488,40.1356260330218,46.6767423322162,0,0,0,0.00999794340704981,0.0100054252793612,NA,0,0,0,0.361740000000074
178,"core",80,"moderate","70_30","balanced",0.1,"independent","mlma",5000,5000,0,0,0,0,0.0997469109205641,-0.000253089079435928,0.000253089079435928,0.0310653756386244,0.0305509935571483,0.983441948764446,0.0310632999878998,0.945,0.0032241277890307,0.119757694127852,0.9006,0.00423130334530627,0.000439330755483574,0.000310684826422466,NA,0.9006,NA,NA,NA,NA,NA,NA,NA,NA,NA,NA,0.0116814476364347,0.00832192429695946,NA,0,0,0,0.261511999999933
178,"core",80,"moderate","70_30","balanced",0.1,"independent","mlma_cr2",5000,5000,0,0,0,0,0.0997469109205641,-0.000253089079435928,0.000253089079435928,0.0310653756386244,0.0304538444952276,0.980314703079383,0.0310632999878998,0.9484,0.00312849612433834,0.122927390616917,0.8856,0.00450139178477057,0.000439330755483574,0.000310684826422466,NA,0.8856,41.9008755479053,41.9413746926488,1.36948643248248,35.4804463532811,39.6362819891106,40.1356244640319,46.6767422733052,0,0,0,0.0116814476364347,0.00832192429695946,NA,0,0,0,0.299755999999907
179,"core",80,"moderate","70_30","moderate",0,"independent","aggregate_hksj",5000,5000,0,0,0,0,0.000919975542684287,0.000919975542684287,0.000919975542684287,0.0316268838649632,0.0316779916249123,1.00161595938972,0.0316370998362746,0.9492,0.00310545842026584,0.126132073544596,0.0508,0.00310545842026584,0.000447271680974297,0.00031630047027832,0.0508,NA,78,78,0,78,78,78,78,0,0,0,NA,NA,0.0139572043659938,0,0,0,0.0502840000000637
179,"core",80,"moderate","70_30","moderate",0,"independent","che_rve",5000,5000,0,0,0,0,0.000781253026288948,0.000781253026288948,0.000781253026288948,0.0311333883882073,0.0309654217436364,0.994604935303652,0.0311400766095323,0.9518,0.00302908435009658,0.125024103389041,0.0482,0.00302908435009658,0.000440292601012318,0.000311365021941248,0.0482,NA,41.544125490633,41.6331359788347,1.47046381401169,34.2680370877036,39.0183591353598,39.619326745731,46.4301060110821,0,0,0,0.0100170148915414,0.00999173431996415,NA,0,0,0,0.33972000000003
179,"core",80,"moderate","70_30","moderate",0,"independent","mlma",5000,5000,0,0,0,0,0.000782326912535611,0.000782326912535611,0.000782326912535611,0.031187424982107,0.0311235431148964,0.997951678689496,0.0311941177358364,0.9512,0.00304691844328003,0.122002047152953,0.0488,0.00304691844328003,0.000441056793851892,0.000311905441924945,0.0488,NA,NA,NA,NA,NA,NA,NA,NA,NA,NA,NA,0.0120459363132603,0.0081410375625031,NA,0,0,0,0.254987999999858
179,"core",80,"moderate","70_30","moderate",0,"independent","mlma_cr2",5000,5000,0,0,0,0,0.000782326912535611,0.000782326912535611,0.000782326912535611,0.031187424982107,0.0310056233079758,0.994170673781645,0.0311941177358364,0.9514,0.0030409879973456,0.125167873102998,0.0486,0.0030409879973456,0.000441056793851892,0.000311905441924945,0.0486,NA,41.7520759714933,41.8357542102929,1.42559945421045,35.6890588516263,39.3196041248071,39.8777748911943,46.3548161793518,0,0,0,0.0120459363132603,0.0081410375625031,NA,0,0,0,0.291389999999973
180,"core",80,"moderate","70_30","moderate",0.1,"independent","aggregate_hksj",5000,5000,0,0,0,0,0.100187249705198,0.000187249705197776,0.000187249705197776,0.0314353050398412,0.0316504719083025,1.00684475204515,0.0314327190952258,0.953,0.00299302522541993,0.126022498450302,0.8808,0.00458238715081997,0.000444562347246787,0.000314384490419534,NA,0.8808,78,78,0,78,78,78,78,0,0,0,NA,NA,0.013932418162952,0,0,0,0.0428739999999525
180,"core",80,"moderate","70_30","moderate",0.1,"independent","che_rve",5000,5000,0,0,0,0,0.100286152176609,0.000286152176608837,0.000286152176608837,0.0310444739845322,0.0309897411036814,0.998236952544983,0.0310426882884115,0.951,0.00305283474822991,0.125122948618063,0.8856,0.00450139178477057,0.000439035161456641,0.000310475788976754,NA,0.8856,41.5383912741183,41.6154266640095,1.46388066375862,34.4182551176769,39.0049166223314,39.5978108918139,46.0395931531672,0,0,0,0.0100127068040005,0.00999511832977131,NA,0,0,0,0.287282000000178
180,"core",80,"moderate","70_30","moderate",0.1,"independent","mlma",5000,5000,0,0,0,0,0.100264427992917,0.000264427992916899,0.000264427992916899,0.0310929250374547,0.031107400551638,1.00046555652663,0.0310909400879217,0.9468,0.00317394895989208,0.121938769467744,0.8956,0.00432436446197589,0.000439720362818183,0.0003109603479643,NA,0.8956,NA,NA,NA,NA,NA,NA,NA,NA,NA,NA,0.0120286113483061,0.00814757722581237,NA,0,0,0,0.216584000000017
180,"core",80,"moderate","70_30","moderate",0.1,"independent","mlma_cr2",5000,5000,0,0,0,0,0.100264427992917,0.000264427992916899,0.000264427992916899,0.0310929250374547,0.0310292212505226,0.997951180634973,0.0310909400879217,0.9502,0.00307636018697421,0.125263577988094,0.8856,0.00450139178477057,0.000439720362818183,0.0003109603479643,NA,0.8856,41.7498831806061,41.8188518553929,1.42054288773701,34.8780527414143,39.293941466371,39.9032431617944,46.0155960839072,0,0,0,0.0120286113483061,0.00814757722581237,NA,0,0,0,0.247633999999886
181,"core",80,"moderate","70_30","severe",0,"independent","aggregate_hksj",5000,5000,0,0,0,0,-0.000236674143888935,-0.000236674143888935,0.000236674143888935,0.0327852349059019,0.0328391441386312,1.00164431436542,0.0327828105591938,0.956,0.00290048271844533,0.130755427701357,0.044,0.00290048271844533,0.000463653238495143,0.00032788513921253,0.044,NA,78,78,0,78,78,78,78,0,0,0,NA,NA,0.0138566776237398,0,0,0,0.0421199999999197
181,"core",80,"moderate","70_30","severe",0,"independent","che_rve",5000,5000,0,0,0,0,-0.000164515817293128,-0.000164515817293128,0.000164515817293128,0.0323098714685357,0.032221044040586,0.997250765047572,0.0323070592008709,0.9556,0.00291302729132427,0.130227571723708,0.0444,0.00291302729132427,0.000456930584293347,0.000323131029404114,0.0444,NA,40.2078031585789,40.2839726058566,2.02209957908193,31.4570708456357,36.7236915504752,37.588057776059,47.1052240685238,0,0,0,0.0099282109448223,0.0100044570041377,NA,0,0,0,0.283452000000177
181,"core",80,"moderate","70_30","severe",0,"independent","mlma",5000,5000,0,0,0,0,-6.974340089067e-05,-6.974340089067e-05,6.974340089067e-05,0.0325137116769933,0.0325041308672024,0.999705330173126,0.0325105349520308,0.9512,0.00304691844328003,0.127413851696987,0.0488,0.00304691844328003,0.000459813320166924,0.00032516963535948,0.0488,NA,NA,NA,NA,NA,NA,NA,NA,NA,NA,NA,0.0128337613767263,0.00789832422745754,NA,0,0,0,0.200264000000031
181,"core",80,"moderate","70_30","severe",0,"independent","mlma_cr2",5000,5000,0,0,0,0,-6.974340089067e-05,-6.974340089067e-05,6.974340089067e-05,0.0325137116769933,0.0324758214041994,0.998834637116478,0.0325105349520308,0.9542,0.00295642892693195,0.131151154249682,0.0458,0.00295642892693195,0.000459813320166924,0.00032516963535948,0.0458,NA,41.275139063756,41.3744870915791,1.73622430988936,32.8262400696155,38.2758974054428,39.0411478659593,47.3420997849945,0,0,0,0.0128337613767263,0.00789832422745754,NA,0,0,0,0.230625999999917
182,"core",80,"moderate","70_30","severe",0.1,"independent","aggregate_hksj",5000,5000,0,0,0,0,0.0999400697852739,-5.99302147261116e-05,5.99302147261116e-05,0.0330910734050544,0.032949300832945,0.995715685303588,0.0330878184064999,0.952,0.00302311098043059,0.131194037965326,0.8542,0.00499083880725475,0.000467978448029115,0.000330943830088437,NA,0.8542,78,78,0,78,78,78,78,0,0,0,NA,NA,0.0139648101267527,0,0,0,0.0425020000000397
182,"core",80,"moderate","70_30","severe",0.1,"independent","che_rve",5000,5000,0,0,0,0,0.0999548800073039,-4.51199926961021e-05,4.51199926961021e-05,0.032666140042062,0.0322976832149964,0.988720527537349,0.0326629044287292,0.9494,0.00309966578843591,0.130531472397705,0.854,0.00499367600070329,0.000461968982778629,0.0003266940714614,NA,0.854,40.2620302719085,40.3504096694158,1.9993669532436,32.3303586435226,36.8025991694273,37.6532716241166,46.3526022122749,0,0,0,0.0100473291757511,0.0100211105135526,NA,0,0,0,0.287406000000142
182,"core",80,"moderate","70_30","severe",0.1,"independent","mlma",5000,5000,0,0,0,0,0.0999882626218931,-1.17373781068769e-05,1.17373781068769e-05,0.0330055156522495,0.0326199295585676,0.988317525538929,0.0330022170228643,0.9472,0.00316266216975509,0.127867774226052,0.8648,0.00483572042202607,0.000466768478685287,0.0003300881669898,NA,0.8648,NA,NA,NA,NA,NA,NA,NA,NA,NA,NA,0.0129471423196859,0.0079159952749388,NA,0,0,0,0.202472000000023
182,"core",80,"moderate","70_30","severe",0.1,"independent","mlma_cr2",5000,5000,0,0,0,0,0.0999882626218931,-1.17373781068769e-05,1.17373781068769e-05,0.0330055156522495,0.0325467056307798,0.986098989444559,0.0330022170228643,0.9498,0.00308804015517933,0.131431994382757,0.8508,0.00503863791118195,0.000466768478685287,0.0003300881669898,NA,0.8508,41.3247749625293,41.4286006186626,1.7046445553231,34.9623045082418,38.3877899817088,39.0440681179477,46.5783117349431,0,0,0,0.0129471423196859,0.0079159952749388,NA,0,0,0,0.233196000000087
183,"core",80,"moderate","70_30","extreme",0,"independent","aggregate_hksj",5000,5000,0,0,0,0,-0.000102518641612039,-0.000102518641612039,0.000102518641612039,0.0353530566159591,0.0350580936715598,0.991656649448914,0.0353496697925266,0.9498,0.00308804015517933,0.139590606048301,0.0502,0.00308804015517933,0.000499967721376332,0.000353565924520049,0.0502,NA,78,78,0,78,78,78,78,0,0,0,NA,NA,0.01384201929217,0,0,0,0.0669159999999865
183,"core",80,"moderate","70_30","extreme",0,"independent","che_rve",5000,5000,0,0,0,0,-0.000164122505239917,-0.000164122505239917,0.000164122505239917,0.0349884095513539,0.0344327289130548,0.984118150969865,0.0349852955021022,0.9496,0.00309385972532693,0.139537165901519,0.0504,0.00309385972532693,0.00049481083313389,0.000349919089172227,0.0504,NA,37.1533976346917,37.290363327583,2.95325152811036,25.1288649411163,32.107553794365,33.3428720671581,46.5657343042751,0,0,0,0.00994444774229203,0.00997301824797114,NA,0,0,0,0.468272000000115
183,"core",80,"moderate","70_30","extreme",0,"independent","mlma",5000,5000,0,0,0,0,-0.000183383068076325,-0.000183383068076325,0.000183383068076325,0.0357792269955201,0.0353619264647135,0.988336792998383,0.0357761188941692,0.9458,0.00320194815698193,0.138616204589584,0.0542,0.00320194815698193,0.000505994680682901,0.000357828054549975,0.0542,NA,NA,NA,NA,NA,NA,NA,NA,NA,NA,NA,0.0145292500557007,0.00767090828632451,NA,0,0,0,0.895368000000036
183,"core",80,"moderate","70_30","extreme",0,"independent","mlma_cr2",5000,5000,0,0,0,0,-0.000183383068076325,-0.000183383068076325,0.000183383068076325,0.0357792269955201,0.0353525130709427,0.988073696376088,0.0357761188941692,0.9502,0.00307636018697421,0.142891989425626,0.0498,0.00307636018697421,0.000505994680682901,0.000357828054549975,0.0498,NA,40.1710664398452,40.2991063273807,2.23642786718768,30.4030882946663,36.2960736309545,37.2845623019179,47.8015445546566,0,0,0,0.0145292500557007,0.00767090828632451,NA,0,0,0,0.941366000000017
184,"core",80,"moderate","70_30","extreme",0.1,"independent","aggregate_hksj",5000,5000,0,0,0,0,0.100456064909984,0.000456064909984233,0.000456064909984233,0.0354520220039506,0.0350731138721419,0.989312086860194,0.0354514102709312,0.9462,0.00319078548323136,0.139650411892905,0.8034,0.00562047044294337,0.000501367303315364,0.0003545556773802,NA,0.8034,78,78,0,78,78,78,78,0,0,0,NA,NA,0.0138732566561672,0,0,0,0.0807279999999944
184,"core",80,"moderate","70_30","extreme",0.1,"independent","che_rve",5000,5000,0,0,0,0,0.100282054395668,0.000282054395667891,0.000282054395667891,0.0348194819003658,0.0344292597782024,0.988792994586192,0.0348171422610767,0.9482,0.0031342227106573,0.139525481730187,0.8018,0.00563767256942083,0.000492421835383018,0.000348229643709351,NA,0.8018,37.1311084765968,37.3023077451307,2.95880894932101,24.0876479738174,32.0640116277289,33.2182268890242,47.730152870692,0,0,0,0.00998986472612631,0.010016878746202,NA,0,0,0,0.565425999999999
184,"core",80,"moderate","70_30","extreme",0.1,"independent","mlma",5000,5000,0,0,0,0,0.100008540917764,8.54091776414379e-06,8.54091776414379e-06,0.0356281722064706,0.0353805977598928,0.993051160605626,0.0356246102349239,0.949,0.00311123769583746,0.138689394721777,0.8022,0.00563338548299333,0.000503858443369549,0.00035631735558203,NA,0.8022,NA,NA,NA,NA,NA,NA,NA,NA,NA,NA,0.0145365814745119,0.00771207972978339,NA,0,0,0,0.380363999999998
184,"core",80,"moderate","70_30","extreme",0.1,"independent","mlma_cr2",5000,5000,0,0,0,0,0.100008540917764,8.54091776414379e-06,8.54091776414379e-06,0.0356281722064706,0.0352912426855993,0.99054317131626,0.0356246102349239,0.953,0.00299302522541993,0.142647556661455,0.7812,0.00584682067452047,0.000503858443369549,0.00035631735558203,NA,0.7812,40.1410856530082,40.3291785724924,2.23437791776936,29.4344282730058,36.1675831299087,37.2133221216274,47.1763925328077,0,0,0,0.0145365814745119,0.00771207972978339,NA,0,0,0,0.435551999999996
185,"core",80,"moderate","85_15","balanced",0,"independent","aggregate_hksj",5000,5000,0,0,0,0,0.000326014670850481,0.000326014670850481,0.000326014670850481,0.0392686441534742,0.0400352407573955,1.01952185058708,0.0392660705181339,0.9542,0.00295642892693195,0.159408083422062,0.0458,0.00295642892693195,0.000555342491378462,0.000392725716070174,0.0458,NA,78,78,0,78,78,78,78,0,0,0,NA,NA,0.0139844007317925,0,0,0,0.0777040000000055
185,"core",80,"moderate","85_15","balanced",0,"independent","che_rve",5000,5000,0,0,0,0,0.000340965821381407,0.000340965821381407,0.000340965821381407,0.0386564705560167,0.0385586817456048,0.997470311981272,0.0386541085655376,0.9538,0.00296868859936505,0.164829379300805,0.0462,0.00296868859936505,0.00054668504933795,0.00038660336783016,0.0462,NA,14.5505009465007,14.5656997254198,0.507575286634247,12.4158103059417,13.6856090782534,13.8937247728308,15.9481795681461,0,0,0,0.0100129241674353,0.0100093907824881,NA,0,0,0,0.551835999999995
185,"core",80,"moderate","85_15","balanced",0,"independent","mlma",5000,5000,0,0,0,0,0.000340965673936581,0.000340965673936581,0.000340965673936581,0.0386564705565574,0.0392473976257047,1.01528662758497,0.0386541085647776,0.9514,0.0030409879973456,0.153846971666608,0.0486,0.0030409879973456,0.000546685049345597,0.000386603367835568,0.0486,NA,NA,NA,NA,NA,NA,NA,NA,NA,NA,NA,0.0116964292755071,0.00832588949969813,NA,0,0,0,0.404412
185,"core",80,"moderate","85_15","balanced",0,"independent","mlma_cr2",5000,5000,0,0,0,0,0.000340965673936581,0.000340965673936581,0.000340965673936581,0.0386564705565574,0.038558681717585,0.997470311242478,0.0386541085647776,0.9538,0.00296868859936505,0.164829378995945,0.0462,0.00296868859936505,0.000546685049345597,0.000386603367835568,0.0462,NA,14.5505011139673,14.5657002368177,0.50757520527496,12.4158088292492,13.6856058142821,13.8937243734245,15.9481797136793,0,0,0,0.0116964292755071,0.00832588949969813,NA,0,0,0,0.458626000000002
186,"core",80,"moderate","85_15","balanced",0.1,"independent","aggregate_hksj",5000,5000,0,0,0,0,0.0991600318945026,-0.000839968105497427,0.000839968105497427,0.0393970118355754,0.0400457268635131,1.01646609724223,0.0394020261291524,0.9558,0.00290676314824583,0.159449835889317,0.6922,0.00652777389314305,0.000557157884548441,0.000394009521278127,NA,0.6922,78,78,0,78,78,78,78,0,0,0,NA,NA,0.0139913621176997,0,0,0,0.078252000000023
186,"core",80,"moderate","85_15","balanced",0.1,"independent","che_rve",5000,5000,0,0,0,0,0.0991886916142211,-0.000811308385778878,0.000811308385778878,0.0387775223874549,0.03863895993709,0.996426732760788,0.0387821315112759,0.9534,0.00298088711627931,0.165181627544421,0.6542,0.00672640111798278,0.00054839698075565,0.000387814007214534,NA,0.6542,14.5446475040843,14.5581298345527,0.497310290631039,12.3572518009177,13.6938682519255,13.9198378387709,16.145020154855,0,0,0,0.0100263427231326,0.00997346327671512,NA,0,0,0,0.55939399999999
186,"core",80,"moderate","85_15","balanced",0.1,"independent","mlma",5000,5000,0,0,0,0,0.0991886915911006,-0.000811308408899411,0.000811308408899411,0.0387775223003092,0.0392666403249722,1.01261344190263,0.0387821314246416,0.9484,0.00312849612433834,0.153922401661667,0.7206,0.00634563850215248,0.000548396979523224,0.00038781400634299,NA,0.7206,NA,NA,NA,NA,NA,NA,NA,NA,NA,NA,0.0117098470769287,0.00828996207235555,NA,0,0,0,0.411056000000011
186,"core",80,"moderate","85_15","balanced",0.1,"independent","mlma_cr2",5000,5000,0,0,0,0,0.0991886915911006,-0.000811308408899411,0.000811308408899411,0.0387775223003092,0.0386389599888396,0.996426736334609,0.0387821314246416,0.9534,0.00298088711627931,0.165181627672315,0.6542,0.00672640111798278,0.000548396979523224,0.00038781400634299,NA,0.6542,14.5446475988987,14.5581296100059,0.497310305831455,12.3572513642204,13.6938668218235,13.9198152687818,16.145020202949,0,0,0,0.0117098470769287,0.00828996207235555,NA,0,0,0,0.465692000000005
187,"core",80,"moderate","85_15","moderate",0,"independent","aggregate_hksj",5000,5000,0,0,0,0,-2.2551587401361e-05,-2.2551587401361e-05,2.2551587401361e-05,0.0409017687777356,0.0406069860899164,0.992792911000473,0.0408976846139682,0.9452,0.00321860093829602,0.161684598460774,0.0548,0.00321860093829602,0.000578438361305221,0.000409058595682422,0.0548,NA,78,78,0,78,78,78,78,0,0,0,NA,NA,0.0139118849821036,0,0,0,0.0787480000000265
187,"core",80,"moderate","85_15","moderate",0,"independent","che_rve",5000,5000,0,0,0,0,-6.25591305248905e-05,-6.25591305248905e-05,6.25591305248905e-05,0.0403550646624944,0.0391812406719933,0.970912597952245,0.0403510774491851,0.9482,0.0031342227106573,0.167623922722878,0.0518,0.0031342227106573,0.000570706797561428,0.000403591007743875,0.0518,NA,14.4258450298513,14.4544112150497,0.537791564373054,12.0420441215486,13.4676184754743,13.7020752448731,16.057210058647,0,0,0,0.00996139526482862,0.00999944697890226,NA,0,0,0,0.557754000000013
187,"core",80,"moderate","85_15","moderate",0,"independent","mlma",5000,5000,0,0,0,0,-5.05369276071517e-05,-5.05369276071517e-05,5.05369276071517e-05,0.0403958493546601,0.0398963841641974,0.987635729946471,0.0403918411827986,0.9406,0.00334280241713446,0.156390952150402,0.0594,0.00334280241713446,0.000571283580209408,0.000403998895456343,0.0594,NA,NA,NA,NA,NA,NA,NA,NA,NA,NA,NA,0.0119880188579048,0.00814994815551468,NA,0,0,0,0.432508000000003
187,"core",80,"moderate","85_15","moderate",0,"independent","mlma_cr2",5000,5000,0,0,0,0,-5.05369276071517e-05,-5.05369276071517e-05,5.05369276071517e-05,0.0403958493546601,0.0392457309721748,0.971528798110228,0.0403918411827986,0.9488,0.0031170036894428,0.167822752723333,0.0512,0.0031170036894428,0.000571283580209408,0.000403998895456343,0.0512,NA,14.500937324843,14.5342200384553,0.535097883766913,12.2333789038839,13.5653969153296,13.7758118805779,15.9402499872455,0,0,0,0.0119880188579048,0.00814994815551468,NA,0,0,0,0.487135999999981
188,"core",80,"moderate","85_15","moderate",0.1,"independent","aggregate_hksj",5000,5000,0,0,0,0,0.0992605643195808,-0.000739435680419204,0.000739435680419204,0.0409053373343466,0.0406252029599225,0.993151642482878,0.0409079300165344,0.947,0.00316831185333767,0.161757132465284,0.6692,0.00665389149295358,0.000578488828316794,0.000409094284817624,NA,0.6692,78,78,0,78,78,78,78,0,0,0,NA,NA,0.0139331847528517,0,0,0,0.0791379999999677
188,"core",80,"moderate","85_15","moderate",0.1,"independent","che_rve",5000,5000,0,0,0,0,0.0992083592793244,-0.000791640720675613,0.000791640720675613,0.040300833282227,0.0393563934864754,0.976565253895926,0.0403045782367195,0.9468,0.00317394895989208,0.16837297300484,0.6376,0.00679803265658529,0.000569939850026624,0.000403048639701685,NA,0.6376,14.4263818183114,14.460493669695,0.549966226783669,11.3915016133406,13.4614336949671,13.7027754057435,15.9982840949467,0,0,0,0.00998456722379829,0.00998462412129531,NA,0,0,0,0.558521999999983
188,"core",80,"moderate","85_15","moderate",0.1,"independent","mlma",5000,5000,0,0,0,0,0.0992075452561292,-0.000792454743870852,0.000792454743870852,0.0403555965514387,0.0399174007349928,0.98914163452181,0.040359341455343,0.9424,0.00329491244193226,0.156473335594077,0.6926,0.00652541554232372,0.000570714319607015,0.000403596327165287,NA,0.6926,NA,NA,NA,NA,NA,NA,NA,NA,NA,NA,0.0120106715109634,0.00813890367392009,NA,0,0,0,0.431412000000021
188,"core",80,"moderate","85_15","moderate",0.1,"independent","mlma_cr2",5000,5000,0,0,0,0,0.0992075452561292,-0.000792454743870852,0.000792454743870852,0.0403555965514387,0.0393959246964116,0.976219609247906,0.040359341455343,0.9458,0.00320194815698193,0.168466108656004,0.6372,0.00679964940272659,0.000570714319607015,0.000403596327165287,NA,0.6372,14.4999088617504,14.5336610930231,0.544915023817538,11.655262648241,13.5440173913421,13.7892837144589,16.1498117915864,0,0,0,0.0120106715109634,0.00813890367392009,NA,0,0,0,0.485716
189,"core",80,"moderate","85_15","severe",0,"independent","aggregate_hksj",5000,5000,0,0,0,0,0.00131445835881786,0.00131445835881786,0.00131445835881786,0.042071181819217,0.0422597107403903,1.00448118909479,0.0420875057894234,0.9496,0.00309385972532693,0.168265242512672,0.0504,0.00309385972532693,0.000594976359138011,0.000420753895685719,0.0504,NA,78,78,0,78,78,78,78,0,0,0,NA,NA,0.0139190160266877,0,0,0,0.0795240000000005
189,"core",80,"moderate","85_15","severe",0,"independent","che_rve",5000,5000,0,0,0,0,0.00122926918795887,0.00122926918795887,0.00122926918795887,0.0414269069300323,0.0409148856110153,0.987640368133644,0.0414410000217473,0.9538,0.00296868859936505,0.175599088210569,0.0462,0.00296868859936505,0.000585864936276196,0.000414310502422325,0.0462,NA,13.9640859938196,14.0054736717557,0.767587648357857,10.3998955519582,12.6175508486122,12.9574577573218,16.3489485883308,0,0,0,0.0100204669151923,0.00999771454537828,NA,0,0,0,0.570006000000041
189,"core",80,"moderate","85_15","severe",0,"independent","mlma",5000,5000,0,0,0,0,0.00121369979812319,0.00121369979812319,0.00121369979812319,0.0416954304588254,0.041856942145693,1.00387360641419,0.0417089233445612,0.9464,0.00318518570887162,0.16407619821707,0.0536,0.00318518570887162,0.000589662432438551,0.00041699600627407,0.0536,NA,NA,NA,NA,NA,NA,NA,NA,NA,NA,NA,0.0129020314528028,0.00789730068001353,NA,0,0,0,0.413123999999982
189,"core",80,"moderate","85_15","severe",0,"independent","mlma_cr2",5000,5000,0,0,0,0,0.00121369979812319,0.00121369979812319,0.00121369979812319,0.0416954304588254,0.0411841066095074,0.987736693357251,0.0417089233445612,0.953,0.00299302522541993,0.17632390420409,0.047,0.00299302522541993,0.000589662432438551,0.00041699600627407,0.047,NA,14.3258091705275,14.3730420006609,0.673496035688322,11.5056050621174,13.1276023260762,13.4477546882216,16.1209846326815,0,0,0,0.0129020314528028,0.00789730068001353,NA,0,0,0,0.467821999999987
190,"core",80,"moderate","85_15","severe",0.1,"independent","aggregate_hksj",5000,5000,0,0,0,0,0.100375435656924,0.000375435656924092,0.000375435656924092,0.0424784927633864,0.0422979141562127,0.995748940336006,0.0424759039328425,0.9494,0.00309966578843591,0.168417356829489,0.6418,0.00678074863123534,0.000600736605751484,0.000424827412499463,NA,0.6418,78,78,0,78,78,78,78,0,0,0,NA,NA,0.0139373598085929,0,0,0,0.0794420000000289
190,"core",80,"moderate","85_15","severe",0.1,"independent","che_rve",5000,5000,0,0,0,0,0.10026126981934,0.000261269819340229,0.000261269819340229,0.0417979023917141,0.041101222765746,0.983332186877727,0.0417945390372581,0.9496,0.00309385972532693,0.176413874330334,0.6052,0.00691278467768236,0.000591111604411089,0.000418020828090263,NA,0.6052,13.9528839755087,14.0084378707472,0.772203242223184,10.56968253482,12.598532336747,12.9315264206007,16.2344662761629,0,0,0,0.00999802704779612,0.0100264963354913,NA,0,0,0,0.56939400000005
190,"core",80,"moderate","85_15","severe",0.1,"independent","mlma",5000,5000,0,0,0,0,0.100293971129923,0.000293971129922729,0.000293971129922729,0.0422494314210352,0.0418605854929411,0.990796422223553,0.0422462290806518,0.9432,0.00327333957908433,0.164090479875849,0.6614,0.00669253375038184,0.0005974971891818,0.000422536569980245,NA,0.6614,NA,NA,NA,NA,NA,NA,NA,NA,NA,NA,0.0129139180969774,0.0079147534646078,NA,0,0,0,0.410950000000041
190,"core",80,"moderate","85_15","severe",0.1,"independent","mlma_cr2",5000,5000,0,0,0,0,0.100293971129923,0.000293971129922729,0.000293971129922729,0.0422494314210352,0.0414656190062694,0.981447977205781,0.0422462290806518,0.9518,0.00302908435009658,0.177529861506451,0.603,0.0069194074890846,0.0005974971891818,0.000422536569980245,NA,0.603,14.3292018607906,14.3794579624499,0.677116591054467,11.0856144870778,13.1170057101523,13.442821791701,16.0607891199858,0,0,0,0.0129139180969774,0.0079147534646078,NA,0,0,0,0.465417999999922
191,"core",80,"moderate","85_15","extreme",0,"independent","aggregate_hksj",5000,5000,0,0,0,0,0.000232555813223962,0.000232555813223962,0.000232555813223962,0.0471101235361848,0.0451163950719432,0.957679404879713,0.0471059863398798,0.939,0.00338464178311384,0.179639685768657,0.061,0.00338464178311383,0.000666237756299445,0.000471148352553081,0.061,NA,78,78,0,78,78,78,78,0,0,0,NA,NA,0.0138995954029088,0,0,0,0.0803980000000054
191,"core",80,"moderate","85_15","extreme",0,"independent","che_rve",5000,5000,0,0,0,0,0.000161646362991994,0.000161646362991994,0.000161646362991994,0.0464821512666645,0.0437141586471972,0.940450419267655,0.0464777839171197,0.944,0.00325158422926425,0.189171644458125,0.056,0.00325158422926425,0.000657356887295946,0.000464868001791396,0.056,NA,12.9158573641177,12.9414480643967,1.16241130993959,7.78305172110047,10.9579214596287,11.4332940691282,16.8060211779787,0,0,0.0098,0.0100042899576916,0.0100212391324524,NA,0,0,0,0.565443999999997
191,"core",80,"moderate","85_15","extreme",0,"independent","mlma",5000,5000,0,0,0,0,-5.05322993529127e-05,-5.05322993529127e-05,5.05322993529127e-05,0.047374205394399,0.0454884326252124,0.960194102392069,0.0473694946901128,0.9352,0.00348140661227613,0.178311379317186,0.0648,0.00348140661227614,0.000669972437754076,0.000473789435256699,0.0648,NA,NA,NA,NA,NA,NA,NA,NA,NA,NA,NA,0.0145693250079047,0.00773361330799027,NA,0,0,0,0.379286000000004
191,"core",80,"moderate","85_15","extreme",0,"independent","mlma_cr2",5000,5000,0,0,0,0,-5.05322993529127e-05,-5.05322993529127e-05,5.05322993529127e-05,0.047374205394399,0.0448580078637715,0.946886760217303,0.0473694946901128,0.9474,0.00315699984162179,0.192589369310272,0.0526,0.00315699984162179,0.000669972437754076,0.000473789435256699,0.0526,NA,13.9445061761956,14.0111813469546,0.907158975891633,9.2658332619058,12.3450136920127,12.7488661520685,16.3453673676844,0,0,2e-04,0.0145693250079047,0.00773361330799027,NA,0,0,0,0.433768000000002
192,"core",80,"moderate","85_15","extreme",0.1,"independent","aggregate_hksj",5000,5000,0,0,0,0,0.100395025534797,0.000395025534797297,0.000395025534797297,0.0451150816810045,0.0450078124757529,0.997622320491183,0.0451122994995581,0.9468,0.00317394895989208,0.179207343081958,0.5934,0.00694660262286537,0.000638023603808465,0.000451195938660116,NA,0.5934,78,78,0,78,78,78,78,0,0,0,NA,NA,0.0138010910812497,0,0,0,0.0798059999999517
192,"core",80,"moderate","85_15","extreme",0.1,"independent","che_rve",5000,5000,0,0,0,0,0.100256653825282,0.000256653825281589,0.000256653825281589,0.0446922417820327,0.043551804925301,0.974482442337672,0.0446885093440652,0.9506,0.0030646252625729,0.188471645855951,0.551,0.00703418794175987,0.000632043744610082,0.000446967116767063,NA,0.551,12.9114243997329,12.952878405614,1.14051010066384,8.49817418783478,10.9945409729573,11.4189194694589,16.4081231236578,0,0,0.0092,0.00989514109252401,0.0100036554546044,NA,0,0,0,0.562250000000039
192,"core",80,"moderate","85_15","extreme",0.1,"independent","mlma",5000,5000,0,0,0,0,0.100367814073377,0.000367814073377326,0.000367814073377326,0.0455731025188333,0.0453576957153294,0.99527337855888,0.0455700293926833,0.9448,0.00322964270469661,0.177798900047545,0.6014,0.00692413229220817,0.000644500996615534,0.000455776605127956,NA,0.6014,NA,NA,NA,NA,NA,NA,NA,NA,NA,NA,0.0144798825657269,0.0077056485879644,NA,0,0,0,0.37795600000001
192,"core",80,"moderate","85_15","extreme",0.1,"independent","mlma_cr2",5000,5000,0,0,0,0,0.100367814073377,0.000367814073377326,0.000367814073377326,0.0455731025188333,0.0447906009357531,0.982829749570883,0.0455700293926833,0.9502,0.00307636018697421,0.19228305804987,0.5434,0.00704437988754156,0.000644500996615534,0.000455776605127956,NA,0.5434,13.9521750721367,14.0310516989881,0.878667366818634,10.2422885945174,12.3974087871981,12.7531442728287,16.3772902707983,0,0,0,0.0144798825657269,0.0077056485879644,NA,0,0,0,0.432308000000039
193,"core",80,"severe","50_50","balanced",0,"independent","aggregate_hksj",5000,5000,0,0,0,0,-9.42785094071691e-05,-9.42785094071691e-05,9.42785094071691e-05,0.0306136155723649,0.030804734996429,1.00624295498884,0.030610699243209,0.9518,0.00302908435009658,0.122655032746323,0.0482,0.00302908435009658,0.000432941903357146,0.000306166773932029,0.0482,NA,78,78,0,78,78,78,78,0,0,0,NA,NA,0.0162307610841014,0,0,0,0.0728640000000305
193,"core",80,"severe","50_50","balanced",0,"independent","che_rve",5000,5000,0,0,0,0,-3.52200423241995e-05,-3.52200423241995e-05,3.52200423241995e-05,0.0298583302659434,0.0299507760441925,1.00309614695215,0.0298553650579637,0.9492,0.00310545842026584,0.119401202944226,0.0508,0.00310545842026584,0.000422260556119123,0.000298613165469196,0.0508,NA,72.2750037954938,72.6568923559568,2.22426582787548,55.5989755877234,67.9961643025344,69.3206063360142,76.8048971857991,0,0,0,0.00999724885946168,0.0100285659062694,NA,0,0,0,0.570081999999958
193,"core",80,"severe","50_50","balanced",0,"independent","mlma",5000,5000,0,0,0,0,-3.52199823096771e-05,-3.52199823096771e-05,3.52199823096771e-05,0.0298583304018883,0.0299522365103154,1.00314505557287,0.0298553651938241,0.945,0.0032241277890307,0.117410609633288,0.055,0.0032241277890307,0.000422260558041674,0.000298613166828782,0.055,NA,NA,NA,NA,NA,NA,NA,NA,NA,NA,NA,0.0116807529796663,0.00834506362231748,NA,0,0,0,0.369978000000003
193,"core",80,"severe","50_50","balanced",0,"independent","mlma_cr2",5000,5000,0,0,0,0,-3.52199823096771e-05,-3.52199823096771e-05,3.52199823096771e-05,0.0298583304018883,0.0299507760719961,1.00309614331624,0.0298553651938241,0.9492,0.00310545842026584,0.119401203013567,0.0508,0.00310545842026584,0.000422260558041674,0.000298613166828782,0.0508,NA,72.2750052823406,72.6568921119579,2.22426672547687,55.5989758697011,67.9961620168896,69.320606425826,76.804897004461,0,0,0,0.0116807529796663,0.00834506362231748,NA,0,0,0,0.422529999999987
194,"core",80,"severe","50_50","balanced",0.1,"independent","aggregate_hksj",5000,5000,0,0,0,0,0.0994112574867674,-0.00058874251323264,0.00058874251323264,0.0302768743321096,0.0308073445278789,1.01752063934839,0.0302795706582075,0.9528,0.00299907185642492,0.122665423102399,0.8988,0.00426517432234604,0.000428179663067353,0.000302799024737717,NA,0.8988,78,78,0,78,78,78,78,0,0,0,NA,NA,0.0162291319719333,0,0,0,0.0620600000001301
194,"core",80,"severe","50_50","balanced",0.1,"independent","che_rve",5000,5000,0,0,0,0,0.0994349166744014,-0.000565083325598639,0.000565083325598639,0.0295845688066068,0.0299429817407456,1.01211486084119,0.0295870069675091,0.9506,0.0030646252625729,0.119368659621134,0.9104,0.00403910485132535,0.000418388984432634,0.0002958752770733,NA,0.9104,72.3342494290399,72.7297127112154,2.19448537438373,52.6857083588204,68.1871679605368,69.4687427854367,76.3231651783623,0,0,0,0.0100016900441111,0.00997225757029042,NA,0,0,0,0.482767999999906
194,"core",80,"severe","50_50","balanced",0.1,"independent","mlma",5000,5000,0,0,0,0,0.099434916634174,-0.000565083365825961,0.000565083365825961,0.029584568859958,0.0299391061235845,1.0119838577099,0.0295870070216134,0.9462,0.00319078548323136,0.117359139463096,0.917,0.00390156378904664,0.000418388985187133,0.000295875277606865,NA,0.917,NA,NA,NA,NA,NA,NA,NA,NA,NA,NA,0.0116851941463134,0.00828875538195594,NA,0,0,0,0.314017999999943
194,"core",80,"severe","50_50","balanced",0.1,"independent","mlma_cr2",5000,5000,0,0,0,0,0.099434916634174,-0.000565083365825961,0.000565083365825961,0.029584568859958,0.0299429817392391,1.01211485896508,0.0295870070216134,0.9506,0.0030646252625729,0.119368659569274,0.9104,0.00403910485132535,0.000418388985187133,0.000295875277606865,NA,0.9104,72.3342510636598,72.7297125851967,2.19448566275929,52.685704295678,68.1871685449622,69.4687371237352,76.3231645833409,0,0,0,0.0116851941463134,0.00828875538195594,NA,0,0,0,0.359239999999989
195,"core",80,"severe","50_50","moderate",0,"independent","aggregate_hksj",5000,5000,0,0,0,0,-0.000432343162277528,-0.000432343162277528,0.000432343162277528,0.0311734929249775,0.0312834204479856,1.00352631395117,0.0311733736451697,0.9542,0.00295642892693195,0.124561011802552,0.0458,0.00295642892693195,0.000440859764810448,0.000311766107419503,0.0458,NA,78,78,0,78,78,78,78,0,0,0,NA,NA,0.0162001409823971,0,0,0,0.0473239999999321
195,"core",80,"severe","50_50","moderate",0,"independent","che_rve",5000,5000,0,0,0,0,-0.000430717711234236,-0.000430717711234236,0.000430717711234236,0.0303082580063504,0.0304565922900241,1.00489418704442,0.0303082876953746,0.9536,0.00297479545515318,0.121433730112815,0.0464,0.00297479545515318,0.000428623495244837,0.000303112892868507,0.0464,NA,71.7173818859151,72.1466967514654,2.44572493811756,56.1276392037517,67.2362349042391,68.507874861434,76.2322235134157,0,0,0,0.0100257361925112,0.0100131822690371,NA,0,0,0,0.354863999999926
195,"core",80,"severe","50_50","moderate",0,"independent","mlma",5000,5000,0,0,0,0,-0.000398618122390854,-0.000398618122390854,0.000398618122390854,0.0303924715134202,0.0304891166897078,1.00317990513687,0.0303920463384191,0.9494,0.00309966578843591,0.119515141264533,0.0506,0.00309966578843591,0.000429814454083167,0.000303955112165346,0.0506,NA,NA,NA,NA,NA,NA,NA,NA,NA,NA,NA,0.0120189561241894,0.00815361469537128,NA,0,0,0,0.22791400000006
195,"core",80,"severe","50_50","moderate",0,"independent","mlma_cr2",5000,5000,0,0,0,0,-0.000398618122390854,-0.000398618122390854,0.000398618122390854,0.0303924715134202,0.030487362884084,1.00312219987183,0.0303920463384191,0.9522,0.00301712313305241,0.121550676448641,0.0478,0.00301712313305241,0.000429814454083167,0.000303955112165346,0.0478,NA,71.916769543203,72.3238651251696,2.30295961503121,58.1369320532796,67.5828073760827,68.8983479339741,76.2452495454235,0,0,0,0.0120189561241894,0.00815361469537128,NA,0,0,0,0.262650000000178
196,"core",80,"severe","50_50","moderate",0.1,"independent","aggregate_hksj",5000,5000,0,0,0,0,0.0994795794173735,-0.000520420582626482,0.000520420582626482,0.0316346252350557,0.0312150371838625,0.98673643047529,0.0316357424670655,0.952,0.00302311098043059,0.124288730560681,0.877,0.00464480354805238,0.00044738116048006,0.000316377891721777,NA,0.877,78,78,0,78,78,78,78,0,0,0,NA,NA,0.0161100685396185,0,0,0,0.0478980000000214
196,"core",80,"severe","50_50","moderate",0.1,"independent","che_rve",5000,5000,0,0,0,0,0.0994964578758381,-0.00050354212416194,0.00050354212416194,0.0309105313994558,0.0303626471797792,0.982275160119498,0.0309115417583346,0.9544,0.00295027591929975,0.121060544278947,0.8878,0.00446343275965932,0.000437140927252697,0.00030913622916331,NA,0.8878,71.6746635911582,72.121847219818,2.42254362457708,56.9705021655448,67.1433032945164,68.6023214823422,76.1443875212798,0,0,0,0.00992203050000615,0.0100007592172101,NA,0,0,0,0.361911999999991
196,"core",80,"severe","50_50","moderate",0.1,"independent","mlma",5000,5000,0,0,0,0,0.0994937346726276,-0.000506265327372357,0.000506265327372357,0.0309636180270532,0.0303977082784163,0.981723397177212,0.0309646604499176,0.9502,0.00307636018697421,0.119156826876502,0.8934,0.00436431987828573,0.000437891685539987,0.000309667148533876,NA,0.8934,NA,NA,NA,NA,NA,NA,NA,NA,NA,NA,0.011914986830535,0.00814560752080816,NA,0,0,0,0.22998999999988
196,"core",80,"severe","50_50","moderate",0.1,"independent","mlma_cr2",5000,5000,0,0,0,0,0.0994937346726276,-0.000506265327372357,0.000506265327372357,0.0309636180270532,0.0303941384410037,0.981608105824326,0.0309646604499176,0.954,0.00296256645495084,0.12118046869888,0.8866,0.00448420427723805,0.000437891685539987,0.000309667148533876,NA,0.8866,71.8705537074995,72.2665384527648,2.2880577766179,56.9073981397996,67.5936925074041,68.949774946219,76.1838075755409,0,0,0,0.011914986830535,0.00814560752080816,NA,0,0,0,0.265263999999952
197,"core",80,"severe","50_50","severe",0,"independent","aggregate_hksj",5000,5000,0,0,0,0,-0.000210554771449814,-0.000210554771449814,0.000210554771449814,0.0328721562596288,0.0325549515763065,0.990350353630073,0.0328695432693824,0.945,0.0032241277890307,0.129623859841993,0.055,0.0032241277890307,0.000464882492068147,0.000328754439684194,0.055,NA,78,78,0,78,78,78,78,0,0,0,NA,NA,0.0162343899426209,0,0,0,0.0414800000000454
197,"core",80,"severe","50_50","severe",0,"independent","che_rve",5000,5000,0,0,0,0,-0.0003081425470663,-0.0003081425470663,0.0003081425470663,0.0322413514590053,0.0317370912007244,0.984359828745947,0.0322395997925476,0.9468,0.00317394895989208,0.126611606392518,0.0532,0.00317394895989208,0.000455961565025629,0.000322445760778521,0.0532,NA,69.3976727270421,69.919653324907,3.10132895722435,37.273030142203,63.7435636014421,65.5433034539992,75.4600136411848,0,0,0,0.010097421526241,0.00998512882956225,NA,2e-04,0,0,0.319332000000021
197,"core",80,"severe","50_50","severe",0,"independent","mlma",5000,5000,0,0,0,0,-0.000266578826125164,-0.000266578826125164,0.000266578826125164,0.0323261016379328,0.0319611351799376,0.988709852425664,0.0323239681352256,0.9452,0.00321860093829602,0.125285347715387,0.0548,0.00321860093829602,0.000457160113550157,0.00032329334733069,0.0548,NA,NA,NA,NA,NA,NA,NA,NA,NA,NA,NA,0.012915355396787,0.00784936465909309,NA,0,0,0,0.202304000000018
197,"core",80,"severe","50_50","severe",0,"independent","mlma_cr2",5000,5000,0,0,0,0,-0.000266578826125164,-0.000266578826125164,0.000266578826125164,0.0323261016379328,0.0319600677206336,0.988676830834755,0.0323239681352256,0.9488,0.0031170036894428,0.127464349247102,0.0512,0.0031170036894428,0.000457160113550157,0.00032329334733069,0.0512,NA,70.5480068837792,70.9498925960435,2.52459065760182,48.3411921430091,65.8816989819338,67.2594357964141,76.2907297225972,0,0,0,0.012915355396787,0.00784936465909309,NA,0,0,0,0.233244000000029
198,"core",80,"severe","50_50","severe",0.1,"independent","aggregate_hksj",5000,5000,0,0,0,0,0.100250974791994,0.000250974791993555,0.000250974791993555,0.0319318805929104,0.0324589968689338,1.01650752371097,0.0319296736210451,0.9574,0.00285605462132642,0.129241797546169,0.8616,0.00488355280507951,0.000451584986065721,0.000319350742600277,NA,0.8616,78,78,0,78,78,78,78,0,0,0,NA,NA,0.0161136401268208,0,0,0,0.0419979999999778
198,"core",80,"severe","50_50","severe",0.1,"independent","che_rve",5000,5000,0,0,0,0,0.100102810663925,0.000102810663924646,0.000102810663924646,0.0312207662325455,0.0316746101009211,1.01453660249704,0.0312178132951532,0.9562,0.00289418589589542,0.126364236081179,0.8738,0.0046962444570103,0.000441528310337458,0.000312238887775583,NA,0.8738,69.3362650068229,69.9137620106467,3.02932989288327,44.7005322294057,63.762265062107,65.3357398860422,75.29153321877,0,0,0,0.0100289136875138,0.00998117672897647,NA,0,0,0,0.321688000000149
198,"core",80,"severe","50_50","severe",0.1,"independent","mlma",5000,5000,0,0,0,0,0.100156286631917,0.000156286631917149,0.000156286631917149,0.0314130902884415,0.031893491638457,1.01529303056797,0.0314103376379943,0.9544,0.00295027591929975,0.12502018990521,0.8746,0.00468347819467541,0.000444248183219646,0.000314162320687453,NA,0.8746,NA,NA,NA,NA,NA,NA,NA,NA,NA,NA,0.0128362899724443,0.00784816363884666,NA,0,0,0,0.202870000000045
198,"core",80,"severe","50_50","severe",0.1,"independent","mlma_cr2",5000,5000,0,0,0,0,0.100156286631917,0.000156286631917149,0.000156286631917149,0.0314130902884415,0.0318885626042961,1.01513612037175,0.0314103376379943,0.9578,0.00284320804725929,0.127181107612212,0.869,0.00477156158924937,0.000444248183219646,0.000314162320687453,NA,0.869,70.4828495702055,70.8903012163797,2.51950572012552,53.0628626923891,65.7564179689817,67.1908571499733,75.8524355803383,0,0,0,0.0128362899724443,0.00784816363884666,NA,0,0,0,0.234067999999819
199,"core",80,"severe","50_50","extreme",0,"independent","aggregate_hksj",5000,5000,0,0,0,0,5.71464915936585e-05,5.71464915936585e-05,5.71464915936585e-05,0.0348170388571976,0.0346533544106064,0.995298725797372,0.0348136038821917,0.951,0.00305283474822991,0.137979058105697,0.049,0.00305283474822991,0.0004923872855352,0.00034820521083426,0.049,NA,78,78,0,78,78,78,78,0,0,0,NA,NA,0.0161176646937922,0,0,0,0.0452300000000396
199,"core",80,"severe","50_50","extreme",0,"independent","che_rve",5000,5000,0,0,0,0,8.17421638590284e-05,8.17421638590284e-05,8.17421638590284e-05,0.0340566432754814,0.0338494469816125,0.993916126959638,0.0340533355485848,0.9494,0.00309966578843591,0.135243501470124,0.0506,0.00309966578843591,0.000481633668090883,0.000340600494507438,0.0506,NA,63.9630974486929,64.6510740178977,4.18621187045764,34.3798131262786,56.5021334029122,58.937715052625,72.7384036846424,0,0,0,0.0100309959139672,0.00999937411645007,NA,2e-04,0,0,0.328825999999908
199,"core",80,"severe","50_50","extreme",0,"independent","mlma",5000,5000,0,0,0,0,0.000256159986024798,0.000256159986024798,0.000256159986024798,0.0347639153241674,0.034635592559457,0.996308736702589,0.0347613826054515,0.945,0.0032241277890307,0.135769027999478,0.055,0.0032241277890307,0.000491636005326274,0.000347673922372455,0.055,NA,NA,NA,NA,NA,NA,NA,NA,NA,NA,NA,0.0144489574685313,0.00762457048303277,NA,0,0,0,0.780526000000053
199,"core",80,"severe","50_50","extreme",0,"independent","mlma_cr2",5000,5000,0,0,0,0,0.000256159986024798,0.000256159986024798,0.000256159986024798,0.0347639153241674,0.0346348478253331,0.996287314083275,0.0347613826054515,0.9492,0.00310545842026584,0.138238220593376,0.0508,0.00310545842026584,0.000491636005326274,0.000347673922372455,0.0508,NA,67.5560139582517,67.9146554799869,3.00204945296246,47.8041539316714,62.1898155444202,63.6854934126262,74.5418472849485,0,0,0,0.0144489574685313,0.00762457048303277,NA,0,0,0,0.813218000000037
200,"core",80,"severe","50_50","extreme",0.1,"independent","aggregate_hksj",5000,5000,0,0,0,0,0.100682996156243,0.00068299615624258,0.00068299615624258,0.0344906722310714,0.0346008827168003,1.00319537076548,0.0344939854671282,0.953,0.00299302522541993,0.137770131870078,0.8194,0.00544028749240332,0.000487771764445462,0.000344941218157408,NA,0.8194,78,78,0,78,78,78,78,0,0,0,NA,NA,0.0160838720130425,0,0,0,0.080467999999996
200,"core",80,"severe","50_50","extreme",0.1,"independent","che_rve",5000,5000,0,0,0,0,0.100638099887141,0.00063809988714128,0.00063809988714128,0.0340293631642932,0.0337680286605524,0.992320323407787,0.0340319427791281,0.9492,0.00310545842026584,0.134922638152748,0.8316,0.00529228570657329,0.000481247869058628,0.000340327666111351,NA,0.8316,63.8511438718429,64.5500788686401,4.25053467531395,30.0453704943768,55.9287655644474,58.464130206904,72.5577638704232,0,0,0,0.0099432041017946,0.0100026762498719,NA,2e-04,0,0,0.639565999999998
200,"core",80,"severe","50_50","extreme",0.1,"independent","mlma",5000,5000,0,0,0,0,0.10066748972702,0.000667489727019924,0.000667489727019924,0.03482080647382,0.0345405893106068,0.991952594107091,0.0348237219192637,0.945,0.0032241277890307,0.135396622107157,0.8236,0.00539041816559717,0.000492440567680452,0.000348242890768666,NA,0.8236,NA,NA,NA,NA,NA,NA,NA,NA,NA,NA,0.0143273663979627,0.00762281329649305,NA,0,0,0,0.434852
200,"core",80,"severe","50_50","extreme",0.1,"independent","mlma_cr2",5000,5000,0,0,0,0,0.10066748972702,0.000667489727019924,0.000667489727019924,0.03482080647382,0.0345442144976279,0.992056703902018,0.0348237219192637,0.9492,0.00310545842026584,0.137879455550923,0.8142,0.00550051561219491,0.000492440567680452,0.000348242890768666,NA,0.8142,67.4787029195499,67.8493534511858,2.9754824703727,50.0202512835948,62.0079575252099,63.6992576789503,74.23241701821,0,0,0,0.0143273663979627,0.00762281329649305,NA,0,0,0,0.491644000000007
201,"core",80,"severe","70_30","balanced",0,"independent","aggregate_hksj",5000,5000,0,0,0,0,-0.000124815221831335,-0.000124815221831335,0.000124815221831335,0.0336269520553747,0.0336191995148116,0.999769454556857,0.033623820856547,0.9514,0.0030409879973456,0.133861369619716,0.0486,0.0030409879973456,0.000475556916579808,0.000336303152550686,0.0486,NA,78,78,0,78,78,78,78,0,0,0,NA,NA,0.0162393554550858,0,0,0,0.0750280000000061
201,"core",80,"severe","70_30","balanced",0,"independent","che_rve",5000,5000,0,0,0,0,3.42807715693232e-05,3.42807715693232e-05,3.42807715693232e-05,0.0328263882600826,0.032601566460638,0.993151186854208,0.0328231233586895,0.9522,0.00301712313305241,0.131733532631291,0.0478,0.00301712313305241,0.000464235234811337,0.000328296713913865,0.0478,NA,40.4633490047962,40.6339188571011,1.76415544076778,27.6738578891227,37.3894647628518,38.2412758635757,46.071079769071,0,0,0,0.0100018545680065,0.00999441623656864,NA,0,0,0,0.605970000000006
201,"core",80,"severe","70_30","balanced",0,"independent","mlma",5000,5000,0,0,0,0,3.42808698632862e-05,3.42808698632862e-05,3.42808698632862e-05,0.0328263883554198,0.0326744632289248,0.995371859832703,0.0328231234541197,0.9478,0.00314563697841948,0.128081542285742,0.0522,0.00314563697841947,0.000464235236159609,0.000328296714867332,0.0522,NA,NA,NA,NA,NA,NA,NA,NA,NA,NA,NA,0.0116853587306636,0.00831091412347597,NA,0,0,0,0.392786000000008
201,"core",80,"severe","70_30","balanced",0,"independent","mlma_cr2",5000,5000,0,0,0,0,3.42808698632862e-05,3.42808698632862e-05,3.42808698632862e-05,0.0328263883554198,0.0326015665052135,0.993151185327729,0.0328231234541197,0.9522,0.00301712313305241,0.131733532730985,0.0478,0.00301712313305241,0.000464235236159609,0.000328296714867332,0.0478,NA,40.4633498090835,40.6339204921307,1.76415574851563,27.6738619212739,37.3894464566369,38.2412763163305,46.0710801127476,0,0,0,0.0116853587306636,0.00831091412347597,NA,0,0,0,0.447572000000008
202,"core",80,"severe","70_30","balanced",0.1,"independent","aggregate_hksj",5000,5000,0,0,0,0,0.0999325566291881,-6.74433708119093e-05,6.74433708119093e-05,0.0335505009714474,0.0336141928916167,1.00189838954189,0.0335472135477788,0.9498,0.00308804015517933,0.133841434777492,0.8342,0.00525947449846465,0.000474475734982327,0.00033553856524886,NA,0.8342,78,78,0,78,78,78,78,0,0,0,NA,NA,0.0162377274859657,0,0,0,0.0760159999999825
202,"core",80,"severe","70_30","balanced",0.1,"independent","che_rve",5000,5000,0,0,0,0,0.0999628528098471,-3.71471901529363e-05,3.71471901529363e-05,0.0328999582948349,0.0326423999246452,0.992171468186021,0.0328966891079399,0.9476,0.00315132480077824,0.131893974821847,0.8468,0.00509371691400298,0.000465275672220648,0.000329032487842461,NA,0.8468,40.5100529374183,40.677239268382,1.71163409080185,31.7045547004954,37.5393684039458,38.353101863431,46.226645595627,0,0,0,0.0100193686208116,0.0100022564218917,NA,0,0,0,0.612254000000008
202,"core",80,"severe","70_30","balanced",0.1,"independent","mlma",5000,5000,0,0,0,0,0.0999628527675178,-3.71472324822431e-05,3.71472324822431e-05,0.0328999581165253,0.0326855068350366,0.993481715668781,0.0328966889296961,0.9434,0.00326791799162708,0.128124832426219,0.863,0.00486273585546244,0.000465275669698969,0.000329032486059186,NA,0.863,NA,NA,NA,NA,NA,NA,NA,NA,NA,NA,0.0117028725405114,0.00831875415480115,NA,0,0,0,0.397452000000007
202,"core",80,"severe","70_30","balanced",0.1,"independent","mlma_cr2",5000,5000,0,0,0,0,0.0999628527675178,-3.71472324822431e-05,3.71472324822431e-05,0.0328999581165253,0.0326423999291315,0.992171473699705,0.0328966889296961,0.9476,0.00315132480077824,0.131893974762647,0.8468,0.00509371691400298,0.000465275669698969,0.000329032486059186,NA,0.8468,40.5100537059562,40.6772418831266,1.71163436997453,31.7045413652022,37.5393676069713,38.3531022734225,46.2266457103724,0,0,0,0.0117028725405114,0.00831875415480115,NA,0,0,0,0.452586000000009
203,"core",80,"severe","70_30","moderate",0,"independent","aggregate_hksj",5000,5000,0,0,0,0,3.78398749196741e-05,3.78398749196741e-05,3.78398749196741e-05,0.0341733112998511,0.0340644846515684,0.996815449128478,0.0341699147498443,0.9508,0.00305873699425106,0.135634358838311,0.0492,0.00305873699425106,0.000483283603114472,0.000341767291436662,0.0492,NA,78,78,0,78,78,78,78,0,0,0,NA,NA,0.016120985672465,0,0,0,0.0766239999999714
203,"core",80,"severe","70_30","moderate",0,"independent","che_rve",5000,5000,0,0,0,0,0.000142885614008611,0.000142885614008611,0.000142885614008611,0.0334812155136554,0.0330460178790707,0.987001737305292,0.0334781721456246,0.9498,0.00308804015517933,0.13356578168137,0.0502,0.00308804015517933,0.000473495890641479,0.000334845641375087,0.0502,NA,40.1154888508233,40.2975407712284,1.89099911429711,28.716861286293,36.7523960715908,37.7508093777041,45.4996518067084,0,0,0,0.00992957839153458,0.0100085701222702,NA,0,0,0,0.622730000000021
203,"core",80,"severe","70_30","moderate",0,"independent","mlma",5000,5000,0,0,0,0,0.000113213485066126,0.000113213485066126,0.000113213485066126,0.0335053834111786,0.0331877984728088,0.990521375789905,0.0335022239960241,0.9458,0.00320194815698193,0.130093779465757,0.0542,0.00320194815698193,0.000473837676325992,0.000335087344521842,0.0542,NA,NA,NA,NA,NA,NA,NA,NA,NA,NA,NA,0.0119289505621728,0.00815180836537753,NA,0,0,0,0.401186000000007
203,"core",80,"severe","70_30","moderate",0,"independent","mlma_cr2",5000,5000,0,0,0,0,0.000113213485066126,0.000113213485066126,0.000113213485066126,0.0335053834111786,0.0330856919134145,0.987473908517519,0.0335022239960241,0.9506,0.0030646252625729,0.133714368792446,0.0494,0.0030646252625729,0.000473837676325992,0.000335087344521842,0.0494,NA,40.232304035738,40.3872430789403,1.82938136491348,29.2432780858959,37.0137442524446,37.923984329724,45.4037326932539,0,0,0,0.0119289505621728,0.00815180836537753,NA,0,0,0,0.45667
204,"core",80,"severe","70_30","moderate",0.1,"independent","aggregate_hksj",5000,5000,0,0,0,0,0.100018202109389,1.82021093894508e-05,1.82021093894508e-05,0.0336450823872846,0.0340541340865473,1.01215784507686,0.0336417226349987,0.9528,0.00299907185642492,0.135593146054246,0.8304,0.00530727500700689,0.00047581331819258,0.000336484474002837,NA,0.8304,78,78,0,78,78,78,78,0,0,0,NA,NA,0.0161117926233268,0,0,0,0.0770080000000118
204,"core",80,"severe","70_30","moderate",0.1,"independent","che_rve",5000,5000,0,0,0,0,0.100126558871257,0.000126558871257204,0.000126558871257204,0.0327765976201477,0.0330805276042005,1.0092727740559,0.0327735641581848,0.9536,0.00297479545515318,0.133702931213961,0.8396,0.00518983313797274,0.000463531088828586,0.000327798757716406,NA,0.8396,40.1437009182335,40.323445431713,1.85862604939379,31.7809645594575,36.7543077172491,37.732292632832,45.7598554618491,0,0,0,0.00994576348319716,0.00999437313444822,NA,0,0,0,0.622449999999943
204,"core",80,"severe","70_30","moderate",0.1,"independent","mlma",5000,5000,0,0,0,0,0.100138938878499,0.000138938878499112,0.000138938878499112,0.0328309969855673,0.0331864763681207,1.01082755368988,0.0328280077404292,0.9482,0.0031342227106573,0.130088596910612,0.855,0.00497945780180935,0.000464300412032195,0.00032834280577813,NA,0.855,NA,NA,NA,NA,NA,NA,NA,NA,NA,NA,0.0119390830719851,0.00814248964771485,NA,0,0,0,0.403548
204,"core",80,"severe","70_30","moderate",0.1,"independent","mlma_cr2",5000,5000,0,0,0,0,0.100138938878499,0.000138938878499112,0.000138938878499112,0.0328309969855673,0.0331163713062703,1.00869222219564,0.0328280077404292,0.9542,0.00295642892693195,0.133836573445323,0.8384,0.00520548633654916,0.000464300412032195,0.00032834280577813,NA,0.8384,40.2550080407685,40.4083409257992,1.811690431594,32.1620188003856,37.0080481589236,37.9139158643221,45.4307406215657,0,0,0,0.0119390830719851,0.00814248964771485,NA,0,0,0,0.459150000000011
205,"core",80,"severe","70_30","severe",0,"independent","aggregate_hksj",5000,5000,0,0,0,0,-7.53934404729511e-05,-7.53934404729511e-05,7.53934404729511e-05,0.0358409187482372,0.0354087599213362,0.987942306112833,0.035837413782209,0.9442,0.00324611644892786,0.140986851799298,0.0558,0.00324611644892786,0.000506867133816692,0.000358445033778154,0.0558,NA,78,78,0,78,78,78,78,0,0,0,NA,NA,0.0161015791759476,0,0,0,0.0776140000000203
205,"core",80,"severe","70_30","severe",0,"independent","che_rve",5000,5000,0,0,0,0,1.80073733321863e-05,1.80073733321863e-05,1.80073733321863e-05,0.0350780674953028,0.034455910221245,0.98226363883526,0.0350745641356621,0.946,0.00319637294444813,0.139418507993576,0.054,0.00319637294444813,0.000496078787936961,0.000350815758283111,0.054,NA,38.7860174186552,38.9766035832381,2.52687704295427,24.6494746217964,34.3696055197859,35.5416660392649,45.9320454715057,0,0,0,0.00996115841000999,0.0100200502819872,NA,0,0,0,0.635281999999972
205,"core",80,"severe","70_30","severe",0,"independent","mlma",5000,5000,0,0,0,0,0.000179125377893804,0.000179125377893804,0.000179125377893804,0.0353673364346428,0.0347533992654464,0.982641125086394,0.0353642531758402,0.9396,0.00336903072114221,0.136230821801232,0.0604,0.00336903072114221,0.00050016966850884,0.000353708736988848,0.0604,NA,NA,NA,NA,NA,NA,NA,NA,NA,NA,NA,0.0127694694093042,0.00787610276573825,NA,0,0,0,0.407269999999968
205,"core",80,"severe","70_30","severe",0,"independent","mlma_cr2",5000,5000,0,0,0,0,0.000179125377893804,0.000179125377893804,0.000179125377893804,0.0353673364346428,0.0346806717349499,0.980584777681467,0.0353642531758402,0.9446,0.00323514574633045,0.140255046792853,0.0554,0.00323514574633045,0.00050016966850884,0.000353708736988848,0.0554,NA,39.4119155967505,39.5749094723583,2.2912401064947,28.6256461847804,35.3503659948287,36.4633411890064,45.8906757219465,0,0,0,0.0127694694093042,0.00787610276573825,NA,0,0,0,0.462341999999983
206,"core",80,"severe","70_30","severe",0.1,"independent","aggregate_hksj",5000,5000,0,0,0,0,0.0998735201034053,-0.000126479896594672,0.000126479896594672,0.0351581184686066,0.0354288426742236,1.00770019038017,0.0351548300061025,0.9506,0.0030646252625729,0.141066815178737,0.7966,0.00569259940624668,0.000497210879658234,0.000351616348079131,NA,0.7966,78,78,0,78,78,78,78,0,0,0,NA,NA,0.0161115630377286,0,0,0,0.0771260000000111
206,"core",80,"severe","70_30","severe",0.1,"independent","che_rve",5000,5000,0,0,0,0,0.0999140620857787,-8.59379142213318e-05,8.59379142213318e-05,0.0345301693120116,0.0344911361127369,0.998869591431134,0.0345268230731231,0.948,0.00313993630508646,0.139558408136123,0.8014,0.0056419507264775,0.00048833033752086,0.000345336228469817,NA,0.8014,38.8066087753093,39.0348463958574,2.4196077167514,24.8823088521194,34.6394299304073,35.7225327475664,46.1360472766746,0,0,0,0.00997042626444698,0.00998353221872045,NA,2e-04,0,0,0.635520000000029
206,"core",80,"severe","70_30","severe",0.1,"independent","mlma",5000,5000,0,0,0,0,0.0999953415052448,-4.65849475515812e-06,4.65849475515812e-06,0.0347794808524817,0.0347630849088311,0.999528574226852,0.034776003042501,0.9442,0.00324611644892786,0.136268788825634,0.8172,0.00546597036215895,0.00049185613513875,0.000347829593223461,NA,0.8172,NA,NA,NA,NA,NA,NA,NA,NA,NA,NA,0.0127816038976003,0.00785046612236622,NA,0,0,0,0.405294000000021
206,"core",80,"severe","70_30","severe",0.1,"independent","mlma_cr2",5000,5000,0,0,0,0,0.0999953415052448,-4.65849475515812e-06,4.65849475515812e-06,0.0347794808524817,0.03471744216661,0.998216227374559,0.034776003042501,0.9466,0.00317957355631223,0.140401146473071,0.797,0.00568842684755636,0.00049185613513875,0.000347829593223461,NA,0.797,39.4374670502173,39.6399705966726,2.24271786686868,27.5570464588652,35.6433904277867,36.5809724132161,48.197986063026,0,0,0,0.0127816038976003,0.00785046612236622,NA,0,0,0,0.46009399999999
207,"core",80,"severe","70_30","extreme",0,"independent","aggregate_hksj",5000,5000,0,0,0,0,-0.000211117492098815,-0.000211117492098815,0.000211117492098815,0.0379063583984971,0.0378163641386925,0.997625879572537,0.0379031555312929,0.9506,0.0030646252625729,0.150573195397263,0.0494,0.0030646252625729,0.000536076861473299,0.000379101496030271,0.0494,NA,78,78,0,78,78,78,78,0,0,0,NA,NA,0.0161371882189679,0,0,0,0.0779839999999298
207,"core",80,"severe","70_30","extreme",0,"independent","che_rve",5000,5000,0,0,0,0,-0.000187850200000157,-0.000187850200000157,0.000187850200000157,0.0374117454398713,0.0368691956588616,0.985497875743818,0.0374084757349988,0.9472,0.00316266216975509,0.149584249603488,0.0528,0.00316266216975509,0.000529081977931157,0.00037415487175685,0.0528,NA,35.9519189427511,36.218862697869,3.40731573631249,16.0797984687218,29.9152103503296,31.5561651734669,46.6291788891964,0,0,0,0.0100402151920968,0.00999903395022675,NA,0,0,0,0.617809999999964
207,"core",80,"severe","70_30","extreme",0,"independent","mlma",5000,5000,0,0,0,0,-0.000141704958667523,-0.000141704958667523,0.000141704958667523,0.0380625611045865,0.037756287878508,0.991953425697318,0.0380590184637508,0.9456,0.0032075111847038,0.148001928863604,0.0544,0.0032075111847038,0.000538285901327608,0.000380663679317305,0.0544,NA,NA,NA,NA,NA,NA,NA,NA,NA,NA,NA,0.0143924790519383,0.00762557430596048,NA,0,0,0,0.406020000000112
207,"core",80,"severe","70_30","extreme",0,"independent","mlma_cr2",5000,5000,0,0,0,0,-0.000141704958667523,-0.000141704958667523,0.000141704958667523,0.0380625611045865,0.0376779563580419,0.989895458020081,0.0380590184637508,0.9504,0.00307049963361014,0.152585560660842,0.0496,0.00307049963361014,0.000538285901327608,0.000380663679317305,0.0496,NA,37.872815923089,38.0331215702375,2.8676107420756,26.4268302607698,32.9900743032192,34.1947335612962,48.296170926558,0,0,0,0.0143924790519383,0.00762557430596048,NA,0,0,0,0.460892000000074
208,"core",80,"severe","70_30","extreme",0.1,"independent","aggregate_hksj",5000,5000,0,0,0,0,0.0994662054767538,-0.000533794523246173,0.000533794523246173,0.038176537407983,0.0378116032144371,0.990440877609042,0.0381764515828079,0.9468,0.00317394895989208,0.150554238853066,0.7346,0.00624440293382802,0.000539897769668133,0.000381803556344673,NA,0.7346,78,78,0,78,78,78,78,0,0,0,NA,NA,0.0161184221482789,0,0,0,0.0781500000000407
208,"core",80,"severe","70_30","extreme",0.1,"independent","che_rve",5000,5000,0,0,0,0,0.0994995421279136,-0.000500457872086357,0.000500457872086357,0.0375633732779468,0.0368196862103288,0.980201802907444,0.0375629507453515,0.9468,0.00317394895989208,0.149385358297801,0.7422,0.00618609990220009,0.000531226319381555,0.000375671301788191,NA,0.7422,35.9287776114228,36.208000898488,3.34994973167397,15.2909201322333,30.1094347721368,31.5772052532581,46.8536073076889,0,0,0,0.0100072887417311,0.0100139325133807,NA,6e-04,0,0,0.615848000000024
208,"core",80,"severe","70_30","extreme",0.1,"independent","mlma",5000,5000,0,0,0,0,0.0994044208707831,-0.000595579129216858,0.000595579129216858,0.0381163259589572,0.0377727260136951,0.990985491475962,0.0381171673691489,0.944,0.00325158422926425,0.148066365169483,0.7426,0.0061829643375973,0.000539046251189909,0.000381201381633933,NA,0.7426,NA,NA,NA,NA,NA,NA,NA,NA,NA,NA,0.0144036027534153,0.00762964711180098,NA,0,0,0,0.404065999999997
208,"core",80,"severe","70_30","extreme",0.1,"independent","mlma_cr2",5000,5000,0,0,0,0,0.0994044208707831,-0.000595579129216858,0.000595579129216858,0.0381163259589572,0.0376784836253736,0.988512997447472,0.0381171673691489,0.9492,0.00310545842026584,0.152587637800328,0.7254,0.00631181178426607,0.000539046251189909,0.000381201381633933,NA,0.7254,37.8735591802029,38.069200626561,2.87076829276816,26.3376994613574,32.9106768540668,34.1130914861729,48.2407539439196,0,0,0,0.0144036027534153,0.00762964711180098,NA,0,0,0,0.459227999999996
209,"core",80,"severe","85_15","balanced",0,"independent","aggregate_hksj",5000,5000,0,0,0,0,-0.00119157118819405,-0.00119157118819405,0.00119157118819405,0.0423224853814028,0.0430657281725274,1.01756141645337,0.0423350253596453,0.9536,0.00297479545515318,0.171474557397034,0.0464,0.00297479545515318,0.000598530328197169,0.00042326718264884,0.0464,NA,78,78,0,78,78,78,78,0,0,0,NA,NA,0.0161730585918854,0,0,0,0.0736759999999645
209,"core",80,"severe","85_15","balanced",0,"independent","che_rve",5000,5000,0,0,0,0,-0.00143464682463703,-0.00143464682463703,0.00143464682463703,0.0413344884804366,0.041395347912401,1.00147236446372,0.0413552468432144,0.9524,0.00301112072159188,0.177477500041428,0.0476,0.00301112072159188,0.000584557942027878,0.000413386225494053,0.0476,NA,14.0799039383888,14.1343739659045,0.562810663792949,10.6042880861593,13.1148666913322,13.377434603841,15.9328027882319,0,0,0,0.00998296251539444,0.0100080878728625,NA,0,0,0,0.582980000000015
209,"core",80,"severe","85_15","balanced",0,"independent","mlma",5000,5000,0,0,0,0,-0.00143464694892435,-0.00143464694892435,0.00143464694892435,0.0413344886562312,0.0419478536755827,1.01483906150268,0.0413552470231973,0.9492,0.00310545842026584,0.164432564865796,0.0508,0.00310545842026584,0.00058455794451399,0.000413386227252175,0.0508,NA,NA,NA,NA,NA,NA,NA,NA,NA,NA,NA,0.0116664665516608,0.00832458575267192,NA,0,0,0,0.376956000000048
209,"core",80,"severe","85_15","balanced",0,"independent","mlma_cr2",5000,5000,0,0,0,0,-0.00143464694892435,-0.00143464694892435,0.00143464694892435,0.0413344886562312,0.0413953480400083,1.00147236329166,0.0413552470231973,0.9524,0.00301112072159188,0.177477500300304,0.0476,0.00301112072159188,0.00058455794451399,0.000413386227252175,0.0476,NA,14.0799041783562,14.1343729230837,0.562810780322391,10.6042881038493,13.1148666550127,13.3774400170409,15.9328027298356,0,0,0,0.0116664665516608,0.00832458575267192,NA,0,0,0,0.430680000000012
210,"core",80,"severe","85_15","balanced",0.1,"independent","aggregate_hksj",5000,5000,0,0,0,0,0.100149193131315,0.000149193131315326,0.000149193131315326,0.0431514312012129,0.0430821429682796,0.99839430046688,0.0431473737798779,0.9484,0.00312849612433834,0.171539916093051,0.6232,0.0068530542096207,0.000610253392405648,0.000431557469917124,NA,0.6232,78,78,0,78,78,78,78,0,0,0,NA,NA,0.0161848457865172,0,0,0,0.0640119999998875
210,"core",80,"severe","85_15","balanced",0.1,"independent","che_rve",5000,5000,0,0,0,0,0.100253952462592,0.00025395246259155,0.00025395246259155,0.0418878403222198,0.0412376392705752,0.984477570420366,0.0418844212145718,0.9556,0.00291302729132427,0.176802167717816,0.5992,0.00693050301204754,0.000592383518822018,0.000418920297346744,NA,0.5992,14.0778333105096,14.1420600231549,0.563738219014973,9.68095558986476,13.0629629634197,13.3520230056218,15.9250170196715,0,0,2e-04,0.00998270603091114,0.00999968311488545,NA,0,0,0,0.50038599999998
210,"core",80,"severe","85_15","balanced",0.1,"independent","mlma",5000,5000,0,0,0,0,0.100253952357945,0.000253952357945078,0.000253952357945078,0.041887840485935,0.0419564054182503,1.00163686959079,0.0418844213776331,0.946,0.00319637294444813,0.164466087081064,0.655,0.00672272266273122,0.000592383521137301,0.00041892029898406,NA,0.655,NA,NA,NA,NA,NA,NA,NA,NA,NA,NA,0.0116662103440251,0.00831618081556621,NA,0,0,0,0.325317999999989
210,"core",80,"severe","85_15","balanced",0.1,"independent","mlma_cr2",5000,5000,0,0,0,0,0.100253952357945,0.000253952357945078,0.000253952357945078,0.041887840485935,0.0412376393745515,0.98447756905487,0.0418844213776331,0.9556,0.00291302729132427,0.17680216777682,0.5992,0.00693050301204754,0.000592383521137301,0.00041892029898406,NA,0.5992,14.0778336366856,14.1420599335807,0.563738260545599,9.68095551851665,13.0629634536344,13.352026562483,15.9250177910832,0,0,2e-04,0.0116662103440251,0.00831618081556621,NA,0,0,0,0.372455999999991
211,"core",80,"severe","85_15","moderate",0,"independent","aggregate_hksj",5000,5000,0,0,0,0,4.32194524145193e-05,4.32194524145193e-05,4.32194524145193e-05,0.0434633483743157,0.0438063542899983,1.00789184286329,0.0434590233127462,0.9528,0.00299907185642492,0.174423504067139,0.0472,0.00299907185642492,0.000614664567371038,0.00043467695361212,0.0472,NA,78,78,0,78,78,78,78,0,0,0,NA,NA,0.0161833048540203,0,0,0,0.0469199999999808
211,"core",80,"severe","85_15","moderate",0,"independent","che_rve",5000,5000,0,0,0,0,4.09696667829017e-06,4.09696667829017e-06,4.09696667829017e-06,0.0427292833867849,0.0420942988770134,0.985139359721443,0.0427250104412106,0.9518,0.00302908435009658,0.180615800471385,0.0482,0.00302908435009658,0.000604283320760745,0.000427335569561696,0.0482,NA,13.9669278918424,14.0348370842913,0.62458479153505,10.0216472033533,12.8323544421462,13.1780693533165,16.0840480533684,0,0,0,0.00998950817932005,0.00999387692717146,NA,0,0,0,0.357681999999931
211,"core",80,"severe","85_15","moderate",0,"independent","mlma",5000,5000,0,0,0,0,1.82121738180742e-05,1.82121738180742e-05,1.82121738180742e-05,0.0427722152845528,0.0427061382249313,0.998455140581757,0.0427679417268512,0.9446,0.00323514574633045,0.167404985679309,0.0554,0.00323514574633045,0.000604890469481563,0.000427764931477714,0.0554,NA,NA,NA,NA,NA,NA,NA,NA,NA,NA,NA,0.0119864395226588,0.00813895241488203,NA,0,0,0,0.230431999999951
211,"core",80,"severe","85_15","moderate",0,"independent","mlma_cr2",5000,5000,0,0,0,0,1.82121738180742e-05,1.82121738180742e-05,1.82121738180742e-05,0.0427722152845528,0.0421393179310782,0.985203072853158,0.0427679417268512,0.9524,0.00301112072159188,0.180768967134148,0.0476,0.00301112072159188,0.000604890469481563,0.000427764931477714,0.0476,NA,13.9996592390292,14.0557867372,0.606422701797979,10.5259673595072,12.9187611846864,13.2298603187871,16.187329881598,0,0,0,0.0119864395226588,0.00813895241488203,NA,0,0,0,0.265479999999961
212,"core",80,"severe","85_15","moderate",0.1,"independent","aggregate_hksj",5000,5000,0,0,0,0,0.100261443944878,0.000261443944877857,0.000261443944877857,0.0439866921870755,0.0438410033305047,0.996687887874106,0.0439830703416545,0.9496,0.00309385972532693,0.174561465948598,0.6198,0.00686509956227876,0.000622065766548928,0.000439910915162046,NA,0.6198,78,78,0,78,78,78,78,0,0,0,NA,NA,0.0162405970327017,0,0,0,0.0489179999998334
212,"core",80,"severe","85_15","moderate",0.1,"independent","che_rve",5000,5000,0,0,0,0,0.10034552163327,0.000345521633270021,0.000345521633270021,0.043030743917949,0.0421987540483031,0.980665222259873,0.0430278279529275,0.9508,0.00305873699425106,0.181054437592989,0.5872,0.00696270292343426,0.00060854661647767,0.000430350476379095,NA,0.5872,13.9723592089556,14.0450857075613,0.615110406035594,8.65273978239698,12.8610054549071,13.1875936391467,15.780104157972,0,0,2e-04,0.0100743580755522,0.0099736317697199,NA,2e-04,0,0,0.372698000000083
212,"core",80,"severe","85_15","moderate",0.1,"independent","mlma",5000,5000,0,0,0,0,0.100364985743293,0.000364985743292523,0.000364985743292523,0.0430156984897907,0.0428074051814735,0.995157737392857,0.0430129452734183,0.9474,0.00315699984162179,0.167801944854603,0.6498,0.00674625762923415,0.000608333841992139,0.000430200007049827,NA,0.6498,NA,NA,NA,NA,NA,NA,NA,NA,NA,NA,0.0120604424908265,0.00812065947163403,NA,0,0,0,0.238440000000221
212,"core",80,"severe","85_15","moderate",0.1,"independent","mlma_cr2",5000,5000,0,0,0,0,0.100364985743293,0.000364985743292523,0.000364985743292523,0.0430156984897907,0.0422401069414484,0.981969569818181,0.0430129452734183,0.9512,0.00304691844328003,0.181196535931243,0.5866,0.00696420045662099,0.000608333841992139,0.000430200007049827,NA,0.5866,14.0022320150481,14.0666571092049,0.598008280828537,10.1607920857717,12.9732312225482,13.2484970276529,15.7043621572394,0,0,0,0.0120604424908265,0.00812065947163403,NA,0,0,0,0.274788000000056
213,"core",80,"severe","85_15","severe",0,"independent","aggregate_hksj",5000,5000,0,0,0,0,-0.000613009344008199,-0.000613009344008199,0.000613009344008199,0.0447191615078155,0.0454678559769973,1.01674214014614,0.0447188911505723,0.951,0.00305283474822991,0.181039095593915,0.049,0.00305283474822991,0.000632424447023056,0.000447236340948655,0.049,NA,78,78,0,78,78,78,78,0,0,0,NA,NA,0.016088852408657,0,0,0,0.0413499999998865
213,"core",80,"severe","85_15","severe",0,"independent","che_rve",5000,5000,0,0,0,0,-0.000562343722466644,-0.000562343722466644,0.000562343722466644,0.0439943874610079,0.043740652704907,0.994232565316978,0.0439935820013087,0.9496,0.00309385972532693,0.188309505847864,0.0504,0.00309385972532693,0.000622174594156541,0.000439987875597798,0.0504,NA,13.5179675005267,13.6125309105473,0.871741085928842,7.42257252353326,11.9975851216724,12.4137842571678,16.1265669828716,0,0,0.0014,0.00993187007837978,0.0100025812007881,NA,0,0,0,0.316604000000106
213,"core",80,"severe","85_15","severe",0,"independent","mlma",5000,5000,0,0,0,0,-0.000593560696388398,-0.000593560696388398,0.000593560696388398,0.0443251543783272,0.0446572972270684,1.00749332638317,0.0443246960632637,0.9462,0.00319078548323136,0.175053388423909,0.0538,0.00319078548323136,0.000626852344761115,0.000443295875587532,0.0538,NA,NA,NA,NA,NA,NA,NA,NA,NA,NA,NA,0.0127368077173617,0.0078681061669466,NA,0,0,0,0.200320000000074
213,"core",80,"severe","85_15","severe",0,"independent","mlma_cr2",5000,5000,0,0,0,0,-0.000593560696388398,-0.000593560696388398,0.000593560696388398,0.0443251543783272,0.0440002778062822,0.992670604838236,0.0443246960632637,0.949,0.00311123769583746,0.189161558586817,0.051,0.00311123769583746,0.000626852344761115,0.000443295875587532,0.051,NA,13.7117371946403,13.79178928793,0.805087517159193,9.95005737703007,12.298578423644,12.648045079987,16.1148699794512,0,0,4e-04,0.0127368077173617,0.0078681061669466,NA,0,0,0,0.231308000000007
214,"core",80,"severe","85_15","severe",0.1,"independent","aggregate_hksj",5000,5000,0,0,0,0,0.0999727725818698,-2.72274181302296e-05,2.72274181302296e-05,0.0455372895814385,0.0455280582927617,0.999797280673452,0.0455327437654223,0.9478,0.00314563697841948,0.181278802801665,0.5852,0.00696765326347401,0.000643994525197813,0.000455418439935698,NA,0.5852,78,78,0,78,78,78,78,0,0,0,NA,NA,0.0161497218340836,0,0,0,0.0418479999999312
214,"core",80,"severe","85_15","severe",0.1,"independent","che_rve",5000,5000,0,0,0,0,0.0999900310718685,-9.96892813151518e-06,9.96892813151518e-06,0.0445912418813703,0.0439709417711773,0.986089194110286,0.0445867836486542,0.9512,0.00304691844328003,0.189287648349149,0.5524,0.00703212969163681,0.00063061539031693,0.000445957016745386,NA,0.5524,13.5258795687937,13.6323778877741,0.884246747208331,7.19303417931946,11.9665878928467,12.383843475489,15.9653285797324,0,0,0.002,0.00998643177859755,0.0099994806616604,NA,0,0,0,0.319803999999995
214,"core",80,"severe","85_15","severe",0.1,"independent","mlma",5000,5000,0,0,0,0,0.0999551776315881,-4.48223684118704e-05,4.48223684118704e-05,0.0449371128703978,0.0446647862148823,0.993939827502917,0.0449326412905914,0.9464,0.00318518570887162,0.175082744716701,0.6102,0.00689718725278646,0.000635506744752072,0.000449416072558539,NA,0.6102,NA,NA,NA,NA,NA,NA,NA,NA,NA,NA,0.0127845397129503,0.0078577819119882,NA,0,0,0,0.201847999999963
214,"core",80,"severe","85_15","severe",0.1,"independent","mlma_cr2",5000,5000,0,0,0,0,0.0999551776315881,-4.48223684118704e-05,4.48223684118704e-05,0.0449371128703978,0.0441983641307953,0.98356038711848,0.0449326412905914,0.9508,0.00305873699425106,0.189996575473857,0.548,0.00703840891111052,0.000635506744752072,0.000449416072558539,NA,0.548,13.721626246165,13.7991581276166,0.811011607767372,7.48298328668731,12.2600041287188,12.6692353311983,16.0976060389443,0,0,6e-04,0.0127845397129503,0.0078577819119882,NA,0,0,0,0.23308400000004
215,"core",80,"severe","85_15","extreme",0,"independent","aggregate_hksj",5000,5000,0,0,0,0,0.000285585021878834,0.000285585021878834,0.000285585021878834,0.0493201727084068,0.0485697733926165,0.984785144199986,0.0493160673503534,0.9478,0.00314563697841948,0.193389981983077,0.0522,0.00314563697841947,0.000697492571428122,0.000493251054656035,0.0522,NA,78,78,0,78,78,78,78,0,0,0,NA,NA,0.0160960438900678,0,0,0,0.0434960000000923
215,"core",80,"severe","85_15","extreme",0,"independent","che_rve",5000,5000,0,0,0,0,0.000248613460728745,0.000248613460728745,0.000248613460728745,0.0486190124474191,0.0468139006457714,0.962872306310213,0.0486147860052975,0.9476,0.00315132480077824,0.203258253860188,0.0524,0.00315132480077824,0.000687576667923264,0.000486238750780706,0.0524,NA,12.5297915283303,12.6125927425547,1.27989063842901,5.94567555645877,10.3035214339423,10.8995494325879,15.8879777658357,0,0,0.0344,0.00999551577091871,0.010000710870933,NA,4e-04,0,0,0.887758000000077
215,"core",80,"severe","85_15","extreme",0,"independent","mlma",5000,5000,0,0,0,0,0.000289419366155981,0.000289419366155981,0.000289419366155981,0.0494637101711695,0.0484597358648343,0.97970281034599,0.0494596103476583,0.9422,0.00330027756408457,0.189958673990798,0.0578,0.00330027756408457,0.000699522497693599,0.00049468657284266,0.0578,NA,NA,NA,NA,NA,NA,NA,NA,NA,NA,NA,0.01432091984662,0.00763642174133982,NA,0,0,0,0.205853999999969
215,"core",80,"severe","85_15","extreme",0,"independent","mlma_cr2",5000,5000,0,0,0,0,0.000289419366155981,0.000289419366155981,0.000289419366155981,0.0494637101711695,0.0477686298381079,0.965730829183743,0.0494596103476583,0.9472,0.00316266216975509,0.206312075608888,0.0528,0.00316266216975509,0.000699522497693599,0.00049468657284266,0.0528,NA,13.1522093709054,13.2115163693551,1.12935452760723,7.13280134127879,11.2570169311558,11.7271978144052,16.2903128744855,0,0,0.0084,0.01432091984662,0.00763642174133982,NA,0,0,0,0.237889999999912
216,"core",80,"severe","85_15","extreme",0.1,"independent","aggregate_hksj",5000,5000,0,0,0,0,0.100494158474091,0.000494158474090636,0.000494158474090636,0.0485055662649325,0.0486522544577931,1.00302415174496,0.048503232812747,0.9534,0.00298088711627931,0.193718396356756,0.5318,0.00705675222747689,0.000685972296624544,0.000485104175492638,NA,0.5318,78,78,0,78,78,78,78,0,0,0,NA,NA,0.0161182727190436,0,0,0,0.0562440000000396
216,"core",80,"severe","85_15","extreme",0.1,"independent","che_rve",5000,5000,0,0,0,0,0.100487584526502,0.000487584526502077,0.000487584526502077,0.0477618101059473,0.0469541492355632,0.98308981865234,0.0477595226647643,0.952,0.00302311098043059,0.203904064510965,0.5026,0.00707097221038239,0.00067545399615319,0.000477665870035045,NA,0.5026,12.5049655648232,12.6057740801198,1.29208306925674,6.53976842658015,10.2597288653298,10.8171730343247,16.5232048197826,0,0,0.038,0.00999447072034512,0.010020647721415,NA,2e-04,0,0,0.428952000000003
216,"core",80,"severe","85_15","extreme",0.1,"independent","mlma",5000,5000,0,0,0,0,0.100467225469798,0.000467225469798174,0.000467225469798174,0.0487263951762395,0.0485267990835552,0.995903737759332,0.0487237625209026,0.9484,0.00312849612433834,0.190221556977559,0.5458,0.00704134021334007,0.000689095289037889,0.000487312685467749,NA,0.5458,NA,NA,NA,NA,NA,NA,NA,NA,NA,NA,0.0143427255484483,0.00763918432887216,NA,0,0,0,0.288538000000056
216,"core",80,"severe","85_15","extreme",0.1,"independent","mlma_cr2",5000,5000,0,0,0,0,0.100467225469798,0.000467225469798174,0.000467225469798174,0.0487263951762395,0.047965975654109,0.984394094424999,0.0487237625209026,0.9566,0.00288154264240528,0.207175060041948,0.4858,0.0070682156164056,0.000689095289037889,0.000487312685467749,NA,0.4858,13.138516777672,13.2123739292056,1.12925626738957,8.08300073198756,11.1575147823702,11.696100724322,16.2378868003101,0,0,0.0062,0.0143427255484483,0.00763918432887216,NA,0,0,0,0.328917999999919
217,"alignment",20,"severe","85_15","extreme",0,"n_majority","aggregate_hksj",5000,5000,0,0,0,0,-0.00114346356587649,-0.00114346356587649,0.00114346356587649,0.143823251511123,0.144612797099639,1.00548969363591,0.143813414390394,0.9632,0.00266254614983478,0.607640425455074,0.0368,0.00266254614983478,0.00203396792871627,0.00143837635993982,0.0368,NA,18,18,0,18,18,18,18,0,0,0,NA,NA,0.0160222641816571,0,0,2e-04,0.0321860000000046
217,"alignment",20,"severe","85_15","extreme",0,"n_majority","che_rve",5000,5000,0,0,0,0,-0.000965038902638691,-0.000965038902638691,0.000965038902638691,0.143483684492118,0.129190371152469,0.900383702925926,0.143472581011057,0.9716,0.00234918879615922,1.04712639843632,0.0284,0.00234918879615922,0.00202916572588016,0.00143498035013182,0.0284,NA,2.13813852829515,2.14644917043233,0.118931147249926,1.71745169342303,1.92444079536332,1.98109328207645,2.53230674047402,0.124,1,1,0.0100497019811145,0.00996396174719867,NA,0.0572,0,0,0.374338000000004
217,"alignment",20,"severe","85_15","extreme",0,"n_majority","mlma",5000,5000,0,0,0,0,-0.00132584074996357,-0.00132584074996357,0.00132584074996357,0.148141202590992,0.124815170358938,0.842541900402575,0.14813232123888,0.89,0.00442492937796752,0.489266477255498,0.11,0.00442492937796752,0.00209503297850442,0.0014815601893374,0.11,NA,NA,NA,NA,NA,NA,NA,NA,NA,NA,NA,0.0138518273958651,0.00739610193284482,NA,0.0092,0.0012,0,0.296305999999993
217,"alignment",20,"severe","85_15","extreme",0,"n_majority","mlma_cr2",5000,5000,0,0,0,0,-0.00132584074996357,-0.00132584074996357,0.00132584074996357,0.148141202590992,0.124134036237318,0.837944029521908,0.14813232123888,0.9736,0.00226729089443768,1.07080281679138,0.0264,0.00226729089443768,0.00209503297850442,0.0014815601893374,0.0264,NA,2.00691521492798,2.03619848502298,0.238752534906192,1.24268309149059,1.59081853321653,1.68508545660496,3.10823824490425,0.4466,1,1,0.0138518273958651,0.00739610193284482,NA,0.0092,0.0012,0,0.315067999999992
218,"alignment",20,"severe","85_15","extreme",0,"n_minority","aggregate_hksj",5000,5000,0,0,0,0,-0.00065753910643114,-0.00065753910643114,0.00065753910643114,0.0852058568222311,0.0825736369311027,0.969107523950845,0.085199873162345,0.9338,0.00351617860752266,0.34696154754283,0.0662,0.00351617860752266,0.00120499278311619,0.000852143786862143,0.0662,NA,18,18,0,18,18,18,18,0,0,0,NA,NA,0.0160960417292952,0,0,4e-04,0.0309320000000051
218,"alignment",20,"severe","85_15","extreme",0,"n_minority","che_rve",5000,5000,0,0,0,0,-0.000493276000491936,-0.000493276000491936,0.000493276000491936,0.0844675074216883,0.0773053814114395,0.915208507639592,0.0844605007046703,0.9594,0.00279111590586991,0.489566170287744,0.0406,0.00279111590586991,0.00119455094575602,0.000844759554396543,0.0406,NA,3.09228243929216,3.02003557214492,0.387395150386178,2.19256698730953,2.71214414815214,2.80273374499141,10.0209395676571,0,0.9742,0.9998,0.0101577142384491,0.0100029770277719,NA,0.0788,0,0,0.36764200000001
218,"alignment",20,"severe","85_15","extreme",0,"n_minority","mlma",5000,5000,0,0,0,0,-0.000258615135508374,-0.000258615135508374,0.000258615135508374,0.0847373310019068,0.0871679276454038,1.02868389427373,0.0847292515254441,0.932,0.00356022471200906,0.341691997583969,0.068,0.00356022471200906,0.00119836682742195,0.000847458060062788,0.068,NA,NA,NA,NA,NA,NA,NA,NA,NA,NA,NA,0.0146919106599075,0.00740194820001343,NA,0.01,0.0022,0,0.28046
218,"alignment",20,"severe","85_15","extreme",0,"n_minority","mlma_cr2",5000,5000,0,0,0,0,-0.000258615135508374,-0.000258615135508374,0.000258615135508374,0.0847373310019068,0.078480758914539,0.926165103226735,0.0847292515254441,0.9674,0.00251146331846595,0.508314928102599,0.0326,0.00251146331846595,0.00119836682742195,0.000847458060062788,0.0326,NA,2.92808451917745,2.91649743189438,0.209785970287828,1.91137565790534,2.64249354097145,2.74341547464935,5.2288372120659,6e-04,0.9964,1,0.0146919106599075,0.00740194820001343,NA,0.01,0.0022,0,0.298299999999989
219,"alignment",20,"severe","85_15","extreme",0,"nk_majority","aggregate_hksj",5000,5000,0,0,0,2e-04,0.00112546716665566,0.00112546716665566,0.00112546716665566,0.160647792166693,0.157052398365478,0.977619401096503,0.160635669332035,0.9578,0.00284320804725929,0.659909690397498,0.0422,0.00284320804725929,0.00227190286447432,0.00160663859356029,0.0422,NA,18,18,0,18,18,18,18,0,0,0,NA,NA,0.0143514520903201,0,0,4e-04,0.0310599999999886
219,"alignment",20,"severe","85_15","extreme",0,"nk_majority","che_rve",5000,5000,0,0,0,0,0.00123373140747265,0.00123373140747265,0.00123373140747265,0.160533812505357,0.143603490548354,0.894537345791637,0.160522499450075,0.962,0.0027039230758289,1.1514711928005,0.038,0.0027039230758289,0.00227029094864535,0.00160549868295016,0.038,NA,2.16052356145103,2.16122888849323,0.0624962550369207,2.00953650810714,2.05431292352438,2.07925429465329,2.41042415109492,0,1,1,0.010116071253799,0.0100402189057416,NA,0.0202,0,0,0.333735999999988
219,"alignment",20,"severe","85_15","extreme",0,"nk_majority","mlma",5000,5000,0,0,0,0,0.00123475554365153,0.00123475554365153,0.00123475554365153,0.160540047627585,0.160634222536325,1.00058661318551,0.160528741638815,0.9494,0.00309966578843591,0.629674581711579,0.0506,0.00309966578843591,0.00227037912658953,0.0016055610404085,0.0506,NA,NA,NA,NA,NA,NA,NA,NA,NA,NA,NA,0.0111306112177845,0.00932493410732411,NA,0.0076,0,0,0.277772
219,"alignment",20,"severe","85_15","extreme",0,"nk_majority","mlma_cr2",5000,5000,0,0,0,0,0.00123475554365153,0.00123475554365153,0.00123475554365153,0.160540047627585,0.143636552345045,0.894708544488836,0.160528741638815,0.9616,0.00271755183943195,1.15164705418917,0.0384,0.00271755183943195,0.00227037912658953,0.0016055610404085,0.0384,NA,2.16075384005141,2.16092274302749,0.0619855378088127,1.99291149416178,2.0572622858605,2.08127862233367,2.40696460422815,6e-04,1,1,0.0111306112177845,0.00932493410732411,NA,0.0076,0,0,0.295607999999994
220,"alignment",20,"severe","85_15","extreme",0,"nk_minority","aggregate_hksj",5000,5000,0,0,0,0,0.00018698300496983,0.00018698300496983,0.00018698300496983,0.0724159602283959,0.0795109381780596,1.09797533481965,0.0724089596955073,0.9552,0.00292550713552368,0.334092564917056,0.0448,0.00292550713552369,0.00102411633087268,0.000724232029108392,0.0448,NA,18,18,0,18,18,18,18,0,0,0,NA,NA,0.0145362307989635,0,0,6e-04,0.031328000000009
220,"alignment",20,"severe","85_15","extreme",0,"nk_minority","che_rve",5000,5000,0,0,0,0,5.73367498516362e-05,5.73367498516362e-05,5.73367498516362e-05,0.0722715765935521,0.0685435001899722,0.9484157316154,0.0722643718208627,0.9526,0.00300510365877785,0.38649943451591,0.0474,0.00300510365877785,0.00102207443792687,0.000722788048354658,0.0474,NA,4.16237581250779,3.90552863801004,0.827257092873089,3.07821937784335,3.32961840407475,3.40586682050528,6.88754280069395,0,0.5592,1,0.0100226771459548,0.0100395138117327,NA,0.0312,0,0,0.341838000000018
220,"alignment",20,"severe","85_15","extreme",0,"nk_minority","mlma",5000,5000,0,0,0,0,5.92025388926081e-05,5.92025388926081e-05,5.92025388926081e-05,0.0723136429481219,0.0710143876053998,0.982033053656911,0.0723064354589396,0.915,0.003943982758583,0.278371284181502,0.085,0.003943982758583,0.0010226693460184,0.000723208753973022,0.085,NA,NA,NA,NA,NA,NA,NA,NA,NA,NA,NA,0.0110666616715518,0.00931653798730005,NA,0.0112,0,0,0.279777999999999
220,"alignment",20,"severe","85_15","extreme",0,"nk_minority","mlma_cr2",5000,5000,0,0,0,0,5.92025388926081e-05,5.92025388926081e-05,5.92025388926081e-05,0.0723136429481219,0.0685689764020138,0.948216319999332,0.0723064354589396,0.9556,0.00291302729132427,0.391548556018912,0.0444,0.00291302729132427,0.0010226693460184,0.000723208753973022,0.0444,NA,3.9590636861602,3.78212294844135,0.624321663910152,3.05800769037988,3.28861646271455,3.35884946818433,6.00501574768399,0,0.6548,1,0.0110666616715518,0.00931653798730005,NA,0.0112,0,0,0.297789999999995
221,"alignment",20,"severe","85_15","extreme",0.1,"n_majority","aggregate_hksj",5000,5000,0,0,0,0,0.0997710322946523,-0.00022896770534768,0.00022896770534768,0.146208519538628,0.145227963603191,0.993293441869659,0.146194077259136,0.9608,0.0027445713690848,0.610225259186536,0.0876,0.00399815557476194,0.0020677007126602,0.00146223142584075,NA,0.0876,18,18,0,18,18,18,18,0,0,0,NA,NA,0.0162866094215197,0,0,4e-04,0.0313260000000046
221,"alignment",20,"severe","85_15","extreme",0.1,"n_majority","che_rve",5000,5000,0,0,0,0,0.0998939116573009,-0.000106088342699123,0.000106088342699123,0.146130020065918,0.130741789546602,0.894694940078881,0.146115444846359,0.9686,0.00246633493264804,1.05948136599552,0.0562,0.00325704037432759,0.00206659056247074,0.00146144635260241,NA,0.0562,2.13982195231473,2.14971759607095,0.119435600769449,1.72452780421833,1.9292139660832,1.98096099322278,2.58971955387573,0.1186,1,1,0.0101897928253603,0.00999314582653472,NA,0.0626,0,0,0.364619999999936
221,"alignment",20,"severe","85_15","extreme",0.1,"n_majority","mlma",5000,5000,0,0,0,0,0.100317898339758,0.000317898339758052,0.000317898339758052,0.150590117474586,0.12519200862536,0.831342791445049,0.150575393287442,0.879,0.00461213616451206,0.490743656115868,0.191,0.0055591186351795,0.00212966586491917,0.00150605178745562,NA,0.191,NA,NA,NA,NA,NA,NA,NA,NA,NA,NA,0.0140848043345727,0.00736464507150694,NA,0.0074,0.0024,0,0.284567999999977
221,"alignment",20,"severe","85_15","extreme",0.1,"n_majority","mlma_cr2",5000,5000,0,0,0,0,0.100317898339758,0.000317898339758052,0.000317898339758052,0.150590117474586,0.12507234923047,0.830548188207483,0.150575393287442,0.9676,0.0025040063897682,1.0762824655941,0.0532,0.00317394895989208,0.00212966586491917,0.00150605178745562,NA,0.0532,2.0124764453873,2.04030057868629,0.239445460867614,1.25166733094629,1.59182542155345,1.68811783311233,3.16376851226773,0.4376,1,1,0.0140848043345727,0.00736464507150694,NA,0.0074,0.0024,0,0.302714000000006
222,"alignment",20,"severe","85_15","extreme",0.1,"n_minority","aggregate_hksj",5000,5000,0,0,0,0,0.100092254699221,9.22546992210976e-05,9.22546992210976e-05,0.0857732352227292,0.0821309698901069,0.957536108750424,0.0857647070882135,0.9328,0.00354073890593475,0.345101529656998,0.2226,0.00588301351349799,0.00121301672540601,0.000857818138330645,NA,0.2226,18,18,0,18,18,18,18,0,0,0,NA,NA,0.0158940985274784,0,0,6e-04,0.0314640000000458
222,"alignment",20,"severe","85_15","extreme",0.1,"n_minority","che_rve",5000,5000,0,0,0,0,0.100727112662254,0.000727112662254004,0.000727112662254004,0.0846244218806659,0.0768900548972814,0.908603606246301,0.0846190830303946,0.9606,0.00275127752144345,0.486850016948007,0.1306,0.00476536756189908,0.0011967700513162,0.000846328855924319,NA,0.1306,3.09440009455868,3.01605934930216,0.385347054126178,2.21995633462783,2.71311708592264,2.79990898762509,7.18053836539622,0,0.9686,1,0.00993721851187467,0.00998029269909884,NA,0.0762,0,0,0.376678000000026
222,"alignment",20,"severe","85_15","extreme",0.1,"n_minority","mlma",5000,5000,0,0,0,0,0.100453018474783,0.000453018474782504,0.000453018474782504,0.084698570061215,0.0870103314162578,1.02729398327943,0.0846913113996882,0.9348,0.00349138826256834,0.341074231717518,0.2266,0.00592034526020231,0.00119781866494178,0.000847070411889115,NA,0.2266,NA,NA,NA,NA,NA,NA,NA,NA,NA,NA,0.0145933899615956,0.00736072041256253,NA,0.009,0.0032,0,0.285019999999998
222,"alignment",20,"severe","85_15","extreme",0.1,"n_minority","mlma_cr2",5000,5000,0,0,0,0,0.100453018474783,0.000453018474782504,0.000453018474782504,0.084698570061215,0.0782202535490601,0.923513271741509,0.0846913113996882,0.971,0.00237314137800511,0.506622942886836,0.1114,0.004449495252273,0.00119781866494178,0.000847070411889115,NA,0.1114,2.92792827059776,2.91577325307042,0.20636575725798,1.82483634323223,2.65580870663557,2.74898833375652,5.17004820287252,6e-04,0.9974,1,0.0145933899615956,0.00736072041256253,NA,0.009,0.0032,0,0.302989999999985
223,"alignment",20,"severe","85_15","extreme",0.1,"nk_majority","aggregate_hksj",5000,5000,0,0,0,0,0.0990853224374961,-0.000914677562503949,0.000914677562503949,0.162280373888312,0.15672963543855,0.965795380447039,0.162266723022387,0.9558,0.00290676314824583,0.658553490903587,0.0864,0.00397328680062238,0.00229499105659828,0.00162296604360313,NA,0.0864,18,18,0,18,18,18,18,0,0,0,NA,NA,0.0141928047895764,0,0,4e-04,0.0317200000000114
223,"alignment",20,"severe","85_15","extreme",0.1,"nk_majority","che_rve",5000,5000,0,0,0,0,0.0990186287686742,-0.000981371231325787,0.000981371231325787,0.162223352658706,0.143955960542633,0.887393573017163,0.162210098187798,0.9596,0.00278452293939195,1.15490830532997,0.0608,0.00337944847571316,0.00229418465463576,0.00162239577427728,NA,0.0608,2.159316998944,2.15821485384813,0.0638025148243435,2.01230500790648,2.05000619148741,2.07638607715467,2.41652930319955,0,1,1,0.0100494226628186,0.00998064140982572,NA,0.0212,0,0,0.34149400000003
223,"alignment",20,"severe","85_15","extreme",0.1,"nk_majority","mlma",5000,5000,0,0,0,0,0.0990040732096353,-0.000995926790364698,0.000995926790364698,0.16222421451191,0.160460704723535,0.989129182756834,0.162211048652745,0.9486,0.00312275647465504,0.628994404384089,0.1014,0.00426891180513254,0.00229419684308066,0.0016224043936713,NA,0.1014,NA,NA,NA,NA,NA,NA,NA,NA,NA,NA,0.0110623304299472,0.00925938411768167,NA,0.0082,0,0,0.284711999999997
223,"alignment",20,"severe","85_15","extreme",0.1,"nk_majority","mlma_cr2",5000,5000,0,0,0,0,0.0990040732096353,-0.000995926790364698,0.000995926790364698,0.16222421451191,0.14398566567703,0.887571970129398,0.162211048652745,0.96,0.0027712812921102,1.15499360866679,0.0608,0.00337944847571316,0.00229419684308066,0.0016224043936713,NA,0.0608,2.15959589106627,2.15853668075156,0.0631431362942641,1.99292535185907,2.05521748460221,2.07810747876363,2.41426565134865,8e-04,1,1,0.0110623304299472,0.00925938411768167,NA,0.0082,0,0,0.302837999999963
224,"alignment",20,"severe","85_15","extreme",0.1,"nk_minority","aggregate_hksj",5000,5000,0,0,0,0,0.0995811017588249,-0.000418898241175081,0.000418898241175081,0.0728155062395274,0.079536367212379,1.0922998591913,0.0728094293691781,0.9574,0.00285605462132642,0.334199413754384,0.216,0.00581969071343143,0.00102976676475002,0.00072822788882566,NA,0.216,18,18,0,18,18,18,18,0,0,0,NA,NA,0.0145730615077504,0,0,4e-04,0.0319079999999747
224,"alignment",20,"severe","85_15","extreme",0.1,"nk_minority","che_rve",5000,5000,0,0,0,0,0.0996239499024588,-0.000376050097541214,0.000376050097541214,0.0726716256884915,0.0684881348181461,0.942432953292141,0.0726653312168054,0.9542,0.00295642892693195,0.38640166814141,0.184,0.00547985401265399,0.00102773198648366,0.000726788939413165,NA,0.184,4.15132121135752,3.89525209722004,0.818466024331386,3.04291182975165,3.3208318109401,3.41224439534349,6.81501050764739,0,0.5728,1,0.0100936766007976,0.00998023894218636,NA,0.033,0,0,0.348656000000009
224,"alignment",20,"severe","85_15","extreme",0.1,"nk_minority","mlma",5000,5000,0,0,0,0,0.0996565523946096,-0.000343447605390429,0.000343447605390429,0.0726879037924266,0.0711344598411168,0.978628576829702,0.0726814461036871,0.915,0.003943982758583,0.278841958696599,0.314,0.00656359657504938,0.0010279621936372,0.000726951736733062,NA,0.314,NA,NA,NA,NA,NA,NA,NA,NA,NA,NA,0.011132192102358,0.00926560997491436,NA,0.0134,0,0,0.286198000000041
224,"alignment",20,"severe","85_15","extreme",0.1,"nk_minority","mlma_cr2",5000,5000,0,0,0,0,0.0996565523946096,-0.000343447605390429,0.000343447605390429,0.0726879037924266,0.0684879232900514,0.942218989911044,0.0726814461036871,0.9568,0.00287519599331941,0.391284483427951,0.1776,0.00540478010653533,0.0010279621936372,0.000726951736733062,NA,0.1776,3.95188045077827,3.7707742382197,0.621102501397627,3.0273115757005,3.2818795589677,3.36284861475667,6.00317698218598,0,0.6618,1,0.011132192102358,0.00926560997491436,NA,0.0134,0,0,0.304302000000016
225,"alignment",40,"severe","85_15","extreme",0,"n_majority","aggregate_hksj",5000,5000,0,0,0,0,-0.00172900950296118,-0.00172900950296118,0.00172900950296118,0.102418060475734,0.101411321169322,0.990170295143889,0.102422413043484,0.952,0.00302311098043059,0.410592973459555,0.048,0.00302311098043059,0.0014484101015673,0.00102428303818308,0.048,NA,38,38,0,38,38,38,38,0,0,0,NA,NA,0.0161389449128044,0,0,0,0.0459740000000194
225,"alignment",40,"severe","85_15","extreme",0,"n_majority","che_rve",5000,5000,0,0,0,0,-0.0015857262331917,-0.0015857262331917,0.0015857262331917,0.102116635847753,0.0953169339433987,0.933412398010333,0.102118736200003,0.95,0.00308220700148449,0.483857359688454,0.05,0.00308220700148449,0.00144414731359806,0.00102126849043342,0.05,NA,5.23040109042384,5.26423728484186,0.278434685165542,3.96103805372806,4.71307924462143,4.85834302442039,5.9855798656409,0,2e-04,1,0.0100249406157742,0.0100031554613057,NA,0.0088,0,0,0.417209999999998
225,"alignment",40,"severe","85_15","extreme",0,"n_majority","mlma",5000,5000,0,0,0,0,-0.000631253313805208,-0.000631253313805208,0.000631253313805208,0.106168219494568,0.0861832743694256,0.81176151186971,0.106159478960792,0.8828,0.00454893745835222,0.337832227667616,0.1172,0.00454893745835222,0.00150144535902221,0.00106178837909306,0.1172,NA,NA,NA,NA,NA,NA,NA,NA,NA,NA,NA,0.0140298631618083,0.00759030630063689,NA,6e-04,0,0,0.321229999999947
225,"alignment",40,"severe","85_15","extreme",0,"n_majority","mlma_cr2",5000,5000,0,0,0,0,-0.000631253313805208,-0.000631253313805208,0.000631253313805208,0.106168219494568,0.0942456050748634,0.887700721774707,0.106159478960792,0.9488,0.0031170036894428,0.507407984508553,0.0512,0.0031170036894428,0.00150144535902221,0.00106178837909306,0.0512,NA,4.43940300279957,4.44806443634438,0.692782431892904,1.84143269648256,3.26985895053069,3.51388163886258,6.62530793053069,4e-04,0.2664,1,0.0140298631618083,0.00759030630063689,NA,6e-04,0,0,0.351247999999969
226,"alignment",40,"severe","85_15","extreme",0,"n_minority","aggregate_hksj",5000,5000,0,0,0,0,0.000704839055689817,0.000704839055689817,0.000704839055689817,0.0607615586544274,0.0594473156949648,0.978370486396881,0.0607595705614171,0.9416,0.00331630637909105,0.240689597906238,0.0584,0.00331630637909105,0.000859298203200196,0.000607676357218682,0.0584,NA,38,38,0,38,38,38,38,0,0,0,NA,NA,0.0161703621252227,0,0,0,0.0457940000000133
226,"alignment",40,"severe","85_15","extreme",0,"n_minority","che_rve",5000,5000,0,0,0,0,0.000808053564798952,0.000808053564798952,0.000808053564798952,0.0599526916014358,0.0569811294400368,0.950434883205013,0.0599521418781214,0.9468,0.00317394895989208,0.266938123627283,0.0532,0.00317394895989208,0.00084785909563522,0.000599586877700362,0.0532,NA,7.38244621680657,7.40480723554835,0.588150904528791,4.04180137297002,6.42765478230452,6.81935319236223,11.8309697886699,0,0,0.998,0.0100605545076337,0.00995180690216489,NA,0.0104,0,0,0.417623999999957
226,"alignment",40,"severe","85_15","extreme",0,"n_minority","mlma",5000,5000,0,0,0,0,0.00080683502715344,0.00080683502715344,0.00080683502715344,0.0600190688717298,0.0625118301760402,1.04153282200425,0.0600184900948436,0.946,0.00319637294444813,0.245041871505446,0.054,0.00319637294444813,0.000848797811994051,0.000600250716790531,0.054,NA,NA,NA,NA,NA,NA,NA,NA,NA,NA,NA,0.014592835106664,0.00751573233148438,NA,2e-04,0,0,0.319867999999973
226,"alignment",40,"severe","85_15","extreme",0,"n_minority","mlma_cr2",5000,5000,0,0,0,0,0.00080683502715344,0.00080683502715344,0.00080683502715344,0.0600190688717298,0.0577400052635416,0.962027674686874,0.0600184900948436,0.953,0.00299302522541993,0.271428983606627,0.047,0.00299302522541993,0.000848797811994051,0.000600250716790531,0.047,NA,7.22891932555638,7.23387776059223,0.312345007720992,3.65487942683416,6.75861942581732,6.91609866249961,8.9086612355388,0,2e-04,1,0.014592835106664,0.00751573233148438,NA,2e-04,0,0,0.35013200000002
227,"alignment",40,"severe","85_15","extreme",0,"nk_majority","aggregate_hksj",5000,5000,0,0,0,0,0.000667709439583932,0.000667709439583932,0.000667709439583932,0.1134159288987,0.110410376090738,0.973499729384165,0.113406552408867,0.9532,0.00298696367570816,0.447028241986831,0.0468,0.00298696367570816,0.00160394344837684,0.00113427272193112,0.0468,NA,38,38,0,38,38,38,38,0,0,0,NA,NA,0.0142346355288505,0,0,0,0.0462839999999938
227,"alignment",40,"severe","85_15","extreme",0,"nk_majority","che_rve",5000,5000,0,0,0,0,0.000658688146068325,0.000658688146068325,0.000658688146068325,0.11328548202357,0.10807432383788,0.953999770380059,0.113276068025417,0.9574,0.00285605462132642,0.544210984467214,0.0426,0.00285605462132642,0.00160209865097705,0.00113296812271337,0.0426,NA,5.37222280281694,5.37488363836747,0.113334245649135,4.98239678547092,5.18352386182205,5.22416907870963,5.78780611077158,0,0,1,0.0100608609413868,0.00999807278405376,NA,0.001,0,0,0.423232000000017
227,"alignment",40,"severe","85_15","extreme",0,"nk_majority","mlma",5000,5000,0,0,0,0,0.000670394301322323,0.000670394301322323,0.000670394301322323,0.113266884478165,0.112701367906291,0.995007220561605,0.113257541340457,0.9516,0.00303504332753257,0.441781244209458,0.0484,0.00303504332753257,0.00160183564196767,0.00113278212865899,0.0484,NA,NA,NA,NA,NA,NA,NA,NA,NA,NA,NA,0.0110486251589798,0.00929409914582173,NA,0,0,0,0.319908000000007
227,"alignment",40,"severe","85_15","extreme",0,"nk_majority","mlma_cr2",5000,5000,0,0,0,0,0.000670394301322323,0.000670394301322323,0.000670394301322323,0.113266884478165,0.108084264335644,0.954244171485797,0.113257541340457,0.9572,0.00286245209566902,0.544249882389531,0.0428,0.00286245209566903,0.00160183564196767,0.00113278212865899,0.0428,NA,5.3725828301213,5.37462122926968,0.112079364223549,5.00730206234672,5.18861067750363,5.22598128324723,5.787041571935,0,0,1,0.0110486251589798,0.00929409914582173,NA,0,0,0,0.350198000000024
228,"alignment",40,"severe","85_15","extreme",0,"nk_minority","aggregate_hksj",5000,5000,0,0,0,0,-1.84854261730773e-05,-1.84854261730773e-05,1.84854261730773e-05,0.052221125012705,0.0568680323568432,1.08898520173603,0.0522159059111688,0.9618,0.0027107474983849,0.230246625632701,0.0382,0.0027107474983849,0.000738518232353483,0.000522263479086537,0.0382,NA,38,38,0,38,38,38,38,0,0,0,NA,NA,0.0142513976243193,0,0,0,0.046099999999984
228,"alignment",40,"severe","85_15","extreme",0,"nk_minority","che_rve",5000,5000,0,0,0,0,-0.000125427209682232,-0.000125427209682232,0.000125427209682232,0.0520141862744722,0.050012047521409,0.961507832834331,0.0520091358384819,0.9446,0.00323514574633045,0.224425109598678,0.0554,0.00323514574633045,0.00073559167665159,0.000520193884734425,0.0554,NA,9.79080284406501,9.53827147894115,1.1088434227657,7.99744895663656,8.55001125987879,8.70628031055864,15.7186355811572,0,0,0.6884,0.00997799338924798,0.0100094015246703,NA,0.0026,0,0,0.423731999999969
228,"alignment",40,"severe","85_15","extreme",0,"nk_minority","mlma",5000,5000,0,0,0,0,-0.000137780592752468,-0.000137780592752468,0.000137780592752468,0.0520223158287684,0.0511162992651809,0.9825840785987,0.0520172958102497,0.9276,0.00366492128155572,0.200372211165452,0.0724,0.00366492128155572,0.000735706645911008,0.000520275188408161,0.0724,NA,NA,NA,NA,NA,NA,NA,NA,NA,NA,NA,0.0109767898099027,0.00930243477181915,NA,2e-04,0,0,0.318595999999992
228,"alignment",40,"severe","85_15","extreme",0,"nk_minority","mlma_cr2",5000,5000,0,0,0,0,-0.000137780592752468,-0.000137780592752468,0.000137780592752468,0.0520223158287684,0.0500222230344956,0.961553176508788,0.0520172958102497,0.9444,0.00324063697442339,0.225361498219123,0.0556,0.00324063697442339,0.000735706645911008,0.000520275188408161,0.0556,NA,9.46621136210614,9.27934271780935,0.886093118572592,7.92754781632524,8.42663159943375,8.5673075913364,14.1864493023449,0,0,0.7906,0.0109767898099027,0.00930243477181915,NA,2e-04,0,0,0.348778
229,"alignment",40,"severe","85_15","extreme",0.1,"n_majority","aggregate_hksj",5000,5000,0,0,0,0,0.101234845130154,0.00123484513015369,0.00123484513015369,0.101044818405639,0.101269675169184,1.00222531711267,0.101042259268381,0.9566,0.00288154264240528,0.410019478787513,0.1558,0.00512886654144949,0.00142898952596782,0.00101054924403405,NA,0.1558,38,38,0,38,38,38,38,0,0,0,NA,NA,0.0159446317256683,0,0,0,0.0461799999999494
229,"alignment",40,"severe","85_15","extreme",0.1,"n_majority","che_rve",5000,5000,0,0,0,0,0.101299569459579,0.00129956945957906,0.00129956945957906,0.100597586724373,0.0954367381688437,0.948698087861003,0.100595921192944,0.9532,0.00298696367570816,0.484846713289676,0.1282,0.00472789086168452,0.00142266471487611,0.0010060764799226,NA,0.1282,5.21618590208382,5.2515299191003,0.281378280167752,4.00462128554258,4.69500377356346,4.84613224259618,5.99933098767231,0,0,1,0.00986903527344632,0.00999481143925,NA,0.01,0,0,0.418914000000009
229,"alignment",40,"severe","85_15","extreme",0.1,"n_majority","mlma",5000,5000,0,0,0,0,0.101659350132456,0.00165935013245568,0.00165935013245568,0.10456292200434,0.0861394355486552,0.82380478564935,0.104565632116945,0.8862,0.00449109251741712,0.337660382647947,0.2782,0.00633726691879078,0.00147874302419898,0.00104573379865246,NA,0.2782,NA,NA,NA,NA,NA,NA,NA,NA,NA,NA,0.0138784300694602,0.00757388298823205,NA,2e-04,0,0,0.320694000000076
229,"alignment",40,"severe","85_15","extreme",0.1,"n_majority","mlma_cr2",5000,5000,0,0,0,0,0.101659350132456,0.00165935013245568,0.00165935013245568,0.10456292200434,0.0946946825913055,0.905623913105401,0.104565632116945,0.9522,0.00301712313305241,0.510401958811904,0.131,0.00477156158924937,0.00147874302419898,0.00104573379865246,NA,0.131,4.42504520682715,4.43362318221026,0.694438878690393,2.09289515935809,3.25664436734928,3.51360961869859,6.82295565291267,0,0.2792,1,0.0138784300694602,0.00757388298823205,NA,2e-04,0,0,0.350792000000043
230,"alignment",40,"severe","85_15","extreme",0.1,"n_minority","aggregate_hksj",5000,5000,0,0,0,0,0.0994034451518543,-0.000596554848145678,0.000596554848145678,0.0594904680249305,0.0593041463378806,0.996868041331063,0.0594875099525518,0.9448,0.00322964270469661,0.240109935484374,0.3716,0.00683393649370551,0.000841322267127796,0.000594964179642387,NA,0.3716,38,38,0,38,38,38,38,0,0,0,NA,NA,0.0160920575138106,0,0,0,0.0450599999999802
230,"alignment",40,"severe","85_15","extreme",0.1,"n_minority","che_rve",5000,5000,0,0,0,0,0.0994724689038443,-0.000527531096155692,0.000527531096155692,0.0581128196470809,0.0564517678160429,0.971416774454834,0.0581094026507767,0.9528,0.00299907185642492,0.264481030974212,0.3236,0.00661638934767294,0.000821839376926435,0.000581186318008832,NA,0.3236,7.37674778382642,7.40080424121954,0.610311681524809,3.8564680962251,6.36680023429821,6.7755637127408,13.755821078177,0,4e-04,0.9978,0.00998615716698985,0.0100092657378689,NA,0.0136,0,0,0.4142
230,"alignment",40,"severe","85_15","extreme",0.1,"n_minority","mlma",5000,5000,0,0,0,0,0.0995243940827733,-0.00047560591722666,0.00047560591722666,0.0584494470062335,0.0623893413154776,1.06740687057012,0.0584455369446798,0.955,0.00293172304285381,0.244561723995026,0.3594,0.0067857444691058,0.000826600006694229,0.00058455292827822,NA,0.3594,NA,NA,NA,NA,NA,NA,NA,NA,NA,NA,0.0145323108153459,0.00756626782791682,NA,0,0,0,0.315703999999992
230,"alignment",40,"severe","85_15","extreme",0.1,"n_minority","mlma_cr2",5000,5000,0,0,0,0,0.0995243940827733,-0.00047560591722666,0.00047560591722666,0.0584494470062335,0.0572844383662462,0.980068098165873,0.0584455369446798,0.9552,0.00292550713552368,0.269322289842437,0.3084,0.00653130063616735,0.000826600006694229,0.00058455292827822,NA,0.3084,7.22320537831085,7.23080978120854,0.340402186375594,3.60624655861589,6.72908146042981,6.90567745183464,9.32715953568132,0,4e-04,1,0.0145323108153459,0.00756626782791682,NA,0,0,0,0.345734000000014
231,"alignment",40,"severe","85_15","extreme",0.1,"nk_majority","aggregate_hksj",5000,5000,0,0,0,0,0.101527726906351,0.00152772690635077,0.00152772690635077,0.112236560274778,0.110184048287557,0.981712625705958,0.112235734072183,0.955,0.00293172304285381,0.446111888619049,0.1458,0.00499083880725475,0.00158726465734696,0.00112247785614634,NA,0.1458,38,38,0,38,38,38,38,0,0,0,NA,NA,0.0141659685360288,0,0,0,0.0438360000000219
231,"alignment",40,"severe","85_15","extreme",0.1,"nk_majority","che_rve",5000,5000,0,0,0,0,0.101598535741211,0.00159853574121083,0.00159853574121083,0.112233999887811,0.107703981835423,0.959637738502443,0.112234160366561,0.9548,0.00293792307591605,0.542373959309961,0.114,0.00449453000879959,0.00158722844800723,0.00112245224971591,NA,0.114,5.3714748754357,5.3718549893462,0.116065373574913,4.97573474583065,5.18163407334358,5.22288500606624,5.84690000230946,0,0,1,0.010057581208084,0.00999100435492724,NA,0.0016,0,0,0.390385999999993
231,"alignment",40,"severe","85_15","extreme",0.1,"nk_majority","mlma",5000,5000,0,0,0,0,0.101596812774756,0.00159681277475601,0.00159681277475601,0.112214432721833,0.112682670863205,1.00417270871504,0.112214572611306,0.9528,0.00299907185642492,0.441707953147325,0.1504,0.00505529108954173,0.00158695172649219,0.00112225655848602,NA,0.1504,NA,NA,NA,NA,NA,NA,NA,NA,NA,NA,0.0110421171758281,0.00928432846294026,NA,0,0,0,0.293805999999915
231,"alignment",40,"severe","85_15","extreme",0.1,"nk_majority","mlma_cr2",5000,5000,0,0,0,0,0.101596812774756,0.00159681277475601,0.00159681277475601,0.112214432721833,0.107713762416376,0.959892233144254,0.112214572611306,0.9546,0.00294410733499986,0.542413540311571,0.1138,0.00449109251741711,0.00158695172649219,0.00112225655848602,NA,0.1138,5.37179291350534,5.37183173252151,0.114657957773898,4.96985916137364,5.18324210949115,5.22544254243303,5.84143440666674,0,0,1,0.0110421171758281,0.00928432846294026,NA,0,0,0,0.322784000000005
232,"alignment",40,"severe","85_15","extreme",0.1,"nk_minority","aggregate_hksj",5000,5000,0,0,0,0,0.0992509533357258,-0.000749046664274194,0.000749046664274194,0.0515894602595919,0.0569121132776097,1.10317326429148,0.0515897391571163,0.9612,0.00273110087693589,0.23042509995018,0.3924,0.00690539267529371,0.000729585143746227,0.000515946199795888,NA,0.3924,38,38,0,38,38,38,38,0,0,0,NA,NA,0.0142715735104687,0,0,0,0.041114000000016
232,"alignment",40,"severe","85_15","extreme",0.1,"nk_minority","che_rve",5000,5000,0,0,0,0,0.0993189545027479,-0.000681045497252078,0.000681045497252078,0.051438132136643,0.0500833593743213,0.973662092575158,0.0514374968713344,0.9486,0.00312275647465504,0.224766515535694,0.4092,0.00695349351045933,0.000727445040907799,0.000514432767215573,NA,0.4092,9.75997318861516,9.53594765101326,1.04594482483247,8.04379475361411,8.5686560579152,8.72440736274661,15.6859295957332,0,0,0.6886,0.00999294961225413,0.00995000429615034,NA,0.001,0,0,0.361935999999958
232,"alignment",40,"severe","85_15","extreme",0.1,"nk_minority","mlma",5000,5000,0,0,0,0,0.0993364767898063,-0.000663523210193723,0.000663523210193723,0.0514609023276419,0.0511898464252379,0.994732779835879,0.0514600338761246,0.9344,0.00350133231784702,0.200660510735205,0.4904,0.00706976435250851,0.000727767060037084,0.000514660491899169,NA,0.4904,NA,NA,NA,NA,NA,NA,NA,NA,NA,NA,0.0109949109596691,0.00924251095601103,NA,2e-04,0,0,0.272734000000017
232,"alignment",40,"severe","85_15","extreme",0.1,"nk_minority","mlma_cr2",5000,5000,0,0,0,0,0.0993364767898063,-0.000663523210193723,0.000663523210193723,0.0514609023276419,0.0501048261398632,0.973648417994212,0.0514600338761246,0.9498,0.00308804015517933,0.225753987473835,0.4072,0.00694821070492253,0.000727767060037084,0.000514660491899169,NA,0.4072,9.44227759420356,9.27327457094282,0.841050863595087,7.98130393291643,8.44189879944244,8.57711549552699,14.1740382745689,0,0,0.807,0.0109949109596691,0.00924251095601103,NA,2e-04,0,0,0.299980000000057
