"condition_id","method","bias","mcse_bias","empirical_sd","mcse_empirical_sd","coverage","mcse_coverage","reject_rate","mcse_reject_rate","n_success"
1,"aggregate_hksj",-0.000670303933114567,0.000768906207983634,0.0543698793761662,0.000543753171797879,0.9494,0.00309966578843591,0.0506,0.00309966578843591,5000
1,"che_rve",-0.000670303933114562,0.000768906207983634,0.0543698793761662,0.000543753171797879,0.9494,0.00309966578843591,0.0506,0.00309966578843591,5000
1,"mlma",-0.000670303933114562,0.000768906207983634,0.0543698793761662,0.000543753171797879,0.9328,0.00354073890593475,0.0672,0.00354073890593475,5000
1,"mlma_cr2",-0.000670303933114562,0.000768906207983634,0.0543698793761662,0.000543753171797879,0.9494,0.00309966578843591,0.0506,0.00309966578843591,5000
2,"aggregate_hksj",-0.000924984484501692,0.000771669169381997,0.05456525025026,0.000545707075939003,0.9474,0.00315699984162179,0.4096,0.00695453578608954,5000
2,"che_rve",-0.000924984484501692,0.000771669169381997,0.05456525025026,0.000545707075939003,0.9474,0.00315699984162179,0.4096,0.00695453578608954,5000
2,"mlma",-0.000924984484501692,0.000771669169381997,0.0545652502502601,0.000545707075939003,0.9284,0.00364618814654428,0.4612,0.00704974552732224,5000
2,"mlma_cr2",-0.000924984484501692,0.000771669169381997,0.0545652502502601,0.000545707075939003,0.9474,0.00315699984162179,0.4096,0.00695453578608954,5000
3,"aggregate_hksj",-0.000866639937541566,0.00077258705009461,0.054630154217881,0.000546356180528917,0.9474,0.00315699984162179,0.0526,0.00315699984162179,5000
3,"che_rve",-0.00086571160072052,0.000772586072001439,0.0546300850562496,0.000546355488843431,0.9478,0.00314563697841948,0.0522,0.00314563697841947,5000
3,"mlma",-0.000856806729860433,0.000773284565270623,0.0546794759889749,0.000546849447569027,0.9326,0.00354562378150869,0.0674,0.00354562378150869,5000
3,"mlma_cr2",-0.000856806729860433,0.000773284565270623,0.0546794759889749,0.000546849447569027,0.948,0.00313993630508646,0.052,0.00313993630508646,5000
4,"aggregate_hksj",-0.00164388136963846,0.000779915331754107,0.0551483419834685,0.000551538576450299,0.9526,0.00300510365877785,0.3882,0.00689203540327529,5000
4,"che_rve",-0.00164193339596451,0.000779927835334,0.0551492261200817,0.0005515474187007,0.953,0.00299302522541993,0.3876,0.00689008330864003,5000
4,"mlma",-0.00168407639027192,0.000780912016139649,0.0552188182122405,0.00055224340922482,0.937,0.00343601513384327,0.435,0.00701106268692557,5000
4,"mlma_cr2",-0.00168407639027192,0.000780912016139649,0.0552188182122405,0.00055224340922482,0.952,0.00302311098043059,0.3886,0.00689333068987699,5000
5,"aggregate_hksj",-0.000459659555590207,0.000797189730161455,0.0563698264089439,0.000563754642372731,0.9494,0.00309966578843591,0.0506,0.00309966578843591,5000
5,"che_rve",-0.000460786879414948,0.000797182065470078,0.056369284433419,0.000563749222075426,0.95,0.00308220700148449,0.05,0.00308220700148449,5000
5,"mlma",-0.000335092238290834,0.000803077612670122,0.0567861625738147,0.000567918420420065,0.9358,0.00346636293541228,0.0642,0.00346636293541227,5000
5,"mlma_cr2",-0.000335092238290834,0.000803077612670122,0.0567861625738147,0.000567918420420065,0.9502,0.00307636018697421,0.0498,0.00307636018697421,5000
6,"aggregate_hksj",-8.78923270752618e-05,0.000807159019674831,0.0570747616307959,0.000570804699632231,0.9512,0.00304691844328003,0.374,0.00684286489710267,5000
6,"che_rve",-8.39849750587235e-05,0.000807171856204545,0.0570756693105166,0.000570813777337254,0.9492,0.00310545842026584,0.3718,0.00683468741055507,5000
6,"mlma",-0.000217573336444843,0.000810991514745671,0.0573457599561414,0.000573514953924668,0.936,0.00346132922444543,0.4196,0.00697905208463155,5000
6,"mlma_cr2",-0.000217573336444843,0.000810991514745671,0.0573457599561414,0.000573514953924668,0.952,0.00302311098043059,0.3692,0.00682482761687063,5000
7,"aggregate_hksj",0.00022640836885786,0.000881402226463672,0.0623245491285384,0.000623307825184753,0.9452,0.00321860093829602,0.0548,0.00321860093829602,5000
7,"che_rve",0.000219294983110349,0.000881198449527434,0.062310139923192,0.000623163718719922,0.9506,0.0030646252625729,0.0494,0.0030646252625729,5000
7,"mlma",0.000375955212419198,0.0008999534724728,0.0636363203137898,0.000636426849005251,0.9348,0.00349138826256834,0.0652,0.00349138826256834,5000
7,"mlma_cr2",0.000375955212419198,0.0008999534724728,0.0636363203137898,0.000636426849005251,0.9524,0.00301112072159188,0.0476,0.00301112072159188,5000
8,"aggregate_hksj",-0.00114508573420034,0.00087319842052565,0.061744452447507,0.000617506278190729,0.9466,0.00317957355631223,0.3298,0.00664878876187235,5000
8,"che_rve",-0.00114123413247211,0.000873277185242006,0.0617500219540124,0.000617561978826125,0.9526,0.00300510365877785,0.3192,0.00659259220640864,5000
8,"mlma",-0.0012663237091107,0.00088750438756486,0.0627560370779926,0.000627623136231979,0.9408,0.0033375248313683,0.3652,0.00680924312974651,5000
8,"mlma_cr2",-0.0012663237091107,0.00088750438756486,0.0627560370779926,0.000627623136231979,0.9536,0.00297479545515318,0.3128,0.0065567699364855,5000
9,"aggregate_hksj",-0.000606755034354029,0.000839154341809696,0.059337172555577,0.000593431071630385,0.9506,0.0030646252625729,0.0494,0.0030646252625729,5000
9,"che_rve",-0.000606755034354066,0.000839154341809696,0.059337172555577,0.000593431071630385,0.954,0.00296256645495084,0.046,0.00296256645495084,5000
9,"mlma",-0.000606755034354063,0.000839154341809696,0.059337172555577,0.000593431071630385,0.9358,0.00346636293541228,0.0642,0.00346636293541227,5000
9,"mlma_cr2",-0.000606755034354063,0.000839154341809696,0.059337172555577,0.000593431071630385,0.954,0.00296256645495084,0.046,0.00296256645495084,5000
10,"aggregate_hksj",0.000653626955741782,0.000841681346634605,0.0595158587803554,0.000595218112591201,0.95,0.00308220700148449,0.3654,0.00681003436114679,5000
10,"che_rve",0.00065362695574174,0.000841681346634605,0.0595158587803554,0.000595218112591201,0.951,0.00305283474822991,0.3382,0.00669060176665746,5000
10,"mlma",0.000653626955741754,0.000841681346634605,0.0595158587803554,0.000595218112591201,0.935,0.00348640215695206,0.4216,0.00698360136319363,5000
10,"mlma_cr2",0.000653626955741754,0.000841681346634605,0.0595158587803554,0.000595218112591201,0.951,0.00305283474822991,0.3382,0.00669060176665746,5000
11,"aggregate_hksj",0.00018726215650737,0.000845416885344413,0.0597800012556644,0.000597859801526395,0.9506,0.0030646252625729,0.0494,0.0030646252625729,5000
11,"che_rve",0.00018769374859299,0.000845409793702743,0.059779499800873,0.00059785478647695,0.9514,0.0030409879973456,0.0486,0.0030409879973456,5000
11,"mlma",0.000249801616369249,0.000845300577870091,0.0597717770752849,0.000597777551497185,0.9374,0.00342582077756557,0.0626,0.00342582077756557,5000
11,"mlma_cr2",0.000249801616369249,0.000845300577870091,0.0597717770752849,0.000597777551497185,0.9526,0.00300510365877785,0.0474,0.00300510365877785,5000
12,"aggregate_hksj",-0.000180756070390087,0.000831508411549511,0.0587965236420314,0.000588024041764905,0.9514,0.0030409879973456,0.3544,0.00676462327110682,5000
12,"che_rve",-0.000183034080671995,0.000831507249018023,0.0587964414386415,0.00058802321964879,0.954,0.00296256645495084,0.3294,0.0066467381473923,5000
12,"mlma",-0.000264262138846061,0.000832314409053603,0.0588535162721077,0.000588594025066848,0.9402,0.00335332551357604,0.4042,0.00694006282392314,5000
12,"mlma_cr2",-0.000264262138846061,0.000832314409053603,0.0588535162721077,0.000588594025066848,0.954,0.00296256645495084,0.332,0.00665996996990227,5000
13,"aggregate_hksj",-0.00138775768913957,0.000904734938607387,0.0639744210265678,0.000639808194284468,0.9406,0.00334280241713446,0.0594,0.00334280241713446,5000
13,"che_rve",-0.00138992379671091,0.000904700626643786,0.063971994804354,0.000639783929635743,0.946,0.00319637294444813,0.054,0.00319637294444813,5000
13,"mlma",-0.00146823499962201,0.000909000264229203,0.0642760250936833,0.000642824536604938,0.93,0.00360832371053374,0.07,0.00360832371053374,5000
13,"mlma_cr2",-0.00146823499962201,0.000909000264229203,0.0642760250936833,0.000642824536604938,0.9472,0.00316266216975509,0.0528,0.00316266216975509,5000
14,"aggregate_hksj",-0.000812395751851561,0.000884048761188232,0.0625116873935766,0.000625179395001476,0.9442,0.00324611644892786,0.3314,0.00665693683310875,5000
14,"che_rve",-0.000817017709828838,0.000884032189621642,0.0625105156068655,0.000625167675962402,0.9496,0.00309385972532693,0.299,0.00647455017742546,5000
14,"mlma",-0.000837759277139097,0.000889454871706007,0.0628939571342728,0.000629002474735528,0.9322,0.00355536664775941,0.3746,0.00684506888204933,5000
14,"mlma_cr2",-0.000837759277139097,0.000889454871706007,0.0628939571342728,0.000629002474735528,0.9522,0.00301712313305241,0.2968,0.00646080118870717,5000
15,"aggregate_hksj",-0.000353275653220559,0.0009516385261224,0.067291005505952,0.00067297735616036,0.9444,0.00324063697442339,0.0556,0.00324063697442339,5000
15,"che_rve",-0.000353233121060775,0.000951273686025235,0.0672652074152767,0.000672719349451645,0.954,0.00296256645495084,0.046,0.00296256645495084,5000
15,"mlma",-0.000234299931884618,0.000970986751675519,0.0686591316552058,0.0006866599859843,0.9358,0.00346636293541228,0.0642,0.00346636293541227,5000
15,"mlma_cr2",-0.000234299931884618,0.000970986751675519,0.0686591316552058,0.0006866599859843,0.9518,0.00302908435009658,0.0482,0.00302908435009658,5000
16,"aggregate_hksj",-0.000183217076198783,0.000959354482839991,0.0678366060377871,0.000678433907161096,0.9426,0.0032895361375124,0.3018,0.00649179112418137,5000
16,"che_rve",-0.000180898380743089,0.000959241455477006,0.0678286137963044,0.000678353976752829,0.9494,0.00309966578843591,0.265,0.00624139407504445,5000
16,"mlma",-0.000297640334619126,0.000980470007579133,0.0693296991109231,0.00069336633120953,0.931,0.00358438279205779,0.3248,0.00662276316955393,5000
16,"mlma_cr2",-0.000297640334619126,0.000980470007579133,0.0693296991109231,0.00069336633120953,0.9502,0.00307636018697421,0.2572,0.00618139401753359,5000
17,"aggregate_hksj",0.00073077025777714,0.0010689001227733,0.0755826525224136,0.000755902119215946,0.9456,0.0032075111847038,0.0544,0.0032075111847038,5000
17,"che_rve",0.000730770257777183,0.0010689001227733,0.0755826525224136,0.000755902119215946,0.97,0.00241246761636296,0.03,0.00241246761636296,5000
17,"mlma",0.00073077025777717,0.0010689001227733,0.0755826525224136,0.000755902119215946,0.9306,0.00359398497492686,0.0694,0.00359398497492686,5000
17,"mlma_cr2",0.00073077025777717,0.0010689001227733,0.0755826525224136,0.000755902119215946,0.97,0.00241246761636296,0.03,0.00241246761636296,5000
18,"aggregate_hksj",-0.000359996624623299,0.00107315195338203,0.0758833023480023,0.000758908918166764,0.9502,0.00307636018697421,0.242,0.00605699595509193,5000
18,"che_rve",-0.000359996624623229,0.00107315195338203,0.0758833023480023,0.000758908918166764,0.9716,0.00234918879615922,0.1288,0.00473731062946056,5000
18,"mlma",-0.000359996624623229,0.00107315195338203,0.0758833023480023,0.000758908918166764,0.936,0.00346132922444543,0.2858,0.00638934049804829,5000
18,"mlma_cr2",-0.000359996624623229,0.00107315195338203,0.0758833023480023,0.000758908918166764,0.9716,0.00234918879615922,0.1288,0.00473731062946056,5000
19,"aggregate_hksj",-0.000430482661013831,0.00110168625278961,0.0779009820087532,0.000779087732756636,0.9452,0.00321860093829602,0.0548,0.00321860093829602,5000
19,"che_rve",-0.000432058949609984,0.00110168517802135,0.0779009060111607,0.000779086972704702,0.9708,0.00238106530779817,0.0292,0.00238106530779817,5000
19,"mlma",-0.000474178192514187,0.00110278258709106,0.077978504550653,0.000779863035709806,0.9286,0.0036414843127494,0.0714,0.0036414843127494,5000
19,"mlma_cr2",-0.000474178192514187,0.00110278258709106,0.077978504550653,0.000779863035709806,0.9702,0.00240466047499434,0.0298,0.00240466047499434,5000
20,"aggregate_hksj",-1.44239114309302e-05,0.00107959103373501,0.0763386140862218,0.000763462490929006,0.9502,0.00307636018697421,0.232,0.00596952259397684,5000
20,"che_rve",-1.43912872733604e-05,0.00107958181816495,0.0763379624470141,0.000763455973885191,0.969,0.00245108139399735,0.126,0.00469305870408628,5000
20,"mlma",-0.000104948882589689,0.00108143569812187,0.0764690515559184,0.00076476699608301,0.9334,0.00352603006226549,0.2774,0.00633165444414017,5000
20,"mlma_cr2",-0.000104948882589689,0.00108143569812187,0.0764690515559184,0.00076476699608301,0.9696,0.00242799670510485,0.124,0.00466098701993473,5000
21,"aggregate_hksj",-0.000506840037874175,0.00112396656889529,0.0794764382692834,0.000794843871054557,0.9524,0.00301112072159188,0.0476,0.00301112072159188,5000
21,"che_rve",-0.000503918544587548,0.00112394093749801,0.0794746258558011,0.000794825745107048,0.9708,0.00238106530779817,0.0292,0.00238106530779817,5000
21,"mlma",-0.000489002410096808,0.00113027962379748,0.0799228386624176,0.000799308321453263,0.9396,0.00336903072114221,0.0604,0.00336903072114221,5000
21,"mlma_cr2",-0.000489002410096808,0.00113027962379748,0.0799228386624176,0.000799308321453263,0.971,0.00237314137800511,0.029,0.00237314137800511,5000
22,"aggregate_hksj",0.000402333673610714,0.00111889528187064,0.0791178441248366,0.000791257570962146,0.9504,0.00307049963361014,0.226,0.00591479500912754,5000
22,"che_rve",0.000400001523935725,0.00111893766398588,0.0791208409929449,0.000791287542640547,0.9698,0.00242024626846113,0.1132,0.00448075350806089,5000
22,"mlma",0.000394516144872847,0.00112617840739709,0.0796328388696352,0.000796408033482138,0.9356,0.00347138704266753,0.2618,0.00621708549080677,5000
22,"mlma_cr2",0.000394516144872847,0.00112617840739709,0.0796328388696352,0.000796408033482138,0.9704,0.00239682456596222,0.1166,0.00453882011099801,5000
23,"aggregate_hksj",0.00120078407657209,0.00122481622506144,0.0866075858448249,0.000866162479027398,0.946,0.00319637294444813,0.054,0.00319637294444813,5000
23,"che_rve",0.00119781294456064,0.00122449944971706,0.0865851864454125,0.000865938462630514,0.9782,0.00206517602155361,0.0218,0.00206517602155361,5000
23,"mlma",0.000782881675035017,0.00124806864276311,0.0882517800684086,0.000882606065704128,0.9354,0.00347640158784914,0.0646,0.00347640158784914,5000
23,"mlma_cr2",0.000782881675035017,0.00124806864276311,0.0882517800684086,0.000882606065704128,0.9754,0.00219065469666034,0.0246,0.00219065469666034,5000
24,"aggregate_hksj",-0.00223051258025447,0.00123613256270649,0.0874077717535267,0.000874165138420372,0.9488,0.0031170036894428,0.197,0.00562478444031413,5000
24,"che_rve",-0.0022403733818573,0.00123588973976629,0.0873906015787619,0.000873993419499973,0.9774,0.00210186774084384,0.0842,0.00392709460033751,5000
24,"mlma",-0.00182711551925563,0.0012607702052296,0.0891499161635805,0.000891588324926685,0.9338,0.00351617860752266,0.222,0.00587734633997351,5000
24,"mlma_cr2",-0.00182711551925563,0.0012607702052296,0.0891499161635805,0.000891588324926685,0.9732,0.00228393344911799,0.0914,0.00407543960818953,5000
25,"aggregate_hksj",-0.00127431640580573,0.00081051798585323,0.0573122764070481,0.000573180084945163,0.9506,0.0030646252625729,0.0494,0.0030646252625729,5000
25,"che_rve",-0.0011761789875391,0.000796565422595465,0.0563256811975981,0.00056331314610744,0.9434,0.00326791799162708,0.0566,0.00326791799162709,5000
25,"mlma",-0.00118175923307017,0.000796663640265438,0.0563326262356452,0.00056338260343399,0.927,0.00367888570086106,0.073,0.00367888570086106,5000
25,"mlma_cr2",-0.00118175923307017,0.000796663640265438,0.0563326262356452,0.00056338260343399,0.9434,0.00326791799162708,0.0566,0.00326791799162709,5000
26,"aggregate_hksj",-0.000484615141729178,0.000805437112343165,0.0569530043957163,0.000569587005505934,0.9504,0.00307049963361014,0.3756,0.00684871725215752,5000
26,"che_rve",-0.000301487451686816,0.000794401438907271,0.0561726644435682,0.00056178282552743,0.9484,0.00312849612433834,0.3868,0.00688746339373212,5000
26,"mlma",-0.000310073062936234,0.000794407027329376,0.0561730596046849,0.000561786777533817,0.9322,0.00355536664775941,0.4434,0.00702561655657352,5000
26,"mlma_cr2",-0.000310073062936234,0.000794407027329376,0.0561730596046849,0.000561786777533817,0.9484,0.00312849612433834,0.387,0.00688812020801031,5000
27,"aggregate_hksj",0.000358528651104882,0.000819628646470013,0.0579564973973698,0.000579622939166019,0.95,0.00308220700148449,0.05,0.00308220700148449,5000
27,"che_rve",0.000305752990199918,0.000809370366492458,0.0572311274638258,0.000572368514351822,0.9448,0.00322964270469661,0.0552,0.0032296427046966,5000
27,"mlma",0.000240303016161989,0.000809235222326003,0.057221571328172,0.000572272943437715,0.931,0.00358438279205779,0.069,0.00358438279205779,5000
27,"mlma_cr2",0.000240303016161989,0.000809235222326003,0.057221571328172,0.000572272943437715,0.9446,0.00323514574633045,0.0554,0.00323514574633045,5000
28,"aggregate_hksj",9.14890045577987e-05,0.000818800685056798,0.0578979516843852,0.000579037423481677,0.9538,0.00296868859936505,0.3726,0.00683767855342733,5000
28,"che_rve",0.000126550943544884,0.000812667691975495,0.0574642835847093,0.000574700308751757,0.9494,0.00309966578843591,0.3872,0.00688877579835489,5000
28,"mlma",0.00014227295844621,0.000813686652005944,0.0575363349394381,0.00057542089436121,0.9334,0.00352603006226549,0.4356,0.00701216999223493,5000
28,"mlma_cr2",0.00014227295844621,0.000813686652005944,0.0575363349394381,0.00057542089436121,0.949,0.00311123769583746,0.384,0.0068781392832655,5000
29,"aggregate_hksj",-0.000750252862705146,0.000844126587509258,0.0596887634207656,0.000596947331925884,0.9506,0.0030646252625729,0.0494,0.0030646252625729,5000
29,"che_rve",-0.000890705567064142,0.000835951965154049,0.0591107303306648,0.000591166422905067,0.9476,0.00315132480077824,0.0524,0.00315132480077824,5000
29,"mlma",-0.000828118550253044,0.000838034365634321,0.0592579782807395,0.000592639049675854,0.9354,0.00347640158784914,0.0646,0.00347640158784914,5000
29,"mlma_cr2",-0.000828118550253044,0.000838034365634321,0.0592579782807395,0.000592639049675854,0.951,0.00305283474822991,0.049,0.00305283474822991,5000
30,"aggregate_hksj",0.000142492330302377,0.000837769280503266,0.0592392339313634,0.000592451587434932,0.9496,0.00309385972532693,0.3496,0.00674358717597689,5000
30,"che_rve",9.31870933851275e-06,0.000827352481403267,0.0585026550031767,0.000585085061463631,0.9544,0.00295027591929975,0.3606,0.00679069422077007,5000
30,"mlma",-0.000249905938300349,0.000832514311526466,0.0588676515115214,0.000588735391598345,0.9396,0.00336903072114221,0.4046,0.00694116474375879,5000
30,"mlma_cr2",-0.000249905938300349,0.000832514311526466,0.0588676515115214,0.000588735391598345,0.9542,0.00295642892693195,0.3518,0.00675332155313221,5000
31,"aggregate_hksj",-0.00187599218428626,0.000920950485798368,0.0651210333645071,0.000651275464448219,0.943,0.00327874976172321,0.057,0.00327874976172321,5000
31,"che_rve",-0.00200114223236459,0.000909623994156382,0.064320129459797,0.000643265624377058,0.9478,0.00314563697841948,0.0522,0.00314563697841947,5000
31,"mlma",-0.00197841199876921,0.000920520926190264,0.0650906589133257,0.000650971689557397,0.9322,0.00355536664775941,0.0678,0.00355536664775941,5000
31,"mlma_cr2",-0.00197841199876921,0.000920520926190264,0.0650906589133257,0.000650971689557397,0.9506,0.0030646252625729,0.0494,0.0030646252625729,5000
32,"aggregate_hksj",0.000329309767874361,0.00093121079615415,0.0658399618835199,0.000658531338276116,0.937987597519504,0.00341111419096802,0.319863972794559,0.00659688609282838,4999
32,"che_rve",0.000263722189875318,0.000927977517371364,0.0656179195321949,0.00065624482308581,0.941,0.00333223648620562,0.3158,0.00657374109620998,5000
32,"mlma",0.000284108843863401,0.000944467604160606,0.0667839447512977,0.00066790624147699,0.9274,0.00366958417262774,0.3598,0.00678739950201843,5000
32,"mlma_cr2",0.000284108843863401,0.000944467604160606,0.0667839447512977,0.00066790624147699,0.9436,0.00326248494249399,0.3088,0.00653364461843465,5000
33,"aggregate_hksj",0.000530109269543346,0.00086783658447827,0.0613653133846357,0.000613714508366073,0.9546,0.00294410733499986,0.0454,0.00294410733499986,5000
33,"che_rve",0.000396453867182552,0.000857387266854924,0.0606264350496117,0.000606324986026648,0.9566,0.00288154264240528,0.0434,0.00288154264240528,5000
33,"mlma",0.000396752453140862,0.000857449378325458,0.0606308269938121,0.000606368909861255,0.9348,0.00349138826256834,0.0652,0.00349138826256834,5000
33,"mlma_cr2",0.000396752453140862,0.000857449378325458,0.0606308269938121,0.000606368909861255,0.9566,0.00288154264240528,0.0434,0.00288154264240528,5000
34,"aggregate_hksj",0.000552635171806398,0.000885328872335583,0.062602204920873,0.000626084660805547,0.9514,0.0030409879973456,0.333,0.00666499812453087,5000
34,"che_rve",0.000646856810085236,0.000872468301122431,0.0616928252093977,0.000616989954174653,0.9538,0.00296868859936505,0.311,0.00654643414386794,5000
34,"mlma",0.000650781583345389,0.000872514139728905,0.0616960664883455,0.000617022370205896,0.9338,0.00351617860752266,0.391,0.00690099992754673,5000
34,"mlma_cr2",0.000650781583345389,0.000872514139728905,0.0616960664883455,0.000617022370205896,0.9536,0.00297479545515318,0.311,0.00654643414386794,5000
35,"aggregate_hksj",-0.00118343000353233,0.000892476605683135,0.0631076259928897,0.000631139377022612,0.95,0.00308220700148449,0.05,0.00308220700148449,5000
35,"che_rve",-0.000986724084738898,0.000881449775532769,0.0623279113554581,0.000623341450816682,0.9512,0.00304691844328003,0.0488,0.00304691844328003,5000
35,"mlma",-0.00102652454061083,0.000882610435454838,0.0624099824056128,0.000624162243401591,0.9328,0.00354073890593475,0.0672,0.00354073890593475,5000
35,"mlma_cr2",-0.00102652454061083,0.000882610435454838,0.0624099824056128,0.000624162243401591,0.9508,0.00305873699425106,0.0492,0.00305873699425106,5000
36,"aggregate_hksj",0.000349297254492828,0.00088789954250306,0.0627839787516347,0.000627902580914265,0.9558,0.00290676314824583,0.323,0.00661318380207295,5000
36,"che_rve",0.000173713789400759,0.000877557459120527,0.0620526830224961,0.000620588892217438,0.9532,0.00298696367570816,0.3024,0.00649544825243031,5000
36,"mlma",0.000154780412955746,0.000878799197397859,0.0621404871781321,0.000621467021591126,0.9358,0.00346636293541228,0.3798,0.00686370104244059,5000
36,"mlma_cr2",0.000154780412955746,0.000878799197397859,0.0621404871781321,0.000621467021591126,0.9532,0.00298696367570816,0.3004,0.00648320661401439,5000
37,"aggregate_hksj",-0.00196362914690315,0.00091813535225577,0.0649219733627154,0.000649284665340437,0.9488,0.0031170036894428,0.0512,0.0031170036894428,5000
37,"che_rve",-0.00194018413842715,0.000906588694040169,0.064105501330286,0.000641119128421618,0.9548,0.00293792307591605,0.0452,0.00293792307591605,5000
37,"mlma",-0.00176217004847037,0.000914460466292572,0.064662119684249,0.000646685868663109,0.9326,0.00354562378150869,0.0674,0.00354562378150869,5000
37,"mlma_cr2",-0.00176217004847037,0.000914460466292572,0.064662119684249,0.000646685868663109,0.9542,0.00295642892693195,0.0458,0.00295642892693195,5000
38,"aggregate_hksj",0.00145300725114085,0.000939251933388348,0.0664151411341476,0.000664217836446542,0.9468,0.00317394895989208,0.3168,0.00657932762522129,5000
38,"che_rve",0.00127059240622286,0.000929360478436303,0.0657157096469084,0.00065722282203773,0.951,0.00305283474822991,0.2904,0.0064197794354635,5000
38,"mlma",0.00120137769342174,0.000930605472611754,0.0658037440293083,0.000658103253909319,0.9342,0.00350629034736144,0.3654,0.00681003436114679,5000
38,"mlma_cr2",0.00120137769342174,0.000930605472611754,0.0658037440293083,0.000658103253909319,0.9508,0.00305873699425106,0.2864,0.00639335655192169,5000
39,"aggregate_hksj",-0.00068291923399212,0.00100258244423724,0.0708932845018737,0.000709003748939004,0.9496,0.00309385972532693,0.0504,0.00309385972532693,5000
39,"che_rve",-0.000931322760419327,0.000989404509715087,0.0699614638156089,0.000699684610115874,0.9536,0.00297479545515318,0.0464,0.00297479545515318,5000
39,"mlma",-0.000720917245849046,0.00101137158262956,0.0715147704376734,0.000715219229876176,0.9382,0.00340531232047811,0.0618,0.00340531232047811,5000
39,"mlma_cr2",-0.000720917245849046,0.00101137158262956,0.0715147704376734,0.000715219229876176,0.9532,0.00298696367570816,0.0468,0.00298696367570816,5000
40,"aggregate_hksj",0.000470495525654716,0.0010161987342359,0.0718489156316626,0.000718632897271614,0.944788957791558,0.00323026988563598,0.279455891178236,0.00634666173951708,4999
40,"che_rve",0.000402886519959261,0.00101023347249073,0.0714342938979831,0.00071441438399066,0.9514,0.0030409879973456,0.2438,0.00607225757029459,5000
40,"mlma",0.000283671305970054,0.00102641520876393,0.0725785154429983,0.000725857743834018,0.9332,0.00353094208392038,0.3162,0.00657597992697666,5000
40,"mlma_cr2",0.000283671305970054,0.00102641520876393,0.0725785154429983,0.000725857743834018,0.9518,0.00302908435009658,0.2436,0.00607056900133752,5000
41,"aggregate_hksj",0.000413777022939704,0.00112938856500731,0.0798598312911216,0.000798678184723479,0.9474,0.00315699984162179,0.0526,0.00315699984162179,5000
41,"che_rve",0.000522013106500295,0.00111916195635973,0.0791367008587966,0.000791446157161309,0.9728,0.00230044169671826,0.0272,0.00230044169671826,5000
41,"mlma",0.000527366718656102,0.00111913234341213,0.0791346069071907,0.000791425215550984,0.9318,0.00356507391227728,0.0682,0.00356507391227728,5000
41,"mlma_cr2",0.000527366718656102,0.00111913234341213,0.0791346069071907,0.000791425215550984,0.9728,0.00230044169671826,0.0272,0.00230044169671826,5000
42,"aggregate_hksj",0.00059228523555821,0.00112258227292625,0.0793785537625962,0.000793864928088493,0.952,0.00302311098043059,0.2246,0.00590177668164427,5000
42,"che_rve",0.000591285049767534,0.00111299334548248,0.0787005142006166,0.000787083854327412,0.975,0.00220794021658196,0.1086,0.004400137270586,5000
42,"mlma",0.000594281679537553,0.00111299279326838,0.0787004751531829,0.000787083463814022,0.9348,0.00349138826256834,0.2668,0.00625488225308838,5000
42,"mlma_cr2",0.000594281679537553,0.00111299279326838,0.0787004751531829,0.000787083463814022,0.9748,0.00221652701314466,0.1086,0.004400137270586,5000
43,"aggregate_hksj",-0.00178581332400963,0.00115304679483224,0.0815327207651294,0.000815408752604006,0.9514,0.0030409879973456,0.0486,0.0030409879973456,5000
43,"che_rve",-0.00187850849604164,0.00113862813291092,0.0805131674031086,0.000805212199277478,0.9728,0.00230044169671826,0.0272,0.00230044169671826,5000
43,"mlma",-0.00182088158748994,0.00114061323398093,0.0806535352459033,0.000806616018094326,0.9306,0.00359398497492686,0.0694,0.00359398497492686,5000
43,"mlma_cr2",-0.00182088158748994,0.00114061323398093,0.0806535352459033,0.000806616018094326,0.9728,0.00230044169671826,0.0272,0.00230044169671826,5000
44,"aggregate_hksj",-0.000527995616117979,0.00115188765665553,0.0814507573186207,0.000814589036163175,0.9496,0.00309385972532693,0.2128,0.00578819764693639,5000
44,"che_rve",-0.000432218103504758,0.0011361017110816,0.080334522402344,0.000803425570598029,0.9724,0.00231681850821336,0.1088,0.00440369299565717,5000
44,"mlma",-0.000430540841200283,0.00113704258921399,0.0804010525331125,0.000804090938445826,0.9356,0.00347138704266753,0.26,0.00620322496770833,5000
44,"mlma_cr2",-0.000430540841200283,0.00113704258921399,0.0804010525331125,0.000804090938445826,0.973,0.00229220417938717,0.1084,0.00439657685023246,5000
45,"aggregate_hksj",0.000229688150443421,0.00118601036556799,0.0838635972050659,0.000838719848229501,0.947,0.00316831185333767,0.053,0.00316831185333767,5000
45,"che_rve",5.76875367097663e-05,0.00117285443851466,0.0829333326818456,0.000829416272593211,0.9728,0.00230044169671826,0.0272,0.00230044169671826,5000
45,"mlma",7.64467003380869e-05,0.00117642927790422,0.0831861119992468,0.000831944318584464,0.9296,0.00361784023970103,0.0704,0.00361784023970103,5000
45,"mlma_cr2",7.64467003380869e-05,0.00117642927790422,0.0831861119992468,0.000831944318584464,0.9738,0.00225891832521674,0.0262,0.00225891832521674,5000
46,"aggregate_hksj",0.000825195793288686,0.00119381113390761,0.0844151948242074,0.000844236376101288,0.9498,0.00308804015517933,0.2082,0.00574199895506783,5000
46,"che_rve",0.000695320341920713,0.0011856949473579,0.0838412937695394,0.000838496791567454,0.9736,0.00226729089443768,0.103,0.00429862768799532,5000
46,"mlma",0.000712319416601714,0.00119193621011913,0.084282617691703,0.000842910472179222,0.9322,0.00355536664775941,0.249,0.0061155375887979,5000
46,"mlma_cr2",0.000712319416601714,0.00119193621011913,0.084282617691703,0.000842910472179222,0.9722,0.00232495849425318,0.1046,0.00432802125687941,5000
47,"aggregate_hksj",0.00233316539122517,0.0013143252125631,0.0929368270487819,0.000929461221257715,0.9406,0.00334280241713446,0.0594,0.00334280241713446,5000
47,"che_rve",0.00208280713386126,0.0013014246684661,0.0920246208275834,0.000920338246702656,0.9754,0.00219065469666034,0.0246,0.00219065469666034,5000
47,"mlma",0.0023073808887238,0.001325911156859,0.0937560770265897,0.000937654540408679,0.9314,0.00357474586509307,0.0686,0.00357474586509307,5000
47,"mlma_cr2",0.0023073808887238,0.001325911156859,0.0937560770265897,0.000937654540408679,0.9732,0.00228393344911799,0.0268,0.00228393344911799,5000
48,"aggregate_hksj",0.000328391845387049,0.00131772438368837,0.0931771847440912,0.000931865038604563,0.9426,0.0032895361375124,0.1964,0.00561831006620318,5000
48,"che_rve",0.000659982069141363,0.00130752307910846,0.092455843579551,0.000924650905509778,0.9788,0.00203718236787971,0.0828,0.00389728520896277,5000
48,"mlma",0.00088822638766517,0.00132629823555236,0.0937834476234829,0.000937928273752315,0.9282,0.00365088372863338,0.225,0.00590550590550886,5000
48,"mlma_cr2",0.00088822638766517,0.00132629823555236,0.0937834476234829,0.000937928273752315,0.9766,0.00213786996798215,0.0868,0.00398160168776336,5000
49,"aggregate_hksj",0.00102598529621379,0.000869284130910344,0.0614676703744559,0.000614738180636621,0.9496,0.00309385972532693,0.0504,0.00309385972532693,5000
49,"che_rve",0.000873417314117453,0.000850595056827925,0.0601461532726783,0.000601521687903482,0.9476,0.00315132480077824,0.0524,0.00315132480077824,5000
49,"mlma",0.000875556373977078,0.000851093954478248,0.0601814306638444,0.000601874497097827,0.9282,0.00365088372863338,0.0718,0.00365088372863338,5000
49,"mlma_cr2",0.000875556373977078,0.000851093954478248,0.0601814306638444,0.000601874497097827,0.947,0.00316831185333767,0.053,0.00316831185333767,5000
50,"aggregate_hksj",-3.39455601362504e-05,0.000855009351500152,0.060458291042367,0.000604643377784967,0.955,0.00293172304285381,0.3338,0.00666899632628479,5000
50,"che_rve",-2.37541444167433e-05,0.000843962198102396,0.0596771393343309,0.000596831079435706,0.9472,0.00316266216975509,0.3478,0.0067355053262543,5000
50,"mlma",-4.74828299541347e-05,0.000844667314439211,0.0597269985886596,0.000597329721845728,0.9258,0.00370659844061911,0.4098,0.00695505513996834,5000
50,"mlma_cr2",-4.74828299541347e-05,0.000844667314439211,0.0597269985886596,0.000597329721845728,0.9462,0.00319078548323136,0.3474,0.00673369497378668,5000
51,"aggregate_hksj",-0.000157410080694183,0.000866179971465738,0.0612481731551394,0.000612542988913306,0.9544,0.00295027591929975,0.0456,0.00295027591929975,5000
51,"che_rve",-0.000369272482473213,0.000854815422081025,0.0604445781616333,0.000604506235262693,0.9524,0.00301112072159188,0.0476,0.00301112072159188,5000
51,"mlma",-0.000426884973859992,0.000856430870677089,0.0605588076273269,0.000605648644166232,0.929,0.00363205176174569,0.071,0.00363205176174569,5000
51,"mlma_cr2",-0.000426884973859992,0.000856430870677089,0.0605588076273269,0.000605648644166232,0.9498,0.00308804015517933,0.0502,0.00308804015517933,5000
52,"aggregate_hksj",-3.24420514441065e-05,0.000887691325133942,0.0627692555602682,0.000627755334275201,0.9484,0.00312849612433834,0.3322,0.00666097830652525,5000
52,"che_rve",-4.9248758476117e-05,0.000873517084335132,0.0617669853815674,0.000617731630067647,0.9458,0.00320194815698193,0.3426,0.00671156077227943,5000
52,"mlma",-6.19432848229101e-05,0.000875035194219551,0.0618743319609532,0.00061880520322419,0.9262,0.00369739259478893,0.3952,0.00691399971073184,5000
52,"mlma_cr2",-6.19432848229101e-05,0.000875035194219551,0.0618743319609532,0.00061880520322419,0.9452,0.00321860093829602,0.3422,0.00670968195967588,5000
53,"aggregate_hksj",-0.00162709911077583,0.00092361478141688,0.0653094275144007,0.000653159594369568,0.9434,0.00326791799162708,0.0566,0.00326791799162709,5000
53,"che_rve",-0.00143454394152802,0.000913165150101827,0.0645705269980233,0.000645769850194425,0.9432,0.00327333957908433,0.0568,0.00327333957908433,5000
53,"mlma",-0.00134254651432527,0.000917241522721802,0.0648587700702461,0.000648652569202968,0.9196,0.0038454086908936,0.0804,0.0038454086908936,5000
53,"mlma_cr2",-0.00134254651432527,0.000917241522721802,0.0648587700702461,0.000648652569202968,0.9428,0.00328414859590732,0.0572,0.00328414859590732,5000
54,"aggregate_hksj",-0.000913440595386894,0.000932465806673964,0.0659352895123744,0.000659418840305199,0.946,0.00319637294444813,0.3068,0.00652186721729291,5000
54,"che_rve",-0.0010326925070136,0.000915345927867782,0.0647247312726801,0.000647312047168402,0.9428,0.00328414859590732,0.3122,0.00655333747032762,5000
54,"mlma",-0.000964154149806329,0.000920703441024435,0.0651035646610166,0.00065110075994199,0.923,0.00377017240985077,0.3634,0.00680206498057759,5000
54,"mlma_cr2",-0.000964154149806329,0.000920703441024435,0.0651035646610166,0.00065110075994199,0.9408,0.0033375248313683,0.3126,0.00655562720111509,5000
55,"aggregate_hksj",-0.000815998194431209,0.00100783951577739,0.0712578887374758,0.000712721445921223,0.935787157431486,0.00346703255630897,0.0642128425685137,0.00346703255630897,4999
55,"che_rve",-0.00108387580639311,0.000994427836900594,0.070316666687308,0.000703236994089026,0.9366,0.00344617004803884,0.0634,0.00344617004803884,5000
55,"mlma",-0.000782195087923017,0.00101233531601283,0.0715829166787297,0.000715900760443204,0.913,0.00398574961581884,0.087,0.00398574961581884,5000
55,"mlma_cr2",-0.000782195087923017,0.00101233531601283,0.0715829166787297,0.000715900760443204,0.9382,0.00340531232047811,0.0618,0.00340531232047811,5000
56,"aggregate_hksj",0.000132423545287488,0.00100238327520046,0.0708792011242225,0.000708862901077001,0.9378,0.00341558662604244,0.276,0.00632177190350933,5000
56,"che_rve",0.00037628387253677,0.000992798566603044,0.0702014598797297,0.000702084810789151,0.9338,0.00351617860752266,0.277,0.00632883875604364,5000
56,"mlma",0.000539846021403542,0.0010101579260278,0.0714289519563597,0.000714360959231682,0.9176,0.00388870775451177,0.3232,0.00661425369939799,5000
56,"mlma_cr2",0.000539846021403542,0.0010101579260278,0.0714289519563597,0.000714360959231682,0.9404,0.00334806929438445,0.2728,0.00629889133102009,5000
57,"aggregate_hksj",-0.000189339410742895,0.000939233258312606,0.066413820606878,0.00066420462985312,0.9562,0.00289418589589542,0.0438,0.00289418589589542,5000
57,"che_rve",-0.000189691495129953,0.000926087375119517,0.0654842662918261,0.00065490815700883,0.9554,0.00291927525252416,0.0446,0.00291927525252416,5000
57,"mlma",-0.000213391080029885,0.000927047118903145,0.0655521304255865,0.00065558686622075,0.934,0.00351123909752668,0.066,0.00351123909752668,5000
57,"mlma_cr2",-0.000213391080029885,0.000927047118903145,0.0655521304255865,0.00065558686622075,0.9548,0.00293792307591605,0.0452,0.00293792307591605,5000
58,"aggregate_hksj",0.00132035977182253,0.000950322325350098,0.0671979360568022,0.00067204656858545,0.9484,0.00312849612433834,0.2996,0.00647826890457628,5000
58,"che_rve",0.00109712124605299,0.000935424539341404,0.0661445035056609,0.000661511189483444,0.948,0.00313993630508646,0.284,0.00637720942105558,5000
58,"mlma",0.00108749568034751,0.000935761787556491,0.066168350555644,0.000661749683833903,0.923,0.00377017240985077,0.3642,0.00680526795945611,5000
58,"mlma_cr2",0.00108749568034751,0.000935761787556491,0.066168350555644,0.000661749683833903,0.947,0.00316831185333767,0.284,0.00637720942105558,5000
59,"aggregate_hksj",0.000463706439182572,0.000956448562325106,0.0676311264276207,0.000676378905548994,0.9528,0.00299907185642492,0.0472,0.00299907185642492,5000
59,"che_rve",0.000265783531343852,0.000943988506279127,0.0667500674152131,0.000667567434233725,0.9532,0.00298696367570816,0.0468,0.00298696367570816,5000
59,"mlma",0.000281203568771769,0.000944281108289775,0.0667707575018049,0.000667774355792834,0.9296,0.00361784023970103,0.0704,0.00361784023970103,5000
59,"mlma_cr2",0.000281203568771769,0.000944281108289775,0.0667707575018049,0.000667774355792834,0.9528,0.00299907185642492,0.0472,0.00299907185642492,5000
60,"aggregate_hksj",-0.000759670505254939,0.00096160586056609,0.0679958024835008,0.000680026030838562,0.951,0.00305283474822991,0.2806,0.00635395372976543,5000
60,"che_rve",-0.00021797397118993,0.000951068472923223,0.0672506966576745,0.000672574227362689,0.9472,0.00316266216975509,0.2676,0.00626083444917688,5000
60,"mlma",-0.000200041946749954,0.000952662894580475,0.0673634392942659,0.000673701766488154,0.9248,0.00372947610261817,0.3404,0.006701161690334,5000
60,"mlma_cr2",-0.000200041946749954,0.000952662894580475,0.0673634392942659,0.000673701766488154,0.9496,0.00309385972532693,0.2672,0.00625786161560001,5000
61,"aggregate_hksj",0.000729897309606746,0.000995221335026997,0.0703727754779119,0.000703798138112273,0.9506,0.0030646252625729,0.0494,0.0030646252625729,5000
61,"che_rve",0.000787004361987678,0.000980244139689057,0.0693137278392505,0.000693206602519137,0.9504,0.00307049963361014,0.0496,0.00307049963361014,5000
61,"mlma",0.000632506754810799,0.000983915869551299,0.0695733583476782,0.000695803167272873,0.9292,0.00362732297982961,0.0708,0.00362732297982962,5000
61,"mlma_cr2",0.000632506754810799,0.000983915869551299,0.0695733583476782,0.000695803167272873,0.9518,0.00302908435009658,0.0482,0.00302908435009658,5000
62,"aggregate_hksj",-0.000303934672843342,0.000984737270460612,0.069631440162983,0.00069638404351645,0.9476,0.00315132480077824,0.2624,0.00622167565853444,5000
62,"che_rve",-0.000575454179542828,0.000973348687345548,0.0688261457281062,0.000688330293752433,0.9514,0.0030409879973456,0.2564,0.00617509578873073,5000
62,"mlma",-0.000420541466965754,0.000976733497555437,0.0690654879533504,0.000690723955383007,0.93,0.00360832371053374,0.3154,0.00657149663318791,5000
62,"mlma_cr2",-0.000420541466965754,0.000976733497555437,0.0690654879533504,0.000690723955383007,0.9516,0.00303504332753257,0.2512,0.0061334910124659,5000
63,"aggregate_hksj",7.52283380441307e-05,0.00108916185206945,0.0770153731408008,0.00077023075833538,0.9446,0.00323514574633045,0.0554,0.00323514574633045,5000
63,"che_rve",7.65394689837808e-05,0.0010741625490755,0.0759547622547917,0.000759623588705285,0.9468,0.00317394895989208,0.0532,0.00317394895989208,5000
63,"mlma",-0.000208202216083598,0.00108745805719433,0.0768948966498057,0.000769025872930864,0.9248,0.00372947610261817,0.0752,0.00372947610261817,5000
63,"mlma_cr2",-0.000208202216083598,0.00108745805719433,0.0768948966498057,0.000769025872930864,0.9512,0.00304691844328003,0.0488,0.00304691844328003,5000
64,"aggregate_hksj",-0.000801685904745206,0.00108794949937829,0.07692964685989,0.00076937340978713,0.9426,0.0032895361375124,0.2374,0.00601732897555053,5000
64,"che_rve",-0.000775481597667577,0.00107553439095831,0.0760517661245961,0.000760593724421752,0.95,0.00308220700148449,0.2132,0.00579216298113235,5000
64,"mlma",-0.00103051345323672,0.00108852531260726,0.0769703630037799,0.000769780611948282,0.929,0.00363205176174569,0.2882,0.00640532216207741,5000
64,"mlma_cr2",-0.00103051345323672,0.00108852531260726,0.0769703630037799,0.000769780611948282,0.9506,0.0030646252625729,0.2072,0.00573180878955326,5000
65,"aggregate_hksj",7.89729777988937e-05,0.00121867081874001,0.0861730399965224,0.000861816585933331,0.9514,0.0030409879973456,0.0486,0.0030409879973456,5000
65,"che_rve",0.000344869121975761,0.00120732349420195,0.0853706629836037,0.000853792013306755,0.9766,0.00213786996798215,0.0234,0.00213786996798215,5000
65,"mlma",0.000370491968569071,0.0012084123456538,0.0854476564081344,0.000854562024557037,0.924,0.00374763925691895,0.076,0.00374763925691895,5000
65,"mlma_cr2",0.000370491968569071,0.0012084123456538,0.0854476564081344,0.000854562024557037,0.976,0.00216443988135499,0.024,0.00216443988135499,5000
66,"aggregate_hksj",-0.000286920266807697,0.00120195298747372,0.0849909108110097,0.00084999411177167,0.9544,0.00295027591929975,0.1872,0.00551645103304652,5000
66,"che_rve",0.000238987583824776,0.00119445464157796,0.0844606976879524,0.000844691450248428,0.9774,0.00210186774084384,0.104,0.00431703602023425,5000
66,"mlma",0.000254662988893109,0.00119507569946023,0.0845046131119585,0.000845130648410502,0.9304,0.00359877312427444,0.2456,0.00608737447509187,5000
66,"mlma_cr2",0.000254662988893109,0.00119507569946023,0.0845046131119585,0.000845130648410502,0.9768,0.0021289321266776,0.1046,0.00432802125687941,5000
67,"aggregate_hksj",0.000418853435857286,0.00123108623076914,0.0870509422002244,0.000870596486004262,0.9484,0.00312849612433834,0.0516,0.00312849612433834,5000
67,"che_rve",0.000581962728069054,0.00121386045230677,0.0858328957240286,0.00085841480301309,0.9718,0.00234114331043616,0.0282,0.00234114331043616,5000
67,"mlma",0.000510964775622869,0.00121347676941722,0.0858057652467257,0.000858143471105515,0.9316,0.00356991428468528,0.0684,0.00356991428468528,5000
67,"mlma_cr2",0.000510964775622869,0.00121347676941722,0.0858057652467257,0.000858143471105515,0.9712,0.00236518751899295,0.0288,0.00236518751899294,5000
68,"aggregate_hksj",0.00123782502060278,0.00122111579897341,0.0863459262068128,0.000863545620948382,0.954,0.00296256645495084,0.1946,0.00559876486378916,5000
68,"che_rve",0.00111583591042762,0.00121386277757946,0.0858330601456371,0.000858416447393622,0.975,0.00220794021658196,0.1074,0.00437870391782774,5000
68,"mlma",0.00109654853069939,0.00121671597513681,0.0860348116797238,0.000860434164516291,0.9294,0.00362258581678889,0.2456,0.00608737447509187,5000
68,"mlma_cr2",0.00109654853069939,0.00121671597513681,0.0860348116797238,0.000860434164516291,0.9746,0.00222507707731665,0.1082,0.00439301172318035,5000
69,"aggregate_hksj",0.000901956244799515,0.00129828086460084,0.0918023203243987,0.000918115019336955,0.9456,0.0032075111847038,0.0544,0.0032075111847038,5000
69,"che_rve",0.000810475560317398,0.00128526127656992,0.0908816964259069,0.000908907859590022,0.9714,0.0023572034277932,0.0286,0.0023572034277932,5000
69,"mlma",0.000909753138901197,0.00129003309508467,0.0912191149489441,0.000912282382289538,0.9226,0.00377913323395723,0.0774,0.00377913323395723,5000
69,"mlma_cr2",0.000909753138901197,0.00129003309508467,0.0912191149489441,0.000912282382289538,0.9706,0.00238895960618843,0.0294,0.00238895960618843,5000
70,"aggregate_hksj",-0.00251688893308719,0.00131418299134488,0.0929267704899985,0.000929360645611814,0.9438,0.00325704037432759,0.1762,0.00538801559017789,5000
70,"che_rve",-0.00250225653690593,0.00129969974034984,0.0919026499907767,0.000919118416345454,0.9698,0.00242024626846113,0.085,0.003943982758583,5000
70,"mlma",-0.0024872794928292,0.00130591067464964,0.0923418293668663,0.000923510649351613,0.9194,0.00384976986325157,0.2242,0.00589803967433248,5000
70,"mlma_cr2",-0.0024872794928292,0.00130591067464964,0.0923418293668663,0.000923510649351613,0.97,0.00241246761636296,0.0852,0.0039481884453506,5000
71,"aggregate_hksj",0.000228049848436641,0.00139495896615021,0.0986384944441788,0.000986483597734472,0.946,0.00319637294444813,0.054,0.00319637294444813,5000
71,"che_rve",0.000390750084895705,0.00138026470849127,0.0975994535206651,0.00097609214930253,0.9776,0.00209276085590303,0.0224,0.00209276085590303,5000
71,"mlma",0.000616030170607709,0.00140149803205867,0.0991008762288284,0.000991107878032123,0.926,0.00370199945975144,0.074,0.00370199945975145,5000
71,"mlma_cr2",0.000616030170607709,0.00140149803205867,0.0991008762288284,0.000991107878032123,0.9788,0.00203718236787971,0.0212,0.00203718236787971,5000
72,"aggregate_hksj",-0.00196878293062619,0.00142077554562367,0.100464002285451,0.00100474050192891,0.9488,0.0031170036894428,0.1634,0.00522877499994023,5000
72,"che_rve",-0.00160825726127529,0.00141222976965466,0.0998597246716327,0.000998697121422454,0.9776,0.00209276085590303,0.0722,0.0036602502646677,5000
72,"mlma",-0.00128060916955465,0.00142446257099185,0.100724714349476,0.00100734788332033,0.928,0.00365557109081467,0.2004,0.00566109247407247,5000
72,"mlma_cr2",-0.00128060916955465,0.00142446257099185,0.100724714349476,0.00100734788332033,0.9784,0.00205589104769684,0.0708,0.00362732297982962,5000
73,"aggregate_hksj",-0.00091430307473142,0.00055475749038257,0.0392272783363546,0.000392312016526955,0.9442,0.00324611644892786,0.0558,0.00324611644892786,5000
73,"che_rve",-0.000914303074731356,0.00055475749038257,0.0392272783363546,0.000392312016526955,0.9442,0.00324611644892786,0.0558,0.00324611644892786,5000
73,"mlma",-0.000914303074731354,0.00055475749038257,0.0392272783363546,0.000392312016526955,0.9348,0.00349138826256834,0.0652,0.00349138826256834,5000
73,"mlma_cr2",-0.000914303074731354,0.00055475749038257,0.0392272783363546,0.000392312016526955,0.9442,0.00324611644892786,0.0558,0.00324611644892786,5000
74,"aggregate_hksj",-0.000246605529918925,0.000535452755398638,0.0378622274347399,0.000378660142255114,0.9564,0.00288787257336607,0.713,0.00639735883001728,5000
74,"che_rve",-0.000246605529918842,0.000535452755398638,0.0378622274347398,0.000378660142255114,0.9564,0.00288787257336607,0.713,0.00639735883001728,5000
74,"mlma",-0.00024660552991887,0.000535452755398638,0.0378622274347399,0.000378660142255114,0.9484,0.00312849612433834,0.7368,0.00622777263554154,5000
74,"mlma_cr2",-0.00024660552991887,0.000535452755398638,0.0378622274347399,0.000378660142255114,0.9564,0.00288787257336607,0.713,0.00639735883001728,5000
75,"aggregate_hksj",0.000595633564040995,0.000546136310272323,0.038617668844576,0.000386215311908221,0.9484,0.00312849612433834,0.0516,0.00312849612433834,5000
75,"che_rve",0.000595632391478985,0.000546136322680399,0.0386176697219595,0.000386215320682933,0.9488,0.0031170036894428,0.0512,0.0031170036894428,5000
75,"mlma",0.000641792095801516,0.000546545079173869,0.0386465731707982,0.000386504384079105,0.9402,0.00335332551357604,0.0598,0.00335332551357604,5000
75,"mlma_cr2",0.000641792095801516,0.000546545079173869,0.0386465731707982,0.000386504384079105,0.9492,0.00310545842026584,0.0508,0.00310545842026584,5000
76,"aggregate_hksj",-0.000269610807304185,0.000549186124879304,0.0388333233035718,0.000388372072184991,0.9458,0.00320194815698193,0.711,0.00641060059588803,5000
76,"che_rve",-0.000269616323429714,0.000549186105919434,0.0388333219629065,0.000388372058776997,0.9452,0.00321860093829602,0.7114,0.00640796441937687,5000
76,"mlma",-0.000270544899025574,0.000549906767329601,0.0388842804199134,0.000388881694313168,0.939,0.00338464178311384,0.7312,0.00626971386906931,5000
76,"mlma_cr2",-0.000270544899025574,0.000549906767329601,0.0388842804199134,0.000388881694313168,0.9454,0.00321306209090332,0.713,0.00639735883001728,5000
77,"aggregate_hksj",0.0001051833968743,0.000575554940817984,0.0406978801597819,0.000407019505583678,0.9468,0.00317394895989208,0.0532,0.00317394895989208,5000
77,"che_rve",0.000105235131648423,0.000575555368446109,0.0406979103976566,0.000407019807992668,0.9464,0.00318518570887162,0.0536,0.00318518570887162,5000
77,"mlma",9.32434467195974e-05,0.000580616928905164,0.0410558167700549,0.000410599229676718,0.9386,0.00339499749631719,0.0614,0.00339499749631719,5000
77,"mlma_cr2",9.32434467195974e-05,0.000580616928905164,0.0410558167700549,0.000410599229676718,0.947,0.00316831185333767,0.053,0.00316831185333767,5000
78,"aggregate_hksj",-0.000854897118760162,0.000564821153488302,0.0399388867789186,0.000399428812667797,0.9488,0.0031170036894428,0.67,0.00664981202741852,5000
78,"che_rve",-0.000854895693328639,0.000564821182797362,0.0399388888513821,0.000399428833394504,0.95,0.00308220700148449,0.6684,0.00665794923381066,5000
78,"mlma",-0.000853490488308614,0.000567735345010766,0.0401449512376397,0.000401489663350381,0.9452,0.00321860093829602,0.686,0.00656359657504938,5000
78,"mlma_cr2",-0.000853490488308614,0.000567735345010766,0.0401449512376397,0.000401489663350381,0.9528,0.00299907185642492,0.6584,0.00670685380785954,5000
79,"aggregate_hksj",-0.000171173012278965,0.000605111790215333,0.0427878650237194,0.000427921444521467,0.9506,0.0030646252625729,0.0494,0.0030646252625729,5000
79,"che_rve",-0.000171186382952592,0.000605111573417206,0.0427878496937768,0.000427921291206709,0.9508,0.00305873699425106,0.0492,0.00305873699425106,5000
79,"mlma",-0.000185615093109863,0.000618403683544694,0.0437277438145193,0.000437321172449262,0.9434,0.00326791799162708,0.0566,0.00326791799162709,5000
79,"mlma_cr2",-0.000185615093109863,0.000618403683544694,0.0437277438145193,0.000437321172449262,0.9522,0.00301712313305241,0.0478,0.00301712313305241,5000
80,"aggregate_hksj",0.000534524989666926,0.000611424457709544,0.0432342380229726,0.000432385620953966,0.9474,0.00315699984162179,0.6358,0.00680526795945611,5000
80,"che_rve",0.000534234421292495,0.00061142475741119,0.0432342592150792,0.000432385832896227,0.9498,0.00308804015517933,0.6312,0.00682329187416162,5000
80,"mlma",0.000506141368795981,0.000622958872773085,0.0440498443338176,0.000440542499791088,0.9394,0.00337424480439698,0.6338,0.00681318662594824,5000
80,"mlma_cr2",0.000506141368795981,0.000622958872773085,0.0440498443338176,0.000440542499791088,0.949,0.00311123769583746,0.61,0.00689782574439221,5000
81,"aggregate_hksj",0.000916916016743462,0.000593895333966553,0.0419947417962799,0.000419989419004857,0.952,0.00302311098043059,0.048,0.00302311098043059,5000
81,"che_rve",0.000916916016743537,0.000593895333966553,0.0419947417962799,0.000419989419004856,0.9528,0.00299907185642492,0.0472,0.00299907185642492,5000
81,"mlma",0.000916916016743544,0.000593895333966553,0.0419947417962799,0.000419989419004856,0.9442,0.00324611644892786,0.0558,0.00324611644892786,5000
81,"mlma_cr2",0.000916916016743544,0.000593895333966553,0.0419947417962799,0.000419989419004856,0.9528,0.00299907185642492,0.0472,0.00299907185642492,5000
82,"aggregate_hksj",-0.00109863442553852,0.000582770254039703,0.0412080798505281,0.000412122012767374,0.953,0.00299302522541993,0.6334,0.00681475516801594,5000
82,"che_rve",-0.00109863442553849,0.000582770254039702,0.0412080798505281,0.000412122012767373,0.9512,0.00304691844328003,0.6178,0.0068720180442138,5000
82,"mlma",-0.00109863442553849,0.000582770254039702,0.0412080798505281,0.000412122012767373,0.9464,0.00318518570887162,0.6594,0.00670211369643936,5000
82,"mlma_cr2",-0.00109863442553849,0.000582770254039702,0.0412080798505281,0.000412122012767373,0.9512,0.00304691844328003,0.6178,0.0068720180442138,5000
83,"aggregate_hksj",0.000498259579855861,0.000594993327082721,0.0420723816340938,0.000420765895034481,0.9524,0.00301112072159188,0.0476,0.00301112072159188,5000
83,"che_rve",0.00049825948920171,0.000594993319149702,0.0420723810731446,0.000420765889424429,0.9536,0.00297479545515318,0.0464,0.00297479545515318,5000
83,"mlma",0.000485552742133143,0.000595662468383115,0.0421196970692018,0.000421239096708095,0.9446,0.00323514574633045,0.0554,0.00323514574633045,5000
83,"mlma_cr2",0.000485552742133143,0.000595662468383115,0.0421196970692018,0.000421239096708095,0.9538,0.00296868859936505,0.0462,0.00296868859936505,5000
84,"aggregate_hksj",0.000202671801386223,0.000599279002578459,0.0423754246545939,0.000423796628327967,0.9566,0.00288154264240528,0.625,0.00684653196881458,5000
84,"che_rve",0.000202616102550596,0.000599279609828795,0.042375467593677,0.000423797057761743,0.9538,0.00296868859936505,0.6146,0.00688283139412844,5000
84,"mlma",0.000148761078415216,0.000599996118290385,0.0424261323928737,0.000424303756426111,0.9482,0.0031342227106573,0.6476,0.00675594908210534,5000
84,"mlma_cr2",0.000148761078415216,0.000599996118290385,0.0424261323928737,0.000424303756426111,0.954,0.00296256645495084,0.613,0.00688812020801031,5000
85,"aggregate_hksj",-0.000940673303781607,0.00063419670139794,0.0448444788164623,0.000448489639371233,0.9438,0.00325704037432759,0.0562,0.00325704037432759,5000
85,"che_rve",-0.00094073503819666,0.000634196575488067,0.0448444699132898,0.000448489550330603,0.9462,0.00319078548323136,0.0538,0.00319078548323136,5000
85,"mlma",-0.00102476036249948,0.00063697812345041,0.0450411550559266,0.000450456598471622,0.9384,0.00340015999623547,0.0616,0.00340015999623547,5000
85,"mlma_cr2",-0.00102476036249948,0.00063697812345041,0.0450411550559266,0.000450456598471622,0.9478,0.00314563697841948,0.0522,0.00314563697841947,5000
86,"aggregate_hksj",-5.30215163874748e-05,0.000630344566180079,0.0445720917230026,0.000445765496008677,0.947,0.00316831185333767,0.6012,0.00692471746716066,5000
86,"che_rve",-5.30148844099659e-05,0.000630344612243642,0.0445720949801884,0.000445765528583793,0.9472,0.00316266216975509,0.5808,0.00697812811576285,5000
86,"mlma",-8.73933152445161e-05,0.000634357133209983,0.0448558230586837,0.000448603093139391,0.9386,0.00339499749631719,0.6148,0.00688216477570829,5000
86,"mlma_cr2",-8.73933152445161e-05,0.000634357133209983,0.0448558230586837,0.000448603093139391,0.947,0.00316831185333767,0.5738,0.00699361937768992,5000
87,"aggregate_hksj",0.000254019074917451,0.00068009593280733,0.0480900445945453,0.000480948543204757,0.9468,0.00317394895989208,0.0532,0.00317394895989208,5000
87,"che_rve",0.000252584980433357,0.00068009837208105,0.0480902170772442,0.000480950268204254,0.951,0.00305283474822991,0.049,0.00305283474822991,5000
87,"mlma",5.02513138117587e-05,0.000691985066408341,0.0489307332937161,0.000489356271011289,0.9396,0.00336903072114221,0.0604,0.00336903072114221,5000
87,"mlma_cr2",5.02513138117587e-05,0.000691985066408341,0.0489307332937161,0.000489356271011289,0.951,0.00305283474822991,0.049,0.00305283474822991,5000
88,"aggregate_hksj",-0.000916538115257187,0.000675271847853763,0.0477489302761767,0.000477537058855576,0.9434,0.00326791799162708,0.5404,0.00704794778641272,5000
88,"che_rve",-0.000915623056520612,0.000675265148597971,0.0477484565672567,0.000477532321292597,0.9492,0.00310545842026584,0.52,0.00706540869306228,5000
88,"mlma",-0.000968165971386645,0.000691085544154542,0.0488671274651672,0.000488720149110428,0.9378,0.00341558662604244,0.5448,0.00704262678267136,5000
88,"mlma_cr2",-0.000968165971386645,0.000691085544154542,0.0488671274651672,0.000488720149110428,0.95,0.00308220700148449,0.5042,0.00707081834019231,5000
89,"aggregate_hksj",-0.000286367527827315,0.000752343321081716,0.0531987064117289,0.000532040270804837,0.9498,0.00308804015517933,0.0502,0.00308804015517933,5000
89,"che_rve",-0.000286367527827226,0.000752343321081715,0.0531987064117289,0.000532040270804837,0.9502,0.00307636018697421,0.0498,0.00307636018697421,5000
89,"mlma",-0.000286367527827225,0.000752343321081715,0.0531987064117289,0.000532040270804836,0.9416,0.00331630637909105,0.0584,0.00331630637909105,5000
89,"mlma_cr2",-0.000286367527827225,0.000752343321081715,0.0531987064117289,0.000532040270804836,0.9502,0.00307636018697421,0.0498,0.00307636018697421,5000
90,"aggregate_hksj",-0.000203611833083095,0.000749053406854491,0.0529660743457697,0.000529713717478278,0.957,0.00286883251515316,0.4514,0.00703758538136483,5000
90,"che_rve",-0.000203611833083137,0.00074905340685449,0.0529660743457696,0.000529713717478278,0.9584,0.00282380735886852,0.3642,0.00680526795945611,5000
90,"mlma",-0.00020361183308315,0.00074905340685449,0.0529660743457696,0.000529713717478278,0.947,0.00316831185333767,0.476,0.00706291724431201,5000
90,"mlma_cr2",-0.00020361183308315,0.00074905340685449,0.0529660743457696,0.000529713717478278,0.9584,0.00282380735886852,0.3642,0.00680526795945611,5000
91,"aggregate_hksj",-0.000170137936756054,0.000775949772670753,0.0548679346115649,0.000548734222281823,0.9482,0.0031342227106573,0.0518,0.0031342227106573,5000
91,"che_rve",-0.0001701374966519,0.000775949794874196,0.0548679361815854,0.000548734237983598,0.951,0.00305283474822991,0.049,0.00305283474822991,5000
91,"mlma",-0.000197636447961302,0.000776571230837304,0.0549118783399442,0.000549173703515936,0.9406,0.00334280241713446,0.0594,0.00334280241713446,5000
91,"mlma_cr2",-0.000197636447961302,0.000776571230837304,0.0549118783399442,0.000549173703515936,0.9516,0.00303504332753257,0.0484,0.00303504332753257,5000
92,"aggregate_hksj",-0.00135275765290242,0.000772256029626868,0.0546067475361357,0.000546122090301271,0.9492,0.00310545842026584,0.424,0.0069889054937093,5000
92,"che_rve",-0.00135260904029171,0.000772255609730846,0.0546067178450033,0.000546121793360251,0.9496,0.00309385972532693,0.3518,0.00675332155313221,5000
92,"mlma",-0.00131777861130293,0.000772046027974573,0.054591898176896,0.000545973581857287,0.9418,0.00331097447891101,0.4456,0.00702909154869959,5000
92,"mlma_cr2",-0.00131777861130293,0.000772046027974573,0.054591898176896,0.000545973581857287,0.9502,0.00307636018697421,0.3518,0.00675332155313221,5000
93,"aggregate_hksj",0.000599187399438384,0.000799238513113308,0.0565146972407874,0.000565203495583732,0.9504,0.00307049963361014,0.0496,0.00307049963361014,5000
93,"che_rve",0.000598868695420623,0.000799234384890192,0.0565144053313314,0.000565200576197219,0.9518,0.00302908435009658,0.0482,0.00302908435009658,5000
93,"mlma",0.000453963165836152,0.000802162354001646,0.0567214440127127,0.000567271170080775,0.9458,0.00320194815698193,0.0542,0.00320194815698193,5000
93,"mlma_cr2",0.000453963165836152,0.000802162354001646,0.0567214440127127,0.000567271170080775,0.95,0.00308220700148449,0.05,0.00308220700148449,5000
94,"aggregate_hksj",9.34722629716001e-05,0.000787468047179393,0.0556823996128277,0.000556879686881642,0.9546,0.00294410733499986,0.409,0.00695297058817309,5000
94,"che_rve",9.34742059598148e-05,0.000787468074575044,0.0556824015499927,0.00055687970625523,0.9586,0.00281730509529941,0.3248,0.00662276316955393,5000
94,"mlma",-0.000130185753757867,0.000795089804928893,0.056221339271751,0.000562269622491388,0.9496,0.00309385972532693,0.4292,0.00699981942624237,5000
94,"mlma_cr2",-0.000130185753757867,0.000795089804928893,0.056221339271751,0.000562269622491388,0.9568,0.00287519599331941,0.3282,0.00664055359138077,5000
95,"aggregate_hksj",-3.94411163667176e-05,0.000848641813567646,0.0600080381172132,0.000600140398212956,0.9516,0.00303504332753257,0.0484,0.00303504332753257,5000
95,"che_rve",-3.91398368410279e-05,0.000848637502859849,0.0600077333041417,0.000600137349777382,0.9618,0.0027107474983849,0.0382,0.0027107474983849,5000
95,"mlma",1.28446202042114e-06,0.000869634089988056,0.0614924162181547,0.000614985663823165,0.9482,0.0031342227106573,0.0518,0.0031342227106573,5000
95,"mlma_cr2",1.28446202042114e-06,0.000869634089988056,0.0614924162181547,0.000614985663823165,0.9624,0.00269021337443705,0.0376,0.00269021337443705,5000
96,"aggregate_hksj",-0.00183793401242777,0.000864805369753286,0.0611509741359088,0.000611570901507399,0.9472,0.00316266216975509,0.3532,0.00675943429585642,5000
96,"che_rve",-0.00183881283024387,0.000864789223533719,0.0611498324257742,0.000611559483264172,0.9554,0.00291927525252416,0.2778,0.00633446382892822,5000
96,"mlma",-0.00192102048151853,0.000881331815114472,0.0623195702942892,0.00062325803186268,0.9422,0.00330027756408457,0.3638,0.00680366901017385,5000
96,"mlma_cr2",-0.00192102048151853,0.000881331815114472,0.0623195702942892,0.00062325803186268,0.9548,0.00293792307591605,0.274,0.00630751932220584,5000
97,"aggregate_hksj",0.00177784354041754,0.00057090145620939,0.0403688291074935,0.000403728665960376,0.9532,0.00298696367570816,0.0468,0.00298696367570816,5000
97,"che_rve",0.00176208587765563,0.000560528113974197,0.039635323043686,0.000396392871706194,0.952,0.00302311098043059,0.048,0.00302311098043059,5000
97,"mlma",0.00176208589526078,0.000560528113794011,0.039635323030945,0.000396392871578771,0.944,0.00325158422926425,0.056,0.00325158422926425,5000
97,"mlma_cr2",0.00176208589526078,0.000560528113794011,0.039635323030945,0.000396392871578771,0.952,0.00302311098043059,0.048,0.00302311098043059,5000
98,"aggregate_hksj",0.000377670410147149,0.000571367818925397,0.0404018059313915,0.000404058467181128,0.9494,0.00309966578843591,0.676,0.00661851947190608,5000
98,"che_rve",0.000404207202388207,0.000563069273058224,0.039815010125725,0.000398189922240623,0.95,0.00308220700148449,0.6918,0.0065301264918836,5000
98,"mlma",0.00040416970585154,0.000563070577416407,0.0398151023577766,0.000398190844653385,0.9416,0.00331630637909105,0.7114,0.00640796441937687,5000
98,"mlma_cr2",0.00040416970585154,0.000563070577416407,0.0398151023577766,0.000398190844653385,0.95,0.00308220700148449,0.6918,0.0065301264918836,5000
99,"aggregate_hksj",0.000339977944374842,0.000588868998433722,0.0416393262023015,0.000416434907596157,0.9458,0.00320194815698193,0.0542,0.00320194815698193,5000
99,"che_rve",0.000210553305545971,0.000579363235072455,0.0409671672289909,0.000409712645603237,0.9484,0.00312849612433834,0.0516,0.00312849612433834,5000
99,"mlma",0.000208614974286065,0.000579751597582219,0.0409946286054121,0.000409987286832946,0.9408,0.0033375248313683,0.0592,0.0033375248313683,5000
99,"mlma_cr2",0.000208614974286065,0.000579751597582219,0.0409946286054121,0.000409987286832946,0.9476,0.00315132480077824,0.0524,0.00315132480077824,5000
100,"aggregate_hksj",-0.000204000669825066,0.000573396354152747,0.0405452450329051,0.000405493001656884,0.9502,0.00307636018697421,0.6576,0.0067106220278004,5000
100,"che_rve",-0.000248767524505367,0.000564604316253795,0.0399235540710252,0.000399275470253855,0.9496,0.00309385972532693,0.6788,0.00660349240932402,5000
100,"mlma",-0.000258974939375337,0.000565573739534723,0.0399921026486037,0.000399961024588501,0.9408,0.0033375248313683,0.6986,0.0064893457297327,5000
100,"mlma_cr2",-0.000258974939375337,0.000565573739534723,0.0399921026486037,0.000399961024588501,0.9504,0.00307049963361014,0.6744,0.00662698483474951,5000
101,"aggregate_hksj",0.000390227272750259,0.000604340667231491,0.042733338394619,0.000427376123695654,0.9512,0.00304691844328003,0.0488,0.00304691844328003,5000
101,"che_rve",0.000591381895484816,0.000596324420065669,0.042166504121557,0.000421707214045721,0.9508,0.00305873699425106,0.0492,0.00305873699425106,5000
101,"mlma",0.000631492136888361,0.00059921253876038,0.0423707249529472,0.000423749626611093,0.9404,0.00334806929438445,0.0596,0.00334806929438445,5000
101,"mlma_cr2",0.000631492136888361,0.00059921253876038,0.0423707249529472,0.000423749626611093,0.9526,0.00300510365877785,0.0474,0.00300510365877785,5000
102,"aggregate_hksj",0.000641419577290414,0.000610047775132802,0.0431368918644171,0.000431412062007648,0.947,0.00316831185333767,0.6322,0.00681943047475374,5000
102,"che_rve",0.000544787454290499,0.000602764385394672,0.0426218784370314,0.000426261412643099,0.9442,0.00324611644892786,0.6464,0.00676116912966981,5000
102,"mlma",0.000519861055664331,0.000605537533855427,0.0428179696452151,0.000428222520845563,0.9396,0.00336903072114221,0.6614,0.00669253375038184,5000
102,"mlma_cr2",0.000519861055664331,0.000605537533855427,0.0428179696452151,0.000428222520845563,0.9468,0.00317394895989208,0.6378,0.00679722237388185,5000
103,"aggregate_hksj",-0.000212010402895586,0.000652155821471567,0.0461143803752829,0.000461189925051514,0.9436,0.00326248494249399,0.0564,0.00326248494249399,5000
103,"che_rve",-0.000275846803085128,0.00064628299005681,0.0456991084834688,0.000457036790799181,0.9454,0.00321306209090332,0.0546,0.00321306209090332,5000
103,"mlma",-4.82699445987207e-05,0.000660678715516592,0.04671703999274,0.000467217123976117,0.9382,0.00340531232047811,0.0618,0.00340531232047811,5000
103,"mlma_cr2",-4.82699445987207e-05,0.000660678715516592,0.04671703999274,0.000467217123976117,0.9454,0.00321306209090332,0.0546,0.00321306209090332,5000
104,"aggregate_hksj",-0.000351539678908594,0.000651613818401469,0.0460760549706538,0.000460806632674069,0.9426,0.0032895361375124,0.5632,0.00701435328451597,5000
104,"che_rve",-0.000359582342722917,0.000644406380102808,0.0455664121210572,0.000455709694458794,0.9468,0.00317394895989208,0.5762,0.00698846993268197,5000
104,"mlma",-0.000435365628106144,0.000655182120627143,0.0463283720407636,0.000463330055730091,0.9418,0.00331097447891101,0.5828,0.0069734376027896,5000
104,"mlma_cr2",-0.000435365628106144,0.000655182120627143,0.0463283720407636,0.000463330055730091,0.9484,0.00312849612433834,0.552,0.00703272351226749,5000
105,"aggregate_hksj",6.87670218235834e-05,0.000615202265926891,0.0435013694038234,0.000435057201933931,0.9536,0.00297479545515318,0.0464,0.00297479545515318,5000
105,"che_rve",0.000198555593952461,0.000604082204483224,0.0427150623184206,0.000427193344654852,0.9514,0.0030409879973456,0.0486,0.0030409879973456,5000
105,"mlma",0.000198555514403337,0.000604082203213846,0.0427150622286621,0.000427193343757177,0.9428,0.00328414859590732,0.0572,0.00328414859590732,5000
105,"mlma_cr2",0.000198555514403337,0.000604082203213846,0.0427150622286621,0.000427193343757177,0.9514,0.0030409879973456,0.0486,0.0030409879973456,5000
106,"aggregate_hksj",0.00172019058327298,0.000628173034225976,0.0444185412259717,0.000444229837464835,0.9494,0.00309966578843591,0.607,0.00690725705327375,5000
106,"che_rve",0.00169342537384724,0.000617941117663853,0.0436950354674105,0.00043699405626492,0.9502,0.00307636018697421,0.6054,0.00691217534499813,5000
106,"mlma",0.00169342542945604,0.0006179411181807,0.0436950355039571,0.000436994056630423,0.9402,0.00335332551357604,0.6466,0.00676030236010195,5000
106,"mlma_cr2",0.00169342542945604,0.0006179411181807,0.0436950355039571,0.000436994056630423,0.9502,0.00307636018697421,0.6054,0.00691217534499813,5000
107,"aggregate_hksj",0.000241784805454842,0.000636723386258804,0.0450231424163661,0.000450276454060675,0.9524,0.00301112072159188,0.0476,0.00301112072159188,5000
107,"che_rve",0.000289835405870387,0.000629544503645065,0.0445155187586145,0.000445199709783344,0.9464,0.00318518570887162,0.0536,0.00318518570887162,5000
107,"mlma",0.000317370292232356,0.000629548276545025,0.0445157855429291,0.000445202377893315,0.9414,0.00332162731202644,0.0586,0.00332162731202644,5000
107,"mlma_cr2",0.000317370292232356,0.000629548276545025,0.0445157855429291,0.000445202377893315,0.9484,0.00312849612433834,0.0516,0.00312849612433834,5000
108,"aggregate_hksj",-5.87668452548123e-05,0.000632407113071918,0.0447179358123761,0.000447224082768382,0.9532,0.00298696367570816,0.58,0.00697997134664606,5000
108,"che_rve",-5.84412472789952e-06,0.000624147444302423,0.0441338890326496,0.000441383030836716,0.951,0.00305283474822991,0.579,0.00698224892137197,5000
108,"mlma",-1.2547831071269e-05,0.00062459906961472,0.0441658237647377,0.00044170241009712,0.9436,0.00326248494249399,0.6224,0.00685592065298308,5000
108,"mlma_cr2",-1.2547831071269e-05,0.00062459906961472,0.0441658237647377,0.00044170241009712,0.951,0.00305283474822991,0.58,0.00697997134664606,5000
109,"aggregate_hksj",-0.000398927347321534,0.000663188164970567,0.0468944848653351,0.000468991750173561,0.953,0.00299302522541993,0.047,0.00299302522541993,5000
109,"che_rve",-0.000466932993277464,0.000652484268908725,0.0461376051162906,0.000461422195689817,0.9472,0.00316266216975509,0.0528,0.00316266216975509,5000
109,"mlma",-0.000510963145935385,0.000656555452808497,0.0464254812905893,0.000464301245352166,0.9468,0.00317394895989208,0.0532,0.00317394895989208,5000
109,"mlma_cr2",-0.000510963145935385,0.000656555452808497,0.0464254812905893,0.000464301245352166,0.9506,0.0030646252625729,0.0494,0.0030646252625729,5000
110,"aggregate_hksj",0.000575353369755463,0.000661780277028614,0.0467949321542445,0.000467996123495009,0.9492,0.00310545842026584,0.5576,0.00702399088837678,5000
110,"che_rve",0.000576069790791306,0.000651809561641961,0.0460898961079262,0.000460945057890007,0.9488,0.0031170036894428,0.5552,0.00702784405063174,5000
110,"mlma",0.000601158350503089,0.000657208657984783,0.046471669871555,0.000464763177357334,0.944,0.00325158422926425,0.5912,0.00695244647588171,5000
110,"mlma_cr2",0.000601158350503089,0.000657208657984783,0.046471669871555,0.000464763177357334,0.9516,0.00303504332753257,0.5474,0.00703922211611482,5000
111,"aggregate_hksj",-0.000337496955306819,0.000701751712171767,0.0496213394385927,0.000496263023169807,0.9488,0.0031170036894428,0.0512,0.0031170036894428,5000
111,"che_rve",-0.000426639637235836,0.00069195299315275,0.0489284653720638,0.000489333589526503,0.9522,0.00301712313305241,0.0478,0.00301712313305241,5000
111,"mlma",-0.000171539324988289,0.000704765019191082,0.0498344124213081,0.000498393966101911,0.946,0.00319637294444813,0.054,0.00319637294444813,5000
111,"mlma_cr2",-0.000171539324988289,0.000704765019191082,0.0498344124213081,0.000498393966101911,0.954,0.00296256645495084,0.046,0.00296256645495084,5000
112,"aggregate_hksj",0.0014224474021616,0.000716474795642818,0.0506624186548283,0.000506674856567567,0.946,0.00319637294444813,0.5068,0.0070704138492736,5000
112,"che_rve",0.00114355091104867,0.000708094041275036,0.0500698098303365,0.000500748175624919,0.9472,0.00316266216975509,0.5016,0.0070710316079056,5000
112,"mlma",0.00117288447359513,0.000720053447605778,0.0509154675618798,0.000509205598724953,0.9408,0.0033375248313683,0.5258,0.00706164796630362,5000
112,"mlma_cr2",0.00117288447359513,0.000720053447605778,0.0509154675618798,0.000509205598724953,0.9508,0.00305873699425106,0.4816,0.00706627822831793,5000
113,"aggregate_hksj",0.00142790051899945,0.000789003799042259,0.0557909936684729,0.000557965736048442,0.9558,0.00290676314824583,0.0442,0.00290676314824583,5000
113,"che_rve",0.0015040068663874,0.000779203582428422,0.0550980137059988,0.000551035243339774,0.9608,0.0027445713690848,0.0392,0.0027445713690848,5000
113,"mlma",0.00150400680499508,0.000779203581501829,0.0550980136404788,0.000551035242684508,0.945,0.0032241277890307,0.055,0.0032241277890307,5000
113,"mlma_cr2",0.00150400680499508,0.000779203581501829,0.0550980136404788,0.000551035242684508,0.9608,0.0027445713690848,0.0392,0.0027445713690848,5000
114,"aggregate_hksj",-0.000235694178399901,0.000797923304285819,0.0564216979327279,0.000564273409489878,0.9504,0.00307049963361014,0.4006,0.00692992986977502,5000
114,"che_rve",-0.000221933784168099,0.000788999932952315,0.0557907202946313,0.000557963002036611,0.9492,0.00310545842026584,0.3362,0.00668086162107853,5000
114,"mlma",-0.000221933674724353,0.000788999934432414,0.0557907203992901,0.000557963003083303,0.938,0.00341045451516363,0.4382,0.0070168477252966,5000
114,"mlma_cr2",-0.000221933674724353,0.000788999934432414,0.0557907203992901,0.000557963003083303,0.9492,0.00310545842026584,0.3362,0.00668086162107853,5000
115,"aggregate_hksj",-0.000668621127523844,0.000816066220009017,0.0577045958065649,0.000577103671318588,0.9482,0.0031342227106573,0.0518,0.0031342227106573,5000
115,"che_rve",-0.000371339106778698,0.000803937670132629,0.0568469778202096,0.000568526633708384,0.9574,0.00285605462132642,0.0426,0.00285605462132642,5000
115,"mlma",-0.000352704210591163,0.000805411868405384,0.0569512193797574,0.000569569153561061,0.9398,0.00336380617753164,0.0602,0.00336380617753164,5000
115,"mlma_cr2",-0.000352704210591163,0.000805411868405384,0.0569512193797574,0.000569569153561061,0.9566,0.00288154264240528,0.0434,0.00288154264240528,5000
116,"aggregate_hksj",0.000519725665262552,0.000816896055223354,0.0577632740172974,0.000577690512112927,0.95,0.00308220700148449,0.4008,0.00693050301204754,5000
116,"che_rve",0.000294515763415729,0.000807993223997452,0.0571337487841379,0.000571394630161654,0.9566,0.00288154264240528,0.3364,0.00668184166229641,5000
116,"mlma",0.000240180269538787,0.000808510619268099,0.0571703341545808,0.000571760520456942,0.9384,0.00340015999623547,0.4362,0.00701326685646568,5000
116,"mlma_cr2",0.000240180269538787,0.000808510619268099,0.0571703341545808,0.000571760520456942,0.9566,0.00288154264240528,0.3378,0.00668866444067872,5000
117,"aggregate_hksj",-0.000159244158662867,0.000843788965822662,0.0596648899623588,0.000596708573464776,0.9484,0.00312849612433834,0.0516,0.00312849612433834,5000
117,"che_rve",2.64332808811194e-05,0.000834124169619811,0.0589814856689767,0.000589873847024133,0.9542,0.00295642892693195,0.0458,0.00295642892693195,5000
117,"mlma",-3.914453701541e-05,0.000838567798070456,0.0592956976500291,0.000593016281093778,0.9412,0.00332693733033852,0.0588,0.00332693733033852,5000
117,"mlma_cr2",-3.914453701541e-05,0.000838567798070456,0.0592956976500291,0.000593016281093778,0.952,0.00302311098043059,0.048,0.00302311098043059,5000
118,"aggregate_hksj",0.000808896633153339,0.000844111274085354,0.059687680598177,0.000596936502617013,0.9526,0.00300510365877785,0.3768,0.0068530542096207,5000
118,"che_rve",0.000670707416945374,0.000829849488144438,0.0586792200431117,0.000586850888454511,0.954,0.00296256645495084,0.3018,0.00649179112418137,5000
118,"mlma",0.000644360311521722,0.000833435711798617,0.0589328043495839,0.000589386985141583,0.9448,0.00322964270469661,0.4058,0.00694444180622172,5000
118,"mlma_cr2",0.000644360311521722,0.000833435711798617,0.0589328043495839,0.000589386985141583,0.9538,0.00296868859936505,0.2966,0.00645954239865333,5000
119,"aggregate_hksj",-0.00160028014922413,0.00093148013738715,0.0658655921687031,0.000658721797160685,0.943,0.00327874976172321,0.057,0.00327874976172321,5000
119,"che_rve",-0.00169865075761722,0.000921891178456771,0.0651875503802841,0.000651940701132984,0.9514,0.0030409879973456,0.0486,0.0030409879973456,5000
119,"mlma",-0.0016629803505764,0.000938640009498968,0.0663718715809725,0.000663785097638747,0.937,0.00343601513384327,0.063,0.00343601513384327,5000
119,"mlma_cr2",-0.0016629803505764,0.000938640009498968,0.0663718715809725,0.000663785097638747,0.953,0.00299302522541993,0.047,0.00299302522541993,5000
120,"aggregate_hksj",-0.00134886754056773,0.000894390144593653,0.0632429336268589,0.000632492588690237,0.9508,0.00305873699425106,0.33,0.00664981202741852,5000
120,"che_rve",-0.00134191837052905,0.00088830129791502,0.0628123871492522,0.0006281866933031,0.9562,0.00289418589589542,0.2608,0.00620940190356527,5000
120,"mlma",-0.00156624173423572,0.000899892736876364,0.0636320256585798,0.000636383898157852,0.9444,0.00324063697442339,0.3442,0.00671902314328504,5000
120,"mlma_cr2",-0.00156624173423572,0.000899892736876364,0.0636320256585798,0.000636383898157852,0.9576,0.00284963997726029,0.2544,0.00615923112084617,5000
121,"aggregate_hksj",-0.000897369649324753,0.00061553644486772,0.0435249994233424,0.000435293525762686,0.9554,0.00291927525252416,0.0446,0.00291927525252416,5000
121,"che_rve",-0.000644231345041904,0.000604724515244488,0.0427604805479125,0.000427647572374814,0.9526,0.00300510365877785,0.0474,0.00300510365877785,5000
121,"mlma",-0.000644262204228289,0.000604771416604465,0.0427637969748812,0.000427680739961425,0.9454,0.00321306209090332,0.0546,0.00321306209090332,5000
121,"mlma_cr2",-0.000644262204228289,0.000604771416604465,0.0427637969748812,0.000427680739961425,0.9524,0.00301112072159188,0.0476,0.00301112072159188,5000
122,"aggregate_hksj",-9.32141034493128e-05,0.000603988151968838,0.0427084118013497,0.000427126832832628,0.9528,0.00299907185642492,0.6038,0.00691701611968629,5000
122,"che_rve",-0.000142654919783297,0.000592130217718991,0.0418699292294565,0.000418741168505331,0.9522,0.00301712313305241,0.625,0.00684653196881458,5000
122,"mlma",-0.000142506001271317,0.000592133908532453,0.0418701902093793,0.000418743778565577,0.9424,0.00329491244193226,0.6534,0.00673005854357895,5000
122,"mlma_cr2",-0.000142506001271317,0.000592133908532453,0.0418701902093793,0.000418743778565577,0.9522,0.00301712313305241,0.625,0.00684653196881458,5000
123,"aggregate_hksj",-0.000776573714633139,0.000622745772206241,0.0440347758482286,0.000440391799864452,0.9508,0.00305873699425106,0.0492,0.00305873699425106,5000
123,"che_rve",-0.000579010303514132,0.00060950039511873,0.0430981862524334,0.000431024967176392,0.9508,0.00305873699425106,0.0492,0.00305873699425106,5000
123,"mlma",-0.000586236242214392,0.000610021016138268,0.0431349997177678,0.000431393138648724,0.9406,0.00334280241713446,0.0594,0.00334280241713446,5000
123,"mlma_cr2",-0.000586236242214392,0.000610021016138268,0.0431349997177678,0.000431393138648724,0.9498,0.00308804015517933,0.0502,0.00308804015517933,5000
124,"aggregate_hksj",-0.000281410816141733,0.000622506996563583,0.0440178918606181,0.000440222943101826,0.9504,0.00307049963361014,0.5938,0.00694552460221688,5000
124,"che_rve",-0.000272784447277824,0.000612407170252191,0.0433037262932589,0.000433080573155524,0.9472,0.00316266216975509,0.6142,0.00688416095105279,5000
124,"mlma",-0.000295552004934238,0.000613131268346135,0.0433549277605061,0.000433592639037144,0.94,0.00335857112474933,0.6438,0.00677231954355374,5000
124,"mlma_cr2",-0.000295552004934238,0.000613131268346135,0.0433549277605061,0.000433592639037144,0.9482,0.0031342227106573,0.6134,0.00688680535517013,5000
125,"aggregate_hksj",-0.000730931295929046,0.000644355072866386,0.0455627841515774,0.000455673411135482,0.9532,0.00298696367570816,0.0468,0.00298696367570816,5000
125,"che_rve",-0.000811527480604035,0.000634758693947196,0.0448842176907178,0.000448887067858624,0.9482,0.0031342227106573,0.0518,0.0031342227106573,5000
125,"mlma",-0.000793262509030469,0.000636675884343066,0.0450197835236924,0.000450242861774541,0.9392,0.00337944847571316,0.0608,0.00337944847571316,5000
125,"mlma_cr2",-0.000793262509030469,0.000636675884343066,0.0450197835236924,0.000450242861774541,0.9486,0.00312275647465504,0.0514,0.00312275647465504,5000
126,"aggregate_hksj",0.00105074877690746,0.000638042588414884,0.0451164240953982,0.000451209364146669,0.9544,0.00295027591929975,0.5786,0.00698315172397106,5000
126,"che_rve",0.00108321543159941,0.000629565045174459,0.0445169712640875,0.000445214236290798,0.9518,0.00302908435009658,0.5948,0.00694280865356377,5000
126,"mlma",0.00111892265151391,0.000633688114159648,0.0448085162679602,0.000448129977918268,0.9432,0.00327333957908433,0.6156,0.00687948602731338,5000
126,"mlma_cr2",0.00111892265151391,0.000633688114159648,0.0448085162679602,0.000448129977918268,0.9504,0.00307049963361014,0.589,0.00695814630487172,5000
127,"aggregate_hksj",5.56434393180903e-05,0.000696561225864783,0.0492543166320602,0.000492592428026613,0.9496,0.00309385972532693,0.0504,0.00309385972532693,5000
127,"che_rve",0.000208140747079249,0.000688665875569843,0.0486960310587207,0.000487009013923888,0.9446,0.00323514574633045,0.0554,0.00323514574633045,5000
127,"mlma",-0.000143276997360558,0.000698849754553909,0.0494161400475623,0.000494210824029327,0.9374,0.00342582077756557,0.0626,0.00342582077756557,5000
127,"mlma_cr2",-0.000143276997360558,0.000698849754553909,0.0494161400475623,0.000494210824029327,0.9472,0.00316266216975509,0.0528,0.00316266216975509,5000
128,"aggregate_hksj",0.000432187173621965,0.00070694526860363,0.0499885793357372,0.000499935789436245,0.9402,0.00335332551357604,0.5226,0.00706384088156012,5000
128,"che_rve",0.000430158527134405,0.00069312168828632,0.0490111045974725,0.000490160064432214,0.9416,0.00331630637909105,0.5356,0.00705312186198424,5000
128,"mlma",0.000614293959049619,0.000704217629818536,0.0497957061475805,0.000498006864652553,0.9324,0.0035504996831432,0.5504,0.00703505280719342,5000
128,"mlma_cr2",0.000614293959049619,0.000704217629818536,0.0497957061475805,0.000498006864652553,0.941,0.00333223648620562,0.519,0.00706596065655619,5000
129,"aggregate_hksj",-0.000227956770090771,0.000668344279966434,0.0472590772531506,0.000472638038698802,0.9522,0.00301712313305241,0.0478,0.00301712313305241,5000
129,"che_rve",-0.000212718507227515,0.000653946269854847,0.046240984194601,0.000462456089867509,0.9502,0.00307636018697421,0.0498,0.00307636018697421,5000
129,"mlma",-0.000214065785464247,0.000653994005380817,0.0462443596060127,0.000462489847357543,0.9406,0.00334280241713446,0.0594,0.00334280241713446,5000
129,"mlma_cr2",-0.000214065785464247,0.000653994005380817,0.0462443596060127,0.000462489847357543,0.9502,0.00307636018697421,0.0498,0.00307636018697421,5000
130,"aggregate_hksj",0.000219825397796219,0.000671476895017653,0.047480586587707,0.000474853353586933,0.9554,0.00291927525252416,0.5312,0.00705728786432862,5000
130,"che_rve",0.000333845568596128,0.000661033659226561,0.0467421383031659,0.000467468132182451,0.953,0.00299302522541993,0.5332,0.00705546256456655,5000
130,"mlma",0.000334641427832891,0.000661024389637136,0.0467414828442117,0.000467461576937353,0.9428,0.00328414859590732,0.575,0.00699106572705478,5000
130,"mlma_cr2",0.000334641427832891,0.000661024389637136,0.0467414828442117,0.000467461576937353,0.953,0.00299302522541993,0.5332,0.00705546256456655,5000
131,"aggregate_hksj",0.000320519905204151,0.000675295086039584,0.0477505734640543,0.000477553492377787,0.9522,0.00301712313305241,0.0478,0.00301712313305241,5000
131,"che_rve",0.000334054142369568,0.000661827795940863,0.0467982922487531,0.000468029727800693,0.9538,0.00296868859936505,0.0462,0.00296868859936505,5000
131,"mlma",0.000331935668286256,0.000662587682355136,0.0468520243323995,0.000468567102377303,0.9424,0.00329491244193226,0.0576,0.00329491244193226,5000
131,"mlma_cr2",0.000331935668286256,0.000662587682355136,0.0468520243323995,0.000468567102377303,0.9532,0.00298696367570816,0.0468,0.00298696367570816,5000
132,"aggregate_hksj",-0.000724461905651272,0.000679500662596022,0.04804795263424,0.000480527581503428,0.9496,0.00309385972532693,0.5182,0.00706638181815843,5000
132,"che_rve",-0.000613907376921935,0.00066289571672468,0.0468738056515538,0.000468784937353432,0.9482,0.0031342227106573,0.5186,0.00706617350480442,5000
132,"mlma",-0.000634150709473202,0.000663155367360354,0.0468921657240762,0.000468968556441484,0.9446,0.00323514574633045,0.5648,0.0070114329491196,5000
132,"mlma_cr2",-0.000634150709473202,0.000663155367360354,0.0468921657240762,0.000468968556441484,0.9496,0.00309385972532693,0.5174,0.00706678484177918,5000
133,"aggregate_hksj",-0.000368196297263441,0.000714548583231671,0.0505262148690355,0.00050531268248542,0.9482,0.0031342227106573,0.0518,0.0031342227106573,5000
133,"che_rve",-0.000340707792921503,0.000704747436359077,0.0498331691273338,0.000498381531918687,0.947,0.00316831185333767,0.053,0.00316831185333767,5000
133,"mlma",-0.000244683566008016,0.000707819831495885,0.050050420270906,0.000500554260638145,0.9362,0.00345628586780665,0.0638,0.00345628586780665,5000
133,"mlma_cr2",-0.000244683566008016,0.000707819831495885,0.050050420270906,0.000500554260638145,0.9466,0.00317957355631223,0.0534,0.00317957355631223,5000
134,"aggregate_hksj",0.00101922768723321,0.000697656210410495,0.049331743731817,0.000493366776462896,0.9526,0.00300510365877785,0.504,0.00707084153407499,5000
134,"che_rve",0.000988374948303214,0.000687336051724117,0.0486019983128111,0.000486068592417939,0.952,0.00302311098043059,0.5014,0.00707104009322532,5000
134,"mlma",0.001055761319093,0.000690091203112474,0.0487968169358014,0.000488016973495692,0.9456,0.0032075111847038,0.5452,0.00704211559121263,5000
134,"mlma_cr2",0.001055761319093,0.000690091203112474,0.0487968169358014,0.000488016973495692,0.955,0.00293172304285381,0.4988,0.00707104744716085,5000
135,"aggregate_hksj",2.63827771895978e-05,0.000746026479850497,0.0527520382847015,0.000527573142799425,0.9504,0.00307049963361014,0.0496,0.00307049963361014,5000
135,"che_rve",-0.0001016562041275,0.000735402133810609,0.0520007835716538,0.000520059844301528,0.9528,0.00299907185642492,0.0472,0.00299907185642492,5000
135,"mlma",-0.000173553410829796,0.000750318489745602,0.0530555292148764,0.000530608355637635,0.9412,0.00332693733033852,0.0588,0.00332693733033852,5000
135,"mlma_cr2",-0.000173553410829796,0.000750318489745602,0.0530555292148764,0.000530608355637635,0.9526,0.00300510365877785,0.0474,0.00300510365877785,5000
136,"aggregate_hksj",-0.00103813084322406,0.000747412878761895,0.0528500714918695,0.000528553572919019,0.954,0.00296256645495084,0.4334,0.00700805878970775,5000
136,"che_rve",-0.000950649940060652,0.000740192832987374,0.0523395371591054,0.000523447718980452,0.9474,0.00315699984162179,0.4276,0.00699654543328349,5000
136,"mlma",-0.000763856377852243,0.000754620949997307,0.053359759096853,0.000533650958732925,0.9434,0.00326791799162708,0.4632,0.00705188995943641,5000
136,"mlma_cr2",-0.000763856377852243,0.000754620949997307,0.053359759096853,0.000533650958732925,0.9532,0.00298696367570816,0.4204,0.00698088590366581,5000
137,"aggregate_hksj",-0.00080394333922966,0.00087072585484539,0.0615696156515629,0.000615757735368262,0.9508,0.00305873699425106,0.0492,0.00305873699425106,5000
137,"che_rve",-0.000994015352745292,0.000850559099883117,0.0601436107327278,0.000601496259961056,0.955,0.00293172304285381,0.045,0.00293172304285381,5000
137,"mlma",-0.000991684469712114,0.000850585252014317,0.0601454599676592,0.000601514754159883,0.943,0.00327874976172321,0.057,0.00327874976172321,5000
137,"mlma_cr2",-0.000991684469712114,0.000850585252014317,0.0601454599676592,0.000601514754159883,0.955,0.00293172304285381,0.045,0.00293172304285381,5000
138,"aggregate_hksj",-0.000261802866732677,0.000858041250306325,0.0606726786629386,0.000606787468410468,0.9554,0.00291927525252416,0.3472,0.00673278783268863,5000
138,"che_rve",-0.000298643373509641,0.000839404169295076,0.0593548380264809,0.000593607744007546,0.9552,0.00292550713552368,0.297,0.00646205849555697,5000
138,"mlma",-0.000299291894160433,0.000839393690110529,0.0593540970362355,0.00059360033336399,0.946,0.00319637294444813,0.3922,0.00690476878686028,5000
138,"mlma_cr2",-0.000299291894160433,0.000839393690110529,0.0593540970362355,0.00059360033336399,0.9552,0.00292550713552368,0.297,0.00646205849555697,5000
139,"aggregate_hksj",-0.00104957650279312,0.000858654545474778,0.0607160451801868,0.000607221176955973,0.954,0.00296256645495084,0.046,0.00296256645495084,5000
139,"che_rve",-0.0013434503078459,0.000844188674268972,0.0596931536176471,0.000596991238285555,0.9562,0.00289418589589542,0.0438,0.00289418589589542,5000
139,"mlma",-0.0013046791531086,0.000844853256937222,0.059740146708785,0.000597461216197075,0.9424,0.00329491244193226,0.0576,0.00329491244193226,5000
139,"mlma_cr2",-0.0013046791531086,0.000844853256937222,0.059740146708785,0.000597461216197075,0.9576,0.00284963997726029,0.0424,0.00284963997726029,5000
140,"aggregate_hksj",0.00124171715873871,0.000881336787300511,0.0623199218809357,0.000623261548080785,0.9478,0.00314563697841948,0.358,0.00677991150384723,5000
140,"che_rve",0.000761461184475856,0.000869310176966017,0.0614695121087148,0.000614756599821221,0.9538,0.00296868859936505,0.2992,0.00647579122578855,5000
140,"mlma",0.000750279278470517,0.000870938056635854,0.0615846205840646,0.000615907799700463,0.937,0.00343601513384327,0.3968,0.00691881145862496,5000
140,"mlma_cr2",0.000750279278470517,0.000870938056635854,0.0615846205840646,0.000615907799700463,0.953,0.00299302522541993,0.2956,0.00645322616990913,5000
141,"aggregate_hksj",-8.68867301365819e-06,0.000902589571853883,0.0638227206886143,0.000638291039181836,0.9516,0.00303504332753257,0.0484,0.00303504332753257,5000
141,"che_rve",-0.000254812489025563,0.000887749187643953,0.0627733470575888,0.000627796253340517,0.9566,0.00288154264240528,0.0434,0.00288154264240528,5000
141,"mlma",-0.000368053530102189,0.000892313791811679,0.063096113313632,0.000631024238715628,0.9444,0.00324063697442339,0.0556,0.00324063697442339,5000
141,"mlma_cr2",-0.000368053530102189,0.000892313791811679,0.063096113313632,0.000631024238715628,0.9574,0.00285605462132642,0.0426,0.00285605462132642,5000
142,"aggregate_hksj",-0.00045597793055463,0.000899363164339099,0.0635945792253568,0.000636009396373571,0.9532,0.00298696367570816,0.3248,0.00662276316955393,5000
142,"che_rve",-0.000426693836203293,0.000882431093542609,0.0623973010173839,0.000624035416836012,0.962,0.0027039230758289,0.2626,0.00622320239105238,5000
142,"mlma",-0.000405292968003068,0.000887469606346664,0.0627535776744682,0.000627598539736963,0.947,0.00316831185333767,0.3634,0.00680206498057759,5000
142,"mlma_cr2",-0.000405292968003068,0.000887469606346664,0.0627535776744682,0.000627598539736963,0.9614,0.00272433624943765,0.262,0.00621861720963753,5000
143,"aggregate_hksj",-0.00123285099265721,0.000981113837479245,0.0693752247597531,0.000693821633230309,0.951,0.00305283474822991,0.049,0.00305283474822991,5000
143,"che_rve",-0.000794834799437784,0.000963986252589894,0.0681641216176922,0.000681709390524862,0.9558,0.00290676314824583,0.0442,0.00290676314824583,5000
143,"mlma",-0.00100683651793006,0.000980550577284821,0.0693353962494481,0.000693423308292774,0.9416,0.00331630637909105,0.0584,0.00331630637909105,5000
143,"mlma_cr2",-0.00100683651793006,0.000980550577284821,0.0693353962494481,0.000693423308292774,0.9574,0.00285605462132642,0.0426,0.00285605462132642,5000
144,"aggregate_hksj",0.000744657396159948,0.000966980071862655,0.0683758166086338,0.000683826552161029,0.9494,0.00309966578843591,0.3008,0.00648566665810077,5000
144,"che_rve",0.000859592851464433,0.00095693234158711,0.0676653347872967,0.000676721023359247,0.9568,0.00287519599331941,0.239,0.00603123536267654,5000
144,"mlma",0.000816845993511714,0.000970366105930867,0.06861524537373,0.000686221079276676,0.9426,0.0032895361375124,0.3302,0.00665083393267341,5000
144,"mlma_cr2",0.000816845993511714,0.000970366105930867,0.06861524537373,0.000686221079276676,0.9602,0.00276463234445378,0.2398,0.00603814474818218,5000
145,"aggregate_hksj",-0.00105134774619453,0.000378931915115575,0.0267945326786228,0.000267972125338757,0.95,0.00308220700148449,0.05,0.00308220700148449,5000
145,"che_rve",-0.00105134774619436,0.000378931915115575,0.0267945326786228,0.000267972125338757,0.95,0.00308220700148449,0.05,0.00308220700148449,5000
145,"mlma",-0.00105134774619435,0.000378931915115575,0.0267945326786228,0.000267972125338757,0.9482,0.0031342227106573,0.0518,0.0031342227106573,5000
145,"mlma_cr2",-0.00105134774619435,0.000378931915115575,0.0267945326786228,0.000267972125338757,0.95,0.00308220700148449,0.05,0.00308220700148449,5000
146,"aggregate_hksj",-0.000294812038046988,0.000382144640115436,0.0270217066419718,0.000270244092180291,0.9486,0.00312275647465504,0.9574,0.00285605462132642,5000
146,"che_rve",-0.000294812038046807,0.000382144640115436,0.0270217066419718,0.000270244092180291,0.9486,0.00312275647465504,0.9574,0.00285605462132642,5000
146,"mlma",-0.000294812038046807,0.000382144640115436,0.0270217066419717,0.000270244092180291,0.946,0.00319637294444813,0.9594,0.00279111590586991,5000
146,"mlma_cr2",-0.000294812038046807,0.000382144640115436,0.0270217066419717,0.000270244092180291,0.9486,0.00312275647465504,0.9574,0.00285605462132642,5000
147,"aggregate_hksj",-0.000680133355315302,0.000395359575256601,0.0279561436670976,0.000279589397008763,0.9514,0.0030409879973456,0.0486,0.0030409879973456,5000
147,"che_rve",-0.000680133265565383,0.000395359577992912,0.027956143860584,0.000279589398943821,0.9496,0.00309385972532693,0.0504,0.00309385972532693,5000
147,"mlma",-0.000665516776817177,0.000396212849744826,0.0280164792847813,0.000280192813530271,0.9454,0.00321306209090332,0.0546,0.00321306209090332,5000
147,"mlma_cr2",-0.000665516776817177,0.000396212849744826,0.0280164792847813,0.000280192813530271,0.9498,0.00308804015517933,0.0502,0.00308804015517933,5000
148,"aggregate_hksj",0.000121721922030707,0.000389624990132522,0.0275506472642448,0.000275534027422998,0.948,0.00313993630508646,0.9526,0.00300510365877785,5000
148,"che_rve",0.000121721815402473,0.000389624997445495,0.0275506477813501,0.000275534032594568,0.9484,0.00312849612433834,0.952,0.00302311098043059,5000
148,"mlma",0.000164864967339987,0.000389923710230189,0.0275717699649185,0.000275745275555605,0.9436,0.00326248494249399,0.9544,0.00295027591929975,5000
148,"mlma_cr2",0.000164864967339987,0.000389923710230189,0.0275717699649185,0.000275745275555605,0.9474,0.00315699984162179,0.9518,0.00302908435009658,5000
149,"aggregate_hksj",-0.000424730083664491,0.000399807540041609,0.0282706622732934,0.000282734897636513,0.9534,0.00298088711627931,0.0466,0.00298088711627931,5000
149,"che_rve",-0.000424731717346457,0.000399807560025899,0.0282706636863961,0.000282734911768954,0.9536,0.00297479545515318,0.0464,0.00297479545515318,5000
149,"mlma",-0.000446049151844412,0.00040269235085647,0.0284746492022562,0.000284774970943674,0.9514,0.0030409879973456,0.0486,0.0030409879973456,5000
149,"mlma_cr2",-0.000446049151844412,0.00040269235085647,0.0284746492022562,0.000284774970943674,0.9544,0.00295027591929975,0.0456,0.00295027591929975,5000
150,"aggregate_hksj",0.000423076601356001,0.000403989271257033,0.0285663553232459,0.00028569212387345,0.9502,0.00307636018697421,0.9332,0.00353094208392038,5000
150,"che_rve",0.000423077493054272,0.000403989282968929,0.028566356151402,0.000285692132155839,0.9508,0.00305873699425106,0.9332,0.00353094208392038,5000
150,"mlma",0.000374450610873794,0.000407127712939175,0.0287882766628261,0.000287911559223885,0.9468,0.00317394895989208,0.934,0.00351123909752668,5000
150,"mlma_cr2",0.000374450610873794,0.000407127712939175,0.0287882766628261,0.000287911559223885,0.9504,0.00307049963361014,0.93,0.00360832371053374,5000
151,"aggregate_hksj",-0.000177980171027955,0.000431197775714085,0.0304902871239986,0.000304933366101415,0.9494,0.00309966578843591,0.0506,0.00309966578843591,5000
151,"che_rve",-0.00017797849432993,0.000431197801162614,0.0304902889234813,0.000304933384098042,0.951,0.00305283474822991,0.049,0.00305283474822991,5000
151,"mlma",-0.000213608731003689,0.000440327444759142,0.0311358522131734,0.000311389662655104,0.9478,0.00314563697841948,0.0522,0.00314563697841947,5000
151,"mlma_cr2",-0.000213608731003689,0.000440327444759142,0.0311358522131734,0.000311389662655104,0.951,0.00305283474822991,0.049,0.00305283474822991,5000
152,"aggregate_hksj",0.000167405547597865,0.000428715018101191,0.0303147296495865,0.000303177615773483,0.9548,0.00293792307591605,0.9022,0.00420083705944422,5000
152,"che_rve",0.000167409422055162,0.000428715017671112,0.0303147296191754,0.000303177615469341,0.9548,0.00293792307591605,0.9018,0.00420848571341284,5000
152,"mlma",9.53067590153817e-05,0.000439112238151556,0.0310499241298968,0.000310530295881362,0.9498,0.00308804015517933,0.896,0.00431703602023425,5000
152,"mlma_cr2",9.53067590153817e-05,0.000439112238151556,0.0310499241298968,0.000310530295881362,0.9546,0.00294410733499986,0.8904,0.00441786916963371,5000
153,"aggregate_hksj",-7.35217166397991e-05,0.000416000269083621,0.0294156611244457,0.000294186031318666,0.9512,0.00304691844328003,0.0488,0.00304691844328003,5000
153,"che_rve",-7.3521716639912e-05,0.000416000269083621,0.0294156611244457,0.000294186031318666,0.9522,0.00301712313305241,0.0478,0.00301712313305241,5000
153,"mlma",-7.35217166399316e-05,0.000416000269083621,0.0294156611244457,0.000294186031318666,0.9482,0.0031342227106573,0.0518,0.0031342227106573,5000
153,"mlma_cr2",-7.35217166399316e-05,0.000416000269083621,0.0294156611244457,0.000294186031318666,0.9522,0.00301712313305241,0.0478,0.00301712313305241,5000
154,"aggregate_hksj",0.000452889214420452,0.000423014857965099,0.0299116674609786,0.000299146590764745,0.9456,0.0032075111847038,0.916,0.00392285610238255,5000
154,"che_rve",0.000452889214420341,0.000423014857965099,0.0299116674609786,0.000299146590764745,0.9478,0.00314563697841948,0.9126,0.00399402653972154,5000
154,"mlma",0.000452889214420313,0.000423014857965099,0.0299116674609786,0.000299146590764745,0.9426,0.0032895361375124,0.9206,0.00382349682882045,5000
154,"mlma_cr2",0.000452889214420313,0.000423014857965099,0.0299116674609786,0.000299146590764745,0.9478,0.00314563697841948,0.9126,0.00399402653972154,5000
155,"aggregate_hksj",-0.000858135434025939,0.000416550412530789,0.0294545621406575,0.000294575080387636,0.95,0.00308220700148449,0.05,0.00308220700148449,5000
155,"che_rve",-0.00085813516802913,0.000416550411207646,0.0294545620470971,0.000294575079451939,0.9528,0.00299907185642492,0.0472,0.00299907185642492,5000
155,"mlma",-0.000885662896721411,0.000416753019562245,0.0294688886212433,0.000294718359522125,0.9488,0.0031170036894428,0.0512,0.0031170036894428,5000
155,"mlma_cr2",-0.000885662896721411,0.000416753019562245,0.0294688886212433,0.000294718359522125,0.9538,0.00296868859936505,0.0462,0.00296868859936505,5000
156,"aggregate_hksj",-0.000511381945149533,0.000426459233231926,0.0301552215717911,0.00030158237546352,0.9488,0.0031170036894428,0.903,0.0041854748834511,5000
156,"che_rve",-0.000511381854700829,0.000426459239700835,0.030155222029212,0.000301582380038187,0.9486,0.00312275647465504,0.8962,0.00431336434816258,5000
156,"mlma",-0.000504085613761446,0.000426786675163379,0.0301783752128086,0.000301813935030809,0.9464,0.00318518570887162,0.906,0.00412708129311745,5000
156,"mlma_cr2",-0.000504085613761446,0.000426786675163379,0.0301783752128086,0.000301813935030809,0.949,0.00311123769583746,0.8952,0.00433167311786104,5000
157,"aggregate_hksj",0.000166954294989388,0.000437773215763395,0.0309552409488138,0.000309583369373147,0.9554,0.00291927525252416,0.0446,0.00291927525252416,5000
157,"che_rve",0.000166951443654601,0.000437773197276696,0.0309552396416068,0.00030958335629977,0.956,0.00290048271844533,0.044,0.00290048271844533,5000
157,"mlma",0.000255109291990112,0.000440690981756419,0.0311615581607721,0.000311646747840894,0.951,0.00305283474822991,0.049,0.00305283474822991,5000
157,"mlma_cr2",0.000255109291990112,0.000440690981756419,0.0311615581607721,0.000311646747840894,0.954,0.00296256645495084,0.046,0.00296256645495084,5000
158,"aggregate_hksj",0.000829216072168404,0.000441682097322023,0.0312316406145099,0.000312347642471241,0.947,0.00316831185333767,0.892,0.00438944187796125,5000
158,"che_rve",0.000829216447837733,0.000441682131050109,0.0312316429994457,0.000312347666322984,0.9474,0.00315699984162179,0.8846,0.00451846965243765,5000
158,"mlma",0.000890580224857399,0.000444964706921154,0.0314637561652633,0.000314669030129148,0.9424,0.00329491244193226,0.8938,0.00435709903490843,5000
158,"mlma_cr2",0.000890580224857399,0.000444964706921154,0.0314637561652633,0.000314669030129148,0.9456,0.0032075111847038,0.8802,0.00459234057970443,5000
159,"aggregate_hksj",0.000104915322248566,0.000479373038108512,0.0338967925964526,0.000339001827842489,0.9474,0.00315699984162179,0.0526,0.00315699984162179,5000
159,"che_rve",0.000104916399805529,0.000479373130315972,0.0338967991165046,0.00033900189304953,0.9454,0.00321306209090332,0.0546,0.00321306209090332,5000
159,"mlma",-7.15069003765202e-05,0.00048830712189968,0.034528527719695,0.000345319810904812,0.9444,0.00324063697442339,0.0556,0.00324063697442339,5000
159,"mlma_cr2",-7.15069003765202e-05,0.00048830712189968,0.034528527719695,0.000345319810904812,0.9464,0.00318518570887162,0.0536,0.00318518570887162,5000
160,"aggregate_hksj",-5.00085161436736e-05,0.000469153828802265,0.0331741853765714,0.000331775032928048,0.9518,0.00302908435009658,0.8406,0.00517671015221057,5000
160,"che_rve",-5.00065767596869e-05,0.000469153811585991,0.033174184159197,0.000331775020753087,0.9546,0.00294410733499986,0.8312,0.00529729289354478,5000
160,"mlma",3.71953407361653e-05,0.000477304564694457,0.0337505294386744,0.000337539049979606,0.952,0.00302311098043059,0.8308,0.00530228931688945,5000
160,"mlma_cr2",3.71953407361653e-05,0.000477304564694457,0.0337505294386744,0.000337539049979606,0.9554,0.00291927525252416,0.8182,0.00545433332314775,5000
161,"aggregate_hksj",0.000704638927731367,0.000535097670744296,0.0378371191580418,0.00037840903437609,0.9482,0.0031342227106573,0.0518,0.0031342227106573,5000
161,"che_rve",0.000704638927731096,0.000535097670744294,0.0378371191580417,0.000378409034376089,0.95,0.00308220700148449,0.05,0.00308220700148449,5000
161,"mlma",0.000704638927731073,0.000535097670744294,0.0378371191580417,0.000378409034376089,0.9442,0.00324611644892786,0.0558,0.00324611644892786,5000
161,"mlma_cr2",0.000704638927731073,0.000535097670744294,0.0378371191580417,0.000378409034376089,0.95,0.00308220700148449,0.05,0.00308220700148449,5000
162,"aggregate_hksj",0.00122394048560387,0.000535284187409183,0.0378503078778964,0.000378540934765335,0.9482,0.0031342227106573,0.7484,0.0061367326811586,5000
162,"che_rve",0.0012239404856033,0.000535284187409181,0.0378503078778963,0.000378540934765334,0.9494,0.00309966578843591,0.702,0.00646832281198148,5000
162,"mlma",0.00122394048560329,0.000535284187409182,0.0378503078778963,0.000378540934765334,0.9446,0.00323514574633045,0.758,0.00605699595509193,5000
162,"mlma_cr2",0.00122394048560329,0.000535284187409182,0.0378503078778963,0.000378540934765334,0.9494,0.00309966578843591,0.702,0.00646832281198148,5000
163,"aggregate_hksj",-9.90617898916115e-05,0.000540229351254301,0.0381999837667925,0.000382038043382645,0.95,0.00308220700148449,0.05,0.00308220700148449,5000
163,"che_rve",-9.90615266888252e-05,0.000540229352535181,0.0381999838573644,0.000382038044288454,0.9474,0.00315699984162179,0.0526,0.00315699984162179,5000
163,"mlma",-0.000135891799677748,0.000541399734108456,0.0382827423320683,0.000382865711806384,0.9468,0.00317394895989208,0.0532,0.00317394895989208,5000
163,"mlma_cr2",-0.000135891799677748,0.000541399734108456,0.0382827423320683,0.000382865711806384,0.9474,0.00315699984162179,0.0526,0.00315699984162179,5000
164,"aggregate_hksj",-0.000376111922396172,0.00054453126847451,0.0385041752506438,0.000385080262458278,0.9488,0.0031170036894428,0.7242,0.00632035378756601,5000
164,"che_rve",-0.000376111657504827,0.0005445312717136,0.0385041754796821,0.000385080264748889,0.9476,0.00315132480077824,0.6798,0.00659805971479495,5000
164,"mlma",-0.000395009819637915,0.000545128200965465,0.0385463847518703,0.000385502399686377,0.9442,0.00324611644892786,0.735,0.00624139407504445,5000
164,"mlma_cr2",-0.000395009819637915,0.000545128200965465,0.0385463847518703,0.000385502399686377,0.9476,0.00315132480077824,0.6794,0.00660023696544298,5000
165,"aggregate_hksj",6.73201710488305e-05,0.000567958882418337,0.0401607577193139,0.000401647743975976,0.952,0.00302311098043059,0.048,0.00302311098043059,5000
165,"che_rve",6.73187680828729e-05,0.000567958906180883,0.0401607593995797,0.000401647760780314,0.951,0.00305283474822991,0.049,0.00305283474822991,5000
165,"mlma",0.00014681031148172,0.000571037080244406,0.0403784191749786,0.000403824576226734,0.95,0.00308220700148449,0.05,0.00308220700148449,5000
165,"mlma_cr2",0.00014681031148172,0.000571037080244406,0.0403784191749786,0.000403824576226734,0.9528,0.00299907185642492,0.0472,0.00299907185642492,5000
166,"aggregate_hksj",-0.000279133846226728,0.000569854195439907,0.0402947765883163,0.000402988066704975,0.9438,0.00325704037432759,0.6918,0.0065301264918836,5000
166,"che_rve",-0.000279132336180765,0.000569854185705927,0.0402947759000199,0.000402988059821323,0.9478,0.00314563697841948,0.645,0.00676720030736493,5000
166,"mlma",-0.000386175656295368,0.000573063015348299,0.0405216744199993,0.000405257271953677,0.941,0.00333223648620562,0.6958,0.00650634090714589,5000
166,"mlma_cr2",-0.000386175656295368,0.000573063015348299,0.0405216744199993,0.000405257271953677,0.9476,0.00315132480077824,0.639,0.0067923339140534,5000
167,"aggregate_hksj",0.000496163260648629,0.000619207600576546,0.0437845893329927,0.000437889684488043,0.9444,0.00324063697442339,0.0556,0.00324063697442339,5000
167,"che_rve",0.000496163233522912,0.000619207618581004,0.0437845906061001,0.000437889697220391,0.9448,0.00322964270469661,0.0552,0.0032296427046966,5000
167,"mlma",0.000629936398713273,0.000629917454572034,0.0445418903715654,0.000445463452288423,0.9418,0.00331097447891101,0.0582,0.003310974478911,5000
167,"mlma_cr2",0.000629936398713273,0.000629917454572034,0.0445418903715654,0.000445463452288423,0.9472,0.00316266216975509,0.0528,0.00316266216975509,5000
168,"aggregate_hksj",0.000508070546963696,0.000604348364593188,0.0427338826802843,0.000427381567096674,0.9496,0.00309385972532693,0.6358,0.00680526795945611,5000
168,"che_rve",0.00050806912572221,0.000604348418414141,0.0427338864860004,0.000427381605157641,0.951,0.00305283474822991,0.5848,0.00696862913348099,5000
168,"mlma",0.000552901626541244,0.000616449044942268,0.0435895299934648,0.000435938896004161,0.9472,0.00316266216975509,0.6318,0.00682097881539006,5000
168,"mlma_cr2",0.000552901626541244,0.000616449044942268,0.0435895299934648,0.000435938896004161,0.954,0.00296256645495084,0.5772,0.00698627454370353,5000
169,"aggregate_hksj",0.00115365669137152,0.000403363679532966,0.0285221193082118,0.000285249719480457,0.9528,0.00299907185642492,0.0472,0.00299907185642492,5000
169,"che_rve",0.00108893122408614,0.000396943718253512,0.028068159492646,0.000280709667296879,0.9494,0.00309966578843591,0.0506,0.00309966578843591,5000
169,"mlma",0.00108893092060837,0.000396943718532902,0.0280681595124019,0.000280709667494457,0.947,0.00316831185333767,0.053,0.00316831185333767,5000
169,"mlma_cr2",0.00108893092060837,0.000396943718532902,0.0280681595124019,0.000280709667494457,0.9494,0.00309966578843591,0.0506,0.00309966578843591,5000
170,"aggregate_hksj",0.000231352673967442,0.000403891825492084,0.0285594648671267,0.000285623212420768,0.95,0.00308220700148449,0.929,0.00363205176174569,5000
170,"che_rve",0.000361063804389591,0.000396400945479781,0.0280297796617512,0.000280325830602342,0.9498,0.00308804015517933,0.938,0.00341045451516363,5000
170,"mlma",0.000361063680653945,0.000396400945518383,0.0280297796644808,0.00028032583062964,0.9474,0.00315699984162179,0.9402,0.00335332551357604,5000
170,"mlma_cr2",0.000361063680653945,0.000396400945518383,0.0280297796644808,0.00028032583062964,0.9498,0.00308804015517933,0.938,0.00341045451516363,5000
171,"aggregate_hksj",0.00022061926708489,0.000411388002711808,0.0290895246416309,0.000290924340305107,0.9516,0.00303504332753257,0.0484,0.00303504332753257,5000
171,"che_rve",0.000207064504640991,0.000403859633937873,0.0285571885804987,0.00028560044727786,0.9502,0.00307636018697421,0.0498,0.00307636018697421,5000
171,"mlma",0.000164861883307705,0.00040481047564609,0.0286244232424702,0.000286272861142324,0.9452,0.00321860093829602,0.0548,0.00321860093829602,5000
171,"mlma_cr2",0.000164861883307705,0.00040481047564609,0.0286244232424702,0.000286272861142324,0.9502,0.00307636018697421,0.0498,0.00307636018697421,5000
172,"aggregate_hksj",0.000252337048769577,0.00041113281468379,0.029071480123122,0.000290743877072792,0.9494,0.00309966578843591,0.9286,0.0036414843127494,5000
172,"che_rve",0.000213673380633703,0.000404977790865525,0.028636254215096,0.000286391182701329,0.9492,0.00310545842026584,0.9352,0.00348140661227613,5000
172,"mlma",0.000228685601576406,0.000405703696515621,0.0286875834958645,0.000286904526845995,0.9452,0.00321860093829602,0.939,0.00338464178311384,5000
172,"mlma_cr2",0.000228685601576406,0.000405703696515621,0.0286875834958645,0.000286904526845995,0.9484,0.00312849612433834,0.9346,0.00349636496950762,5000
173,"aggregate_hksj",-0.000926787627561871,0.000426063798276148,0.0301272600979162,0.000301302732759102,0.9508,0.00305873699425106,0.0492,0.00305873699425106,5000
173,"che_rve",-0.000986396952787066,0.000421928519321038,0.0298348517187905,0.000298378356515598,0.952,0.00302311098043059,0.048,0.00302311098043059,5000
173,"mlma",-0.000938379821695734,0.00042308117862005,0.0299163570394634,0.000299193491239875,0.9488,0.0031170036894428,0.0512,0.0031170036894428,5000
173,"mlma_cr2",-0.000938379821695734,0.00042308117862005,0.0299163570394634,0.000299193491239875,0.9508,0.00305873699425106,0.0492,0.00305873699425106,5000
174,"aggregate_hksj",0.000357983560476116,0.000422904312149945,0.0299038506914258,0.000299068415251275,0.9514,0.0030409879973456,0.9098,0.00405127041802939,5000
174,"che_rve",0.000399227769400934,0.000417033924748585,0.0294887516174565,0.000294917009350232,0.9512,0.00304691844328003,0.9186,0.0038671446830963,5000
174,"mlma",0.000384249247808999,0.000420621524159652,0.0297424332046311,0.000297454078941625,0.9482,0.0031342227106573,0.921,0.0038146821623826,5000
174,"mlma_cr2",0.000384249247808999,0.000420621524159652,0.0297424332046311,0.000297454078941625,0.9496,0.00309385972532693,0.9164,0.00391435920681789,5000
175,"aggregate_hksj",-0.000115884192951674,0.000453666671552055,0.0320790779852788,0.000320822863743437,0.9492,0.00310545842026584,0.0508,0.00310545842026584,5000
175,"che_rve",-0.000149303925206869,0.000446812775639374,0.0315944343575385,0.000315975942749697,0.9498,0.00308804015517933,0.0502,0.00308804015517933,5000
175,"mlma",-0.000138881310875261,0.000456522072394554,0.0322809853151525,0.000322842138979795,0.9468,0.00317394895989208,0.0532,0.00317394895989208,5000
175,"mlma_cr2",-0.000138881310875261,0.000456522072394554,0.0322809853151525,0.000322842138979795,0.9494,0.00309966578843591,0.0506,0.00309966578843591,5000
176,"aggregate_hksj",3.88383124150515e-05,0.000455157619561812,0.0321845039300884,0.000321877228633295,0.9514,0.0030409879973456,0.8626,0.00486870085341049,5000
176,"che_rve",0.000109819485082485,0.000448384960037629,0.0317056045824667,0.000317087756185883,0.9514,0.0030409879973456,0.8778,0.00463178496910208,5000
176,"mlma",9.17283656497597e-05,0.000458916814727525,0.0324503191694363,0.000324535646881892,0.9464,0.00318518570887162,0.8698,0.00475915874919087,5000
176,"mlma_cr2",9.17283656497597e-05,0.000458916814727525,0.0324503191694363,0.000324535646881892,0.9506,0.0030646252625729,0.8618,0.00488058930867984,5000
177,"aggregate_hksj",-0.000168420883314856,0.000440038621820234,0.031115429347307,0.00031118541357051,0.9532,0.00298696367570816,0.0468,0.00298696367570816,5000
177,"che_rve",-0.000152842768212496,0.000432515594781286,0.0305834710038781,0.00030586529809807,0.9512,0.00304691844328003,0.0488,0.00304691844328003,5000
177,"mlma",-0.000152842644855229,0.000432515592210092,0.0305834708220671,0.000305865296279779,0.949,0.00311123769583746,0.051,0.00311123769583746,5000
177,"mlma_cr2",-0.000152842644855229,0.000432515592210092,0.0305834708220671,0.000305865296279779,0.9512,0.00304691844328003,0.0488,0.00304691844328003,5000
178,"aggregate_hksj",-0.000293897479093433,0.00044656557985742,0.0315769549761685,0.000315801131453994,0.948,0.00313993630508646,0.8798,0.00459895553359673,5000
178,"che_rve",-0.000253089256926395,0.000439330756123066,0.0310653756838433,0.0003106848268747,0.9484,0.00312849612433834,0.8856,0.00450139178477057,5000
178,"mlma",-0.000253089079435928,0.000439330755483574,0.0310653756386244,0.000310684826422466,0.945,0.0032241277890307,0.9006,0.00423130334530627,5000
178,"mlma_cr2",-0.000253089079435928,0.000439330755483574,0.0310653756386244,0.000310684826422466,0.9484,0.00312849612433834,0.8856,0.00450139178477057,5000
179,"aggregate_hksj",0.000919975542684287,0.000447271680974297,0.0316268838649632,0.00031630047027832,0.9492,0.00310545842026584,0.0508,0.00310545842026584,5000
179,"che_rve",0.000781253026288948,0.000440292601012318,0.0311333883882073,0.000311365021941248,0.9518,0.00302908435009658,0.0482,0.00302908435009658,5000
179,"mlma",0.000782326912535611,0.000441056793851892,0.031187424982107,0.000311905441924945,0.9512,0.00304691844328003,0.0488,0.00304691844328003,5000
179,"mlma_cr2",0.000782326912535611,0.000441056793851892,0.031187424982107,0.000311905441924945,0.9514,0.0030409879973456,0.0486,0.0030409879973456,5000
180,"aggregate_hksj",0.000187249705197776,0.000444562347246787,0.0314353050398412,0.000314384490419534,0.953,0.00299302522541993,0.8808,0.00458238715081997,5000
180,"che_rve",0.000286152176608837,0.000439035161456641,0.0310444739845322,0.000310475788976754,0.951,0.00305283474822991,0.8856,0.00450139178477057,5000
180,"mlma",0.000264427992916899,0.000439720362818183,0.0310929250374547,0.0003109603479643,0.9468,0.00317394895989208,0.8956,0.00432436446197589,5000
180,"mlma_cr2",0.000264427992916899,0.000439720362818183,0.0310929250374547,0.0003109603479643,0.9502,0.00307636018697421,0.8856,0.00450139178477057,5000
181,"aggregate_hksj",-0.000236674143888935,0.000463653238495143,0.0327852349059019,0.00032788513921253,0.956,0.00290048271844533,0.044,0.00290048271844533,5000
181,"che_rve",-0.000164515817293128,0.000456930584293347,0.0323098714685357,0.000323131029404114,0.9556,0.00291302729132427,0.0444,0.00291302729132427,5000
181,"mlma",-6.974340089067e-05,0.000459813320166924,0.0325137116769933,0.00032516963535948,0.9512,0.00304691844328003,0.0488,0.00304691844328003,5000
181,"mlma_cr2",-6.974340089067e-05,0.000459813320166924,0.0325137116769933,0.00032516963535948,0.9542,0.00295642892693195,0.0458,0.00295642892693195,5000
182,"aggregate_hksj",-5.99302147261116e-05,0.000467978448029115,0.0330910734050544,0.000330943830088437,0.952,0.00302311098043059,0.8542,0.00499083880725475,5000
182,"che_rve",-4.51199926961021e-05,0.000461968982778629,0.032666140042062,0.0003266940714614,0.9494,0.00309966578843591,0.854,0.00499367600070329,5000
182,"mlma",-1.17373781068769e-05,0.000466768478685287,0.0330055156522495,0.0003300881669898,0.9472,0.00316266216975509,0.8648,0.00483572042202607,5000
182,"mlma_cr2",-1.17373781068769e-05,0.000466768478685287,0.0330055156522495,0.0003300881669898,0.9498,0.00308804015517933,0.8508,0.00503863791118195,5000
183,"aggregate_hksj",-0.000102518641612039,0.000499967721376332,0.0353530566159591,0.000353565924520049,0.9498,0.00308804015517933,0.0502,0.00308804015517933,5000
183,"che_rve",-0.000164122505239917,0.00049481083313389,0.0349884095513539,0.000349919089172227,0.9496,0.00309385972532693,0.0504,0.00309385972532693,5000
183,"mlma",-0.000183383068076325,0.000505994680682901,0.0357792269955201,0.000357828054549975,0.9458,0.00320194815698193,0.0542,0.00320194815698193,5000
183,"mlma_cr2",-0.000183383068076325,0.000505994680682901,0.0357792269955201,0.000357828054549975,0.9502,0.00307636018697421,0.0498,0.00307636018697421,5000
184,"aggregate_hksj",0.000456064909984233,0.000501367303315364,0.0354520220039506,0.0003545556773802,0.9462,0.00319078548323136,0.8034,0.00562047044294337,5000
184,"che_rve",0.000282054395667891,0.000492421835383018,0.0348194819003658,0.000348229643709351,0.9482,0.0031342227106573,0.8018,0.00563767256942083,5000
184,"mlma",8.54091776414379e-06,0.000503858443369549,0.0356281722064706,0.00035631735558203,0.949,0.00311123769583746,0.8022,0.00563338548299333,5000
184,"mlma_cr2",8.54091776414379e-06,0.000503858443369549,0.0356281722064706,0.00035631735558203,0.953,0.00299302522541993,0.7812,0.00584682067452047,5000
185,"aggregate_hksj",0.000326014670850481,0.000555342491378462,0.0392686441534742,0.000392725716070174,0.9542,0.00295642892693195,0.0458,0.00295642892693195,5000
185,"che_rve",0.000340965821381407,0.00054668504933795,0.0386564705560167,0.00038660336783016,0.9538,0.00296868859936505,0.0462,0.00296868859936505,5000
185,"mlma",0.000340965673936581,0.000546685049345597,0.0386564705565574,0.000386603367835568,0.9514,0.0030409879973456,0.0486,0.0030409879973456,5000
185,"mlma_cr2",0.000340965673936581,0.000546685049345597,0.0386564705565574,0.000386603367835568,0.9538,0.00296868859936505,0.0462,0.00296868859936505,5000
186,"aggregate_hksj",-0.000839968105497427,0.000557157884548441,0.0393970118355754,0.000394009521278127,0.9558,0.00290676314824583,0.6922,0.00652777389314305,5000
186,"che_rve",-0.000811308385778878,0.00054839698075565,0.0387775223874549,0.000387814007214534,0.9534,0.00298088711627931,0.6542,0.00672640111798278,5000
186,"mlma",-0.000811308408899411,0.000548396979523224,0.0387775223003092,0.00038781400634299,0.9484,0.00312849612433834,0.7206,0.00634563850215248,5000
186,"mlma_cr2",-0.000811308408899411,0.000548396979523224,0.0387775223003092,0.00038781400634299,0.9534,0.00298088711627931,0.6542,0.00672640111798278,5000
187,"aggregate_hksj",-2.2551587401361e-05,0.000578438361305221,0.0409017687777356,0.000409058595682422,0.9452,0.00321860093829602,0.0548,0.00321860093829602,5000
187,"che_rve",-6.25591305248905e-05,0.000570706797561428,0.0403550646624944,0.000403591007743875,0.9482,0.0031342227106573,0.0518,0.0031342227106573,5000
187,"mlma",-5.05369276071517e-05,0.000571283580209408,0.0403958493546601,0.000403998895456343,0.9406,0.00334280241713446,0.0594,0.00334280241713446,5000
187,"mlma_cr2",-5.05369276071517e-05,0.000571283580209408,0.0403958493546601,0.000403998895456343,0.9488,0.0031170036894428,0.0512,0.0031170036894428,5000
188,"aggregate_hksj",-0.000739435680419204,0.000578488828316794,0.0409053373343466,0.000409094284817624,0.947,0.00316831185333767,0.6692,0.00665389149295358,5000
188,"che_rve",-0.000791640720675613,0.000569939850026624,0.040300833282227,0.000403048639701685,0.9468,0.00317394895989208,0.6376,0.00679803265658529,5000
188,"mlma",-0.000792454743870852,0.000570714319607015,0.0403555965514387,0.000403596327165287,0.9424,0.00329491244193226,0.6926,0.00652541554232372,5000
188,"mlma_cr2",-0.000792454743870852,0.000570714319607015,0.0403555965514387,0.000403596327165287,0.9458,0.00320194815698193,0.6372,0.00679964940272659,5000
189,"aggregate_hksj",0.00131445835881786,0.000594976359138011,0.042071181819217,0.000420753895685719,0.9496,0.00309385972532693,0.0504,0.00309385972532693,5000
189,"che_rve",0.00122926918795887,0.000585864936276196,0.0414269069300323,0.000414310502422325,0.9538,0.00296868859936505,0.0462,0.00296868859936505,5000
189,"mlma",0.00121369979812319,0.000589662432438551,0.0416954304588254,0.00041699600627407,0.9464,0.00318518570887162,0.0536,0.00318518570887162,5000
189,"mlma_cr2",0.00121369979812319,0.000589662432438551,0.0416954304588254,0.00041699600627407,0.953,0.00299302522541993,0.047,0.00299302522541993,5000
190,"aggregate_hksj",0.000375435656924092,0.000600736605751484,0.0424784927633864,0.000424827412499463,0.9494,0.00309966578843591,0.6418,0.00678074863123534,5000
190,"che_rve",0.000261269819340229,0.000591111604411089,0.0417979023917141,0.000418020828090263,0.9496,0.00309385972532693,0.6052,0.00691278467768236,5000
190,"mlma",0.000293971129922729,0.0005974971891818,0.0422494314210352,0.000422536569980245,0.9432,0.00327333957908433,0.6614,0.00669253375038184,5000
190,"mlma_cr2",0.000293971129922729,0.0005974971891818,0.0422494314210352,0.000422536569980245,0.9518,0.00302908435009658,0.603,0.0069194074890846,5000
191,"aggregate_hksj",0.000232555813223962,0.000666237756299445,0.0471101235361848,0.000471148352553081,0.939,0.00338464178311384,0.061,0.00338464178311383,5000
191,"che_rve",0.000161646362991994,0.000657356887295946,0.0464821512666645,0.000464868001791396,0.944,0.00325158422926425,0.056,0.00325158422926425,5000
191,"mlma",-5.05322993529127e-05,0.000669972437754076,0.047374205394399,0.000473789435256699,0.9352,0.00348140661227613,0.0648,0.00348140661227614,5000
191,"mlma_cr2",-5.05322993529127e-05,0.000669972437754076,0.047374205394399,0.000473789435256699,0.9474,0.00315699984162179,0.0526,0.00315699984162179,5000
192,"aggregate_hksj",0.000395025534797297,0.000638023603808465,0.0451150816810045,0.000451195938660116,0.9468,0.00317394895989208,0.5934,0.00694660262286537,5000
192,"che_rve",0.000256653825281589,0.000632043744610082,0.0446922417820327,0.000446967116767063,0.9506,0.0030646252625729,0.551,0.00703418794175987,5000
192,"mlma",0.000367814073377326,0.000644500996615534,0.0455731025188333,0.000455776605127956,0.9448,0.00322964270469661,0.6014,0.00692413229220817,5000
192,"mlma_cr2",0.000367814073377326,0.000644500996615534,0.0455731025188333,0.000455776605127956,0.9502,0.00307636018697421,0.5434,0.00704437988754156,5000
193,"aggregate_hksj",-9.42785094071691e-05,0.000432941903357146,0.0306136155723649,0.000306166773932029,0.9518,0.00302908435009658,0.0482,0.00302908435009658,5000
193,"che_rve",-3.52200423241995e-05,0.000422260556119123,0.0298583302659434,0.000298613165469196,0.9492,0.00310545842026584,0.0508,0.00310545842026584,5000
193,"mlma",-3.52199823096771e-05,0.000422260558041674,0.0298583304018883,0.000298613166828782,0.945,0.0032241277890307,0.055,0.0032241277890307,5000
193,"mlma_cr2",-3.52199823096771e-05,0.000422260558041674,0.0298583304018883,0.000298613166828782,0.9492,0.00310545842026584,0.0508,0.00310545842026584,5000
194,"aggregate_hksj",-0.00058874251323264,0.000428179663067353,0.0302768743321096,0.000302799024737717,0.9528,0.00299907185642492,0.8988,0.00426517432234604,5000
194,"che_rve",-0.000565083325598639,0.000418388984432634,0.0295845688066068,0.0002958752770733,0.9506,0.0030646252625729,0.9104,0.00403910485132535,5000
194,"mlma",-0.000565083365825961,0.000418388985187133,0.029584568859958,0.000295875277606865,0.9462,0.00319078548323136,0.917,0.00390156378904664,5000
194,"mlma_cr2",-0.000565083365825961,0.000418388985187133,0.029584568859958,0.000295875277606865,0.9506,0.0030646252625729,0.9104,0.00403910485132535,5000
195,"aggregate_hksj",-0.000432343162277528,0.000440859764810448,0.0311734929249775,0.000311766107419503,0.9542,0.00295642892693195,0.0458,0.00295642892693195,5000
195,"che_rve",-0.000430717711234236,0.000428623495244837,0.0303082580063504,0.000303112892868507,0.9536,0.00297479545515318,0.0464,0.00297479545515318,5000
195,"mlma",-0.000398618122390854,0.000429814454083167,0.0303924715134202,0.000303955112165346,0.9494,0.00309966578843591,0.0506,0.00309966578843591,5000
195,"mlma_cr2",-0.000398618122390854,0.000429814454083167,0.0303924715134202,0.000303955112165346,0.9522,0.00301712313305241,0.0478,0.00301712313305241,5000
196,"aggregate_hksj",-0.000520420582626482,0.00044738116048006,0.0316346252350557,0.000316377891721777,0.952,0.00302311098043059,0.877,0.00464480354805238,5000
196,"che_rve",-0.00050354212416194,0.000437140927252697,0.0309105313994558,0.00030913622916331,0.9544,0.00295027591929975,0.8878,0.00446343275965932,5000
196,"mlma",-0.000506265327372357,0.000437891685539987,0.0309636180270532,0.000309667148533876,0.9502,0.00307636018697421,0.8934,0.00436431987828573,5000
196,"mlma_cr2",-0.000506265327372357,0.000437891685539987,0.0309636180270532,0.000309667148533876,0.954,0.00296256645495084,0.8866,0.00448420427723805,5000
197,"aggregate_hksj",-0.000210554771449814,0.000464882492068147,0.0328721562596288,0.000328754439684194,0.945,0.0032241277890307,0.055,0.0032241277890307,5000
197,"che_rve",-0.0003081425470663,0.000455961565025629,0.0322413514590053,0.000322445760778521,0.9468,0.00317394895989208,0.0532,0.00317394895989208,5000
197,"mlma",-0.000266578826125164,0.000457160113550157,0.0323261016379328,0.00032329334733069,0.9452,0.00321860093829602,0.0548,0.00321860093829602,5000
197,"mlma_cr2",-0.000266578826125164,0.000457160113550157,0.0323261016379328,0.00032329334733069,0.9488,0.0031170036894428,0.0512,0.0031170036894428,5000
198,"aggregate_hksj",0.000250974791993555,0.000451584986065721,0.0319318805929104,0.000319350742600277,0.9574,0.00285605462132642,0.8616,0.00488355280507951,5000
198,"che_rve",0.000102810663924646,0.000441528310337458,0.0312207662325455,0.000312238887775583,0.9562,0.00289418589589542,0.8738,0.0046962444570103,5000
198,"mlma",0.000156286631917149,0.000444248183219646,0.0314130902884415,0.000314162320687453,0.9544,0.00295027591929975,0.8746,0.00468347819467541,5000
198,"mlma_cr2",0.000156286631917149,0.000444248183219646,0.0314130902884415,0.000314162320687453,0.9578,0.00284320804725929,0.869,0.00477156158924937,5000
199,"aggregate_hksj",5.71464915936585e-05,0.0004923872855352,0.0348170388571976,0.00034820521083426,0.951,0.00305283474822991,0.049,0.00305283474822991,5000
199,"che_rve",8.17421638590284e-05,0.000481633668090883,0.0340566432754814,0.000340600494507438,0.9494,0.00309966578843591,0.0506,0.00309966578843591,5000
199,"mlma",0.000256159986024798,0.000491636005326274,0.0347639153241674,0.000347673922372455,0.945,0.0032241277890307,0.055,0.0032241277890307,5000
199,"mlma_cr2",0.000256159986024798,0.000491636005326274,0.0347639153241674,0.000347673922372455,0.9492,0.00310545842026584,0.0508,0.00310545842026584,5000
200,"aggregate_hksj",0.00068299615624258,0.000487771764445462,0.0344906722310714,0.000344941218157408,0.953,0.00299302522541993,0.8194,0.00544028749240332,5000
200,"che_rve",0.00063809988714128,0.000481247869058628,0.0340293631642932,0.000340327666111351,0.9492,0.00310545842026584,0.8316,0.00529228570657329,5000
200,"mlma",0.000667489727019924,0.000492440567680452,0.03482080647382,0.000348242890768666,0.945,0.0032241277890307,0.8236,0.00539041816559717,5000
200,"mlma_cr2",0.000667489727019924,0.000492440567680452,0.03482080647382,0.000348242890768666,0.9492,0.00310545842026584,0.8142,0.00550051561219491,5000
201,"aggregate_hksj",-0.000124815221831335,0.000475556916579808,0.0336269520553747,0.000336303152550686,0.9514,0.0030409879973456,0.0486,0.0030409879973456,5000
201,"che_rve",3.42807715693232e-05,0.000464235234811337,0.0328263882600826,0.000328296713913865,0.9522,0.00301712313305241,0.0478,0.00301712313305241,5000
201,"mlma",3.42808698632862e-05,0.000464235236159609,0.0328263883554198,0.000328296714867332,0.9478,0.00314563697841948,0.0522,0.00314563697841947,5000
201,"mlma_cr2",3.42808698632862e-05,0.000464235236159609,0.0328263883554198,0.000328296714867332,0.9522,0.00301712313305241,0.0478,0.00301712313305241,5000
202,"aggregate_hksj",-6.74433708119093e-05,0.000474475734982327,0.0335505009714474,0.00033553856524886,0.9498,0.00308804015517933,0.8342,0.00525947449846465,5000
202,"che_rve",-3.71471901529363e-05,0.000465275672220648,0.0328999582948349,0.000329032487842461,0.9476,0.00315132480077824,0.8468,0.00509371691400298,5000
202,"mlma",-3.71472324822431e-05,0.000465275669698969,0.0328999581165253,0.000329032486059186,0.9434,0.00326791799162708,0.863,0.00486273585546244,5000
202,"mlma_cr2",-3.71472324822431e-05,0.000465275669698969,0.0328999581165253,0.000329032486059186,0.9476,0.00315132480077824,0.8468,0.00509371691400298,5000
203,"aggregate_hksj",3.78398749196741e-05,0.000483283603114472,0.0341733112998511,0.000341767291436662,0.9508,0.00305873699425106,0.0492,0.00305873699425106,5000
203,"che_rve",0.000142885614008611,0.000473495890641479,0.0334812155136554,0.000334845641375087,0.9498,0.00308804015517933,0.0502,0.00308804015517933,5000
203,"mlma",0.000113213485066126,0.000473837676325992,0.0335053834111786,0.000335087344521842,0.9458,0.00320194815698193,0.0542,0.00320194815698193,5000
203,"mlma_cr2",0.000113213485066126,0.000473837676325992,0.0335053834111786,0.000335087344521842,0.9506,0.0030646252625729,0.0494,0.0030646252625729,5000
204,"aggregate_hksj",1.82021093894508e-05,0.00047581331819258,0.0336450823872846,0.000336484474002837,0.9528,0.00299907185642492,0.8304,0.00530727500700689,5000
204,"che_rve",0.000126558871257204,0.000463531088828586,0.0327765976201477,0.000327798757716406,0.9536,0.00297479545515318,0.8396,0.00518983313797274,5000
204,"mlma",0.000138938878499112,0.000464300412032195,0.0328309969855673,0.00032834280577813,0.9482,0.0031342227106573,0.855,0.00497945780180935,5000
204,"mlma_cr2",0.000138938878499112,0.000464300412032195,0.0328309969855673,0.00032834280577813,0.9542,0.00295642892693195,0.8384,0.00520548633654916,5000
205,"aggregate_hksj",-7.53934404729511e-05,0.000506867133816692,0.0358409187482372,0.000358445033778154,0.9442,0.00324611644892786,0.0558,0.00324611644892786,5000
205,"che_rve",1.80073733321863e-05,0.000496078787936961,0.0350780674953028,0.000350815758283111,0.946,0.00319637294444813,0.054,0.00319637294444813,5000
205,"mlma",0.000179125377893804,0.00050016966850884,0.0353673364346428,0.000353708736988848,0.9396,0.00336903072114221,0.0604,0.00336903072114221,5000
205,"mlma_cr2",0.000179125377893804,0.00050016966850884,0.0353673364346428,0.000353708736988848,0.9446,0.00323514574633045,0.0554,0.00323514574633045,5000
206,"aggregate_hksj",-0.000126479896594672,0.000497210879658234,0.0351581184686066,0.000351616348079131,0.9506,0.0030646252625729,0.7966,0.00569259940624668,5000
206,"che_rve",-8.59379142213318e-05,0.00048833033752086,0.0345301693120116,0.000345336228469817,0.948,0.00313993630508646,0.8014,0.0056419507264775,5000
206,"mlma",-4.65849475515812e-06,0.00049185613513875,0.0347794808524817,0.000347829593223461,0.9442,0.00324611644892786,0.8172,0.00546597036215895,5000
206,"mlma_cr2",-4.65849475515812e-06,0.00049185613513875,0.0347794808524817,0.000347829593223461,0.9466,0.00317957355631223,0.797,0.00568842684755636,5000
207,"aggregate_hksj",-0.000211117492098815,0.000536076861473299,0.0379063583984971,0.000379101496030271,0.9506,0.0030646252625729,0.0494,0.0030646252625729,5000
207,"che_rve",-0.000187850200000157,0.000529081977931157,0.0374117454398713,0.00037415487175685,0.9472,0.00316266216975509,0.0528,0.00316266216975509,5000
207,"mlma",-0.000141704958667523,0.000538285901327608,0.0380625611045865,0.000380663679317305,0.9456,0.0032075111847038,0.0544,0.0032075111847038,5000
207,"mlma_cr2",-0.000141704958667523,0.000538285901327608,0.0380625611045865,0.000380663679317305,0.9504,0.00307049963361014,0.0496,0.00307049963361014,5000
208,"aggregate_hksj",-0.000533794523246173,0.000539897769668133,0.038176537407983,0.000381803556344673,0.9468,0.00317394895989208,0.7346,0.00624440293382802,5000
208,"che_rve",-0.000500457872086357,0.000531226319381555,0.0375633732779468,0.000375671301788191,0.9468,0.00317394895989208,0.7422,0.00618609990220009,5000
208,"mlma",-0.000595579129216858,0.000539046251189909,0.0381163259589572,0.000381201381633933,0.944,0.00325158422926425,0.7426,0.0061829643375973,5000
208,"mlma_cr2",-0.000595579129216858,0.000539046251189909,0.0381163259589572,0.000381201381633933,0.9492,0.00310545842026584,0.7254,0.00631181178426607,5000
209,"aggregate_hksj",-0.00119157118819405,0.000598530328197169,0.0423224853814028,0.00042326718264884,0.9536,0.00297479545515318,0.0464,0.00297479545515318,5000
209,"che_rve",-0.00143464682463703,0.000584557942027878,0.0413344884804366,0.000413386225494053,0.9524,0.00301112072159188,0.0476,0.00301112072159188,5000
209,"mlma",-0.00143464694892435,0.00058455794451399,0.0413344886562312,0.000413386227252175,0.9492,0.00310545842026584,0.0508,0.00310545842026584,5000
209,"mlma_cr2",-0.00143464694892435,0.00058455794451399,0.0413344886562312,0.000413386227252175,0.9524,0.00301112072159188,0.0476,0.00301112072159188,5000
210,"aggregate_hksj",0.000149193131315326,0.000610253392405648,0.0431514312012129,0.000431557469917124,0.9484,0.00312849612433834,0.6232,0.0068530542096207,5000
210,"che_rve",0.00025395246259155,0.000592383518822018,0.0418878403222198,0.000418920297346744,0.9556,0.00291302729132427,0.5992,0.00693050301204754,5000
210,"mlma",0.000253952357945078,0.000592383521137301,0.041887840485935,0.00041892029898406,0.946,0.00319637294444813,0.655,0.00672272266273122,5000
210,"mlma_cr2",0.000253952357945078,0.000592383521137301,0.041887840485935,0.00041892029898406,0.9556,0.00291302729132427,0.5992,0.00693050301204754,5000
211,"aggregate_hksj",4.32194524145193e-05,0.000614664567371038,0.0434633483743157,0.00043467695361212,0.9528,0.00299907185642492,0.0472,0.00299907185642492,5000
211,"che_rve",4.09696667829017e-06,0.000604283320760745,0.0427292833867849,0.000427335569561696,0.9518,0.00302908435009658,0.0482,0.00302908435009658,5000
211,"mlma",1.82121738180742e-05,0.000604890469481563,0.0427722152845528,0.000427764931477714,0.9446,0.00323514574633045,0.0554,0.00323514574633045,5000
211,"mlma_cr2",1.82121738180742e-05,0.000604890469481563,0.0427722152845528,0.000427764931477714,0.9524,0.00301112072159188,0.0476,0.00301112072159188,5000
212,"aggregate_hksj",0.000261443944877857,0.000622065766548928,0.0439866921870755,0.000439910915162046,0.9496,0.00309385972532693,0.6198,0.00686509956227876,5000
212,"che_rve",0.000345521633270021,0.00060854661647767,0.043030743917949,0.000430350476379095,0.9508,0.00305873699425106,0.5872,0.00696270292343426,5000
212,"mlma",0.000364985743292523,0.000608333841992139,0.0430156984897907,0.000430200007049827,0.9474,0.00315699984162179,0.6498,0.00674625762923415,5000
212,"mlma_cr2",0.000364985743292523,0.000608333841992139,0.0430156984897907,0.000430200007049827,0.9512,0.00304691844328003,0.5866,0.00696420045662099,5000
213,"aggregate_hksj",-0.000613009344008199,0.000632424447023056,0.0447191615078155,0.000447236340948655,0.951,0.00305283474822991,0.049,0.00305283474822991,5000
213,"che_rve",-0.000562343722466644,0.000622174594156541,0.0439943874610079,0.000439987875597798,0.9496,0.00309385972532693,0.0504,0.00309385972532693,5000
213,"mlma",-0.000593560696388398,0.000626852344761115,0.0443251543783272,0.000443295875587532,0.9462,0.00319078548323136,0.0538,0.00319078548323136,5000
213,"mlma_cr2",-0.000593560696388398,0.000626852344761115,0.0443251543783272,0.000443295875587532,0.949,0.00311123769583746,0.051,0.00311123769583746,5000
214,"aggregate_hksj",-2.72274181302296e-05,0.000643994525197813,0.0455372895814385,0.000455418439935698,0.9478,0.00314563697841948,0.5852,0.00696765326347401,5000
214,"che_rve",-9.96892813151518e-06,0.00063061539031693,0.0445912418813703,0.000445957016745386,0.9512,0.00304691844328003,0.5524,0.00703212969163681,5000
214,"mlma",-4.48223684118704e-05,0.000635506744752072,0.0449371128703978,0.000449416072558539,0.9464,0.00318518570887162,0.6102,0.00689718725278646,5000
214,"mlma_cr2",-4.48223684118704e-05,0.000635506744752072,0.0449371128703978,0.000449416072558539,0.9508,0.00305873699425106,0.548,0.00703840891111052,5000
215,"aggregate_hksj",0.000285585021878834,0.000697492571428122,0.0493201727084068,0.000493251054656035,0.9478,0.00314563697841948,0.0522,0.00314563697841947,5000
215,"che_rve",0.000248613460728745,0.000687576667923264,0.0486190124474191,0.000486238750780706,0.9476,0.00315132480077824,0.0524,0.00315132480077824,5000
215,"mlma",0.000289419366155981,0.000699522497693599,0.0494637101711695,0.00049468657284266,0.9422,0.00330027756408457,0.0578,0.00330027756408457,5000
215,"mlma_cr2",0.000289419366155981,0.000699522497693599,0.0494637101711695,0.00049468657284266,0.9472,0.00316266216975509,0.0528,0.00316266216975509,5000
216,"aggregate_hksj",0.000494158474090636,0.000685972296624544,0.0485055662649325,0.000485104175492638,0.9534,0.00298088711627931,0.5318,0.00705675222747689,5000
216,"che_rve",0.000487584526502077,0.00067545399615319,0.0477618101059473,0.000477665870035045,0.952,0.00302311098043059,0.5026,0.00707097221038239,5000
216,"mlma",0.000467225469798174,0.000689095289037889,0.0487263951762395,0.000487312685467749,0.9484,0.00312849612433834,0.5458,0.00704134021334007,5000
216,"mlma_cr2",0.000467225469798174,0.000689095289037889,0.0487263951762395,0.000487312685467749,0.9566,0.00288154264240528,0.4858,0.0070682156164056,5000
217,"aggregate_hksj",-0.00114346356587649,0.00203396792871627,0.143823251511123,0.00143837635993982,0.9632,0.00266254614983478,0.0368,0.00266254614983478,5000
217,"che_rve",-0.000965038902638691,0.00202916572588016,0.143483684492118,0.00143498035013182,0.9716,0.00234918879615922,0.0284,0.00234918879615922,5000
217,"mlma",-0.00132584074996357,0.00209503297850442,0.148141202590992,0.0014815601893374,0.89,0.00442492937796752,0.11,0.00442492937796752,5000
217,"mlma_cr2",-0.00132584074996357,0.00209503297850442,0.148141202590992,0.0014815601893374,0.9736,0.00226729089443768,0.0264,0.00226729089443768,5000
218,"aggregate_hksj",-0.00065753910643114,0.00120499278311619,0.0852058568222311,0.000852143786862143,0.9338,0.00351617860752266,0.0662,0.00351617860752266,5000
218,"che_rve",-0.000493276000491936,0.00119455094575602,0.0844675074216883,0.000844759554396543,0.9594,0.00279111590586991,0.0406,0.00279111590586991,5000
218,"mlma",-0.000258615135508374,0.00119836682742195,0.0847373310019068,0.000847458060062788,0.932,0.00356022471200906,0.068,0.00356022471200906,5000
218,"mlma_cr2",-0.000258615135508374,0.00119836682742195,0.0847373310019068,0.000847458060062788,0.9674,0.00251146331846595,0.0326,0.00251146331846595,5000
219,"aggregate_hksj",0.00112546716665566,0.00227190286447432,0.160647792166693,0.00160663859356029,0.9578,0.00284320804725929,0.0422,0.00284320804725929,5000
219,"che_rve",0.00123373140747265,0.00227029094864535,0.160533812505357,0.00160549868295016,0.962,0.0027039230758289,0.038,0.0027039230758289,5000
219,"mlma",0.00123475554365153,0.00227037912658953,0.160540047627585,0.0016055610404085,0.9494,0.00309966578843591,0.0506,0.00309966578843591,5000
219,"mlma_cr2",0.00123475554365153,0.00227037912658953,0.160540047627585,0.0016055610404085,0.9616,0.00271755183943195,0.0384,0.00271755183943195,5000
220,"aggregate_hksj",0.00018698300496983,0.00102411633087268,0.0724159602283959,0.000724232029108392,0.9552,0.00292550713552368,0.0448,0.00292550713552369,5000
220,"che_rve",5.73367498516362e-05,0.00102207443792687,0.0722715765935521,0.000722788048354658,0.9526,0.00300510365877785,0.0474,0.00300510365877785,5000
220,"mlma",5.92025388926081e-05,0.0010226693460184,0.0723136429481219,0.000723208753973022,0.915,0.003943982758583,0.085,0.003943982758583,5000
220,"mlma_cr2",5.92025388926081e-05,0.0010226693460184,0.0723136429481219,0.000723208753973022,0.9556,0.00291302729132427,0.0444,0.00291302729132427,5000
221,"aggregate_hksj",-0.00022896770534768,0.0020677007126602,0.146208519538628,0.00146223142584075,0.9608,0.0027445713690848,0.0876,0.00399815557476194,5000
221,"che_rve",-0.000106088342699123,0.00206659056247074,0.146130020065918,0.00146144635260241,0.9686,0.00246633493264804,0.0562,0.00325704037432759,5000
221,"mlma",0.000317898339758052,0.00212966586491917,0.150590117474586,0.00150605178745562,0.879,0.00461213616451206,0.191,0.0055591186351795,5000
221,"mlma_cr2",0.000317898339758052,0.00212966586491917,0.150590117474586,0.00150605178745562,0.9676,0.0025040063897682,0.0532,0.00317394895989208,5000
222,"aggregate_hksj",9.22546992210976e-05,0.00121301672540601,0.0857732352227292,0.000857818138330645,0.9328,0.00354073890593475,0.2226,0.00588301351349799,5000
222,"che_rve",0.000727112662254004,0.0011967700513162,0.0846244218806659,0.000846328855924319,0.9606,0.00275127752144345,0.1306,0.00476536756189908,5000
222,"mlma",0.000453018474782504,0.00119781866494178,0.084698570061215,0.000847070411889115,0.9348,0.00349138826256834,0.2266,0.00592034526020231,5000
222,"mlma_cr2",0.000453018474782504,0.00119781866494178,0.084698570061215,0.000847070411889115,0.971,0.00237314137800511,0.1114,0.004449495252273,5000
223,"aggregate_hksj",-0.000914677562503949,0.00229499105659828,0.162280373888312,0.00162296604360313,0.9558,0.00290676314824583,0.0864,0.00397328680062238,5000
223,"che_rve",-0.000981371231325787,0.00229418465463576,0.162223352658706,0.00162239577427728,0.9596,0.00278452293939195,0.0608,0.00337944847571316,5000
223,"mlma",-0.000995926790364698,0.00229419684308066,0.16222421451191,0.0016224043936713,0.9486,0.00312275647465504,0.1014,0.00426891180513254,5000
223,"mlma_cr2",-0.000995926790364698,0.00229419684308066,0.16222421451191,0.0016224043936713,0.96,0.0027712812921102,0.0608,0.00337944847571316,5000
224,"aggregate_hksj",-0.000418898241175081,0.00102976676475002,0.0728155062395274,0.00072822788882566,0.9574,0.00285605462132642,0.216,0.00581969071343143,5000
224,"che_rve",-0.000376050097541214,0.00102773198648366,0.0726716256884915,0.000726788939413165,0.9542,0.00295642892693195,0.184,0.00547985401265399,5000
224,"mlma",-0.000343447605390429,0.0010279621936372,0.0726879037924266,0.000726951736733062,0.915,0.003943982758583,0.314,0.00656359657504938,5000
224,"mlma_cr2",-0.000343447605390429,0.0010279621936372,0.0726879037924266,0.000726951736733062,0.9568,0.00287519599331941,0.1776,0.00540478010653533,5000
225,"aggregate_hksj",-0.00172900950296118,0.0014484101015673,0.102418060475734,0.00102428303818308,0.952,0.00302311098043059,0.048,0.00302311098043059,5000
225,"che_rve",-0.0015857262331917,0.00144414731359806,0.102116635847753,0.00102126849043342,0.95,0.00308220700148449,0.05,0.00308220700148449,5000
225,"mlma",-0.000631253313805208,0.00150144535902221,0.106168219494568,0.00106178837909306,0.8828,0.00454893745835222,0.1172,0.00454893745835222,5000
225,"mlma_cr2",-0.000631253313805208,0.00150144535902221,0.106168219494568,0.00106178837909306,0.9488,0.0031170036894428,0.0512,0.0031170036894428,5000
226,"aggregate_hksj",0.000704839055689817,0.000859298203200196,0.0607615586544274,0.000607676357218682,0.9416,0.00331630637909105,0.0584,0.00331630637909105,5000
226,"che_rve",0.000808053564798952,0.00084785909563522,0.0599526916014358,0.000599586877700362,0.9468,0.00317394895989208,0.0532,0.00317394895989208,5000
226,"mlma",0.00080683502715344,0.000848797811994051,0.0600190688717298,0.000600250716790531,0.946,0.00319637294444813,0.054,0.00319637294444813,5000
226,"mlma_cr2",0.00080683502715344,0.000848797811994051,0.0600190688717298,0.000600250716790531,0.953,0.00299302522541993,0.047,0.00299302522541993,5000
227,"aggregate_hksj",0.000667709439583932,0.00160394344837684,0.1134159288987,0.00113427272193112,0.9532,0.00298696367570816,0.0468,0.00298696367570816,5000
227,"che_rve",0.000658688146068325,0.00160209865097705,0.11328548202357,0.00113296812271337,0.9574,0.00285605462132642,0.0426,0.00285605462132642,5000
227,"mlma",0.000670394301322323,0.00160183564196767,0.113266884478165,0.00113278212865899,0.9516,0.00303504332753257,0.0484,0.00303504332753257,5000
227,"mlma_cr2",0.000670394301322323,0.00160183564196767,0.113266884478165,0.00113278212865899,0.9572,0.00286245209566902,0.0428,0.00286245209566903,5000
228,"aggregate_hksj",-1.84854261730773e-05,0.000738518232353483,0.052221125012705,0.000522263479086537,0.9618,0.0027107474983849,0.0382,0.0027107474983849,5000
228,"che_rve",-0.000125427209682232,0.00073559167665159,0.0520141862744722,0.000520193884734425,0.9446,0.00323514574633045,0.0554,0.00323514574633045,5000
228,"mlma",-0.000137780592752468,0.000735706645911008,0.0520223158287684,0.000520275188408161,0.9276,0.00366492128155572,0.0724,0.00366492128155572,5000
228,"mlma_cr2",-0.000137780592752468,0.000735706645911008,0.0520223158287684,0.000520275188408161,0.9444,0.00324063697442339,0.0556,0.00324063697442339,5000
229,"aggregate_hksj",0.00123484513015369,0.00142898952596782,0.101044818405639,0.00101054924403405,0.9566,0.00288154264240528,0.1558,0.00512886654144949,5000
229,"che_rve",0.00129956945957906,0.00142266471487611,0.100597586724373,0.0010060764799226,0.9532,0.00298696367570816,0.1282,0.00472789086168452,5000
229,"mlma",0.00165935013245568,0.00147874302419898,0.10456292200434,0.00104573379865246,0.8862,0.00449109251741712,0.2782,0.00633726691879078,5000
229,"mlma_cr2",0.00165935013245568,0.00147874302419898,0.10456292200434,0.00104573379865246,0.9522,0.00301712313305241,0.131,0.00477156158924937,5000
230,"aggregate_hksj",-0.000596554848145678,0.000841322267127796,0.0594904680249305,0.000594964179642387,0.9448,0.00322964270469661,0.3716,0.00683393649370551,5000
230,"che_rve",-0.000527531096155692,0.000821839376926435,0.0581128196470809,0.000581186318008832,0.9528,0.00299907185642492,0.3236,0.00661638934767294,5000
230,"mlma",-0.00047560591722666,0.000826600006694229,0.0584494470062335,0.00058455292827822,0.955,0.00293172304285381,0.3594,0.0067857444691058,5000
230,"mlma_cr2",-0.00047560591722666,0.000826600006694229,0.0584494470062335,0.00058455292827822,0.9552,0.00292550713552368,0.3084,0.00653130063616735,5000
231,"aggregate_hksj",0.00152772690635077,0.00158726465734696,0.112236560274778,0.00112247785614634,0.955,0.00293172304285381,0.1458,0.00499083880725475,5000
231,"che_rve",0.00159853574121083,0.00158722844800723,0.112233999887811,0.00112245224971591,0.9548,0.00293792307591605,0.114,0.00449453000879959,5000
231,"mlma",0.00159681277475601,0.00158695172649219,0.112214432721833,0.00112225655848602,0.9528,0.00299907185642492,0.1504,0.00505529108954173,5000
231,"mlma_cr2",0.00159681277475601,0.00158695172649219,0.112214432721833,0.00112225655848602,0.9546,0.00294410733499986,0.1138,0.00449109251741711,5000
232,"aggregate_hksj",-0.000749046664274194,0.000729585143746227,0.0515894602595919,0.000515946199795888,0.9612,0.00273110087693589,0.3924,0.00690539267529371,5000
232,"che_rve",-0.000681045497252078,0.000727445040907799,0.051438132136643,0.000514432767215573,0.9486,0.00312275647465504,0.4092,0.00695349351045933,5000
232,"mlma",-0.000663523210193723,0.000727767060037084,0.0514609023276419,0.000514660491899169,0.9344,0.00350133231784702,0.4904,0.00706976435250851,5000
232,"mlma_cr2",-0.000663523210193723,0.000727767060037084,0.0514609023276419,0.000514660491899169,0.9498,0.00308804015517933,0.4072,0.00694821070492253,5000
