"scenario_id","scenario_set","pair_id","pair_class","beta1_true","tau_true","omega_true","J","I_C_star_primary","empirical_power","predicted_power_sampling_equivalent","predicted_power_default_het","predicted_power_tau_omega_0.20","range_definition","n_assumptions","min_predicted_power","max_predicted_power","predicted_power_range","empirical_inside_range"
1,"broad",NA,NA,0.05,0.146718092065479,0.0661716804737225,36,14291.9185535866,0.1146,0.792185502882121,0.14910013190511,0.0782910947984954,"full_5x5_grid",25,0.0782910947984954,0.792185502882121,0.713894408083626,TRUE
1,"broad",NA,NA,0.05,0.146718092065479,0.0661716804737225,36,14291.9185535866,0.1146,0.792185502882121,0.14910013190511,0.0782910947984954,"exclude_tau_omega_zero",24,0.0782910947984954,0.611846664203394,0.533555569404898,TRUE
1,"broad",NA,NA,0.05,0.146718092065479,0.0661716804737225,36,14291.9185535866,0.1146,0.792185502882121,0.14910013190511,0.0782910947984954,"neighborhood_abs_misspec_le_0.075",9,0.0848945292171989,0.178220261689356,0.0933257324721568,TRUE
1,"broad",NA,NA,0.05,0.146718092065479,0.0661716804737225,36,14291.9185535866,0.1146,0.792185502882121,0.14910013190511,0.0782910947984954,"conservative_tau_omega_ge_0.10",9,0.0782910947984954,0.14910013190511,0.0708090371066147,TRUE
1,"broad",NA,NA,0.05,0.146718092065479,0.0661716804737225,36,14291.9185535866,0.1146,0.792185502882121,0.14910013190511,0.0782910947984954,"point_tau_omega_0.20",1,0.0782910947984954,0.0782910947984954,0,FALSE
1,"broad",NA,NA,0.1,0.146718092065479,0.0661716804737225,36,14291.9185535866,0.3084,0.999815367618159,0.443670428978108,0.166520627678947,"full_5x5_grid",25,0.166520627678947,0.999815367618159,0.833294739939212,TRUE
1,"broad",NA,NA,0.1,0.146718092065479,0.0661716804737225,36,14291.9185535866,0.3084,0.999815367618159,0.443670428978108,0.166520627678947,"exclude_tau_omega_zero",24,0.166520627678947,0.993808291051986,0.827287663373038,TRUE
1,"broad",NA,NA,0.1,0.146718092065479,0.0661716804737225,36,14291.9185535866,0.3084,0.999815367618159,0.443670428978108,0.166520627678947,"neighborhood_abs_misspec_le_0.075",9,0.194027248799398,0.540161001356026,0.346133752556628,TRUE
1,"broad",NA,NA,0.1,0.146718092065479,0.0661716804737225,36,14291.9185535866,0.3084,0.999815367618159,0.443670428978108,0.166520627678947,"conservative_tau_omega_ge_0.10",9,0.166520627678947,0.443670428978108,0.27714980129916,TRUE
1,"broad",NA,NA,0.1,0.146718092065479,0.0661716804737225,36,14291.9185535866,0.3084,0.999815367618159,0.443670428978108,0.166520627678947,"point_tau_omega_0.20",1,0.166520627678947,0.166520627678947,0,FALSE
1,"broad",NA,NA,0.2,0.146718092065479,0.0661716804737225,36,14291.9185535866,0.822,1,0.951699077385856,0.502879032413431,"full_5x5_grid",25,0.502879032413431,1,0.497120967586569,TRUE
1,"broad",NA,NA,0.2,0.146718092065479,0.0661716804737225,36,14291.9185535866,0.822,1,0.951699077385856,0.502879032413431,"exclude_tau_omega_zero",24,0.502879032413431,0.999999999996659,0.497120967583228,TRUE
1,"broad",NA,NA,0.2,0.146718092065479,0.0661716804737225,36,14291.9185535866,0.822,1,0.951699077385856,0.502879032413431,"neighborhood_abs_misspec_le_0.075",9,0.587462500917201,0.983995700675115,0.396533199757914,TRUE
1,"broad",NA,NA,0.2,0.146718092065479,0.0661716804737225,36,14291.9185535866,0.822,1,0.951699077385856,0.502879032413431,"conservative_tau_omega_ge_0.10",9,0.502879032413431,0.951699077385856,0.448820044972425,TRUE
1,"broad",NA,NA,0.2,0.146718092065479,0.0661716804737225,36,14291.9185535866,0.822,1,0.951699077385856,0.502879032413431,"point_tau_omega_0.20",1,0.502879032413431,0.502879032413431,0,FALSE
10,"broad",NA,NA,0.05,0.111593359854189,0.0927237351971562,48,22163.5456872347,0.1994,0.885173159223254,0.21104466748042,0.095156097086713,"full_5x5_grid",25,0.095156097086713,0.885173159223254,0.790017062136541,TRUE
10,"broad",NA,NA,0.05,0.111593359854189,0.0927237351971562,48,22163.5456872347,0.1994,0.885173159223254,0.21104466748042,0.095156097086713,"exclude_tau_omega_zero",24,0.095156097086713,0.742759060832137,0.647602963745424,TRUE
10,"broad",NA,NA,0.05,0.111593359854189,0.0927237351971562,48,22163.5456872347,0.1994,0.885173159223254,0.21104466748042,0.095156097086713,"neighborhood_abs_misspec_le_0.075",9,0.128013999308753,0.474365574751814,0.346351575443061,TRUE
10,"broad",NA,NA,0.05,0.111593359854189,0.0927237351971562,48,22163.5456872347,0.1994,0.885173159223254,0.21104466748042,0.095156097086713,"conservative_tau_omega_ge_0.10",9,0.095156097086713,0.21104466748042,0.115888570393706,TRUE
10,"broad",NA,NA,0.05,0.111593359854189,0.0927237351971562,48,22163.5456872347,0.1994,0.885173159223254,0.21104466748042,0.095156097086713,"point_tau_omega_0.20",1,0.095156097086713,0.095156097086713,0,FALSE
10,"broad",NA,NA,0.1,0.111593359854189,0.0927237351971562,48,22163.5456872347,0.5994,0.999988170534791,0.635693079425185,0.236753896888825,"full_5x5_grid",25,0.236753896888825,0.999988170534791,0.763234273645966,TRUE
10,"broad",NA,NA,0.1,0.111593359854189,0.0927237351971562,48,22163.5456872347,0.5994,0.999988170534791,0.635693079425185,0.236753896888825,"exclude_tau_omega_zero",24,0.236753896888825,0.999339386651234,0.762585489762409,TRUE
10,"broad",NA,NA,0.1,0.111593359854189,0.0927237351971562,48,22163.5456872347,0.5994,0.999988170534791,0.635693079425185,0.236753896888825,"neighborhood_abs_misspec_le_0.075",9,0.367456584128293,0.966117223543988,0.598660639415695,TRUE
10,"broad",NA,NA,0.1,0.111593359854189,0.0927237351971562,48,22163.5456872347,0.5994,0.999988170534791,0.635693079425185,0.236753896888825,"conservative_tau_omega_ge_0.10",9,0.236753896888825,0.635693079425185,0.39893918253636,TRUE
10,"broad",NA,NA,0.1,0.111593359854189,0.0927237351971562,48,22163.5456872347,0.5994,0.999988170534791,0.635693079425185,0.236753896888825,"point_tau_omega_0.20",1,0.236753896888825,0.236753896888825,0,FALSE
10,"broad",NA,NA,0.2,0.111593359854189,0.0927237351971562,48,22163.5456872347,0.991,1,0.99597175367608,0.698802869312533,"full_5x5_grid",25,0.698802869312533,1,0.301197130687467,TRUE
10,"broad",NA,NA,0.2,0.111593359854189,0.0927237351971562,48,22163.5456872347,0.991,1,0.99597175367608,0.698802869312533,"exclude_tau_omega_zero",24,0.698802869312533,1,0.301197130687467,TRUE
10,"broad",NA,NA,0.2,0.111593359854189,0.0927237351971562,48,22163.5456872347,0.991,1,0.99597175367608,0.698802869312533,"neighborhood_abs_misspec_le_0.075",9,0.899735062213495,0.999999988991679,0.100264926778184,TRUE
10,"broad",NA,NA,0.2,0.111593359854189,0.0927237351971562,48,22163.5456872347,0.991,1,0.99597175367608,0.698802869312533,"conservative_tau_omega_ge_0.10",9,0.698802869312533,0.99597175367608,0.297168884363548,TRUE
10,"broad",NA,NA,0.2,0.111593359854189,0.0927237351971562,48,22163.5456872347,0.991,1,0.99597175367608,0.698802869312533,"point_tau_omega_0.20",1,0.698802869312533,0.698802869312533,0,FALSE
100,"targeted",10,"E",0.05,0.116660372591577,0.159851131173782,120,25625.5782988681,0.2494,0.976290131688589,0.373603908187512,0.144322433190273,"full_5x5_grid",25,0.144322433190273,0.976290131688589,0.831967698498315,TRUE
100,"targeted",10,"E",0.05,0.116660372591577,0.159851131173782,120,25625.5782988681,0.2494,0.976290131688589,0.373603908187512,0.144322433190273,"exclude_tau_omega_zero",24,0.144322433190273,0.918249464584806,0.773927031394533,TRUE
100,"targeted",10,"E",0.05,0.116660372591577,0.159851131173782,120,25625.5782988681,0.2494,0.976290131688589,0.373603908187512,0.144322433190273,"neighborhood_abs_misspec_le_0.075",9,0.185190670696407,0.587096103841983,0.401905433145577,TRUE
100,"targeted",10,"E",0.05,0.116660372591577,0.159851131173782,120,25625.5782988681,0.2494,0.976290131688589,0.373603908187512,0.144322433190273,"conservative_tau_omega_ge_0.10",9,0.144322433190273,0.373603908187512,0.229281474997238,TRUE
100,"targeted",10,"E",0.05,0.116660372591577,0.159851131173782,120,25625.5782988681,0.2494,0.976290131688589,0.373603908187512,0.144322433190273,"point_tau_omega_0.20",1,0.144322433190273,0.144322433190273,0,FALSE
100,"targeted",10,"E",0.1,0.116660372591577,0.159851131173782,120,25625.5782988681,0.7416,0.999999998416637,0.90549076037802,0.427892347165369,"full_5x5_grid",25,0.427892347165369,0.999999998416637,0.572107651251268,TRUE
100,"targeted",10,"E",0.1,0.116660372591577,0.159851131173782,120,25625.5782988681,0.7416,0.999999998416637,0.90549076037802,0.427892347165369,"exclude_tau_omega_zero",24,0.427892347165369,0.999998955474,0.57210660830863,TRUE
100,"targeted",10,"E",0.1,0.116660372591577,0.159851131173782,120,25625.5782988681,0.7416,0.999999998416637,0.90549076037802,0.427892347165369,"neighborhood_abs_misspec_le_0.075",9,0.562959953732971,0.99176815056627,0.428808196833299,TRUE
100,"targeted",10,"E",0.1,0.116660372591577,0.159851131173782,120,25625.5782988681,0.7416,0.999999998416637,0.90549076037802,0.427892347165369,"conservative_tau_omega_ge_0.10",9,0.427892347165369,0.90549076037802,0.477598413212651,TRUE
100,"targeted",10,"E",0.1,0.116660372591577,0.159851131173782,120,25625.5782988681,0.7416,0.999999998416637,0.90549076037802,0.427892347165369,"point_tau_omega_0.20",1,0.427892347165369,0.427892347165369,0,FALSE
100,"targeted",10,"E",0.2,0.116660372591577,0.159851131173782,120,25625.5782988681,0.9994,1,0.999997708472729,0.944590328184873,"full_5x5_grid",25,0.944590328184873,1,0.0554096718151269,TRUE
100,"targeted",10,"E",0.2,0.116660372591577,0.159851131173782,120,25625.5782988681,0.9994,1,0.999997708472729,0.944590328184873,"exclude_tau_omega_zero",24,0.944590328184873,1,0.0554096718151269,TRUE
100,"targeted",10,"E",0.2,0.116660372591577,0.159851131173782,120,25625.5782988681,0.9994,1,0.999997708472729,0.944590328184873,"neighborhood_abs_misspec_le_0.075",9,0.988536606244534,0.999999999992642,0.0114633937481087,TRUE
100,"targeted",10,"E",0.2,0.116660372591577,0.159851131173782,120,25625.5782988681,0.9994,1,0.999997708472729,0.944590328184873,"conservative_tau_omega_ge_0.10",9,0.944590328184873,0.999997708472729,0.0554073802878557,TRUE
100,"targeted",10,"E",0.2,0.116660372591577,0.159851131173782,120,25625.5782988681,0.9994,1,0.999997708472729,0.944590328184873,"point_tau_omega_0.20",1,0.944590328184873,0.944590328184873,0,FALSE
11,"broad",NA,NA,0.05,0.119276303030318,0.185123343627725,96,69168.5713619609,0.3432,0.999994720664827,0.507446013926883,0.181024186748375,"full_5x5_grid",25,0.181024186748375,0.999994720664827,0.818970533916451,TRUE
11,"broad",NA,NA,0.05,0.119276303030318,0.185123343627725,96,69168.5713619609,0.3432,0.999994720664827,0.507446013926883,0.181024186748375,"exclude_tau_omega_zero",24,0.181024186748375,0.999668476491957,0.818644289743582,TRUE
11,"broad",NA,NA,0.05,0.119276303030318,0.185123343627725,96,69168.5713619609,0.3432,0.999994720664827,0.507446013926883,0.181024186748375,"neighborhood_abs_misspec_le_0.075",6,0.257567215090703,0.736181996256458,0.478614781165755,TRUE
11,"broad",NA,NA,0.05,0.119276303030318,0.185123343627725,96,69168.5713619609,0.3432,0.999994720664827,0.507446013926883,0.181024186748375,"conservative_tau_omega_ge_0.10",9,0.181024186748375,0.507446013926883,0.326421827178508,TRUE
11,"broad",NA,NA,0.05,0.119276303030318,0.185123343627725,96,69168.5713619609,0.3432,0.999994720664827,0.507446013926883,0.181024186748375,"point_tau_omega_0.20",1,0.181024186748375,0.181024186748375,0,FALSE
11,"broad",NA,NA,0.1,0.119276303030318,0.185123343627725,96,69168.5713619609,0.875,1,0.97705703637154,0.550436764076366,"full_5x5_grid",25,0.550436764076366,1,0.449563235923634,TRUE
11,"broad",NA,NA,0.1,0.119276303030318,0.185123343627725,96,69168.5713619609,0.875,1,0.97705703637154,0.550436764076366,"exclude_tau_omega_zero",24,0.550436764076366,1,0.449563235923634,TRUE
11,"broad",NA,NA,0.1,0.119276303030318,0.185123343627725,96,69168.5713619609,0.875,1,0.97705703637154,0.550436764076366,"neighborhood_abs_misspec_le_0.075",6,0.743640508444625,0.999363380253683,0.255722871809058,TRUE
11,"broad",NA,NA,0.1,0.119276303030318,0.185123343627725,96,69168.5713619609,0.875,1,0.97705703637154,0.550436764076366,"conservative_tau_omega_ge_0.10",9,0.550436764076366,0.97705703637154,0.426620272295174,TRUE
11,"broad",NA,NA,0.1,0.119276303030318,0.185123343627725,96,69168.5713619609,0.875,1,0.97705703637154,0.550436764076366,"point_tau_omega_0.20",1,0.550436764076366,0.550436764076366,0,FALSE
11,"broad",NA,NA,0.2,0.119276303030318,0.185123343627725,96,69168.5713619609,1,1,0.999999998661402,0.98654028183252,"full_5x5_grid",25,0.98654028183252,1,0.0134597181674797,TRUE
11,"broad",NA,NA,0.2,0.119276303030318,0.185123343627725,96,69168.5713619609,1,1,0.999999998661402,0.98654028183252,"exclude_tau_omega_zero",24,0.98654028183252,1,0.0134597181674797,TRUE
11,"broad",NA,NA,0.2,0.119276303030318,0.185123343627725,96,69168.5713619609,1,1,0.999999998661402,0.98654028183252,"neighborhood_abs_misspec_le_0.075",6,0.999458600513888,1,0.000541399486111649,TRUE
11,"broad",NA,NA,0.2,0.119276303030318,0.185123343627725,96,69168.5713619609,1,1,0.999999998661402,0.98654028183252,"conservative_tau_omega_ge_0.10",9,0.98654028183252,0.999999998661402,0.0134597168288816,FALSE
11,"broad",NA,NA,0.2,0.119276303030318,0.185123343627725,96,69168.5713619609,1,1,0.999999998661402,0.98654028183252,"point_tau_omega_0.20",1,0.98654028183252,0.98654028183252,0,FALSE
12,"broad",NA,NA,0.05,0.172458395538735,0.0797731818458415,48,5101.60331488216,0.1094,0.305308674882801,0.152648668441347,0.0933678262360688,"full_5x5_grid",25,0.0933678262360688,0.305308674882801,0.211940848646732,TRUE
12,"broad",NA,NA,0.05,0.172458395538735,0.0797731818458415,48,5101.60331488216,0.1094,0.305308674882801,0.152648668441347,0.0933678262360688,"exclude_tau_omega_zero",24,0.0933678262360688,0.286788356705403,0.193420530469334,TRUE
12,"broad",NA,NA,0.05,0.172458395538735,0.0797731818458415,48,5101.60331488216,0.1094,0.305308674882801,0.152648668441347,0.0933678262360688,"neighborhood_abs_misspec_le_0.075",9,0.0966633711002755,0.160447835236772,0.0637844641364969,TRUE
12,"broad",NA,NA,0.05,0.172458395538735,0.0797731818458415,48,5101.60331488216,0.1094,0.305308674882801,0.152648668441347,0.0933678262360688,"conservative_tau_omega_ge_0.10",9,0.0933678262360688,0.152648668441347,0.0592808422052779,TRUE
12,"broad",NA,NA,0.05,0.172458395538735,0.0797731818458415,48,5101.60331488216,0.1094,0.305308674882801,0.152648668441347,0.0933678262360688,"point_tau_omega_0.20",1,0.0933678262360688,0.0933678262360688,0,FALSE
12,"broad",NA,NA,0.1,0.172458395538735,0.0797731818458415,48,5101.60331488216,0.2934,0.810417286228041,0.456988696553557,0.229377589968223,"full_5x5_grid",25,0.229377589968223,0.810417286228041,0.581039696259818,TRUE
12,"broad",NA,NA,0.1,0.172458395538735,0.0797731818458415,48,5101.60331488216,0.2934,0.810417286228041,0.456988696553557,0.229377589968223,"exclude_tau_omega_zero",24,0.229377589968223,0.784911560161088,0.555533970192865,TRUE
12,"broad",NA,NA,0.1,0.172458395538735,0.0797731818458415,48,5101.60331488216,0.2934,0.810417286228041,0.456988696553557,0.229377589968223,"neighborhood_abs_misspec_le_0.075",9,0.242952211782528,0.48364620526706,0.240693993484532,TRUE
12,"broad",NA,NA,0.1,0.172458395538735,0.0797731818458415,48,5101.60331488216,0.2934,0.810417286228041,0.456988696553557,0.229377589968223,"conservative_tau_omega_ge_0.10",9,0.229377589968223,0.456988696553557,0.227611106585334,TRUE
12,"broad",NA,NA,0.1,0.172458395538735,0.0797731818458415,48,5101.60331488216,0.2934,0.810417286228041,0.456988696553557,0.229377589968223,"point_tau_omega_0.20",1,0.229377589968223,0.229377589968223,0,FALSE
12,"broad",NA,NA,0.2,0.172458395538735,0.0797731818458415,48,5101.60331488216,0.804,0.99978405553191,0.958906471027758,0.681627168172288,"full_5x5_grid",25,0.681627168172288,0.99978405553191,0.318156887359622,TRUE
12,"broad",NA,NA,0.2,0.172458395538735,0.0797731818458415,48,5101.60331488216,0.804,0.99978405553191,0.958906471027758,0.681627168172288,"exclude_tau_omega_zero",24,0.681627168172288,0.999647637394516,0.318020469222228,TRUE
12,"broad",NA,NA,0.2,0.172458395538735,0.0797731818458415,48,5101.60331488216,0.804,0.99978405553191,0.958906471027758,0.681627168172288,"neighborhood_abs_misspec_le_0.075",9,0.712652861481215,0.969371339111412,0.256718477630197,TRUE
12,"broad",NA,NA,0.2,0.172458395538735,0.0797731818458415,48,5101.60331488216,0.804,0.99978405553191,0.958906471027758,0.681627168172288,"conservative_tau_omega_ge_0.10",9,0.681627168172288,0.958906471027758,0.27727930285547,TRUE
12,"broad",NA,NA,0.2,0.172458395538735,0.0797731818458415,48,5101.60331488216,0.804,0.99978405553191,0.958906471027758,0.681627168172288,"point_tau_omega_0.20",1,0.681627168172288,0.681627168172288,0,FALSE
13,"broad",NA,NA,0.05,0.229541176174826,0.195861830492737,72,5990.01051061402,0.0828165633126625,0.428424674191343,0.157389281082465,0.083849643093389,"full_5x5_grid",25,0.083849643093389,0.428424674191343,0.344575031097954,FALSE
13,"broad",NA,NA,0.05,0.229541176174826,0.195861830492737,72,5990.01051061402,0.0828165633126625,0.428424674191343,0.157389281082465,0.083849643093389,"exclude_tau_omega_zero",24,0.083849643093389,0.350229031411749,0.26637938831836,FALSE
13,"broad",NA,NA,0.05,0.229541176174826,0.195861830492737,72,5990.01051061402,0.0828165633126625,0.428424674191343,0.157389281082465,0.083849643093389,"neighborhood_abs_misspec_le_0.075",2,0.083849643093389,0.0905195971034854,0.0066699540100964,FALSE
13,"broad",NA,NA,0.05,0.229541176174826,0.195861830492737,72,5990.01051061402,0.0828165633126625,0.428424674191343,0.157389281082465,0.083849643093389,"conservative_tau_omega_ge_0.10",9,0.083849643093389,0.157389281082465,0.0735396379890764,FALSE
13,"broad",NA,NA,0.05,0.229541176174826,0.195861830492737,72,5990.01051061402,0.0828165633126625,0.428424674191343,0.157389281082465,0.083849643093389,"point_tau_omega_0.20",1,0.083849643093389,0.083849643093389,0,FALSE
13,"broad",NA,NA,0.1,0.229541176174826,0.195861830492737,72,5990.01051061402,0.1772,0.943389284222511,0.472664408507175,0.189713116476819,"full_5x5_grid",25,0.189713116476819,0.943389284222511,0.753676167745692,FALSE
13,"broad",NA,NA,0.1,0.229541176174826,0.195861830492737,72,5990.01051061402,0.1772,0.943389284222511,0.472664408507175,0.189713116476819,"exclude_tau_omega_zero",24,0.189713116476819,0.880644361484177,0.690931245007358,FALSE
13,"broad",NA,NA,0.1,0.229541176174826,0.195861830492737,72,5990.01051061402,0.1772,0.943389284222511,0.472664408507175,0.189713116476819,"neighborhood_abs_misspec_le_0.075",2,0.189713116476819,0.217396217537996,0.027683101061177,FALSE
13,"broad",NA,NA,0.1,0.229541176174826,0.195861830492737,72,5990.01051061402,0.1772,0.943389284222511,0.472664408507175,0.189713116476819,"conservative_tau_omega_ge_0.10",9,0.189713116476819,0.472664408507175,0.282951292030356,FALSE
13,"broad",NA,NA,0.1,0.229541176174826,0.195861830492737,72,5990.01051061402,0.1772,0.943389284222511,0.472664408507175,0.189713116476819,"point_tau_omega_0.20",1,0.189713116476819,0.189713116476819,0,FALSE
13,"broad",NA,NA,0.2,0.229541176174826,0.195861830492737,72,5990.01051061402,0.514702940588118,0.999999802758377,0.964864787933798,0.575158526730963,"full_5x5_grid",25,0.575158526730963,0.999999802758377,0.424841276027414,FALSE
13,"broad",NA,NA,0.2,0.229541176174826,0.195861830492737,72,5990.01051061402,0.514702940588118,0.999999802758377,0.964864787933798,0.575158526730963,"exclude_tau_omega_zero",24,0.575158526730963,0.999990364451284,0.424831837720321,FALSE
13,"broad",NA,NA,0.2,0.229541176174826,0.195861830492737,72,5990.01051061402,0.514702940588118,0.999999802758377,0.964864787933798,0.575158526730963,"neighborhood_abs_misspec_le_0.075",2,0.575158526730963,0.650945399479039,0.0757868727480761,FALSE
13,"broad",NA,NA,0.2,0.229541176174826,0.195861830492737,72,5990.01051061402,0.514702940588118,0.999999802758377,0.964864787933798,0.575158526730963,"conservative_tau_omega_ge_0.10",9,0.575158526730963,0.964864787933798,0.389706261202835,FALSE
13,"broad",NA,NA,0.2,0.229541176174826,0.195861830492737,72,5990.01051061402,0.514702940588118,0.999999802758377,0.964864787933798,0.575158526730963,"point_tau_omega_0.20",1,0.575158526730963,0.575158526730963,0,FALSE
14,"broad",NA,NA,0.05,0.0701158740626415,0.111340670826961,60,15531.4906973111,0.292,0.84033928073276,0.226926998169187,0.0992241622690372,"full_5x5_grid",25,0.0992241622690372,0.84033928073276,0.741115118463723,TRUE
14,"broad",NA,NA,0.05,0.0701158740626415,0.111340670826961,60,15531.4906973111,0.292,0.84033928073276,0.226926998169187,0.0992241622690372,"exclude_tau_omega_zero",24,0.0992241622690372,0.716959840044613,0.617735677775576,TRUE
14,"broad",NA,NA,0.05,0.0701158740626415,0.111340670826961,60,15531.4906973111,0.292,0.84033928073276,0.226926998169187,0.0992241622690372,"neighborhood_abs_misspec_le_0.075",9,0.186410239380701,0.716959840044613,0.530549600663912,TRUE
14,"broad",NA,NA,0.05,0.0701158740626415,0.111340670826961,60,15531.4906973111,0.292,0.84033928073276,0.226926998169187,0.0992241622690372,"conservative_tau_omega_ge_0.10",9,0.0992241622690372,0.226926998169187,0.12770283590015,FALSE
14,"broad",NA,NA,0.05,0.0701158740626415,0.111340670826961,60,15531.4906973111,0.292,0.84033928073276,0.226926998169187,0.0992241622690372,"point_tau_omega_0.20",1,0.0992241622690372,0.0992241622690372,0,FALSE
14,"broad",NA,NA,0.1,0.0701158740626415,0.111340670826961,60,15531.4906973111,0.8114,0.99995859704767,0.675346347268556,0.253360329209679,"full_5x5_grid",25,0.253360329209679,0.99995859704767,0.746598267837991,TRUE
14,"broad",NA,NA,0.1,0.0701158740626415,0.111340670826961,60,15531.4906973111,0.8114,0.99995859704767,0.675346347268556,0.253360329209679,"exclude_tau_omega_zero",24,0.253360329209679,0.99900933830167,0.745649009091991,TRUE
14,"broad",NA,NA,0.1,0.0701158740626415,0.111340670826961,60,15531.4906973111,0.8114,0.99995859704767,0.675346347268556,0.253360329209679,"neighborhood_abs_misspec_le_0.075",9,0.566016095347405,0.99900933830167,0.432993242954265,TRUE
14,"broad",NA,NA,0.1,0.0701158740626415,0.111340670826961,60,15531.4906973111,0.8114,0.99995859704767,0.675346347268556,0.253360329209679,"conservative_tau_omega_ge_0.10",9,0.253360329209679,0.675346347268556,0.421986018058877,FALSE
14,"broad",NA,NA,0.1,0.0701158740626415,0.111340670826961,60,15531.4906973111,0.8114,0.99995859704767,0.675346347268556,0.253360329209679,"point_tau_omega_0.20",1,0.253360329209679,0.253360329209679,0,FALSE
14,"broad",NA,NA,0.2,0.0701158740626415,0.111340670826961,60,15531.4906973111,0.9998,1,0.997886373595632,0.734365246678205,"full_5x5_grid",25,0.734365246678205,1,0.265634753321795,TRUE
14,"broad",NA,NA,0.2,0.0701158740626415,0.111340670826961,60,15531.4906973111,0.9998,1,0.997886373595632,0.734365246678205,"exclude_tau_omega_zero",24,0.734365246678205,1,0.265634753321794,TRUE
14,"broad",NA,NA,0.2,0.0701158740626415,0.111340670826961,60,15531.4906973111,0.9998,1,0.997886373595632,0.734365246678205,"neighborhood_abs_misspec_le_0.075",9,0.988812034175238,1,0.0111879658247614,TRUE
14,"broad",NA,NA,0.2,0.0701158740626415,0.111340670826961,60,15531.4906973111,0.9998,1,0.997886373595632,0.734365246678205,"conservative_tau_omega_ge_0.10",9,0.734365246678205,0.997886373595632,0.263521126917427,FALSE
14,"broad",NA,NA,0.2,0.0701158740626415,0.111340670826961,60,15531.4906973111,0.9998,1,0.997886373595632,0.734365246678205,"point_tau_omega_0.20",1,0.734365246678205,0.734365246678205,0,FALSE
15,"broad",NA,NA,0.05,0.160151764917653,0.153768339852511,30,3508.63960845115,0.0886,0.133742925461703,0.102809592914794,0.0708409933867428,"full_5x5_grid",25,0.0708409933867428,0.141244753768016,0.0704037603812733,TRUE
15,"broad",NA,NA,0.05,0.160151764917653,0.153768339852511,30,3508.63960845115,0.0886,0.133742925461703,0.102809592914794,0.0708409933867428,"exclude_tau_omega_zero",24,0.0708409933867428,0.141244753768016,0.0704037603812733,TRUE
15,"broad",NA,NA,0.05,0.160151764917653,0.153768339852511,30,3508.63960845115,0.0886,0.133742925461703,0.102809592914794,0.0708409933867428,"neighborhood_abs_misspec_le_0.075",9,0.0708409933867428,0.102809592914794,0.0319685995280508,TRUE
15,"broad",NA,NA,0.05,0.160151764917653,0.153768339852511,30,3508.63960845115,0.0886,0.133742925461703,0.102809592914794,0.0708409933867428,"conservative_tau_omega_ge_0.10",9,0.0708409933867428,0.102809592914794,0.0319685995280508,TRUE
15,"broad",NA,NA,0.05,0.160151764917653,0.153768339852511,30,3508.63960845115,0.0886,0.133742925461703,0.102809592914794,0.0708409933867428,"point_tau_omega_0.20",1,0.0708409933867428,0.0708409933867428,0,FALSE
15,"broad",NA,NA,0.1,0.160151764917653,0.153768339852511,30,3508.63960845115,0.1858,0.329826673475335,0.26683954510027,0.135450783506198,"full_5x5_grid",25,0.135450783506198,0.406551265184462,0.271100481678264,TRUE
15,"broad",NA,NA,0.1,0.160151764917653,0.153768339852511,30,3508.63960845115,0.1858,0.329826673475335,0.26683954510027,0.135450783506198,"exclude_tau_omega_zero",24,0.135450783506198,0.406551265184462,0.271100481678264,TRUE
15,"broad",NA,NA,0.1,0.160151764917653,0.153768339852511,30,3508.63960845115,0.1858,0.329826673475335,0.26683954510027,0.135450783506198,"neighborhood_abs_misspec_le_0.075",9,0.135450783506198,0.26683954510027,0.131388761594072,TRUE
15,"broad",NA,NA,0.1,0.160151764917653,0.153768339852511,30,3508.63960845115,0.1858,0.329826673475335,0.26683954510027,0.135450783506198,"conservative_tau_omega_ge_0.10",9,0.135450783506198,0.26683954510027,0.131388761594072,TRUE
15,"broad",NA,NA,0.1,0.160151764917653,0.153768339852511,30,3508.63960845115,0.1858,0.329826673475335,0.26683954510027,0.135450783506198,"point_tau_omega_0.20",1,0.135450783506198,0.135450783506198,0,FALSE
15,"broad",NA,NA,0.2,0.160151764917653,0.153768339852511,30,3508.63960845115,0.5356,0.737411070104097,0.756165760690793,0.394230958769244,"full_5x5_grid",25,0.394230958769244,0.916721446365013,0.522490487595769,TRUE
15,"broad",NA,NA,0.2,0.160151764917653,0.153768339852511,30,3508.63960845115,0.5356,0.737411070104097,0.756165760690793,0.394230958769244,"exclude_tau_omega_zero",24,0.394230958769244,0.916721446365013,0.522490487595769,TRUE
15,"broad",NA,NA,0.2,0.160151764917653,0.153768339852511,30,3508.63960845115,0.5356,0.737411070104097,0.756165760690793,0.394230958769244,"neighborhood_abs_misspec_le_0.075",9,0.394230958769244,0.756165760690793,0.361934801921549,TRUE
15,"broad",NA,NA,0.2,0.160151764917653,0.153768339852511,30,3508.63960845115,0.5356,0.737411070104097,0.756165760690793,0.394230958769244,"conservative_tau_omega_ge_0.10",9,0.394230958769244,0.756165760690793,0.361934801921549,TRUE
15,"broad",NA,NA,0.2,0.160151764917653,0.153768339852511,30,3508.63960845115,0.5356,0.737411070104097,0.756165760690793,0.394230958769244,"point_tau_omega_0.20",1,0.394230958769244,0.394230958769244,0,FALSE
16,"broad",NA,NA,0.05,0.113919756231597,0.212428436127957,72,8014.07193641926,0.1668,0.573090858244928,0.2388813954737,0.118733693498875,"full_5x5_grid",25,0.118733693498875,0.573090858244928,0.454357164746053,TRUE
16,"broad",NA,NA,0.05,0.113919756231597,0.212428436127957,72,8014.07193641926,0.1668,0.573090858244928,0.2388813954737,0.118733693498875,"exclude_tau_omega_zero",24,0.118733693498875,0.524535505355019,0.405801811856144,TRUE
16,"broad",NA,NA,0.05,0.113919756231597,0.212428436127957,72,8014.07193641926,0.1668,0.573090858244928,0.2388813954737,0.118733693498875,"neighborhood_abs_misspec_le_0.075",6,0.148112960823492,0.293077071216245,0.144964110392753,TRUE
16,"broad",NA,NA,0.05,0.113919756231597,0.212428436127957,72,8014.07193641926,0.1668,0.573090858244928,0.2388813954737,0.118733693498875,"conservative_tau_omega_ge_0.10",9,0.118733693498875,0.2388813954737,0.120147701974825,TRUE
16,"broad",NA,NA,0.05,0.113919756231597,0.212428436127957,72,8014.07193641926,0.1668,0.573090858244928,0.2388813954737,0.118733693498875,"point_tau_omega_0.20",1,0.118733693498875,0.118733693498875,0,FALSE
16,"broad",NA,NA,0.1,0.113919756231597,0.212428436127957,72,8014.07193641926,0.5036,0.989902807966391,0.703699767519682,0.331684109941225,"full_5x5_grid",25,0.331684109941225,0.989902807966391,0.658218698025166,TRUE
16,"broad",NA,NA,0.1,0.113919756231597,0.212428436127957,72,8014.07193641926,0.5036,0.989902807966391,0.703699767519682,0.331684109941225,"exclude_tau_omega_zero",24,0.331684109941225,0.981181660768423,0.649497550827198,TRUE
16,"broad",NA,NA,0.1,0.113919756231597,0.212428436127957,72,8014.07193641926,0.5036,0.989902807966391,0.703699767519682,0.331684109941225,"neighborhood_abs_misspec_le_0.075",6,0.44142653654522,0.80727799859394,0.36585146204872,TRUE
16,"broad",NA,NA,0.1,0.113919756231597,0.212428436127957,72,8014.07193641926,0.5036,0.989902807966391,0.703699767519682,0.331684109941225,"conservative_tau_omega_ge_0.10",9,0.331684109941225,0.703699767519682,0.372015657578457,TRUE
16,"broad",NA,NA,0.1,0.113919756231597,0.212428436127957,72,8014.07193641926,0.5036,0.989902807966391,0.703699767519682,0.331684109941225,"point_tau_omega_0.20",1,0.331684109941225,0.331684109941225,0,FALSE
16,"broad",NA,NA,0.2,0.113919756231597,0.212428436127957,72,8014.07193641926,0.974594918983797,0.999999999977004,0.998764759006322,0.86148670769283,"full_5x5_grid",25,0.86148670769283,0.999999999977004,0.138513292284174,TRUE
16,"broad",NA,NA,0.2,0.113919756231597,0.212428436127957,72,8014.07193641926,0.974594918983797,0.999999999977004,0.998764759006322,0.86148670769283,"exclude_tau_omega_zero",24,0.86148670769283,0.999999999474542,0.138513291781713,TRUE
16,"broad",NA,NA,0.2,0.113919756231597,0.212428436127957,72,8014.07193641926,0.974594918983797,0.999999999977004,0.998764759006322,0.86148670769283,"neighborhood_abs_misspec_le_0.075",6,0.951878788516264,0.999888521159966,0.0480097326437019,TRUE
16,"broad",NA,NA,0.2,0.113919756231597,0.212428436127957,72,8014.07193641926,0.974594918983797,0.999999999977004,0.998764759006322,0.86148670769283,"conservative_tau_omega_ge_0.10",9,0.86148670769283,0.998764759006322,0.137278051313492,TRUE
16,"broad",NA,NA,0.2,0.113919756231597,0.212428436127957,72,8014.07193641926,0.974594918983797,0.999999999977004,0.998764759006322,0.86148670769283,"point_tau_omega_0.20",1,0.86148670769283,0.86148670769283,0,FALSE
17,"broad",NA,NA,0.05,0.100703542241827,0.235210100066848,96,34485.1628301611,0.2386,0.995580528707185,0.431732867663739,0.158163952236923,"full_5x5_grid",25,0.158163952236923,0.995580528707185,0.837416576470262,TRUE
17,"broad",NA,NA,0.05,0.100703542241827,0.235210100066848,96,34485.1628301611,0.2386,0.995580528707185,0.431732867663739,0.158163952236923,"exclude_tau_omega_zero",24,0.158163952236923,0.973799899821239,0.815635947584316,TRUE
17,"broad",NA,NA,0.05,0.100703542241827,0.235210100066848,96,34485.1628301611,0.2386,0.995580528707185,0.431732867663739,0.158163952236923,"neighborhood_abs_misspec_le_0.075",3,0.206835995395608,0.375537023040534,0.168701027644926,TRUE
17,"broad",NA,NA,0.05,0.100703542241827,0.235210100066848,96,34485.1628301611,0.2386,0.995580528707185,0.431732867663739,0.158163952236923,"conservative_tau_omega_ge_0.10",9,0.158163952236923,0.431732867663739,0.273568915426816,TRUE
17,"broad",NA,NA,0.05,0.100703542241827,0.235210100066848,96,34485.1628301611,0.2386,0.995580528707185,0.431732867663739,0.158163952236923,"point_tau_omega_0.20",1,0.158163952236923,0.158163952236923,0,FALSE
17,"broad",NA,NA,0.1,0.100703542241827,0.235210100066848,96,34485.1628301611,0.7178,0.999999999999685,0.946859573453826,0.476442111535042,"full_5x5_grid",25,0.476442111535042,0.999999999999685,0.523557888464642,TRUE
17,"broad",NA,NA,0.1,0.100703542241827,0.235210100066848,96,34485.1628301611,0.7178,0.999999999999685,0.946859573453826,0.476442111535042,"exclude_tau_omega_zero",24,0.476442111535042,0.999999997350387,0.523557885815344,TRUE
17,"broad",NA,NA,0.1,0.100703542241827,0.235210100066848,96,34485.1628301611,0.7178,0.999999999999685,0.946859573453826,0.476442111535042,"neighborhood_abs_misspec_le_0.075",3,0.624797701727657,0.907283460779584,0.282485759051927,TRUE
17,"broad",NA,NA,0.1,0.100703542241827,0.235210100066848,96,34485.1628301611,0.7178,0.999999999999685,0.946859573453826,0.476442111535042,"conservative_tau_omega_ge_0.10",9,0.476442111535042,0.946859573453826,0.470417461918783,TRUE
17,"broad",NA,NA,0.1,0.100703542241827,0.235210100066848,96,34485.1628301611,0.7178,0.999999999999685,0.946859573453826,0.476442111535042,"point_tau_omega_0.20",1,0.476442111535042,0.476442111535042,0,FALSE
17,"broad",NA,NA,0.2,0.100703542241827,0.235210100066848,96,34485.1628301611,0.9988,1,0.999999893981567,0.967189316375152,"full_5x5_grid",25,0.967189316375152,1,0.0328106836248475,TRUE
17,"broad",NA,NA,0.2,0.100703542241827,0.235210100066848,96,34485.1628301611,0.9988,1,0.999999893981567,0.967189316375152,"exclude_tau_omega_zero",24,0.967189316375152,1,0.0328106836248475,TRUE
17,"broad",NA,NA,0.2,0.100703542241827,0.235210100066848,96,34485.1628301611,0.9988,1,0.999999893981567,0.967189316375152,"neighborhood_abs_misspec_le_0.075",3,0.995275438731537,0.999997952296124,0.00472251356458697,TRUE
17,"broad",NA,NA,0.2,0.100703542241827,0.235210100066848,96,34485.1628301611,0.9988,1,0.999999893981567,0.967189316375152,"conservative_tau_omega_ge_0.10",9,0.967189316375152,0.999999893981567,0.0328105776064145,TRUE
17,"broad",NA,NA,0.2,0.100703542241827,0.235210100066848,96,34485.1628301611,0.9988,1,0.999999893981567,0.967189316375152,"point_tau_omega_0.20",1,0.967189316375152,0.967189316375152,0,FALSE
18,"broad",NA,NA,0.05,0.169108978163276,0.0865515263156267,48,19269.7334927075,0.1408,0.921757910011813,0.271530785058025,0.111815814225149,"full_5x5_grid",25,0.111815814225149,0.921757910011813,0.809942095786665,TRUE
18,"broad",NA,NA,0.05,0.169108978163276,0.0865515263156267,48,19269.7334927075,0.1408,0.921757910011813,0.271530785058025,0.111815814225149,"exclude_tau_omega_zero",24,0.111815814225149,0.868583606550246,0.756767792325097,TRUE
18,"broad",NA,NA,0.05,0.169108978163276,0.0865515263156267,48,19269.7334927075,0.1408,0.921757910011813,0.271530785058025,0.111815814225149,"neighborhood_abs_misspec_le_0.075",9,0.1159153466277,0.293926406393603,0.178011059765903,TRUE
18,"broad",NA,NA,0.05,0.169108978163276,0.0865515263156267,48,19269.7334927075,0.1408,0.921757910011813,0.271530785058025,0.111815814225149,"conservative_tau_omega_ge_0.10",9,0.111815814225149,0.271530785058025,0.159714970832876,TRUE
18,"broad",NA,NA,0.05,0.169108978163276,0.0865515263156267,48,19269.7334927075,0.1408,0.921757910011813,0.271530785058025,0.111815814225149,"point_tau_omega_0.20",1,0.111815814225149,0.111815814225149,0,FALSE
18,"broad",NA,NA,0.1,0.169108978163276,0.0865515263156267,48,19269.7334927075,0.429,0.999999159338953,0.770287791358204,0.304342067942596,"full_5x5_grid",25,0.304342067942596,0.999999159338953,0.695657091396357,TRUE
18,"broad",NA,NA,0.1,0.169108978163276,0.0865515263156267,48,19269.7334927075,0.429,0.999999159338953,0.770287791358204,0.304342067942596,"exclude_tau_omega_zero",24,0.304342067942596,0.999986344938997,0.695644276996401,TRUE
18,"broad",NA,NA,0.1,0.169108978163276,0.0865515263156267,48,19269.7334927075,0.429,0.999999159338953,0.770287791358204,0.304342067942596,"neighborhood_abs_misspec_le_0.075",9,0.320591500713462,0.808627548240819,0.488036047527356,TRUE
18,"broad",NA,NA,0.1,0.169108978163276,0.0865515263156267,48,19269.7334927075,0.429,0.999999159338953,0.770287791358204,0.304342067942596,"conservative_tau_omega_ge_0.10",9,0.304342067942596,0.770287791358204,0.465945723415608,TRUE
18,"broad",NA,NA,0.1,0.169108978163276,0.0865515263156267,48,19269.7334927075,0.429,0.999999159338953,0.770287791358204,0.304342067942596,"point_tau_omega_0.20",1,0.304342067942596,0.304342067942596,0,FALSE
18,"broad",NA,NA,0.2,0.169108978163276,0.0865515263156267,48,19269.7334927075,0.9454,1,0.999704364740072,0.824590107976567,"full_5x5_grid",25,0.824590107976567,1,0.175409892023433,TRUE
18,"broad",NA,NA,0.2,0.169108978163276,0.0865515263156267,48,19269.7334927075,0.9454,1,0.999704364740072,0.824590107976567,"exclude_tau_omega_zero",24,0.824590107976567,1,0.175409892023433,TRUE
18,"broad",NA,NA,0.2,0.169108978163276,0.0865515263156267,48,19269.7334927075,0.9454,1,0.999704364740072,0.824590107976567,"neighborhood_abs_misspec_le_0.075",9,0.847332754681301,0.999892747476988,0.152559992795687,TRUE
18,"broad",NA,NA,0.2,0.169108978163276,0.0865515263156267,48,19269.7334927075,0.9454,1,0.999704364740072,0.824590107976567,"conservative_tau_omega_ge_0.10",9,0.824590107976567,0.999704364740072,0.175114256763505,TRUE
18,"broad",NA,NA,0.2,0.169108978163276,0.0865515263156267,48,19269.7334927075,0.9454,1,0.999704364740072,0.824590107976567,"point_tau_omega_0.20",1,0.824590107976567,0.824590107976567,0,FALSE
19,"broad",NA,NA,0.05,0.202640794189123,0.231093502585834,48,42186.4925462584,0.074,0.994935287727202,0.170151586577824,0.080409064907868,"full_5x5_grid",25,0.080409064907868,0.994935287727202,0.914526222819334,FALSE
19,"broad",NA,NA,0.05,0.202640794189123,0.231093502585834,48,42186.4925462584,0.074,0.994935287727202,0.170151586577824,0.080409064907868,"exclude_tau_omega_zero",24,0.080409064907868,0.95941113778,0.879002072872132,FALSE
19,"broad",NA,NA,0.05,0.202640794189123,0.231093502585834,48,42186.4925462584,0.074,0.994935287727202,0.170151586577824,0.080409064907868,"neighborhood_abs_misspec_le_0.075",2,0.080409064907868,0.100070902599248,0.0196618376913799,FALSE
19,"broad",NA,NA,0.05,0.202640794189123,0.231093502585834,48,42186.4925462584,0.074,0.994935287727202,0.170151586577824,0.080409064907868,"conservative_tau_omega_ge_0.10",9,0.080409064907868,0.170151586577824,0.0897425216699562,FALSE
19,"broad",NA,NA,0.05,0.202640794189123,0.231093502585834,48,42186.4925462584,0.074,0.994935287727202,0.170151586577824,0.080409064907868,"point_tau_omega_0.20",1,0.080409064907868,0.080409064907868,0,FALSE
19,"broad",NA,NA,0.1,0.202640794189123,0.231093502585834,48,42186.4925462584,0.170834166833367,0.999999999998228,0.512396104010536,0.175042263141455,"full_5x5_grid",25,0.175042263141455,0.999999999998228,0.824957736856773,FALSE
19,"broad",NA,NA,0.1,0.202640794189123,0.231093502585834,48,42186.4925462584,0.170834166833367,0.999999999998228,0.512396104010536,0.175042263141455,"exclude_tau_omega_zero",24,0.175042263141455,0.999999953674896,0.824957690533441,FALSE
19,"broad",NA,NA,0.1,0.202640794189123,0.231093502585834,48,42186.4925462584,0.170834166833367,0.999999999998228,0.512396104010536,0.175042263141455,"neighborhood_abs_misspec_le_0.075",2,0.175042263141455,0.255815588895471,0.0807733257540159,FALSE
19,"broad",NA,NA,0.1,0.202640794189123,0.231093502585834,48,42186.4925462584,0.170834166833367,0.999999999998228,0.512396104010536,0.175042263141455,"conservative_tau_omega_ge_0.10",9,0.175042263141455,0.512396104010536,0.337353840869081,FALSE
19,"broad",NA,NA,0.1,0.202640794189123,0.231093502585834,48,42186.4925462584,0.170834166833367,0.999999999998228,0.512396104010536,0.175042263141455,"point_tau_omega_0.20",1,0.175042263141455,0.175042263141455,0,FALSE
19,"broad",NA,NA,0.2,0.202640794189123,0.231093502585834,48,42186.4925462584,0.514405762304922,1,0.976322531504244,0.527819216011484,"full_5x5_grid",25,0.527819216011484,1,0.472180783988516,FALSE
19,"broad",NA,NA,0.2,0.202640794189123,0.231093502585834,48,42186.4925462584,0.514405762304922,1,0.976322531504244,0.527819216011484,"exclude_tau_omega_zero",24,0.527819216011484,1,0.472180783988516,FALSE
19,"broad",NA,NA,0.2,0.202640794189123,0.231093502585834,48,42186.4925462584,0.514405762304922,1,0.976322531504244,0.527819216011484,"neighborhood_abs_misspec_le_0.075",2,0.527819216011484,0.734731491065206,0.206912275053722,FALSE
19,"broad",NA,NA,0.2,0.202640794189123,0.231093502585834,48,42186.4925462584,0.514405762304922,1,0.976322531504244,0.527819216011484,"conservative_tau_omega_ge_0.10",9,0.527819216011484,0.976322531504244,0.448503315492761,FALSE
19,"broad",NA,NA,0.2,0.202640794189123,0.231093502585834,48,42186.4925462584,0.514405762304922,1,0.976322531504244,0.527819216011484,"point_tau_omega_0.20",1,0.527819216011484,0.527819216011484,0,FALSE
2,"broad",NA,NA,0.05,0.134981860155822,0.126372454819968,72,12351.4844562263,0.204,0.765245719046199,0.280602174680591,0.1244724441116,"full_5x5_grid",25,0.1244724441116,0.765245719046199,0.640773274934599,TRUE
2,"broad",NA,NA,0.05,0.134981860155822,0.126372454819968,72,12351.4844562263,0.204,0.765245719046199,0.280602174680591,0.1244724441116,"exclude_tau_omega_zero",24,0.1244724441116,0.67292510723348,0.54845266312188,TRUE
2,"broad",NA,NA,0.05,0.134981860155822,0.126372454819968,72,12351.4844562263,0.204,0.765245719046199,0.280602174680591,0.1244724441116,"neighborhood_abs_misspec_le_0.075",9,0.1244724441116,0.280602174680591,0.156129730568991,TRUE
2,"broad",NA,NA,0.05,0.134981860155822,0.126372454819968,72,12351.4844562263,0.204,0.765245719046199,0.280602174680591,0.1244724441116,"conservative_tau_omega_ge_0.10",9,0.1244724441116,0.280602174680591,0.156129730568991,TRUE
2,"broad",NA,NA,0.05,0.134981860155822,0.126372454819968,72,12351.4844562263,0.204,0.765245719046199,0.280602174680591,0.1244724441116,"point_tau_omega_0.20",1,0.1244724441116,0.1244724441116,0,FALSE
2,"broad",NA,NA,0.1,0.134981860155822,0.126372454819968,72,12351.4844562263,0.6236,0.999663960259784,0.786551373916321,0.353967229285732,"full_5x5_grid",25,0.353967229285732,0.999663960259784,0.645696730974052,TRUE
2,"broad",NA,NA,0.1,0.134981860155822,0.126372454819968,72,12351.4844562263,0.6236,0.999663960259784,0.786551373916321,0.353967229285732,"exclude_tau_omega_zero",24,0.353967229285732,0.997829774425627,0.643862545139895,TRUE
2,"broad",NA,NA,0.1,0.134981860155822,0.126372454819968,72,12351.4844562263,0.6236,0.999663960259784,0.786551373916321,0.353967229285732,"neighborhood_abs_misspec_le_0.075",9,0.353967229285732,0.786551373916321,0.432584144630589,TRUE
2,"broad",NA,NA,0.1,0.134981860155822,0.126372454819968,72,12351.4844562263,0.6236,0.999663960259784,0.786551373916321,0.353967229285732,"conservative_tau_omega_ge_0.10",9,0.353967229285732,0.786551373916321,0.432584144630589,TRUE
2,"broad",NA,NA,0.1,0.134981860155822,0.126372454819968,72,12351.4844562263,0.6236,0.999663960259784,0.786551373916321,0.353967229285732,"point_tau_omega_0.20",1,0.353967229285732,0.353967229285732,0,FALSE
2,"broad",NA,NA,0.2,0.134981860155822,0.126372454819968,72,12351.4844562263,0.9934,1,0.99980414020269,0.886598257941858,"full_5x5_grid",25,0.886598257941858,1,0.113401742058142,TRUE
2,"broad",NA,NA,0.2,0.134981860155822,0.126372454819968,72,12351.4844562263,0.9934,1,0.99980414020269,0.886598257941858,"exclude_tau_omega_zero",24,0.886598257941858,0.99999999999999,0.113401742058132,TRUE
2,"broad",NA,NA,0.2,0.134981860155822,0.126372454819968,72,12351.4844562263,0.9934,1,0.99980414020269,0.886598257941858,"neighborhood_abs_misspec_le_0.075",9,0.886598257941858,0.99980414020269,0.113205882260833,TRUE
2,"broad",NA,NA,0.2,0.134981860155822,0.126372454819968,72,12351.4844562263,0.9934,1,0.99980414020269,0.886598257941858,"conservative_tau_omega_ge_0.10",9,0.886598257941858,0.99980414020269,0.113205882260833,TRUE
2,"broad",NA,NA,0.2,0.134981860155822,0.126372454819968,72,12351.4844562263,0.9934,1,0.99980414020269,0.886598257941858,"point_tau_omega_0.20",1,0.886598257941858,0.886598257941858,0,FALSE
20,"broad",NA,NA,0.05,0.180138721761643,0.0416369532622048,96,35343.9566479885,0.2256,0.992204056264524,0.398725443342112,0.163913380191155,"full_5x5_grid",25,0.163913380191155,0.992204056264524,0.828290676073368,TRUE
20,"broad",NA,NA,0.05,0.180138721761643,0.0416369532622048,96,35343.9566479885,0.2256,0.992204056264524,0.398725443342112,0.163913380191155,"exclude_tau_omega_zero",24,0.163913380191155,0.944802962460999,0.780889582269843,TRUE
20,"broad",NA,NA,0.05,0.180138721761643,0.0416369532622048,96,35343.9566479885,0.2256,0.992204056264524,0.398725443342112,0.163913380191155,"neighborhood_abs_misspec_le_0.075",6,0.18450880956589,0.282829673260272,0.0983208636943815,TRUE
20,"broad",NA,NA,0.05,0.180138721761643,0.0416369532622048,96,35343.9566479885,0.2256,0.992204056264524,0.398725443342112,0.163913380191155,"conservative_tau_omega_ge_0.10",9,0.163913380191155,0.398725443342112,0.234812063150957,TRUE
20,"broad",NA,NA,0.05,0.180138721761643,0.0416369532622048,96,35343.9566479885,0.2256,0.992204056264524,0.398725443342112,0.163913380191155,"point_tau_omega_0.20",1,0.163913380191155,0.163913380191155,0,FALSE
20,"broad",NA,NA,0.1,0.180138721761643,0.0416369532622048,96,35343.9566479885,0.6816,0.999999999992191,0.925858104929193,0.495782190885857,"full_5x5_grid",25,0.495782190885857,0.999999999992191,0.504217809106334,TRUE
20,"broad",NA,NA,0.1,0.180138721761643,0.0416369532622048,96,35343.9566479885,0.6816,0.999999999992191,0.925858104929193,0.495782190885857,"exclude_tau_omega_zero",24,0.495782190885857,0.999999862591839,0.504217671705982,TRUE
20,"broad",NA,NA,0.1,0.180138721761643,0.0416369532622048,96,35343.9566479885,0.6816,0.999999999992191,0.925858104929193,0.495782190885857,"neighborhood_abs_misspec_le_0.075",6,0.561066757218742,0.790569680111072,0.22950292289233,TRUE
20,"broad",NA,NA,0.1,0.180138721761643,0.0416369532622048,96,35343.9566479885,0.6816,0.999999999992191,0.925858104929193,0.495782190885857,"conservative_tau_omega_ge_0.10",9,0.495782190885857,0.925858104929193,0.430075914043336,TRUE
20,"broad",NA,NA,0.1,0.180138721761643,0.0416369532622048,96,35343.9566479885,0.6816,0.999999999992191,0.925858104929193,0.495782190885857,"point_tau_omega_0.20",1,0.495782190885857,0.495782190885857,0,FALSE
20,"broad",NA,NA,0.2,0.180138721761643,0.0416369532622048,96,35343.9566479885,0.9988,1,0.999999381413092,0.973699564836939,"full_5x5_grid",25,0.973699564836939,1,0.0263004351630614,TRUE
20,"broad",NA,NA,0.2,0.180138721761643,0.0416369532622048,96,35343.9566479885,0.9988,1,0.999999381413092,0.973699564836939,"exclude_tau_omega_zero",24,0.973699564836939,1,0.0263004351630614,TRUE
20,"broad",NA,NA,0.2,0.180138721761643,0.0416369532622048,96,35343.9566479885,0.9988,1,0.999999381413092,0.973699564836939,"neighborhood_abs_misspec_le_0.075",6,0.988296770539233,0.999825475066155,0.0115287045269215,TRUE
20,"broad",NA,NA,0.2,0.180138721761643,0.0416369532622048,96,35343.9566479885,0.9988,1,0.999999381413092,0.973699564836939,"conservative_tau_omega_ge_0.10",9,0.973699564836939,0.999999381413092,0.0262998165761531,TRUE
20,"broad",NA,NA,0.2,0.180138721761643,0.0416369532622048,96,35343.9566479885,0.9988,1,0.999999381413092,0.973699564836939,"point_tau_omega_0.20",1,0.973699564836939,0.973699564836939,0,FALSE
21,"broad",NA,NA,0.05,0.208763946753286,0.165091698135424,48,14309.9335215293,0.074,0.67759178295887,0.133764948632307,0.0754855297510095,"full_5x5_grid",25,0.0754855297510095,0.67759178295887,0.60210625320786,FALSE
21,"broad",NA,NA,0.05,0.208763946753286,0.165091698135424,48,14309.9335215293,0.074,0.67759178295887,0.133764948632307,0.0754855297510095,"exclude_tau_omega_zero",24,0.0754855297510095,0.459847953371365,0.384362423620356,FALSE
21,"broad",NA,NA,0.05,0.208763946753286,0.165091698135424,48,14309.9335215293,0.074,0.67759178295887,0.133764948632307,0.0754855297510095,"neighborhood_abs_misspec_le_0.075",6,0.0754855297510095,0.0993130568825428,0.0238275271315332,FALSE
21,"broad",NA,NA,0.05,0.208763946753286,0.165091698135424,48,14309.9335215293,0.074,0.67759178295887,0.133764948632307,0.0754855297510095,"conservative_tau_omega_ge_0.10",9,0.0754855297510095,0.133764948632307,0.0582794188812972,FALSE
21,"broad",NA,NA,0.05,0.208763946753286,0.165091698135424,48,14309.9335215293,0.074,0.67759178295887,0.133764948632307,0.0754855297510095,"point_tau_omega_0.20",1,0.0754855297510095,0.0754855297510095,0,FALSE
21,"broad",NA,NA,0.1,0.208763946753286,0.165091698135424,48,14309.9335215293,0.1498,0.996944455664705,0.386878793249465,0.154700640659389,"full_5x5_grid",25,0.154700640659389,0.996944455664705,0.842243815005316,FALSE
21,"broad",NA,NA,0.1,0.208763946753286,0.165091698135424,48,14309.9335215293,0.1498,0.996944455664705,0.386878793249465,0.154700640659389,"exclude_tau_omega_zero",24,0.154700640659389,0.953590786832837,0.798890146173447,FALSE
21,"broad",NA,NA,0.1,0.208763946753286,0.165091698135424,48,14309.9335215293,0.1498,0.996944455664705,0.386878793249465,0.154700640659389,"neighborhood_abs_misspec_le_0.075",6,0.154700640659389,0.252947844957566,0.0982472042981765,FALSE
21,"broad",NA,NA,0.1,0.208763946753286,0.165091698135424,48,14309.9335215293,0.1498,0.996944455664705,0.386878793249465,0.154700640659389,"conservative_tau_omega_ge_0.10",9,0.154700640659389,0.386878793249465,0.232178152590076,FALSE
21,"broad",NA,NA,0.1,0.208763946753286,0.165091698135424,48,14309.9335215293,0.1498,0.996944455664705,0.386878793249465,0.154700640659389,"point_tau_omega_0.20",1,0.154700640659389,0.154700640659389,0,FALSE
21,"broad",NA,NA,0.2,0.208763946753286,0.165091698135424,48,14309.9335215293,0.450090018003601,0.999999999999208,0.912710270550148,0.462100369879969,"full_5x5_grid",25,0.462100369879969,0.999999999999208,0.537899630119239,FALSE
21,"broad",NA,NA,0.2,0.208763946753286,0.165091698135424,48,14309.9335215293,0.450090018003601,0.999999999999208,0.912710270550148,0.462100369879969,"exclude_tau_omega_zero",24,0.462100369879969,0.999999811049193,0.537899441169224,FALSE
21,"broad",NA,NA,0.2,0.208763946753286,0.165091698135424,48,14309.9335215293,0.450090018003601,0.999999999999208,0.912710270550148,0.462100369879969,"neighborhood_abs_misspec_le_0.075",6,0.462100369879969,0.729835536813244,0.267735166933275,FALSE
21,"broad",NA,NA,0.2,0.208763946753286,0.165091698135424,48,14309.9335215293,0.450090018003601,0.999999999999208,0.912710270550148,0.462100369879969,"conservative_tau_omega_ge_0.10",9,0.462100369879969,0.912710270550148,0.450609900670179,FALSE
21,"broad",NA,NA,0.2,0.208763946753286,0.165091698135424,48,14309.9335215293,0.450090018003601,0.999999999999208,0.912710270550148,0.462100369879969,"point_tau_omega_0.20",1,0.462100369879969,0.462100369879969,0,FALSE
22,"broad",NA,NA,0.05,0.127148411708593,0.197819388696109,24,6952.38610106147,0.0864172834566913,0.480385341873433,0.130598041494357,0.0729417486758386,"full_5x5_grid",25,0.0729417486758386,0.480385341873433,0.407443593197594,TRUE
22,"broad",NA,NA,0.05,0.127148411708593,0.197819388696109,24,6952.38610106147,0.0864172834566913,0.480385341873433,0.130598041494357,0.0729417486758386,"exclude_tau_omega_zero",24,0.0729417486758386,0.407300723915325,0.334358975239486,TRUE
22,"broad",NA,NA,0.05,0.127148411708593,0.197819388696109,24,6952.38610106147,0.0864172834566913,0.480385341873433,0.130598041494357,0.0729417486758386,"neighborhood_abs_misspec_le_0.075",6,0.0729417486758386,0.117185402899837,0.0442436542239988,TRUE
22,"broad",NA,NA,0.05,0.127148411708593,0.197819388696109,24,6952.38610106147,0.0864172834566913,0.480385341873433,0.130598041494357,0.0729417486758386,"conservative_tau_omega_ge_0.10",9,0.0729417486758386,0.130598041494357,0.0576562928185185,TRUE
22,"broad",NA,NA,0.05,0.127148411708593,0.197819388696109,24,6952.38610106147,0.0864172834566913,0.480385341873433,0.130598041494357,0.0729417486758386,"point_tau_omega_0.20",1,0.0729417486758386,0.0729417486758386,0,FALSE
22,"broad",NA,NA,0.1,0.127148411708593,0.197819388696109,24,6952.38610106147,0.209883953581433,0.967337114260031,0.376106152111285,0.144183017004362,"full_5x5_grid",25,0.144183017004362,0.967337114260031,0.823154097255669,TRUE
22,"broad",NA,NA,0.1,0.127148411708593,0.197819388696109,24,6952.38610106147,0.209883953581433,0.967337114260031,0.376106152111285,0.144183017004362,"exclude_tau_omega_zero",24,0.144183017004362,0.929889335513117,0.785706318508756,TRUE
22,"broad",NA,NA,0.1,0.127148411708593,0.197819388696109,24,6952.38610106147,0.209883953581433,0.967337114260031,0.376106152111285,0.144183017004362,"neighborhood_abs_misspec_le_0.075",6,0.144183017004362,0.324625800485535,0.180442783481173,TRUE
22,"broad",NA,NA,0.1,0.127148411708593,0.197819388696109,24,6952.38610106147,0.209883953581433,0.967337114260031,0.376106152111285,0.144183017004362,"conservative_tau_omega_ge_0.10",9,0.144183017004362,0.376106152111285,0.231923135106923,TRUE
22,"broad",NA,NA,0.1,0.127148411708593,0.197819388696109,24,6952.38610106147,0.209883953581433,0.967337114260031,0.376106152111285,0.144183017004362,"point_tau_omega_0.20",1,0.144183017004362,0.144183017004362,0,FALSE
22,"broad",NA,NA,0.2,0.127148411708593,0.197819388696109,24,6952.38610106147,0.653930786157231,0.999999987820237,0.905407943825514,0.425891634517258,"full_5x5_grid",25,0.425891634517258,0.999999987820237,0.574108353302979,TRUE
22,"broad",NA,NA,0.2,0.127148411708593,0.197819388696109,24,6952.38610106147,0.653930786157231,0.999999987820237,0.905407943825514,0.425891634517258,"exclude_tau_omega_zero",24,0.425891634517258,0.999999387910624,0.574107753393366,TRUE
22,"broad",NA,NA,0.2,0.127148411708593,0.197819388696109,24,6952.38610106147,0.653930786157231,0.999999987820237,0.905407943825514,0.425891634517258,"neighborhood_abs_misspec_le_0.075",6,0.425891634517258,0.849868310368299,0.423976675851041,TRUE
22,"broad",NA,NA,0.2,0.127148411708593,0.197819388696109,24,6952.38610106147,0.653930786157231,0.999999987820237,0.905407943825514,0.425891634517258,"conservative_tau_omega_ge_0.10",9,0.425891634517258,0.905407943825514,0.479516309308256,TRUE
22,"broad",NA,NA,0.2,0.127148411708593,0.197819388696109,24,6952.38610106147,0.653930786157231,0.999999987820237,0.905407943825514,0.425891634517258,"point_tau_omega_0.20",1,0.425891634517258,0.425891634517258,0,FALSE
23,"broad",NA,NA,0.05,0.2057130501215,0.240227726177021,48,4337.8084525103,0.0484,0.25235620908469,0.0896645251909156,0.0615935907453063,"full_5x5_grid",25,0.0615935907453063,0.25235620908469,0.190762618339384,FALSE
23,"broad",NA,NA,0.05,0.2057130501215,0.240227726177021,48,4337.8084525103,0.0484,0.25235620908469,0.0896645251909156,0.0615935907453063,"exclude_tau_omega_zero",24,0.0615935907453063,0.190188765090774,0.128595174345468,FALSE
23,"broad",NA,NA,0.05,0.2057130501215,0.240227726177021,48,4337.8084525103,0.0484,0.25235620908469,0.0896645251909156,0.0615935907453063,"neighborhood_abs_misspec_le_0.075",2,0.0615935907453063,0.0651599657041265,0.00356637495882017,FALSE
23,"broad",NA,NA,0.05,0.2057130501215,0.240227726177021,48,4337.8084525103,0.0484,0.25235620908469,0.0896645251909156,0.0615935907453063,"conservative_tau_omega_ge_0.10",9,0.0615935907453063,0.0896645251909156,0.0280709344456093,FALSE
23,"broad",NA,NA,0.05,0.2057130501215,0.240227726177021,48,4337.8084525103,0.0484,0.25235620908469,0.0896645251909156,0.0615935907453063,"point_tau_omega_0.20",1,0.0615935907453063,0.0615935907453063,0,FALSE
23,"broad",NA,NA,0.1,0.2057130501215,0.240227726177021,48,4337.8084525103,0.0794,0.710834099909429,0.211387226425494,0.0968996166114899,"full_5x5_grid",25,0.0968996166114899,0.710834099909429,0.613934483297939,FALSE
23,"broad",NA,NA,0.1,0.2057130501215,0.240227726177021,48,4337.8084525103,0.0794,0.710834099909429,0.211387226425494,0.0968996166114899,"exclude_tau_omega_zero",24,0.0968996166114899,0.560121213879238,0.463221597267748,FALSE
23,"broad",NA,NA,0.1,0.2057130501215,0.240227726177021,48,4337.8084525103,0.0794,0.710834099909429,0.211387226425494,0.0968996166114899,"neighborhood_abs_misspec_le_0.075",2,0.0968996166114899,0.111432366355771,0.0145327497442808,FALSE
23,"broad",NA,NA,0.1,0.2057130501215,0.240227726177021,48,4337.8084525103,0.0794,0.710834099909429,0.211387226425494,0.0968996166114899,"conservative_tau_omega_ge_0.10",9,0.0968996166114899,0.211387226425494,0.114487609814004,FALSE
23,"broad",NA,NA,0.1,0.2057130501215,0.240227726177021,48,4337.8084525103,0.0794,0.710834099909429,0.211387226425494,0.0968996166114899,"point_tau_omega_0.20",1,0.0968996166114899,0.0968996166114899,0,FALSE
23,"broad",NA,NA,0.2,0.2057130501215,0.240227726177021,48,4337.8084525103,0.203,0.997844189333065,0.620352141091616,0.240432637203165,"full_5x5_grid",25,0.240432637203165,0.997844189333065,0.7574115521299,FALSE
23,"broad",NA,NA,0.2,0.2057130501215,0.240227726177021,48,4337.8084525103,0.203,0.997844189333065,0.620352141091616,0.240432637203165,"exclude_tau_omega_zero",24,0.240432637203165,0.98220105935991,0.741768422156745,FALSE
23,"broad",NA,NA,0.2,0.2057130501215,0.240227726177021,48,4337.8084525103,0.203,0.997844189333065,0.620352141091616,0.240432637203165,"neighborhood_abs_misspec_le_0.075",2,0.240432637203165,0.297078713571144,0.0566460763679792,FALSE
23,"broad",NA,NA,0.2,0.2057130501215,0.240227726177021,48,4337.8084525103,0.203,0.997844189333065,0.620352141091616,0.240432637203165,"conservative_tau_omega_ge_0.10",9,0.240432637203165,0.620352141091616,0.379919503888451,FALSE
23,"broad",NA,NA,0.2,0.2057130501215,0.240227726177021,48,4337.8084525103,0.203,0.997844189333065,0.620352141091616,0.240432637203165,"point_tau_omega_0.20",1,0.240432637203165,0.240432637203165,0,FALSE
24,"broad",NA,NA,0.05,0.139510252764914,0.0755782889822149,60,1036.60236224059,0.088,0.110297414274676,0.0930743103640637,0.0733902623590894,"full_5x5_grid",25,0.0733902623590894,0.110297414274676,0.0369071519155867,TRUE
24,"broad",NA,NA,0.05,0.139510252764914,0.0755782889822149,60,1036.60236224059,0.088,0.110297414274676,0.0930743103640637,0.0733902623590894,"exclude_tau_omega_zero",24,0.0733902623590894,0.109267579951909,0.0358773175928195,TRUE
24,"broad",NA,NA,0.05,0.139510252764914,0.0755782889822149,60,1036.60236224059,0.088,0.110297414274676,0.0930743103640637,0.0733902623590894,"neighborhood_abs_misspec_le_0.075",9,0.0744490550332109,0.0946233693341262,0.0201743143009153,TRUE
24,"broad",NA,NA,0.05,0.139510252764914,0.0755782889822149,60,1036.60236224059,0.088,0.110297414274676,0.0930743103640637,0.0733902623590894,"conservative_tau_omega_ge_0.10",9,0.0733902623590894,0.0930743103640637,0.0196840480049743,TRUE
24,"broad",NA,NA,0.05,0.139510252764914,0.0755782889822149,60,1036.60236224059,0.088,0.110297414274676,0.0930743103640637,0.0733902623590894,"point_tau_omega_0.20",1,0.0733902623590894,0.0733902623590894,0,FALSE
24,"broad",NA,NA,0.1,0.139510252764914,0.0755782889822149,60,1036.60236224059,0.1734,0.296769462836829,0.227472454729895,0.146007752965495,"full_5x5_grid",25,0.146007752965495,0.296769462836829,0.150761709871333,TRUE
24,"broad",NA,NA,0.1,0.139510252764914,0.0755782889822149,60,1036.60236224059,0.1734,0.296769462836829,0.227472454729895,0.146007752965495,"exclude_tau_omega_zero",24,0.146007752965495,0.292712082423329,0.146704329457834,TRUE
24,"broad",NA,NA,0.1,0.139510252764914,0.0755782889822149,60,1036.60236224059,0.1734,0.296769462836829,0.227472454729895,0.146007752965495,"neighborhood_abs_misspec_le_0.075",9,0.150412440585796,0.233813840549086,0.0834013999632899,TRUE
24,"broad",NA,NA,0.1,0.139510252764914,0.0755782889822149,60,1036.60236224059,0.1734,0.296769462836829,0.227472454729895,0.146007752965495,"conservative_tau_omega_ge_0.10",9,0.146007752965495,0.227472454729895,0.0814647017643992,TRUE
24,"broad",NA,NA,0.1,0.139510252764914,0.0755782889822149,60,1036.60236224059,0.1734,0.296769462836829,0.227472454729895,0.146007752965495,"point_tau_omega_0.20",1,0.146007752965495,0.146007752965495,0,FALSE
24,"broad",NA,NA,0.2,0.139510252764914,0.0755782889822149,60,1036.60236224059,0.499,0.807859898239649,0.673162858959624,0.431996639041587,"full_5x5_grid",25,0.431996639041587,0.807859898239649,0.375863259198061,TRUE
24,"broad",NA,NA,0.2,0.139510252764914,0.0755782889822149,60,1036.60236224059,0.499,0.807859898239649,0.673162858959624,0.431996639041587,"exclude_tau_omega_zero",24,0.431996639041587,0.801525761603801,0.369529122562214,TRUE
24,"broad",NA,NA,0.2,0.139510252764914,0.0755782889822149,60,1036.60236224059,0.499,0.807859898239649,0.673162858959624,0.431996639041587,"neighborhood_abs_misspec_le_0.075",9,0.447490943163061,0.688020240212351,0.240529297049289,TRUE
24,"broad",NA,NA,0.2,0.139510252764914,0.0755782889822149,60,1036.60236224059,0.499,0.807859898239649,0.673162858959624,0.431996639041587,"conservative_tau_omega_ge_0.10",9,0.431996639041587,0.673162858959624,0.241166219918037,TRUE
24,"broad",NA,NA,0.2,0.139510252764914,0.0755782889822149,60,1036.60236224059,0.499,0.807859898239649,0.673162858959624,0.431996639041587,"point_tau_omega_0.20",1,0.431996639041587,0.431996639041587,0,FALSE
25,"broad",NA,NA,0.05,0.143420414433,0.133204529132927,72,15108.441117069,0.1066,0.745680812582618,0.160634122684538,0.0813703944725087,"full_5x5_grid",25,0.0813703944725087,0.745680812582618,0.66431041811011,TRUE
25,"broad",NA,NA,0.05,0.143420414433,0.133204529132927,72,15108.441117069,0.1066,0.745680812582618,0.160634122684538,0.0813703944725087,"exclude_tau_omega_zero",24,0.0813703944725087,0.562799468359858,0.481429073887349,TRUE
25,"broad",NA,NA,0.05,0.143420414433,0.133204529132927,72,15108.441117069,0.1066,0.745680812582618,0.160634122684538,0.0813703944725087,"neighborhood_abs_misspec_le_0.075",9,0.0813703944725087,0.160634122684538,0.0792637282120291,TRUE
25,"broad",NA,NA,0.05,0.143420414433,0.133204529132927,72,15108.441117069,0.1066,0.745680812582618,0.160634122684538,0.0813703944725087,"conservative_tau_omega_ge_0.10",9,0.0813703944725087,0.160634122684538,0.0792637282120291,TRUE
25,"broad",NA,NA,0.05,0.143420414433,0.133204529132927,72,15108.441117069,0.1066,0.745680812582618,0.160634122684538,0.0813703944725087,"point_tau_omega_0.20",1,0.0813703944725087,0.0813703944725087,0,FALSE
25,"broad",NA,NA,0.1,0.143420414433,0.133204529132927,72,15108.441117069,0.2968,0.999274614699738,0.482378836467331,0.179237019112747,"full_5x5_grid",25,0.179237019112747,0.999274614699738,0.820037595586991,TRUE
25,"broad",NA,NA,0.1,0.143420414433,0.133204529132927,72,15108.441117069,0.2968,0.999274614699738,0.482378836467331,0.179237019112747,"exclude_tau_omega_zero",24,0.179237019112747,0.986163972930709,0.806926953817961,TRUE
25,"broad",NA,NA,0.1,0.143420414433,0.133204529132927,72,15108.441117069,0.2968,0.999274614699738,0.482378836467331,0.179237019112747,"neighborhood_abs_misspec_le_0.075",9,0.179237019112747,0.482378836467331,0.303141817354584,TRUE
25,"broad",NA,NA,0.1,0.143420414433,0.133204529132927,72,15108.441117069,0.2968,0.999274614699738,0.482378836467331,0.179237019112747,"conservative_tau_omega_ge_0.10",9,0.179237019112747,0.482378836467331,0.303141817354584,TRUE
25,"broad",NA,NA,0.1,0.143420414433,0.133204529132927,72,15108.441117069,0.2968,0.999274614699738,0.482378836467331,0.179237019112747,"point_tau_omega_0.20",1,0.179237019112747,0.179237019112747,0,FALSE
25,"broad",NA,NA,0.2,0.143420414433,0.133204529132927,72,15108.441117069,0.822,1,0.967548973469442,0.542421743646044,"full_5x5_grid",25,0.542421743646044,1,0.457578256353956,TRUE
25,"broad",NA,NA,0.2,0.143420414433,0.133204529132927,72,15108.441117069,0.822,1,0.967548973469442,0.542421743646044,"exclude_tau_omega_zero",24,0.542421743646044,0.999999999563335,0.457578255917291,TRUE
25,"broad",NA,NA,0.2,0.143420414433,0.133204529132927,72,15108.441117069,0.822,1,0.967548973469442,0.542421743646044,"neighborhood_abs_misspec_le_0.075",9,0.542421743646044,0.967548973469442,0.425127229823398,TRUE
25,"broad",NA,NA,0.2,0.143420414433,0.133204529132927,72,15108.441117069,0.822,1,0.967548973469442,0.542421743646044,"conservative_tau_omega_ge_0.10",9,0.542421743646044,0.967548973469442,0.425127229823398,TRUE
25,"broad",NA,NA,0.2,0.143420414433,0.133204529132927,72,15108.441117069,0.822,1,0.967548973469442,0.542421743646044,"point_tau_omega_0.20",1,0.542421743646044,0.542421743646044,0,FALSE
26,"broad",NA,NA,0.05,0.0513763091981527,0.0382065360797569,96,82895.3470845484,0.8976,0.999999818907051,0.427714135835728,0.153660582754717,"full_5x5_grid",25,0.153660582754717,0.999999818907051,0.846339236152335,TRUE
26,"broad",NA,NA,0.05,0.0513763091981527,0.0382065360797569,96,82895.3470845484,0.8976,0.999999818907051,0.427714135835728,0.153660582754717,"exclude_tau_omega_zero",24,0.153660582754717,0.998964252627368,0.845303669872651,TRUE
26,"broad",NA,NA,0.05,0.0513763091981527,0.0382065360797569,96,82895.3470845484,0.8976,0.999999818907051,0.427714135835728,0.153660582754717,"neighborhood_abs_misspec_le_0.075",9,0.427714135835728,0.999999818907051,0.572285683071323,TRUE
26,"broad",NA,NA,0.05,0.0513763091981527,0.0382065360797569,96,82895.3470845484,0.8976,0.999999818907051,0.427714135835728,0.153660582754717,"conservative_tau_omega_ge_0.10",9,0.153660582754717,0.427714135835728,0.274053553081011,FALSE
26,"broad",NA,NA,0.05,0.0513763091981527,0.0382065360797569,96,82895.3470845484,0.8976,0.999999818907051,0.427714135835728,0.153660582754717,"point_tau_omega_0.20",1,0.153660582754717,0.153660582754717,0,FALSE
26,"broad",NA,NA,0.1,0.0513763091981527,0.0382065360797569,96,82895.3470845484,1,1,0.944556606854908,0.460921482458133,"full_5x5_grid",25,0.460921482458133,1,0.539078517541867,TRUE
26,"broad",NA,NA,0.1,0.0513763091981527,0.0382065360797569,96,82895.3470845484,1,1,0.944556606854908,0.460921482458133,"exclude_tau_omega_zero",24,0.460921482458133,1,0.539078517541866,TRUE
26,"broad",NA,NA,0.1,0.0513763091981527,0.0382065360797569,96,82895.3470845484,1,1,0.944556606854908,0.460921482458133,"neighborhood_abs_misspec_le_0.075",9,0.944556606854908,1,0.0554433931450921,TRUE
26,"broad",NA,NA,0.1,0.0513763091981527,0.0382065360797569,96,82895.3470845484,1,1,0.944556606854908,0.460921482458133,"conservative_tau_omega_ge_0.10",9,0.460921482458133,0.944556606854908,0.483635124396775,FALSE
26,"broad",NA,NA,0.1,0.0513763091981527,0.0382065360797569,96,82895.3470845484,1,1,0.944556606854908,0.460921482458133,"point_tau_omega_0.20",1,0.460921482458133,0.460921482458133,0,FALSE
26,"broad",NA,NA,0.2,0.0513763091981527,0.0382065360797569,96,82895.3470845484,1,1,0.999999866169896,0.960996930570047,"full_5x5_grid",25,0.960996930570047,1,0.0390030694299526,TRUE
26,"broad",NA,NA,0.2,0.0513763091981527,0.0382065360797569,96,82895.3470845484,1,1,0.999999866169896,0.960996930570047,"exclude_tau_omega_zero",24,0.960996930570047,1,0.0390030694299526,TRUE
26,"broad",NA,NA,0.2,0.0513763091981527,0.0382065360797569,96,82895.3470845484,1,1,0.999999866169896,0.960996930570047,"neighborhood_abs_misspec_le_0.075",9,0.999999866169896,1,1.33830103665744e-07,TRUE
26,"broad",NA,NA,0.2,0.0513763091981527,0.0382065360797569,96,82895.3470845484,1,1,0.999999866169896,0.960996930570047,"conservative_tau_omega_ge_0.10",9,0.960996930570047,0.999999866169896,0.0390029355998489,FALSE
26,"broad",NA,NA,0.2,0.0513763091981527,0.0382065360797569,96,82895.3470845484,1,1,0.999999866169896,0.960996930570047,"point_tau_omega_0.20",1,0.960996930570047,0.960996930570047,0,FALSE
27,"broad",NA,NA,0.05,0.165371831801138,0.243402527937957,24,10670.9282449128,0.0828,0.678845785823142,0.132385362981528,0.0723224177862674,"full_5x5_grid",25,0.0723224177862674,0.678845785823142,0.606523368036875,TRUE
27,"broad",NA,NA,0.05,0.165371831801138,0.243402527937957,24,10670.9282449128,0.0828,0.678845785823142,0.132385362981528,0.0723224177862674,"exclude_tau_omega_zero",24,0.0723224177862674,0.478748157504956,0.406425739718688,TRUE
27,"broad",NA,NA,0.05,0.165371831801138,0.243402527937957,24,10670.9282449128,0.0828,0.678845785823142,0.132385362981528,0.0723224177862674,"neighborhood_abs_misspec_le_0.075",3,0.0723224177862674,0.0952127120593678,0.0228902942731004,TRUE
27,"broad",NA,NA,0.05,0.165371831801138,0.243402527937957,24,10670.9282449128,0.0828,0.678845785823142,0.132385362981528,0.0723224177862674,"conservative_tau_omega_ge_0.10",9,0.0723224177862674,0.132385362981528,0.0600629451952611,TRUE
27,"broad",NA,NA,0.05,0.165371831801138,0.243402527937957,24,10670.9282449128,0.0828,0.678845785823142,0.132385362981528,0.0723224177862674,"point_tau_omega_0.20",1,0.0723224177862674,0.0723224177862674,0,FALSE
27,"broad",NA,NA,0.1,0.165371831801138,0.243402527937957,24,10670.9282449128,0.154692815689414,0.997971018744073,0.383555061463005,0.14169886059512,"full_5x5_grid",25,0.14169886059512,0.997971018744073,0.856272158148954,TRUE
27,"broad",NA,NA,0.1,0.165371831801138,0.243402527937957,24,10670.9282449128,0.154692815689414,0.997971018744073,0.383555061463005,0.14169886059512,"exclude_tau_omega_zero",24,0.14169886059512,0.967294797294897,0.825595936699777,TRUE
27,"broad",NA,NA,0.1,0.165371831801138,0.243402527937957,24,10670.9282449128,0.154692815689414,0.997971018744073,0.383555061463005,0.14169886059512,"neighborhood_abs_misspec_le_0.075",3,0.14169886059512,0.236737920632467,0.0950390600373472,TRUE
27,"broad",NA,NA,0.1,0.165371831801138,0.243402527937957,24,10670.9282449128,0.154692815689414,0.997971018744073,0.383555061463005,0.14169886059512,"conservative_tau_omega_ge_0.10",9,0.14169886059512,0.383555061463005,0.241856200867885,TRUE
27,"broad",NA,NA,0.1,0.165371831801138,0.243402527937957,24,10670.9282449128,0.154692815689414,0.997971018744073,0.383555061463005,0.14169886059512,"point_tau_omega_0.20",1,0.14169886059512,0.14169886059512,0,FALSE
27,"broad",NA,NA,0.2,0.165371831801138,0.243402527937957,24,10670.9282449128,0.442577030812325,0.99999999999999,0.913130565644191,0.417875113616829,"full_5x5_grid",25,0.417875113616829,0.99999999999999,0.582124886383161,TRUE
27,"broad",NA,NA,0.2,0.165371831801138,0.243402527937957,24,10670.9282449128,0.442577030812325,0.99999999999999,0.913130565644191,0.417875113616829,"exclude_tau_omega_zero",24,0.417875113616829,0.99999998952583,0.582124875909001,TRUE
27,"broad",NA,NA,0.2,0.165371831801138,0.243402527937957,24,10670.9282449128,0.442577030812325,0.99999999999999,0.913130565644191,0.417875113616829,"neighborhood_abs_misspec_le_0.075",3,0.417875113616829,0.697438558708522,0.279563445091693,TRUE
27,"broad",NA,NA,0.2,0.165371831801138,0.243402527937957,24,10670.9282449128,0.442577030812325,0.99999999999999,0.913130565644191,0.417875113616829,"conservative_tau_omega_ge_0.10",9,0.417875113616829,0.913130565644191,0.495255452027361,TRUE
27,"broad",NA,NA,0.2,0.165371831801138,0.243402527937957,24,10670.9282449128,0.442577030812325,0.99999999999999,0.913130565644191,0.417875113616829,"point_tau_omega_0.20",1,0.417875113616829,0.417875113616829,0,FALSE
28,"broad",NA,NA,0.05,0.0623919555732282,0.169978652334248,36,8915.7276468581,0.0820164032806561,0.173937236094235,0.086587920604741,0.0616754761823675,"full_5x5_grid",25,0.0616754761823675,0.176937725628668,0.115262249446301,TRUE
28,"broad",NA,NA,0.05,0.0623919555732282,0.169978652334248,36,8915.7276468581,0.0820164032806561,0.173937236094235,0.086587920604741,0.0616754761823675,"exclude_tau_omega_zero",24,0.0616754761823675,0.176937725628668,0.115262249446301,TRUE
28,"broad",NA,NA,0.05,0.0623919555732282,0.169978652334248,36,8915.7276468581,0.0820164032806561,0.173937236094235,0.086587920604741,0.0616754761823675,"neighborhood_abs_misspec_le_0.075",9,0.07741494343662,0.150554604735321,0.0731396612987011,TRUE
28,"broad",NA,NA,0.05,0.0623919555732282,0.169978652334248,36,8915.7276468581,0.0820164032806561,0.173937236094235,0.086587920604741,0.0616754761823675,"conservative_tau_omega_ge_0.10",9,0.0616754761823675,0.086587920604741,0.0249124444223735,TRUE
28,"broad",NA,NA,0.05,0.0623919555732282,0.169978652334248,36,8915.7276468581,0.0820164032806561,0.173937236094235,0.086587920604741,0.0616754761823675,"point_tau_omega_0.20",1,0.0616754761823675,0.0616754761823675,0,FALSE
28,"broad",NA,NA,0.1,0.0623919555732282,0.169978652334248,36,8915.7276468581,0.2288,0.374214182539974,0.196679092270179,0.09705098499902,"full_5x5_grid",25,0.09705098499902,0.433034507905973,0.335983522906953,TRUE
28,"broad",NA,NA,0.1,0.0623919555732282,0.169978652334248,36,8915.7276468581,0.2288,0.374214182539974,0.196679092270179,0.09705098499902,"exclude_tau_omega_zero",24,0.09705098499902,0.433034507905973,0.335983522906953,TRUE
28,"broad",NA,NA,0.1,0.0623919555732282,0.169978652334248,36,8915.7276468581,0.2288,0.374214182539974,0.196679092270179,0.09705098499902,"neighborhood_abs_misspec_le_0.075",9,0.160365596682199,0.402364321359739,0.241998724677539,TRUE
28,"broad",NA,NA,0.1,0.0623919555732282,0.169978652334248,36,8915.7276468581,0.2288,0.374214182539974,0.196679092270179,0.09705098499902,"conservative_tau_omega_ge_0.10",9,0.09705098499902,0.196679092270179,0.0996281072711594,FALSE
28,"broad",NA,NA,0.1,0.0623919555732282,0.169978652334248,36,8915.7276468581,0.2288,0.374214182539974,0.196679092270179,0.09705098499902,"point_tau_omega_0.20",1,0.09705098499902,0.09705098499902,0,FALSE
28,"broad",NA,NA,0.2,0.0623919555732282,0.169978652334248,36,8915.7276468581,0.658595157094257,0.716522337016852,0.566608200666193,0.238814399544978,"full_5x5_grid",25,0.238814399544978,0.864648373602972,0.625833974057994,TRUE
28,"broad",NA,NA,0.2,0.0623919555732282,0.169978652334248,36,8915.7276468581,0.658595157094257,0.716522337016852,0.566608200666193,0.238814399544978,"exclude_tau_omega_zero",24,0.238814399544978,0.864648373602972,0.625833974057994,TRUE
28,"broad",NA,NA,0.2,0.0623919555732282,0.169978652334248,36,8915.7276468581,0.658595157094257,0.716522337016852,0.566608200666193,0.238814399544978,"neighborhood_abs_misspec_le_0.075",9,0.461869132763072,0.864648373602972,0.4027792408399,TRUE
28,"broad",NA,NA,0.2,0.0623919555732282,0.169978652334248,36,8915.7276468581,0.658595157094257,0.716522337016852,0.566608200666193,0.238814399544978,"conservative_tau_omega_ge_0.10",9,0.238814399544978,0.566608200666193,0.327793801121215,FALSE
28,"broad",NA,NA,0.2,0.0623919555732282,0.169978652334248,36,8915.7276468581,0.658595157094257,0.716522337016852,0.566608200666193,0.238814399544978,"point_tau_omega_0.20",1,0.238814399544978,0.238814399544978,0,FALSE
29,"broad",NA,NA,0.05,0.0934063568943529,0.150944627601013,96,27558.9705923249,0.305661132226445,0.97872429755811,0.356176363628689,0.143350954617655,"full_5x5_grid",25,0.143350954617655,0.97872429755811,0.835373342940455,TRUE
29,"broad",NA,NA,0.05,0.0934063568943529,0.150944627601013,96,27558.9705923249,0.305661132226445,0.97872429755811,0.356176363628689,0.143350954617655,"exclude_tau_omega_zero",24,0.143350954617655,0.912955691570446,0.769604736952791,TRUE
29,"broad",NA,NA,0.05,0.0934063568943529,0.150944627601013,96,27558.9705923249,0.305661132226445,0.97872429755811,0.356176363628689,0.143350954617655,"neighborhood_abs_misspec_le_0.075",9,0.179149532638551,0.550356359624661,0.37120682698611,TRUE
29,"broad",NA,NA,0.05,0.0934063568943529,0.150944627601013,96,27558.9705923249,0.305661132226445,0.97872429755811,0.356176363628689,0.143350954617655,"conservative_tau_omega_ge_0.10",9,0.143350954617655,0.356176363628689,0.212825409011035,TRUE
29,"broad",NA,NA,0.05,0.0934063568943529,0.150944627601013,96,27558.9705923249,0.305661132226445,0.97872429755811,0.356176363628689,0.143350954617655,"point_tau_omega_0.20",1,0.143350954617655,0.143350954617655,0,FALSE
29,"broad",NA,NA,0.1,0.0934063568943529,0.150944627601013,96,27558.9705923249,0.834,0.999999999014763,0.888964293480851,0.424483339019675,"full_5x5_grid",25,0.424483339019675,0.999999999014763,0.575516659995089,TRUE
29,"broad",NA,NA,0.1,0.0934063568943529,0.150944627601013,96,27558.9705923249,0.834,0.999999999014763,0.888964293480851,0.424483339019675,"exclude_tau_omega_zero",24,0.424483339019675,0.999998504451733,0.575515165432058,TRUE
29,"broad",NA,NA,0.1,0.0934063568943529,0.150944627601013,96,27558.9705923249,0.834,0.999999999014763,0.888964293480851,0.424483339019675,"neighborhood_abs_misspec_le_0.075",9,0.544648083124537,0.986506881897332,0.441858798772795,TRUE
29,"broad",NA,NA,0.1,0.0934063568943529,0.150944627601013,96,27558.9705923249,0.834,0.999999999014763,0.888964293480851,0.424483339019675,"conservative_tau_omega_ge_0.10",9,0.424483339019675,0.888964293480851,0.464480954461176,TRUE
29,"broad",NA,NA,0.1,0.0934063568943529,0.150944627601013,96,27558.9705923249,0.834,0.999999999014763,0.888964293480851,0.424483339019675,"point_tau_omega_0.20",1,0.424483339019675,0.424483339019675,0,FALSE
29,"broad",NA,NA,0.2,0.0934063568943529,0.150944627601013,96,27558.9705923249,1,1,0.999994588455063,0.94272951846947,"full_5x5_grid",25,0.94272951846947,1,0.0572704815305303,TRUE
29,"broad",NA,NA,0.2,0.0934063568943529,0.150944627601013,96,27558.9705923249,1,1,0.999994588455063,0.94272951846947,"exclude_tau_omega_zero",24,0.94272951846947,1,0.0572704815305303,TRUE
29,"broad",NA,NA,0.2,0.0934063568943529,0.150944627601013,96,27558.9705923249,1,1,0.999994588455063,0.94272951846947,"neighborhood_abs_misspec_le_0.075",9,0.985495774418785,0.999999999910565,0.0145042254917804,FALSE
29,"broad",NA,NA,0.2,0.0934063568943529,0.150944627601013,96,27558.9705923249,1,1,0.999994588455063,0.94272951846947,"conservative_tau_omega_ge_0.10",9,0.94272951846947,0.999994588455063,0.0572650699855929,FALSE
29,"broad",NA,NA,0.2,0.0934063568943529,0.150944627601013,96,27558.9705923249,1,1,0.999994588455063,0.94272951846947,"point_tau_omega_0.20",1,0.94272951846947,0.94272951846947,0,FALSE
3,"broad",NA,NA,0.05,0.123539096849214,0.119197474338929,60,39873.1246505416,0.2428,0.998227040704553,0.325997015112888,0.123360298370794,"full_5x5_grid",25,0.123360298370794,0.998227040704553,0.874866742333758,TRUE
3,"broad",NA,NA,0.05,0.123539096849214,0.119197474338929,60,39873.1246505416,0.2428,0.998227040704553,0.325997015112888,0.123360298370794,"exclude_tau_omega_zero",24,0.123360298370794,0.982058466913609,0.858698168542814,TRUE
3,"broad",NA,NA,0.05,0.123539096849214,0.119197474338929,60,39873.1246505416,0.2428,0.998227040704553,0.325997015112888,0.123360298370794,"neighborhood_abs_misspec_le_0.075",9,0.179390205457845,0.749579512064945,0.5701893066071,TRUE
3,"broad",NA,NA,0.05,0.123539096849214,0.119197474338929,60,39873.1246505416,0.2428,0.998227040704553,0.325997015112888,0.123360298370794,"conservative_tau_omega_ge_0.10",9,0.123360298370794,0.325997015112888,0.202636716742093,TRUE
3,"broad",NA,NA,0.05,0.123539096849214,0.119197474338929,60,39873.1246505416,0.2428,0.998227040704553,0.325997015112888,0.123360298370794,"point_tau_omega_0.20",1,0.123360298370794,0.123360298370794,0,FALSE
3,"broad",NA,NA,0.1,0.123539096849214,0.119197474338929,60,39873.1246505416,0.711,0.999999999999996,0.85440881765142,0.349668692885365,"full_5x5_grid",25,0.349668692885365,0.999999999999996,0.650331307114632,TRUE
3,"broad",NA,NA,0.1,0.123539096849214,0.119197474338929,60,39873.1246505416,0.711,0.999999999999996,0.85440881765142,0.349668692885365,"exclude_tau_omega_zero",24,0.349668692885365,0.999999999615689,0.650331306730325,TRUE
3,"broad",NA,NA,0.1,0.123539096849214,0.119197474338929,60,39873.1246505416,0.711,0.999999999999996,0.85440881765142,0.349668692885365,"neighborhood_abs_misspec_le_0.075",9,0.54527919821718,0.999522620545353,0.454243422328173,TRUE
3,"broad",NA,NA,0.1,0.123539096849214,0.119197474338929,60,39873.1246505416,0.711,0.999999999999996,0.85440881765142,0.349668692885365,"conservative_tau_omega_ge_0.10",9,0.349668692885365,0.85440881765142,0.504740124766055,TRUE
3,"broad",NA,NA,0.1,0.123539096849214,0.119197474338929,60,39873.1246505416,0.711,0.999999999999996,0.85440881765142,0.349668692885365,"point_tau_omega_0.20",1,0.349668692885365,0.349668692885365,0,FALSE
3,"broad",NA,NA,0.2,0.123539096849214,0.119197474338929,60,39873.1246505416,0.9996,1,0.999976193911055,0.882049991429929,"full_5x5_grid",25,0.882049991429929,1,0.117950008570071,TRUE
3,"broad",NA,NA,0.2,0.123539096849214,0.119197474338929,60,39873.1246505416,0.9996,1,0.999976193911055,0.882049991429929,"exclude_tau_omega_zero",24,0.882049991429929,1,0.117950008570071,TRUE
3,"broad",NA,NA,0.2,0.123539096849214,0.119197474338929,60,39873.1246505416,0.9996,1,0.999976193911055,0.882049991429929,"neighborhood_abs_misspec_le_0.075",9,0.985569114747051,1,0.0144308852529487,TRUE
3,"broad",NA,NA,0.2,0.123539096849214,0.119197474338929,60,39873.1246505416,0.9996,1,0.999976193911055,0.882049991429929,"conservative_tau_omega_ge_0.10",9,0.882049991429929,0.999976193911055,0.117926202481127,TRUE
3,"broad",NA,NA,0.2,0.123539096849214,0.119197474338929,60,39873.1246505416,0.9996,1,0.999976193911055,0.882049991429929,"point_tau_omega_0.20",1,0.882049991429929,0.882049991429929,0,FALSE
30,"broad",NA,NA,0.05,0.123074110157264,0.159079275184253,30,5599.98947272352,0.1086,0.429886160321621,0.140017730577365,0.0772194663147466,"full_5x5_grid",25,0.0772194663147466,0.429886160321621,0.352666694006874,TRUE
30,"broad",NA,NA,0.05,0.123074110157264,0.159079275184253,30,5599.98947272352,0.1086,0.429886160321621,0.140017730577365,0.0772194663147466,"exclude_tau_omega_zero",24,0.0772194663147466,0.362338019506029,0.285118553191282,TRUE
30,"broad",NA,NA,0.05,0.123074110157264,0.159079275184253,30,5599.98947272352,0.1086,0.429886160321621,0.140017730577365,0.0772194663147466,"neighborhood_abs_misspec_le_0.075",9,0.0881187264912118,0.203103027966924,0.114984301475713,TRUE
30,"broad",NA,NA,0.05,0.123074110157264,0.159079275184253,30,5599.98947272352,0.1086,0.429886160321621,0.140017730577365,0.0772194663147466,"conservative_tau_omega_ge_0.10",9,0.0772194663147466,0.140017730577365,0.0627982642626181,TRUE
30,"broad",NA,NA,0.05,0.123074110157264,0.159079275184253,30,5599.98947272352,0.1086,0.429886160321621,0.140017730577365,0.0772194663147466,"point_tau_omega_0.20",1,0.0772194663147466,0.0772194663147466,0,FALSE
30,"broad",NA,NA,0.1,0.123074110157264,0.159079275184253,30,5599.98947272352,0.2734,0.945336011147387,0.411970058744483,0.162156915106206,"full_5x5_grid",25,0.162156915106206,0.945336011147387,0.783179096041182,TRUE
30,"broad",NA,NA,0.1,0.123074110157264,0.159079275184253,30,5599.98947272352,0.2734,0.945336011147387,0.411970058744483,0.162156915106206,"exclude_tau_omega_zero",24,0.162156915106206,0.89445774910925,0.732300834003044,TRUE
30,"broad",NA,NA,0.1,0.123074110157264,0.159079275184253,30,5599.98947272352,0.2734,0.945336011147387,0.411970058744483,0.162156915106206,"neighborhood_abs_misspec_le_0.075",9,0.207568137610581,0.613977634421088,0.406409496810507,TRUE
30,"broad",NA,NA,0.1,0.123074110157264,0.159079275184253,30,5599.98947272352,0.2734,0.945336011147387,0.411970058744483,0.162156915106206,"conservative_tau_omega_ge_0.10",9,0.162156915106206,0.411970058744483,0.249813143638277,TRUE
30,"broad",NA,NA,0.1,0.123074110157264,0.159079275184253,30,5599.98947272352,0.2734,0.945336011147387,0.411970058744483,0.162156915106206,"point_tau_omega_0.20",1,0.162156915106206,0.162156915106206,0,FALSE
30,"broad",NA,NA,0.2,0.123074110157264,0.159079275184253,30,5599.98947272352,0.7794,0.999999864777209,0.934418197235268,0.489362008866878,"full_5x5_grid",25,0.489362008866878,0.999999864777209,0.510637855910332,TRUE
30,"broad",NA,NA,0.2,0.123074110157264,0.159079275184253,30,5599.98947272352,0.7794,0.999999864777209,0.934418197235268,0.489362008866878,"exclude_tau_omega_zero",24,0.489362008866878,0.999995613870113,0.510633605003236,TRUE
30,"broad",NA,NA,0.2,0.123074110157264,0.159079275184253,30,5599.98947272352,0.7794,0.999999864777209,0.934418197235268,0.489362008866878,"neighborhood_abs_misspec_le_0.075",9,0.626050782440375,0.994320949731721,0.368270167291346,TRUE
30,"broad",NA,NA,0.2,0.123074110157264,0.159079275184253,30,5599.98947272352,0.7794,0.999999864777209,0.934418197235268,0.489362008866878,"conservative_tau_omega_ge_0.10",9,0.489362008866878,0.934418197235268,0.445056188368391,TRUE
30,"broad",NA,NA,0.2,0.123074110157264,0.159079275184253,30,5599.98947272352,0.7794,0.999999864777209,0.934418197235268,0.489362008866878,"point_tau_omega_0.20",1,0.489362008866878,0.489362008866878,0,FALSE
31,"broad",NA,NA,0.05,0.155157143229502,0.0443361531299888,30,16119.0738842654,0.087,0.778082208669569,0.121498112324859,0.0701354509556807,"full_5x5_grid",25,0.0701354509556807,0.778082208669569,0.707946757713888,TRUE
31,"broad",NA,NA,0.05,0.155157143229502,0.0443361531299888,30,16119.0738842654,0.087,0.778082208669569,0.121498112324859,0.0701354509556807,"exclude_tau_omega_zero",24,0.0701354509556807,0.413963947094095,0.343828496138414,TRUE
31,"broad",NA,NA,0.05,0.155157143229502,0.0443361531299888,30,16119.0738842654,0.087,0.778082208669569,0.121498112324859,0.0701354509556807,"neighborhood_abs_misspec_le_0.075",9,0.076509600377402,0.15437443896916,0.0778648385917579,TRUE
31,"broad",NA,NA,0.05,0.155157143229502,0.0443361531299888,30,16119.0738842654,0.087,0.778082208669569,0.121498112324859,0.0701354509556807,"conservative_tau_omega_ge_0.10",9,0.0701354509556807,0.121498112324859,0.0513626613691779,TRUE
31,"broad",NA,NA,0.05,0.155157143229502,0.0443361531299888,30,16119.0738842654,0.087,0.778082208669569,0.121498112324859,0.0701354509556807,"point_tau_omega_0.20",1,0.0701354509556807,0.0701354509556807,0,FALSE
31,"broad",NA,NA,0.1,0.155157143229502,0.0443361531299888,30,16119.0738842654,0.237,0.999657245168386,0.341177794933824,0.132466773143847,"full_5x5_grid",25,0.132466773143847,0.999657245168386,0.867190472024539,TRUE
31,"broad",NA,NA,0.1,0.155157143229502,0.0443361531299888,30,16119.0738842654,0.237,0.999657245168386,0.341177794933824,0.132466773143847,"exclude_tau_omega_zero",24,0.132466773143847,0.933253485306324,0.800786712162477,TRUE
31,"broad",NA,NA,0.1,0.155157143229502,0.0443361531299888,30,16119.0738842654,0.237,0.999657245168386,0.341177794933824,0.132466773143847,"neighborhood_abs_misspec_le_0.075",9,0.158992061154486,0.461276150987628,0.302284089833142,TRUE
31,"broad",NA,NA,0.1,0.155157143229502,0.0443361531299888,30,16119.0738842654,0.237,0.999657245168386,0.341177794933824,0.132466773143847,"conservative_tau_omega_ge_0.10",9,0.132466773143847,0.341177794933824,0.208711021789977,TRUE
31,"broad",NA,NA,0.1,0.155157143229502,0.0443361531299888,30,16119.0738842654,0.237,0.999657245168386,0.341177794933824,0.132466773143847,"point_tau_omega_0.20",1,0.132466773143847,0.132466773143847,0,FALSE
31,"broad",NA,NA,0.2,0.155157143229502,0.0443361531299888,30,16119.0738842654,0.7094,1,0.869505195505869,0.382639949207436,"full_5x5_grid",25,0.382639949207436,1,0.617360050792564,TRUE
31,"broad",NA,NA,0.2,0.155157143229502,0.0443361531299888,30,16119.0738842654,0.7094,1,0.869505195505869,0.382639949207436,"exclude_tau_omega_zero",24,0.382639949207436,0.999999448375022,0.617359499167587,TRUE
31,"broad",NA,NA,0.2,0.155157143229502,0.0443361531299888,30,16119.0738842654,0.7094,1,0.869505195505869,0.382639949207436,"neighborhood_abs_misspec_le_0.075",9,0.476952950113797,0.959264871875732,0.482311921761935,TRUE
31,"broad",NA,NA,0.2,0.155157143229502,0.0443361531299888,30,16119.0738842654,0.7094,1,0.869505195505869,0.382639949207436,"conservative_tau_omega_ge_0.10",9,0.382639949207436,0.869505195505869,0.486865246298434,TRUE
31,"broad",NA,NA,0.2,0.155157143229502,0.0443361531299888,30,16119.0738842654,0.7094,1,0.869505195505869,0.382639949207436,"point_tau_omega_0.20",1,0.382639949207436,0.382639949207436,0,FALSE
32,"broad",NA,NA,0.05,0.109118884925323,0.203289144102833,120,15212.0197498516,0.216930158094857,0.847163273723502,0.326263273109609,0.138567383413586,"full_5x5_grid",25,0.138567383413586,0.847163273723502,0.708595890309916,TRUE
32,"broad",NA,NA,0.05,0.109118884925323,0.203289144102833,120,15212.0197498516,0.216930158094857,0.847163273723502,0.326263273109609,0.138567383413586,"exclude_tau_omega_zero",24,0.138567383413586,0.75491539574102,0.616348012327434,TRUE
32,"broad",NA,NA,0.05,0.109118884925323,0.203289144102833,120,15212.0197498516,0.216930158094857,0.847163273723502,0.326263273109609,0.138567383413586,"neighborhood_abs_misspec_le_0.075",6,0.17817080475238,0.390892765904592,0.212721961152212,TRUE
32,"broad",NA,NA,0.05,0.109118884925323,0.203289144102833,120,15212.0197498516,0.216930158094857,0.847163273723502,0.326263273109609,0.138567383413586,"conservative_tau_omega_ge_0.10",9,0.138567383413586,0.326263273109609,0.187695889696023,TRUE
32,"broad",NA,NA,0.05,0.109118884925323,0.203289144102833,120,15212.0197498516,0.216930158094857,0.847163273723502,0.326263273109609,0.138567383413586,"point_tau_omega_0.20",1,0.138567383413586,0.138567383413586,0,FALSE
32,"broad",NA,NA,0.1,0.109118884925323,0.203289144102833,120,15212.0197498516,0.637727545509102,0.99996864750499,0.854679531130343,0.406941264914534,"full_5x5_grid",25,0.406941264914534,0.99996864750499,0.593027382590457,TRUE
32,"broad",NA,NA,0.1,0.109118884925323,0.203289144102833,120,15212.0197498516,0.637727545509102,0.99996864750499,0.854679531130343,0.406941264914534,"exclude_tau_omega_zero",24,0.406941264914534,0.999575301241527,0.592634036326993,TRUE
32,"broad",NA,NA,0.1,0.109118884925323,0.203289144102833,120,15212.0197498516,0.637727545509102,0.99996864750499,0.854679531130343,0.406941264914534,"neighborhood_abs_misspec_le_0.075",6,0.541426725440703,0.919769065132494,0.378342339691791,TRUE
32,"broad",NA,NA,0.1,0.109118884925323,0.203289144102833,120,15212.0197498516,0.637727545509102,0.99996864750499,0.854679531130343,0.406941264914534,"conservative_tau_omega_ge_0.10",9,0.406941264914534,0.854679531130343,0.44773826621581,TRUE
32,"broad",NA,NA,0.1,0.109118884925323,0.203289144102833,120,15212.0197498516,0.637727545509102,0.99996864750499,0.854679531130343,0.406941264914534,"point_tau_omega_0.20",1,0.406941264914534,0.406941264914534,0,FALSE
32,"broad",NA,NA,0.2,0.109118884925323,0.203289144102833,120,15212.0197498516,0.995592948717949,1,0.999976314965348,0.931456861801265,"full_5x5_grid",25,0.931456861801265,1,0.0685431381987355,TRUE
32,"broad",NA,NA,0.2,0.109118884925323,0.203289144102833,120,15212.0197498516,0.995592948717949,1,0.999976314965348,0.931456861801265,"exclude_tau_omega_zero",24,0.931456861801265,1,0.0685431381987355,TRUE
32,"broad",NA,NA,0.2,0.109118884925323,0.203289144102833,120,15212.0197498516,0.995592948717949,1,0.999976314965348,0.931456861801265,"neighborhood_abs_misspec_le_0.075",6,0.984814756250029,0.999999032095305,0.0151842758452756,TRUE
32,"broad",NA,NA,0.2,0.109118884925323,0.203289144102833,120,15212.0197498516,0.995592948717949,1,0.999976314965348,0.931456861801265,"conservative_tau_omega_ge_0.10",9,0.931456861801265,0.999976314965348,0.0685194531640833,TRUE
32,"broad",NA,NA,0.2,0.109118884925323,0.203289144102833,120,15212.0197498516,0.995592948717949,1,0.999976314965348,0.931456861801265,"point_tau_omega_0.20",1,0.931456861801265,0.931456861801265,0,FALSE
33,"broad",NA,NA,0.05,0.0771792818933609,0.161043396765599,60,7398.4931966611,0.282056411282256,0.556947735183152,0.235075702363938,0.114213280981542,"full_5x5_grid",25,0.114213280981542,0.556947735183152,0.44273445420161,TRUE
33,"broad",NA,NA,0.05,0.0771792818933609,0.161043396765599,60,7398.4931966611,0.282056411282256,0.556947735183152,0.235075702363938,0.114213280981542,"exclude_tau_omega_zero",24,0.114213280981542,0.498455277829031,0.384241996847488,TRUE
33,"broad",NA,NA,0.05,0.0771792818933609,0.161043396765599,60,7398.4931966611,0.282056411282256,0.556947735183152,0.235075702363938,0.114213280981542,"neighborhood_abs_misspec_le_0.075",9,0.141219220277815,0.336329310815226,0.195110090537411,TRUE
33,"broad",NA,NA,0.05,0.0771792818933609,0.161043396765599,60,7398.4931966611,0.282056411282256,0.556947735183152,0.235075702363938,0.114213280981542,"conservative_tau_omega_ge_0.10",9,0.114213280981542,0.235075702363938,0.120862421382396,FALSE
33,"broad",NA,NA,0.05,0.0771792818933609,0.161043396765599,60,7398.4931966611,0.282056411282256,0.556947735183152,0.235075702363938,0.114213280981542,"point_tau_omega_0.20",1,0.114213280981542,0.114213280981542,0,FALSE
33,"broad",NA,NA,0.1,0.0771792818933609,0.161043396765599,60,7398.4931966611,0.770062037222333,0.987610755296195,0.695142596127332,0.313901368231279,"full_5x5_grid",25,0.313901368231279,0.987610755296195,0.673709387064916,TRUE
33,"broad",NA,NA,0.1,0.0771792818933609,0.161043396765599,60,7398.4931966611,0.770062037222333,0.987610755296195,0.695142596127332,0.313901368231279,"exclude_tau_omega_zero",24,0.313901368231279,0.974460695581338,0.660559327350059,TRUE
33,"broad",NA,NA,0.1,0.0771792818933609,0.161043396765599,60,7398.4931966611,0.770062037222333,0.987610755296195,0.695142596127332,0.313901368231279,"neighborhood_abs_misspec_le_0.075",9,0.416696310404921,0.867123975329071,0.450427664924151,TRUE
33,"broad",NA,NA,0.1,0.0771792818933609,0.161043396765599,60,7398.4931966611,0.770062037222333,0.987610755296195,0.695142596127332,0.313901368231279,"conservative_tau_omega_ge_0.10",9,0.313901368231279,0.695142596127332,0.381241227896053,FALSE
33,"broad",NA,NA,0.1,0.0771792818933609,0.161043396765599,60,7398.4931966611,0.770062037222333,0.987610755296195,0.695142596127332,0.313901368231279,"point_tau_omega_0.20",1,0.313901368231279,0.313901368231279,0,FALSE
33,"broad",NA,NA,0.2,0.0771792818933609,0.161043396765599,60,7398.4931966611,0.999599839935974,0.999999999941735,0.998553726593465,0.838390241749637,"full_5x5_grid",25,0.838390241749637,0.999999999941735,0.161609758192098,TRUE
33,"broad",NA,NA,0.2,0.0771792818933609,0.161043396765599,60,7398.4931966611,0.999599839935974,0.999999999941735,0.998553726593465,0.838390241749637,"exclude_tau_omega_zero",24,0.838390241749637,0.999999997642341,0.161609755892705,TRUE
33,"broad",NA,NA,0.2,0.0771792818933609,0.161043396765599,60,7398.4931966611,0.999599839935974,0.999999999941735,0.998553726593465,0.838390241749637,"neighborhood_abs_misspec_le_0.075",9,0.937923632010767,0.999985594478144,0.0620619624673764,TRUE
33,"broad",NA,NA,0.2,0.0771792818933609,0.161043396765599,60,7398.4931966611,0.999599839935974,0.999999999941735,0.998553726593465,0.838390241749637,"conservative_tau_omega_ge_0.10",9,0.838390241749637,0.998553726593465,0.160163484843828,FALSE
33,"broad",NA,NA,0.2,0.0771792818933609,0.161043396765599,60,7398.4931966611,0.999599839935974,0.999999999941735,0.998553726593465,0.838390241749637,"point_tau_omega_0.20",1,0.838390241749637,0.838390241749637,0,FALSE
34,"broad",NA,NA,0.05,0.222813236181915,0.178965812379494,36,6569.22521167946,0.0840336134453782,0.478481480000799,0.148506503837581,0.0806087260499041,"full_5x5_grid",25,0.0806087260499041,0.478481480000799,0.397872753950895,TRUE
34,"broad",NA,NA,0.05,0.222813236181915,0.178965812379494,36,6569.22521167946,0.0840336134453782,0.478481480000799,0.148506503837581,0.0806087260499041,"exclude_tau_omega_zero",24,0.0806087260499041,0.388392704852497,0.307783978802592,TRUE
34,"broad",NA,NA,0.05,0.222813236181915,0.178965812379494,36,6569.22521167946,0.0840336134453782,0.478481480000799,0.148506503837581,0.0806087260499041,"neighborhood_abs_misspec_le_0.075",4,0.0806087260499041,0.101072943443409,0.0204642173935047,TRUE
34,"broad",NA,NA,0.05,0.222813236181915,0.178965812379494,36,6569.22521167946,0.0840336134453782,0.478481480000799,0.148506503837581,0.0806087260499041,"conservative_tau_omega_ge_0.10",9,0.0806087260499041,0.148506503837581,0.0678977777876772,TRUE
34,"broad",NA,NA,0.05,0.222813236181915,0.178965812379494,36,6569.22521167946,0.0840336134453782,0.478481480000799,0.148506503837581,0.0806087260499041,"point_tau_omega_0.20",1,0.0806087260499041,0.0806087260499041,0,FALSE
34,"broad",NA,NA,0.1,0.222813236181915,0.178965812379494,36,6569.22521167946,0.1722,0.967309073933303,0.442595954354719,0.176333765299833,"full_5x5_grid",25,0.176333765299833,0.967309073933303,0.790975308633469,FALSE
34,"broad",NA,NA,0.1,0.222813236181915,0.178965812379494,36,6569.22521167946,0.1722,0.967309073933303,0.442595954354719,0.176333765299833,"exclude_tau_omega_zero",24,0.176333765299833,0.917112189263358,0.740778423963525,FALSE
34,"broad",NA,NA,0.1,0.222813236181915,0.178965812379494,36,6569.22521167946,0.1722,0.967309073933303,0.442595954354719,0.176333765299833,"neighborhood_abs_misspec_le_0.075",4,0.176333765299833,0.260951219247278,0.0846174539474447,FALSE
34,"broad",NA,NA,0.1,0.222813236181915,0.178965812379494,36,6569.22521167946,0.1722,0.967309073933303,0.442595954354719,0.176333765299833,"conservative_tau_omega_ge_0.10",9,0.176333765299833,0.442595954354719,0.266262189054886,FALSE
34,"broad",NA,NA,0.1,0.222813236181915,0.178965812379494,36,6569.22521167946,0.1722,0.967309073933303,0.442595954354719,0.176333765299833,"point_tau_omega_0.20",1,0.176333765299833,0.176333765299833,0,FALSE
34,"broad",NA,NA,0.2,0.222813236181915,0.178965812379494,36,6569.22521167946,0.5146,0.999999989886756,0.952231437546489,0.535508783248999,"full_5x5_grid",25,0.535508783248999,0.999999989886756,0.464491206637757,FALSE
34,"broad",NA,NA,0.2,0.222813236181915,0.178965812379494,36,6569.22521167946,0.5146,0.999999989886756,0.952231437546489,0.535508783248999,"exclude_tau_omega_zero",24,0.535508783248999,0.999998743565459,0.46448996031646,FALSE
34,"broad",NA,NA,0.2,0.222813236181915,0.178965812379494,36,6569.22521167946,0.5146,0.999999989886756,0.952231437546489,0.535508783248999,"neighborhood_abs_misspec_le_0.075",4,0.535508783248999,0.749853853176163,0.214345069927164,FALSE
34,"broad",NA,NA,0.2,0.222813236181915,0.178965812379494,36,6569.22521167946,0.5146,0.999999989886756,0.952231437546489,0.535508783248999,"conservative_tau_omega_ge_0.10",9,0.535508783248999,0.952231437546489,0.416722654297491,FALSE
34,"broad",NA,NA,0.2,0.222813236181915,0.178965812379494,36,6569.22521167946,0.5146,0.999999989886756,0.952231437546489,0.535508783248999,"point_tau_omega_0.20",1,0.535508783248999,0.535508783248999,0,FALSE
35,"broad",NA,NA,0.05,0.131627704519255,0.114501901405514,48,4944.43286381047,0.1056,0.377996618574392,0.139940536030641,0.0778639883234485,"full_5x5_grid",25,0.0778639883234485,0.377996618574392,0.300132630250944,TRUE
35,"broad",NA,NA,0.05,0.131627704519255,0.114501901405514,48,4944.43286381047,0.1056,0.377996618574392,0.139940536030641,0.0778639883234485,"exclude_tau_omega_zero",24,0.0778639883234485,0.312335391591323,0.234471403267875,TRUE
35,"broad",NA,NA,0.05,0.131627704519255,0.114501901405514,48,4944.43286381047,0.1056,0.377996618574392,0.139940536030641,0.0778639883234485,"neighborhood_abs_misspec_le_0.075",9,0.0829751464337545,0.164700338367319,0.081725191933565,TRUE
35,"broad",NA,NA,0.05,0.131627704519255,0.114501901405514,48,4944.43286381047,0.1056,0.377996618574392,0.139940536030641,0.0778639883234485,"conservative_tau_omega_ge_0.10",9,0.0778639883234485,0.139940536030641,0.0620765477071925,TRUE
35,"broad",NA,NA,0.05,0.131627704519255,0.114501901405514,48,4944.43286381047,0.1056,0.377996618574392,0.139940536030641,0.0778639883234485,"point_tau_omega_0.20",1,0.0778639883234485,0.0778639883234485,0,FALSE
35,"broad",NA,NA,0.1,0.131627704519255,0.114501901405514,48,4944.43286381047,0.3004,0.908260543629697,0.411114836958628,0.164744576993966,"full_5x5_grid",25,0.164744576993966,0.908260543629697,0.743515966635731,TRUE
35,"broad",NA,NA,0.1,0.131627704519255,0.114501901405514,48,4944.43286381047,0.3004,0.908260543629697,0.411114836958628,0.164744576993966,"exclude_tau_omega_zero",24,0.164744576993966,0.834691729792249,0.669947152798283,TRUE
35,"broad",NA,NA,0.1,0.131627704519255,0.114501901405514,48,4944.43286381047,0.3004,0.908260543629697,0.411114836958628,0.164744576993966,"neighborhood_abs_misspec_le_0.075",9,0.186049285673548,0.497235128360429,0.311185842686881,TRUE
35,"broad",NA,NA,0.1,0.131627704519255,0.114501901405514,48,4944.43286381047,0.3004,0.908260543629697,0.411114836958628,0.164744576993966,"conservative_tau_omega_ge_0.10",9,0.164744576993966,0.411114836958628,0.246370259964663,TRUE
35,"broad",NA,NA,0.1,0.131627704519255,0.114501901405514,48,4944.43286381047,0.3004,0.908260543629697,0.411114836958628,0.164744576993966,"point_tau_omega_0.20",1,0.164744576993966,0.164744576993966,0,FALSE
35,"broad",NA,NA,0.2,0.131627704519255,0.114501901405514,48,4944.43286381047,0.8262,0.999997792656814,0.933053737147155,0.497083557685094,"full_5x5_grid",25,0.497083557685094,0.999997792656814,0.502914234971719,TRUE
35,"broad",NA,NA,0.2,0.131627704519255,0.114501901405514,48,4944.43286381047,0.8262,0.999997792656814,0.933053737147155,0.497083557685094,"exclude_tau_omega_zero",24,0.497083557685094,0.999947484354948,0.502863926669853,TRUE
35,"broad",NA,NA,0.2,0.131627704519255,0.114501901405514,48,4944.43286381047,0.8262,0.999997792656814,0.933053737147155,0.497083557685094,"neighborhood_abs_misspec_le_0.075",9,0.564125398678934,0.973413770780043,0.409288372101109,TRUE
35,"broad",NA,NA,0.2,0.131627704519255,0.114501901405514,48,4944.43286381047,0.8262,0.999997792656814,0.933053737147155,0.497083557685094,"conservative_tau_omega_ge_0.10",9,0.497083557685094,0.933053737147155,0.435970179462061,TRUE
35,"broad",NA,NA,0.2,0.131627704519255,0.114501901405514,48,4944.43286381047,0.8262,0.999997792656814,0.933053737147155,0.497083557685094,"point_tau_omega_0.20",1,0.497083557685094,0.497083557685094,0,FALSE
36,"broad",NA,NA,0.05,0.189435953683453,0.13503621896432,36,6693.04670729179,0.0866,0.447493407804386,0.14574415161723,0.0788759386350918,"full_5x5_grid",25,0.0788759386350918,0.447493407804386,0.368617469169294,TRUE
36,"broad",NA,NA,0.05,0.189435953683453,0.13503621896432,36,6693.04670729179,0.0866,0.447493407804386,0.14574415161723,0.0788759386350918,"exclude_tau_omega_zero",24,0.0788759386350918,0.36722553612873,0.288349597493638,TRUE
36,"broad",NA,NA,0.05,0.189435953683453,0.13503621896432,36,6693.04670729179,0.0866,0.447493407804386,0.14574415161723,0.0788759386350918,"neighborhood_abs_misspec_le_0.075",6,0.0788759386350918,0.109290414527993,0.0304144758929011,TRUE
36,"broad",NA,NA,0.05,0.189435953683453,0.13503621896432,36,6693.04670729179,0.0866,0.447493407804386,0.14574415161723,0.0788759386350918,"conservative_tau_omega_ge_0.10",9,0.0788759386350918,0.14574415161723,0.066868212982138,TRUE
36,"broad",NA,NA,0.05,0.189435953683453,0.13503621896432,36,6693.04670729179,0.0866,0.447493407804386,0.14574415161723,0.0788759386350918,"point_tau_omega_0.20",1,0.0788759386350918,0.0788759386350918,0,FALSE
36,"broad",NA,NA,0.1,0.189435953683453,0.13503621896432,36,6693.04670729179,0.2062,0.952329183373299,0.43218084522495,0.169025092894156,"full_5x5_grid",25,0.169025092894156,0.952329183373299,0.783304090479143,TRUE
36,"broad",NA,NA,0.1,0.189435953683453,0.13503621896432,36,6693.04670729179,0.2062,0.952329183373299,0.43218084522495,0.169025092894156,"exclude_tau_omega_zero",24,0.169025092894156,0.896256708720078,0.727231615825922,TRUE
36,"broad",NA,NA,0.1,0.189435953683453,0.13503621896432,36,6693.04670729179,0.2062,0.952329183373299,0.43218084522495,0.169025092894156,"neighborhood_abs_misspec_le_0.075",6,0.169025092894156,0.293952057157708,0.124926964263551,TRUE
36,"broad",NA,NA,0.1,0.189435953683453,0.13503621896432,36,6693.04670729179,0.2062,0.952329183373299,0.43218084522495,0.169025092894156,"conservative_tau_omega_ge_0.10",9,0.169025092894156,0.43218084522495,0.263155752330793,TRUE
36,"broad",NA,NA,0.1,0.189435953683453,0.13503621896432,36,6693.04670729179,0.2062,0.952329183373299,0.43218084522495,0.169025092894156,"point_tau_omega_0.20",1,0.169025092894156,0.169025092894156,0,FALSE
36,"broad",NA,NA,0.2,0.189435953683453,0.13503621896432,36,6693.04670729179,0.6184,0.999999897975727,0.946051354564443,0.511578008454299,"full_5x5_grid",25,0.511578008454299,0.999999897975727,0.488421889521428,TRUE
36,"broad",NA,NA,0.2,0.189435953683453,0.13503621896432,36,6693.04670729179,0.6184,0.999999897975727,0.946051354564443,0.511578008454299,"exclude_tau_omega_zero",24,0.511578008454299,0.999994738608998,0.488416730154699,TRUE
36,"broad",NA,NA,0.2,0.189435953683453,0.13503621896432,36,6693.04670729179,0.6184,0.999999897975727,0.946051354564443,0.511578008454299,"neighborhood_abs_misspec_le_0.075",6,0.511578008454299,0.807597125521083,0.296019117066784,TRUE
36,"broad",NA,NA,0.2,0.189435953683453,0.13503621896432,36,6693.04670729179,0.6184,0.999999897975727,0.946051354564443,0.511578008454299,"conservative_tau_omega_ge_0.10",9,0.511578008454299,0.946051354564443,0.434473346110145,TRUE
36,"broad",NA,NA,0.2,0.189435953683453,0.13503621896432,36,6693.04670729179,0.6184,0.999999897975727,0.946051354564443,0.511578008454299,"point_tau_omega_0.20",1,0.511578008454299,0.511578008454299,0,FALSE
37,"broad",NA,NA,0.05,0.225731541872432,0.164344575180497,60,58090.8713450261,0.124,0.999953136080891,0.360657964970798,0.133890894379988,"full_5x5_grid",25,0.133890894379988,0.999953136080891,0.866062241700903,FALSE
37,"broad",NA,NA,0.05,0.225731541872432,0.164344575180497,60,58090.8713450261,0.124,0.999953136080891,0.360657964970798,0.133890894379988,"exclude_tau_omega_zero",24,0.133890894379988,0.993757872975848,0.85986697859586,FALSE
37,"broad",NA,NA,0.05,0.225731541872432,0.164344575180497,60,58090.8713450261,0.124,0.999953136080891,0.360657964970798,0.133890894379988,"neighborhood_abs_misspec_le_0.075",3,0.133890894379988,0.144798850509594,0.0109079561296065,FALSE
37,"broad",NA,NA,0.05,0.225731541872432,0.164344575180497,60,58090.8713450261,0.124,0.999953136080891,0.360657964970798,0.133890894379988,"conservative_tau_omega_ge_0.10",9,0.133890894379988,0.360657964970798,0.22676707059081,FALSE
37,"broad",NA,NA,0.05,0.225731541872432,0.164344575180497,60,58090.8713450261,0.124,0.999953136080891,0.360657964970798,0.133890894379988,"point_tau_omega_0.20",1,0.133890894379988,0.133890894379988,0,FALSE
37,"broad",NA,NA,0.1,0.225731541872432,0.164344575180497,60,58090.8713450261,0.3494,1,0.893418794552322,0.389713921723649,"full_5x5_grid",25,0.389713921723649,1,0.610286078276351,FALSE
37,"broad",NA,NA,0.1,0.225731541872432,0.164344575180497,60,58090.8713450261,0.3494,1,0.893418794552322,0.389713921723649,"exclude_tau_omega_zero",24,0.389713921723649,0.999999999998179,0.61028607827453,FALSE
37,"broad",NA,NA,0.1,0.225731541872432,0.164344575180497,60,58090.8713450261,0.3494,1,0.893418794552322,0.389713921723649,"neighborhood_abs_misspec_le_0.075",3,0.389713921723649,0.429665530877231,0.0399516091535815,FALSE
37,"broad",NA,NA,0.1,0.225731541872432,0.164344575180497,60,58090.8713450261,0.3494,1,0.893418794552322,0.389713921723649,"conservative_tau_omega_ge_0.10",9,0.389713921723649,0.893418794552322,0.503704872828673,FALSE
37,"broad",NA,NA,0.1,0.225731541872432,0.164344575180497,60,58090.8713450261,0.3494,1,0.893418794552322,0.389713921723649,"point_tau_omega_0.20",1,0.389713921723649,0.389713921723649,0,FALSE
37,"broad",NA,NA,0.2,0.225731541872432,0.164344575180497,60,58090.8713450261,0.8806,1,0.999995648700231,0.91900026511353,"full_5x5_grid",25,0.91900026511353,1,0.0809997348864704,FALSE
37,"broad",NA,NA,0.2,0.225731541872432,0.164344575180497,60,58090.8713450261,0.8806,1,0.999995648700231,0.91900026511353,"exclude_tau_omega_zero",24,0.91900026511353,1,0.0809997348864704,FALSE
37,"broad",NA,NA,0.2,0.225731541872432,0.164344575180497,60,58090.8713450261,0.8806,1,0.999995648700231,0.91900026511353,"neighborhood_abs_misspec_le_0.075",3,0.91900026511353,0.945667651243466,0.0266673861299362,FALSE
37,"broad",NA,NA,0.2,0.225731541872432,0.164344575180497,60,58090.8713450261,0.8806,1,0.999995648700231,0.91900026511353,"conservative_tau_omega_ge_0.10",9,0.91900026511353,0.999995648700231,0.0809953835867013,FALSE
37,"broad",NA,NA,0.2,0.225731541872432,0.164344575180497,60,58090.8713450261,0.8806,1,0.999995648700231,0.91900026511353,"point_tau_omega_0.20",1,0.91900026511353,0.91900026511353,0,FALSE
38,"broad",NA,NA,0.05,0.24849709042866,0.0593117249502102,30,17781.4583789843,0.0784,0.882543330382942,0.162386906599635,0.0794259826050325,"full_5x5_grid",25,0.0794259826050325,0.882543330382942,0.80311734777791,FALSE
38,"broad",NA,NA,0.05,0.24849709042866,0.0593117249502102,30,17781.4583789843,0.0784,0.882543330382942,0.162386906599635,0.0794259826050325,"exclude_tau_omega_zero",24,0.0794259826050325,0.684941535146549,0.605515552541517,FALSE
38,"broad",NA,NA,0.05,0.24849709042866,0.0593117249502102,30,17781.4583789843,0.0784,0.882543330382942,0.162386906599635,0.0794259826050325,"neighborhood_abs_misspec_le_0.075",3,0.0877462066142686,0.0922394618548229,0.00449325524055433,FALSE
38,"broad",NA,NA,0.05,0.24849709042866,0.0593117249502102,30,17781.4583789843,0.0784,0.882543330382942,0.162386906599635,0.0794259826050325,"conservative_tau_omega_ge_0.10",9,0.0794259826050325,0.162386906599635,0.0829609239946028,FALSE
38,"broad",NA,NA,0.05,0.24849709042866,0.0593117249502102,30,17781.4583789843,0.0784,0.882543330382942,0.162386906599635,0.0794259826050325,"point_tau_omega_0.20",1,0.0794259826050325,0.0794259826050325,0,FALSE
38,"broad",NA,NA,0.1,0.24849709042866,0.0593117249502102,30,17781.4583789843,0.1652,0.999992018924963,0.489901758163943,0.17133554017763,"full_5x5_grid",25,0.17133554017763,0.999992018924963,0.828656478747334,FALSE
38,"broad",NA,NA,0.1,0.24849709042866,0.0593117249502102,30,17781.4583789843,0.1652,0.999992018924963,0.489901758163943,0.17133554017763,"exclude_tau_omega_zero",24,0.17133554017763,0.998172422728425,0.826836882550795,FALSE
38,"broad",NA,NA,0.1,0.24849709042866,0.0593117249502102,30,17781.4583789843,0.1652,0.999992018924963,0.489901758163943,0.17133554017763,"neighborhood_abs_misspec_le_0.075",3,0.205988859827925,0.224598826830513,0.0186099670025877,FALSE
38,"broad",NA,NA,0.1,0.24849709042866,0.0593117249502102,30,17781.4583789843,0.1652,0.999992018924963,0.489901758163943,0.17133554017763,"conservative_tau_omega_ge_0.10",9,0.17133554017763,0.489901758163943,0.318566217986313,FALSE
38,"broad",NA,NA,0.1,0.24849709042866,0.0593117249502102,30,17781.4583789843,0.1652,0.999992018924963,0.489901758163943,0.17133554017763,"point_tau_omega_0.20",1,0.17133554017763,0.17133554017763,0,FALSE
38,"broad",NA,NA,0.2,0.24849709042866,0.0593117249502102,30,17781.4583789843,0.4904,1,0.971310956564447,0.519153144197365,"full_5x5_grid",25,0.519153144197365,1,0.480846855802635,FALSE
38,"broad",NA,NA,0.2,0.24849709042866,0.0593117249502102,30,17781.4583789843,0.4904,1,0.971310956564447,0.519153144197365,"exclude_tau_omega_zero",24,0.519153144197365,0.999999999999994,0.480846855802629,FALSE
38,"broad",NA,NA,0.2,0.24849709042866,0.0593117249502102,30,17781.4583789843,0.4904,1,0.971310956564447,0.519153144197365,"neighborhood_abs_misspec_le_0.075",3,0.621586023255166,0.669437427633924,0.0478514043787581,FALSE
38,"broad",NA,NA,0.2,0.24849709042866,0.0593117249502102,30,17781.4583789843,0.4904,1,0.971310956564447,0.519153144197365,"conservative_tau_omega_ge_0.10",9,0.519153144197365,0.971310956564447,0.452157812367083,FALSE
38,"broad",NA,NA,0.2,0.24849709042866,0.0593117249502102,30,17781.4583789843,0.4904,1,0.971310956564447,0.519153144197365,"point_tau_omega_0.20",1,0.519153144197365,0.519153144197365,0,FALSE
39,"broad",NA,NA,0.05,0.174278220593988,0.0707818103544996,96,51496.4121949298,0.2468,0.999867594011528,0.460205656277057,0.163133555191907,"full_5x5_grid",25,0.163133555191907,0.999867594011528,0.836734038819621,TRUE
39,"broad",NA,NA,0.05,0.174278220593988,0.0707818103544996,96,51496.4121949298,0.2468,0.999867594011528,0.460205656277057,0.163133555191907,"exclude_tau_omega_zero",24,0.163133555191907,0.99253387533812,0.829400320146213,TRUE
39,"broad",NA,NA,0.05,0.174278220593988,0.0707818103544996,96,51496.4121949298,0.2468,0.999867594011528,0.460205656277057,0.163133555191907,"neighborhood_abs_misspec_le_0.075",9,0.197552137505672,0.593397678222525,0.395845540716853,TRUE
39,"broad",NA,NA,0.05,0.174278220593988,0.0707818103544996,96,51496.4121949298,0.2468,0.999867594011528,0.460205656277057,0.163133555191907,"conservative_tau_omega_ge_0.10",9,0.163133555191907,0.460205656277057,0.29707210108515,TRUE
39,"broad",NA,NA,0.05,0.174278220593988,0.0707818103544996,96,51496.4121949298,0.2468,0.999867594011528,0.460205656277057,0.163133555191907,"point_tau_omega_0.20",1,0.163133555191907,0.163133555191907,0,FALSE
39,"broad",NA,NA,0.1,0.174278220593988,0.0707818103544996,96,51496.4121949298,0.7264,1,0.960749545774323,0.493190381044287,"full_5x5_grid",25,0.493190381044287,1,0.506809618955713,TRUE
39,"broad",NA,NA,0.1,0.174278220593988,0.0707818103544996,96,51496.4121949298,0.7264,1,0.960749545774323,0.493190381044287,"exclude_tau_omega_zero",24,0.493190381044287,0.999999999995634,0.506809618951347,TRUE
39,"broad",NA,NA,0.1,0.174278220593988,0.0707818103544996,96,51496.4121949298,0.7264,1,0.960749545774323,0.493190381044287,"neighborhood_abs_misspec_le_0.075",9,0.599196760789903,0.992492907365137,0.393296146575234,TRUE
39,"broad",NA,NA,0.1,0.174278220593988,0.0707818103544996,96,51496.4121949298,0.7264,1,0.960749545774323,0.493190381044287,"conservative_tau_omega_ge_0.10",9,0.493190381044287,0.960749545774323,0.467559164730036,TRUE
39,"broad",NA,NA,0.1,0.174278220593988,0.0707818103544996,96,51496.4121949298,0.7264,1,0.960749545774323,0.493190381044287,"point_tau_omega_0.20",1,0.493190381044287,0.493190381044287,0,FALSE
39,"broad",NA,NA,0.2,0.174278220593988,0.0707818103544996,96,51496.4121949298,0.9998,1,0.99999997842937,0.972898077727411,"full_5x5_grid",25,0.972898077727411,1,0.0271019222725887,TRUE
39,"broad",NA,NA,0.2,0.174278220593988,0.0707818103544996,96,51496.4121949298,0.9998,1,0.99999997842937,0.972898077727411,"exclude_tau_omega_zero",24,0.972898077727411,1,0.0271019222725887,TRUE
39,"broad",NA,NA,0.2,0.174278220593988,0.0707818103544996,96,51496.4121949298,0.9998,1,0.99999997842937,0.972898077727411,"neighborhood_abs_misspec_le_0.075",9,0.993091191003711,0.999999999995521,0.00690880899181001,TRUE
39,"broad",NA,NA,0.2,0.174278220593988,0.0707818103544996,96,51496.4121949298,0.9998,1,0.99999997842937,0.972898077727411,"conservative_tau_omega_ge_0.10",9,0.972898077727411,0.99999997842937,0.0271019007019585,TRUE
39,"broad",NA,NA,0.2,0.174278220593988,0.0707818103544996,96,51496.4121949298,0.9998,1,0.99999997842937,0.972898077727411,"point_tau_omega_0.20",1,0.972898077727411,0.972898077727411,0,FALSE
4,"broad",NA,NA,0.05,0.163687455617764,0.10674967614701,72,27417.6728517442,0.139,0.9489549397155,0.237747350866512,0.102358531846835,"full_5x5_grid",25,0.102358531846835,0.9489549397155,0.846596407868665,TRUE
4,"broad",NA,NA,0.05,0.163687455617764,0.10674967614701,72,27417.6728517442,0.139,0.9489549397155,0.237747350866512,0.102358531846835,"exclude_tau_omega_zero",24,0.102358531846835,0.830993922032532,0.728635390185697,TRUE
4,"broad",NA,NA,0.05,0.163687455617764,0.10674967614701,72,27417.6728517442,0.139,0.9489549397155,0.237747350866512,0.102358531846835,"neighborhood_abs_misspec_le_0.075",9,0.111485597815912,0.287483869243792,0.17599827142788,TRUE
4,"broad",NA,NA,0.05,0.163687455617764,0.10674967614701,72,27417.6728517442,0.139,0.9489549397155,0.237747350866512,0.102358531846835,"conservative_tau_omega_ge_0.10",9,0.102358531846835,0.237747350866512,0.135388819019677,TRUE
4,"broad",NA,NA,0.05,0.163687455617764,0.10674967614701,72,27417.6728517442,0.139,0.9489549397155,0.237747350866512,0.102358531846835,"point_tau_omega_0.20",1,0.102358531846835,0.102358531846835,0,FALSE
4,"broad",NA,NA,0.1,0.163687455617764,0.10674967614701,72,27417.6728517442,0.4232,0.999999830774856,0.700602876161758,0.266159578019919,"full_5x5_grid",25,0.266159578019919,0.999999830774856,0.733840252754937,TRUE
4,"broad",NA,NA,0.1,0.163687455617764,0.10674967614701,72,27417.6728517442,0.4232,0.999999830774856,0.700602876161758,0.266159578019919,"exclude_tau_omega_zero",24,0.266159578019919,0.9999298102018,0.733770232181881,TRUE
4,"broad",NA,NA,0.1,0.163687455617764,0.10674967614701,72,27417.6728517442,0.4232,0.999999830774856,0.700602876161758,0.266159578019919,"neighborhood_abs_misspec_le_0.075",9,0.302930121682537,0.797764514798475,0.494834393115938,TRUE
4,"broad",NA,NA,0.1,0.163687455617764,0.10674967614701,72,27417.6728517442,0.4232,0.999999830774856,0.700602876161758,0.266159578019919,"conservative_tau_omega_ge_0.10",9,0.266159578019919,0.700602876161758,0.434443298141839,TRUE
4,"broad",NA,NA,0.1,0.163687455617764,0.10674967614701,72,27417.6728517442,0.4232,0.999999830774856,0.700602876161758,0.266159578019919,"point_tau_omega_0.20",1,0.266159578019919,0.266159578019919,0,FALSE
4,"broad",NA,NA,0.2,0.163687455617764,0.10674967614701,72,27417.6728517442,0.943,1,0.99866272347421,0.759821808367642,"full_5x5_grid",25,0.759821808367642,1,0.240178191632358,TRUE
4,"broad",NA,NA,0.2,0.163687455617764,0.10674967614701,72,27417.6728517442,0.943,1,0.99866272347421,0.759821808367642,"exclude_tau_omega_zero",24,0.759821808367642,1,0.240178191632358,TRUE
4,"broad",NA,NA,0.2,0.163687455617764,0.10674967614701,72,27417.6728517442,0.943,1,0.99866272347421,0.759821808367642,"neighborhood_abs_misspec_le_0.075",9,0.82217094588324,0.999851152634039,0.1776802067508,TRUE
4,"broad",NA,NA,0.2,0.163687455617764,0.10674967614701,72,27417.6728517442,0.943,1,0.99866272347421,0.759821808367642,"conservative_tau_omega_ge_0.10",9,0.759821808367642,0.99866272347421,0.238840915106569,TRUE
4,"broad",NA,NA,0.2,0.163687455617764,0.10674967614701,72,27417.6728517442,0.943,1,0.99866272347421,0.759821808367642,"point_tau_omega_0.20",1,0.759821808367642,0.759821808367642,0,FALSE
40,"broad",NA,NA,0.05,0.241996149487677,0.0614221795951016,60,8990.10632798629,0.0698,0.489468496147677,0.134786065534193,0.0759103874445631,"full_5x5_grid",25,0.0759103874445631,0.489468496147677,0.413558108703114,FALSE
40,"broad",NA,NA,0.05,0.241996149487677,0.0614221795951016,60,8990.10632798629,0.0698,0.489468496147677,0.134786065534193,0.0759103874445631,"exclude_tau_omega_zero",24,0.0759103874445631,0.402742615434227,0.326832227989663,FALSE
40,"broad",NA,NA,0.05,0.241996149487677,0.0614221795951016,60,8990.10632798629,0.0698,0.489468496147677,0.134786065534193,0.0759103874445631,"neighborhood_abs_misspec_le_0.075",3,0.0796799955967854,0.081208375379104,0.00152837978231857,FALSE
40,"broad",NA,NA,0.05,0.241996149487677,0.0614221795951016,60,8990.10632798629,0.0698,0.489468496147677,0.134786065534193,0.0759103874445631,"conservative_tau_omega_ge_0.10",9,0.0759103874445631,0.134786065534193,0.0588756780896303,FALSE
40,"broad",NA,NA,0.05,0.241996149487677,0.0614221795951016,60,8990.10632798629,0.0698,0.489468496147677,0.134786065534193,0.0759103874445631,"point_tau_omega_0.20",1,0.0759103874445631,0.0759103874445631,0,FALSE
40,"broad",NA,NA,0.1,0.241996149487677,0.0614221795951016,60,8990.10632798629,0.137,0.965125039247533,0.390007893943785,0.156305772404814,"full_5x5_grid",25,0.156305772404814,0.965125039247533,0.808819266842719,FALSE
40,"broad",NA,NA,0.1,0.241996149487677,0.0614221795951016,60,8990.10632798629,0.137,0.965125039247533,0.390007893943785,0.156305772404814,"exclude_tau_omega_zero",24,0.156305772404814,0.919193930609969,0.762888158205155,FALSE
40,"broad",NA,NA,0.1,0.241996149487677,0.0614221795951016,60,8990.10632798629,0.137,0.965125039247533,0.390007893943785,0.156305772404814,"neighborhood_abs_misspec_le_0.075",3,0.171942262333802,0.178275572554569,0.00633331022076689,FALSE
40,"broad",NA,NA,0.1,0.241996149487677,0.0614221795951016,60,8990.10632798629,0.137,0.965125039247533,0.390007893943785,0.156305772404814,"conservative_tau_omega_ge_0.10",9,0.156305772404814,0.390007893943785,0.233702121538971,FALSE
40,"broad",NA,NA,0.1,0.241996149487677,0.0614221795951016,60,8990.10632798629,0.137,0.965125039247533,0.390007893943785,0.156305772404814,"point_tau_omega_0.20",1,0.156305772404814,0.156305772404814,0,FALSE
40,"broad",NA,NA,0.2,0.241996149487677,0.0614221795951016,60,8990.10632798629,0.4068,0.99999994413782,0.914169438499712,0.466146237521894,"full_5x5_grid",25,0.466146237521894,0.99999994413782,0.533853706615926,FALSE
40,"broad",NA,NA,0.2,0.241996149487677,0.0614221795951016,60,8990.10632798629,0.4068,0.99999994413782,0.914169438499712,0.466146237521894,"exclude_tau_omega_zero",24,0.466146237521894,0.999997229601087,0.533850992079194,FALSE
40,"broad",NA,NA,0.2,0.241996149487677,0.0614221795951016,60,8990.10632798629,0.4068,0.99999994413782,0.914169438499712,0.466146237521894,"neighborhood_abs_misspec_le_0.075",3,0.517446850495102,0.53722841837665,0.0197815678815488,FALSE
40,"broad",NA,NA,0.2,0.241996149487677,0.0614221795951016,60,8990.10632798629,0.4068,0.99999994413782,0.914169438499712,0.466146237521894,"conservative_tau_omega_ge_0.10",9,0.466146237521894,0.914169438499712,0.448023200977819,FALSE
40,"broad",NA,NA,0.2,0.241996149487677,0.0614221795951016,60,8990.10632798629,0.4068,0.99999994413782,0.914169438499712,0.466146237521894,"point_tau_omega_0.20",1,0.466146237521894,0.466146237521894,0,FALSE
41,"broad",NA,NA,0.05,0.0403946092121769,0.121462737824477,48,313.395814368899,0.057,0.0619643075921934,0.0589637654784217,0.0550972385131174,"full_5x5_grid",25,0.0550972385131174,0.0619643075921934,0.00686706907907597,TRUE
41,"broad",NA,NA,0.05,0.0403946092121769,0.121462737824477,48,313.395814368899,0.057,0.0619643075921934,0.0589637654784217,0.0550972385131174,"exclude_tau_omega_zero",24,0.0550972385131174,0.0615581844805054,0.006460945967388,TRUE
41,"broad",NA,NA,0.05,0.0403946092121769,0.121462737824477,48,313.395814368899,0.057,0.0619643075921934,0.0589637654784217,0.0550972385131174,"neighborhood_abs_misspec_le_0.075",9,0.0579063186431356,0.0615581844805054,0.00365186583736987,FALSE
41,"broad",NA,NA,0.05,0.0403946092121769,0.121462737824477,48,313.395814368899,0.057,0.0619643075921934,0.0589637654784217,0.0550972385131174,"conservative_tau_omega_ge_0.10",9,0.0550972385131174,0.0589637654784217,0.00386652696530432,TRUE
41,"broad",NA,NA,0.05,0.0403946092121769,0.121462737824477,48,313.395814368899,0.057,0.0619643075921934,0.0589637654784217,0.0550972385131174,"point_tau_omega_0.20",1,0.0550972385131174,0.0550972385131174,0,FALSE
41,"broad",NA,NA,0.1,0.0403946092121769,0.121462737824477,48,313.395814368899,0.085,0.0979423679972994,0.0859610647508832,0.0704392279039515,"full_5x5_grid",25,0.0704392279039515,0.0979423679972994,0.0275031400933479,TRUE
41,"broad",NA,NA,0.1,0.0403946092121769,0.121462737824477,48,313.395814368899,0.085,0.0979423679972994,0.0859610647508832,0.0704392279039515,"exclude_tau_omega_zero",24,0.0704392279039515,0.0963241315145591,0.0258849036106076,TRUE
41,"broad",NA,NA,0.1,0.0403946092121769,0.121462737824477,48,313.395814368899,0.085,0.0979423679972994,0.0859610647508832,0.0704392279039515,"neighborhood_abs_misspec_le_0.075",9,0.0817077565142423,0.0963241315145591,0.0146163750003168,TRUE
41,"broad",NA,NA,0.1,0.0403946092121769,0.121462737824477,48,313.395814368899,0.085,0.0979423679972994,0.0859610647508832,0.0704392279039515,"conservative_tau_omega_ge_0.10",9,0.0704392279039515,0.0859610647508832,0.0155218368469316,TRUE
41,"broad",NA,NA,0.1,0.0403946092121769,0.121462737824477,48,313.395814368899,0.085,0.0979423679972994,0.0859610647508832,0.0704392279039515,"point_tau_omega_0.20",1,0.0704392279039515,0.0704392279039515,0,FALSE
41,"broad",NA,NA,0.2,0.0403946092121769,0.121462737824477,48,313.395814368899,0.1958,0.239000765109094,0.193509017506915,0.13212984383369,"full_5x5_grid",25,0.13212984383369,0.239000765109094,0.106870921275404,TRUE
41,"broad",NA,NA,0.2,0.0403946092121769,0.121462737824477,48,313.395814368899,0.1958,0.239000765109094,0.193509017506915,0.13212984383369,"exclude_tau_omega_zero",24,0.13212984383369,0.232955874781856,0.100826030948166,TRUE
41,"broad",NA,NA,0.2,0.0403946092121769,0.121462737824477,48,313.395814368899,0.1958,0.239000765109094,0.193509017506915,0.13212984383369,"neighborhood_abs_misspec_le_0.075",9,0.176730242640573,0.232955874781856,0.0562256321412833,TRUE
41,"broad",NA,NA,0.2,0.0403946092121769,0.121462737824477,48,313.395814368899,0.1958,0.239000765109094,0.193509017506915,0.13212984383369,"conservative_tau_omega_ge_0.10",9,0.13212984383369,0.193509017506915,0.0613791736732251,FALSE
41,"broad",NA,NA,0.2,0.0403946092121769,0.121462737824477,48,313.395814368899,0.1958,0.239000765109094,0.193509017506915,0.13212984383369,"point_tau_omega_0.20",1,0.13212984383369,0.13212984383369,0,FALSE
42,"broad",NA,NA,0.05,0.207262940041488,0.0492448356668465,24,3053.60455422842,0.0654916883637092,0.198499390279205,0.0881065586223708,0.0643259147708023,"full_5x5_grid",25,0.0643259147708023,0.198499390279205,0.134173475508403,TRUE
42,"broad",NA,NA,0.05,0.207262940041488,0.0492448356668465,24,3053.60455422842,0.0654916883637092,0.198499390279205,0.0881065586223708,0.0643259147708023,"exclude_tau_omega_zero",24,0.0643259147708023,0.15369190135877,0.0893659865879681,TRUE
42,"broad",NA,NA,0.05,0.207262940041488,0.0492448356668465,24,3053.60455422842,0.0654916883637092,0.198499390279205,0.0881065586223708,0.0643259147708023,"neighborhood_abs_misspec_le_0.075",6,0.0677853510150245,0.0802022307423176,0.0124168797272931,FALSE
42,"broad",NA,NA,0.05,0.207262940041488,0.0492448356668465,24,3053.60455422842,0.0654916883637092,0.198499390279205,0.0881065586223708,0.0643259147708023,"conservative_tau_omega_ge_0.10",9,0.0643259147708023,0.0881065586223708,0.0237806438515685,TRUE
42,"broad",NA,NA,0.05,0.207262940041488,0.0492448356668465,24,3053.60455422842,0.0654916883637092,0.198499390279205,0.0881065586223708,0.0643259147708023,"point_tau_omega_0.20",1,0.0643259147708023,0.0643259147708023,0,FALSE
42,"broad",NA,NA,0.1,0.207262940041488,0.0492448356668465,24,3053.60455422842,0.11847108264959,0.585942337490755,0.206750185040721,0.108355617350297,"full_5x5_grid",25,0.108355617350297,0.585942337490755,0.477586720140458,TRUE
42,"broad",NA,NA,0.1,0.207262940041488,0.0492448356668465,24,3053.60455422842,0.11847108264959,0.585942337490755,0.206750185040721,0.108355617350297,"exclude_tau_omega_zero",24,0.108355617350297,0.453718599973017,0.34536298262272,TRUE
42,"broad",NA,NA,0.1,0.207262940041488,0.0492448356668465,24,3053.60455422842,0.11847108264959,0.585942337490755,0.206750185040721,0.108355617350297,"neighborhood_abs_misspec_le_0.075",6,0.122662800648232,0.174116092276009,0.0514532916277773,FALSE
42,"broad",NA,NA,0.1,0.207262940041488,0.0492448356668465,24,3053.60455422842,0.11847108264959,0.585942337490755,0.206750185040721,0.108355617350297,"conservative_tau_omega_ge_0.10",9,0.108355617350297,0.206750185040721,0.0983945676904237,TRUE
42,"broad",NA,NA,0.1,0.207262940041488,0.0492448356668465,24,3053.60455422842,0.11847108264959,0.585942337490755,0.206750185040721,0.108355617350297,"point_tau_omega_0.20",1,0.108355617350297,0.108355617350297,0,FALSE
42,"broad",NA,NA,0.2,0.207262940041488,0.0492448356668465,24,3053.60455422842,0.355884707766213,0.987688713532007,0.618904657271627,0.289047106473367,"full_5x5_grid",25,0.289047106473367,0.987688713532007,0.698641607058639,TRUE
42,"broad",NA,NA,0.2,0.207262940041488,0.0492448356668465,24,3053.60455422842,0.355884707766213,0.987688713532007,0.618904657271627,0.289047106473367,"exclude_tau_omega_zero",24,0.289047106473367,0.950890706305979,0.661843599832611,TRUE
42,"broad",NA,NA,0.2,0.207262940041488,0.0492448356668465,24,3053.60455422842,0.355884707766213,0.987688713532007,0.618904657271627,0.289047106473367,"neighborhood_abs_misspec_le_0.075",6,0.344997828960914,0.524374921778893,0.179377092817979,TRUE
42,"broad",NA,NA,0.2,0.207262940041488,0.0492448356668465,24,3053.60455422842,0.355884707766213,0.987688713532007,0.618904657271627,0.289047106473367,"conservative_tau_omega_ge_0.10",9,0.289047106473367,0.618904657271627,0.32985755079826,TRUE
42,"broad",NA,NA,0.2,0.207262940041488,0.0492448356668465,24,3053.60455422842,0.355884707766213,0.987688713532007,0.618904657271627,0.289047106473367,"point_tau_omega_0.20",1,0.289047106473367,0.289047106473367,0,FALSE
43,"broad",NA,NA,0.05,0.033191065131221,0.107813337115222,30,16602.1667401102,0.5842,0.862651699159675,0.201427318790024,0.0918298952568783,"full_5x5_grid",25,0.0918298952568783,0.862651699159675,0.770821803902797,TRUE
43,"broad",NA,NA,0.05,0.033191065131221,0.107813337115222,30,16602.1667401102,0.5842,0.862651699159675,0.201427318790024,0.0918298952568783,"exclude_tau_omega_zero",24,0.0918298952568783,0.796128916762502,0.704299021505623,TRUE
43,"broad",NA,NA,0.05,0.033191065131221,0.107813337115222,30,16602.1667401102,0.5842,0.862651699159675,0.201427318790024,0.0918298952568783,"neighborhood_abs_misspec_le_0.075",9,0.184450181863099,0.796128916762502,0.611678734899403,TRUE
43,"broad",NA,NA,0.05,0.033191065131221,0.107813337115222,30,16602.1667401102,0.5842,0.862651699159675,0.201427318790024,0.0918298952568783,"conservative_tau_omega_ge_0.10",9,0.0918298952568783,0.201427318790024,0.109597423533145,FALSE
43,"broad",NA,NA,0.05,0.033191065131221,0.107813337115222,30,16602.1667401102,0.5842,0.862651699159675,0.201427318790024,0.0918298952568783,"point_tau_omega_0.20",1,0.0918298952568783,0.0918298952568783,0,FALSE
43,"broad",NA,NA,0.1,0.033191065131221,0.107813337115222,30,16602.1667401102,0.990198039607922,0.999981651446812,0.609666488638377,0.223002494316492,"full_5x5_grid",25,0.223002494316492,0.999981651446812,0.77697915713032,TRUE
43,"broad",NA,NA,0.1,0.033191065131221,0.107813337115222,30,16602.1667401102,0.990198039607922,0.999981651446812,0.609666488638377,0.223002494316492,"exclude_tau_omega_zero",24,0.223002494316492,0.999843033924492,0.776840539608,TRUE
43,"broad",NA,NA,0.1,0.033191065131221,0.107813337115222,30,16602.1667401102,0.990198039607922,0.999981651446812,0.609666488638377,0.223002494316492,"neighborhood_abs_misspec_le_0.075",9,0.560551538232772,0.999843033924492,0.43929149569172,TRUE
43,"broad",NA,NA,0.1,0.033191065131221,0.107813337115222,30,16602.1667401102,0.990198039607922,0.999981651446812,0.609666488638377,0.223002494316492,"conservative_tau_omega_ge_0.10",9,0.223002494316492,0.609666488638377,0.386663994321884,FALSE
43,"broad",NA,NA,0.1,0.033191065131221,0.107813337115222,30,16602.1667401102,0.990198039607922,0.999981651446812,0.609666488638377,0.223002494316492,"point_tau_omega_0.20",1,0.223002494316492,0.223002494316492,0,FALSE
43,"broad",NA,NA,0.2,0.033191065131221,0.107813337115222,30,16602.1667401102,1,1,0.994002691489777,0.666085008518743,"full_5x5_grid",25,0.666085008518743,1,0.333914991481257,TRUE
43,"broad",NA,NA,0.2,0.033191065131221,0.107813337115222,30,16602.1667401102,1,1,0.994002691489777,0.666085008518743,"exclude_tau_omega_zero",24,0.666085008518743,1,0.333914991481257,TRUE
43,"broad",NA,NA,0.2,0.033191065131221,0.107813337115222,30,16602.1667401102,1,1,0.994002691489777,0.666085008518743,"neighborhood_abs_misspec_le_0.075",9,0.988107810368746,1,0.0118921896312542,TRUE
43,"broad",NA,NA,0.2,0.033191065131221,0.107813337115222,30,16602.1667401102,1,1,0.994002691489777,0.666085008518743,"conservative_tau_omega_ge_0.10",9,0.666085008518743,0.994002691489777,0.327917682971034,FALSE
43,"broad",NA,NA,0.2,0.033191065131221,0.107813337115222,30,16602.1667401102,1,1,0.994002691489777,0.666085008518743,"point_tau_omega_0.20",1,0.666085008518743,0.666085008518743,0,FALSE
44,"broad",NA,NA,0.05,0.235035443684785,0.21995771293994,30,9377.10402044482,0.0676,0.622431551088552,0.159329367781213,0.0806722548104192,"full_5x5_grid",25,0.0806722548104192,0.622431551088552,0.541759296278132,FALSE
44,"broad",NA,NA,0.05,0.235035443684785,0.21995771293994,30,9377.10402044482,0.0676,0.622431551088552,0.159329367781213,0.0806722548104192,"exclude_tau_omega_zero",24,0.0806722548104192,0.534253356216197,0.453581101405778,FALSE
44,"broad",NA,NA,0.05,0.235035443684785,0.21995771293994,30,9377.10402044482,0.0676,0.622431551088552,0.159329367781213,0.0806722548104192,"neighborhood_abs_misspec_le_0.075",2,0.0806722548104192,0.0834875952978853,0.00281534048746612,FALSE
44,"broad",NA,NA,0.05,0.235035443684785,0.21995771293994,30,9377.10402044482,0.0676,0.622431551088552,0.159329367781213,0.0806722548104192,"conservative_tau_omega_ge_0.10",9,0.0806722548104192,0.159329367781213,0.078657112970794,FALSE
44,"broad",NA,NA,0.05,0.235035443684785,0.21995771293994,30,9377.10402044482,0.0676,0.622431551088552,0.159329367781213,0.0806722548104192,"point_tau_omega_0.20",1,0.0806722548104192,0.0806722548104192,0,FALSE
44,"broad",NA,NA,0.1,0.235035443684785,0.21995771293994,30,9377.10402044482,0.1334,0.994914743322203,0.479460724431218,0.176506801575284,"full_5x5_grid",25,0.176506801575284,0.994914743322203,0.818407941746919,FALSE
44,"broad",NA,NA,0.1,0.235035443684785,0.21995771293994,30,9377.10402044482,0.1334,0.994914743322203,0.479460724431218,0.176506801575284,"exclude_tau_omega_zero",24,0.176506801575284,0.983016815131687,0.806510013556403,FALSE
44,"broad",NA,NA,0.1,0.235035443684785,0.21995771293994,30,9377.10402044482,0.1334,0.994914743322203,0.479460724431218,0.176506801575284,"neighborhood_abs_misspec_le_0.075",2,0.176506801575284,0.18823385360939,0.0117270520341066,FALSE
44,"broad",NA,NA,0.1,0.235035443684785,0.21995771293994,30,9377.10402044482,0.1334,0.994914743322203,0.479460724431218,0.176506801575284,"conservative_tau_omega_ge_0.10",9,0.176506801575284,0.479460724431218,0.302953922855934,FALSE
44,"broad",NA,NA,0.1,0.235035443684785,0.21995771293994,30,9377.10402044482,0.1334,0.994914743322203,0.479460724431218,0.176506801575284,"point_tau_omega_0.20",1,0.176506801575284,0.176506801575284,0,FALSE
44,"broad",NA,NA,0.2,0.235035443684785,0.21995771293994,30,9377.10402044482,0.4122,0.999999999999094,0.967582640562158,0.535323614779239,"full_5x5_grid",25,0.535323614779239,0.999999999999094,0.464676385219855,FALSE
44,"broad",NA,NA,0.2,0.235035443684785,0.21995771293994,30,9377.10402044482,0.4122,0.999999999999094,0.967582640562158,0.535323614779239,"exclude_tau_omega_zero",24,0.535323614779239,0.999999999631211,0.464676384851971,FALSE
44,"broad",NA,NA,0.2,0.235035443684785,0.21995771293994,30,9377.10402044482,0.4122,0.999999999999094,0.967582640562158,0.535323614779239,"neighborhood_abs_misspec_le_0.075",2,0.535323614779239,0.571000411490717,0.0356767967114782,FALSE
44,"broad",NA,NA,0.2,0.235035443684785,0.21995771293994,30,9377.10402044482,0.4122,0.999999999999094,0.967582640562158,0.535323614779239,"conservative_tau_omega_ge_0.10",9,0.535323614779239,0.967582640562158,0.432259025782919,FALSE
44,"broad",NA,NA,0.2,0.235035443684785,0.21995771293994,30,9377.10402044482,0.4122,0.999999999999094,0.967582640562158,0.535323614779239,"point_tau_omega_0.20",1,0.535323614779239,0.535323614779239,0,FALSE
45,"broad",NA,NA,0.05,0.0578786345579429,0.224547301560757,24,3041.02690484634,0.1116,0.235913796050192,0.107656525258387,0.0717447603372133,"full_5x5_grid",25,0.0717447603372133,0.235913796050192,0.164169035712979,TRUE
45,"broad",NA,NA,0.05,0.0578786345579429,0.224547301560757,24,3041.02690484634,0.1116,0.235913796050192,0.107656525258387,0.0717447603372133,"exclude_tau_omega_zero",24,0.0717447603372133,0.225093375012859,0.153348614675645,TRUE
45,"broad",NA,NA,0.05,0.0578786345579429,0.224547301560757,24,3041.02690484634,0.1116,0.235913796050192,0.107656525258387,0.0717447603372133,"neighborhood_abs_misspec_le_0.075",6,0.0991509469622386,0.175596419689512,0.0764454727272731,TRUE
45,"broad",NA,NA,0.05,0.0578786345579429,0.224547301560757,24,3041.02690484634,0.1116,0.235913796050192,0.107656525258387,0.0717447603372133,"conservative_tau_omega_ge_0.10",9,0.0717447603372133,0.107656525258387,0.0359117649211733,FALSE
45,"broad",NA,NA,0.05,0.0578786345579429,0.224547301560757,24,3041.02690484634,0.1116,0.235913796050192,0.107656525258387,0.0717447603372133,"point_tau_omega_0.20",1,0.0717447603372133,0.0717447603372133,0,FALSE
45,"broad",NA,NA,0.1,0.0578786345579429,0.224547301560757,24,3041.02690484634,0.305,0.692987527025394,0.287241886931933,0.139262548340878,"full_5x5_grid",25,0.139262548340878,0.692987527025394,0.553724978684516,TRUE
45,"broad",NA,NA,0.1,0.0578786345579429,0.224547301560757,24,3041.02690484634,0.305,0.692987527025394,0.287241886931933,0.139262548340878,"exclude_tau_omega_zero",24,0.139262548340878,0.667614170768708,0.52835162242783,TRUE
45,"broad",NA,NA,0.1,0.0578786345579429,0.224547301560757,24,3041.02690484634,0.305,0.692987527025394,0.287241886931933,0.139262548340878,"neighborhood_abs_misspec_le_0.075",6,0.252807428140867,0.531004425919129,0.278196997778261,TRUE
45,"broad",NA,NA,0.1,0.0578786345579429,0.224547301560757,24,3041.02690484634,0.305,0.692987527025394,0.287241886931933,0.139262548340878,"conservative_tau_omega_ge_0.10",9,0.139262548340878,0.287241886931933,0.147979338591055,FALSE
45,"broad",NA,NA,0.1,0.0578786345579429,0.224547301560757,24,3041.02690484634,0.305,0.692987527025394,0.287241886931933,0.139262548340878,"point_tau_omega_0.20",1,0.139262548340878,0.139262548340878,0,FALSE
45,"broad",NA,NA,0.2,0.0578786345579429,0.224547301560757,24,3041.02690484634,0.824929971988795,0.998258508923548,0.796090799418372,0.408728269754822,"full_5x5_grid",25,0.408728269754822,0.998258508923548,0.589530239168726,TRUE
45,"broad",NA,NA,0.2,0.0578786345579429,0.224547301560757,24,3041.02690484634,0.824929971988795,0.998258508923548,0.796090799418372,0.408728269754822,"exclude_tau_omega_zero",24,0.408728269754822,0.997305618089157,0.588577348334334,TRUE
45,"broad",NA,NA,0.2,0.0578786345579429,0.224547301560757,24,3041.02690484634,0.824929971988795,0.998258508923548,0.796090799418372,0.408728269754822,"neighborhood_abs_misspec_le_0.075",6,0.732014478193061,0.981636063782502,0.249621585589442,TRUE
45,"broad",NA,NA,0.2,0.0578786345579429,0.224547301560757,24,3041.02690484634,0.824929971988795,0.998258508923548,0.796090799418372,0.408728269754822,"conservative_tau_omega_ge_0.10",9,0.408728269754822,0.796090799418372,0.387362529663549,FALSE
45,"broad",NA,NA,0.2,0.0578786345579429,0.224547301560757,24,3041.02690484634,0.824929971988795,0.998258508923548,0.796090799418372,0.408728269754822,"point_tau_omega_0.20",1,0.408728269754822,0.408728269754822,0,FALSE
46,"broad",NA,NA,0.05,0.0980491817670409,0.248308668094222,120,16585.0212710797,0.2486,0.853082956565164,0.311017563644453,0.142202769921842,"full_5x5_grid",25,0.142202769921842,0.853082956565164,0.710880186643321,TRUE
46,"broad",NA,NA,0.05,0.0980491817670409,0.248308668094222,120,16585.0212710797,0.2486,0.853082956565164,0.311017563644453,0.142202769921842,"exclude_tau_omega_zero",24,0.142202769921842,0.695568458249991,0.553365688328149,TRUE
46,"broad",NA,NA,0.05,0.0980491817670409,0.248308668094222,120,16585.0212710797,0.2486,0.853082956565164,0.311017563644453,0.142202769921842,"neighborhood_abs_misspec_le_0.075",3,0.178962092869249,0.28972699435938,0.110764901490131,TRUE
46,"broad",NA,NA,0.05,0.0980491817670409,0.248308668094222,120,16585.0212710797,0.2486,0.853082956565164,0.311017563644453,0.142202769921842,"conservative_tau_omega_ge_0.10",9,0.142202769921842,0.311017563644453,0.16881479372261,TRUE
46,"broad",NA,NA,0.05,0.0980491817670409,0.248308668094222,120,16585.0212710797,0.2486,0.853082956565164,0.311017563644453,0.142202769921842,"point_tau_omega_0.20",1,0.142202769921842,0.142202769921842,0,FALSE
46,"broad",NA,NA,0.1,0.0980491817670409,0.248308668094222,120,16585.0212710797,0.7192,0.999972548816621,0.834302419080754,0.420264438510573,"full_5x5_grid",25,0.420264438510573,0.999972548816621,0.579708110306048,TRUE
46,"broad",NA,NA,0.1,0.0980491817670409,0.248308668094222,120,16585.0212710797,0.7192,0.999972548816621,0.834302419080754,0.420264438510573,"exclude_tau_omega_zero",24,0.420264438510573,0.998550189208665,0.578285750698092,TRUE
46,"broad",NA,NA,0.1,0.0980491817670409,0.248308668094222,120,16585.0212710797,0.7192,0.999972548816621,0.834302419080754,0.420264438510573,"neighborhood_abs_misspec_le_0.075",3,0.543972156915984,0.801895234599738,0.257923077683755,TRUE
46,"broad",NA,NA,0.1,0.0980491817670409,0.248308668094222,120,16585.0212710797,0.7192,0.999972548816621,0.834302419080754,0.420264438510573,"conservative_tau_omega_ge_0.10",9,0.420264438510573,0.834302419080754,0.414037980570181,TRUE
46,"broad",NA,NA,0.1,0.0980491817670409,0.248308668094222,120,16585.0212710797,0.7192,0.999972548816621,0.834302419080754,0.420264438510573,"point_tau_omega_0.20",1,0.420264438510573,0.420264438510573,0,FALSE
46,"broad",NA,NA,0.2,0.0980491817670409,0.248308668094222,120,16585.0212710797,0.9992,1,0.999951626940752,0.940124472653119,"full_5x5_grid",25,0.940124472653119,1,0.0598755273468811,TRUE
46,"broad",NA,NA,0.2,0.0980491817670409,0.248308668094222,120,16585.0212710797,0.9992,1,0.999951626940752,0.940124472653119,"exclude_tau_omega_zero",24,0.940124472653119,0.999999999999999,0.0598755273468796,TRUE
46,"broad",NA,NA,0.2,0.0980491817670409,0.248308668094222,120,16585.0212710797,0.9992,1,0.999951626940752,0.940124472653119,"neighborhood_abs_misspec_le_0.075",3,0.985333101727884,0.999870380841018,0.0145372791131342,TRUE
46,"broad",NA,NA,0.2,0.0980491817670409,0.248308668094222,120,16585.0212710797,0.9992,1,0.999951626940752,0.940124472653119,"conservative_tau_omega_ge_0.10",9,0.940124472653119,0.999951626940752,0.0598271542876332,TRUE
46,"broad",NA,NA,0.2,0.0980491817670409,0.248308668094222,120,16585.0212710797,0.9992,1,0.999951626940752,0.940124472653119,"point_tau_omega_0.20",1,0.940124472653119,0.940124472653119,0,FALSE
47,"broad",NA,NA,0.05,0.220655136180809,0.100642850187607,96,20953.4997357757,0.128,0.943861064420378,0.327639476492635,0.131544498557898,"full_5x5_grid",25,0.131544498557898,0.943861064420378,0.81231656586248,FALSE
47,"broad",NA,NA,0.05,0.220655136180809,0.100642850187607,96,20953.4997357757,0.128,0.943861064420378,0.327639476492635,0.131544498557898,"exclude_tau_omega_zero",24,0.131544498557898,0.895730746133444,0.764186247575546,FALSE
47,"broad",NA,NA,0.05,0.220655136180809,0.100642850187607,96,20953.4997357757,0.128,0.943861064420378,0.327639476492635,0.131544498557898,"neighborhood_abs_misspec_le_0.075",6,0.137491293152844,0.210670890142332,0.0731795969894877,FALSE
47,"broad",NA,NA,0.05,0.220655136180809,0.100642850187607,96,20953.4997357757,0.128,0.943861064420378,0.327639476492635,0.131544498557898,"conservative_tau_omega_ge_0.10",9,0.131544498557898,0.327639476492635,0.196094977934737,FALSE
47,"broad",NA,NA,0.05,0.220655136180809,0.100642850187607,96,20953.4997357757,0.128,0.943861064420378,0.327639476492635,0.131544498557898,"point_tau_omega_0.20",1,0.131544498557898,0.131544498557898,0,FALSE
47,"broad",NA,NA,0.1,0.220655136180809,0.100642850187607,96,20953.4997357757,0.363,0.999999857255923,0.856430987253734,0.380804798533559,"full_5x5_grid",25,0.380804798533559,0.999999857255923,0.619195058722364,FALSE
47,"broad",NA,NA,0.1,0.220655136180809,0.100642850187607,96,20953.4997357757,0.363,0.999999857255923,0.856430987253734,0.380804798533559,"exclude_tau_omega_zero",24,0.380804798533559,0.999996138693172,0.619191340159614,FALSE
47,"broad",NA,NA,0.1,0.220655136180809,0.100642850187607,96,20953.4997357757,0.363,0.999999857255923,0.856430987253734,0.380804798533559,"neighborhood_abs_misspec_le_0.075",6,0.402952829801046,0.634781844796544,0.231829014995497,FALSE
47,"broad",NA,NA,0.1,0.220655136180809,0.100642850187607,96,20953.4997357757,0.363,0.999999857255923,0.856430987253734,0.380804798533559,"conservative_tau_omega_ge_0.10",9,0.380804798533559,0.856430987253734,0.475626188720175,FALSE
47,"broad",NA,NA,0.1,0.220655136180809,0.100642850187607,96,20953.4997357757,0.363,0.999999857255923,0.856430987253734,0.380804798533559,"point_tau_omega_0.20",1,0.380804798533559,0.380804798533559,0,FALSE
47,"broad",NA,NA,0.2,0.220655136180809,0.100642850187607,96,20953.4997357757,0.905,1,0.999977852826311,0.911562277225912,"full_5x5_grid",25,0.911562277225912,1,0.088437722774088,FALSE
47,"broad",NA,NA,0.2,0.220655136180809,0.100642850187607,96,20953.4997357757,0.905,1,0.999977852826311,0.911562277225912,"exclude_tau_omega_zero",24,0.911562277225912,1,0.088437722774088,FALSE
47,"broad",NA,NA,0.2,0.220655136180809,0.100642850187607,96,20953.4997357757,0.905,1,0.999977852826311,0.911562277225912,"neighborhood_abs_misspec_le_0.075",6,0.928650794397128,0.99592323423636,0.0672724398392318,FALSE
47,"broad",NA,NA,0.2,0.220655136180809,0.100642850187607,96,20953.4997357757,0.905,1,0.999977852826311,0.911562277225912,"conservative_tau_omega_ge_0.10",9,0.911562277225912,0.999977852826311,0.0884155756003987,FALSE
47,"broad",NA,NA,0.2,0.220655136180809,0.100642850187607,96,20953.4997357757,0.905,1,0.999977852826311,0.911562277225912,"point_tau_omega_0.20",1,0.911562277225912,0.911562277225912,0,FALSE
48,"broad",NA,NA,0.05,0.198264266663173,0.152062931929657,36,3136.31882352941,0.0434,0.125578740926695,0.0719806928438956,0.0588820186517589,"full_5x5_grid",25,0.0588820186517589,0.125578740926695,0.0666967222749364,FALSE
48,"broad",NA,NA,0.05,0.198264266663173,0.152062931929657,36,3136.31882352941,0.0434,0.125578740926695,0.0719806928438956,0.0588820186517589,"exclude_tau_omega_zero",24,0.0588820186517589,0.114394734991512,0.0555127163397533,FALSE
48,"broad",NA,NA,0.05,0.198264266663173,0.152062931929657,36,3136.31882352941,0.0434,0.125578740926695,0.0719806928438956,0.0588820186517589,"neighborhood_abs_misspec_le_0.075",6,0.0588820186517589,0.0646067953043296,0.00572477665257065,FALSE
48,"broad",NA,NA,0.05,0.198264266663173,0.152062931929657,36,3136.31882352941,0.0434,0.125578740926695,0.0719806928438956,0.0588820186517589,"conservative_tau_omega_ge_0.10",9,0.0588820186517589,0.0719806928438956,0.0130986741921367,FALSE
48,"broad",NA,NA,0.05,0.198264266663173,0.152062931929657,36,3136.31882352941,0.0434,0.125578740926695,0.0719806928438956,0.0588820186517589,"point_tau_omega_0.20",1,0.0588820186517589,0.0588820186517589,0,FALSE
48,"broad",NA,NA,0.1,0.198264266663173,0.152062931929657,36,3136.31882352941,0.0742,0.306506543755671,0.137415985109877,0.0857100173941413,"full_5x5_grid",25,0.0857100173941413,0.306506543755671,0.220796526361529,FALSE
48,"broad",NA,NA,0.1,0.198264266663173,0.152062931929657,36,3136.31882352941,0.0742,0.306506543755671,0.137415985109877,0.0857100173941413,"exclude_tau_omega_zero",24,0.0857100173941413,0.277849731282362,0.192139713888221,FALSE
48,"broad",NA,NA,0.1,0.198264266663173,0.152062931929657,36,3136.31882352941,0.0742,0.306506543755671,0.137415985109877,0.0857100173941413,"neighborhood_abs_misspec_le_0.075",6,0.0857100173941413,0.108638452877197,0.0229284354830552,FALSE
48,"broad",NA,NA,0.1,0.198264266663173,0.152062931929657,36,3136.31882352941,0.0742,0.306506543755671,0.137415985109877,0.0857100173941413,"conservative_tau_omega_ge_0.10",9,0.0857100173941413,0.137415985109877,0.0517059677157358,FALSE
48,"broad",NA,NA,0.1,0.198264266663173,0.152062931929657,36,3136.31882352941,0.0742,0.306506543755671,0.137415985109877,0.0857100173941413,"point_tau_omega_0.20",1,0.0857100173941413,0.0857100173941413,0,FALSE
48,"broad",NA,NA,0.2,0.198264266663173,0.152062931929657,36,3136.31882352941,0.1924,0.702758393680128,0.375950788133347,0.193522515385927,"full_5x5_grid",25,0.193522515385927,0.702758393680128,0.509235878294201,FALSE
48,"broad",NA,NA,0.2,0.198264266663173,0.152062931929657,36,3136.31882352941,0.1924,0.702758393680128,0.375950788133347,0.193522515385927,"exclude_tau_omega_zero",24,0.193522515385927,0.668891839162847,0.475369323776921,FALSE
48,"broad",NA,NA,0.2,0.198264266663173,0.152062931929657,36,3136.31882352941,0.1924,0.702758393680128,0.375950788133347,0.193522515385927,"neighborhood_abs_misspec_le_0.075",6,0.193522515385927,0.280315808887116,0.0867932935011896,FALSE
48,"broad",NA,NA,0.2,0.198264266663173,0.152062931929657,36,3136.31882352941,0.1924,0.702758393680128,0.375950788133347,0.193522515385927,"conservative_tau_omega_ge_0.10",9,0.193522515385927,0.375950788133347,0.18242827274742,FALSE
48,"broad",NA,NA,0.2,0.198264266663173,0.152062931929657,36,3136.31882352941,0.1924,0.702758393680128,0.375950788133347,0.193522515385927,"point_tau_omega_0.20",1,0.193522515385927,0.193522515385927,0,FALSE
49,"broad",NA,NA,0.05,0.191422047653585,0.192527133278258,36,27854.9140052521,0.0954,0.973862119744914,0.186529586269883,0.0855953071855456,"full_5x5_grid",25,0.0855953071855456,0.973862119744914,0.888266812559368,TRUE
49,"broad",NA,NA,0.05,0.191422047653585,0.192527133278258,36,27854.9140052521,0.0954,0.973862119744914,0.186529586269883,0.0855953071855456,"exclude_tau_omega_zero",24,0.0855953071855456,0.756296398116331,0.670701090930786,TRUE
49,"broad",NA,NA,0.05,0.191422047653585,0.192527133278258,36,27854.9140052521,0.0954,0.973862119744914,0.186529586269883,0.0855953071855456,"neighborhood_abs_misspec_le_0.075",4,0.0855953071855456,0.112741087702655,0.0271457805171091,TRUE
49,"broad",NA,NA,0.05,0.191422047653585,0.192527133278258,36,27854.9140052521,0.0954,0.973862119744914,0.186529586269883,0.0855953071855456,"conservative_tau_omega_ge_0.10",9,0.0855953071855456,0.186529586269883,0.100934279084338,TRUE
49,"broad",NA,NA,0.05,0.191422047653585,0.192527133278258,36,27854.9140052521,0.0954,0.973862119744914,0.186529586269883,0.0855953071855456,"point_tau_omega_0.20",1,0.0855953071855456,0.0855953071855456,0,FALSE
49,"broad",NA,NA,0.1,0.191422047653585,0.192527133278258,36,27854.9140052521,0.2108,0.999999996701917,0.566856125789175,0.19714210844063,"full_5x5_grid",25,0.19714210844063,0.999999996701917,0.802857888261287,TRUE
49,"broad",NA,NA,0.1,0.191422047653585,0.192527133278258,36,27854.9140052521,0.2108,0.999999996701917,0.566856125789175,0.19714210844063,"exclude_tau_omega_zero",24,0.19714210844063,0.999576640058952,0.802434531618323,TRUE
49,"broad",NA,NA,0.1,0.191422047653585,0.192527133278258,36,27854.9140052521,0.2108,0.999999996701917,0.566856125789175,0.19714210844063,"neighborhood_abs_misspec_le_0.075",4,0.19714210844063,0.30799749171353,0.1108553832729,TRUE
49,"broad",NA,NA,0.1,0.191422047653585,0.192527133278258,36,27854.9140052521,0.2108,0.999999996701917,0.566856125789175,0.19714210844063,"conservative_tau_omega_ge_0.10",9,0.19714210844063,0.566856125789175,0.369714017348545,TRUE
49,"broad",NA,NA,0.1,0.191422047653585,0.192527133278258,36,27854.9140052521,0.2108,0.999999996701917,0.566856125789175,0.19714210844063,"point_tau_omega_0.20",1,0.19714210844063,0.19714210844063,0,FALSE
49,"broad",NA,NA,0.2,0.191422047653585,0.192527133278258,36,27854.9140052521,0.6436,1,0.9890819142976,0.597745972681433,"full_5x5_grid",25,0.597745972681433,1,0.402254027318567,TRUE
49,"broad",NA,NA,0.2,0.191422047653585,0.192527133278258,36,27854.9140052521,0.6436,1,0.9890819142976,0.597745972681433,"exclude_tau_omega_zero",24,0.597745972681433,1,0.402254027318567,TRUE
49,"broad",NA,NA,0.2,0.191422047653585,0.192527133278258,36,27854.9140052521,0.6436,1,0.9890819142976,0.597745972681433,"neighborhood_abs_misspec_le_0.075",4,0.597745972681433,0.829846061054116,0.232100088372683,TRUE
49,"broad",NA,NA,0.2,0.191422047653585,0.192527133278258,36,27854.9140052521,0.6436,1,0.9890819142976,0.597745972681433,"conservative_tau_omega_ge_0.10",9,0.597745972681433,0.9890819142976,0.391335941616166,TRUE
49,"broad",NA,NA,0.2,0.191422047653585,0.192527133278258,36,27854.9140052521,0.6436,1,0.9890819142976,0.597745972681433,"point_tau_omega_0.20",1,0.597745972681433,0.597745972681433,0,FALSE
5,"broad",NA,NA,0.05,0.184341202856973,0.116892401734658,96,11962.4234025281,0.1712,0.741943317335992,0.328347821800408,0.153074645794155,"full_5x5_grid",25,0.153074645794155,0.741943317335992,0.588868671541838,TRUE
5,"broad",NA,NA,0.05,0.184341202856973,0.116892401734658,96,11962.4234025281,0.1712,0.741943317335992,0.328347821800408,0.153074645794155,"exclude_tau_omega_zero",24,0.153074645794155,0.683702225123577,0.530627579329422,TRUE
5,"broad",NA,NA,0.05,0.184341202856973,0.116892401734658,96,11962.4234025281,0.1712,0.741943317335992,0.328347821800408,0.153074645794155,"neighborhood_abs_misspec_le_0.075",6,0.15902783128177,0.231932134566826,0.0729043032850563,TRUE
5,"broad",NA,NA,0.05,0.184341202856973,0.116892401734658,96,11962.4234025281,0.1712,0.741943317335992,0.328347821800408,0.153074645794155,"conservative_tau_omega_ge_0.10",9,0.153074645794155,0.328347821800408,0.175273176006253,TRUE
5,"broad",NA,NA,0.05,0.184341202856973,0.116892401734658,96,11962.4234025281,0.1712,0.741943317335992,0.328347821800408,0.153074645794155,"point_tau_omega_0.20",1,0.153074645794155,0.153074645794155,0,FALSE
5,"broad",NA,NA,0.1,0.184341202856973,0.116892401734658,96,11962.4234025281,0.517,0.999420683998765,0.857436033949146,0.458912419117925,"full_5x5_grid",25,0.458912419117925,0.999420683998765,0.54050826488084,TRUE
5,"broad",NA,NA,0.1,0.184341202856973,0.116892401734658,96,11962.4234025281,0.517,0.999420683998765,0.857436033949146,0.458912419117925,"exclude_tau_omega_zero",24,0.458912419117925,0.998196246687855,0.539283827569931,TRUE
5,"broad",NA,NA,0.1,0.184341202856973,0.116892401734658,96,11962.4234025281,0.517,0.999420683998765,0.857436033949146,0.458912419117925,"neighborhood_abs_misspec_le_0.075",6,0.479345243394602,0.687871510505082,0.20852626711048,TRUE
5,"broad",NA,NA,0.1,0.184341202856973,0.116892401734658,96,11962.4234025281,0.517,0.999420683998765,0.857436033949146,0.458912419117925,"conservative_tau_omega_ge_0.10",9,0.458912419117925,0.857436033949146,0.398523614831221,TRUE
5,"broad",NA,NA,0.1,0.184341202856973,0.116892401734658,96,11962.4234025281,0.517,0.999420683998765,0.857436033949146,0.458912419117925,"point_tau_omega_0.20",1,0.458912419117925,0.458912419117925,0,FALSE
5,"broad",NA,NA,0.2,0.184341202856973,0.116892401734658,96,11962.4234025281,0.9814,1,0.999978874909614,0.960156818871838,"full_5x5_grid",25,0.960156818871838,1,0.039843181128162,TRUE
5,"broad",NA,NA,0.2,0.184341202856973,0.116892401734658,96,11962.4234025281,0.9814,1,0.999978874909614,0.960156818871838,"exclude_tau_omega_zero",24,0.960156818871838,0.999999999999996,0.0398431811281578,TRUE
5,"broad",NA,NA,0.2,0.184341202856973,0.116892401734658,96,11962.4234025281,0.9814,1,0.999978874909614,0.960156818871838,"neighborhood_abs_misspec_le_0.075",6,0.968219995961772,0.998347966079249,0.0301279701174767,TRUE
5,"broad",NA,NA,0.2,0.184341202856973,0.116892401734658,96,11962.4234025281,0.9814,1,0.999978874909614,0.960156818871838,"conservative_tau_omega_ge_0.10",9,0.960156818871838,0.999978874909614,0.0398220560377763,TRUE
5,"broad",NA,NA,0.2,0.184341202856973,0.116892401734658,96,11962.4234025281,0.9814,1,0.999978874909614,0.960156818871838,"point_tau_omega_0.20",1,0.960156818871838,0.960156818871838,0,FALSE
50,"broad",NA,NA,0.05,0.088919751532143,0.0714645735999802,60,48880.3224133369,0.3264,0.999470571822207,0.265247487256393,0.105005877035986,"full_5x5_grid",25,0.105005877035986,0.999470571822207,0.894464694786221,TRUE
50,"broad",NA,NA,0.05,0.088919751532143,0.0714645735999802,60,48880.3224133369,0.3264,0.999470571822207,0.265247487256393,0.105005877035986,"exclude_tau_omega_zero",24,0.105005877035986,0.982215972073495,0.877210095037509,TRUE
50,"broad",NA,NA,0.05,0.088919751532143,0.0714645735999802,60,48880.3224133369,0.3264,0.999470571822207,0.265247487256393,0.105005877035986,"neighborhood_abs_misspec_le_0.075",9,0.157995560718651,0.744316745615596,0.586321184896945,TRUE
50,"broad",NA,NA,0.05,0.088919751532143,0.0714645735999802,60,48880.3224133369,0.3264,0.999470571822207,0.265247487256393,0.105005877035986,"conservative_tau_omega_ge_0.10",9,0.105005877035986,0.265247487256393,0.160241610220408,FALSE
50,"broad",NA,NA,0.05,0.088919751532143,0.0714645735999802,60,48880.3224133369,0.3264,0.999470571822207,0.265247487256393,0.105005877035986,"point_tau_omega_0.20",1,0.105005877035986,0.105005877035986,0,FALSE
50,"broad",NA,NA,0.1,0.088919751532143,0.0714645735999802,60,48880.3224133369,0.8526,1,0.757766167043008,0.276812886102571,"full_5x5_grid",25,0.276812886102571,1,0.723187113897429,TRUE
50,"broad",NA,NA,0.1,0.088919751532143,0.0714645735999802,60,48880.3224133369,0.8526,1,0.757766167043008,0.276812886102571,"exclude_tau_omega_zero",24,0.276812886102571,0.999999999568469,0.723187113465898,TRUE
50,"broad",NA,NA,0.1,0.088919751532143,0.0714645735999802,60,48880.3224133369,0.8526,1,0.757766167043008,0.276812886102571,"neighborhood_abs_misspec_le_0.075",9,0.475290749376602,0.99944563303874,0.524154883662138,TRUE
50,"broad",NA,NA,0.1,0.088919751532143,0.0714645735999802,60,48880.3224133369,0.8526,1,0.757766167043008,0.276812886102571,"conservative_tau_omega_ge_0.10",9,0.276812886102571,0.757766167043008,0.480953280940437,FALSE
50,"broad",NA,NA,0.1,0.088919751532143,0.0714645735999802,60,48880.3224133369,0.8526,1,0.757766167043008,0.276812886102571,"point_tau_omega_0.20",1,0.276812886102571,0.276812886102571,0,FALSE
50,"broad",NA,NA,0.2,0.088919751532143,0.0714645735999802,60,48880.3224133369,1,1,0.999588735575391,0.779103412579437,"full_5x5_grid",25,0.779103412579437,1,0.220896587420563,TRUE
50,"broad",NA,NA,0.2,0.088919751532143,0.0714645735999802,60,48880.3224133369,1,1,0.999588735575391,0.779103412579437,"exclude_tau_omega_zero",24,0.779103412579437,1,0.220896587420563,TRUE
50,"broad",NA,NA,0.2,0.088919751532143,0.0714645735999802,60,48880.3224133369,1,1,0.999588735575391,0.779103412579437,"neighborhood_abs_misspec_le_0.075",9,0.966312455262766,1,0.033687544737234,TRUE
50,"broad",NA,NA,0.2,0.088919751532143,0.0714645735999802,60,48880.3224133369,1,1,0.999588735575391,0.779103412579437,"conservative_tau_omega_ge_0.10",9,0.779103412579437,0.999588735575391,0.220485322995954,FALSE
50,"broad",NA,NA,0.2,0.088919751532143,0.0714645735999802,60,48880.3224133369,1,1,0.999588735575391,0.779103412579437,"point_tau_omega_0.20",1,0.779103412579437,0.779103412579437,0,FALSE
51,"broad",NA,NA,0.05,0.0421802866184153,0.210435306443425,120,18251.6280604853,0.213728236942165,0.865128659410536,0.206924078522736,0.0924674721083538,"full_5x5_grid",25,0.0924674721083538,0.865128659410536,0.772661187302182,TRUE
51,"broad",NA,NA,0.05,0.0421802866184153,0.210435306443425,120,18251.6280604853,0.213728236942165,0.865128659410536,0.206924078522736,0.0924674721083538,"exclude_tau_omega_zero",24,0.0924674721083538,0.757402894532089,0.664935422423735,TRUE
51,"broad",NA,NA,0.05,0.0421802866184153,0.210435306443425,120,18251.6280604853,0.213728236942165,0.865128659410536,0.206924078522736,0.0924674721083538,"neighborhood_abs_misspec_le_0.075",6,0.150624166943896,0.338828631693895,0.188204464749998,TRUE
51,"broad",NA,NA,0.05,0.0421802866184153,0.210435306443425,120,18251.6280604853,0.213728236942165,0.865128659410536,0.206924078522736,0.0924674721083538,"conservative_tau_omega_ge_0.10",9,0.0924674721083538,0.206924078522736,0.114456606414382,FALSE
51,"broad",NA,NA,0.05,0.0421802866184153,0.210435306443425,120,18251.6280604853,0.213728236942165,0.865128659410536,0.206924078522736,0.0924674721083538,"point_tau_omega_0.20",1,0.0924674721083538,0.0924674721083538,0,FALSE
51,"broad",NA,NA,0.1,0.0421802866184153,0.210435306443425,120,18251.6280604853,0.6128903122498,0.999980599335584,0.622257869763447,0.225191758354672,"full_5x5_grid",25,0.225191758354672,0.999980599335584,0.774788840980912,TRUE
51,"broad",NA,NA,0.1,0.0421802866184153,0.210435306443425,120,18251.6280604853,0.6128903122498,0.999980599335584,0.622257869763447,0.225191758354672,"exclude_tau_omega_zero",24,0.225191758354672,0.999542880344684,0.774351121990012,TRUE
51,"broad",NA,NA,0.1,0.0421802866184153,0.210435306443425,120,18251.6280604853,0.6128903122498,0.999980599335584,0.622257869763447,0.225191758354672,"neighborhood_abs_misspec_le_0.075",6,0.448563517859871,0.867245722487312,0.418682204627441,TRUE
51,"broad",NA,NA,0.1,0.0421802866184153,0.210435306443425,120,18251.6280604853,0.6128903122498,0.999980599335584,0.622257869763447,0.225191758354672,"conservative_tau_omega_ge_0.10",9,0.225191758354672,0.622257869763447,0.397066111408775,TRUE
51,"broad",NA,NA,0.1,0.0421802866184153,0.210435306443425,120,18251.6280604853,0.6128903122498,0.999980599335584,0.622257869763447,0.225191758354672,"point_tau_omega_0.20",1,0.225191758354672,0.225191758354672,0,FALSE
51,"broad",NA,NA,0.2,0.0421802866184153,0.210435306443425,120,18251.6280604853,0.992,1,0.994658631451344,0.668879385007041,"full_5x5_grid",25,0.668879385007041,1,0.331120614992959,TRUE
51,"broad",NA,NA,0.2,0.0421802866184153,0.210435306443425,120,18251.6280604853,0.992,1,0.994658631451344,0.668879385007041,"exclude_tau_omega_zero",24,0.668879385007041,1,0.331120614992959,TRUE
51,"broad",NA,NA,0.2,0.0421802866184153,0.210435306443425,120,18251.6280604853,0.992,1,0.994658631451344,0.668879385007041,"neighborhood_abs_misspec_le_0.075",6,0.953665977786415,0.999982165454202,0.0463161876677867,TRUE
51,"broad",NA,NA,0.2,0.0421802866184153,0.210435306443425,120,18251.6280604853,0.992,1,0.994658631451344,0.668879385007041,"conservative_tau_omega_ge_0.10",9,0.668879385007041,0.994658631451344,0.325779246444304,TRUE
51,"broad",NA,NA,0.2,0.0421802866184153,0.210435306443425,120,18251.6280604853,0.992,1,0.994658631451344,0.668879385007041,"point_tau_omega_0.20",1,0.668879385007041,0.668879385007041,0,FALSE
52,"broad",NA,NA,0.05,0.117962273352721,0.0319425661808928,72,19075.4308655407,0.2308,0.913482249259277,0.32231277272846,0.142344645008388,"full_5x5_grid",25,0.142344645008388,0.913482249259277,0.771137604250888,TRUE
52,"broad",NA,NA,0.05,0.117962273352721,0.0319425661808928,72,19075.4308655407,0.2308,0.913482249259277,0.32231277272846,0.142344645008388,"exclude_tau_omega_zero",24,0.142344645008388,0.844872777966092,0.702528132957704,TRUE
52,"broad",NA,NA,0.05,0.117962273352721,0.0319425661808928,72,19075.4308655407,0.2308,0.913482249259277,0.32231277272846,0.142344645008388,"neighborhood_abs_misspec_le_0.075",9,0.208784265858944,0.636083381075779,0.427299115216834,TRUE
52,"broad",NA,NA,0.05,0.117962273352721,0.0319425661808928,72,19075.4308655407,0.2308,0.913482249259277,0.32231277272846,0.142344645008388,"conservative_tau_omega_ge_0.10",9,0.142344645008388,0.32231277272846,0.179968127720072,TRUE
52,"broad",NA,NA,0.05,0.117962273352721,0.0319425661808928,72,19075.4308655407,0.2308,0.913482249259277,0.32231277272846,0.142344645008388,"point_tau_omega_0.20",1,0.142344645008388,0.142344645008388,0,FALSE
52,"broad",NA,NA,0.1,0.117962273352721,0.0319425661808928,72,19075.4308655407,0.6684,0.99999852615945,0.849793419595366,0.420844183978575,"full_5x5_grid",25,0.420844183978575,0.99999852615945,0.579154342180875,TRUE
52,"broad",NA,NA,0.1,0.117962273352721,0.0319425661808928,72,19075.4308655407,0.6684,0.99999852615945,0.849793419595366,0.420844183978575,"exclude_tau_omega_zero",24,0.420844183978575,0.999966242069681,0.579122058091106,TRUE
52,"broad",NA,NA,0.1,0.117962273352721,0.0319425661808928,72,19075.4308655407,0.6684,0.99999852615945,0.849793419595366,0.420844183978575,"neighborhood_abs_misspec_le_0.075",9,0.630006900020006,0.996027355024886,0.36602045500488,TRUE
52,"broad",NA,NA,0.1,0.117962273352721,0.0319425661808928,72,19075.4308655407,0.6684,0.99999852615945,0.849793419595366,0.420844183978575,"conservative_tau_omega_ge_0.10",9,0.420844183978575,0.849793419595366,0.428949235616791,TRUE
52,"broad",NA,NA,0.1,0.117962273352721,0.0319425661808928,72,19075.4308655407,0.6684,0.99999852615945,0.849793419595366,0.420844183978575,"point_tau_omega_0.20",1,0.420844183978575,0.420844183978575,0,FALSE
52,"broad",NA,NA,0.2,0.117962273352721,0.0319425661808928,72,19075.4308655407,0.9976,1,0.999972037959535,0.940560990027868,"full_5x5_grid",25,0.940560990027868,1,0.0594390099721316,TRUE
52,"broad",NA,NA,0.2,0.117962273352721,0.0319425661808928,72,19075.4308655407,0.9976,1,0.999972037959535,0.940560990027868,"exclude_tau_omega_zero",24,0.940560990027868,1,0.0594390099721316,TRUE
52,"broad",NA,NA,0.2,0.117962273352721,0.0319425661808928,72,19075.4308655407,0.9976,1,0.999972037959535,0.940560990027868,"neighborhood_abs_misspec_le_0.075",9,0.995639131383936,0.99999999999981,0.00436086861587404,TRUE
52,"broad",NA,NA,0.2,0.117962273352721,0.0319425661808928,72,19075.4308655407,0.9976,1,0.999972037959535,0.940560990027868,"conservative_tau_omega_ge_0.10",9,0.940560990027868,0.999972037959535,0.0594110479316668,TRUE
52,"broad",NA,NA,0.2,0.117962273352721,0.0319425661808928,72,19075.4308655407,0.9976,1,0.999972037959535,0.940560990027868,"point_tau_omega_0.20",1,0.940560990027868,0.940560990027868,0,FALSE
53,"broad",NA,NA,0.05,0.132502243192983,0.215038244428462,48,9770.04503270403,0.0908,0.666889369287891,0.163702468701589,0.084337225926059,"full_5x5_grid",25,0.084337225926059,0.666889369287891,0.582552143361832,TRUE
53,"broad",NA,NA,0.05,0.132502243192983,0.215038244428462,48,9770.04503270403,0.0908,0.666889369287891,0.163702468701589,0.084337225926059,"exclude_tau_omega_zero",24,0.084337225926059,0.433303603998584,0.348966378072525,TRUE
53,"broad",NA,NA,0.05,0.132502243192983,0.215038244428462,48,9770.04503270403,0.0908,0.666889369287891,0.163702468701589,0.084337225926059,"neighborhood_abs_misspec_le_0.075",6,0.084337225926059,0.129703616687878,0.0453663907618188,TRUE
53,"broad",NA,NA,0.05,0.132502243192983,0.215038244428462,48,9770.04503270403,0.0908,0.666889369287891,0.163702468701589,0.084337225926059,"conservative_tau_omega_ge_0.10",9,0.084337225926059,0.163702468701589,0.0793652427755296,TRUE
53,"broad",NA,NA,0.05,0.132502243192983,0.215038244428462,48,9770.04503270403,0.0908,0.666889369287891,0.163702468701589,0.084337225926059,"point_tau_omega_0.20",1,0.084337225926059,0.084337225926059,0,FALSE
53,"broad",NA,NA,0.1,0.132502243192983,0.215038244428462,48,9770.04503270403,0.236589271417134,0.997587509896459,0.49475441127831,0.191867215228357,"full_5x5_grid",25,0.191867215228357,0.997587509896459,0.805720294668102,TRUE
53,"broad",NA,NA,0.1,0.132502243192983,0.215038244428462,48,9770.04503270403,0.236589271417134,0.997587509896459,0.49475441127831,0.191867215228357,"exclude_tau_omega_zero",24,0.191867215228357,0.947533059938196,0.755665844709839,TRUE
53,"broad",NA,NA,0.1,0.132502243192983,0.215038244428462,48,9770.04503270403,0.236589271417134,0.997587509896459,0.49475441127831,0.191867215228357,"neighborhood_abs_misspec_le_0.075",6,0.191867215228357,0.373743391516468,0.181876176288111,TRUE
53,"broad",NA,NA,0.1,0.132502243192983,0.215038244428462,48,9770.04503270403,0.236589271417134,0.997587509896459,0.49475441127831,0.191867215228357,"conservative_tau_omega_ge_0.10",9,0.191867215228357,0.49475441127831,0.302887196049954,TRUE
53,"broad",NA,NA,0.1,0.132502243192983,0.215038244428462,48,9770.04503270403,0.236589271417134,0.997587509896459,0.49475441127831,0.191867215228357,"point_tau_omega_0.20",1,0.191867215228357,0.191867215228357,0,FALSE
53,"broad",NA,NA,0.2,0.132502243192983,0.215038244428462,48,9770.04503270403,0.703481392557023,0.999999999999983,0.973172741801503,0.582350035435714,"full_5x5_grid",25,0.582350035435714,0.999999999999983,0.417649964564269,TRUE
53,"broad",NA,NA,0.2,0.132502243192983,0.215038244428462,48,9770.04503270403,0.703481392557023,0.999999999999983,0.973172741801503,0.582350035435714,"exclude_tau_omega_zero",24,0.582350035435714,0.999999897120138,0.417649861684424,TRUE
53,"broad",NA,NA,0.2,0.132502243192983,0.215038244428462,48,9770.04503270403,0.703481392557023,0.999999999999983,0.973172741801503,0.582350035435714,"neighborhood_abs_misspec_le_0.075",6,0.582350035435714,0.905227667737736,0.322877632302022,TRUE
53,"broad",NA,NA,0.2,0.132502243192983,0.215038244428462,48,9770.04503270403,0.703481392557023,0.999999999999983,0.973172741801503,0.582350035435714,"conservative_tau_omega_ge_0.10",9,0.582350035435714,0.973172741801503,0.390822706365789,TRUE
53,"broad",NA,NA,0.2,0.132502243192983,0.215038244428462,48,9770.04503270403,0.703481392557023,0.999999999999983,0.973172741801503,0.582350035435714,"point_tau_omega_0.20",1,0.582350035435714,0.582350035435714,0,FALSE
54,"broad",NA,NA,0.05,0.105794934902806,0.0499364083755063,24,1361.81662425044,0.069,0.110232289170313,0.0768703003938995,0.0600443999647845,"full_5x5_grid",25,0.0600443999647845,0.110232289170313,0.0501878892055286,TRUE
54,"broad",NA,NA,0.05,0.105794934902806,0.0499364083755063,24,1361.81662425044,0.069,0.110232289170313,0.0768703003938995,0.0600443999647845,"exclude_tau_omega_zero",24,0.0600443999647845,0.103267856154312,0.0432234561895272,TRUE
54,"broad",NA,NA,0.05,0.105794934902806,0.0499364083755063,24,1361.81662425044,0.069,0.110232289170313,0.0768703003938995,0.0600443999647845,"neighborhood_abs_misspec_le_0.075",9,0.0691413149873125,0.101219454571426,0.0320781395841132,FALSE
54,"broad",NA,NA,0.05,0.105794934902806,0.0499364083755063,24,1361.81662425044,0.069,0.110232289170313,0.0768703003938995,0.0600443999647845,"conservative_tau_omega_ge_0.10",9,0.0600443999647845,0.0768703003938995,0.016825900429115,TRUE
54,"broad",NA,NA,0.05,0.105794934902806,0.0499364083755063,24,1361.81662425044,0.069,0.110232289170313,0.0768703003938995,0.0600443999647845,"point_tau_omega_0.20",1,0.0600443999647845,0.0600443999647845,0,FALSE
54,"broad",NA,NA,0.1,0.105794934902806,0.0499364083755063,24,1361.81662425044,0.1688,0.290242423114649,0.159470232032761,0.0906294606350312,"full_5x5_grid",25,0.0906294606350312,0.290242423114649,0.199612962479618,TRUE
54,"broad",NA,NA,0.1,0.105794934902806,0.0499364083755063,24,1361.81662425044,0.1688,0.290242423114649,0.159470232032761,0.0906294606350312,"exclude_tau_omega_zero",24,0.0906294606350312,0.263550962409297,0.172921501774266,TRUE
54,"broad",NA,NA,0.1,0.105794934902806,0.0499364083755063,24,1361.81662425044,0.1688,0.290242423114649,0.159470232032761,0.0906294606350312,"neighborhood_abs_misspec_le_0.075",9,0.127922683874422,0.256927654948989,0.129004971074567,TRUE
54,"broad",NA,NA,0.1,0.105794934902806,0.0499364083755063,24,1361.81662425044,0.1688,0.290242423114649,0.159470232032761,0.0906294606350312,"conservative_tau_omega_ge_0.10",9,0.0906294606350312,0.159470232032761,0.0688407713977296,FALSE
54,"broad",NA,NA,0.1,0.105794934902806,0.0499364083755063,24,1361.81662425044,0.1688,0.290242423114649,0.159470232032761,0.0906294606350312,"point_tau_omega_0.20",1,0.0906294606350312,0.0906294606350312,0,FALSE
54,"broad",NA,NA,0.2,0.105794934902806,0.0499364083755063,24,1361.81662425044,0.5222,0.775700421011685,0.469837333223973,0.215859421446343,"full_5x5_grid",25,0.215859421446343,0.775700421011685,0.559840999565343,TRUE
54,"broad",NA,NA,0.2,0.105794934902806,0.0499364083755063,24,1361.81662425044,0.5222,0.775700421011685,0.469837333223973,0.215859421446343,"exclude_tau_omega_zero",24,0.215859421446343,0.728354745878334,0.512495324431991,TRUE
54,"broad",NA,NA,0.2,0.105794934902806,0.0499364083755063,24,1361.81662425044,0.5222,0.775700421011685,0.469837333223973,0.215859421446343,"neighborhood_abs_misspec_le_0.075",9,0.361269364267273,0.721258388310778,0.359989024043506,TRUE
54,"broad",NA,NA,0.2,0.105794934902806,0.0499364083755063,24,1361.81662425044,0.5222,0.775700421011685,0.469837333223973,0.215859421446343,"conservative_tau_omega_ge_0.10",9,0.215859421446343,0.469837333223973,0.253977911777631,FALSE
54,"broad",NA,NA,0.2,0.105794934902806,0.0499364083755063,24,1361.81662425044,0.5222,0.775700421011685,0.469837333223973,0.215859421446343,"point_tau_omega_0.20",1,0.215859421446343,0.215859421446343,0,FALSE
55,"broad",NA,NA,0.05,0.245371027423302,0.083682088773814,36,26110.0034128549,0.089,0.961169928662966,0.225479266304114,0.0996555235052706,"full_5x5_grid",25,0.0996555235052706,0.961169928662966,0.861514405157696,FALSE
55,"broad",NA,NA,0.05,0.245371027423302,0.083682088773814,36,26110.0034128549,0.089,0.961169928662966,0.225479266304114,0.0996555235052706,"exclude_tau_omega_zero",24,0.0996555235052706,0.876905714148519,0.777250190643248,FALSE
55,"broad",NA,NA,0.05,0.245371027423302,0.083682088773814,36,26110.0034128549,0.089,0.961169928662966,0.225479266304114,0.0996555235052706,"neighborhood_abs_misspec_le_0.075",3,0.102674173158135,0.106611864111664,0.00393769095352825,FALSE
55,"broad",NA,NA,0.05,0.245371027423302,0.083682088773814,36,26110.0034128549,0.089,0.961169928662966,0.225479266304114,0.0996555235052706,"conservative_tau_omega_ge_0.10",9,0.0996555235052706,0.225479266304114,0.125823742798843,FALSE
55,"broad",NA,NA,0.05,0.245371027423302,0.083682088773814,36,26110.0034128549,0.089,0.961169928662966,0.225479266304114,0.0996555235052706,"point_tau_omega_0.20",1,0.0996555235052706,0.0996555235052706,0,FALSE
55,"broad",NA,NA,0.1,0.245371027423302,0.083682088773814,36,26110.0034128549,0.2154,0.99999997273605,0.672259445925118,0.255220377801869,"full_5x5_grid",25,0.255220377801869,0.99999997273605,0.744779594934181,FALSE
55,"broad",NA,NA,0.1,0.245371027423302,0.083682088773814,36,26110.0034128549,0.2154,0.99999997273605,0.672259445925118,0.255220377801869,"exclude_tau_omega_zero",24,0.255220377801869,0.999989763338896,0.744769385537027,FALSE
55,"broad",NA,NA,0.1,0.245371027423302,0.083682088773814,36,26110.0034128549,0.2154,0.99999997273605,0.672259445925118,0.255220377801869,"neighborhood_abs_misspec_le_0.075",3,0.26752677568313,0.283470408817261,0.0159436331341316,FALSE
55,"broad",NA,NA,0.1,0.245371027423302,0.083682088773814,36,26110.0034128549,0.2154,0.99999997273605,0.672259445925118,0.255220377801869,"conservative_tau_omega_ge_0.10",9,0.255220377801869,0.672259445925118,0.417039068123249,FALSE
55,"broad",NA,NA,0.1,0.245371027423302,0.083682088773814,36,26110.0034128549,0.2154,0.99999997273605,0.672259445925118,0.255220377801869,"point_tau_omega_0.20",1,0.255220377801869,0.255220377801869,0,FALSE
55,"broad",NA,NA,0.2,0.245371027423302,0.083682088773814,36,26110.0034128549,0.6318,1,0.997801922572309,0.738634403934777,"full_5x5_grid",25,0.738634403934777,1,0.261365596065223,FALSE
55,"broad",NA,NA,0.2,0.245371027423302,0.083682088773814,36,26110.0034128549,0.6318,1,0.997801922572309,0.738634403934777,"exclude_tau_omega_zero",24,0.738634403934777,1,0.261365596065223,FALSE
55,"broad",NA,NA,0.2,0.245371027423302,0.083682088773814,36,26110.0034128549,0.6318,1,0.997801922572309,0.738634403934777,"neighborhood_abs_misspec_le_0.075",3,0.762777389251221,0.791376919735968,0.0285995304847472,FALSE
55,"broad",NA,NA,0.2,0.245371027423302,0.083682088773814,36,26110.0034128549,0.6318,1,0.997801922572309,0.738634403934777,"conservative_tau_omega_ge_0.10",9,0.738634403934777,0.997801922572309,0.259167518637532,FALSE
55,"broad",NA,NA,0.2,0.245371027423302,0.083682088773814,36,26110.0034128549,0.6318,1,0.997801922572309,0.738634403934777,"point_tau_omega_0.20",1,0.738634403934777,0.738634403934777,0,FALSE
56,"broad",NA,NA,0.05,0.240351655793202,0.207334276292822,36,557.135427158417,0.0504100820164033,0.0724679004843888,0.0658111922029037,0.0583333118643716,"full_5x5_grid",25,0.0583333118643716,0.0724679004843888,0.0141345886200172,FALSE
56,"broad",NA,NA,0.05,0.240351655793202,0.207334276292822,36,557.135427158417,0.0504100820164033,0.0724679004843888,0.0658111922029037,0.0583333118643716,"exclude_tau_omega_zero",24,0.0583333118643716,0.0716189618555794,0.0132856499912077,FALSE
56,"broad",NA,NA,0.05,0.240351655793202,0.207334276292822,36,557.135427158417,0.0504100820164033,0.0724679004843888,0.0658111922029037,0.0583333118643716,"neighborhood_abs_misspec_le_0.075",2,0.0583333118643716,0.0592879628120467,0.000954650947675106,FALSE
56,"broad",NA,NA,0.05,0.240351655793202,0.207334276292822,36,557.135427158417,0.0504100820164033,0.0724679004843888,0.0658111922029037,0.0583333118643716,"conservative_tau_omega_ge_0.10",9,0.0583333118643716,0.0658111922029037,0.00747788033853203,FALSE
56,"broad",NA,NA,0.05,0.240351655793202,0.207334276292822,36,557.135427158417,0.0504100820164033,0.0724679004843888,0.0658111922029037,0.0583333118643716,"point_tau_omega_0.20",1,0.0583333118643716,0.0583333118643716,0,FALSE
56,"broad",NA,NA,0.1,0.240351655793202,0.207334276292822,36,557.135427158417,0.0700140028005601,0.140302176167683,0.113886935119491,0.083605913687158,"full_5x5_grid",25,0.083605913687158,0.140302176167683,0.0566962624805253,FALSE
56,"broad",NA,NA,0.1,0.240351655793202,0.207334276292822,36,557.135427158417,0.0700140028005601,0.140302176167683,0.113886935119491,0.083605913687158,"exclude_tau_omega_zero",24,0.083605913687158,0.136917558712792,0.0533116450256341,FALSE
56,"broad",NA,NA,0.1,0.240351655793202,0.207334276292822,36,557.135427158417,0.0700140028005601,0.140302176167683,0.113886935119491,0.083605913687158,"neighborhood_abs_misspec_le_0.075",2,0.083605913687158,0.0874911676696589,0.00388525398250095,FALSE
56,"broad",NA,NA,0.1,0.240351655793202,0.207334276292822,36,557.135427158417,0.0700140028005601,0.140302176167683,0.113886935119491,0.083605913687158,"conservative_tau_omega_ge_0.10",9,0.083605913687158,0.113886935119491,0.030281021432333,FALSE
56,"broad",NA,NA,0.1,0.240351655793202,0.207334276292822,36,557.135427158417,0.0700140028005601,0.140302176167683,0.113886935119491,0.083605913687158,"point_tau_omega_0.20",1,0.083605913687158,0.083605913687158,0,FALSE
56,"broad",NA,NA,0.2,0.240351655793202,0.207334276292822,36,557.135427158417,0.1596,0.394182094953834,0.304218404998527,0.186611908677216,"full_5x5_grid",25,0.186611908677216,0.394182094953834,0.207570186276617,FALSE
56,"broad",NA,NA,0.2,0.240351655793202,0.207334276292822,36,557.135427158417,0.1596,0.394182094953834,0.304218404998527,0.186611908677216,"exclude_tau_omega_zero",24,0.186611908677216,0.382835268311523,0.196223359634307,FALSE
56,"broad",NA,NA,0.2,0.240351655793202,0.207334276292822,36,557.135427158417,0.1596,0.394182094953834,0.304218404998527,0.186611908677216,"neighborhood_abs_misspec_le_0.075",2,0.186611908677216,0.202424310390256,0.0158124017130398,FALSE
56,"broad",NA,NA,0.2,0.240351655793202,0.207334276292822,36,557.135427158417,0.1596,0.394182094953834,0.304218404998527,0.186611908677216,"conservative_tau_omega_ge_0.10",9,0.186611908677216,0.304218404998527,0.117606496321311,FALSE
56,"broad",NA,NA,0.2,0.240351655793202,0.207334276292822,36,557.135427158417,0.1596,0.394182094953834,0.304218404998527,0.186611908677216,"point_tau_omega_0.20",1,0.186611908677216,0.186611908677216,0,FALSE
57,"broad",NA,NA,0.05,0.0667798782069585,0.226611853538663,120,77394.6026129252,0.245839181872869,0.999998842979272,0.352333071254449,0.128176639515954,"full_5x5_grid",25,0.128176639515954,0.999998842979272,0.871822203463318,TRUE
57,"broad",NA,NA,0.05,0.0667798782069585,0.226611853538663,120,77394.6026129252,0.245839181872869,0.999998842979272,0.352333071254449,0.128176639515954,"exclude_tau_omega_zero",24,0.128176639515954,0.997037458960656,0.868860819444702,TRUE
57,"broad",NA,NA,0.05,0.0667798782069585,0.226611853538663,120,77394.6026129252,0.245839181872869,0.999998842979272,0.352333071254449,0.128176639515954,"neighborhood_abs_misspec_le_0.075",3,0.225144016923133,0.367233365829578,0.142089348906445,TRUE
57,"broad",NA,NA,0.05,0.0667798782069585,0.226611853538663,120,77394.6026129252,0.245839181872869,0.999998842979272,0.352333071254449,0.128176639515954,"conservative_tau_omega_ge_0.10",9,0.128176639515954,0.352333071254449,0.224156431738495,TRUE
57,"broad",NA,NA,0.05,0.0667798782069585,0.226611853538663,120,77394.6026129252,0.245839181872869,0.999998842979272,0.352333071254449,0.128176639515954,"point_tau_omega_0.20",1,0.128176639515954,0.128176639515954,0,FALSE
57,"broad",NA,NA,0.1,0.0667798782069585,0.226611853538663,120,77394.6026129252,0.712454945935122,1,0.884679337941461,0.368040733644283,"full_5x5_grid",25,0.368040733644283,1,0.631959266355717,TRUE
57,"broad",NA,NA,0.1,0.0667798782069585,0.226611853538663,120,77394.6026129252,0.712454945935122,1,0.884679337941461,0.368040733644283,"exclude_tau_omega_zero",24,0.368040733644283,0.999999999999951,0.631959266355668,TRUE
57,"broad",NA,NA,0.1,0.0667798782069585,0.226611853538663,120,77394.6026129252,0.712454945935122,1,0.884679337941461,0.368040733644283,"neighborhood_abs_misspec_le_0.075",3,0.671353370004612,0.899407381333466,0.228054011328854,TRUE
57,"broad",NA,NA,0.1,0.0667798782069585,0.226611853538663,120,77394.6026129252,0.712454945935122,1,0.884679337941461,0.368040733644283,"conservative_tau_omega_ge_0.10",9,0.368040733644283,0.884679337941461,0.516638604297178,TRUE
57,"broad",NA,NA,0.1,0.0667798782069585,0.226611853538663,120,77394.6026129252,0.712454945935122,1,0.884679337941461,0.368040733644283,"point_tau_omega_0.20",1,0.368040733644283,0.368040733644283,0,FALSE
57,"broad",NA,NA,0.2,0.0667798782069585,0.226611853538663,120,77394.6026129252,0.99919935948759,1,0.999993159894726,0.900210065635678,"full_5x5_grid",25,0.900210065635678,1,0.0997899343643219,TRUE
57,"broad",NA,NA,0.2,0.0667798782069585,0.226611853538663,120,77394.6026129252,0.99919935948759,1,0.999993159894726,0.900210065635678,"exclude_tau_omega_zero",24,0.900210065635678,1,0.0997899343643219,TRUE
57,"broad",NA,NA,0.2,0.0667798782069585,0.226611853538663,120,77394.6026129252,0.99919935948759,1,0.999993159894726,0.900210065635678,"neighborhood_abs_misspec_le_0.075",3,0.997759973625308,0.999996703589184,0.00223672996387669,TRUE
57,"broad",NA,NA,0.2,0.0667798782069585,0.226611853538663,120,77394.6026129252,0.99919935948759,1,0.999993159894726,0.900210065635678,"conservative_tau_omega_ge_0.10",9,0.900210065635678,0.999993159894726,0.0997830942590476,TRUE
57,"broad",NA,NA,0.2,0.0667798782069585,0.226611853538663,120,77394.6026129252,0.99919935948759,1,0.999993159894726,0.900210065635678,"point_tau_omega_0.20",1,0.900210065635678,0.900210065635678,0,FALSE
58,"broad",NA,NA,0.05,0.0870168253126321,0.200678958413657,24,7228.03495462621,0.073502904065692,0.436635861714372,0.0952730330441893,0.0622472991298608,"full_5x5_grid",25,0.0622472991298608,0.436635861714372,0.374388562584511,TRUE
58,"broad",NA,NA,0.05,0.0870168253126321,0.200678958413657,24,7228.03495462621,0.073502904065692,0.436635861714372,0.0952730330441893,0.0622472991298608,"exclude_tau_omega_zero",24,0.0622472991298608,0.282921951389188,0.220674652259327,TRUE
58,"broad",NA,NA,0.05,0.0870168253126321,0.200678958413657,24,7228.03495462621,0.073502904065692,0.436635861714372,0.0952730330441893,0.0622472991298608,"neighborhood_abs_misspec_le_0.075",6,0.066742593138682,0.0971355300660049,0.0303929369273229,TRUE
58,"broad",NA,NA,0.05,0.0870168253126321,0.200678958413657,24,7228.03495462621,0.073502904065692,0.436635861714372,0.0952730330441893,0.0622472991298608,"conservative_tau_omega_ge_0.10",9,0.0622472991298608,0.0952730330441893,0.0330257339143285,TRUE
58,"broad",NA,NA,0.05,0.0870168253126321,0.200678958413657,24,7228.03495462621,0.073502904065692,0.436635861714372,0.0952730330441893,0.0622472991298608,"point_tau_omega_0.20",1,0.0622472991298608,0.0622472991298608,0,FALSE
58,"broad",NA,NA,0.1,0.0870168253126321,0.200678958413657,24,7228.03495462621,0.152382859431318,0.943359212329307,0.235412676376922,0.0997060695544846,"full_5x5_grid",25,0.0997060695544846,0.943359212329307,0.843653142774823,TRUE
58,"broad",NA,NA,0.1,0.0870168253126321,0.200678958413657,24,7228.03495462621,0.152382859431318,0.943359212329307,0.235412676376922,0.0997060695544846,"exclude_tau_omega_zero",24,0.0997060695544846,0.778544621332479,0.678838551777994,TRUE
58,"broad",NA,NA,0.1,0.0870168253126321,0.200678958413657,24,7228.03495462621,0.152382859431318,0.943359212329307,0.235412676376922,0.0997060695544846,"neighborhood_abs_misspec_le_0.075",6,0.118160359270568,0.241817354908282,0.123656995637714,TRUE
58,"broad",NA,NA,0.1,0.0870168253126321,0.200678958413657,24,7228.03495462621,0.152382859431318,0.943359212329307,0.235412676376922,0.0997060695544846,"conservative_tau_omega_ge_0.10",9,0.0997060695544846,0.235412676376922,0.135706606822438,TRUE
58,"broad",NA,NA,0.1,0.0870168253126321,0.200678958413657,24,7228.03495462621,0.152382859431318,0.943359212329307,0.235412676376922,0.0997060695544846,"point_tau_omega_0.20",1,0.0997060695544846,0.0997060695544846,0,FALSE
58,"broad",NA,NA,0.2,0.0870168253126321,0.200678958413657,24,7228.03495462621,0.442088417683537,0.999999607743675,0.686101048601127,0.253291201021981,"full_5x5_grid",25,0.253291201021981,0.999999607743675,0.746708406721694,TRUE
58,"broad",NA,NA,0.2,0.0870168253126321,0.200678958413657,24,7228.03495462621,0.442088417683537,0.999999607743675,0.686101048601127,0.253291201021981,"exclude_tau_omega_zero",24,0.253291201021981,0.999593583345102,0.746302382323122,TRUE
58,"broad",NA,NA,0.2,0.0870168253126321,0.200678958413657,24,7228.03495462621,0.442088417683537,0.999999607743675,0.686101048601127,0.253291201021981,"neighborhood_abs_misspec_le_0.075",6,0.325584576398424,0.694782324599095,0.369197748200671,TRUE
58,"broad",NA,NA,0.2,0.0870168253126321,0.200678958413657,24,7228.03495462621,0.442088417683537,0.999999607743675,0.686101048601127,0.253291201021981,"conservative_tau_omega_ge_0.10",9,0.253291201021981,0.686101048601127,0.432809847579146,TRUE
58,"broad",NA,NA,0.2,0.0870168253126321,0.200678958413657,24,7228.03495462621,0.442088417683537,0.999999607743675,0.686101048601127,0.253291201021981,"point_tau_omega_0.20",1,0.253291201021981,0.253291201021981,0,FALSE
59,"broad",NA,NA,0.05,0.0913032407094724,0.237097826120909,72,7883.44717763023,0.1698,0.562732556789683,0.250665356574031,0.127885558365202,"full_5x5_grid",25,0.127885558365202,0.562732556789683,0.434846998424481,TRUE
59,"broad",NA,NA,0.05,0.0913032407094724,0.237097826120909,72,7883.44717763023,0.1698,0.562732556789683,0.250665356574031,0.127885558365202,"exclude_tau_omega_zero",24,0.127885558365202,0.526019694458216,0.398134136093014,TRUE
59,"broad",NA,NA,0.05,0.0913032407094724,0.237097826120909,72,7883.44717763023,0.1698,0.562732556789683,0.250665356574031,0.127885558365202,"neighborhood_abs_misspec_le_0.075",3,0.161203298014782,0.27625303043241,0.115049732417628,TRUE
59,"broad",NA,NA,0.05,0.0913032407094724,0.237097826120909,72,7883.44717763023,0.1698,0.562732556789683,0.250665356574031,0.127885558365202,"conservative_tau_omega_ge_0.10",9,0.127885558365202,0.250665356574031,0.122779798208829,TRUE
59,"broad",NA,NA,0.05,0.0913032407094724,0.237097826120909,72,7883.44717763023,0.1698,0.562732556789683,0.250665356574031,0.127885558365202,"point_tau_omega_0.20",1,0.127885558365202,0.127885558365202,0,FALSE
59,"broad",NA,NA,0.1,0.0913032407094724,0.237097826120909,72,7883.44717763023,0.506,0.988366978152855,0.72937500325951,0.367069529921783,"full_5x5_grid",25,0.367069529921783,0.988366978152855,0.621297448231073,TRUE
59,"broad",NA,NA,0.1,0.0913032407094724,0.237097826120909,72,7883.44717763023,0.506,0.988366978152855,0.72937500325951,0.367069529921783,"exclude_tau_omega_zero",24,0.367069529921783,0.981496338999911,0.614426809078128,TRUE
59,"broad",NA,NA,0.1,0.0913032407094724,0.237097826120909,72,7883.44717763023,0.506,0.988366978152855,0.72937500325951,0.367069529921783,"neighborhood_abs_misspec_le_0.075",3,0.486673612208489,0.778931583446053,0.292257971237563,TRUE
59,"broad",NA,NA,0.1,0.0913032407094724,0.237097826120909,72,7883.44717763023,0.506,0.988366978152855,0.72937500325951,0.367069529921783,"conservative_tau_omega_ge_0.10",9,0.367069529921783,0.72937500325951,0.362305473337728,TRUE
59,"broad",NA,NA,0.1,0.0913032407094724,0.237097826120909,72,7883.44717763023,0.506,0.988366978152855,0.72937500325951,0.367069529921783,"point_tau_omega_0.20",1,0.367069529921783,0.367069529921783,0,FALSE
59,"broad",NA,NA,0.2,0.0913032407094724,0.237097826120909,72,7883.44717763023,0.9762,0.999999999951739,0.999262327312547,0.899579332034324,"full_5x5_grid",25,0.899579332034324,0.999999999951739,0.100420667917415,TRUE
59,"broad",NA,NA,0.2,0.0913032407094724,0.237097826120909,72,7883.44717763023,0.9762,0.999999999951739,0.999262327312547,0.899579332034324,"exclude_tau_omega_zero",24,0.899579332034324,0.999999999511391,0.100420667477067,TRUE
59,"broad",NA,NA,0.2,0.0913032407094724,0.237097826120909,72,7883.44717763023,0.9762,0.999999999951739,0.999262327312547,0.899579332034324,"neighborhood_abs_misspec_le_0.075",3,0.970747414193573,0.99976231841104,0.0290149042174661,TRUE
59,"broad",NA,NA,0.2,0.0913032407094724,0.237097826120909,72,7883.44717763023,0.9762,0.999999999951739,0.999262327312547,0.899579332034324,"conservative_tau_omega_ge_0.10",9,0.899579332034324,0.999262327312547,0.099682995278223,TRUE
59,"broad",NA,NA,0.2,0.0913032407094724,0.237097826120909,72,7883.44717763023,0.9762,0.999999999951739,0.999262327312547,0.899579332034324,"point_tau_omega_0.20",1,0.899579332034324,0.899579332034324,0,FALSE
6,"broad",NA,NA,0.05,0.231286168812134,0.187023835308442,72,25743.0445684125,0.114245698279312,0.97541331672745,0.328552846553115,0.127454754836095,"full_5x5_grid",25,0.127454754836095,0.97541331672745,0.847958561891355,FALSE
6,"broad",NA,NA,0.05,0.231286168812134,0.187023835308442,72,25743.0445684125,0.114245698279312,0.97541331672745,0.328552846553115,0.127454754836095,"exclude_tau_omega_zero",24,0.127454754836095,0.922913187622576,0.795458432786481,FALSE
6,"broad",NA,NA,0.05,0.231286168812134,0.187023835308442,72,25743.0445684125,0.114245698279312,0.97541331672745,0.328552846553115,0.127454754836095,"neighborhood_abs_misspec_le_0.075",2,0.127454754836095,0.137488297908288,0.010033543072193,FALSE
6,"broad",NA,NA,0.05,0.231286168812134,0.187023835308442,72,25743.0445684125,0.114245698279312,0.97541331672745,0.328552846553115,0.127454754836095,"conservative_tau_omega_ge_0.10",9,0.127454754836095,0.328552846553115,0.20109809171702,FALSE
6,"broad",NA,NA,0.05,0.231286168812134,0.187023835308442,72,25743.0445684125,0.114245698279312,0.97541331672745,0.328552846553115,0.127454754836095,"point_tau_omega_0.20",1,0.127454754836095,0.127454754836095,0,FALSE
6,"broad",NA,NA,0.1,0.231286168812134,0.187023835308442,72,25743.0445684125,0.305261052210442,0.999999998064236,0.857686479573438,0.365407403438519,"full_5x5_grid",25,0.365407403438519,0.999999998064236,0.634592594625717,FALSE
6,"broad",NA,NA,0.1,0.231286168812134,0.187023835308442,72,25743.0445684125,0.305261052210442,0.999999998064236,0.857686479573438,0.365407403438519,"exclude_tau_omega_zero",24,0.365407403438519,0.99999922828337,0.63459182484485,FALSE
6,"broad",NA,NA,0.1,0.231286168812134,0.187023835308442,72,25743.0445684125,0.305261052210442,0.999999998064236,0.857686479573438,0.365407403438519,"neighborhood_abs_misspec_le_0.075",2,0.365407403438519,0.403048665139941,0.0376412617014217,FALSE
6,"broad",NA,NA,0.1,0.231286168812134,0.187023835308442,72,25743.0445684125,0.305261052210442,0.999999998064236,0.857686479573438,0.365407403438519,"conservative_tau_omega_ge_0.10",9,0.365407403438519,0.857686479573438,0.492279076134919,FALSE
6,"broad",NA,NA,0.1,0.231286168812134,0.187023835308442,72,25743.0445684125,0.305261052210442,0.999999998064236,0.857686479573438,0.365407403438519,"point_tau_omega_0.20",1,0.365407403438519,0.365407403438519,0,FALSE
6,"broad",NA,NA,0.2,0.231286168812134,0.187023835308442,72,25743.0445684125,0.8384,1,0.999979067527332,0.89797134073055,"full_5x5_grid",25,0.89797134073055,1,0.10202865926945,FALSE
6,"broad",NA,NA,0.2,0.231286168812134,0.187023835308442,72,25743.0445684125,0.8384,1,0.999979067527332,0.89797134073055,"exclude_tau_omega_zero",24,0.89797134073055,1,0.10202865926945,FALSE
6,"broad",NA,NA,0.2,0.231286168812134,0.187023835308442,72,25743.0445684125,0.8384,1,0.999979067527332,0.89797134073055,"neighborhood_abs_misspec_le_0.075",2,0.89797134073055,0.928878761507408,0.030907420776858,FALSE
6,"broad",NA,NA,0.2,0.231286168812134,0.187023835308442,72,25743.0445684125,0.8384,1,0.999979067527332,0.89797134073055,"conservative_tau_omega_ge_0.10",9,0.89797134073055,0.999979067527332,0.102007726796782,FALSE
6,"broad",NA,NA,0.2,0.231286168812134,0.187023835308442,72,25743.0445684125,0.8384,1,0.999979067527332,0.89797134073055,"point_tau_omega_0.20",1,0.89797134073055,0.89797134073055,0,FALSE
60,"broad",NA,NA,0.05,0.0717112309009535,0.218780506858486,120,66895.4822470924,0.474789915966387,0.999995108744677,0.583753889115819,0.211953389184496,"full_5x5_grid",25,0.211953389184496,0.999995108744677,0.788041719560181,TRUE
60,"broad",NA,NA,0.05,0.0717112309009535,0.218780506858486,120,66895.4822470924,0.474789915966387,0.999995108744677,0.583753889115819,0.211953389184496,"exclude_tau_omega_zero",24,0.211953389184496,0.999726849076398,0.787773459891902,TRUE
60,"broad",NA,NA,0.05,0.0717112309009535,0.218780506858486,120,66895.4822470924,0.474789915966387,0.999995108744677,0.583753889115819,0.211953389184496,"neighborhood_abs_misspec_le_0.075",6,0.435130722310675,0.877850014603889,0.442719292293214,TRUE
60,"broad",NA,NA,0.05,0.0717112309009535,0.218780506858486,120,66895.4822470924,0.474789915966387,0.999995108744677,0.583753889115819,0.211953389184496,"conservative_tau_omega_ge_0.10",9,0.211953389184496,0.583753889115819,0.371800499931323,TRUE
60,"broad",NA,NA,0.05,0.0717112309009535,0.218780506858486,120,66895.4822470924,0.474789915966387,0.999995108744677,0.583753889115819,0.211953389184496,"point_tau_omega_0.20",1,0.211953389184496,0.211953389184496,0,FALSE
60,"broad",NA,NA,0.1,0.0717112309009535,0.218780506858486,120,66895.4822470924,0.969793958791758,1,0.991404741481887,0.638432929325439,"full_5x5_grid",25,0.638432929325439,1,0.361567070674561,TRUE
60,"broad",NA,NA,0.1,0.0717112309009535,0.218780506858486,120,66895.4822470924,0.969793958791758,1,0.991404741481887,0.638432929325439,"exclude_tau_omega_zero",24,0.638432929325439,1,0.361567070674561,TRUE
60,"broad",NA,NA,0.1,0.0717112309009535,0.218780506858486,120,66895.4822470924,0.969793958791758,1,0.991404741481887,0.638432929325439,"neighborhood_abs_misspec_le_0.075",6,0.948732724688696,0.999990986479262,0.0512582617905663,TRUE
60,"broad",NA,NA,0.1,0.0717112309009535,0.218780506858486,120,66895.4822470924,0.969793958791758,1,0.991404741481887,0.638432929325439,"conservative_tau_omega_ge_0.10",9,0.638432929325439,0.991404741481887,0.352971812156448,TRUE
60,"broad",NA,NA,0.1,0.0717112309009535,0.218780506858486,120,66895.4822470924,0.969793958791758,1,0.991404741481887,0.638432929325439,"point_tau_omega_0.20",1,0.638432929325439,0.638432929325439,0,FALSE
60,"broad",NA,NA,0.2,0.0717112309009535,0.218780506858486,120,66895.4822470924,1,1,0.999999999991164,0.996186191323005,"full_5x5_grid",25,0.996186191323005,1,0.00381380867699543,TRUE
60,"broad",NA,NA,0.2,0.0717112309009535,0.218780506858486,120,66895.4822470924,1,1,0.999999999991164,0.996186191323005,"exclude_tau_omega_zero",24,0.996186191323005,1,0.00381380867699543,TRUE
60,"broad",NA,NA,0.2,0.0717112309009535,0.218780506858486,120,66895.4822470924,1,1,0.999999999991164,0.996186191323005,"neighborhood_abs_misspec_le_0.075",6,0.999999912733914,1,8.72660862460961e-08,TRUE
60,"broad",NA,NA,0.2,0.0717112309009535,0.218780506858486,120,66895.4822470924,1,1,0.999999999991164,0.996186191323005,"conservative_tau_omega_ge_0.10",9,0.996186191323005,0.999999999991164,0.00381380866815983,FALSE
60,"broad",NA,NA,0.2,0.0717112309009535,0.218780506858486,120,66895.4822470924,1,1,0.999999999991164,0.996186191323005,"point_tau_omega_0.20",1,0.996186191323005,0.996186191323005,0,FALSE
61,"broad",NA,NA,0.05,0.0837493490126217,0.245047858642763,30,19400.2263458274,0.102923508209852,0.859023459559041,0.136548727237441,0.0724541726338198,"full_5x5_grid",25,0.0724541726338198,0.859023459559041,0.786569286925222,TRUE
61,"broad",NA,NA,0.05,0.0837493490126217,0.245047858642763,30,19400.2263458274,0.102923508209852,0.859023459559041,0.136548727237441,0.0724541726338198,"exclude_tau_omega_zero",24,0.0724541726338198,0.713363981046414,0.640909808412594,TRUE
61,"broad",NA,NA,0.05,0.0837493490126217,0.245047858642763,30,19400.2263458274,0.102923508209852,0.859023459559041,0.136548727237441,0.0724541726338198,"neighborhood_abs_misspec_le_0.075",3,0.0854582169169112,0.154115985004775,0.0686577680878641,TRUE
61,"broad",NA,NA,0.05,0.0837493490126217,0.245047858642763,30,19400.2263458274,0.102923508209852,0.859023459559041,0.136548727237441,0.0724541726338198,"conservative_tau_omega_ge_0.10",9,0.0724541726338198,0.136548727237441,0.0640945546036208,TRUE
61,"broad",NA,NA,0.05,0.0837493490126217,0.245047858642763,30,19400.2263458274,0.102923508209852,0.859023459559041,0.136548727237441,0.0724541726338198,"point_tau_omega_0.20",1,0.0724541726338198,0.0724541726338198,0,FALSE
61,"broad",NA,NA,0.1,0.0837493490126217,0.245047858642763,30,19400.2263458274,0.28394072887465,0.999970506709989,0.396635962539607,0.141979221806851,"full_5x5_grid",25,0.141979221806851,0.999970506709989,0.857991284903138,TRUE
61,"broad",NA,NA,0.1,0.0837493490126217,0.245047858642763,30,19400.2263458274,0.28394072887465,0.999970506709989,0.396635962539607,0.141979221806851,"exclude_tau_omega_zero",24,0.141979221806851,0.998734626983043,0.856755405176192,TRUE
61,"broad",NA,NA,0.1,0.0837493490126217,0.245047858642763,30,19400.2263458274,0.28394072887465,0.999970506709989,0.396635962539607,0.141979221806851,"neighborhood_abs_misspec_le_0.075",3,0.195863039531658,0.458985717275554,0.263122677743896,TRUE
61,"broad",NA,NA,0.1,0.0837493490126217,0.245047858642763,30,19400.2263458274,0.28394072887465,0.999970506709989,0.396635962539607,0.141979221806851,"conservative_tau_omega_ge_0.10",9,0.141979221806851,0.396635962539607,0.254656740732756,TRUE
61,"broad",NA,NA,0.1,0.0837493490126217,0.245047858642763,30,19400.2263458274,0.28394072887465,0.999970506709989,0.396635962539607,0.141979221806851,"point_tau_omega_0.20",1,0.141979221806851,0.141979221806851,0,FALSE
61,"broad",NA,NA,0.2,0.0837493490126217,0.245047858642763,30,19400.2263458274,0.789547456948338,1,0.919620285905601,0.416288320861333,"full_5x5_grid",25,0.416288320861333,1,0.583711679138667,TRUE
61,"broad",NA,NA,0.2,0.0837493490126217,0.245047858642763,30,19400.2263458274,0.789547456948338,1,0.919620285905601,0.416288320861333,"exclude_tau_omega_zero",24,0.416288320861333,0.999999999999997,0.583711679138663,TRUE
61,"broad",NA,NA,0.2,0.0837493490126217,0.245047858642763,30,19400.2263458274,0.789547456948338,1,0.919620285905601,0.416288320861333,"neighborhood_abs_misspec_le_0.075",3,0.589204861719148,0.956977408001609,0.367772546282461,TRUE
61,"broad",NA,NA,0.2,0.0837493490126217,0.245047858642763,30,19400.2263458274,0.789547456948338,1,0.919620285905601,0.416288320861333,"conservative_tau_omega_ge_0.10",9,0.416288320861333,0.919620285905601,0.503331965044267,TRUE
61,"broad",NA,NA,0.2,0.0837493490126217,0.245047858642763,30,19400.2263458274,0.789547456948338,1,0.919620285905601,0.416288320861333,"point_tau_omega_0.20",1,0.416288320861333,0.416288320861333,0,FALSE
62,"broad",NA,NA,0.05,0.182911875799531,0.181677785408159,120,13388.3362287263,0.1726,0.81440999723154,0.362683410100494,0.15234405144688,"full_5x5_grid",25,0.15234405144688,0.81440999723154,0.662065945784659,TRUE
62,"broad",NA,NA,0.05,0.182911875799531,0.181677785408159,120,13388.3362287263,0.1726,0.81440999723154,0.362683410100494,0.15234405144688,"exclude_tau_omega_zero",24,0.15234405144688,0.729503805135073,0.577159753688193,TRUE
62,"broad",NA,NA,0.05,0.182911875799531,0.181677785408159,120,13388.3362287263,0.1726,0.81440999723154,0.362683410100494,0.15234405144688,"neighborhood_abs_misspec_le_0.075",4,0.15234405144688,0.219884670838565,0.0675406193916841,TRUE
62,"broad",NA,NA,0.05,0.182911875799531,0.181677785408159,120,13388.3362287263,0.1726,0.81440999723154,0.362683410100494,0.15234405144688,"conservative_tau_omega_ge_0.10",9,0.15234405144688,0.362683410100494,0.210339358653613,TRUE
62,"broad",NA,NA,0.05,0.182911875799531,0.181677785408159,120,13388.3362287263,0.1726,0.81440999723154,0.362683410100494,0.15234405144688,"point_tau_omega_0.20",1,0.15234405144688,0.15234405144688,0,FALSE
62,"broad",NA,NA,0.1,0.182911875799531,0.181677785408159,120,13388.3362287263,0.517903580716143,0.999910699339896,0.895480275344736,0.456418408957075,"full_5x5_grid",25,0.456418408957075,0.999910699339896,0.54349229038282,TRUE
62,"broad",NA,NA,0.1,0.182911875799531,0.181677785408159,120,13388.3362287263,0.517903580716143,0.999910699339896,0.895480275344736,0.456418408957075,"exclude_tau_omega_zero",24,0.456418408957075,0.999268160088369,0.542849751131293,TRUE
62,"broad",NA,NA,0.1,0.182911875799531,0.181677785408159,120,13388.3362287263,0.517903580716143,0.999910699339896,0.895480275344736,0.456418408957075,"neighborhood_abs_misspec_le_0.075",4,0.456418408957075,0.658763553271,0.202345144313924,TRUE
62,"broad",NA,NA,0.1,0.182911875799531,0.181677785408159,120,13388.3362287263,0.517903580716143,0.999910699339896,0.895480275344736,0.456418408957075,"conservative_tau_omega_ge_0.10",9,0.456418408957075,0.895480275344736,0.43906186638766,TRUE
62,"broad",NA,NA,0.1,0.182911875799531,0.181677785408159,120,13388.3362287263,0.517903580716143,0.999910699339896,0.895480275344736,0.456418408957075,"point_tau_omega_0.20",1,0.456418408957075,0.456418408957075,0,FALSE
62,"broad",NA,NA,0.2,0.182911875799531,0.181677785408159,120,13388.3362287263,0.982196439287858,1,0.999996117541876,0.95910968721844,"full_5x5_grid",25,0.95910968721844,1,0.0408903127815603,TRUE
62,"broad",NA,NA,0.2,0.182911875799531,0.181677785408159,120,13388.3362287263,0.982196439287858,1,0.999996117541876,0.95910968721844,"exclude_tau_omega_zero",24,0.95910968721844,1,0.0408903127815603,TRUE
62,"broad",NA,NA,0.2,0.182911875799531,0.181677785408159,120,13388.3362287263,0.982196439287858,1,0.999996117541876,0.95910968721844,"neighborhood_abs_misspec_le_0.075",4,0.95910968721844,0.9972626606809,0.0381529734624599,TRUE
62,"broad",NA,NA,0.2,0.182911875799531,0.181677785408159,120,13388.3362287263,0.982196439287858,1,0.999996117541876,0.95910968721844,"conservative_tau_omega_ge_0.10",9,0.95910968721844,0.999996117541876,0.0408864303234368,TRUE
62,"broad",NA,NA,0.2,0.182911875799531,0.181677785408159,120,13388.3362287263,0.982196439287858,1,0.999996117541876,0.95910968721844,"point_tau_omega_0.20",1,0.95910968721844,0.95910968721844,0,FALSE
63,"broad",NA,NA,0.05,0.075437255828816,0.0981575024570921,120,16169.2933257857,0.5132,0.883349702610765,0.432434194644818,0.178756689752824,"full_5x5_grid",25,0.178756689752824,0.883349702610765,0.704593012857941,TRUE
63,"broad",NA,NA,0.05,0.075437255828816,0.0981575024570921,120,16169.2933257857,0.5132,0.883349702610765,0.432434194644818,0.178756689752824,"exclude_tau_omega_zero",24,0.178756689752824,0.823094260105154,0.644337570352329,TRUE
63,"broad",NA,NA,0.05,0.075437255828816,0.0981575024570921,120,16169.2933257857,0.5132,0.883349702610765,0.432434194644818,0.178756689752824,"neighborhood_abs_misspec_le_0.075",9,0.262373432322822,0.719843090157918,0.457469657835097,TRUE
63,"broad",NA,NA,0.05,0.075437255828816,0.0981575024570921,120,16169.2933257857,0.5132,0.883349702610765,0.432434194644818,0.178756689752824,"conservative_tau_omega_ge_0.10",9,0.178756689752824,0.432434194644818,0.253677504891994,FALSE
63,"broad",NA,NA,0.05,0.075437255828816,0.0981575024570921,120,16169.2933257857,0.5132,0.883349702610765,0.432434194644818,0.178756689752824,"point_tau_omega_0.20",1,0.178756689752824,0.178756689752824,0,FALSE
63,"broad",NA,NA,0.1,0.075437255828816,0.0981575024570921,120,16169.2933257857,0.978195639127826,0.999992981147106,0.94727436344469,0.543479041953256,"full_5x5_grid",25,0.543479041953256,0.999992981147106,0.45651393919385,TRUE
63,"broad",NA,NA,0.1,0.075437255828816,0.0981575024570921,120,16169.2933257857,0.978195639127826,0.999992981147106,0.94727436344469,0.543479041953256,"exclude_tau_omega_zero",24,0.543479041953256,0.999931625794912,0.456452583841656,TRUE
63,"broad",NA,NA,0.1,0.075437255828816,0.0981575024570921,120,16169.2933257857,0.978195639127826,0.999992981147106,0.94727436344469,0.543479041953256,"neighborhood_abs_misspec_le_0.075",9,0.753208886511632,0.999109059432957,0.245900172921326,TRUE
63,"broad",NA,NA,0.1,0.075437255828816,0.0981575024570921,120,16169.2933257857,0.978195639127826,0.999992981147106,0.94727436344469,0.543479041953256,"conservative_tau_omega_ge_0.10",9,0.543479041953256,0.94727436344469,0.403795321491434,FALSE
63,"broad",NA,NA,0.1,0.075437255828816,0.0981575024570921,120,16169.2933257857,0.978195639127826,0.999992981147106,0.94727436344469,0.543479041953256,"point_tau_omega_0.20",1,0.543479041953256,0.543479041953256,0,FALSE
63,"broad",NA,NA,0.2,0.075437255828816,0.0981575024570921,120,16169.2933257857,1,1,0.999999898864855,0.98529640647205,"full_5x5_grid",25,0.98529640647205,1,0.01470359352795,TRUE
63,"broad",NA,NA,0.2,0.075437255828816,0.0981575024570921,120,16169.2933257857,1,1,0.999999898864855,0.98529640647205,"exclude_tau_omega_zero",24,0.98529640647205,1,0.01470359352795,TRUE
63,"broad",NA,NA,0.2,0.075437255828816,0.0981575024570921,120,16169.2933257857,1,1,0.999999898864855,0.98529640647205,"neighborhood_abs_misspec_le_0.075",9,0.99956390461977,1,0.000436095380229484,TRUE
63,"broad",NA,NA,0.2,0.075437255828816,0.0981575024570921,120,16169.2933257857,1,1,0.999999898864855,0.98529640647205,"conservative_tau_omega_ge_0.10",9,0.98529640647205,0.999999898864855,0.0147034923928051,FALSE
63,"broad",NA,NA,0.2,0.075437255828816,0.0981575024570921,120,16169.2933257857,1,1,0.999999898864855,0.98529640647205,"point_tau_omega_0.20",1,0.98529640647205,0.98529640647205,0,FALSE
64,"broad",NA,NA,0.05,0.149962338633835,0.147841069786751,30,3940.08337566181,0.0418,0.173969604189342,0.0704033201827667,0.0557935470814134,"full_5x5_grid",25,0.0557935470814134,0.173969604189342,0.118176057107929,FALSE
64,"broad",NA,NA,0.05,0.149962338633835,0.147841069786751,30,3940.08337566181,0.0418,0.173969604189342,0.0704033201827667,0.0557935470814134,"exclude_tau_omega_zero",24,0.0557935470814134,0.137791624180155,0.0819980770987417,FALSE
64,"broad",NA,NA,0.05,0.149962338633835,0.147841069786751,30,3940.08337566181,0.0418,0.173969604189342,0.0704033201827667,0.0557935470814134,"neighborhood_abs_misspec_le_0.075",9,0.0557935470814134,0.0704033201827667,0.0146097731013534,FALSE
64,"broad",NA,NA,0.05,0.149962338633835,0.147841069786751,30,3940.08337566181,0.0418,0.173969604189342,0.0704033201827667,0.0557935470814134,"conservative_tau_omega_ge_0.10",9,0.0557935470814134,0.0704033201827667,0.0146097731013534,FALSE
64,"broad",NA,NA,0.05,0.149962338633835,0.147841069786751,30,3940.08337566181,0.0418,0.173969604189342,0.0704033201827667,0.0557935470814134,"point_tau_omega_0.20",1,0.0557935470814134,0.0557935470814134,0,FALSE
64,"broad",NA,NA,0.1,0.149962338633835,0.147841069786751,30,3940.08337566181,0.0696,0.475220503779244,0.130667214036559,0.0731132144529545,"full_5x5_grid",25,0.0731132144529545,0.475220503779244,0.40210728932629,FALSE
64,"broad",NA,NA,0.1,0.149962338633835,0.147841069786751,30,3940.08337566181,0.0696,0.475220503779244,0.130667214036559,0.0731132144529545,"exclude_tau_omega_zero",24,0.0731132144529545,0.370467741502738,0.297354527049783,FALSE
64,"broad",NA,NA,0.1,0.149962338633835,0.147841069786751,30,3940.08337566181,0.0696,0.475220503779244,0.130667214036559,0.0731132144529545,"neighborhood_abs_misspec_le_0.075",9,0.0731132144529545,0.130667214036559,0.0575539995836045,FALSE
64,"broad",NA,NA,0.1,0.149962338633835,0.147841069786751,30,3940.08337566181,0.0696,0.475220503779244,0.130667214036559,0.0731132144529545,"conservative_tau_omega_ge_0.10",9,0.0731132144529545,0.130667214036559,0.0575539995836045,FALSE
64,"broad",NA,NA,0.1,0.149962338633835,0.147841069786751,30,3940.08337566181,0.0696,0.475220503779244,0.130667214036559,0.0731132144529545,"point_tau_omega_0.20",1,0.0731132144529545,0.0731132144529545,0,FALSE
64,"broad",NA,NA,0.2,0.149962338633835,0.147841069786751,30,3940.08337566181,0.1902,0.926813191787131,0.348495739823423,0.141148579081508,"full_5x5_grid",25,0.141148579081508,0.926813191787131,0.785664612705623,TRUE
64,"broad",NA,NA,0.2,0.149962338633835,0.147841069786751,30,3940.08337566181,0.1902,0.926813191787131,0.348495739823423,0.141148579081508,"exclude_tau_omega_zero",24,0.141148579081508,0.843703021544048,0.70255444246254,TRUE
64,"broad",NA,NA,0.2,0.149962338633835,0.147841069786751,30,3940.08337566181,0.1902,0.926813191787131,0.348495739823423,0.141148579081508,"neighborhood_abs_misspec_le_0.075",9,0.141148579081508,0.348495739823423,0.207347160741915,TRUE
64,"broad",NA,NA,0.2,0.149962338633835,0.147841069786751,30,3940.08337566181,0.1902,0.926813191787131,0.348495739823423,0.141148579081508,"conservative_tau_omega_ge_0.10",9,0.141148579081508,0.348495739823423,0.207347160741915,TRUE
64,"broad",NA,NA,0.2,0.149962338633835,0.147841069786751,30,3940.08337566181,0.1902,0.926813191787131,0.348495739823423,0.141148579081508,"point_tau_omega_0.20",1,0.141148579081508,0.141148579081508,0,FALSE
65,"broad",NA,NA,0.05,0.217219139073335,0.0950645271357498,120,21476.9412805888,0.116,0.93055133735266,0.264762377327515,0.110523833880089,"full_5x5_grid",25,0.110523833880089,0.93055133735266,0.82002750347257,TRUE
65,"broad",NA,NA,0.05,0.217219139073335,0.0950645271357498,120,21476.9412805888,0.116,0.93055133735266,0.264762377327515,0.110523833880089,"exclude_tau_omega_zero",24,0.110523833880089,0.78527679136594,0.674752957485851,TRUE
65,"broad",NA,NA,0.05,0.217219139073335,0.0950645271357498,120,21476.9412805888,0.116,0.93055133735266,0.264762377327515,0.110523833880089,"neighborhood_abs_misspec_le_0.075",6,0.119452883526444,0.191604432817448,0.0721515492910033,FALSE
65,"broad",NA,NA,0.05,0.217219139073335,0.0950645271357498,120,21476.9412805888,0.116,0.93055133735266,0.264762377327515,0.110523833880089,"conservative_tau_omega_ge_0.10",9,0.110523833880089,0.264762377327515,0.154238543447425,TRUE
65,"broad",NA,NA,0.05,0.217219139073335,0.0950645271357498,120,21476.9412805888,0.116,0.93055133735266,0.264762377327515,0.110523833880089,"point_tau_omega_0.20",1,0.110523833880089,0.110523833880089,0,FALSE
65,"broad",NA,NA,0.1,0.217219139073335,0.0950645271357498,120,21476.9412805888,0.3316,0.999999498069708,0.756939808786652,0.299008534594534,"full_5x5_grid",25,0.299008534594534,0.999999498069708,0.700990963475173,TRUE
65,"broad",NA,NA,0.1,0.217219139073335,0.0950645271357498,120,21476.9412805888,0.3316,0.999999498069708,0.756939808786652,0.299008534594534,"exclude_tau_omega_zero",24,0.299008534594534,0.999789286118721,0.700780751524186,TRUE
65,"broad",NA,NA,0.1,0.217219139073335,0.0950645271357498,120,21476.9412805888,0.3316,0.999999498069708,0.756939808786652,0.299008534594534,"neighborhood_abs_misspec_le_0.075",6,0.334259750170667,0.581416214294689,0.247156464124022,FALSE
65,"broad",NA,NA,0.1,0.217219139073335,0.0950645271357498,120,21476.9412805888,0.3316,0.999999498069708,0.756939808786652,0.299008534594534,"conservative_tau_omega_ge_0.10",9,0.299008534594534,0.756939808786652,0.457931274192117,TRUE
65,"broad",NA,NA,0.1,0.217219139073335,0.0950645271357498,120,21476.9412805888,0.3316,0.999999498069708,0.756939808786652,0.299008534594534,"point_tau_omega_0.20",1,0.299008534594534,0.299008534594534,0,FALSE
65,"broad",NA,NA,0.2,0.217219139073335,0.0950645271357498,120,21476.9412805888,0.8492,1,0.999582840047477,0.815940582767051,"full_5x5_grid",25,0.815940582767051,1,0.184059417232949,TRUE
65,"broad",NA,NA,0.2,0.217219139073335,0.0950645271357498,120,21476.9412805888,0.8492,1,0.999582840047477,0.815940582767051,"exclude_tau_omega_zero",24,0.815940582767051,1,0.184059417232949,TRUE
65,"broad",NA,NA,0.2,0.217219139073335,0.0950645271357498,120,21476.9412805888,0.8492,1,0.999582840047477,0.815940582767051,"neighborhood_abs_misspec_le_0.075",6,0.863981092088929,0.990938699761121,0.126957607672192,FALSE
65,"broad",NA,NA,0.2,0.217219139073335,0.0950645271357498,120,21476.9412805888,0.8492,1,0.999582840047477,0.815940582767051,"conservative_tau_omega_ge_0.10",9,0.815940582767051,0.999582840047477,0.183642257280425,TRUE
65,"broad",NA,NA,0.2,0.217219139073335,0.0950645271357498,120,21476.9412805888,0.8492,1,0.999582840047477,0.815940582767051,"point_tau_omega_0.20",1,0.815940582767051,0.815940582767051,0,FALSE
66,"broad",NA,NA,0.05,0.0643432755535469,0.0891852131107007,60,21739.7139149066,0.2822,0.939466939975997,0.238351030193016,0.106894134841119,"full_5x5_grid",25,0.106894134841119,0.939466939975997,0.832572805134878,TRUE
66,"broad",NA,NA,0.05,0.0643432755535469,0.0891852131107007,60,21739.7139149066,0.2822,0.939466939975997,0.238351030193016,0.106894134841119,"exclude_tau_omega_zero",24,0.106894134841119,0.898279651257891,0.791385516416772,TRUE
66,"broad",NA,NA,0.05,0.0643432755535469,0.0891852131107007,60,21739.7139149066,0.2822,0.939466939975997,0.238351030193016,0.106894134841119,"neighborhood_abs_misspec_le_0.075",9,0.222751345017809,0.898279651257891,0.675528306240082,TRUE
66,"broad",NA,NA,0.05,0.0643432755535469,0.0891852131107007,60,21739.7139149066,0.2822,0.939466939975997,0.238351030193016,0.106894134841119,"conservative_tau_omega_ge_0.10",9,0.106894134841119,0.238351030193016,0.131456895351897,FALSE
66,"broad",NA,NA,0.05,0.0643432755535469,0.0891852131107007,60,21739.7139149066,0.2822,0.939466939975997,0.238351030193016,0.106894134841119,"point_tau_omega_0.20",1,0.106894134841119,0.106894134841119,0,FALSE
66,"broad",NA,NA,0.1,0.0643432755535469,0.0891852131107007,60,21739.7139149066,0.7772,0.99999976972869,0.702010533088726,0.284503431078849,"full_5x5_grid",25,0.284503431078849,0.99999976972869,0.715496338649841,TRUE
66,"broad",NA,NA,0.1,0.0643432755535469,0.0891852131107007,60,21739.7139149066,0.7772,0.99999976972869,0.702010533088726,0.284503431078849,"exclude_tau_omega_zero",24,0.284503431078849,0.999996392396532,0.715492961317683,TRUE
66,"broad",NA,NA,0.1,0.0643432755535469,0.0891852131107007,60,21739.7139149066,0.7772,0.99999976972869,0.702010533088726,0.284503431078849,"neighborhood_abs_misspec_le_0.075",9,0.665203380677194,0.999996392396532,0.334793011719338,TRUE
66,"broad",NA,NA,0.1,0.0643432755535469,0.0891852131107007,60,21739.7139149066,0.7772,0.99999976972869,0.702010533088726,0.284503431078849,"conservative_tau_omega_ge_0.10",9,0.284503431078849,0.702010533088726,0.417507102009877,FALSE
66,"broad",NA,NA,0.1,0.0643432755535469,0.0891852131107007,60,21739.7139149066,0.7772,0.99999976972869,0.702010533088726,0.284503431078849,"point_tau_omega_0.20",1,0.284503431078849,0.284503431078849,0,FALSE
66,"broad",NA,NA,0.2,0.0643432755535469,0.0891852131107007,60,21739.7139149066,0.9994,1,0.998699994056675,0.792729536252062,"full_5x5_grid",25,0.792729536252062,1,0.207270463747938,TRUE
66,"broad",NA,NA,0.2,0.0643432755535469,0.0891852131107007,60,21739.7139149066,0.9994,1,0.998699994056675,0.792729536252062,"exclude_tau_omega_zero",24,0.792729536252062,1,0.207270463747938,TRUE
66,"broad",NA,NA,0.2,0.0643432755535469,0.0891852131107007,60,21739.7139149066,0.9994,1,0.998699994056675,0.792729536252062,"neighborhood_abs_misspec_le_0.075",9,0.997485913625342,1,0.00251408637465778,TRUE
66,"broad",NA,NA,0.2,0.0643432755535469,0.0891852131107007,60,21739.7139149066,0.9994,1,0.998699994056675,0.792729536252062,"conservative_tau_omega_ge_0.10",9,0.792729536252062,0.998699994056675,0.205970457804613,FALSE
66,"broad",NA,NA,0.2,0.0643432755535469,0.0891852131107007,60,21739.7139149066,0.9994,1,0.998699994056675,0.792729536252062,"point_tau_omega_0.20",1,0.792729536252062,0.792729536252062,0,FALSE
67,"broad",NA,NA,0.05,0.196923574743734,0.14005983297393,30,14875.5092241508,0.0378,0.145250209040773,0.0763882913628047,0.0572460229338497,"full_5x5_grid",25,0.0572460229338497,0.201852178104189,0.144606155170339,FALSE
67,"broad",NA,NA,0.05,0.196923574743734,0.14005983297393,30,14875.5092241508,0.0378,0.145250209040773,0.0763882913628047,0.0572460229338497,"exclude_tau_omega_zero",24,0.0572460229338497,0.201852178104189,0.144606155170339,FALSE
67,"broad",NA,NA,0.05,0.196923574743734,0.14005983297393,30,14875.5092241508,0.0378,0.145250209040773,0.0763882913628047,0.0572460229338497,"neighborhood_abs_misspec_le_0.075",6,0.0572460229338497,0.0638490036877697,0.00660298075391996,FALSE
67,"broad",NA,NA,0.05,0.196923574743734,0.14005983297393,30,14875.5092241508,0.0378,0.145250209040773,0.0763882913628047,0.0572460229338497,"conservative_tau_omega_ge_0.10",9,0.0572460229338497,0.0763882913628047,0.0191422684289549,FALSE
67,"broad",NA,NA,0.05,0.196923574743734,0.14005983297393,30,14875.5092241508,0.0378,0.145250209040773,0.0763882913628047,0.0572460229338497,"point_tau_omega_0.20",1,0.0572460229338497,0.0572460229338497,0,FALSE
67,"broad",NA,NA,0.1,0.196923574743734,0.14005983297393,30,14875.5092241508,0.0612,0.247566817944989,0.153959857620003,0.0788852869423646,"full_5x5_grid",25,0.0788852869423646,0.527288672354979,0.448403385412614,FALSE
67,"broad",NA,NA,0.1,0.196923574743734,0.14005983297393,30,14875.5092241508,0.0612,0.247566817944989,0.153959857620003,0.0788852869423646,"exclude_tau_omega_zero",24,0.0788852869423646,0.527288672354979,0.448403385412614,FALSE
67,"broad",NA,NA,0.1,0.196923574743734,0.14005983297393,30,14875.5092241508,0.0612,0.247566817944989,0.153959857620003,0.0788852869423646,"neighborhood_abs_misspec_le_0.075",6,0.0788852869423646,0.105019930293227,0.0261346433508621,FALSE
67,"broad",NA,NA,0.1,0.196923574743734,0.14005983297393,30,14875.5092241508,0.0612,0.247566817944989,0.153959857620003,0.0788852869423646,"conservative_tau_omega_ge_0.10",9,0.0788852869423646,0.153959857620003,0.0750745706776388,FALSE
67,"broad",NA,NA,0.1,0.196923574743734,0.14005983297393,30,14875.5092241508,0.0612,0.247566817944989,0.153959857620003,0.0788852869423646,"point_tau_omega_0.20",1,0.0788852869423646,0.0788852869423646,0,FALSE
67,"broad",NA,NA,0.2,0.196923574743734,0.14005983297393,30,14875.5092241508,0.1548,0.414448568892134,0.423165932488552,0.163349452854808,"full_5x5_grid",25,0.163349452854808,0.942102533237433,0.778753080382625,FALSE
67,"broad",NA,NA,0.2,0.196923574743734,0.14005983297393,30,14875.5092241508,0.1548,0.414448568892134,0.423165932488552,0.163349452854808,"exclude_tau_omega_zero",24,0.163349452854808,0.942102533237433,0.778753080382625,FALSE
67,"broad",NA,NA,0.2,0.196923574743734,0.14005983297393,30,14875.5092241508,0.1548,0.414448568892134,0.423165932488552,0.163349452854808,"neighborhood_abs_misspec_le_0.075",6,0.163349452854808,0.260467160391781,0.097117707536973,FALSE
67,"broad",NA,NA,0.2,0.196923574743734,0.14005983297393,30,14875.5092241508,0.1548,0.414448568892134,0.423165932488552,0.163349452854808,"conservative_tau_omega_ge_0.10",9,0.163349452854808,0.423165932488552,0.259816479633745,FALSE
67,"broad",NA,NA,0.2,0.196923574743734,0.14005983297393,30,14875.5092241508,0.1548,0.414448568892134,0.423165932488552,0.163349452854808,"point_tau_omega_0.20",1,0.163349452854808,0.163349452854808,0,FALSE
68,"broad",NA,NA,0.05,0.0364305123803206,0.0538877677897108,96,22549.9218470122,0.4906,0.807378150244874,0.15681510505747,0.0786272470672266,"full_5x5_grid",25,0.0786272470672266,0.807378150244874,0.728750903177647,TRUE
68,"broad",NA,NA,0.05,0.0364305123803206,0.0538877677897108,96,22549.9218470122,0.4906,0.807378150244874,0.15681510505747,0.0786272470672266,"exclude_tau_omega_zero",24,0.0786272470672266,0.648133623907931,0.569506376840704,TRUE
68,"broad",NA,NA,0.05,0.0364305123803206,0.0538877677897108,96,22549.9218470122,0.4906,0.807378150244874,0.15681510505747,0.0786272470672266,"neighborhood_abs_misspec_le_0.075",9,0.15681510505747,0.807378150244874,0.650563045187404,TRUE
68,"broad",NA,NA,0.05,0.0364305123803206,0.0538877677897108,96,22549.9218470122,0.4906,0.807378150244874,0.15681510505747,0.0786272470672266,"conservative_tau_omega_ge_0.10",9,0.0786272470672266,0.15681510505747,0.0781878579902431,FALSE
68,"broad",NA,NA,0.05,0.0364305123803206,0.0538877677897108,96,22549.9218470122,0.4906,0.807378150244874,0.15681510505747,0.0786272470672266,"point_tau_omega_0.20",1,0.0786272470672266,0.0786272470672266,0,FALSE
68,"broad",NA,NA,0.1,0.0364305123803206,0.0538877677897108,96,22549.9218470122,0.9662,0.999694426689099,0.467710392137299,0.167579595614166,"full_5x5_grid",25,0.167579595614166,0.999694426689099,0.832114831074933,TRUE
68,"broad",NA,NA,0.1,0.0364305123803206,0.0538877677897108,96,22549.9218470122,0.9662,0.999694426689099,0.467710392137299,0.167579595614166,"exclude_tau_omega_zero",24,0.167579595614166,0.994522965206939,0.826943369592773,TRUE
68,"broad",NA,NA,0.1,0.0364305123803206,0.0538877677897108,96,22549.9218470122,0.9662,0.999694426689099,0.467710392137299,0.167579595614166,"neighborhood_abs_misspec_le_0.075",9,0.467710392137299,0.999694426689099,0.531984034551801,TRUE
68,"broad",NA,NA,0.1,0.0364305123803206,0.0538877677897108,96,22549.9218470122,0.9662,0.999694426689099,0.467710392137299,0.167579595614166,"conservative_tau_omega_ge_0.10",9,0.167579595614166,0.467710392137299,0.300130796523133,FALSE
68,"broad",NA,NA,0.1,0.0364305123803206,0.0538877677897108,96,22549.9218470122,0.9662,0.999694426689099,0.467710392137299,0.167579595614166,"point_tau_omega_0.20",1,0.167579595614166,0.167579595614166,0,FALSE
68,"broad",NA,NA,0.2,0.0364305123803206,0.0538877677897108,96,22549.9218470122,1,1,0.96038702354574,0.503504154750606,"full_5x5_grid",25,0.503504154750606,1,0.496495845249394,TRUE
68,"broad",NA,NA,0.2,0.0364305123803206,0.0538877677897108,96,22549.9218470122,1,1,0.96038702354574,0.503504154750606,"exclude_tau_omega_zero",24,0.503504154750606,0.999999999979641,0.496495845229036,FALSE
68,"broad",NA,NA,0.2,0.0364305123803206,0.0538877677897108,96,22549.9218470122,1,1,0.96038702354574,0.503504154750606,"neighborhood_abs_misspec_le_0.075",9,0.96038702354574,1,0.0396129764542602,TRUE
68,"broad",NA,NA,0.2,0.0364305123803206,0.0538877677897108,96,22549.9218470122,1,1,0.96038702354574,0.503504154750606,"conservative_tau_omega_ge_0.10",9,0.503504154750606,0.96038702354574,0.456882868795134,FALSE
68,"broad",NA,NA,0.2,0.0364305123803206,0.0538877677897108,96,22549.9218470122,1,1,0.96038702354574,0.503504154750606,"point_tau_omega_0.20",1,0.503504154750606,0.503504154750606,0,FALSE
69,"broad",NA,NA,0.05,0.0471127180070034,0.138265020957915,120,9220.95585882867,0.4718,0.640550236514621,0.305979704665095,0.138954102914283,"full_5x5_grid",25,0.138954102914283,0.640550236514621,0.501596133600338,TRUE
69,"broad",NA,NA,0.05,0.0471127180070034,0.138265020957915,120,9220.95585882867,0.4718,0.640550236514621,0.305979704665095,0.138954102914283,"exclude_tau_omega_zero",24,0.138954102914283,0.617060727775225,0.478106624860942,TRUE
69,"broad",NA,NA,0.05,0.0471127180070034,0.138265020957915,120,9220.95585882867,0.4718,0.640550236514621,0.305979704665095,0.138954102914283,"neighborhood_abs_misspec_le_0.075",9,0.252780589571437,0.554736279822775,0.301955690251338,TRUE
69,"broad",NA,NA,0.05,0.0471127180070034,0.138265020957915,120,9220.95585882867,0.4718,0.640550236514621,0.305979704665095,0.138954102914283,"conservative_tau_omega_ge_0.10",9,0.138954102914283,0.305979704665095,0.167025601750811,FALSE
69,"broad",NA,NA,0.05,0.0471127180070034,0.138265020957915,120,9220.95585882867,0.4718,0.640550236514621,0.305979704665095,0.138954102914283,"point_tau_omega_0.20",1,0.138954102914283,0.138954102914283,0,FALSE
69,"broad",NA,NA,0.1,0.0471127180070034,0.138265020957915,120,9220.95585882867,0.9626,0.996269781122232,0.826892160833164,0.408317240593945,"full_5x5_grid",25,0.408317240593945,0.996269781122232,0.587952540528287,TRUE
69,"broad",NA,NA,0.1,0.0471127180070034,0.138265020957915,120,9220.95585882867,0.9626,0.996269781122232,0.826892160833164,0.408317240593945,"exclude_tau_omega_zero",24,0.408317240593945,0.994636261939834,0.586319021345889,TRUE
69,"broad",NA,NA,0.1,0.0471127180070034,0.138265020957915,120,9220.95585882867,0.9626,0.996269781122232,0.826892160833164,0.408317240593945,"neighborhood_abs_misspec_le_0.075",9,0.733550720532862,0.987181904082118,0.253631183549257,TRUE
69,"broad",NA,NA,0.1,0.0471127180070034,0.138265020957915,120,9220.95585882867,0.9626,0.996269781122232,0.826892160833164,0.408317240593945,"conservative_tau_omega_ge_0.10",9,0.408317240593945,0.826892160833164,0.418574920239219,FALSE
69,"broad",NA,NA,0.1,0.0471127180070034,0.138265020957915,120,9220.95585882867,0.9626,0.996269781122232,0.826892160833164,0.408317240593945,"point_tau_omega_0.20",1,0.408317240593945,0.408317240593945,0,FALSE
69,"broad",NA,NA,0.2,0.0471127180070034,0.138265020957915,120,9220.95585882867,1,0.99999999999985,0.999937831594368,0.932326919015837,"full_5x5_grid",25,0.932326919015837,0.99999999999985,0.0676730809840134,TRUE
69,"broad",NA,NA,0.2,0.0471127180070034,0.138265020957915,120,9220.95585882867,1,0.99999999999985,0.999937831594368,0.932326919015837,"exclude_tau_omega_zero",24,0.932326919015837,0.999999999999087,0.0676730809832506,TRUE
69,"broad",NA,NA,0.2,0.0471127180070034,0.138265020957915,120,9220.95585882867,1,0.99999999999985,0.999937831594368,0.932326919015837,"neighborhood_abs_misspec_le_0.075",9,0.999317605928371,0.999999999927137,0.00068239399876624,FALSE
69,"broad",NA,NA,0.2,0.0471127180070034,0.138265020957915,120,9220.95585882867,1,0.99999999999985,0.999937831594368,0.932326919015837,"conservative_tau_omega_ge_0.10",9,0.932326919015837,0.999937831594368,0.0676109125785308,FALSE
69,"broad",NA,NA,0.2,0.0471127180070034,0.138265020957915,120,9220.95585882867,1,0.99999999999985,0.999937831594368,0.932326919015837,"point_tau_omega_0.20",1,0.932326919015837,0.932326919015837,0,FALSE
7,"broad",NA,NA,0.05,0.103844114408887,0.123868023261835,48,9047.36298773763,0.1336,0.558159003301145,0.152053313703518,0.0830685899384181,"full_5x5_grid",25,0.0830685899384181,0.558159003301145,0.475090413362727,TRUE
7,"broad",NA,NA,0.05,0.103844114408887,0.123868023261835,48,9047.36298773763,0.1336,0.558159003301145,0.152053313703518,0.0830685899384181,"exclude_tau_omega_zero",24,0.0830685899384181,0.399466840595344,0.316398250656926,TRUE
7,"broad",NA,NA,0.05,0.103844114408887,0.123868023261835,48,9047.36298773763,0.1336,0.558159003301145,0.152053313703518,0.0830685899384181,"neighborhood_abs_misspec_le_0.075",9,0.104196158102262,0.286998078771043,0.18280192066878,TRUE
7,"broad",NA,NA,0.05,0.103844114408887,0.123868023261835,48,9047.36298773763,0.1336,0.558159003301145,0.152053313703518,0.0830685899384181,"conservative_tau_omega_ge_0.10",9,0.0830685899384181,0.152053313703518,0.0689847237651003,TRUE
7,"broad",NA,NA,0.05,0.103844114408887,0.123868023261835,48,9047.36298773763,0.1336,0.558159003301145,0.152053313703518,0.0830685899384181,"point_tau_omega_0.20",1,0.0830685899384181,0.0830685899384181,0,FALSE
7,"broad",NA,NA,0.1,0.103844114408887,0.123868023261835,48,9047.36298773763,0.3866,0.986485465845727,0.454692551136499,0.186549321498704,"full_5x5_grid",25,0.186549321498704,0.986485465845727,0.799936144347023,TRUE
7,"broad",NA,NA,0.1,0.103844114408887,0.123868023261835,48,9047.36298773763,0.3866,0.986485465845727,0.454692551136499,0.186549321498704,"exclude_tau_omega_zero",24,0.186549321498704,0.923905760491554,0.73735643899285,TRUE
7,"broad",NA,NA,0.1,0.103844114408887,0.123868023261835,48,9047.36298773763,0.3866,0.986485465845727,0.454692551136499,0.186549321498704,"neighborhood_abs_misspec_le_0.075",9,0.273527926425969,0.795694633490341,0.522166707064372,TRUE
7,"broad",NA,NA,0.1,0.103844114408887,0.123868023261835,48,9047.36298773763,0.3866,0.986485465845727,0.454692551136499,0.186549321498704,"conservative_tau_omega_ge_0.10",9,0.186549321498704,0.454692551136499,0.268143229637795,TRUE
7,"broad",NA,NA,0.1,0.103844114408887,0.123868023261835,48,9047.36298773763,0.3866,0.986485465845727,0.454692551136499,0.186549321498704,"point_tau_omega_0.20",1,0.186549321498704,0.186549321498704,0,FALSE
7,"broad",NA,NA,0.2,0.103844114408887,0.123868023261835,48,9047.36298773763,0.9198,0.999999999780758,0.957665723377367,0.56644199669001,"full_5x5_grid",25,0.56644199669001,0.999999999780758,0.433558003090748,TRUE
7,"broad",NA,NA,0.2,0.103844114408887,0.123868023261835,48,9047.36298773763,0.9198,0.999999999780758,0.957665723377367,0.56644199669001,"exclude_tau_omega_zero",24,0.56644199669001,0.999999013752242,0.433557017062231,TRUE
7,"broad",NA,NA,0.2,0.103844114408887,0.123868023261835,48,9047.36298773763,0.9198,0.999999999780758,0.957665723377367,0.56644199669001,"neighborhood_abs_misspec_le_0.075",9,0.773158779682356,0.999831674256948,0.226672894574592,TRUE
7,"broad",NA,NA,0.2,0.103844114408887,0.123868023261835,48,9047.36298773763,0.9198,0.999999999780758,0.957665723377367,0.56644199669001,"conservative_tau_omega_ge_0.10",9,0.56644199669001,0.957665723377367,0.391223726687356,TRUE
7,"broad",NA,NA,0.2,0.103844114408887,0.123868023261835,48,9047.36298773763,0.9198,0.999999999780758,0.957665723377367,0.56644199669001,"point_tau_omega_0.20",1,0.56644199669001,0.56644199669001,0,FALSE
70,"broad",NA,NA,0.05,0.0543217562597129,0.129048731125949,24,4238.7827511434,0.104,0.29878599779949,0.106068832006263,0.0674768683329531,"full_5x5_grid",25,0.0674768683329531,0.29878599779949,0.231309129466537,TRUE
70,"broad",NA,NA,0.05,0.0543217562597129,0.129048731125949,24,4238.7827511434,0.104,0.29878599779949,0.106068832006263,0.0674768683329531,"exclude_tau_omega_zero",24,0.0674768683329531,0.241031516459348,0.173554648126395,TRUE
70,"broad",NA,NA,0.05,0.0543217562597129,0.129048731125949,24,4238.7827511434,0.104,0.29878599779949,0.106068832006263,0.0674768683329531,"neighborhood_abs_misspec_le_0.075",9,0.0877494508291522,0.176736077824362,0.0889866269952093,TRUE
70,"broad",NA,NA,0.05,0.0543217562597129,0.129048731125949,24,4238.7827511434,0.104,0.29878599779949,0.106068832006263,0.0674768683329531,"conservative_tau_omega_ge_0.10",9,0.0674768683329531,0.106068832006263,0.0385919636733102,TRUE
70,"broad",NA,NA,0.05,0.0543217562597129,0.129048731125949,24,4238.7827511434,0.104,0.29878599779949,0.106068832006263,0.0674768683329531,"point_tau_omega_0.20",1,0.0674768683329531,0.0674768683329531,0,FALSE
70,"broad",NA,NA,0.1,0.0543217562597129,0.129048731125949,24,4238.7827511434,0.3012,0.810348390627746,0.279928426448209,0.121364277285427,"full_5x5_grid",25,0.121364277285427,0.810348390627746,0.688984113342318,TRUE
70,"broad",NA,NA,0.1,0.0543217562597129,0.129048731125949,24,4238.7827511434,0.3012,0.810348390627746,0.279928426448209,0.121364277285427,"exclude_tau_omega_zero",24,0.121364277285427,0.702818042978175,0.581453765692747,TRUE
70,"broad",NA,NA,0.1,0.0543217562597129,0.129048731125949,24,4238.7827511434,0.3012,0.810348390627746,0.279928426448209,0.121364277285427,"neighborhood_abs_misspec_le_0.075",9,0.205103662957229,0.532013485723762,0.326909822766533,TRUE
70,"broad",NA,NA,0.1,0.0543217562597129,0.129048731125949,24,4238.7827511434,0.3012,0.810348390627746,0.279928426448209,0.121364277285427,"conservative_tau_omega_ge_0.10",9,0.121364277285427,0.279928426448209,0.158564149162782,FALSE
70,"broad",NA,NA,0.1,0.0543217562597129,0.129048731125949,24,4238.7827511434,0.3012,0.810348390627746,0.279928426448209,0.121364277285427,"point_tau_omega_0.20",1,0.121364277285427,0.121364277285427,0,FALSE
70,"broad",NA,NA,0.2,0.0543217562597129,0.129048731125949,24,4238.7827511434,0.823,0.999860065916099,0.779994176301403,0.339782979856451,"full_5x5_grid",25,0.339782979856451,0.999860065916099,0.660077086059647,TRUE
70,"broad",NA,NA,0.2,0.0543217562597129,0.129048731125949,24,4238.7827511434,0.823,0.999860065916099,0.779994176301403,0.339782979856451,"exclude_tau_omega_zero",24,0.339782979856451,0.998457840136516,0.658674860280065,TRUE
70,"broad",NA,NA,0.2,0.0543217562597129,0.129048731125949,24,4238.7827511434,0.823,0.999860065916099,0.779994176301403,0.339782979856451,"neighborhood_abs_misspec_le_0.075",9,0.61334624017725,0.98072347018872,0.36737723001147,TRUE
70,"broad",NA,NA,0.2,0.0543217562597129,0.129048731125949,24,4238.7827511434,0.823,0.999860065916099,0.779994176301403,0.339782979856451,"conservative_tau_omega_ge_0.10",9,0.339782979856451,0.779994176301403,0.440211196444952,FALSE
70,"broad",NA,NA,0.2,0.0543217562597129,0.129048731125949,24,4238.7827511434,0.823,0.999860065916099,0.779994176301403,0.339782979856451,"point_tau_omega_0.20",1,0.339782979856451,0.339782979856451,0,FALSE
71,"broad",NA,NA,0.05,0.213575162371213,0.228681360768736,96,3874.55935496831,0.091,0.31026157551536,0.186531913891171,0.106537832808895,"full_5x5_grid",25,0.106537832808895,0.31026157551536,0.203723742706465,FALSE
71,"broad",NA,NA,0.05,0.213575162371213,0.228681360768736,96,3874.55935496831,0.091,0.31026157551536,0.186531913891171,0.106537832808895,"exclude_tau_omega_zero",24,0.106537832808895,0.300212379336577,0.193674546527682,FALSE
71,"broad",NA,NA,0.05,0.213575162371213,0.228681360768736,96,3874.55935496831,0.091,0.31026157551536,0.186531913891171,0.106537832808895,"neighborhood_abs_misspec_le_0.075",2,0.106537832808895,0.128923014456333,0.0223851816474383,FALSE
71,"broad",NA,NA,0.05,0.213575162371213,0.228681360768736,96,3874.55935496831,0.091,0.31026157551536,0.186531913891171,0.106537832808895,"conservative_tau_omega_ge_0.10",9,0.106537832808895,0.186531913891171,0.0799940810822757,FALSE
71,"broad",NA,NA,0.05,0.213575162371213,0.228681360768736,96,3874.55935496831,0.091,0.31026157551536,0.186531913891171,0.106537832808895,"point_tau_omega_0.20",1,0.106537832808895,0.106537832808895,0,FALSE
71,"broad",NA,NA,0.1,0.213575162371213,0.228681360768736,96,3874.55935496831,0.2646,0.832117526135757,0.566367561075049,0.283031044186373,"full_5x5_grid",25,0.283031044186373,0.832117526135757,0.549086481949384,FALSE
71,"broad",NA,NA,0.1,0.213575162371213,0.228681360768736,96,3874.55935496831,0.2646,0.832117526135757,0.566367561075049,0.283031044186373,"exclude_tau_omega_zero",24,0.283031044186373,0.8173492949987,0.534318250812327,FALSE
71,"broad",NA,NA,0.1,0.213575162371213,0.228681360768736,96,3874.55935496831,0.2646,0.832117526135757,0.566367561075049,0.283031044186373,"neighborhood_abs_misspec_le_0.075",2,0.283031044186373,0.370671418960702,0.0876403747743283,FALSE
71,"broad",NA,NA,0.1,0.213575162371213,0.228681360768736,96,3874.55935496831,0.2646,0.832117526135757,0.566367561075049,0.283031044186373,"conservative_tau_omega_ge_0.10",9,0.283031044186373,0.566367561075049,0.283336516888676,FALSE
71,"broad",NA,NA,0.1,0.213575162371213,0.228681360768736,96,3874.55935496831,0.2646,0.832117526135757,0.566367561075049,0.283031044186373,"point_tau_omega_0.20",1,0.283031044186373,0.283031044186373,0,FALSE
71,"broad",NA,NA,0.2,0.213575162371213,0.228681360768736,96,3874.55935496831,0.7764,0.999944157116928,0.988860694610538,0.790084399017294,"full_5x5_grid",25,0.790084399017294,0.999944157116928,0.209859758099633,FALSE
71,"broad",NA,NA,0.2,0.213575162371213,0.228681360768736,96,3874.55935496831,0.7764,0.999944157116928,0.988860694610538,0.790084399017294,"exclude_tau_omega_zero",24,0.790084399017294,0.999911731916477,0.209827332899182,FALSE
71,"broad",NA,NA,0.2,0.213575162371213,0.228681360768736,96,3874.55935496831,0.7764,0.999944157116928,0.988860694610538,0.790084399017294,"neighborhood_abs_misspec_le_0.075",2,0.790084399017294,0.902231177117076,0.112146778099781,FALSE
71,"broad",NA,NA,0.2,0.213575162371213,0.228681360768736,96,3874.55935496831,0.7764,0.999944157116928,0.988860694610538,0.790084399017294,"conservative_tau_omega_ge_0.10",9,0.790084399017294,0.988860694610538,0.198776295593244,FALSE
71,"broad",NA,NA,0.2,0.213575162371213,0.228681360768736,96,3874.55935496831,0.7764,0.999944157116928,0.988860694610538,0.790084399017294,"point_tau_omega_0.20",1,0.790084399017294,0.790084399017294,0,FALSE
72,"broad",NA,NA,0.05,0.194683352707478,0.143349958365085,24,18474.9626198623,0.0614,0.730490917419062,0.101509139337167,0.0633646483119285,"full_5x5_grid",25,0.0633646483119285,0.730490917419062,0.667126269107134,FALSE
72,"broad",NA,NA,0.05,0.194683352707478,0.143349958365085,24,18474.9626198623,0.0614,0.730490917419062,0.101509139337167,0.0633646483119285,"exclude_tau_omega_zero",24,0.0633646483119285,0.581054178443955,0.517689530132027,FALSE
72,"broad",NA,NA,0.05,0.194683352707478,0.143349958365085,24,18474.9626198623,0.0614,0.730490917419062,0.101509139337167,0.0633646483119285,"neighborhood_abs_misspec_le_0.075",6,0.0633646483119285,0.0751014497843013,0.0117368014723729,FALSE
72,"broad",NA,NA,0.05,0.194683352707478,0.143349958365085,24,18474.9626198623,0.0614,0.730490917419062,0.101509139337167,0.0633646483119285,"conservative_tau_omega_ge_0.10",9,0.0633646483119285,0.101509139337167,0.0381444910252383,FALSE
72,"broad",NA,NA,0.05,0.194683352707478,0.143349958365085,24,18474.9626198623,0.0614,0.730490917419062,0.101509139337167,0.0633646483119285,"point_tau_omega_0.20",1,0.0633646483119285,0.0633646483119285,0,FALSE
72,"broad",NA,NA,0.1,0.194683352707478,0.143349958365085,24,18474.9626198623,0.1062,0.998433869995943,0.25795842822502,0.104057944709052,"full_5x5_grid",25,0.104057944709052,0.998433869995943,0.894375925286891,TRUE
72,"broad",NA,NA,0.1,0.194683352707478,0.143349958365085,24,18474.9626198623,0.1062,0.998433869995943,0.25795842822502,0.104057944709052,"exclude_tau_omega_zero",24,0.104057944709052,0.986029570370043,0.881971625660991,TRUE
72,"broad",NA,NA,0.1,0.194683352707478,0.143349958365085,24,18474.9626198623,0.1062,0.998433869995943,0.25795842822502,0.104057944709052,"neighborhood_abs_misspec_le_0.075",6,0.104057944709052,0.151936553784574,0.0478786090755227,TRUE
72,"broad",NA,NA,0.1,0.194683352707478,0.143349958365085,24,18474.9626198623,0.1062,0.998433869995943,0.25795842822502,0.104057944709052,"conservative_tau_omega_ge_0.10",9,0.104057944709052,0.25795842822502,0.153900483515968,TRUE
72,"broad",NA,NA,0.1,0.194683352707478,0.143349958365085,24,18474.9626198623,0.1062,0.998433869995943,0.25795842822502,0.104057944709052,"point_tau_omega_0.20",1,0.104057944709052,0.104057944709052,0,FALSE
72,"broad",NA,NA,0.2,0.194683352707478,0.143349958365085,24,18474.9626198623,0.294,0.999999999999894,0.722838876042973,0.267926197668978,"full_5x5_grid",25,0.267926197668978,0.999999999999894,0.732073802330916,TRUE
72,"broad",NA,NA,0.2,0.194683352707478,0.143349958365085,24,18474.9626198623,0.294,0.999999999999894,0.722838876042973,0.267926197668978,"exclude_tau_omega_zero",24,0.267926197668978,0.999999998369601,0.732073800700623,TRUE
72,"broad",NA,NA,0.2,0.194683352707478,0.143349958365085,24,18474.9626198623,0.294,0.999999999999894,0.722838876042973,0.267926197668978,"neighborhood_abs_misspec_le_0.075",6,0.267926197668978,0.442230420371999,0.17430422270302,TRUE
72,"broad",NA,NA,0.2,0.194683352707478,0.143349958365085,24,18474.9626198623,0.294,0.999999999999894,0.722838876042973,0.267926197668978,"conservative_tau_omega_ge_0.10",9,0.267926197668978,0.722838876042973,0.454912678373994,TRUE
72,"broad",NA,NA,0.2,0.194683352707478,0.143349958365085,24,18474.9626198623,0.294,0.999999999999894,0.722838876042973,0.267926197668978,"point_tau_omega_0.20",1,0.267926197668978,0.267926197668978,0,FALSE
73,"broad",NA,NA,0.05,0.23671525384672,0.0350981061042985,36,42391.0050940463,0.079,0.998426425540983,0.192020749059338,0.0862779939570704,"full_5x5_grid",25,0.0862779939570704,0.998426425540983,0.912148431583913,FALSE
73,"broad",NA,NA,0.05,0.23671525384672,0.0350981061042985,36,42391.0050940463,0.079,0.998426425540983,0.192020749059338,0.0862779939570704,"exclude_tau_omega_zero",24,0.0862779939570704,0.921513911876716,0.835235917919646,FALSE
73,"broad",NA,NA,0.05,0.23671525384672,0.0350981061042985,36,42391.0050940463,0.079,0.998426425540983,0.192020749059338,0.0862779939570704,"neighborhood_abs_misspec_le_0.075",3,0.0930182459482708,0.0958611087305244,0.00284286278225365,FALSE
73,"broad",NA,NA,0.05,0.23671525384672,0.0350981061042985,36,42391.0050940463,0.079,0.998426425540983,0.192020749059338,0.0862779939570704,"conservative_tau_omega_ge_0.10",9,0.0862779939570704,0.192020749059338,0.105742755102268,FALSE
73,"broad",NA,NA,0.05,0.23671525384672,0.0350981061042985,36,42391.0050940463,0.079,0.998426425540983,0.192020749059338,0.0862779939570704,"point_tau_omega_0.20",1,0.0862779939570704,0.0862779939570704,0,FALSE
73,"broad",NA,NA,0.1,0.23671525384672,0.0350981061042985,36,42391.0050940463,0.1858,0.999999999999998,0.582385795208671,0.199872280671385,"full_5x5_grid",25,0.199872280671385,0.999999999999998,0.800127719328613,FALSE
73,"broad",NA,NA,0.1,0.23671525384672,0.0350981061042985,36,42391.0050940463,0.1858,0.999999999999998,0.582385795208671,0.199872280671385,"exclude_tau_omega_zero",24,0.199872280671385,0.999999092087426,0.800126811416041,FALSE
73,"broad",NA,NA,0.1,0.23671525384672,0.0350981061042985,36,42391.0050940463,0.1858,0.999999999999998,0.582385795208671,0.199872280671385,"neighborhood_abs_misspec_le_0.075",3,0.227780913048631,0.239481079915958,0.0117001668673269,FALSE
73,"broad",NA,NA,0.1,0.23671525384672,0.0350981061042985,36,42391.0050940463,0.1858,0.999999999999998,0.582385795208671,0.199872280671385,"conservative_tau_omega_ge_0.10",9,0.199872280671385,0.582385795208671,0.382513514537286,FALSE
73,"broad",NA,NA,0.1,0.23671525384672,0.0350981061042985,36,42391.0050940463,0.1858,0.999999999999998,0.582385795208671,0.199872280671385,"point_tau_omega_0.20",1,0.199872280671385,0.199872280671385,0,FALSE
73,"broad",NA,NA,0.2,0.23671525384672,0.0350981061042985,36,42391.0050940463,0.5526,1,0.990998423283217,0.604668253711947,"full_5x5_grid",25,0.604668253711947,1,0.395331746288053,FALSE
73,"broad",NA,NA,0.2,0.23671525384672,0.0350981061042985,36,42391.0050940463,0.5526,1,0.990998423283217,0.604668253711947,"exclude_tau_omega_zero",24,0.604668253711947,1,0.395331746288053,FALSE
73,"broad",NA,NA,0.2,0.23671525384672,0.0350981061042985,36,42391.0050940463,0.5526,1,0.990998423283217,0.604668253711947,"neighborhood_abs_misspec_le_0.075",3,0.676947480343819,0.704048884338279,0.0271014039944599,FALSE
73,"broad",NA,NA,0.2,0.23671525384672,0.0350981061042985,36,42391.0050940463,0.5526,1,0.990998423283217,0.604668253711947,"conservative_tau_omega_ge_0.10",9,0.604668253711947,0.990998423283217,0.38633016957127,FALSE
73,"broad",NA,NA,0.2,0.23671525384672,0.0350981061042985,36,42391.0050940463,0.5526,1,0.990998423283217,0.604668253711947,"point_tau_omega_0.20",1,0.604668253711947,0.604668253711947,0,FALSE
74,"broad",NA,NA,0.05,0.0571625884140958,0.0549497176372679,24,4894.62560551166,0.229,0.315491739553218,0.107692905246854,0.067062400248236,"full_5x5_grid",25,0.067062400248236,0.315491739553218,0.248429339304982,TRUE
74,"broad",NA,NA,0.05,0.0571625884140958,0.0549497176372679,24,4894.62560551166,0.229,0.315491739553218,0.107692905246854,0.067062400248236,"exclude_tau_omega_zero",24,0.067062400248236,0.287978195040608,0.220915794792372,TRUE
74,"broad",NA,NA,0.05,0.0571625884140958,0.0549497176372679,24,4894.62560551166,0.229,0.315491739553218,0.107692905246854,0.067062400248236,"neighborhood_abs_misspec_le_0.075",9,0.107692905246854,0.315491739553218,0.207798834306364,TRUE
74,"broad",NA,NA,0.05,0.0571625884140958,0.0549497176372679,24,4894.62560551166,0.229,0.315491739553218,0.107692905246854,0.067062400248236,"conservative_tau_omega_ge_0.10",9,0.067062400248236,0.107692905246854,0.0406305049986182,FALSE
74,"broad",NA,NA,0.05,0.0571625884140958,0.0549497176372679,24,4894.62560551166,0.229,0.315491739553218,0.107692905246854,0.067062400248236,"point_tau_omega_0.20",1,0.067062400248236,0.067062400248236,0,FALSE
74,"broad",NA,NA,0.1,0.0571625884140958,0.0549497176372679,24,4894.62560551166,0.6632,0.830592353614593,0.285276767389437,0.119529654986234,"full_5x5_grid",25,0.119529654986234,0.830592353614593,0.711062698628359,TRUE
74,"broad",NA,NA,0.1,0.0571625884140958,0.0549497176372679,24,4894.62560551166,0.6632,0.830592353614593,0.285276767389437,0.119529654986234,"exclude_tau_omega_zero",24,0.119529654986234,0.789085258074128,0.669555603087893,TRUE
74,"broad",NA,NA,0.1,0.0571625884140958,0.0549497176372679,24,4894.62560551166,0.6632,0.830592353614593,0.285276767389437,0.119529654986234,"neighborhood_abs_misspec_le_0.075",9,0.285276767389437,0.830592353614593,0.545315586225156,TRUE
74,"broad",NA,NA,0.1,0.0571625884140958,0.0549497176372679,24,4894.62560551166,0.6632,0.830592353614593,0.285276767389437,0.119529654986234,"conservative_tau_omega_ge_0.10",9,0.119529654986234,0.285276767389437,0.165747112403203,FALSE
74,"broad",NA,NA,0.1,0.0571625884140958,0.0549497176372679,24,4894.62560551166,0.6632,0.830592353614593,0.285276767389437,0.119529654986234,"point_tau_omega_0.20",1,0.119529654986234,0.119529654986234,0,FALSE
74,"broad",NA,NA,0.2,0.0571625884140958,0.0549497176372679,24,4894.62560551166,0.9966,0.999904126555969,0.784933149225442,0.331403547724826,"full_5x5_grid",25,0.331403547724826,0.999904126555969,0.668500578831143,TRUE
74,"broad",NA,NA,0.2,0.0571625884140958,0.0549497176372679,24,4894.62560551166,0.9966,0.999904126555969,0.784933149225442,0.331403547724826,"exclude_tau_omega_zero",24,0.331403547724826,0.999708253983722,0.668304706258895,TRUE
74,"broad",NA,NA,0.2,0.0571625884140958,0.0549497176372679,24,4894.62560551166,0.9966,0.999904126555969,0.784933149225442,0.331403547724826,"neighborhood_abs_misspec_le_0.075",9,0.784933149225442,0.999904126555969,0.214970977330527,TRUE
74,"broad",NA,NA,0.2,0.0571625884140958,0.0549497176372679,24,4894.62560551166,0.9966,0.999904126555969,0.784933149225442,0.331403547724826,"conservative_tau_omega_ge_0.10",9,0.331403547724826,0.784933149225442,0.453529601500615,FALSE
74,"broad",NA,NA,0.2,0.0571625884140958,0.0549497176372679,24,4894.62560551166,0.9966,0.999904126555969,0.784933149225442,0.331403547724826,"point_tau_omega_0.20",1,0.331403547724826,0.331403547724826,0,FALSE
75,"broad",NA,NA,0.05,0.142118609268218,0.0394588745055953,120,3530.68862600066,0.1308,0.231053931068095,0.148445476808559,0.0950489244565071,"full_5x5_grid",25,0.0950489244565071,0.231053931068095,0.136005006611587,TRUE
75,"broad",NA,NA,0.05,0.142118609268218,0.0394588745055953,120,3530.68862600066,0.1308,0.231053931068095,0.148445476808559,0.0950489244565071,"exclude_tau_omega_zero",24,0.0950489244565071,0.221133199968645,0.126084275512138,TRUE
75,"broad",NA,NA,0.05,0.142118609268218,0.0394588745055953,120,3530.68862600066,0.1308,0.231053931068095,0.148445476808559,0.0950489244565071,"neighborhood_abs_misspec_le_0.075",9,0.106048370446048,0.164035405987449,0.0579870355414008,TRUE
75,"broad",NA,NA,0.05,0.142118609268218,0.0394588745055953,120,3530.68862600066,0.1308,0.231053931068095,0.148445476808559,0.0950489244565071,"conservative_tau_omega_ge_0.10",9,0.0950489244565071,0.148445476808559,0.0533965523520518,TRUE
75,"broad",NA,NA,0.05,0.142118609268218,0.0394588745055953,120,3530.68862600066,0.1308,0.231053931068095,0.148445476808559,0.0950489244565071,"point_tau_omega_0.20",1,0.0950489244565071,0.0950489244565071,0,FALSE
75,"broad",NA,NA,0.1,0.142118609268218,0.0394588745055953,120,3530.68862600066,0.3888,0.671977922986663,0.441922297313125,0.23624861056834,"full_5x5_grid",25,0.23624861056834,0.671977922986663,0.435729312418322,TRUE
75,"broad",NA,NA,0.1,0.142118609268218,0.0394588745055953,120,3530.68862600066,0.3888,0.671977922986663,0.441922297313125,0.23624861056834,"exclude_tau_omega_zero",24,0.23624861056834,0.651199963191585,0.414951352623244,TRUE
75,"broad",NA,NA,0.1,0.142118609268218,0.0394588745055953,120,3530.68862600066,0.3888,0.671977922986663,0.441922297313125,0.23624861056834,"neighborhood_abs_misspec_le_0.075",9,0.28111873683335,0.495242200708987,0.214123463875637,TRUE
75,"broad",NA,NA,0.1,0.142118609268218,0.0394588745055953,120,3530.68862600066,0.3888,0.671977922986663,0.441922297313125,0.23624861056834,"conservative_tau_omega_ge_0.10",9,0.23624861056834,0.441922297313125,0.205673686744784,TRUE
75,"broad",NA,NA,0.1,0.142118609268218,0.0394588745055953,120,3530.68862600066,0.3888,0.671977922986663,0.441922297313125,0.23624861056834,"point_tau_omega_0.20",1,0.23624861056834,0.23624861056834,0,FALSE
75,"broad",NA,NA,0.2,0.142118609268218,0.0394588745055953,120,3530.68862600066,0.9184,0.996656217277515,0.951403807299599,0.697308164688263,"full_5x5_grid",25,0.697308164688263,0.996656217277515,0.299348052589252,TRUE
75,"broad",NA,NA,0.2,0.142118609268218,0.0394588745055953,120,3530.68862600066,0.9184,0.996656217277515,0.951403807299599,0.697308164688263,"exclude_tau_omega_zero",24,0.697308164688263,0.995729865334852,0.298421700646589,TRUE
75,"broad",NA,NA,0.2,0.142118609268218,0.0394588745055953,120,3530.68862600066,0.9184,0.996656217277515,0.951403807299599,0.697308164688263,"neighborhood_abs_misspec_le_0.075",9,0.78703612877163,0.972927556786719,0.185891428015089,TRUE
75,"broad",NA,NA,0.2,0.142118609268218,0.0394588745055953,120,3530.68862600066,0.9184,0.996656217277515,0.951403807299599,0.697308164688263,"conservative_tau_omega_ge_0.10",9,0.697308164688263,0.951403807299599,0.254095642611335,TRUE
75,"broad",NA,NA,0.2,0.142118609268218,0.0394588745055953,120,3530.68862600066,0.9184,0.996656217277515,0.951403807299599,0.697308164688263,"point_tau_omega_0.20",1,0.697308164688263,0.697308164688263,0,FALSE
76,"broad",NA,NA,0.05,0.0313441957726609,0.192073641190422,24,11503.3331462026,0.158263305322129,0.702104722124454,0.152070475026332,0.078112823477189,"full_5x5_grid",25,0.078112823477189,0.702104722124454,0.623991898647265,TRUE
76,"broad",NA,NA,0.05,0.0313441957726609,0.192073641190422,24,11503.3331462026,0.158263305322129,0.702104722124454,0.152070475026332,0.078112823477189,"exclude_tau_omega_zero",24,0.078112823477189,0.564087957167954,0.485975133690765,TRUE
76,"broad",NA,NA,0.05,0.0313441957726609,0.192073641190422,24,11503.3331462026,0.158263305322129,0.702104722124454,0.152070475026332,0.078112823477189,"neighborhood_abs_misspec_le_0.075",6,0.113573024746777,0.226370812281371,0.112797787534594,TRUE
76,"broad",NA,NA,0.05,0.0313441957726609,0.192073641190422,24,11503.3331462026,0.158263305322129,0.702104722124454,0.152070475026332,0.078112823477189,"conservative_tau_omega_ge_0.10",9,0.078112823477189,0.152070475026332,0.0739576515491426,FALSE
76,"broad",NA,NA,0.05,0.0313441957726609,0.192073641190422,24,11503.3331462026,0.158263305322129,0.702104722124454,0.152070475026332,0.078112823477189,"point_tau_omega_0.20",1,0.078112823477189,0.078112823477189,0,FALSE
76,"broad",NA,NA,0.1,0.0313441957726609,0.192073641190422,24,11503.3331462026,0.472155448717949,0.998646421673451,0.454902257550092,0.165883595289825,"full_5x5_grid",25,0.165883595289825,0.998646421673451,0.832762826383625,TRUE
76,"broad",NA,NA,0.1,0.0313441957726609,0.192073641190422,24,11503.3331462026,0.472155448717949,0.998646421673451,0.454902257550092,0.165883595289825,"exclude_tau_omega_zero",24,0.165883595289825,0.988390932322168,0.822507337032342,TRUE
76,"broad",NA,NA,0.1,0.0313441957726609,0.192073641190422,24,11503.3331462026,0.472155448717949,0.998646421673451,0.454902257550092,0.165883595289825,"neighborhood_abs_misspec_le_0.075",6,0.311116603909736,0.673723297589281,0.362606693679545,TRUE
76,"broad",NA,NA,0.1,0.0313441957726609,0.192073641190422,24,11503.3331462026,0.472155448717949,0.998646421673451,0.454902257550092,0.165883595289825,"conservative_tau_omega_ge_0.10",9,0.165883595289825,0.454902257550092,0.289018662260267,FALSE
76,"broad",NA,NA,0.1,0.0313441957726609,0.192073641190422,24,11503.3331462026,0.472155448717949,0.998646421673451,0.454902257550092,0.165883595289825,"point_tau_omega_0.20",1,0.165883595289825,0.165883595289825,0,FALSE
76,"broad",NA,NA,0.2,0.0313441957726609,0.192073641190422,24,11503.3331462026,0.962384953981593,0.999999999999998,0.957902738986688,0.501687377010335,"full_5x5_grid",25,0.501687377010335,0.999999999999998,0.498312622989663,TRUE
76,"broad",NA,NA,0.2,0.0313441957726609,0.192073641190422,24,11503.3331462026,0.962384953981593,0.999999999999998,0.957902738986688,0.501687377010335,"exclude_tau_omega_zero",24,0.501687377010335,0.999999999944559,0.498312622934224,TRUE
76,"broad",NA,NA,0.2,0.0313441957726609,0.192073641190422,24,11503.3331462026,0.962384953981593,0.999999999999998,0.957902738986688,0.501687377010335,"neighborhood_abs_misspec_le_0.075",6,0.833722691791176,0.997804283500531,0.164081591709356,TRUE
76,"broad",NA,NA,0.2,0.0313441957726609,0.192073641190422,24,11503.3331462026,0.962384953981593,0.999999999999998,0.957902738986688,0.501687377010335,"conservative_tau_omega_ge_0.10",9,0.501687377010335,0.957902738986688,0.456215361976353,FALSE
76,"broad",NA,NA,0.2,0.0313441957726609,0.192073641190422,24,11503.3331462026,0.962384953981593,0.999999999999998,0.957902738986688,0.501687377010335,"point_tau_omega_0.20",1,0.501687377010335,0.501687377010335,0,FALSE
77,"broad",NA,NA,0.05,0.176490553306649,0.171848928212712,72,76056.4385667838,0.1926,0.999999299831591,0.434278499921875,0.15196633439707,"full_5x5_grid",25,0.15196633439707,0.999999299831591,0.848032965434522,TRUE
77,"broad",NA,NA,0.05,0.176490553306649,0.171848928212712,72,76056.4385667838,0.1926,0.999999299831591,0.434278499921875,0.15196633439707,"exclude_tau_omega_zero",24,0.15196633439707,0.99985999351312,0.84789365911605,TRUE
77,"broad",NA,NA,0.05,0.176490553306649,0.171848928212712,72,76056.4385667838,0.1926,0.999999299831591,0.434278499921875,0.15196633439707,"neighborhood_abs_misspec_le_0.075",6,0.15196633439707,0.248809410663713,0.0968430762666433,TRUE
77,"broad",NA,NA,0.05,0.176490553306649,0.171848928212712,72,76056.4385667838,0.1926,0.999999299831591,0.434278499921875,0.15196633439707,"conservative_tau_omega_ge_0.10",9,0.15196633439707,0.434278499921875,0.282312165524805,TRUE
77,"broad",NA,NA,0.05,0.176490553306649,0.171848928212712,72,76056.4385667838,0.1926,0.999999299831591,0.434278499921875,0.15196633439707,"point_tau_omega_0.20",1,0.15196633439707,0.15196633439707,0,FALSE
77,"broad",NA,NA,0.1,0.176490553306649,0.171848928212712,72,76056.4385667838,0.5682,1,0.948241427800883,0.455073015348879,"full_5x5_grid",25,0.455073015348879,1,0.544926984651121,TRUE
77,"broad",NA,NA,0.1,0.176490553306649,0.171848928212712,72,76056.4385667838,0.5682,1,0.948241427800883,0.455073015348879,"exclude_tau_omega_zero",24,0.455073015348879,1,0.544926984651121,TRUE
77,"broad",NA,NA,0.1,0.176490553306649,0.171848928212712,72,76056.4385667838,0.5682,1,0.948241427800883,0.455073015348879,"neighborhood_abs_misspec_le_0.075",6,0.455073015348879,0.725563659062145,0.270490643713265,TRUE
77,"broad",NA,NA,0.1,0.176490553306649,0.171848928212712,72,76056.4385667838,0.5682,1,0.948241427800883,0.455073015348879,"conservative_tau_omega_ge_0.10",9,0.455073015348879,0.948241427800883,0.493168412452004,TRUE
77,"broad",NA,NA,0.1,0.176490553306649,0.171848928212712,72,76056.4385667838,0.5682,1,0.948241427800883,0.455073015348879,"point_tau_omega_0.20",1,0.455073015348879,0.455073015348879,0,FALSE
77,"broad",NA,NA,0.2,0.176490553306649,0.171848928212712,72,76056.4385667838,0.987,1,0.999999907608191,0.95848423839415,"full_5x5_grid",25,0.95848423839415,1,0.0415157616058505,TRUE
77,"broad",NA,NA,0.2,0.176490553306649,0.171848928212712,72,76056.4385667838,0.987,1,0.999999907608191,0.95848423839415,"exclude_tau_omega_zero",24,0.95848423839415,1,0.0415157616058505,TRUE
77,"broad",NA,NA,0.2,0.176490553306649,0.171848928212712,72,76056.4385667838,0.987,1,0.999999907608191,0.95848423839415,"neighborhood_abs_misspec_le_0.075",6,0.95848423839415,0.999205106427319,0.0407208680331693,TRUE
77,"broad",NA,NA,0.2,0.176490553306649,0.171848928212712,72,76056.4385667838,0.987,1,0.999999907608191,0.95848423839415,"conservative_tau_omega_ge_0.10",9,0.95848423839415,0.999999907608191,0.0415156692140412,TRUE
77,"broad",NA,NA,0.2,0.176490553306649,0.171848928212712,72,76056.4385667838,0.987,1,0.999999907608191,0.95848423839415,"point_tau_omega_0.20",1,0.95848423839415,0.95848423839415,0,FALSE
78,"broad",NA,NA,0.05,0.0804864643044421,0.10321317812975,72,18407.4995292664,0.211,0.860420723261416,0.189614595343604,0.0895513356916542,"full_5x5_grid",25,0.0895513356916542,0.860420723261416,0.770869387569762,TRUE
78,"broad",NA,NA,0.05,0.0804864643044421,0.10321317812975,72,18407.4995292664,0.211,0.860420723261416,0.189614595343604,0.0895513356916542,"exclude_tau_omega_zero",24,0.0895513356916542,0.584365155750835,0.494813820059181,TRUE
78,"broad",NA,NA,0.05,0.0804864643044421,0.10321317812975,72,18407.4995292664,0.211,0.860420723261416,0.189614595343604,0.0895513356916542,"neighborhood_abs_misspec_le_0.075",9,0.118048068488177,0.421488989643095,0.303440921154918,TRUE
78,"broad",NA,NA,0.05,0.0804864643044421,0.10321317812975,72,18407.4995292664,0.211,0.860420723261416,0.189614595343604,0.0895513356916542,"conservative_tau_omega_ge_0.10",9,0.0895513356916542,0.189614595343604,0.10006325965195,FALSE
78,"broad",NA,NA,0.05,0.0804864643044421,0.10321317812975,72,18407.4995292664,0.211,0.860420723261416,0.189614595343604,0.0895513356916542,"point_tau_omega_0.20",1,0.0895513356916542,0.0895513356916542,0,FALSE
78,"broad",NA,NA,0.1,0.0804864643044421,0.10321317812975,72,18407.4995292664,0.6348,0.999975554196841,0.575299648252894,0.213460799340685,"full_5x5_grid",25,0.213460799340685,0.999975554196841,0.786514754856156,TRUE
78,"broad",NA,NA,0.1,0.0804864643044421,0.10321317812975,72,18407.4995292664,0.6348,0.999975554196841,0.575299648252894,0.213460799340685,"exclude_tau_omega_zero",24,0.213460799340685,0.991108969850674,0.777648170509989,TRUE
78,"broad",NA,NA,0.1,0.0804864643044421,0.10321317812975,72,18407.4995292664,0.6348,0.999975554196841,0.575299648252894,0.213460799340685,"neighborhood_abs_misspec_le_0.075",9,0.32865808739471,0.939969839164483,0.611311751769773,TRUE
78,"broad",NA,NA,0.1,0.0804864643044421,0.10321317812975,72,18407.4995292664,0.6348,0.999975554196841,0.575299648252894,0.213460799340685,"conservative_tau_omega_ge_0.10",9,0.213460799340685,0.575299648252894,0.361838848912209,FALSE
78,"broad",NA,NA,0.1,0.0804864643044421,0.10321317812975,72,18407.4995292664,0.6348,0.999975554196841,0.575299648252894,0.213460799340685,"point_tau_omega_0.20",1,0.213460799340685,0.213460799340685,0,FALSE
78,"broad",NA,NA,0.2,0.0804864643044421,0.10321317812975,72,18407.4995292664,0.9946,1,0.990067089172493,0.641287428395865,"full_5x5_grid",25,0.641287428395865,1,0.358712571604135,TRUE
78,"broad",NA,NA,0.2,0.0804864643044421,0.10321317812975,72,18407.4995292664,0.9946,1,0.990067089172493,0.641287428395865,"exclude_tau_omega_zero",24,0.641287428395865,0.999999999984375,0.35871257158851,TRUE
78,"broad",NA,NA,0.2,0.0804864643044421,0.10321317812975,72,18407.4995292664,0.9946,1,0.990067089172493,0.641287428395865,"neighborhood_abs_misspec_le_0.075",9,0.856819074526917,0.999999761182346,0.143180686655429,TRUE
78,"broad",NA,NA,0.2,0.0804864643044421,0.10321317812975,72,18407.4995292664,0.9946,1,0.990067089172493,0.641287428395865,"conservative_tau_omega_ge_0.10",9,0.641287428395865,0.990067089172493,0.348779660776628,FALSE
78,"broad",NA,NA,0.2,0.0804864643044421,0.10321317812975,72,18407.4995292664,0.9946,1,0.990067089172493,0.641287428395865,"point_tau_omega_0.20",1,0.641287428395865,0.641287428395865,0,FALSE
79,"broad",NA,NA,0.05,0.214808533654199,0.0641132303139893,60,3227.45548713856,0.0698,0.235582423945548,0.114274859940515,0.071543736323294,"full_5x5_grid",25,0.071543736323294,0.235582423945548,0.164038687622254,FALSE
79,"broad",NA,NA,0.05,0.214808533654199,0.0641132303139893,60,3227.45548713856,0.0698,0.235582423945548,0.114274859940515,0.071543736323294,"exclude_tau_omega_zero",24,0.071543736323294,0.214794035236317,0.143250298913023,FALSE
79,"broad",NA,NA,0.05,0.214808533654199,0.0641132303139893,60,3227.45548713856,0.0698,0.235582423945548,0.114274859940515,0.071543736323294,"neighborhood_abs_misspec_le_0.075",6,0.0765549941999456,0.0962236382682895,0.0196686440683439,FALSE
79,"broad",NA,NA,0.05,0.214808533654199,0.0641132303139893,60,3227.45548713856,0.0698,0.235582423945548,0.114274859940515,0.071543736323294,"conservative_tau_omega_ge_0.10",9,0.071543736323294,0.114274859940515,0.0427311236172208,FALSE
79,"broad",NA,NA,0.05,0.214808533654199,0.0641132303139893,60,3227.45548713856,0.0698,0.235582423945548,0.114274859940515,0.071543736323294,"point_tau_omega_0.20",1,0.071543736323294,0.071543736323294,0,FALSE
79,"broad",NA,NA,0.1,0.214808533654199,0.0641132303139893,60,3227.45548713856,0.145,0.68943822061163,0.311766958460175,0.138125035324859,"full_5x5_grid",25,0.138125035324859,0.68943822061163,0.551313185286771,TRUE
79,"broad",NA,NA,0.1,0.214808533654199,0.0641132303139893,60,3227.45548713856,0.145,0.68943822061163,0.311766958460175,0.138125035324859,"exclude_tau_omega_zero",24,0.138125035324859,0.638585872160327,0.500460836835468,TRUE
79,"broad",NA,NA,0.1,0.214808533654199,0.0641132303139893,60,3227.45548713856,0.145,0.68943822061163,0.311766958460175,0.138125035324859,"neighborhood_abs_misspec_le_0.075",6,0.15895559180988,0.239970859640378,0.0810152678304984,FALSE
79,"broad",NA,NA,0.1,0.214808533654199,0.0641132303139893,60,3227.45548713856,0.145,0.68943822061163,0.311766958460175,0.138125035324859,"conservative_tau_omega_ge_0.10",9,0.138125035324859,0.311766958460175,0.173641923135316,TRUE
79,"broad",NA,NA,0.1,0.214808533654199,0.0641132303139893,60,3227.45548713856,0.145,0.68943822061163,0.311766958460175,0.138125035324859,"point_tau_omega_0.20",1,0.138125035324859,0.138125035324859,0,FALSE
79,"broad",NA,NA,0.2,0.214808533654199,0.0641132303139893,60,3227.45548713856,0.441488297659532,0.997966042125176,0.828083974965972,0.401602487156663,"full_5x5_grid",25,0.401602487156663,0.997966042125176,0.596363554968512,TRUE
79,"broad",NA,NA,0.2,0.214808533654199,0.0641132303139893,60,3227.45548713856,0.441488297659532,0.997966042125176,0.828083974965972,0.401602487156663,"exclude_tau_omega_zero",24,0.401602487156663,0.99527460334974,0.593672116193077,TRUE
79,"broad",NA,NA,0.2,0.214808533654199,0.0641132303139893,60,3227.45548713856,0.441488297659532,0.997966042125176,0.828083974965972,0.401602487156663,"neighborhood_abs_misspec_le_0.075",6,0.474866376975462,0.6999875177208,0.225121140745339,FALSE
79,"broad",NA,NA,0.2,0.214808533654199,0.0641132303139893,60,3227.45548713856,0.441488297659532,0.997966042125176,0.828083974965972,0.401602487156663,"conservative_tau_omega_ge_0.10",9,0.401602487156663,0.828083974965972,0.426481487809308,TRUE
79,"broad",NA,NA,0.2,0.214808533654199,0.0641132303139893,60,3227.45548713856,0.441488297659532,0.997966042125176,0.828083974965972,0.401602487156663,"point_tau_omega_0.20",1,0.401602487156663,0.401602487156663,0,FALSE
8,"broad",NA,NA,0.05,0.153668300253456,0.17788872561889,60,10762.8701605039,0.1318,0.699277456664975,0.235819615939614,0.105769526519323,"full_5x5_grid",25,0.105769526519323,0.699277456664975,0.593507930145653,TRUE
8,"broad",NA,NA,0.05,0.153668300253456,0.17788872561889,60,10762.8701605039,0.1318,0.699277456664975,0.235819615939614,0.105769526519323,"exclude_tau_omega_zero",24,0.105769526519323,0.634303047283944,0.528533520764621,TRUE
8,"broad",NA,NA,0.05,0.153668300253456,0.17788872561889,60,10762.8701605039,0.1318,0.699277456664975,0.235819615939614,0.105769526519323,"neighborhood_abs_misspec_le_0.075",6,0.105769526519323,0.204827008350538,0.099057481831215,TRUE
8,"broad",NA,NA,0.05,0.153668300253456,0.17788872561889,60,10762.8701605039,0.1318,0.699277456664975,0.235819615939614,0.105769526519323,"conservative_tau_omega_ge_0.10",9,0.105769526519323,0.235819615939614,0.130050089420292,TRUE
8,"broad",NA,NA,0.05,0.153668300253456,0.17788872561889,60,10762.8701605039,0.1318,0.699277456664975,0.235819615939614,0.105769526519323,"point_tau_omega_0.20",1,0.105769526519323,0.105769526519323,0,FALSE
8,"broad",NA,NA,0.1,0.153668300253456,0.17788872561889,60,10762.8701605039,0.3796,0.998635649992882,0.69647290978856,0.280019838440847,"full_5x5_grid",25,0.280019838440847,0.998635649992882,0.718615811552035,TRUE
8,"broad",NA,NA,0.1,0.153668300253456,0.17788872561889,60,10762.8701605039,0.3796,0.998635649992882,0.69647290978856,0.280019838440847,"exclude_tau_omega_zero",24,0.280019838440847,0.995849322610557,0.71582948416971,TRUE
8,"broad",NA,NA,0.1,0.153668300253456,0.17788872561889,60,10762.8701605039,0.3796,0.998635649992882,0.69647290978856,0.280019838440847,"neighborhood_abs_misspec_le_0.075",6,0.280019838440847,0.618896584218015,0.338876745777169,TRUE
8,"broad",NA,NA,0.1,0.153668300253456,0.17788872561889,60,10762.8701605039,0.3796,0.998635649992882,0.69647290978856,0.280019838440847,"conservative_tau_omega_ge_0.10",9,0.280019838440847,0.69647290978856,0.416453071347714,TRUE
8,"broad",NA,NA,0.1,0.153668300253456,0.17788872561889,60,10762.8701605039,0.3796,0.998635649992882,0.69647290978856,0.280019838440847,"point_tau_omega_0.20",1,0.280019838440847,0.280019838440847,0,FALSE
8,"broad",NA,NA,0.2,0.153668300253456,0.17788872561889,60,10762.8701605039,0.9144,0.999999999999999,0.998569004658872,0.78523401618499,"full_5x5_grid",25,0.78523401618499,0.999999999999999,0.214765983815009,TRUE
8,"broad",NA,NA,0.2,0.153668300253456,0.17788872561889,60,10762.8701605039,0.9144,0.999999999999999,0.998569004658872,0.78523401618499,"exclude_tau_omega_zero",24,0.78523401618499,0.999999999999725,0.214765983814735,TRUE
8,"broad",NA,NA,0.2,0.153668300253456,0.17788872561889,60,10762.8701605039,0.9144,0.999999999999999,0.998569004658872,0.78523401618499,"neighborhood_abs_misspec_le_0.075",6,0.78523401618499,0.994757263562403,0.209523247377413,TRUE
8,"broad",NA,NA,0.2,0.153668300253456,0.17788872561889,60,10762.8701605039,0.9144,0.999999999999999,0.998569004658872,0.78523401618499,"conservative_tau_omega_ge_0.10",9,0.78523401618499,0.998569004658872,0.213334988473882,TRUE
8,"broad",NA,NA,0.2,0.153668300253456,0.17788872561889,60,10762.8701605039,0.9144,0.999999999999999,0.998569004658872,0.78523401618499,"point_tau_omega_0.20",1,0.78523401618499,0.78523401618499,0,FALSE
80,"broad",NA,NA,0.05,0.156783523437567,0.173128214054042,30,3833.08594856421,0.0926,0.311874813876763,0.128495718496692,0.0770199538660012,"full_5x5_grid",25,0.0770199538660012,0.311874813876763,0.234854860010762,TRUE
80,"broad",NA,NA,0.05,0.156783523437567,0.173128214054042,30,3833.08594856421,0.0926,0.311874813876763,0.128495718496692,0.0770199538660012,"exclude_tau_omega_zero",24,0.0770199538660012,0.256353897359338,0.179333943493337,TRUE
80,"broad",NA,NA,0.05,0.156783523437567,0.173128214054042,30,3833.08594856421,0.0926,0.311874813876763,0.128495718496692,0.0770199538660012,"neighborhood_abs_misspec_le_0.075",9,0.0770199538660012,0.128495718496692,0.0514757646306905,TRUE
80,"broad",NA,NA,0.05,0.156783523437567,0.173128214054042,30,3833.08594856421,0.0926,0.311874813876763,0.128495718496692,0.0770199538660012,"conservative_tau_omega_ge_0.10",9,0.0770199538660012,0.128495718496692,0.0514757646306905,TRUE
80,"broad",NA,NA,0.05,0.156783523437567,0.173128214054042,30,3833.08594856421,0.0926,0.311874813876763,0.128495718496692,0.0770199538660012,"point_tau_omega_0.20",1,0.0770199538660012,0.0770199538660012,0,FALSE
80,"broad",NA,NA,0.1,0.156783523437567,0.173128214054042,30,3833.08594856421,0.2104,0.834752062430439,0.369176764335501,0.16134489176563,"full_5x5_grid",25,0.16134489176563,0.834752062430439,0.673407170664809,TRUE
80,"broad",NA,NA,0.1,0.156783523437567,0.173128214054042,30,3833.08594856421,0.2104,0.834752062430439,0.369176764335501,0.16134489176563,"exclude_tau_omega_zero",24,0.16134489176563,0.740487442859499,0.579142551093869,TRUE
80,"broad",NA,NA,0.1,0.156783523437567,0.173128214054042,30,3833.08594856421,0.2104,0.834752062430439,0.369176764335501,0.16134489176563,"neighborhood_abs_misspec_le_0.075",9,0.16134489176563,0.369176764335501,0.207831872569871,TRUE
80,"broad",NA,NA,0.1,0.156783523437567,0.173128214054042,30,3833.08594856421,0.2104,0.834752062430439,0.369176764335501,0.16134489176563,"conservative_tau_omega_ge_0.10",9,0.16134489176563,0.369176764335501,0.207831872569871,TRUE
80,"broad",NA,NA,0.1,0.156783523437567,0.173128214054042,30,3833.08594856421,0.2104,0.834752062430439,0.369176764335501,0.16134489176563,"point_tau_omega_0.20",1,0.16134489176563,0.16134489176563,0,FALSE
80,"broad",NA,NA,0.2,0.156783523437567,0.173128214054042,30,3833.08594856421,0.6502,0.999949910436745,0.901109528262821,0.486826299298757,"full_5x5_grid",25,0.486826299298757,0.999949910436745,0.513123611137988,TRUE
80,"broad",NA,NA,0.2,0.156783523437567,0.173128214054042,30,3833.08594856421,0.6502,0.999949910436745,0.901109528262821,0.486826299298757,"exclude_tau_omega_zero",24,0.486826299298757,0.999401981924858,0.512575682626102,TRUE
80,"broad",NA,NA,0.2,0.156783523437567,0.173128214054042,30,3833.08594856421,0.6502,0.999949910436745,0.901109528262821,0.486826299298757,"neighborhood_abs_misspec_le_0.075",9,0.486826299298757,0.901109528262821,0.414283228964064,TRUE
80,"broad",NA,NA,0.2,0.156783523437567,0.173128214054042,30,3833.08594856421,0.6502,0.999949910436745,0.901109528262821,0.486826299298757,"conservative_tau_omega_ge_0.10",9,0.486826299298757,0.901109528262821,0.414283228964064,TRUE
80,"broad",NA,NA,0.2,0.156783523437567,0.173128214054042,30,3833.08594856421,0.6502,0.999949910436745,0.901109528262821,0.486826299298757,"point_tau_omega_0.20",1,0.486826299298757,0.486826299298757,0,FALSE
81,"targeted",1,"A",0.05,0.189456066531129,0.177847274914384,24,470.675029790948,0.0452,0.0629096295275837,0.0596124358520904,0.0553067793580687,"full_5x5_grid",25,0.0553067793580687,0.062919576626155,0.00761279726808628,FALSE
81,"targeted",1,"A",0.05,0.189456066531129,0.177847274914384,24,470.675029790948,0.0452,0.0629096295275837,0.0596124358520904,0.0553067793580687,"exclude_tau_omega_zero",24,0.0553067793580687,0.062919576626155,0.00761279726808628,FALSE
81,"targeted",1,"A",0.05,0.189456066531129,0.177847274914384,24,470.675029790948,0.0452,0.0629096295275837,0.0596124358520904,0.0553067793580687,"neighborhood_abs_misspec_le_0.075",4,0.0553067793580687,0.0571977424658898,0.00189096310782111,FALSE
81,"targeted",1,"A",0.05,0.189456066531129,0.177847274914384,24,470.675029790948,0.0452,0.0629096295275837,0.0596124358520904,0.0553067793580687,"conservative_tau_omega_ge_0.10",9,0.0553067793580687,0.0596124358520904,0.0043056564940217,FALSE
81,"targeted",1,"A",0.05,0.189456066531129,0.177847274914384,24,470.675029790948,0.0452,0.0629096295275837,0.0596124358520904,0.0553067793580687,"point_tau_omega_0.20",1,0.0553067793580687,0.0553067793580687,0,FALSE
81,"targeted",1,"A",0.1,0.189456066531129,0.177847274914384,24,470.675029790948,0.0626,0.100356418120985,0.0880650202987241,0.0711817186436986,"full_5x5_grid",25,0.0711817186436986,0.100479071162586,0.029297352518887,FALSE
81,"targeted",1,"A",0.1,0.189456066531129,0.177847274914384,24,470.675029790948,0.0626,0.100356418120985,0.0880650202987241,0.0711817186436986,"exclude_tau_omega_zero",24,0.0711817186436986,0.100479071162586,0.029297352518887,FALSE
81,"targeted",1,"A",0.1,0.189456066531129,0.177847274914384,24,470.675029790948,0.0626,0.100356418120985,0.0880650202987241,0.0711817186436986,"neighborhood_abs_misspec_le_0.075",4,0.0711817186436986,0.0786565428723531,0.00747482422865453,FALSE
81,"targeted",1,"A",0.1,0.189456066531129,0.177847274914384,24,470.675029790948,0.0626,0.100356418120985,0.0880650202987241,0.0711817186436986,"conservative_tau_omega_ge_0.10",9,0.0711817186436986,0.0880650202987241,0.0168833016550255,FALSE
81,"targeted",1,"A",0.1,0.189456066531129,0.177847274914384,24,470.675029790948,0.0626,0.100356418120985,0.0880650202987241,0.0711817186436986,"point_tau_omega_0.20",1,0.0711817186436986,0.0711817186436986,0,FALSE
81,"targeted",1,"A",0.2,0.189456066531129,0.177847274914384,24,470.675029790948,0.132826565313063,0.233485849790402,0.195654497408754,0.133731282804615,"full_5x5_grid",25,0.133731282804615,0.236339469926224,0.102608187121608,FALSE
81,"targeted",1,"A",0.2,0.189456066531129,0.177847274914384,24,470.675029790948,0.132826565313063,0.233485849790402,0.195654497408754,0.133731282804615,"exclude_tau_omega_zero",24,0.133731282804615,0.236339469926224,0.102608187121608,FALSE
81,"targeted",1,"A",0.2,0.189456066531129,0.177847274914384,24,470.675029790948,0.132826565313063,0.233485849790402,0.195654497408754,0.133731282804615,"neighborhood_abs_misspec_le_0.075",4,0.133731282804615,0.161994577033646,0.0282632942290302,FALSE
81,"targeted",1,"A",0.2,0.189456066531129,0.177847274914384,24,470.675029790948,0.132826565313063,0.233485849790402,0.195654497408754,0.133731282804615,"conservative_tau_omega_ge_0.10",9,0.133731282804615,0.195654497408754,0.0619232146041389,FALSE
81,"targeted",1,"A",0.2,0.189456066531129,0.177847274914384,24,470.675029790948,0.132826565313063,0.233485849790402,0.195654497408754,0.133731282804615,"point_tau_omega_0.20",1,0.133731282804615,0.133731282804615,0,FALSE
82,"targeted",1,"A",0.05,0.189456066531129,0.177847274914384,24,10836.7311372508,0.0356071214242849,0.451022240907641,0.0674381297312739,0.0544842002471468,"full_5x5_grid",25,0.0544842002471468,0.451022240907641,0.396538040660494,FALSE
82,"targeted",1,"A",0.05,0.189456066531129,0.177847274914384,24,10836.7311372508,0.0356071214242849,0.451022240907641,0.0674381297312739,0.0544842002471468,"exclude_tau_omega_zero",24,0.0544842002471468,0.160077092008372,0.105592891761225,FALSE
82,"targeted",1,"A",0.05,0.189456066531129,0.177847274914384,24,10836.7311372508,0.0356071214242849,0.451022240907641,0.0674381297312739,0.0544842002471468,"neighborhood_abs_misspec_le_0.075",4,0.0544842002471468,0.0579155509871192,0.00343135073997236,FALSE
82,"targeted",1,"A",0.05,0.189456066531129,0.177847274914384,24,10836.7311372508,0.0356071214242849,0.451022240907641,0.0674381297312739,0.0544842002471468,"conservative_tau_omega_ge_0.10",9,0.0544842002471468,0.0674381297312739,0.0129539294841271,FALSE
82,"targeted",1,"A",0.05,0.189456066531129,0.177847274914384,24,10836.7311372508,0.0356071214242849,0.451022240907641,0.0674381297312739,0.0544842002471468,"point_tau_omega_0.20",1,0.0544842002471468,0.0544842002471468,0,FALSE
82,"targeted",1,"A",0.1,0.189456066531129,0.177847274914384,24,10836.7311372508,0.0512102420484097,0.932840959629634,0.119138593267137,0.0678948425561051,"full_5x5_grid",25,0.0678948425561051,0.932840959629634,0.864946117073528,FALSE
82,"targeted",1,"A",0.1,0.189456066531129,0.177847274914384,24,10836.7311372508,0.0512102420484097,0.932840959629634,0.119138593267137,0.0678948425561051,"exclude_tau_omega_zero",24,0.0678948425561051,0.453534604229712,0.385639761673606,FALSE
82,"targeted",1,"A",0.1,0.189456066531129,0.177847274914384,24,10836.7311372508,0.0512102420484097,0.932840959629634,0.119138593267137,0.0678948425561051,"neighborhood_abs_misspec_le_0.075",4,0.0678948425561051,0.0815350898520848,0.0136402472959797,FALSE
82,"targeted",1,"A",0.1,0.189456066531129,0.177847274914384,24,10836.7311372508,0.0512102420484097,0.932840959629634,0.119138593267137,0.0678948425561051,"conservative_tau_omega_ge_0.10",9,0.0678948425561051,0.119138593267137,0.0512437507110317,FALSE
82,"targeted",1,"A",0.1,0.189456066531129,0.177847274914384,24,10836.7311372508,0.0512102420484097,0.932840959629634,0.119138593267137,0.0678948425561051,"point_tau_omega_0.20",1,0.0678948425561051,0.0678948425561051,0,FALSE
82,"targeted",1,"A",0.2,0.189456066531129,0.177847274914384,24,10836.7311372508,0.115823164632927,0.999995454058972,0.310200703660543,0.120761987835352,"full_5x5_grid",25,0.120761987835352,0.999995454058972,0.87923346622362,FALSE
82,"targeted",1,"A",0.2,0.189456066531129,0.177847274914384,24,10836.7311372508,0.115823164632927,0.999995454058972,0.310200703660543,0.120761987835352,"exclude_tau_omega_zero",24,0.120761987835352,0.930592300825271,0.809830312989919,FALSE
82,"targeted",1,"A",0.2,0.189456066531129,0.177847274914384,24,10836.7311372508,0.115823164632927,0.999995454058972,0.310200703660543,0.120761987835352,"neighborhood_abs_misspec_le_0.075",4,0.120761987835352,0.173354281213808,0.0525922933784566,FALSE
82,"targeted",1,"A",0.2,0.189456066531129,0.177847274914384,24,10836.7311372508,0.115823164632927,0.999995454058972,0.310200703660543,0.120761987835352,"conservative_tau_omega_ge_0.10",9,0.120761987835352,0.310200703660543,0.189438715825191,FALSE
82,"targeted",1,"A",0.2,0.189456066531129,0.177847274914384,24,10836.7311372508,0.115823164632927,0.999995454058972,0.310200703660543,0.120761987835352,"point_tau_omega_0.20",1,0.120761987835352,0.120761987835352,0,FALSE
83,"targeted",2,"A",0.05,0.243872763770632,0.176301120710559,60,3067.61551330669,0.0762,0.244425736437811,0.147721157612544,0.090042835336368,"full_5x5_grid",25,0.090042835336368,0.244425736437811,0.154382901101443,FALSE
83,"targeted",2,"A",0.05,0.243872763770632,0.176301120710559,60,3067.61551330669,0.0762,0.244425736437811,0.147721157612544,0.090042835336368,"exclude_tau_omega_zero",24,0.090042835336368,0.233858317502533,0.143815482166165,FALSE
83,"targeted",2,"A",0.05,0.243872763770632,0.176301120710559,60,3067.61551330669,0.0762,0.244425736437811,0.147721157612544,0.090042835336368,"neighborhood_abs_misspec_le_0.075",2,0.090042835336368,0.0932203020595469,0.00317746672317887,FALSE
83,"targeted",2,"A",0.05,0.243872763770632,0.176301120710559,60,3067.61551330669,0.0762,0.244425736437811,0.147721157612544,0.090042835336368,"conservative_tau_omega_ge_0.10",9,0.090042835336368,0.147721157612544,0.0576783222761755,FALSE
83,"targeted",2,"A",0.05,0.243872763770632,0.176301120710559,60,3067.61551330669,0.0762,0.244425736437811,0.147721157612544,0.090042835336368,"point_tau_omega_0.20",1,0.090042835336368,0.090042835336368,0,FALSE
83,"targeted",2,"A",0.1,0.243872763770632,0.176301120710559,60,3067.61551330669,0.187074829931973,0.713240437012622,0.439230801017014,0.215496468023065,"full_5x5_grid",25,0.215496468023065,0.713240437012622,0.497743968989557,FALSE
83,"targeted",2,"A",0.1,0.243872763770632,0.176301120710559,60,3067.61551330669,0.187074829931973,0.713240437012622,0.439230801017014,0.215496468023065,"exclude_tau_omega_zero",24,0.215496468023065,0.689801446908731,0.474304978885666,FALSE
83,"targeted",2,"A",0.1,0.243872763770632,0.176301120710559,60,3067.61551330669,0.187074829931973,0.713240437012622,0.439230801017014,0.215496468023065,"neighborhood_abs_misspec_le_0.075",2,0.215496468023065,0.228622847587308,0.0131263795642428,FALSE
83,"targeted",2,"A",0.1,0.243872763770632,0.176301120710559,60,3067.61551330669,0.187074829931973,0.713240437012622,0.439230801017014,0.215496468023065,"conservative_tau_omega_ge_0.10",9,0.215496468023065,0.439230801017014,0.223734332993949,FALSE
83,"targeted",2,"A",0.1,0.243872763770632,0.176301120710559,60,3067.61551330669,0.187074829931973,0.713240437012622,0.439230801017014,0.215496468023065,"point_tau_omega_0.20",1,0.215496468023065,0.215496468023065,0,FALSE
83,"targeted",2,"A",0.2,0.243872763770632,0.176301120710559,60,3067.61551330669,0.577,0.99886001310878,0.949875329885651,0.64654199464222,"full_5x5_grid",25,0.64654199464222,0.99886001310878,0.35231801846656,FALSE
83,"targeted",2,"A",0.2,0.243872763770632,0.176301120710559,60,3067.61551330669,0.577,0.99886001310878,0.949875329885651,0.64654199464222,"exclude_tau_omega_zero",24,0.64654199464222,0.998251248223894,0.351709253581674,FALSE
83,"targeted",2,"A",0.2,0.243872763770632,0.176301120710559,60,3067.61551330669,0.577,0.99886001310878,0.949875329885651,0.64654199464222,"neighborhood_abs_misspec_le_0.075",2,0.64654199464222,0.679008755122567,0.0324667604803472,FALSE
83,"targeted",2,"A",0.2,0.243872763770632,0.176301120710559,60,3067.61551330669,0.577,0.99886001310878,0.949875329885651,0.64654199464222,"conservative_tau_omega_ge_0.10",9,0.64654199464222,0.949875329885651,0.303333335243431,FALSE
83,"targeted",2,"A",0.2,0.243872763770632,0.176301120710559,60,3067.61551330669,0.577,0.99886001310878,0.949875329885651,0.64654199464222,"point_tau_omega_0.20",1,0.64654199464222,0.64654199464222,0,FALSE
84,"targeted",2,"A",0.05,0.243872763770632,0.176301120710559,60,28229.23145335,0.0848,0.982806614750978,0.239867931538994,0.100726845340191,"full_5x5_grid",25,0.100726845340191,0.982806614750978,0.882079769410787,FALSE
84,"targeted",2,"A",0.05,0.243872763770632,0.176301120710559,60,28229.23145335,0.0848,0.982806614750978,0.239867931538994,0.100726845340191,"exclude_tau_omega_zero",24,0.100726845340191,0.899976156772164,0.799249311431973,FALSE
84,"targeted",2,"A",0.05,0.243872763770632,0.176301120710559,60,28229.23145335,0.0848,0.982806614750978,0.239867931538994,0.100726845340191,"neighborhood_abs_misspec_le_0.075",2,0.100726845340191,0.105984609548984,0.00525776420879331,FALSE
84,"targeted",2,"A",0.05,0.243872763770632,0.176301120710559,60,28229.23145335,0.0848,0.982806614750978,0.239867931538994,0.100726845340191,"conservative_tau_omega_ge_0.10",9,0.100726845340191,0.239867931538994,0.139141086198803,FALSE
84,"targeted",2,"A",0.05,0.243872763770632,0.176301120710559,60,28229.23145335,0.0848,0.982806614750978,0.239867931538994,0.100726845340191,"point_tau_omega_0.20",1,0.100726845340191,0.100726845340191,0,FALSE
84,"targeted",2,"A",0.1,0.243872763770632,0.176301120710559,60,28229.23145335,0.208,0.999999999682036,0.705475526235215,0.259476619896337,"full_5x5_grid",25,0.259476619896337,0.999999999682036,0.740523379785699,FALSE
84,"targeted",2,"A",0.1,0.243872763770632,0.176301120710559,60,28229.23145335,0.208,0.999999999682036,0.705475526235215,0.259476619896337,"exclude_tau_omega_zero",24,0.259476619896337,0.999996855599387,0.74052023570305,FALSE
84,"targeted",2,"A",0.1,0.243872763770632,0.176301120710559,60,28229.23145335,0.208,0.999999999682036,0.705475526235215,0.259476619896337,"neighborhood_abs_misspec_le_0.075",2,0.259476619896337,0.280803774381127,0.0213271544847899,FALSE
84,"targeted",2,"A",0.1,0.243872763770632,0.176301120710559,60,28229.23145335,0.208,0.999999999682036,0.705475526235215,0.259476619896337,"conservative_tau_omega_ge_0.10",9,0.259476619896337,0.705475526235215,0.445998906338878,FALSE
84,"targeted",2,"A",0.1,0.243872763770632,0.176301120710559,60,28229.23145335,0.208,0.999999999682036,0.705475526235215,0.259476619896337,"point_tau_omega_0.20",1,0.259476619896337,0.259476619896337,0,FALSE
84,"targeted",2,"A",0.2,0.243872763770632,0.176301120710559,60,28229.23145335,0.6392,1,0.998785801158724,0.746650804296198,"full_5x5_grid",25,0.746650804296198,1,0.253349195703802,FALSE
84,"targeted",2,"A",0.2,0.243872763770632,0.176301120710559,60,28229.23145335,0.6392,1,0.998785801158724,0.746650804296198,"exclude_tau_omega_zero",24,0.746650804296198,1,0.253349195703802,FALSE
84,"targeted",2,"A",0.2,0.243872763770632,0.176301120710559,60,28229.23145335,0.6392,1,0.998785801158724,0.746650804296198,"neighborhood_abs_misspec_le_0.075",2,0.746650804296198,0.786264836986028,0.0396140326898301,FALSE
84,"targeted",2,"A",0.2,0.243872763770632,0.176301120710559,60,28229.23145335,0.6392,1,0.998785801158724,0.746650804296198,"conservative_tau_omega_ge_0.10",9,0.746650804296198,0.998785801158724,0.252134996862525,FALSE
84,"targeted",2,"A",0.2,0.243872763770632,0.176301120710559,60,28229.23145335,0.6392,1,0.998785801158724,0.746650804296198,"point_tau_omega_0.20",1,0.746650804296198,0.746650804296198,0,FALSE
85,"targeted",3,"B",0.05,0.192395098721609,0.223085797922686,72,2162.91262034538,0.0724,0.163939989952401,0.106364573783872,0.0730904470842921,"full_5x5_grid",25,0.0730904470842921,0.163939989952401,0.0908495428681092,FALSE
85,"targeted",3,"B",0.05,0.192395098721609,0.223085797922686,72,2162.91262034538,0.0724,0.163939989952401,0.106364573783872,0.0730904470842921,"exclude_tau_omega_zero",24,0.0730904470842921,0.155903584867535,0.0828131377832431,FALSE
85,"targeted",3,"B",0.05,0.192395098721609,0.223085797922686,72,2162.91262034538,0.0724,0.163939989952401,0.106364573783872,0.0730904470842921,"neighborhood_abs_misspec_le_0.075",4,0.0730904470842921,0.0851013308526918,0.0120108837683996,FALSE
85,"targeted",3,"B",0.05,0.192395098721609,0.223085797922686,72,2162.91262034538,0.0724,0.163939989952401,0.106364573783872,0.0730904470842921,"conservative_tau_omega_ge_0.10",9,0.0730904470842921,0.106364573783872,0.0332741266995801,FALSE
85,"targeted",3,"B",0.05,0.192395098721609,0.223085797922686,72,2162.91262034538,0.0724,0.163939989952401,0.106364573783872,0.0730904470842921,"point_tau_omega_0.20",1,0.0730904470842921,0.0730904470842921,0,FALSE
85,"targeted",3,"B",0.1,0.192395098721609,0.223085797922686,72,2162.91262034538,0.1454,0.487735467121749,0.280829832657694,0.144660930625046,"full_5x5_grid",25,0.144660930625046,0.487735467121749,0.343074536496702,TRUE
85,"targeted",3,"B",0.1,0.192395098721609,0.223085797922686,72,2162.91262034538,0.1454,0.487735467121749,0.280829832657694,0.144660930625046,"exclude_tau_omega_zero",24,0.144660930625046,0.4620932773428,0.317432346717753,TRUE
85,"targeted",3,"B",0.1,0.192395098721609,0.223085797922686,72,2162.91262034538,0.1454,0.487735467121749,0.280829832657694,0.144660930625046,"neighborhood_abs_misspec_le_0.075",4,0.144660930625046,0.194433692902578,0.0497727622775311,TRUE
85,"targeted",3,"B",0.1,0.192395098721609,0.223085797922686,72,2162.91262034538,0.1454,0.487735467121749,0.280829832657694,0.144660930625046,"conservative_tau_omega_ge_0.10",9,0.144660930625046,0.280829832657694,0.136168902032648,TRUE
85,"targeted",3,"B",0.1,0.192395098721609,0.223085797922686,72,2162.91262034538,0.1454,0.487735467121749,0.280829832657694,0.144660930625046,"point_tau_omega_0.20",1,0.144660930625046,0.144660930625046,0,FALSE
85,"targeted",3,"B",0.2,0.192395098721609,0.223085797922686,72,2162.91262034538,0.4542,0.965522162155369,0.780473651735279,0.426256556071922,"full_5x5_grid",25,0.426256556071922,0.965522162155369,0.539265606083447,TRUE
85,"targeted",3,"B",0.2,0.192395098721609,0.223085797922686,72,2162.91262034538,0.4542,0.965522162155369,0.780473651735279,0.426256556071922,"exclude_tau_omega_zero",24,0.426256556071922,0.955714090606318,0.529457534534395,TRUE
85,"targeted",3,"B",0.2,0.192395098721609,0.223085797922686,72,2162.91262034538,0.4542,0.965522162155369,0.780473651735279,0.426256556071922,"neighborhood_abs_misspec_le_0.075",4,0.426256556071922,0.585462608153246,0.159206052081324,TRUE
85,"targeted",3,"B",0.2,0.192395098721609,0.223085797922686,72,2162.91262034538,0.4542,0.965522162155369,0.780473651735279,0.426256556071922,"conservative_tau_omega_ge_0.10",9,0.426256556071922,0.780473651735279,0.354217095663357,TRUE
85,"targeted",3,"B",0.2,0.192395098721609,0.223085797922686,72,2162.91262034538,0.4542,0.965522162155369,0.780473651735279,0.426256556071922,"point_tau_omega_0.20",1,0.426256556071922,0.426256556071922,0,FALSE
86,"targeted",3,"B",0.05,0.192395098721609,0.223085797922686,72,29013.3379588614,0.0844,0.963466857201763,0.187715927845968,0.0867853311898943,"full_5x5_grid",25,0.0867853311898943,0.963466857201763,0.876681526011868,FALSE
86,"targeted",3,"B",0.05,0.192395098721609,0.223085797922686,72,29013.3379588614,0.0844,0.963466857201763,0.187715927845968,0.0867853311898943,"exclude_tau_omega_zero",24,0.0867853311898943,0.893658256772329,0.806872925582435,FALSE
86,"targeted",3,"B",0.05,0.192395098721609,0.223085797922686,72,29013.3379588614,0.0844,0.963466857201763,0.187715927845968,0.0867853311898943,"neighborhood_abs_misspec_le_0.075",4,0.0867853311898943,0.11437500802713,0.0275896768372353,FALSE
86,"targeted",3,"B",0.05,0.192395098721609,0.223085797922686,72,29013.3379588614,0.0844,0.963466857201763,0.187715927845968,0.0867853311898943,"conservative_tau_omega_ge_0.10",9,0.0867853311898943,0.187715927845968,0.100930596656074,FALSE
86,"targeted",3,"B",0.05,0.192395098721609,0.223085797922686,72,29013.3379588614,0.0844,0.963466857201763,0.187715927845968,0.0867853311898943,"point_tau_omega_0.20",1,0.0867853311898943,0.0867853311898943,0,FALSE
86,"targeted",3,"B",0.1,0.192395098721609,0.223085797922686,72,29013.3379588614,0.2078,0.999999971796512,0.567597731402994,0.201590161857168,"full_5x5_grid",25,0.201590161857168,0.999999971796512,0.798409809939344,TRUE
86,"targeted",3,"B",0.1,0.192395098721609,0.223085797922686,72,29013.3379588614,0.2078,0.999999971796512,0.567597731402994,0.201590161857168,"exclude_tau_omega_zero",24,0.201590161857168,0.999994367080428,0.79840420522326,TRUE
86,"targeted",3,"B",0.1,0.192395098721609,0.223085797922686,72,29013.3379588614,0.2078,0.999999971796512,0.567597731402994,0.201590161857168,"neighborhood_abs_misspec_le_0.075",4,0.201590161857168,0.31328198578439,0.111691823927223,TRUE
86,"targeted",3,"B",0.1,0.192395098721609,0.223085797922686,72,29013.3379588614,0.2078,0.999999971796512,0.567597731402994,0.201590161857168,"conservative_tau_omega_ge_0.10",9,0.201590161857168,0.567597731402994,0.366007569545826,TRUE
86,"targeted",3,"B",0.1,0.192395098721609,0.223085797922686,72,29013.3379588614,0.2078,0.999999971796512,0.567597731402994,0.201590161857168,"point_tau_omega_0.20",1,0.201590161857168,0.201590161857168,0,FALSE
86,"targeted",3,"B",0.2,0.192395098721609,0.223085797922686,72,29013.3379588614,0.6292,1,0.988354296343086,0.60682749785068,"full_5x5_grid",25,0.60682749785068,1,0.39317250214932,TRUE
86,"targeted",3,"B",0.2,0.192395098721609,0.223085797922686,72,29013.3379588614,0.6292,1,0.988354296343086,0.60682749785068,"exclude_tau_omega_zero",24,0.60682749785068,1,0.39317250214932,TRUE
86,"targeted",3,"B",0.2,0.192395098721609,0.223085797922686,72,29013.3379588614,0.6292,1,0.988354296343086,0.60682749785068,"neighborhood_abs_misspec_le_0.075",4,0.60682749785068,0.833666707323074,0.226839209472394,TRUE
86,"targeted",3,"B",0.2,0.192395098721609,0.223085797922686,72,29013.3379588614,0.6292,1,0.988354296343086,0.60682749785068,"conservative_tau_omega_ge_0.10",9,0.60682749785068,0.988354296343086,0.381526798492406,TRUE
86,"targeted",3,"B",0.2,0.192395098721609,0.223085797922686,72,29013.3379588614,0.6292,1,0.988354296343086,0.60682749785068,"point_tau_omega_0.20",1,0.60682749785068,0.60682749785068,0,FALSE
87,"targeted",4,"B",0.05,0.0367742032231763,0.160793902841397,72,2066.2888521425,0.0833668139815187,0.155340583663896,0.0914861290506159,0.0649620586705248,"full_5x5_grid",25,0.0649620586705248,0.155340583663896,0.0903785249933716,TRUE
87,"targeted",4,"B",0.05,0.0367742032231763,0.160793902841397,72,2066.2888521425,0.0833668139815187,0.155340583663896,0.0914861290506159,0.0649620586705248,"exclude_tau_omega_zero",24,0.0649620586705248,0.138211834229238,0.073249775558713,TRUE
87,"targeted",4,"B",0.05,0.0367742032231763,0.160793902841397,72,2066.2888521425,0.0833668139815187,0.155340583663896,0.0914861290506159,0.0649620586705248,"neighborhood_abs_misspec_le_0.075",9,0.0721408812840894,0.109704096085456,0.0375632148013667,TRUE
87,"targeted",4,"B",0.05,0.0367742032231763,0.160793902841397,72,2066.2888521425,0.0833668139815187,0.155340583663896,0.0914861290506159,0.0649620586705248,"conservative_tau_omega_ge_0.10",9,0.0649620586705248,0.0914861290506159,0.0265240703800911,TRUE
87,"targeted",4,"B",0.05,0.0367742032231763,0.160793902841397,72,2066.2888521425,0.0833668139815187,0.155340583663896,0.0914861290506159,0.0649620586705248,"point_tau_omega_0.20",1,0.0649620586705248,0.0649620586705248,0,FALSE
87,"targeted",4,"B",0.1,0.0367742032231763,0.160793902841397,72,2066.2888521425,0.189357429718876,0.457895725292233,0.220144228816959,0.110909014525112,"full_5x5_grid",25,0.110909014525112,0.457895725292233,0.346986710767121,TRUE
87,"targeted",4,"B",0.1,0.0367742032231763,0.160793902841397,72,2066.2888521425,0.189357429718876,0.457895725292233,0.220144228816959,0.110909014525112,"exclude_tau_omega_zero",24,0.110909014525112,0.399249443178296,0.288340428653184,TRUE
87,"targeted",4,"B",0.1,0.0367742032231763,0.160793902841397,72,2066.2888521425,0.189357429718876,0.457895725292233,0.220144228816959,0.110909014525112,"neighborhood_abs_misspec_le_0.075",9,0.140513764189465,0.29269760470231,0.152183840512845,TRUE
87,"targeted",4,"B",0.1,0.0367742032231763,0.160793902841397,72,2066.2888521425,0.189357429718876,0.457895725292233,0.220144228816959,0.110909014525112,"conservative_tau_omega_ge_0.10",9,0.110909014525112,0.220144228816959,0.109235214291847,TRUE
87,"targeted",4,"B",0.1,0.0367742032231763,0.160793902841397,72,2066.2888521425,0.189357429718876,0.457895725292233,0.220144228816959,0.110909014525112,"point_tau_omega_0.20",1,0.110909014525112,0.110909014525112,0,FALSE
87,"targeted",4,"B",0.2,0.0367742032231763,0.160793902841397,72,2066.2888521425,0.555176565008026,0.951635615445072,0.650559245340626,0.298335576793603,"full_5x5_grid",25,0.298335576793603,0.951635615445072,0.653300038651468,TRUE
87,"targeted",4,"B",0.2,0.0367742032231763,0.160793902841397,72,2066.2888521425,0.555176565008026,0.951635615445072,0.650559245340626,0.298335576793603,"exclude_tau_omega_zero",24,0.298335576793603,0.916306016152366,0.617970439358763,TRUE
87,"targeted",4,"B",0.2,0.0367742032231763,0.160793902841397,72,2066.2888521425,0.555176565008026,0.951635615445072,0.650559245340626,0.298335576793603,"neighborhood_abs_misspec_le_0.075",9,0.409412051590175,0.795356109700184,0.385944058110009,TRUE
87,"targeted",4,"B",0.2,0.0367742032231763,0.160793902841397,72,2066.2888521425,0.555176565008026,0.951635615445072,0.650559245340626,0.298335576793603,"conservative_tau_omega_ge_0.10",9,0.298335576793603,0.650559245340626,0.352223668547023,TRUE
87,"targeted",4,"B",0.2,0.0367742032231763,0.160793902841397,72,2066.2888521425,0.555176565008026,0.951635615445072,0.650559245340626,0.298335576793603,"point_tau_omega_0.20",1,0.298335576793603,0.298335576793603,0,FALSE
88,"targeted",4,"B",0.05,0.0367742032231763,0.160793902841397,72,76467.3097391247,0.436257779562337,0.999996164536267,0.178881530456961,0.0820415761576349,"full_5x5_grid",25,0.0820415761576349,0.999996164536267,0.917954588378632,TRUE
88,"targeted",4,"B",0.05,0.0367742032231763,0.160793902841397,72,76467.3097391247,0.436257779562337,0.999996164536267,0.178881530456961,0.0820415761576349,"exclude_tau_omega_zero",24,0.0820415761576349,0.998251525316975,0.91620994915934,TRUE
88,"targeted",4,"B",0.05,0.0367742032231763,0.160793902841397,72,76467.3097391247,0.436257779562337,0.999996164536267,0.178881530456961,0.0820415761576349,"neighborhood_abs_misspec_le_0.075",9,0.153673732635383,0.902268451839519,0.748594719204136,TRUE
88,"targeted",4,"B",0.05,0.0367742032231763,0.160793902841397,72,76467.3097391247,0.436257779562337,0.999996164536267,0.178881530456961,0.0820415761576349,"conservative_tau_omega_ge_0.10",9,0.0820415761576349,0.178881530456961,0.0968399542993258,FALSE
88,"targeted",4,"B",0.05,0.0367742032231763,0.160793902841397,72,76467.3097391247,0.436257779562337,0.999996164536267,0.178881530456961,0.0820415761576349,"point_tau_omega_0.20",1,0.0820415761576349,0.0820415761576349,0,FALSE
88,"targeted",4,"B",0.1,0.0367742032231763,0.160793902841397,72,76467.3097391247,0.943138436809323,1,0.539530536355033,0.18175470003675,"full_5x5_grid",25,0.18175470003675,1,0.81824529996325,TRUE
88,"targeted",4,"B",0.1,0.0367742032231763,0.160793902841397,72,76467.3097391247,0.943138436809323,1,0.539530536355033,0.18175470003675,"exclude_tau_omega_zero",24,0.18175470003675,0.999999999999994,0.818245299963244,TRUE
88,"targeted",4,"B",0.1,0.0367742032231763,0.160793902841397,72,76467.3097391247,0.943138436809323,1,0.539530536355033,0.18175470003675,"neighborhood_abs_misspec_le_0.075",9,0.458156327078039,0.999996616969124,0.541840289891085,TRUE
88,"targeted",4,"B",0.1,0.0367742032231763,0.160793902841397,72,76467.3097391247,0.943138436809323,1,0.539530536355033,0.18175470003675,"conservative_tau_omega_ge_0.10",9,0.18175470003675,0.539530536355033,0.357775836318283,FALSE
88,"targeted",4,"B",0.1,0.0367742032231763,0.160793902841397,72,76467.3097391247,0.943138436809323,1,0.539530536355033,0.18175470003675,"point_tau_omega_0.20",1,0.18175470003675,0.18175470003675,0,FALSE
88,"targeted",4,"B",0.2,0.0367742032231763,0.160793902841397,72,76467.3097391247,1,1,0.982770745539307,0.548066909151344,"full_5x5_grid",25,0.548066909151344,1,0.451933090848656,TRUE
88,"targeted",4,"B",0.2,0.0367742032231763,0.160793902841397,72,76467.3097391247,1,1,0.982770745539307,0.548066909151344,"exclude_tau_omega_zero",24,0.548066909151344,1,0.451933090848656,TRUE
88,"targeted",4,"B",0.2,0.0367742032231763,0.160793902841397,72,76467.3097391247,1,1,0.982770745539307,0.548066909151344,"neighborhood_abs_misspec_le_0.075",9,0.957233222155511,1,0.0427667778444895,TRUE
88,"targeted",4,"B",0.2,0.0367742032231763,0.160793902841397,72,76467.3097391247,1,1,0.982770745539307,0.548066909151344,"conservative_tau_omega_ge_0.10",9,0.548066909151344,0.982770745539307,0.434703836387963,FALSE
88,"targeted",4,"B",0.2,0.0367742032231763,0.160793902841397,72,76467.3097391247,1,1,0.982770745539307,0.548066909151344,"point_tau_omega_0.20",1,0.548066909151344,0.548066909151344,0,FALSE
89,"targeted",5,"C",0.05,0.1,0.08,36,10416,0.196,0.684217964099108,0.184449980551007,0.0879718969535078,"full_5x5_grid",25,0.0879718969535078,0.684217964099108,0.5962460671456,TRUE
89,"targeted",5,"C",0.05,0.1,0.08,36,10416,0.196,0.684217964099108,0.184449980551007,0.0879718969535078,"exclude_tau_omega_zero",24,0.0879718969535078,0.580863304309899,0.492891407356391,TRUE
89,"targeted",5,"C",0.05,0.1,0.08,36,10416,0.196,0.684217964099108,0.184449980551007,0.0879718969535078,"neighborhood_abs_misspec_le_0.075",9,0.115482583930084,0.393835478536934,0.27835289460685,TRUE
89,"targeted",5,"C",0.05,0.1,0.08,36,10416,0.196,0.684217964099108,0.184449980551007,0.0879718969535078,"conservative_tau_omega_ge_0.10",9,0.0879718969535078,0.184449980551007,0.0964780835974992,FALSE
89,"targeted",5,"C",0.05,0.1,0.08,36,10416,0.196,0.684217964099108,0.184449980551007,0.0879718969535078,"point_tau_omega_0.20",1,0.0879718969535078,0.0879718969535078,0,FALSE
89,"targeted",5,"C",0.1,0.1,0.08,36,10416,0.5968,0.998199005076805,0.560361877224321,0.206979905052027,"full_5x5_grid",25,0.206979905052027,0.998199005076805,0.791219100024778,TRUE
89,"targeted",5,"C",0.1,0.1,0.08,36,10416,0.5968,0.998199005076805,0.560361877224321,0.206979905052027,"exclude_tau_omega_zero",24,0.206979905052027,0.990907507804926,0.783927602752899,TRUE
89,"targeted",5,"C",0.1,0.1,0.08,36,10416,0.5968,0.998199005076805,0.560361877224321,0.206979905052027,"neighborhood_abs_misspec_le_0.075",9,0.318748092564569,0.921729341927688,0.602981249363119,TRUE
89,"targeted",5,"C",0.1,0.1,0.08,36,10416,0.5968,0.998199005076805,0.560361877224321,0.206979905052027,"conservative_tau_omega_ge_0.10",9,0.206979905052027,0.560361877224321,0.353381972172294,FALSE
89,"targeted",5,"C",0.1,0.1,0.08,36,10416,0.5968,0.998199005076805,0.560361877224321,0.206979905052027,"point_tau_omega_0.20",1,0.206979905052027,0.206979905052027,0,FALSE
89,"targeted",5,"C",0.2,0.1,0.08,36,10416,0.9906,0.999999999999995,0.988016934161557,0.624610332791262,"full_5x5_grid",25,0.624610332791262,0.999999999999995,0.375389667208733,TRUE
89,"targeted",5,"C",0.2,0.1,0.08,36,10416,0.9906,0.999999999999995,0.988016934161557,0.624610332791262,"exclude_tau_omega_zero",24,0.624610332791262,0.999999999986242,0.37538966719498,TRUE
89,"targeted",5,"C",0.2,0.1,0.08,36,10416,0.9906,0.999999999999995,0.988016934161557,0.624610332791262,"neighborhood_abs_misspec_le_0.075",9,0.844477665122157,0.999999117036836,0.155521451914679,TRUE
89,"targeted",5,"C",0.2,0.1,0.08,36,10416,0.9906,0.999999999999995,0.988016934161557,0.624610332791262,"conservative_tau_omega_ge_0.10",9,0.624610332791262,0.988016934161557,0.363406601370295,FALSE
89,"targeted",5,"C",0.2,0.1,0.08,36,10416,0.9906,0.999999999999995,0.988016934161557,0.624610332791262,"point_tau_omega_0.20",1,0.624610332791262,0.624610332791262,0,FALSE
9,"broad",NA,NA,0.05,0.0444537754575722,0.0768640428170911,36,7863.23741360322,0.28,0.536249339729167,0.163415820534398,0.0842790091616656,"full_5x5_grid",25,0.0842790091616656,0.536249339729167,0.451970330567501,TRUE
9,"broad",NA,NA,0.05,0.0444537754575722,0.0768640428170911,36,7863.23741360322,0.28,0.536249339729167,0.163415820534398,0.0842790091616656,"exclude_tau_omega_zero",24,0.0842790091616656,0.469996200983032,0.385717191821367,TRUE
9,"broad",NA,NA,0.05,0.0444537754575722,0.0768640428170911,36,7863.23741360322,0.28,0.536249339729167,0.163415820534398,0.0842790091616656,"neighborhood_abs_misspec_le_0.075",9,0.145941181461499,0.469996200983032,0.324055019521533,TRUE
9,"broad",NA,NA,0.05,0.0444537754575722,0.0768640428170911,36,7863.23741360322,0.28,0.536249339729167,0.163415820534398,0.0842790091616656,"conservative_tau_omega_ge_0.10",9,0.0842790091616656,0.163415820534398,0.0791368113727322,FALSE
9,"broad",NA,NA,0.05,0.0444537754575722,0.0768640428170911,36,7863.23741360322,0.28,0.536249339729167,0.163415820534398,0.0842790091616656,"point_tau_omega_0.20",1,0.0842790091616656,0.0842790091616656,0,FALSE
9,"broad",NA,NA,0.1,0.0444537754575722,0.0768640428170911,36,7863.23741360322,0.7928,0.983207961376217,0.493230557469002,0.191552096204264,"full_5x5_grid",25,0.191552096204264,0.983207961376217,0.791655865171953,TRUE
9,"broad",NA,NA,0.1,0.0444537754575722,0.0768640428170911,36,7863.23741360322,0.7928,0.983207961376217,0.493230557469002,0.191552096204264,"exclude_tau_omega_zero",24,0.191552096204264,0.963813399795211,0.772261303590946,TRUE
9,"broad",NA,NA,0.1,0.0444537754575722,0.0768640428170911,36,7863.23741360322,0.7928,0.983207961376217,0.493230557469002,0.191552096204264,"neighborhood_abs_misspec_le_0.075",9,0.433065500903239,0.963813399795211,0.530747898891971,TRUE
9,"broad",NA,NA,0.1,0.0444537754575722,0.0768640428170911,36,7863.23741360322,0.7928,0.983207961376217,0.493230557469002,0.191552096204264,"conservative_tau_omega_ge_0.10",9,0.191552096204264,0.493230557469002,0.301678461264738,FALSE
9,"broad",NA,NA,0.1,0.0444537754575722,0.0768640428170911,36,7863.23741360322,0.7928,0.983207961376217,0.493230557469002,0.191552096204264,"point_tau_omega_0.20",1,0.191552096204264,0.191552096204264,0,FALSE
9,"broad",NA,NA,0.2,0.0444537754575722,0.0768640428170911,36,7863.23741360322,0.9996,0.999999999605819,0.97232175943435,0.580910962548353,"full_5x5_grid",25,0.580910962548353,0.999999999605819,0.419089037057466,TRUE
9,"broad",NA,NA,0.2,0.0444537754575722,0.0768640428170911,36,7863.23741360322,0.9996,0.999999999605819,0.97232175943435,0.580910962548353,"exclude_tau_omega_zero",24,0.580910962548353,0.999999981693006,0.419089019144653,TRUE
9,"broad",NA,NA,0.2,0.0444537754575722,0.0768640428170911,36,7863.23741360322,0.9996,0.999999999605819,0.97232175943435,0.580910962548353,"neighborhood_abs_misspec_le_0.075",9,0.946750878966845,0.999999981693006,0.0532491027261605,TRUE
9,"broad",NA,NA,0.2,0.0444537754575722,0.0768640428170911,36,7863.23741360322,0.9996,0.999999999605819,0.97232175943435,0.580910962548353,"conservative_tau_omega_ge_0.10",9,0.580910962548353,0.97232175943435,0.391410796885996,FALSE
9,"broad",NA,NA,0.2,0.0444537754575722,0.0768640428170911,36,7863.23741360322,0.9996,0.999999999605819,0.97232175943435,0.580910962548353,"point_tau_omega_0.20",1,0.580910962548353,0.580910962548353,0,FALSE
90,"targeted",5,"C",0.05,0.1,0.08,36,10416,0.119,0.103082966143025,0.12215206298087,0.0800500036308723,"full_5x5_grid",25,0.0800500036308723,0.165383975950738,0.0853339723198657,TRUE
90,"targeted",5,"C",0.05,0.1,0.08,36,10416,0.119,0.103082966143025,0.12215206298087,0.0800500036308723,"exclude_tau_omega_zero",24,0.0800500036308723,0.165383975950738,0.0853339723198657,TRUE
90,"targeted",5,"C",0.05,0.1,0.08,36,10416,0.119,0.103082966143025,0.12215206298087,0.0800500036308723,"neighborhood_abs_misspec_le_0.075",9,0.0953491465276233,0.162551122588121,0.0672019760604977,TRUE
90,"targeted",5,"C",0.05,0.1,0.08,36,10416,0.119,0.103082966143025,0.12215206298087,0.0800500036308723,"conservative_tau_omega_ge_0.10",9,0.0800500036308723,0.12215206298087,0.0421020593499979,TRUE
90,"targeted",5,"C",0.05,0.1,0.08,36,10416,0.119,0.103082966143025,0.12215206298087,0.0800500036308723,"point_tau_omega_0.20",1,0.0800500036308723,0.0800500036308723,0,FALSE
90,"targeted",5,"C",0.1,0.1,0.08,36,10416,0.3588,0.155808260248124,0.344394361031291,0.17396743366687,"full_5x5_grid",25,0.155808260248124,0.486007936933675,0.330199676685551,TRUE
90,"targeted",5,"C",0.1,0.1,0.08,36,10416,0.3588,0.155808260248124,0.344394361031291,0.17396743366687,"exclude_tau_omega_zero",24,0.17396743366687,0.486007936933675,0.312040503266806,TRUE
90,"targeted",5,"C",0.1,0.1,0.08,36,10416,0.3588,0.155808260248124,0.344394361031291,0.17396743366687,"neighborhood_abs_misspec_le_0.075",9,0.237404395165012,0.482867541190926,0.245463146025915,TRUE
90,"targeted",5,"C",0.1,0.1,0.08,36,10416,0.3588,0.155808260248124,0.344394361031291,0.17396743366687,"conservative_tau_omega_ge_0.10",9,0.17396743366687,0.344394361031291,0.170426927364421,FALSE
90,"targeted",5,"C",0.1,0.1,0.08,36,10416,0.3588,0.155808260248124,0.344394361031291,0.17396743366687,"point_tau_omega_0.20",1,0.17396743366687,0.17396743366687,0,FALSE
90,"targeted",5,"C",0.2,0.1,0.08,36,10416,0.8878,0.232419258835321,0.874842459497103,0.527771749297255,"full_5x5_grid",25,0.232419258835321,0.963431742040323,0.731012483205003,TRUE
90,"targeted",5,"C",0.2,0.1,0.08,36,10416,0.8878,0.232419258835321,0.874842459497103,0.527771749297255,"exclude_tau_omega_zero",24,0.527771749297255,0.963431742040323,0.435659992743069,TRUE
90,"targeted",5,"C",0.2,0.1,0.08,36,10416,0.8878,0.232419258835321,0.874842459497103,0.527771749297255,"neighborhood_abs_misspec_le_0.075",9,0.699514159422339,0.963431742040323,0.263917582617984,TRUE
90,"targeted",5,"C",0.2,0.1,0.08,36,10416,0.8878,0.232419258835321,0.874842459497103,0.527771749297255,"conservative_tau_omega_ge_0.10",9,0.527771749297255,0.874842459497103,0.347070710199848,FALSE
90,"targeted",5,"C",0.2,0.1,0.08,36,10416,0.8878,0.232419258835321,0.874842459497103,0.527771749297255,"point_tau_omega_0.20",1,0.527771749297255,0.527771749297255,0,FALSE
91,"targeted",6,"C",0.05,0.12,0.15,72,25660.8,0.2164,0.971922150758286,0.312483635039389,0.121813159037971,"full_5x5_grid",25,0.121813159037971,0.971922150758286,0.850108991720315,TRUE
91,"targeted",6,"C",0.05,0.12,0.15,72,25660.8,0.2164,0.971922150758286,0.312483635039389,0.121813159037971,"exclude_tau_omega_zero",24,0.121813159037971,0.924867774920922,0.803054615882951,TRUE
91,"targeted",6,"C",0.05,0.12,0.15,72,25660.8,0.2164,0.971922150758286,0.312483635039389,0.121813159037971,"neighborhood_abs_misspec_le_0.075",9,0.159315677538174,0.558687807315508,0.399372129777334,TRUE
91,"targeted",6,"C",0.05,0.12,0.15,72,25660.8,0.2164,0.971922150758286,0.312483635039389,0.121813159037971,"conservative_tau_omega_ge_0.10",9,0.121813159037971,0.312483635039389,0.190670476001419,TRUE
91,"targeted",6,"C",0.05,0.12,0.15,72,25660.8,0.2164,0.971922150758286,0.312483635039389,0.121813159037971,"point_tau_omega_0.20",1,0.121813159037971,0.121813159037971,0,FALSE
91,"targeted",6,"C",0.1,0.12,0.15,72,25660.8,0.655,0.99999999599748,0.836205656828602,0.343619727966057,"full_5x5_grid",25,0.343619727966057,0.99999999599748,0.656380268031423,TRUE
91,"targeted",6,"C",0.1,0.12,0.15,72,25660.8,0.655,0.99999999599748,0.836205656828602,0.343619727966057,"exclude_tau_omega_zero",24,0.343619727966057,0.99999931197718,0.656379584011124,TRUE
91,"targeted",6,"C",0.1,0.12,0.15,72,25660.8,0.655,0.99999999599748,0.836205656828602,0.343619727966057,"neighborhood_abs_misspec_le_0.075",9,0.480136774644172,0.987831211345288,0.507694436701115,TRUE
91,"targeted",6,"C",0.1,0.12,0.15,72,25660.8,0.655,0.99999999599748,0.836205656828602,0.343619727966057,"conservative_tau_omega_ge_0.10",9,0.343619727966057,0.836205656828602,0.492585928862546,TRUE
91,"targeted",6,"C",0.1,0.12,0.15,72,25660.8,0.655,0.99999999599748,0.836205656828602,0.343619727966057,"point_tau_omega_0.20",1,0.343619727966057,0.343619727966057,0,FALSE
91,"targeted",6,"C",0.2,0.12,0.15,72,25660.8,0.9958,1,0.999954116547883,0.87528468539777,"full_5x5_grid",25,0.87528468539777,1,0.12471531460223,TRUE
91,"targeted",6,"C",0.2,0.12,0.15,72,25660.8,0.9958,1,0.999954116547883,0.87528468539777,"exclude_tau_omega_zero",24,0.87528468539777,1,0.12471531460223,TRUE
91,"targeted",6,"C",0.2,0.12,0.15,72,25660.8,0.9958,1,0.999954116547883,0.87528468539777,"neighborhood_abs_misspec_le_0.075",9,0.96836579697314,0.999999999944141,0.0316342029710011,TRUE
91,"targeted",6,"C",0.2,0.12,0.15,72,25660.8,0.9958,1,0.999954116547883,0.87528468539777,"conservative_tau_omega_ge_0.10",9,0.87528468539777,0.999954116547883,0.124669431150112,TRUE
91,"targeted",6,"C",0.2,0.12,0.15,72,25660.8,0.9958,1,0.999954116547883,0.87528468539777,"point_tau_omega_0.20",1,0.87528468539777,0.87528468539777,0,FALSE
92,"targeted",6,"C",0.05,0.12,0.15,72,25660.8,0.2086,0.81955775268165,0.284823980116998,0.119395651984732,"full_5x5_grid",25,0.119395651984732,0.81955775268165,0.700162100696918,TRUE
92,"targeted",6,"C",0.05,0.12,0.15,72,25660.8,0.2086,0.81955775268165,0.284823980116998,0.119395651984732,"exclude_tau_omega_zero",24,0.119395651984732,0.79425843043385,0.674862778449118,TRUE
92,"targeted",6,"C",0.05,0.12,0.15,72,25660.8,0.2086,0.81955775268165,0.284823980116998,0.119395651984732,"neighborhood_abs_misspec_le_0.075",9,0.153875260231667,0.474981923198839,0.321106662967172,TRUE
92,"targeted",6,"C",0.05,0.12,0.15,72,25660.8,0.2086,0.81955775268165,0.284823980116998,0.119395651984732,"conservative_tau_omega_ge_0.10",9,0.119395651984732,0.284823980116998,0.165428328132266,TRUE
92,"targeted",6,"C",0.05,0.12,0.15,72,25660.8,0.2086,0.81955775268165,0.284823980116998,0.119395651984732,"point_tau_omega_0.20",1,0.119395651984732,0.119395651984732,0,FALSE
92,"targeted",6,"C",0.1,0.12,0.15,72,25660.8,0.6204,0.999716395078158,0.793557931619501,0.334208164296979,"full_5x5_grid",25,0.334208164296979,0.999824766303093,0.665616602006114,TRUE
92,"targeted",6,"C",0.1,0.12,0.15,72,25660.8,0.6204,0.999716395078158,0.793557931619501,0.334208164296979,"exclude_tau_omega_zero",24,0.334208164296979,0.999824766303093,0.665616602006114,TRUE
92,"targeted",6,"C",0.1,0.12,0.15,72,25660.8,0.6204,0.999716395078158,0.793557931619501,0.334208164296979,"neighborhood_abs_misspec_le_0.075",9,0.461502438141451,0.96642958211902,0.50492714397757,TRUE
92,"targeted",6,"C",0.1,0.12,0.15,72,25660.8,0.6204,0.999716395078158,0.793557931619501,0.334208164296979,"conservative_tau_omega_ge_0.10",9,0.334208164296979,0.793557931619501,0.459349767322521,TRUE
92,"targeted",6,"C",0.1,0.12,0.15,72,25660.8,0.6204,0.999716395078158,0.793557931619501,0.334208164296979,"point_tau_omega_0.20",1,0.334208164296979,0.334208164296979,0,FALSE
92,"targeted",6,"C",0.2,0.12,0.15,72,25660.8,0.9952,1,0.999835373919499,0.864370954730537,"full_5x5_grid",25,0.864370954730537,1,0.135629045269463,TRUE
92,"targeted",6,"C",0.2,0.12,0.15,72,25660.8,0.9952,1,0.999835373919499,0.864370954730537,"exclude_tau_omega_zero",24,0.864370954730537,1,0.135629045269463,TRUE
92,"targeted",6,"C",0.2,0.12,0.15,72,25660.8,0.9952,1,0.999835373919499,0.864370954730537,"neighborhood_abs_misspec_le_0.075",9,0.961098576361004,0.999999989756538,0.0389014133955339,TRUE
92,"targeted",6,"C",0.2,0.12,0.15,72,25660.8,0.9952,1,0.999835373919499,0.864370954730537,"conservative_tau_omega_ge_0.10",9,0.864370954730537,0.999835373919499,0.135464419188961,TRUE
92,"targeted",6,"C",0.2,0.12,0.15,72,25660.8,0.9952,1,0.999835373919499,0.864370954730537,"point_tau_omega_0.20",1,0.864370954730537,0.864370954730537,0,FALSE
93,"targeted",7,"D",0.05,0.08,0.1,48,6656,0.226645329065813,0.505788656245491,0.190798924747217,0.0941370328190901,"full_5x5_grid",25,0.0941370328190901,0.505788656245491,0.4116516234264,TRUE
93,"targeted",7,"D",0.05,0.08,0.1,48,6656,0.226645329065813,0.505788656245491,0.190798924747217,0.0941370328190901,"exclude_tau_omega_zero",24,0.0941370328190901,0.438988419391346,0.344851386572256,TRUE
93,"targeted",7,"D",0.05,0.08,0.1,48,6656,0.226645329065813,0.505788656245491,0.190798924747217,0.0941370328190901,"neighborhood_abs_misspec_le_0.075",9,0.123818030322501,0.347925008497003,0.224106978174502,TRUE
93,"targeted",7,"D",0.05,0.08,0.1,48,6656,0.226645329065813,0.505788656245491,0.190798924747217,0.0941370328190901,"conservative_tau_omega_ge_0.10",9,0.0941370328190901,0.190798924747217,0.096661891928127,FALSE
93,"targeted",7,"D",0.05,0.08,0.1,48,6656,0.226645329065813,0.505788656245491,0.190798924747217,0.0941370328190901,"point_tau_omega_0.20",1,0.0941370328190901,0.0941370328190901,0,FALSE
93,"targeted",7,"D",0.1,0.08,0.1,48,6656,0.6708,0.976483218613166,0.579492559703918,0.232549480796381,"full_5x5_grid",25,0.232549480796381,0.976483218613166,0.743933737816785,TRUE
93,"targeted",7,"D",0.1,0.08,0.1,48,6656,0.6708,0.976483218613166,0.579492559703918,0.232549480796381,"exclude_tau_omega_zero",24,0.232549480796381,0.950543929565301,0.717994448768919,TRUE
93,"targeted",7,"D",0.1,0.08,0.1,48,6656,0.6708,0.976483218613166,0.579492559703918,0.232549480796381,"neighborhood_abs_misspec_le_0.075",9,0.351380883708628,0.880048130331236,0.528667246622608,TRUE
93,"targeted",7,"D",0.1,0.08,0.1,48,6656,0.6708,0.976483218613166,0.579492559703918,0.232549480796381,"conservative_tau_omega_ge_0.10",9,0.232549480796381,0.579492559703918,0.346943078907537,FALSE
93,"targeted",7,"D",0.1,0.08,0.1,48,6656,0.6708,0.976483218613166,0.579492559703918,0.232549480796381,"point_tau_omega_0.20",1,0.232549480796381,0.232549480796381,0,FALSE
93,"targeted",7,"D",0.2,0.08,0.1,48,6656,0.998199639927986,0.999999998399731,0.990806523675982,0.68908525415823,"full_5x5_grid",25,0.68908525415823,0.999999998399731,0.310914744241501,TRUE
93,"targeted",7,"D",0.2,0.08,0.1,48,6656,0.998199639927986,0.999999998399731,0.990806523675982,0.68908525415823,"exclude_tau_omega_zero",24,0.68908525415823,0.999999924379301,0.310914670221072,TRUE
93,"targeted",7,"D",0.2,0.08,0.1,48,6656,0.998199639927986,0.999999998399731,0.990806523675982,0.68908525415823,"neighborhood_abs_misspec_le_0.075",9,0.883744700338529,0.999991591710914,0.116246891372386,TRUE
93,"targeted",7,"D",0.2,0.08,0.1,48,6656,0.998199639927986,0.999999998399731,0.990806523675982,0.68908525415823,"conservative_tau_omega_ge_0.10",9,0.68908525415823,0.990806523675982,0.301721269517753,FALSE
93,"targeted",7,"D",0.2,0.08,0.1,48,6656,0.998199639927986,0.999999998399731,0.990806523675982,0.68908525415823,"point_tau_omega_0.20",1,0.68908525415823,0.68908525415823,0,FALSE
94,"targeted",7,"D",0.05,0.08,0.1,48,27136,0.287,0.978499770108544,0.232887988151182,0.0976764729995167,"full_5x5_grid",25,0.0976764729995167,0.978499770108544,0.880823297109028,TRUE
94,"targeted",7,"D",0.05,0.08,0.1,48,27136,0.287,0.978499770108544,0.232887988151182,0.0976764729995167,"exclude_tau_omega_zero",24,0.0976764729995167,0.844826380183263,0.747149907183747,TRUE
94,"targeted",7,"D",0.05,0.08,0.1,48,27136,0.287,0.978499770108544,0.232887988151182,0.0976764729995167,"neighborhood_abs_misspec_le_0.075",9,0.134209551353981,0.581884943411104,0.447675392057122,TRUE
94,"targeted",7,"D",0.05,0.08,0.1,48,27136,0.287,0.978499770108544,0.232887988151182,0.0976764729995167,"conservative_tau_omega_ge_0.10",9,0.0976764729995167,0.232887988151182,0.135211515151665,FALSE
94,"targeted",7,"D",0.05,0.08,0.1,48,27136,0.287,0.978499770108544,0.232887988151182,0.0976764729995167,"point_tau_omega_0.20",1,0.0976764729995167,0.0976764729995167,0,FALSE
94,"targeted",7,"D",0.1,0.08,0.1,48,27136,0.7958,0.999999998989902,0.689874284376922,0.247107264325008,"full_5x5_grid",25,0.247107264325008,0.999999998989902,0.752892734664894,TRUE
94,"targeted",7,"D",0.1,0.08,0.1,48,27136,0.7958,0.999999998989902,0.689874284376922,0.247107264325008,"exclude_tau_omega_zero",24,0.247107264325008,0.99996592636383,0.752858662038822,TRUE
94,"targeted",7,"D",0.1,0.08,0.1,48,27136,0.7958,0.999999998989902,0.689874284376922,0.247107264325008,"neighborhood_abs_misspec_le_0.075",9,0.390789633817258,0.991105012811387,0.600315378994129,TRUE
94,"targeted",7,"D",0.1,0.08,0.1,48,27136,0.7958,0.999999998989902,0.689874284376922,0.247107264325008,"conservative_tau_omega_ge_0.10",9,0.247107264325008,0.689874284376922,0.442767020051914,FALSE
94,"targeted",7,"D",0.1,0.08,0.1,48,27136,0.7958,0.999999998989902,0.689874284376922,0.247107264325008,"point_tau_omega_0.20",1,0.247107264325008,0.247107264325008,0,FALSE
94,"targeted",7,"D",0.2,0.08,0.1,48,27136,0.9998,1,0.998393717476275,0.72164134697364,"full_5x5_grid",25,0.72164134697364,1,0.27835865302636,TRUE
94,"targeted",7,"D",0.2,0.08,0.1,48,27136,0.9998,1,0.998393717476275,0.72164134697364,"exclude_tau_omega_zero",24,0.72164134697364,1,0.27835865302636,TRUE
94,"targeted",7,"D",0.2,0.08,0.1,48,27136,0.9998,1,0.998393717476275,0.72164134697364,"neighborhood_abs_misspec_le_0.075",9,0.919650192487098,0.999999999988587,0.0803498075014886,TRUE
94,"targeted",7,"D",0.2,0.08,0.1,48,27136,0.9998,1,0.998393717476275,0.72164134697364,"conservative_tau_omega_ge_0.10",9,0.72164134697364,0.998393717476275,0.276752370502636,FALSE
94,"targeted",7,"D",0.2,0.08,0.1,48,27136,0.9998,1,0.998393717476275,0.72164134697364,"point_tau_omega_0.20",1,0.72164134697364,0.72164134697364,0,FALSE
95,"targeted",8,"D",0.05,0.15,0.07,96,10476,0.236556941320793,0.704086411751512,0.307492450747525,0.134669505813386,"full_5x5_grid",25,0.134669505813386,0.704086411751512,0.569416905938126,TRUE
95,"targeted",8,"D",0.05,0.15,0.07,96,10476,0.236556941320793,0.704086411751512,0.307492450747525,0.134669505813386,"exclude_tau_omega_zero",24,0.134669505813386,0.654479328542028,0.519809822728641,TRUE
95,"targeted",8,"D",0.05,0.15,0.07,96,10476,0.236556941320793,0.704086411751512,0.307492450747525,0.134669505813386,"neighborhood_abs_misspec_le_0.075",9,0.152036136230335,0.357161157512916,0.205125021282581,TRUE
95,"targeted",8,"D",0.05,0.15,0.07,96,10476,0.236556941320793,0.704086411751512,0.307492450747525,0.134669505813386,"conservative_tau_omega_ge_0.10",9,0.134669505813386,0.307492450747525,0.172822944934138,TRUE
95,"targeted",8,"D",0.05,0.15,0.07,96,10476,0.236556941320793,0.704086411751512,0.307492450747525,0.134669505813386,"point_tau_omega_0.20",1,0.134669505813386,0.134669505813386,0,FALSE
95,"targeted",8,"D",0.1,0.15,0.07,96,10476,0.662098588668439,0.99877623398279,0.82928611387101,0.392579585991874,"full_5x5_grid",25,0.392579585991874,0.99877623398279,0.606196647990917,TRUE
95,"targeted",8,"D",0.1,0.15,0.07,96,10476,0.662098588668439,0.99877623398279,0.82928611387101,0.392579585991874,"exclude_tau_omega_zero",24,0.392579585991874,0.997043039580204,0.604463453588331,TRUE
95,"targeted",8,"D",0.1,0.15,0.07,96,10476,0.662098588668439,0.99877623398279,0.82928611387101,0.392579585991874,"neighborhood_abs_misspec_le_0.075",9,0.455235105836372,0.889860588201473,0.4346254823651,TRUE
95,"targeted",8,"D",0.1,0.15,0.07,96,10476,0.662098588668439,0.99877623398279,0.82928611387101,0.392579585991874,"conservative_tau_omega_ge_0.10",9,0.392579585991874,0.82928611387101,0.436706527879136,TRUE
95,"targeted",8,"D",0.1,0.15,0.07,96,10476,0.662098588668439,0.99877623398279,0.82928611387101,0.392579585991874,"point_tau_omega_0.20",1,0.392579585991874,0.392579585991874,0,FALSE
95,"targeted",8,"D",0.2,0.15,0.07,96,10476,0.99652209492635,0.999999999999999,0.999943113183798,0.921157290323272,"full_5x5_grid",25,0.921157290323272,0.999999999999999,0.0788427096767272,TRUE
95,"targeted",8,"D",0.2,0.15,0.07,96,10476,0.99652209492635,0.999999999999999,0.999943113183798,0.921157290323272,"exclude_tau_omega_zero",24,0.921157290323272,0.999999999999955,0.0788427096766832,TRUE
95,"targeted",8,"D",0.2,0.15,0.07,96,10476,0.99652209492635,0.999999999999999,0.999943113183798,0.921157290323272,"neighborhood_abs_misspec_le_0.075",9,0.958479993225982,0.999994768195459,0.0415147749694768,TRUE
95,"targeted",8,"D",0.2,0.15,0.07,96,10476,0.99652209492635,0.999999999999999,0.999943113183798,0.921157290323272,"conservative_tau_omega_ge_0.10",9,0.921157290323272,0.999943113183798,0.0787858228605262,TRUE
95,"targeted",8,"D",0.2,0.15,0.07,96,10476,0.99652209492635,0.999999999999999,0.999943113183798,0.921157290323272,"point_tau_omega_0.20",1,0.921157290323272,0.921157290323272,0,FALSE
96,"targeted",8,"D",0.05,0.15,0.07,96,42876,0.2554,0.998989853182854,0.393419070702695,0.142888722425355,"full_5x5_grid",25,0.142888722425355,0.998989853182854,0.856101130757499,TRUE
96,"targeted",8,"D",0.05,0.15,0.07,96,42876,0.2554,0.998989853182854,0.393419070702695,0.142888722425355,"exclude_tau_omega_zero",24,0.142888722425355,0.984882500942156,0.841993778516801,TRUE
96,"targeted",8,"D",0.05,0.15,0.07,96,42876,0.2554,0.998989853182854,0.393419070702695,0.142888722425355,"neighborhood_abs_misspec_le_0.075",9,0.164149989180251,0.482144647944709,0.317994658764457,TRUE
96,"targeted",8,"D",0.05,0.15,0.07,96,42876,0.2554,0.998989853182854,0.393419070702695,0.142888722425355,"conservative_tau_omega_ge_0.10",9,0.142888722425355,0.393419070702695,0.25053034827734,TRUE
96,"targeted",8,"D",0.05,0.15,0.07,96,42876,0.2554,0.998989853182854,0.393419070702695,0.142888722425355,"point_tau_omega_0.20",1,0.142888722425355,0.142888722425355,0,FALSE
96,"targeted",8,"D",0.1,0.15,0.07,96,42876,0.7286,1,0.921797819058411,0.422740404634631,"full_5x5_grid",25,0.422740404634631,1,0.577259595365369,TRUE
96,"targeted",8,"D",0.1,0.15,0.07,96,42876,0.7286,1,0.921797819058411,0.422740404634631,"exclude_tau_omega_zero",24,0.422740404634631,0.999999999838155,0.577259595203524,TRUE
96,"targeted",8,"D",0.1,0.15,0.07,96,42876,0.7286,1,0.921797819058411,0.422740404634631,"neighborhood_abs_misspec_le_0.075",9,0.496456007360487,0.969163704139662,0.472707696779175,TRUE
96,"targeted",8,"D",0.1,0.15,0.07,96,42876,0.7286,1,0.921797819058411,0.422740404634631,"conservative_tau_omega_ge_0.10",9,0.422740404634631,0.921797819058411,0.49905741442378,TRUE
96,"targeted",8,"D",0.1,0.15,0.07,96,42876,0.7286,1,0.921797819058411,0.422740404634631,"point_tau_omega_0.20",1,0.422740404634631,0.422740404634631,0,FALSE
96,"targeted",8,"D",0.2,0.15,0.07,96,42876,0.9992,1,0.999999165324286,0.941606907924745,"full_5x5_grid",25,0.941606907924745,1,0.0583930920752552,TRUE
96,"targeted",8,"D",0.2,0.15,0.07,96,42876,0.9992,1,0.999999165324286,0.941606907924745,"exclude_tau_omega_zero",24,0.941606907924745,1,0.0583930920752552,TRUE
96,"targeted",8,"D",0.2,0.15,0.07,96,42876,0.9992,1,0.999999165324286,0.941606907924745,"neighborhood_abs_misspec_le_0.075",9,0.9738343443814,0.999999993693888,0.0261656493124882,TRUE
96,"targeted",8,"D",0.2,0.15,0.07,96,42876,0.9992,1,0.999999165324286,0.941606907924745,"conservative_tau_omega_ge_0.10",9,0.941606907924745,0.999999165324286,0.0583922573995411,TRUE
96,"targeted",8,"D",0.2,0.15,0.07,96,42876,0.9992,1,0.999999165324286,0.941606907924745,"point_tau_omega_0.20",1,0.941606907924745,0.941606907924745,0,FALSE
97,"targeted",9,"E",0.05,0.193165936646983,0.1666871222388,72,950.96966510026,0.0674,0.108685586660175,0.0922718569264706,0.0731149487959031,"full_5x5_grid",25,0.0731149487959031,0.108685586660175,0.0355706378642722,FALSE
97,"targeted",9,"E",0.05,0.193165936646983,0.1666871222388,72,950.96966510026,0.0674,0.108685586660175,0.0922718569264706,0.0731149487959031,"exclude_tau_omega_zero",24,0.0731149487959031,0.106615776121394,0.0335008273254913,FALSE
97,"targeted",9,"E",0.05,0.193165936646983,0.1666871222388,72,950.96966510026,0.0674,0.108685586660175,0.0922718569264706,0.0731149487959031,"neighborhood_abs_misspec_le_0.075",6,0.0731149487959031,0.0848686133182784,0.0117536645223754,FALSE
97,"targeted",9,"E",0.05,0.193165936646983,0.1666871222388,72,950.96966510026,0.0674,0.108685586660175,0.0922718569264706,0.0731149487959031,"conservative_tau_omega_ge_0.10",9,0.0731149487959031,0.0922718569264706,0.0191569081305675,FALSE
97,"targeted",9,"E",0.05,0.193165936646983,0.1666871222388,72,950.96966510026,0.0674,0.108685586660175,0.0922718569264706,0.0731149487959031,"point_tau_omega_0.20",1,0.0731149487959031,0.0731149487959031,0,FALSE
97,"targeted",9,"E",0.1,0.193165936646983,0.1666871222388,72,950.96966510026,0.1524,0.291062664481752,0.224488284844217,0.144950939547303,"full_5x5_grid",25,0.144950939547303,0.291062664481752,0.146111724934449,TRUE
97,"targeted",9,"E",0.1,0.193165936646983,0.1666871222388,72,950.96966510026,0.1524,0.291062664481752,0.224488284844217,0.144950939547303,"exclude_tau_omega_zero",24,0.144950939547303,0.282776477521805,0.137825537974502,TRUE
97,"targeted",9,"E",0.1,0.193165936646983,0.1666871222388,72,950.96966510026,0.1524,0.291062664481752,0.224488284844217,0.144950939547303,"neighborhood_abs_misspec_le_0.075",6,0.144950939547303,0.1938899819244,0.0489390423770969,TRUE
97,"targeted",9,"E",0.1,0.193165936646983,0.1666871222388,72,950.96966510026,0.1524,0.291062664481752,0.224488284844217,0.144950939547303,"conservative_tau_omega_ge_0.10",9,0.144950939547303,0.224488284844217,0.0795373452969138,TRUE
97,"targeted",9,"E",0.1,0.193165936646983,0.1666871222388,72,950.96966510026,0.1524,0.291062664481752,0.224488284844217,0.144950939547303,"point_tau_omega_0.20",1,0.144950939547303,0.144950939547303,0,FALSE
97,"targeted",9,"E",0.2,0.193165936646983,0.1666871222388,72,950.96966510026,0.4516,0.801265489908305,0.667755809576881,0.429083828949997,"full_5x5_grid",25,0.429083828949997,0.801265489908305,0.372181660958308,TRUE
97,"targeted",9,"E",0.2,0.193165936646983,0.1666871222388,72,950.96966510026,0.4516,0.801265489908305,0.667755809576881,0.429083828949997,"exclude_tau_omega_zero",24,0.429083828949997,0.787461013674448,0.358377184724452,TRUE
97,"targeted",9,"E",0.2,0.193165936646983,0.1666871222388,72,950.96966510026,0.4516,0.801265489908305,0.667755809576881,0.429083828949997,"neighborhood_abs_misspec_le_0.075",6,0.429083828949997,0.586859532696384,0.157775703746387,TRUE
97,"targeted",9,"E",0.2,0.193165936646983,0.1666871222388,72,950.96966510026,0.4516,0.801265489908305,0.667755809576881,0.429083828949997,"conservative_tau_omega_ge_0.10",9,0.429083828949997,0.667755809576881,0.238671980626885,TRUE
97,"targeted",9,"E",0.2,0.193165936646983,0.1666871222388,72,950.96966510026,0.4516,0.801265489908305,0.667755809576881,0.429083828949997,"point_tau_omega_0.20",1,0.429083828949997,0.429083828949997,0,FALSE
98,"targeted",9,"E",0.05,0.193165936646983,0.1666871222388,72,19191.0301300775,0.1138,0.920159882398427,0.249163925817945,0.105588294485327,"full_5x5_grid",25,0.105588294485327,0.920159882398427,0.8145715879131,TRUE
98,"targeted",9,"E",0.05,0.193165936646983,0.1666871222388,72,19191.0301300775,0.1138,0.920159882398427,0.249163925817945,0.105588294485327,"exclude_tau_omega_zero",24,0.105588294485327,0.888381368316001,0.782793073830673,TRUE
98,"targeted",9,"E",0.05,0.193165936646983,0.1666871222388,72,19191.0301300775,0.1138,0.920159882398427,0.249163925817945,0.105588294485327,"neighborhood_abs_misspec_le_0.075",6,0.105588294485327,0.150694391540496,0.0451060970551681,TRUE
98,"targeted",9,"E",0.05,0.193165936646983,0.1666871222388,72,19191.0301300775,0.1138,0.920159882398427,0.249163925817945,0.105588294485327,"conservative_tau_omega_ge_0.10",9,0.105588294485327,0.249163925817945,0.143575631332617,TRUE
98,"targeted",9,"E",0.05,0.193165936646983,0.1666871222388,72,19191.0301300775,0.1138,0.920159882398427,0.249163925817945,0.105588294485327,"point_tau_omega_0.20",1,0.105588294485327,0.105588294485327,0,FALSE
98,"targeted",9,"E",0.1,0.193165936646983,0.1666871222388,72,19191.0301300775,0.3038,0.999999061543303,0.725582093017266,0.279151121551974,"full_5x5_grid",25,0.279151121551974,0.999999061543303,0.720847939991329,TRUE
98,"targeted",9,"E",0.1,0.193165936646983,0.1666871222388,72,19191.0301300775,0.3038,0.999999061543303,0.725582093017266,0.279151121551974,"exclude_tau_omega_zero",24,0.279151121551974,0.999994343240707,0.720843221688733,TRUE
98,"targeted",9,"E",0.1,0.193165936646983,0.1666871222388,72,19191.0301300775,0.3038,0.999999061543303,0.725582093017266,0.279151121551974,"neighborhood_abs_misspec_le_0.075",6,0.279151121551974,0.450070820809336,0.170919699257362,TRUE
98,"targeted",9,"E",0.1,0.193165936646983,0.1666871222388,72,19191.0301300775,0.3038,0.999999061543303,0.725582093017266,0.279151121551974,"conservative_tau_omega_ge_0.10",9,0.279151121551974,0.725582093017266,0.446430971465293,TRUE
98,"targeted",9,"E",0.1,0.193165936646983,0.1666871222388,72,19191.0301300775,0.3038,0.999999061543303,0.725582093017266,0.279151121551974,"point_tau_omega_0.20",1,0.279151121551974,0.279151121551974,0,FALSE
98,"targeted",9,"E",0.2,0.193165936646983,0.1666871222388,72,19191.0301300775,0.8156,1,0.999181045703315,0.78317449764205,"full_5x5_grid",25,0.78317449764205,1,0.21682550235795,TRUE
98,"targeted",9,"E",0.2,0.193165936646983,0.1666871222388,72,19191.0301300775,0.8156,1,0.999181045703315,0.78317449764205,"exclude_tau_omega_zero",24,0.78317449764205,1,0.21682550235795,TRUE
98,"targeted",9,"E",0.2,0.193165936646983,0.1666871222388,72,19191.0301300775,0.8156,1,0.999181045703315,0.78317449764205,"neighborhood_abs_misspec_le_0.075",6,0.78317449764205,0.955646182988656,0.172471685346606,TRUE
98,"targeted",9,"E",0.2,0.193165936646983,0.1666871222388,72,19191.0301300775,0.8156,1,0.999181045703315,0.78317449764205,"conservative_tau_omega_ge_0.10",9,0.78317449764205,0.999181045703315,0.216006548061265,TRUE
98,"targeted",9,"E",0.2,0.193165936646983,0.1666871222388,72,19191.0301300775,0.8156,1,0.999181045703315,0.78317449764205,"point_tau_omega_0.20",1,0.78317449764205,0.78317449764205,0,FALSE
99,"targeted",10,"E",0.05,0.116660372591577,0.159851131173782,120,4310.23476324513,0.1936,0.350571724938913,0.235087334135508,0.136934569610232,"full_5x5_grid",25,0.136934569610232,0.350571724938913,0.21363715532868,TRUE
99,"targeted",10,"E",0.05,0.116660372591577,0.159851131173782,120,4310.23476324513,0.1936,0.350571724938913,0.235087334135508,0.136934569610232,"exclude_tau_omega_zero",24,0.136934569610232,0.344292921593343,0.20735835198311,TRUE
99,"targeted",10,"E",0.05,0.116660372591577,0.159851131173782,120,4310.23476324513,0.1936,0.350571724938913,0.235087334135508,0.136934569610232,"neighborhood_abs_misspec_le_0.075",9,0.170815969032176,0.29827905668004,0.127463087647863,TRUE
99,"targeted",10,"E",0.05,0.116660372591577,0.159851131173782,120,4310.23476324513,0.1936,0.350571724938913,0.235087334135508,0.136934569610232,"conservative_tau_omega_ge_0.10",9,0.136934569610232,0.235087334135508,0.0981527645252755,TRUE
99,"targeted",10,"E",0.05,0.116660372591577,0.159851131173782,120,4310.23476324513,0.1936,0.350571724938913,0.235087334135508,0.136934569610232,"point_tau_omega_0.20",1,0.136934569610232,0.136934569610232,0,FALSE
99,"targeted",10,"E",0.1,0.116660372591577,0.159851131173782,120,4310.23476324513,0.599,0.882682315669255,0.694963052160376,0.400951459115781,"full_5x5_grid",25,0.400951459115781,0.882682315669255,0.481730856553474,TRUE
99,"targeted",10,"E",0.1,0.116660372591577,0.159851131173782,120,4310.23476324513,0.599,0.882682315669255,0.694963052160376,0.400951459115781,"exclude_tau_omega_zero",24,0.400951459115781,0.875886047488619,0.474934588372838,TRUE
99,"targeted",10,"E",0.1,0.116660372591577,0.159851131173782,120,4310.23476324513,0.599,0.882682315669255,0.694963052160376,0.400951459115781,"neighborhood_abs_misspec_le_0.075",9,0.518182584221524,0.815275517716546,0.297092933495022,TRUE
99,"targeted",10,"E",0.1,0.116660372591577,0.159851131173782,120,4310.23476324513,0.599,0.882682315669255,0.694963052160376,0.400951459115781,"conservative_tau_omega_ge_0.10",9,0.400951459115781,0.694963052160376,0.294011593044595,TRUE
99,"targeted",10,"E",0.1,0.116660372591577,0.159851131173782,120,4310.23476324513,0.599,0.882682315669255,0.694963052160376,0.400951459115781,"point_tau_omega_0.20",1,0.400951459115781,0.400951459115781,0,FALSE
99,"targeted",10,"E",0.2,0.116660372591577,0.159851131173782,120,4310.23476324513,0.9934,0.999992401444381,0.998537578307063,0.927310297236555,"full_5x5_grid",25,0.927310297236555,0.999992401444381,0.0726821042078263,TRUE
99,"targeted",10,"E",0.2,0.116660372591577,0.159851131173782,120,4310.23476324513,0.9934,0.999992401444381,0.998537578307063,0.927310297236555,"exclude_tau_omega_zero",24,0.927310297236555,0.999989735771579,0.072679438535024,TRUE
99,"targeted",10,"E",0.2,0.116660372591577,0.159851131173782,120,4310.23476324513,0.9934,0.999992401444381,0.998537578307063,0.927310297236555,"neighborhood_abs_misspec_le_0.075",9,0.979756848925839,0.999910894243382,0.0201540453175435,TRUE
99,"targeted",10,"E",0.2,0.116660372591577,0.159851131173782,120,4310.23476324513,0.9934,0.999992401444381,0.998537578307063,0.927310297236555,"conservative_tau_omega_ge_0.10",9,0.927310297236555,0.998537578307063,0.0712272810705077,TRUE
99,"targeted",10,"E",0.2,0.116660372591577,0.159851131173782,120,4310.23476324513,0.9934,0.999992401444381,0.998537578307063,0.927310297236555,"point_tau_omega_0.20",1,0.927310297236555,0.927310297236555,0,FALSE
