"analysis_family","analysis_label","rho_plan","rho_plan_role","method","beta1_group","design_dimension","dimension_value","variant_id","tau_plan","omega_plan","tied_tau_omega","is_sampling_equivalent","misspec_quantity","misspec_bin","n_scenarios","n_rows","rmse_power","mae_power","mean_signed_error","spearman","pearson","calibration_intercept","calibration_slope","r2","max_absolute_error","median_ape","mean_abs_tau_misspec","mean_abs_omega_misspec","mean_signed_tau_misspec","mean_signed_omega_misspec"
"planning_cell_by_design","post_production_exploratory_heterogeneity_sensitivity",0.5,"primary","mlma_cr2","all_non_null","all","all","het_tau0.00_omega0.00_rho0.50",0,0,TRUE,TRUE,NA,NA,100,300,0.467034874447542,0.370635232920194,0.364806636155036,0.804510883267521,0.57128330076948,-0.106219321389116,0.684232855258335,0.326364609738072,0.920935287727202,0.948642544168919,0.140414561670478,0.141159594377084,-0.140414561670478,-0.141159594377084
"planning_cell_by_design","post_production_exploratory_heterogeneity_sensitivity",0.5,"primary","mlma_cr2","all_non_null","scenario_set","broad","het_tau0.00_omega0.00_rho0.50",0,0,TRUE,TRUE,NA,NA,80,240,0.471813458188515,0.377135497297153,0.377135497297152,0.815568934991025,0.583293791169047,-0.155466615173922,0.733132138871919,0.34023164681636,0.920935287727202,1.11005364600253,0.13996009105097,0.139835334226314,-0.13996009105097,-0.139835334226314
"planning_cell_by_design","post_production_exploratory_heterogeneity_sensitivity",0.5,"primary","mlma_cr2","all_non_null","scenario_set","targeted","het_tau0.00_omega0.00_rho0.50",0,0,TRUE,TRUE,NA,NA,20,60,0.447410451867113,0.344634175412355,0.315491191586571,0.773043884011748,0.549852144421574,0.0152935739183726,0.571556853714374,0.302337380725003,0.898006614750978,0.734667088675173,0.142232444148511,0.146456634980161,-0.142232444148511,-0.146456634980161
"planning_cell_by_design","post_production_exploratory_heterogeneity_sensitivity",0.5,"primary","mlma_cr2","all_non_null","beta1_true","0.05","het_tau0.00_omega0.00_rho0.50",0,0,TRUE,TRUE,NA,NA,100,100,0.547627963415377,0.471784356869415,0.471466016192276,0.614657153669354,0.478815417836753,0.0401965509503164,0.203912621447629,0.229264204358184,0.920935287727202,2.92170187346125,0.140414561670478,0.141159594377084,-0.140414561670478,-0.141159594377084
"planning_cell_by_design","post_production_exploratory_heterogeneity_sensitivity",0.5,"primary","mlma_cr2","all_non_null","beta1_true","0.1","het_tau0.00_omega0.00_rho0.50",0,0,TRUE,TRUE,NA,NA,100,100,0.511714352741666,0.440060852788524,0.436001017993486,0.619558895267879,0.491659623650966,-0.041440561334375,0.544005358719572,0.24172918552861,0.892233869995943,0.984784426990086,0.140414561670478,0.141159594377084,-0.140414561670478,-0.141159594377084
"planning_cell_by_design","post_production_exploratory_heterogeneity_sensitivity",0.5,"primary","mlma_cr2","all_non_null","beta1_true","0.2","het_tau0.00_omega0.00_rho0.50",0,0,TRUE,TRUE,NA,NA,100,100,0.304330012871549,0.200060489102642,0.186952874279346,0.619356107949265,0.469520363378615,0.0146767477814406,0.787480285143538,0.220449371627187,0.884172289426045,0.15658413433482,0.140414561670478,0.141159594377084,-0.140414561670478,-0.141159594377084
"planning_cell_by_design","post_production_exploratory_heterogeneity_sensitivity",0.5,"primary","mlma_cr2","all_non_null","J","J<=36","het_tau0.00_omega0.00_rho0.50",0,0,TRUE,TRUE,NA,NA,34,102,0.495060379432818,0.40679282096171,0.389649889299484,0.680877917725312,0.516148948522565,-0.000501281658643046,0.450395349099877,0.266409737060949,0.919426425540983,1.68385801989593,0.146687066831155,0.139670896493402,-0.146687066831155,-0.139670896493402
"planning_cell_by_design","post_production_exploratory_heterogeneity_sensitivity",0.5,"primary","mlma_cr2","all_non_null","J","37-60","het_tau0.00_omega0.00_rho0.50",0,0,TRUE,TRUE,NA,NA,24,72,0.483719381055629,0.392172076472831,0.392172076472831,0.81535710734499,0.57650367419226,-0.131053717316453,0.683810771977561,0.332356486357175,0.920935287727202,1.29572951162359,0.146925199225761,0.129938035288799,-0.146925199225761,-0.129938035288799
"planning_cell_by_design","post_production_exploratory_heterogeneity_sensitivity",0.5,"primary","mlma_cr2","all_non_null","J","61-96","het_tau0.00_omega0.00_rho0.50",0,0,TRUE,TRUE,NA,NA,30,90,0.4518424165704,0.351882281562892,0.351882281562892,0.877880682466038,0.552842463421151,-0.250468348958317,0.887393983082062,0.305634789361566,0.879066857201763,0.737028564316023,0.141397710259719,0.142296155271728,-0.141397710259719,-0.142296155271728
"planning_cell_by_design","post_production_exploratory_heterogeneity_sensitivity",0.5,"primary","mlma_cr2","all_non_null","J","J>96","het_tau0.00_omega0.00_rho0.50",0,0,TRUE,TRUE,NA,NA,12,36,0.380657464831566,0.271997424757212,0.271997424757204,0.795587087317913,0.566795967758988,-0.307098971990481,1.03836287135203,0.321257669067847,0.81455133735266,0.396996586498571,0.107163317131562,0.164979287654142,-0.107163317131562,-0.164979287654142
"planning_cell_by_design","post_production_exploratory_heterogeneity_sensitivity",0.5,"primary","mlma_cr2","all_non_null","tau_true","tau<0.05","het_tau0.00_omega0.00_rho0.50",0,0,TRUE,TRUE,NA,NA,9,27,0.273305738087292,0.180040809487671,0.180040809487659,0.885005640106691,0.81399708198482,-0.116764721460295,0.919999773245002,0.662591249479802,0.651400422468371,0.220637206890165,0.0387395076695248,0.135821073313451,-0.0387395076695248,-0.135821073313451
"planning_cell_by_design","post_production_exploratory_heterogeneity_sensitivity",0.5,"primary","mlma_cr2","all_non_null","tau_true","[0.05,0.10)","het_tau0.00_omega0.00_rho0.50",0,0,TRUE,TRUE,NA,NA,22,66,0.363306225410514,0.26419490842553,0.237701286765726,0.827579076409115,0.599630188456636,-0.0394328107768695,0.765365736247594,0.359556362908542,0.790976352897989,0.384044416059331,0.0768922368173689,0.142663898768081,-0.0768922368173689,-0.142663898768081
"planning_cell_by_design","post_production_exploratory_heterogeneity_sensitivity",0.5,"primary","mlma_cr2","all_non_null","tau_true","[0.10,0.15)","het_tau0.00_omega0.00_rho0.50",0,0,TRUE,TRUE,NA,NA,25,75,0.425838150668667,0.338282793398223,0.338282793398223,0.922546822064191,0.644500658915552,-0.215546206004967,0.85478886303301,0.41538109934258,0.760998238479325,0.618957711903103,0.126005481915176,0.131539488041711,-0.126005481915176,-0.131539488041711
"planning_cell_by_design","post_production_exploratory_heterogeneity_sensitivity",0.5,"primary","mlma_cr2","all_non_null","tau_true","tau>=0.15","het_tau0.00_omega0.00_rho0.50",0,0,TRUE,TRUE,NA,NA,44,132,0.558053206924276,0.48122268605257,0.48122268605257,0.827657109008307,0.523443368298774,-0.0725858027898019,0.487051338071133,0.273992959815966,0.920935287727202,2.24178574467206,0.201159871367287,0.146965381907881,-0.201159871367287,-0.146965381907881
"planning_cell_by_design","post_production_exploratory_heterogeneity_sensitivity",0.5,"primary","mlma_cr2","all_non_null","omega_true","omega<0.05","het_tau0.00_omega0.00_rho0.50",0,0,TRUE,TRUE,NA,NA,8,24,0.453695955314818,0.343366529046367,0.343366529046367,0.785736088866828,0.582255831339553,-0.086737045669869,0.684630991135159,0.339021853128914,0.919426425540983,0.723891956926071,0.149565773200156,0.0412325541631362,-0.149565773200156,-0.0412325541631362
"planning_cell_by_design","post_production_exploratory_heterogeneity_sensitivity",0.5,"primary","mlma_cr2","all_non_null","omega_true","[0.05,0.10)","het_tau0.00_omega0.00_rho0.50",0,0,TRUE,TRUE,NA,NA,23,69,0.443703591140107,0.341751913987531,0.316410188921631,0.738610653329773,0.481921267785154,0.000844608036761852,0.627154536478252,0.23224810834365,0.872169928662966,0.645695373511769,0.135143756444098,0.0773775126673813,-0.135143756444098,-0.0773775126673813
"planning_cell_by_design","post_production_exploratory_heterogeneity_sensitivity",0.5,"primary","mlma_cr2","all_non_null","omega_true","[0.10,0.15)","het_tau0.00_omega0.00_rho0.50",0,0,TRUE,TRUE,NA,NA,20,60,0.440550893534462,0.343393918503609,0.343393918503604,0.888840148798134,0.640193744169254,-0.178596362368663,0.798142945987486,0.409848030073448,0.892233869995943,1.14803200168487,0.125136234588371,0.12594300335494,-0.125136234588371,-0.12594300335494
"planning_cell_by_design","post_production_exploratory_heterogeneity_sensitivity",0.5,"primary","mlma_cr2","all_non_null","omega_true","omega>=0.15","het_tau0.00_omega0.00_rho0.50",0,0,TRUE,TRUE,NA,NA,49,147,0.489807527254563,0.39976364628292,0.39976364628292,0.817584298986749,0.578484548332207,-0.114085767698754,0.645461699049081,0.334644372659118,0.920935287727202,1.22177777777602,0.147630589621733,0.193623594815402,-0.147630589621733,-0.193623594815402
"planning_cell_by_design","post_production_exploratory_heterogeneity_sensitivity",0.5,"primary","mlma_cr2","all_non_null","I_C_star_primary","I_C*<2000","het_tau0.00_omega0.00_rho0.50",0,0,TRUE,TRUE,NA,NA,6,18,0.150813702403478,0.108026472739526,0.108026472739526,0.931888544891641,0.9813830173682,0.00433099213736913,0.595086117174364,0.963112626778712,0.349665489908305,0.607841732904661,0.151445575975202,0.133141018104701,-0.151445575975202,-0.133141018104701
"planning_cell_by_design","post_production_exploratory_heterogeneity_sensitivity",0.5,"primary","mlma_cr2","all_non_null","I_C_star_primary","[2000,8000)","het_tau0.00_omega0.00_rho0.50",0,0,TRUE,TRUE,NA,NA,28,84,0.3966736438301,0.332458407491923,0.332458407491923,0.869515034929635,0.744639255773931,-0.144781864420833,0.729266518741422,0.554487621239553,0.795109073933303,1.26822737732363,0.142277061356595,0.150493789968324,-0.142277061356595,-0.150493789968324
"planning_cell_by_design","post_production_exploratory_heterogeneity_sensitivity",0.5,"primary","mlma_cr2","all_non_null","I_C_star_primary","[8000,20000)","het_tau0.00_omega0.00_rho0.50",0,0,TRUE,TRUE,NA,NA,35,105,0.499838994557432,0.411768892072977,0.39511575845824,0.773714182577253,0.475057873487949,-0.14963478529754,0.714987487635988,0.225679983162892,0.892233869995943,1.25949367088605,0.134160196512329,0.141469301113679,-0.134160196512329,-0.141469301113679
"planning_cell_by_design","post_production_exploratory_heterogeneity_sensitivity",0.5,"primary","mlma_cr2","all_non_null","I_C_star_primary","I_C*>=20000","het_tau0.00_omega0.00_rho0.50",0,0,TRUE,TRUE,NA,NA,31,93,0.524420528416264,0.409503800750134,0.409503800750134,0.793026829188757,0.336865710657813,-2.96264603539712,3.58049731362829,0.113478507016995,0.920935287727202,0.589319771137953,0.143658648880015,0.133931021644784,-0.143658648880015,-0.133931021644784
"planning_cell_by_design","post_production_exploratory_heterogeneity_sensitivity",0.5,"primary","mlma_cr2","all_non_null","nu_C_star_primary","nu_C*<5","het_tau0.00_omega0.00_rho0.50",0,0,TRUE,TRUE,NA,NA,17,51,0.396701149704881,0.288994079648798,0.254708216324346,0.614900789768005,0.540422437415486,0.0345036817587987,0.424771973365983,0.292056410862095,0.892233869995943,1.12076156886605,0.151158557899505,0.134977780531951,-0.151158557899505,-0.134977780531951
"planning_cell_by_design","post_production_exploratory_heterogeneity_sensitivity",0.5,"primary","mlma_cr2","all_non_null","nu_C_star_primary","[5,10)","het_tau0.00_omega0.00_rho0.50",0,0,TRUE,TRUE,NA,NA,21,63,0.500186564697261,0.422523387018963,0.422523387018963,0.742548492872715,0.564720462420461,-0.0929687689818967,0.583845710776348,0.318909200676379,0.920935287727202,1.27209025254227,0.136150321232003,0.135101302578491,-0.136150321232003,-0.135101302578491
"planning_cell_by_design","post_production_exploratory_heterogeneity_sensitivity",0.5,"primary","mlma_cr2","all_non_null","nu_C_star_primary","[10,20)","het_tau0.00_omega0.00_rho0.50",0,0,TRUE,TRUE,NA,NA,24,72,0.499989823787747,0.417951843728517,0.417951843728517,0.821304043083663,0.558339574828436,-0.247969652902369,0.804071671174662,0.311743080819598,0.878462119744914,1.27585380634849,0.149722068427824,0.150533135101107,-0.149722068427824,-0.150533135101107
"planning_cell_by_design","post_production_exploratory_heterogeneity_sensitivity",0.5,"primary","mlma_cr2","all_non_null","nu_C_star_primary","nu_C*>=20","het_tau0.00_omega0.00_rho0.50",0,0,TRUE,TRUE,NA,NA,38,114,0.455468596035801,0.348599698976505,0.348599698976502,0.783764647593539,0.478885642406093,-0.548176418494979,1.21129357135728,0.229331458502696,0.919426425540983,0.517609162957352,0.132086165647801,0.141353015055008,-0.132086165647801,-0.141353015055008
"planning_cell_by_design","post_production_exploratory_heterogeneity_sensitivity",0.5,"primary","mlma_cr2","all_non_null","n_cv","n_cv<=0.3","het_tau0.00_omega0.00_rho0.50",0,0,TRUE,TRUE,NA,NA,23,69,0.478932599941065,0.381358678926147,0.381358678926143,0.811750480731035,0.546705383883758,-0.359274819843205,0.975295651024864,0.298886776767488,0.892233869995943,1.03915171288744,0.125488286703602,0.135173912454854,-0.125488286703602,-0.135173912454854
"planning_cell_by_design","post_production_exploratory_heterogeneity_sensitivity",0.5,"primary","mlma_cr2","all_non_null","n_cv","0.3<n_cv<=0.6","het_tau0.00_omega0.00_rho0.50",0,0,TRUE,TRUE,NA,NA,15,45,0.514019497604087,0.427744973870745,0.427744973870745,0.786775474193996,0.497551555276891,-0.360828085923918,0.926735005672352,0.247557550158453,0.920935287727202,1.25949367088605,0.14762700830901,0.162669642464537,-0.14762700830901,-0.162669642464537
"planning_cell_by_design","post_production_exploratory_heterogeneity_sensitivity",0.5,"primary","mlma_cr2","all_non_null","n_cv","n_cv>0.6","het_tau0.00_omega0.00_rho0.50",0,0,TRUE,TRUE,NA,NA,62,186,0.450327098406664,0.352840307558981,0.343439345034534,0.806803455007854,0.600849497434363,-0.0621788232415306,0.633891951870529,0.361020118567127,0.919426425540983,0.93799165345272,0.144206781423062,0.138176045391591,-0.144206781423062,-0.138176045391591
"planning_cell_by_design","post_production_exploratory_heterogeneity_sensitivity",0.5,"primary","mlma_cr2","all_non_null","alignment_pattern","independent","het_tau0.00_omega0.00_rho0.50",0,0,TRUE,TRUE,NA,NA,24,72,0.486370042182347,0.390516696330165,0.366230876475341,0.70581807596849,0.43795422533193,-0.0285499707261607,0.604655992797844,0.191803903486091,0.892233869995943,0.826691925742735,0.133397849336616,0.106458076807615,-0.133397849336616,-0.106458076807615
"planning_cell_by_design","post_production_exploratory_heterogeneity_sensitivity",0.5,"primary","mlma_cr2","all_non_null","alignment_pattern","n_majority","het_tau0.00_omega0.00_rho0.50",0,0,TRUE,TRUE,NA,NA,20,60,0.405265049406009,0.313242336174228,0.313242336174228,0.9037723538482,0.706398796793538,-0.0796734983878514,0.672671756645537,0.498999260111358,0.847144455664705,0.792542892881444,0.151751480625366,0.155214895511913,-0.151751480625366,-0.155214895511913
"planning_cell_by_design","post_production_exploratory_heterogeneity_sensitivity",0.5,"primary","mlma_cr2","all_non_null","alignment_pattern","n_minority","het_tau0.00_omega0.00_rho0.50",0,0,TRUE,TRUE,NA,NA,20,60,0.5584789498807,0.474049442704775,0.474049442704775,0.824388265781716,0.459950361805844,-0.252740726594861,0.754793998060951,0.211554335325327,0.920935287727202,1.89940455053226,0.166871938700162,0.147361551425251,-0.166871938700162,-0.147361551425251
"planning_cell_by_design","post_production_exploratory_heterogeneity_sensitivity",0.5,"primary","mlma_cr2","all_non_null","alignment_pattern","nk_majority","het_tau0.00_omega0.00_rho0.50",0,0,TRUE,TRUE,NA,NA,18,54,0.387959444313391,0.309729437683282,0.309729437683282,0.877597775908805,0.724254081463133,-0.118219519860937,0.73483117332617,0.524543974516006,0.794844189333064,0.903103119307842,0.131709049066891,0.148599165156655,-0.131709049066891,-0.148599165156655
"planning_cell_by_design","post_production_exploratory_heterogeneity_sensitivity",0.5,"primary","mlma_cr2","all_non_null","alignment_pattern","nk_minority","het_tau0.00_omega0.00_rho0.50",0,0,TRUE,TRUE,NA,NA,18,54,0.465643059665929,0.353897618012016,0.353897618012016,0.8212062602916,0.548725563321694,-0.22383835616408,0.854323364880961,0.30109974384271,0.919426425540983,0.765442702912225,0.116482028514137,0.157480649042364,-0.116482028514137,-0.157480649042364
"planning_cell_by_design","post_production_exploratory_heterogeneity_sensitivity",0.5,"primary","mlma_cr2","all_non_null","nk_mode","independent","het_tau0.00_omega0.00_rho0.50",0,0,TRUE,TRUE,NA,NA,39,117,0.482105842270172,0.387422401799336,0.372477281888677,0.816775015614538,0.521799599783002,-0.056986129118155,0.615647045377163,0.272274822333702,0.898006614750978,1.22177777777602,0.151489042683169,0.14041568437429,-0.151489042683169,-0.14041568437429
"planning_cell_by_design","post_production_exploratory_heterogeneity_sensitivity",0.5,"primary","mlma_cr2","all_non_null","nk_mode","negative","het_tau0.00_omega0.00_rho0.50",0,0,TRUE,TRUE,NA,NA,30,90,0.455805548312428,0.365065996467811,0.365065996467811,0.836948156805213,0.624803572792574,-0.188620148420155,0.785690402477225,0.390379504574365,0.884172289426045,1.00687434161414,0.137375010473141,0.134378876203314,-0.137375010473141,-0.134378876203314
"planning_cell_by_design","post_production_exploratory_heterogeneity_sensitivity",0.5,"primary","mlma_cr2","all_non_null","nk_mode","positive","het_tau0.00_omega0.00_rho0.50",0,0,TRUE,TRUE,NA,NA,31,93,0.45842580487947,0.354905475090676,0.354905475090673,0.770695402563343,0.584184188449696,-0.09637540978208,0.681707573830551,0.341271166034629,0.920935287727202,0.809627216793341,0.129423651232581,0.148657466484247,-0.129423651232581,-0.148657466484247
"planning_cell_by_design","post_production_exploratory_heterogeneity_sensitivity",0.5,"primary","mlma_cr2","all_non_null","all","all","het_tau0.00_omega0.05_rho0.50",0,0.05,FALSE,FALSE,NA,NA,100,300,0.429666489961638,0.338422117900714,0.337825039298426,0.843637561582744,0.652384351756629,-0.149214726627415,0.761836461638166,0.425605342416918,0.88541113778,0.941282805780347,0.140414561670478,0.0925623857109819,-0.140414561670478,-0.0911595943770837
"planning_cell_by_design","post_production_exploratory_heterogeneity_sensitivity",0.5,"primary","mlma_cr2","all_non_null","scenario_set","broad","het_tau0.00_omega0.05_rho0.50",0,0.05,FALSE,FALSE,NA,NA,80,240,0.436701074768189,0.347546353521538,0.347546353521361,0.846157362505457,0.648117514096447,-0.171759077083037,0.780551864542977,0.420056312078558,0.88541113778,1.06625543517775,0.13996009105097,0.0915888233936871,-0.13996009105097,-0.0898353342263144
"planning_cell_by_design","post_production_exploratory_heterogeneity_sensitivity",0.5,"primary","mlma_cr2","all_non_null","scenario_set","targeted","het_tau0.00_omega0.05_rho0.50",0,0.05,FALSE,FALSE,NA,NA,20,60,0.400293827288165,0.301925175417416,0.298939782406688,0.847705050594447,0.678133950634939,-0.0860557647839516,0.718225053385236,0.45986565500375,0.815176156772164,0.659121868803082,0.142232444148511,0.0964566349801608,-0.142232444148511,-0.0964566349801608
"planning_cell_by_design","post_production_exploratory_heterogeneity_sensitivity",0.5,"primary","mlma_cr2","all_non_null","beta1_true","0.05","het_tau0.00_omega0.05_rho0.50",0,0.05,FALSE,FALSE,NA,NA,100,100,0.476917460541786,0.400547124280104,0.400547124280104,0.663808363698502,0.531283201995115,0.0364243102806296,0.235800363552771,0.282261840722183,0.88541113778,2.40821934311557,0.140414561670478,0.0925623857109819,-0.140414561670478,-0.0911595943770837
"planning_cell_by_design","post_production_exploratory_heterogeneity_sensitivity",0.5,"primary","mlma_cr2","all_non_null","beta1_true","0.1","het_tau0.00_omega0.05_rho0.50",0,0.05,FALSE,FALSE,NA,NA,100,100,0.486363834834924,0.417463129027519,0.417463129027519,0.665920580893776,0.557619136770048,-0.096026192731617,0.620381358826968,0.310939101692174,0.879829570370043,0.951954619383839,0.140414561670478,0.0925623857109819,-0.140414561670478,-0.0911595943770837
"planning_cell_by_design","post_production_exploratory_heterogeneity_sensitivity",0.5,"primary","mlma_cr2","all_non_null","beta1_true","0.2","het_tau0.00_omega0.05_rho0.50",0,0.05,FALSE,FALSE,NA,NA,100,100,0.299732937434153,0.197256100394518,0.195464864587656,0.649397599638093,0.53764259223185,-0.268210435523558,1.07599280037524,0.289059556981783,0.795625208994619,0.15658413433482,0.140414561670478,0.0925623857109819,-0.140414561670478,-0.0911595943770837
"planning_cell_by_design","post_production_exploratory_heterogeneity_sensitivity",0.5,"primary","mlma_cr2","all_non_null","J","J<=36","het_tau0.00_omega0.05_rho0.50",0,0.05,FALSE,FALSE,NA,NA,34,102,0.445400248215883,0.361296914530813,0.359540800995091,0.778148157824494,0.638692611800235,-0.0633483754551304,0.563101152304608,0.407928252368206,0.879829570370043,1.37272812602961,0.146687066831155,0.0909288080653641,-0.146687066831155,-0.0896708964934018
"planning_cell_by_design","post_production_exploratory_heterogeneity_sensitivity",0.5,"primary","mlma_cr2","all_non_null","J","37-60","het_tau0.00_omega0.05_rho0.50",0,0.05,FALSE,FALSE,NA,NA,24,72,0.448438840106094,0.359884983331872,0.359884983331872,0.836209501373103,0.635414119224954,-0.134955636266626,0.716550275525969,0.403751102910424,0.88541113778,1.2926664335985,0.146925199225761,0.0799380352887988,-0.146925199225761,-0.0799380352887988
"planning_cell_by_design","post_production_exploratory_heterogeneity_sensitivity",0.5,"primary","mlma_cr2","all_non_null","J","61-96","het_tau0.00_omega0.05_rho0.50",0,0.05,FALSE,FALSE,NA,NA,30,90,0.425947064346436,0.330587922353214,0.330587922352762,0.877036694293458,0.612062305107371,-0.263545760724963,0.923756299588156,0.374620265333349,0.809258256772329,0.654176342928726,0.141397710259719,0.094843751570204,-0.141397710259719,-0.0922961552717277
"planning_cell_by_design","post_production_exploratory_heterogeneity_sensitivity",0.5,"primary","mlma_cr2","all_non_null","J","J>96","het_tau0.00_omega0.05_rho0.50",0,0.05,FALSE,FALSE,NA,NA,12,36,0.347262846353702,0.250269952121864,0.250269952121814,0.846417320113657,0.673052752470302,-0.387681058201066,1.15383102786044,0.45300000760785,0.751198277087787,0.396007738050291,0.107163317131562,0.116736141903209,-0.107163317131562,-0.114979287654142
"planning_cell_by_design","post_production_exploratory_heterogeneity_sensitivity",0.5,"primary","mlma_cr2","all_non_null","tau_true","tau<0.05","het_tau0.00_omega0.05_rho0.50",0,0.05,FALSE,FALSE,NA,NA,9,27,0.238352996452446,0.153403683854557,0.153403683852982,0.913735471954437,0.856165163503043,-0.110950677332308,0.944455901043849,0.733018787196192,0.561993745754638,0.189764426873627,0.0387395076695248,0.0858210733134508,-0.0387395076695248,-0.0858210733134508
"planning_cell_by_design","post_production_exploratory_heterogeneity_sensitivity",0.5,"primary","mlma_cr2","all_non_null","tau_true","[0.05,0.10)","het_tau0.00_omega0.05_rho0.50",0,0.05,FALSE,FALSE,NA,NA,22,66,0.312945082126522,0.226371121111508,0.223657127465392,0.899836220336724,0.756359009795828,-0.220851079846918,0.996623152316388,0.572078951699325,0.751198277087787,0.276240976798271,0.0768922368173689,0.0937360318517391,-0.0768922368173689,-0.0926638987680807
"planning_cell_by_design","post_production_exploratory_heterogeneity_sensitivity",0.5,"primary","mlma_cr2","all_non_null","tau_true","[0.10,0.15)","het_tau0.00_omega0.05_rho0.50",0,0.05,FALSE,FALSE,NA,NA,25,75,0.388114548999534,0.30753013143625,0.30753013143625,0.940520311964842,0.713334827715121,-0.213132313635991,0.884099912293285,0.508846576431361,0.739258466913609,0.606264051310223,0.126005481915176,0.083832460116751,-0.126005481915176,-0.0815394880417105
"planning_cell_by_design","post_production_exploratory_heterogeneity_sensitivity",0.5,"primary","mlma_cr2","all_non_null","tau_true","tau>=0.15","het_tau0.00_omega0.05_rho0.50",0,0.05,FALSE,FALSE,NA,NA,44,132,0.522877431868143,0.449844561023203,0.449844561023203,0.863210550699178,0.589411418191374,-0.0935358650690064,0.534398117481449,0.347405819894367,0.88541113778,2.08313902247537,0.201159871367287,0.0983146524459113,-0.201159871367287,-0.0969653819078812
"planning_cell_by_design","post_production_exploratory_heterogeneity_sensitivity",0.5,"primary","mlma_cr2","all_non_null","omega_true","omega<0.05","het_tau0.00_omega0.05_rho0.50",0,0.05,FALSE,FALSE,NA,NA,8,24,0.40696138666672,0.303742762677118,0.303742762677118,0.84179721709484,0.665383066708854,-0.103199172363927,0.740939831782875,0.442734625462879,0.842513911876717,0.618108946011684,0.149565773200156,0.00876744583686376,-0.149565773200156,0.00876744583686376
"planning_cell_by_design","post_production_exploratory_heterogeneity_sensitivity",0.5,"primary","mlma_cr2","all_non_null","omega_true","[0.05,0.10)","het_tau0.00_omega0.05_rho0.50",0,0.05,FALSE,FALSE,NA,NA,23,69,0.401752167624479,0.303162599532162,0.3005666056092,0.793222443940182,0.624048364206277,-0.169055517088879,0.842512630505758,0.38943636086853,0.832972422728425,0.582779360557138,0.135143756444098,0.0273775126673813,-0.135143756444098,-0.0273775126673813
"planning_cell_by_design","post_production_exploratory_heterogeneity_sensitivity",0.5,"primary","mlma_cr2","all_non_null","omega_true","[0.10,0.15)","het_tau0.00_omega0.05_rho0.50",0,0.05,FALSE,FALSE,NA,NA,20,60,0.413244986974169,0.321747477979508,0.321747477979478,0.892791715399654,0.685929121319017,-0.202314293767199,0.849724360559524,0.470498759473479,0.879829570370043,1.1241789137128,0.125136234588371,0.0759430033549404,-0.125136234588371,-0.0759430033549404
"planning_cell_by_design","post_production_exploratory_heterogeneity_sensitivity",0.5,"primary","mlma_cr2","all_non_null","omega_true","omega>=0.15","het_tau0.00_omega0.05_rho0.50",0,0.05,FALSE,FALSE,NA,NA,49,147,0.451949288651472,0.36744041509846,0.36744041509846,0.857650193519567,0.648961751792497,-0.129026640393131,0.691753285279818,0.421151355289587,0.88541113778,1.15336443187203,0.147630589621733,0.143623594815402,-0.147630589621733,-0.143623594815402
"planning_cell_by_design","post_production_exploratory_heterogeneity_sensitivity",0.5,"primary","mlma_cr2","all_non_null","I_C_star_primary","I_C*<2000","het_tau0.00_omega0.05_rho0.50",0,0.05,FALSE,FALSE,NA,NA,6,18,0.14115223421914,0.100314613884977,0.100314613884977,0.919504643962848,0.978758135194122,0.00458850973065492,0.611142960580582,0.957967487208675,0.335861013674448,0.571578654161949,0.151445575975202,0.0831622153128653,-0.151445575975202,-0.0831410181047007
"planning_cell_by_design","post_production_exploratory_heterogeneity_sensitivity",0.5,"primary","mlma_cr2","all_non_null","I_C_star_primary","[2000,8000)","het_tau0.00_omega0.05_rho0.50",0,0.05,FALSE,FALSE,NA,NA,28,84,0.359521699307874,0.297738936673753,0.297738936673753,0.890614559076643,0.786998494321725,-0.130284223247296,0.745701109362354,0.619366630064662,0.77920105935991,1.22163064336342,0.142277061356595,0.10130066781315,-0.142277061356595,-0.100493789968324
"planning_cell_by_design","post_production_exploratory_heterogeneity_sensitivity",0.5,"primary","mlma_cr2","all_non_null","I_C_star_primary","[8000,20000)","het_tau0.00_omega0.05_rho0.50",0,0.05,FALSE,FALSE,NA,NA,35,105,0.447411419780837,0.365463804001954,0.363757865138664,0.845363996045377,0.644603408891368,-0.308641288943672,0.933589769063572,0.415513554754372,0.879829570370043,1.25949364721975,0.134160196512329,0.0928248028673431,-0.134160196512329,-0.0914693011136792
"planning_cell_by_design","post_production_exploratory_heterogeneity_sensitivity",0.5,"primary","mlma_cr2","all_non_null","I_C_star_primary","I_C*>=20000","het_tau0.00_omega0.05_rho0.50",0,0.05,FALSE,FALSE,NA,NA,31,93,0.498915838378556,0.390722604510582,0.390722604510144,0.796654817196349,0.485666455423212,-1.82313814274241,2.47577665542957,0.235871905923348,0.88541113778,0.582779360557138,0.143658648880015,0.0861928541966387,-0.143658648880015,-0.0839310216447845
"planning_cell_by_design","post_production_exploratory_heterogeneity_sensitivity",0.5,"primary","mlma_cr2","all_non_null","nu_C_star_primary","nu_C*<5","het_tau0.00_omega0.05_rho0.50",0,0.05,FALSE,FALSE,NA,NA,17,51,0.355625902620337,0.254119754080048,0.250607527007805,0.75420814479638,0.677879849136527,-0.0246473124313432,0.546880743364022,0.45952108986536,0.879829570370043,1.15734558638466,0.151158557899505,0.0850741047622629,-0.151158557899505,-0.0849777805319515
"planning_cell_by_design","post_production_exploratory_heterogeneity_sensitivity",0.5,"primary","mlma_cr2","all_non_null","nu_C_star_primary","[5,10)","het_tau0.00_omega0.05_rho0.50",0,0.05,FALSE,FALSE,NA,NA,21,63,0.448431424430171,0.374267914459693,0.374267914459693,0.776601618043746,0.649590708716559,-0.102584480725206,0.634661944018141,0.421968088850881,0.88541113778,1.2543623661737,0.136150321232003,0.0866446332798638,-0.136150321232003,-0.0851013025784909
"planning_cell_by_design","post_production_exploratory_heterogeneity_sensitivity",0.5,"primary","mlma_cr2","all_non_null","nu_C_star_primary","[10,20)","het_tau0.00_omega0.05_rho0.50",0,0.05,FALSE,FALSE,NA,NA,24,72,0.456881152952307,0.380621487404881,0.380621487404881,0.859843787289647,0.643043792671153,-0.255911229038634,0.849790647145687,0.413505319292901,0.849616815131687,1.27385424367519,0.149722068427824,0.10123005566259,-0.149722068427824,-0.100533135101107
"planning_cell_by_design","post_production_exploratory_heterogeneity_sensitivity",0.5,"primary","mlma_cr2","all_non_null","nu_C_star_primary","nu_C*>=20","het_tau0.00_omega0.05_rho0.50",0,0.05,FALSE,FALSE,NA,NA,38,114,0.431602523474705,0.329674580772101,0.329674580772085,0.820096456940275,0.55365125925307,-0.517870278452608,1.20331810559717,0.30652971687251,0.869757872975848,0.516299776511242,0.132086165647801,0.0937084251410636,-0.132086165647801,-0.0913530150550083
"planning_cell_by_design","post_production_exploratory_heterogeneity_sensitivity",0.5,"primary","mlma_cr2","all_non_null","n_cv","n_cv<=0.3","het_tau0.00_omega0.05_rho0.50",0,0.05,FALSE,FALSE,NA,NA,23,69,0.441167293255311,0.348149531246603,0.348149531246577,0.857754256828396,0.622070295798875,-0.322230252448219,0.969886403783007,0.3869714529153,0.879829570370043,0.936895947517512,0.125488286703602,0.0851739124548545,-0.125488286703602,-0.0851739124548545
"planning_cell_by_design","post_production_exploratory_heterogeneity_sensitivity",0.5,"primary","mlma_cr2","all_non_null","n_cv","0.3<n_cv<=0.6","het_tau0.00_omega0.05_rho0.50",0,0.05,FALSE,FALSE,NA,NA,15,45,0.484090060707424,0.400346652699479,0.400346652699479,0.81405438713581,0.561983346229792,-0.319975129276289,0.909282698794167,0.315825281439634,0.88541113778,1.25949364721975,0.14762700830901,0.112669642464537,-0.14762700830901,-0.112669642464537
"planning_cell_by_design","post_production_exploratory_heterogeneity_sensitivity",0.5,"primary","mlma_cr2","all_non_null","n_cv","n_cv>0.6","het_tau0.00_omega0.05_rho0.50",0,0.05,FALSE,FALSE,NA,NA,62,186,0.410933714570436,0.319831819046892,0.318868789043213,0.851019514873155,0.684879920755618,-0.111161918823431,0.720701725559838,0.469060505854222,0.869757872975848,0.911690215494725,0.144206781423062,0.090438612059169,-0.144206781423062,-0.0881760453915912
"planning_cell_by_design","post_production_exploratory_heterogeneity_sensitivity",0.5,"primary","mlma_cr2","all_non_null","alignment_pattern","independent","het_tau0.00_omega0.05_rho0.50",0,0.05,FALSE,FALSE,NA,NA,24,72,0.434279909998795,0.340999695815938,0.338511868306407,0.767326226699399,0.60897012256047,-0.203941246262465,0.837165449443147,0.370844610171314,0.879829570370043,0.669462834318906,0.133397849336616,0.0584348501983744,-0.133397849336616,-0.0564580768076145
"planning_cell_by_design","post_production_exploratory_heterogeneity_sensitivity",0.5,"primary","mlma_cr2","all_non_null","alignment_pattern","n_majority","het_tau0.00_omega0.05_rho0.50",0,0.05,FALSE,FALSE,NA,NA,20,60,0.366298009928979,0.28486968352375,0.28486968352375,0.923876346755989,0.764996858154592,-0.0984541280731223,0.727935514962674,0.585220192986396,0.803790786832837,0.772943276162665,0.151751480625366,0.105214895511913,-0.151751480625366,-0.105214895511913
"planning_cell_by_design","post_production_exploratory_heterogeneity_sensitivity",0.5,"primary","mlma_cr2","all_non_null","alignment_pattern","n_minority","het_tau0.00_omega0.05_rho0.50",0,0.05,FALSE,FALSE,NA,NA,20,60,0.517041029113937,0.433195261815157,0.433195261815157,0.857707608490787,0.543787782567238,-0.20871132849048,0.739483456079954,0.295705152469394,0.88541113778,1.71335845924961,0.166871938700162,0.0974370678585662,-0.166871938700162,-0.0973615514252509
"planning_cell_by_design","post_production_exploratory_heterogeneity_sensitivity",0.5,"primary","mlma_cr2","all_non_null","alignment_pattern","nk_majority","het_tau0.00_omega0.05_rho0.50",0,0.05,FALSE,FALSE,NA,NA,18,54,0.347386460938583,0.278336917054917,0.278336917054917,0.912095454943698,0.786669632056334,-0.126281479379758,0.779893386782123,0.618849109999648,0.77920105935991,0.917741432665258,0.131709049066891,0.100706694474065,-0.131709049066891,-0.0985991651566549
"planning_cell_by_design","post_production_exploratory_heterogeneity_sensitivity",0.5,"primary","mlma_cr2","all_non_null","alignment_pattern","nk_minority","het_tau0.00_omega0.05_rho0.50",0,0.05,FALSE,FALSE,NA,NA,18,54,0.455378156555724,0.349269759817901,0.349269759817901,0.854645059463858,0.583877684129363,-0.311854434897837,0.957873518560014,0.340913150024268,0.869757872975848,0.720247349448603,0.116482028514137,0.110446799910802,-0.116482028514137,-0.107480649042364
"planning_cell_by_design","post_production_exploratory_heterogeneity_sensitivity",0.5,"primary","mlma_cr2","all_non_null","nk_mode","independent","het_tau0.00_omega0.05_rho0.50",0,0.05,FALSE,FALSE,NA,NA,39,117,0.447061224659255,0.355665215226314,0.354134244451581,0.845700607961707,0.62325647613057,-0.140533404009424,0.733828748855696,0.388448635038696,0.849616815131687,1.15336443187203,0.151489042683169,0.0914493515875223,-0.151489042683169,-0.0904156843742895
"planning_cell_by_design","post_production_exploratory_heterogeneity_sensitivity",0.5,"primary","mlma_cr2","all_non_null","nk_mode","negative","het_tau0.00_omega0.05_rho0.50",0,0.05,FALSE,FALSE,NA,NA,30,90,0.408702677208953,0.326477111830172,0.326477111830172,0.89687387053509,0.706801130344599,-0.201598878555564,0.840865384749289,0.499567837856402,0.869757872975848,0.993743510105769,0.137375010473141,0.0860106392047988,-0.137375010473141,-0.084378876203314
"planning_cell_by_design","post_production_exploratory_heterogeneity_sensitivity",0.5,"primary","mlma_cr2","all_non_null","nk_mode","positive","het_tau0.00_omega0.05_rho0.50",0,0.05,FALSE,FALSE,NA,NA,31,93,0.427124938422798,0.32828887230129,0.328288872300833,0.800855393928162,0.638544468133463,-0.11333818237355,0.726394991271829,0.407739037783847,0.88541113778,0.789927914941786,0.129423651232581,0.10030305429164,-0.129423651232581,-0.0986574664842469
"planning_cell_by_design","post_production_exploratory_heterogeneity_sensitivity",0.5,"primary","mlma_cr2","all_non_null","all","all","het_tau0.00_omega0.10_rho0.50",0,0.1,FALSE,FALSE,NA,NA,100,300,0.352353564891414,0.270053266543177,0.268952709354866,0.877390715181019,0.75925140567728,-0.135939124766483,0.816041705873545,0.576462697022925,0.82857197026051,0.759264500603296,0.140414561670478,0.0609687298839865,-0.140414561670478,-0.0411595943770837
"planning_cell_by_design","post_production_exploratory_heterogeneity_sensitivity",0.5,"primary","mlma_cr2","all_non_null","scenario_set","broad","het_tau0.00_omega0.10_rho0.50",0,0.1,FALSE,FALSE,NA,NA,80,240,0.358717812930568,0.276979571319149,0.27560387483376,0.875297907161716,0.751855900996394,-0.143626177861506,0.81898546349539,0.5652872958631,0.82857197026051,0.882600944330231,0.13996009105097,0.0620967536099429,-0.13996009105097,-0.0398353342263144
"planning_cell_by_design","post_production_exploratory_heterogeneity_sensitivity",0.5,"primary","mlma_cr2","all_non_null","scenario_set","targeted","het_tau0.00_omega0.10_rho0.50",0,0.1,FALSE,FALSE,NA,NA,20,60,0.325655179912249,0.242348047439289,0.242348047439289,0.895345291399566,0.791021356457892,-0.110839416556249,0.811839974131361,0.625714786372483,0.790965513948332,0.57688767029959,0.142232444148511,0.0564566349801608,-0.142232444148511,-0.0464566349801608
"planning_cell_by_design","post_production_exploratory_heterogeneity_sensitivity",0.5,"primary","mlma_cr2","all_non_null","beta1_true","0.05","het_tau0.00_omega0.10_rho0.50",0,0.1,FALSE,FALSE,NA,NA,100,100,0.344987693352717,0.272102859637747,0.270050978919942,0.710229284316923,0.583436170495668,0.0393548101104033,0.298886979463695,0.34039776504265,0.787211059565167,1.55776276177506,0.140414561670478,0.0609687298839865,-0.140414561670478,-0.0411595943770837
"planning_cell_by_design","post_production_exploratory_heterogeneity_sensitivity",0.5,"primary","mlma_cr2","all_non_null","beta1_true","0.1","het_tau0.00_omega0.10_rho0.50",0,0.1,FALSE,FALSE,NA,NA,100,100,0.422795935789417,0.356323302410514,0.35507368298579,0.7106231941922,0.649042364367023,-0.0958662564305486,0.669524548475072,0.421255990743136,0.82857197026051,0.875721318797137,0.140414561670478,0.0609687298839865,-0.140414561670478,-0.0411595943770837
"planning_cell_by_design","post_production_exploratory_heterogeneity_sensitivity",0.5,"primary","mlma_cr2","all_non_null","beta1_true","0.2","het_tau0.00_omega0.10_rho0.50",0,0.1,FALSE,FALSE,NA,NA,100,100,0.273287746139827,0.18173363758127,0.181733466158866,0.700155073202178,0.658246372025856,-0.330716129278567,1.15789791903697,0.433288286285202,0.723787063144653,0.120501021541137,0.140414561670478,0.0609687298839865,-0.140414561670478,-0.0411595943770837
"planning_cell_by_design","post_production_exploratory_heterogeneity_sensitivity",0.5,"primary","mlma_cr2","all_non_null","J","J<=36","het_tau0.00_omega0.10_rho0.50",0,0.1,FALSE,FALSE,NA,NA,34,102,0.353489239983246,0.274037386407904,0.274037386407897,0.845550337718003,0.756358662778888,-0.0625306235171032,0.64299003373239,0.572078426760668,0.804384344998638,1.08927035289489,0.146687066831155,0.0644006166152403,-0.146687066831155,-0.0396708964934018
"planning_cell_by_design","post_production_exploratory_heterogeneity_sensitivity",0.5,"primary","mlma_cr2","all_non_null","J","37-60","het_tau0.00_omega0.10_rho0.50",0,0.1,FALSE,FALSE,NA,NA,24,72,0.370114468679776,0.288131292168421,0.288131292168421,0.85913693121438,0.740957490722014,-0.125875059508456,0.775202559223755,0.549018003057064,0.82857197026051,0.889453785653813,0.146925199225761,0.0448703745420812,-0.146925199225761,-0.0299380352887988
"planning_cell_by_design","post_production_exploratory_heterogeneity_sensitivity",0.5,"primary","mlma_cr2","all_non_null","J","61-96","het_tau0.00_omega0.10_rho0.50",0,0.1,FALSE,FALSE,NA,NA,30,90,0.363207743896925,0.279100888437738,0.275432364478328,0.890141747053564,0.716603873959921,-0.233948013972919,0.94966459989919,0.513521112174366,0.790965513948332,0.559673911041811,0.141397710259719,0.0638657796939233,-0.141397710259719,-0.0422961552717277
"planning_cell_by_design","post_production_exploratory_heterogeneity_sensitivity",0.5,"primary","mlma_cr2","all_non_null","J","J>96","het_tau0.00_omega0.10_rho0.50",0,0.1,FALSE,FALSE,NA,NA,12,36,0.277130591882765,0.199989820939561,0.199989820935513,0.936466061877355,0.811788904543967,-0.328226502834528,1.15212306311718,0.659001225540693,0.650150146230448,0.353868145486888,0.107163317131562,0.0761991369710691,-0.107163317131562,-0.064979287654142
"planning_cell_by_design","post_production_exploratory_heterogeneity_sensitivity",0.5,"primary","mlma_cr2","all_non_null","tau_true","tau<0.05","het_tau0.00_omega0.10_rho0.50",0,0.1,FALSE,FALSE,NA,NA,9,27,0.168640631554109,0.101559229223524,0.0893308685308522,0.932437653095846,0.914373388081014,-0.0585047383173963,0.9559776964069,0.836078692830753,0.466010672277182,0.0823529582747146,0.0387395076695248,0.0512095598452726,-0.0387395076695248,-0.0358210733134508
"planning_cell_by_design","post_production_exploratory_heterogeneity_sensitivity",0.5,"primary","mlma_cr2","all_non_null","tau_true","[0.05,0.10)","het_tau0.00_omega0.10_rho0.50",0,0.1,FALSE,FALSE,NA,NA,22,66,0.232907624477597,0.164092852802127,0.164092831320442,0.937297671668451,0.869622008555351,-0.178288123645739,1.01840193160272,0.756242437763843,0.665879852306926,0.299571396480657,0.0768922368173689,0.05975812214219,-0.0768922368173689,-0.0426638987680807
"planning_cell_by_design","post_production_exploratory_heterogeneity_sensitivity",0.5,"primary","mlma_cr2","all_non_null","tau_true","[0.10,0.15)","het_tau0.00_omega0.10_rho0.50",0,0.1,FALSE,FALSE,NA,NA,25,75,0.304483660693793,0.240298582585313,0.240298582585313,0.963109456030624,0.831984437494484,-0.18741390705027,0.929227056943724,0.692198104233013,0.639373111801703,0.556675553125063,0.126005481915176,0.0558745637445035,-0.126005481915176,-0.0315394880417105
"planning_cell_by_design","post_production_exploratory_heterogeneity_sensitivity",0.5,"primary","mlma_cr2","all_non_null","tau_true","tau>=0.15","het_tau0.00_omega0.10_rho0.50",0,0.1,FALSE,FALSE,NA,NA,44,132,0.443339031489682,0.374404233296054,0.374404233296054,0.899855847951621,0.704457147148026,-0.097431567656392,0.598488155422374,0.496259872167936,0.82857197026051,1.64804206315062,0.201159871367287,0.0664646402056916,-0.201159871367287,-0.0469653819078812
"planning_cell_by_design","post_production_exploratory_heterogeneity_sensitivity",0.5,"primary","mlma_cr2","all_non_null","omega_true","omega<0.05","het_tau0.00_omega0.10_rho0.50",0,0.1,FALSE,FALSE,NA,NA,8,24,0.318183998268375,0.228295254738445,0.22829519566381,0.891039582427142,0.785778089036925,-0.107742300274072,0.827454277005448,0.617447205210521,0.804384344998638,0.49423899820871,0.149565773200156,0.0587674458368638,-0.149565773200156,0.0587674458368638
"planning_cell_by_design","post_production_exploratory_heterogeneity_sensitivity",0.5,"primary","mlma_cr2","all_non_null","omega_true","[0.05,0.10)","het_tau0.00_omega0.10_rho0.50",0,0.1,FALSE,FALSE,NA,NA,23,69,0.329409861445211,0.242407177871444,0.237622167167738,0.838111160392933,0.741937903988391,-0.15641321336687,0.89482252694458,0.550471853374686,0.781845002363618,0.376625362106699,0.135143756444098,0.0226224873326187,-0.135143756444098,0.0226224873326187
"planning_cell_by_design","post_production_exploratory_heterogeneity_sensitivity",0.5,"primary","mlma_cr2","all_non_null","omega_true","[0.10,0.15)","het_tau0.00_omega0.10_rho0.50",0,0.1,FALSE,FALSE,NA,NA,20,60,0.328282979823445,0.244283036149256,0.244283036146815,0.887335881284859,0.789008218568851,-0.157659273941383,0.879235738758909,0.622533968969192,0.760438189247787,0.657070636383797,0.125136234588371,0.0259430033549404,-0.125136234588371,-0.0259430033549404
"planning_cell_by_design","post_production_exploratory_heterogeneity_sensitivity",0.5,"primary","mlma_cr2","all_non_null","omega_true","omega>=0.15","het_tau0.00_omega0.10_rho0.50",0,0.1,FALSE,FALSE,NA,NA,49,147,0.376726800038687,0.300366098007793,0.300366098007793,0.898747997448793,0.753970442906151,-0.123821368279762,0.750070044005124,0.568471428776097,0.82857197026051,0.988126687720438,0.147630589621733,0.093623594815402,-0.147630589621733,-0.093623594815402
"planning_cell_by_design","post_production_exploratory_heterogeneity_sensitivity",0.5,"primary","mlma_cr2","all_non_null","I_C_star_primary","I_C*<2000","het_tau0.00_omega0.10_rho0.50",0,0.1,FALSE,FALSE,NA,NA,6,18,0.119455376776385,0.0809535222148232,0.0809535222148232,0.917440660474716,0.965595876731819,0.00652256577862072,0.650671190528171,0.932375397161491,0.295848580742922,0.446168606171917,0.151445575975202,0.0579694523187936,-0.151445575975202,-0.0331410181047007
"planning_cell_by_design","post_production_exploratory_heterogeneity_sensitivity",0.5,"primary","mlma_cr2","all_non_null","I_C_star_primary","[2000,8000)","het_tau0.00_omega0.10_rho0.50",0,0.1,FALSE,FALSE,NA,NA,28,84,0.284362337659988,0.227334906042173,0.227334906042173,0.920421180520401,0.855601311475538,-0.0987360254679343,0.781328493355399,0.73205360419866,0.647093809954536,0.940985339554394,0.142277061356595,0.0673220840549932,-0.142277061356595,-0.050493789968324
"planning_cell_by_design","post_production_exploratory_heterogeneity_sensitivity",0.5,"primary","mlma_cr2","all_non_null","I_C_star_primary","[8000,20000)","het_tau0.00_omega0.10_rho0.50",0,0.1,FALSE,FALSE,NA,NA,35,105,0.359346430557987,0.282821827911585,0.28282182791019,0.87721953692231,0.762892172349043,-0.209720514565181,0.9024021028177,0.582004466631442,0.77022923005107,0.90112703676161,0.134160196512329,0.0598753963649572,-0.134160196512329,-0.0414693011136792
"planning_cell_by_design","post_production_exploratory_heterogeneity_sensitivity",0.5,"primary","mlma_cr2","all_non_null","I_C_star_primary","I_C*>=20000","het_tau0.00_omega0.10_rho0.50",0,0.1,FALSE,FALSE,NA,NA,31,93,0.422969786623361,0.330821424998144,0.327271240521295,0.822426518018644,0.626497075422617,-0.633447592157808,1.33750835249842,0.392498585513093,0.82857197026051,0.582779360557082,0.143658648880015,0.0570451305862121,-0.143658648880015,-0.0339310216447845
"planning_cell_by_design","post_production_exploratory_heterogeneity_sensitivity",0.5,"primary","mlma_cr2","all_non_null","nu_C_star_primary","nu_C*<5","het_tau0.00_omega0.10_rho0.50",0,0.1,FALSE,FALSE,NA,NA,17,51,0.276285479434932,0.192041710964727,0.185567872953831,0.841809954751131,0.780373143831375,-0.035007049816415,0.652795645383952,0.608982243613263,0.760438189247787,0.82985724310015,0.151158557899505,0.0569963459816097,-0.151158557899505,-0.0349777805319515
"planning_cell_by_design","post_production_exploratory_heterogeneity_sensitivity",0.5,"primary","mlma_cr2","all_non_null","nu_C_star_primary","[5,10)","het_tau0.00_omega0.10_rho0.50",0,0.1,FALSE,FALSE,NA,NA,21,63,0.359187440107155,0.286116526881545,0.286116526881545,0.817367928613141,0.753436697840984,-0.0782334529509911,0.682862398682759,0.567666857653527,0.82857197026051,0.903275645130063,0.136150321232003,0.060569666448842,-0.136150321232003,-0.0351013025784909
"planning_cell_by_design","post_production_exploratory_heterogeneity_sensitivity",0.5,"primary","mlma_cr2","all_non_null","nu_C_star_primary","[10,20)","het_tau0.00_omega0.10_rho0.50",0,0.1,FALSE,FALSE,NA,NA,24,72,0.372475016010083,0.301539633564308,0.301539633564298,0.874260355029586,0.753910198398215,-0.190498265070665,0.852173698877179,0.568380587248837,0.781845002363618,1.02063426775646,0.149722068427824,0.0676835025167093,-0.149722068427824,-0.050533135101107
"planning_cell_by_design","post_production_exploratory_heterogeneity_sensitivity",0.5,"primary","mlma_cr2","all_non_null","nu_C_star_primary","nu_C*>=20","het_tau0.00_omega0.10_rho0.50",0,0.1,FALSE,FALSE,NA,NA,38,114,0.365578124838278,0.276189981522672,0.276189969084628,0.852639681113686,0.699768770960796,-0.411472771781945,1.155116401479,0.489676332811983,0.804384344998638,0.42751783164007,0.132086165647801,0.0587254750232784,-0.132086165647801,-0.0413530150550083
"planning_cell_by_design","post_production_exploratory_heterogeneity_sensitivity",0.5,"primary","mlma_cr2","all_non_null","n_cv","n_cv<=0.3","het_tau0.00_omega0.10_rho0.50",0,0.1,FALSE,FALSE,NA,NA,23,69,0.356994633410456,0.270173370603547,0.270173370601435,0.875781169609588,0.740017151022545,-0.22018967296043,0.936142709602005,0.547625383807524,0.77022923005107,0.598562837735666,0.125488286703602,0.0578888203406772,-0.125488286703602,-0.0351739124548545
"planning_cell_by_design","post_production_exploratory_heterogeneity_sensitivity",0.5,"primary","mlma_cr2","all_non_null","n_cv","0.3<n_cv<=0.6","het_tau0.00_omega0.10_rho0.50",0,0.1,FALSE,FALSE,NA,NA,15,45,0.410724476045917,0.333121044831307,0.333121044831307,0.855994103058254,0.685880282742021,-0.249358535929623,0.897692176369086,0.470431762254275,0.82857197026051,1.03282512397842,0.14762700830901,0.0682056296287414,-0.14762700830901,-0.0626696424645371
"planning_cell_by_design","post_production_exploratory_heterogeneity_sensitivity",0.5,"primary","mlma_cr2","all_non_null","n_cv","n_cv>0.6","het_tau0.00_omega0.10_rho0.50",0,0.1,FALSE,FALSE,NA,NA,62,186,0.334896365055355,0.254750378354299,0.252975286115871,0.891549940119985,0.783985636576509,-0.10777331668688,0.785768451569565,0.614633478358275,0.804384344998638,0.730680025544019,0.144206781423062,0.0603604141311605,-0.144206781423062,-0.0381760453915912
"planning_cell_by_design","post_production_exploratory_heterogeneity_sensitivity",0.5,"primary","mlma_cr2","all_non_null","alignment_pattern","independent","het_tau0.00_omega0.10_rho0.50",0,0.1,FALSE,FALSE,NA,NA,24,72,0.347236016683943,0.263324347793669,0.258738712533928,0.818361604630597,0.739613043338277,-0.158734555175793,0.866063288425213,0.547027453876109,0.781845002363618,0.568268453538494,0.133397849336616,0.0427787585802216,-0.133397849336616,-0.00645807680761452
"planning_cell_by_design","post_production_exploratory_heterogeneity_sensitivity",0.5,"primary","mlma_cr2","all_non_null","alignment_pattern","n_majority","het_tau0.00_omega0.10_rho0.50",0,0.1,FALSE,FALSE,NA,NA,20,60,0.293749680240698,0.228400219517462,0.228400219517462,0.949249086630739,0.85240560769675,-0.101870174271961,0.798749576938402,0.726595320032865,0.595379913726431,0.718758922538161,0.151751480625366,0.0604073749093921,-0.151751480625366,-0.0552148955119133
"planning_cell_by_design","post_production_exploratory_heterogeneity_sensitivity",0.5,"primary","mlma_cr2","all_non_null","alignment_pattern","n_minority","het_tau0.00_omega0.10_rho0.50",0,0.1,FALSE,FALSE,NA,NA,20,60,0.436221472726389,0.357680580432467,0.357680580432467,0.875376139917274,0.675509252924815,-0.184855821411175,0.780169596119468,0.456312750787042,0.82857197026051,1.32912605796524,0.166871938700162,0.0667978908246731,-0.166871938700162,-0.0473615514252509
"planning_cell_by_design","post_production_exploratory_heterogeneity_sensitivity",0.5,"primary","mlma_cr2","all_non_null","alignment_pattern","nk_majority","het_tau0.00_omega0.10_rho0.50",0,0.1,FALSE,FALSE,NA,NA,18,54,0.273722351769388,0.21109832888995,0.21109832888995,0.935295126816079,0.857752067073187,-0.0953542647690729,0.814390082524078,0.735738608568325,0.647093809954536,0.622363137789741,0.131709049066891,0.067373361140732,-0.131709049066891,-0.0485991651566549
"planning_cell_by_design","post_production_exploratory_heterogeneity_sensitivity",0.5,"primary","mlma_cr2","all_non_null","alignment_pattern","nk_minority","het_tau0.00_omega0.10_rho0.50",0,0.1,FALSE,FALSE,NA,NA,18,54,0.383069722023377,0.28689757712511,0.286897550869703,0.872105303104372,0.708677753387577,-0.275199202787502,0.985833821115892,0.502224158146463,0.804384344998638,0.704095027245107,0.116482028514137,0.072964275958825,-0.116482028514137,-0.0574806490423637
"planning_cell_by_design","post_production_exploratory_heterogeneity_sensitivity",0.5,"primary","mlma_cr2","all_non_null","nk_mode","independent","het_tau0.00_omega0.10_rho0.50",0,0.1,FALSE,FALSE,NA,NA,39,117,0.375478113171463,0.2931314250781,0.293131412960226,0.885468368994566,0.735860513683361,-0.148996289311194,0.805614518936025,0.541490695598339,0.790965513948332,0.88896260442169,0.151489042683169,0.0593842332820058,-0.151489042683169,-0.0404156843742895
"planning_cell_by_design","post_production_exploratory_heterogeneity_sensitivity",0.5,"primary","mlma_cr2","all_non_null","nk_mode","negative","het_tau0.00_omega0.10_rho0.50",0,0.1,FALSE,FALSE,NA,NA,30,90,0.319316517733256,0.246509371709196,0.246509371709196,0.919584794486301,0.813566138438563,-0.153974747688856,0.868701554039134,0.661889861613835,0.775628050805485,0.751328697460461,0.137375010473141,0.0584211001082129,-0.137375010473141,-0.034378876203314
"planning_cell_by_design","post_production_exploratory_heterogeneity_sensitivity",0.5,"primary","mlma_cr2","all_non_null","nk_mode","positive","het_tau0.00_omega0.10_rho0.50",0,0.1,FALSE,FALSE,NA,NA,31,93,0.352778994550994,0.263803868548256,0.260253699314899,0.852773924373528,0.739560572338725,-0.106252025517813,0.785390120908491,0.546949840157983,0.82857197026051,0.71250215529778,0.129423651232581,0.0654275770049689,-0.129423651232581,-0.0486574664842469
"planning_cell_by_design","post_production_exploratory_heterogeneity_sensitivity",0.5,"primary","mlma_cr2","all_non_null","all","all","het_tau0.00_omega0.15_rho0.50",0,0.15,FALSE,FALSE,NA,NA,100,300,0.274987507542495,0.199871717438101,0.191611750112366,0.891394810446708,0.828278263617498,-0.0863593826451544,0.837000707444426,0.686044881981218,0.80082539481361,0.520046225406255,0.140414561670478,0.0515915285420103,-0.140414561670478,0.00884040562291633
"planning_cell_by_design","post_production_exploratory_heterogeneity_sensitivity",0.5,"primary","mlma_cr2","all_non_null","scenario_set","broad","het_tau0.00_omega0.15_rho0.50",0,0.15,FALSE,FALSE,NA,NA,80,240,0.279060845198137,0.206241259757268,0.196038411518633,0.890561605257742,0.824327093453729,-0.0907840996978195,0.83795424676829,0.679515157001873,0.80082539481361,0.52972679637541,0.13996009105097,0.0553752519324727,-0.13996009105097,0.0101646657736856
"planning_cell_by_design","post_production_exploratory_heterogeneity_sensitivity",0.5,"primary","mlma_cr2","all_non_null","scenario_set","targeted","het_tau0.00_omega0.15_rho0.50",0,0.15,FALSE,FALSE,NA,NA,20,60,0.258051981645897,0.174393548161435,0.173905104487298,0.897138093914977,0.845103772806207,-0.0704423885860547,0.83589748929975,0.714200386811285,0.772147772641936,0.451124203541669,0.142232444148511,0.0364566349801608,-0.142232444148511,0.00354336501983919
"planning_cell_by_design","post_production_exploratory_heterogeneity_sensitivity",0.5,"primary","mlma_cr2","all_non_null","beta1_true","0.05","het_tau0.00_omega0.15_rho0.50",0,0.15,FALSE,FALSE,NA,NA,100,100,0.225885633241961,0.16722458610231,0.15418213076443,0.733901793603334,0.591714099104161,0.0439310568433097,0.391240878225243,0.350125575078648,0.654909392835301,0.913935652368052,0.140414561670478,0.0515915285420103,-0.140414561670478,0.00884040562291633
"planning_cell_by_design","post_production_exploratory_heterogeneity_sensitivity",0.5,"primary","mlma_cr2","all_non_null","beta1_true","0.1","het_tau0.00_omega0.15_rho0.50",0,0.15,FALSE,FALSE,NA,NA,100,100,0.342128826534989,0.273799097046238,0.263469339583484,0.736647874734413,0.700862157026653,-0.0427829886868392,0.681430974215972,0.491207763152052,0.80082539481361,0.632292404162482,0.140414561670478,0.0515915285420103,-0.140414561670478,0.00884040562291633
"planning_cell_by_design","post_production_exploratory_heterogeneity_sensitivity",0.5,"primary","mlma_cr2","all_non_null","beta1_true","0.2","het_tau0.00_omega0.15_rho0.50",0,0.15,FALSE,FALSE,NA,NA,100,100,0.242441610830259,0.158591469165756,0.157183779989184,0.734327064881924,0.729815538861578,-0.227759270390071,1.07679695250009,0.532630720763815,0.699905640001594,0.100581623979533,0.140414561670478,0.0515915285420103,-0.140414561670478,0.00884040562291633
"planning_cell_by_design","post_production_exploratory_heterogeneity_sensitivity",0.5,"primary","mlma_cr2","all_non_null","J","J<=36","het_tau0.00_omega0.15_rho0.50",0,0.15,FALSE,FALSE,NA,NA,34,102,0.267224439294265,0.195794443864539,0.186598841177133,0.87890619478385,0.824191577271876,-0.0359563189537541,0.7016984685947,0.679291756045903,0.74626958004633,0.732686560964785,0.146687066831155,0.0524506667134016,-0.146687066831155,0.0103291035065982
"planning_cell_by_design","post_production_exploratory_heterogeneity_sensitivity",0.5,"primary","mlma_cr2","all_non_null","J","37-60","het_tau0.00_omega0.15_rho0.50",0,0.15,FALSE,FALSE,NA,NA,24,72,0.293917302183878,0.209881792263628,0.209437466920705,0.877730346186186,0.806916076069385,-0.078134253750349,0.795826033789765,0.651113553819213,0.80082539481361,0.510408339504283,0.146925199225761,0.0498394739039382,-0.146925199225761,0.0200619647112012
"planning_cell_by_design","post_production_exploratory_heterogeneity_sensitivity",0.5,"primary","mlma_cr2","all_non_null","J","61-96","het_tau0.00_omega0.15_rho0.50",0,0.15,FALSE,FALSE,NA,NA,30,90,0.293893112995929,0.221629171663661,0.204873090815102,0.88638843728446,0.786590693630617,-0.141666094386163,0.916126516873601,0.618724919306294,0.772147772641936,0.496202965392495,0.141397710259719,0.0513941070171287,-0.141397710259719,0.00770384472827233
"planning_cell_by_design","post_production_exploratory_heterogeneity_sensitivity",0.5,"primary","mlma_cr2","all_non_null","J","J>96","het_tau0.00_omega0.15_rho0.50",0,0.15,FALSE,FALSE,NA,NA,12,36,0.197783195567879,0.137010207348243,0.137010206722009,0.962152452075445,0.899481487409357,-0.195409240938405,1.07487053091844,0.80906694619215,0.546622810312025,0.274206547568741,0.107163317131562,0.0531549668114167,-0.107163317131562,-0.014979287654142
"planning_cell_by_design","post_production_exploratory_heterogeneity_sensitivity",0.5,"primary","mlma_cr2","all_non_null","tau_true","tau<0.05","het_tau0.00_omega0.15_rho0.50",0,0.15,FALSE,FALSE,NA,NA,9,27,0.112789316811875,0.0677079096706251,0.0111861334140278,0.947417798998041,0.948461197979872,0.0139188540295899,0.959644394442269,0.899578644073415,0.280694079905559,0.0567469517339037,0.0387395076695248,0.0417559829791361,-0.0387395076695248,0.0141789266865492
"planning_cell_by_design","post_production_exploratory_heterogeneity_sensitivity",0.5,"primary","mlma_cr2","all_non_null","tau_true","[0.05,0.10)","het_tau0.00_omega0.15_rho0.50",0,0.15,FALSE,FALSE,NA,NA,22,66,0.152468127558258,0.098488538548063,0.0857919845233609,0.944619692100457,0.926427837214677,-0.0765455976780553,0.986659403425358,0.858268537566265,0.484581630473217,0.15783626460972,0.0768922368173689,0.0603397057710391,-0.0768922368173689,0.00733610123191932
"planning_cell_by_design","post_production_exploratory_heterogeneity_sensitivity",0.5,"primary","mlma_cr2","all_non_null","tau_true","[0.10,0.15)","het_tau0.00_omega0.15_rho0.50",0,0.15,FALSE,FALSE,NA,NA,25,75,0.214857369981661,0.16745559224681,0.16593652993798,0.971521643364912,0.915100512989767,-0.124907706435254,0.939025251386404,0.837408948874135,0.542673064011468,0.423932392267875,0.126005481915176,0.0486757275248296,-0.126005481915176,0.0184605119582895
"planning_cell_by_design","post_production_exploratory_heterogeneity_sensitivity",0.5,"primary","mlma_cr2","all_non_null","tau_true","tau>=0.15","het_tau0.00_omega0.15_rho0.50",0,0.15,FALSE,FALSE,NA,NA,44,132,0.362497779504509,0.296015065966974,0.296015065966974,0.92240503308129,0.791981715740847,-0.0782524089501846,0.643849999419622,0.627235038067816,0.80082539481361,1.13325474099264,0.201159871367287,0.0508859611887548,-0.201159871367287,0.00303461809211881
"planning_cell_by_design","post_production_exploratory_heterogeneity_sensitivity",0.5,"primary","mlma_cr2","all_non_null","omega_true","omega<0.05","het_tau0.00_omega0.15_rho0.50",0,0.15,FALSE,FALSE,NA,NA,8,24,0.245493429710442,0.171772248217293,0.150882885959791,0.90019571599666,0.842120063825596,-0.058361433886069,0.85107447398591,0.709166201897626,0.679538565969263,0.379187242960257,0.149565773200156,0.108767445836864,-0.149565773200156,0.108767445836864
"planning_cell_by_design","post_production_exploratory_heterogeneity_sensitivity",0.5,"primary","mlma_cr2","all_non_null","omega_true","[0.05,0.10)","het_tau0.00_omega0.15_rho0.50",0,0.15,FALSE,FALSE,NA,NA,23,69,0.257942669931394,0.18068679286464,0.157266513425888,0.848877360282575,0.803820283689485,-0.0705348739417627,0.874621398719499,0.646127048470643,0.74626958004633,0.290513433973876,0.135143756444098,0.0726224873326187,-0.135143756444098,0.0726224873326187
"planning_cell_by_design","post_production_exploratory_heterogeneity_sensitivity",0.5,"primary","mlma_cr2","all_non_null","omega_true","[0.10,0.15)","het_tau0.00_omega0.15_rho0.50",0,0.15,FALSE,FALSE,NA,NA,20,60,0.244966485372224,0.168023936367022,0.162013166533006,0.890176301507156,0.8590381483123,-0.092499671239383,0.890534491261636,0.737946540255824,0.699905640001594,0.389884438014487,0.125136234588371,0.0240569966450596,-0.125136234588371,0.0240569966450596
"planning_cell_by_design","post_production_exploratory_heterogeneity_sensitivity",0.5,"primary","mlma_cr2","all_non_null","omega_true","omega>=0.15","het_tau0.00_omega0.15_rho0.50",0,0.15,FALSE,FALSE,NA,NA,49,147,0.297925256916942,0.22646364887438,0.226463648655157,0.915730130160732,0.831313899865673,-0.0928320271191315,0.788716150587738,0.691082800109874,0.80082539481361,0.724375004161936,0.147630589621733,0.043623594815402,-0.147630589621733,-0.043623594815402
"planning_cell_by_design","post_production_exploratory_heterogeneity_sensitivity",0.5,"primary","mlma_cr2","all_non_null","I_C_star_primary","I_C*<2000","het_tau0.00_omega0.15_rho0.50",0,0.15,FALSE,FALSE,NA,NA,6,18,0.0992618168796811,0.0638371735634072,0.0573585914885001,0.913312693498452,0.93827637041917,0.011379249943407,0.696945761256191,0.880362547286972,0.256105692523444,0.392402763880927,0.151445575975202,0.0508152063773013,-0.151445575975202,0.0168589818952993
"planning_cell_by_design","post_production_exploratory_heterogeneity_sensitivity",0.5,"primary","mlma_cr2","all_non_null","I_C_star_primary","[2000,8000)","het_tau0.00_omega0.15_rho0.50",0,0.15,FALSE,FALSE,NA,NA,28,84,0.212370389187146,0.161056135939772,0.154586767164034,0.929533259086767,0.897902922431015,-0.058268980438266,0.813099825130299,0.806229658110158,0.492428313583434,0.611855174888394,0.142277061356595,0.0475772325348122,-0.142277061356595,-0.000493789968323991
"planning_cell_by_design","post_production_exploratory_heterogeneity_sensitivity",0.5,"primary","mlma_cr2","all_non_null","I_C_star_primary","[8000,20000)","het_tau0.00_omega0.15_rho0.50",0,0.15,FALSE,FALSE,NA,NA,35,105,0.276815972307175,0.201350836280052,0.197941680219721,0.882968108203262,0.830538975637723,-0.116443219470345,0.877284429266889,0.689794990053359,0.699905640001594,0.502369121759309,0.134160196512329,0.0530537159467714,-0.134160196512329,0.0085306988863208
"planning_cell_by_design","post_production_exploratory_heterogeneity_sensitivity",0.5,"primary","mlma_cr2","all_non_null","I_C_star_primary","I_C*>=20000","het_tau0.00_omega0.15_rho0.50",0,0.15,FALSE,FALSE,NA,NA,31,93,0.338779331102549,0.259590246010137,0.243891457226529,0.826202668564764,0.716314572096628,-0.259103003899497,1.01846538909279,0.513106566197976,0.80082539481361,0.497942660487379,0.143658648880015,0.0537167434459834,-0.143658648880015,0.0160689783552155
"planning_cell_by_design","post_production_exploratory_heterogeneity_sensitivity",0.5,"primary","mlma_cr2","all_non_null","nu_C_star_primary","nu_C*<5","het_tau0.00_omega0.15_rho0.50",0,0.15,FALSE,FALSE,NA,NA,17,51,0.208636668269441,0.140456015169371,0.117143410219011,0.884524886877828,0.826141416709885,-0.0226131968554884,0.741164176562468,0.682509640403415,0.699905640001594,0.66859617752651,0.151158557899505,0.0419712166933458,-0.151158557899505,0.0150222194680485
"planning_cell_by_design","post_production_exploratory_heterogeneity_sensitivity",0.5,"primary","mlma_cr2","all_non_null","nu_C_star_primary","[5,10)","het_tau0.00_omega0.15_rho0.50",0,0.15,FALSE,FALSE,NA,NA,21,63,0.279410697947813,0.20455436736256,0.197867845276801,0.850466841326993,0.807718976945409,-0.0325861356768561,0.708626005260516,0.652409945717737,0.80082539481361,0.575623062142771,0.136150321232003,0.0599867753286714,-0.136150321232003,0.0148986974215091
"planning_cell_by_design","post_production_exploratory_heterogeneity_sensitivity",0.5,"primary","mlma_cr2","all_non_null","nu_C_star_primary","[10,20)","het_tau0.00_omega0.15_rho0.50",0,0.15,FALSE,FALSE,NA,NA,24,72,0.28641437090112,0.221218768461968,0.214953841272885,0.888252886589767,0.828133725793326,-0.113886778787376,0.847922335157767,0.685805467796336,0.74626958004633,0.565670644844724,0.149722068427824,0.0565455100710679,-0.149722068427824,-0.000533135101106986
"planning_cell_by_design","post_production_exploratory_heterogeneity_sensitivity",0.5,"primary","mlma_cr2","all_non_null","nu_C_star_primary","nu_C*>=20","het_tau0.00_omega0.15_rho0.50",0,0.15,FALSE,FALSE,NA,NA,38,114,0.290803868443368,0.210382298111312,0.206726844635561,0.865939172281016,0.788634464548282,-0.230264913159159,1.02932456113532,0.621944318673355,0.716993772138446,0.384335685543867,0.132086165647801,0.0481270433370112,-0.132086165647801,0.0086469849449917
"planning_cell_by_design","post_production_exploratory_heterogeneity_sensitivity",0.5,"primary","mlma_cr2","all_non_null","n_cv","n_cv<=0.3","het_tau0.00_omega0.15_rho0.50",0,0.15,FALSE,FALSE,NA,NA,23,69,0.264893863390653,0.185399009189145,0.179569245617481,0.879750075427157,0.829424303427876,-0.12629908603035,0.92303518615013,0.687944675116817,0.699905640001594,0.407785136785729,0.125488286703602,0.0606752855450284,-0.125488286703602,0.0148260875451455
"planning_cell_by_design","post_production_exploratory_heterogeneity_sensitivity",0.5,"primary","mlma_cr2","all_non_null","n_cv","0.3<n_cv<=0.6","het_tau0.00_omega0.15_rho0.50",0,0.15,FALSE,FALSE,NA,NA,15,45,0.328347315007711,0.255108504064579,0.251965898691835,0.874534734820093,0.776901276787934,-0.151797687480064,0.864192524707362,0.603575593874722,0.80082539481361,0.613766691707861,0.14762700830901,0.0501960522201533,-0.14762700830901,-0.0126696424645371
"planning_cell_by_design","post_production_exploratory_heterogeneity_sensitivity",0.5,"primary","mlma_cr2","all_non_null","n_cv","n_cv>0.6","het_tau0.00_omega0.15_rho0.50",0,0.15,FALSE,FALSE,NA,NA,62,186,0.264293095107258,0.191876886636953,0.181477320671887,0.901620710508157,0.840751482193,-0.0682326629541253,0.813214717094635,0.706863054809726,0.772147772641936,0.52972679637541,0.144206781423062,0.0485593629574691,-0.144206781423062,0.0118239546084087
"planning_cell_by_design","post_production_exploratory_heterogeneity_sensitivity",0.5,"primary","mlma_cr2","all_non_null","alignment_pattern","independent","het_tau0.00_omega0.15_rho0.50",0,0.15,FALSE,FALSE,NA,NA,24,72,0.267911098458762,0.191325910719208,0.16888147595807,0.844064281205174,0.803513683169551,-0.0674181406670706,0.845517518657297,0.645634239040698,0.74626958004633,0.48781579175825,0.133397849336616,0.0569907544877424,-0.133397849336616,0.0435419231923855
"planning_cell_by_design","post_production_exploratory_heterogeneity_sensitivity",0.5,"primary","mlma_cr2","all_non_null","alignment_pattern","n_majority","het_tau0.00_omega0.15_rho0.50",0,0.15,FALSE,FALSE,NA,NA,20,60,0.224566224355928,0.169025922043758,0.168981174770232,0.956112199483761,0.907726869249689,-0.0792909074147509,0.842455275986908,0.823968069157841,0.528655969508471,0.554897970217594,0.151751480625366,0.0397560259603488,-0.151751480625366,-0.00521489551191333
"planning_cell_by_design","post_production_exploratory_heterogeneity_sensitivity",0.5,"primary","mlma_cr2","all_non_null","alignment_pattern","n_minority","het_tau0.00_omega0.15_rho0.50",0,0.15,FALSE,FALSE,NA,NA,20,60,0.354763618707436,0.278310374910568,0.278310374909627,0.883689913864963,0.768536870180754,-0.131215237975031,0.791886635395001,0.590648920827228,0.80082539481361,0.870711366955677,0.166871938700162,0.055283415665361,-0.166871938700162,0.00263844857474914
"planning_cell_by_design","post_production_exploratory_heterogeneity_sensitivity",0.5,"primary","mlma_cr2","all_non_null","alignment_pattern","nk_majority","het_tau0.00_omega0.15_rho0.50",0,0.15,FALSE,FALSE,NA,NA,18,54,0.199095385548527,0.139606267839246,0.136601943373155,0.933447684391081,0.904330738781364,-0.052413753547622,0.846677254821383,0.817814085104849,0.542673064011468,0.334114928340023,0.131709049066891,0.0506316797543518,-0.131709049066891,0.00140083484334508
"planning_cell_by_design","post_production_exploratory_heterogeneity_sensitivity",0.5,"primary","mlma_cr2","all_non_null","alignment_pattern","nk_minority","het_tau0.00_omega0.15_rho0.50",0,0.15,FALSE,FALSE,NA,NA,18,54,0.298136301672379,0.2186506181309,0.205741867440496,0.877846620071699,0.800716907273739,-0.178983372000163,0.964065119455759,0.641147565594021,0.772147772641936,0.543846860774033,0.116482028514137,0.0544008710223715,-0.116482028514137,-0.00748064904236368
"planning_cell_by_design","post_production_exploratory_heterogeneity_sensitivity",0.5,"primary","mlma_cr2","all_non_null","nk_mode","independent","het_tau0.00_omega0.15_rho0.50",0,0.15,FALSE,FALSE,NA,NA,39,117,0.301554597802078,0.22315989571724,0.218366530867451,0.890802961375658,0.803457029181281,-0.0993280099199475,0.821458193983617,0.645543197740809,0.772147772641936,0.582779328510443,0.151489042683169,0.0550398083808399,-0.151489042683169,0.00958431562571044
"planning_cell_by_design","post_production_exploratory_heterogeneity_sensitivity",0.5,"primary","mlma_cr2","all_non_null","nk_mode","negative","het_tau0.00_omega0.15_rho0.50",0,0.15,FALSE,FALSE,NA,NA,30,90,0.236177591313588,0.173053613204202,0.168373047738211,0.926698166045027,0.881622445364575,-0.0979607434516526,0.887633230003946,0.777258136170613,0.649478041948146,0.504973969999725,0.137375010473141,0.0530818667622283,-0.137375010473141,0.015621123796686
"planning_cell_by_design","post_production_exploratory_heterogeneity_sensitivity",0.5,"primary","mlma_cr2","all_non_null","nk_mode","positive","het_tau0.00_omega0.15_rho0.50",0,0.15,FALSE,FALSE,NA,NA,31,93,0.27485746737439,0.196526690797152,0.18044157662128,0.871912442006675,0.812112706196946,-0.0626646381029049,0.815332045760316,0.659527047566527,0.80082539481361,0.51490787367225,0.129423651232581,0.0458111072413364,-0.129423651232581,0.00134253351575312
"planning_cell_by_design","post_production_exploratory_heterogeneity_sensitivity",0.5,"primary","mlma_cr2","all_non_null","all","all","het_tau0.00_omega0.20_rho0.50",0,0.2,FALSE,FALSE,NA,NA,100,300,0.215896403746232,0.147727948089123,0.119677356623724,0.894103304344123,0.861326984292336,-0.0321250585398453,0.84741362893788,0.741884173870131,0.705804186600094,0.358830735858491,0.140414561670478,0.0687272637618496,-0.140414561670478,0.0588404056229163
"planning_cell_by_design","post_production_exploratory_heterogeneity_sensitivity",0.5,"primary","mlma_cr2","all_non_null","scenario_set","broad","het_tau0.00_omega0.20_rho0.50",0,0.2,FALSE,FALSE,NA,NA,80,240,0.217298433423047,0.150799355304113,0.12234039645985,0.895593249213081,0.860550710839414,-0.0354752092208248,0.849149567100248,0.74054752592622,0.687875341224281,0.371635053530933,0.13996009105097,0.0713689485512179,-0.13996009105097,0.0601646657736856
"planning_cell_by_design","post_production_exploratory_heterogeneity_sensitivity",0.5,"primary","mlma_cr2","all_non_null","scenario_set","targeted","het_tau0.00_omega0.20_rho0.50",0,0.2,FALSE,FALSE,NA,NA,20,60,0.210194788423356,0.13544231922916,0.10902519727922,0.887857738260628,0.864941544086057,-0.0194138137720978,0.841562973963643,0.748123874685973,0.705804186600094,0.336422924611704,0.142232444148511,0.0581605246043764,-0.142232444148511,0.0535433650198392
"planning_cell_by_design","post_production_exploratory_heterogeneity_sensitivity",0.5,"primary","mlma_cr2","all_non_null","beta1_true","0.05","het_tau0.00_omega0.20_rho0.50",0,0.2,FALSE,FALSE,NA,NA,100,100,0.150388652474534,0.10611731799573,0.0729261077230271,0.73894232790006,0.581664624152243,0.0443472384938471,0.519729192792197,0.33833373499017,0.457048855888111,0.528817748997073,0.140414561670478,0.0687272637618496,-0.140414561670478,0.0588404056229163
"planning_cell_by_design","post_production_exploratory_heterogeneity_sensitivity",0.5,"primary","mlma_cr2","all_non_null","beta1_true","0.1","het_tau0.00_omega0.20_rho0.50",0,0.2,FALSE,FALSE,NA,NA,100,100,0.27194060900013,0.206085761352868,0.164797368544921,0.74111833519186,0.708953074870036,0.0232819255731953,0.683405862281611,0.502614462367679,0.705804186600094,0.426231048432456,0.140414561670478,0.0687272637618496,-0.140414561670478,0.0588404056229163
"planning_cell_by_design","post_production_exploratory_heterogeneity_sensitivity",0.5,"primary","mlma_cr2","all_non_null","beta1_true","0.2","het_tau0.00_omega0.20_rho0.50",0,0.2,FALSE,FALSE,NA,NA,100,100,0.208003196694667,0.130980764918769,0.121308593603224,0.741175336792608,0.778526337045572,-0.121343776359775,1.00003983947403,0.606103257473595,0.652013247833193,0.0788122522497499,0.140414561670478,0.0687272637618496,-0.140414561670478,0.0588404056229163
"planning_cell_by_design","post_production_exploratory_heterogeneity_sensitivity",0.5,"primary","mlma_cr2","all_non_null","J","J<=36","het_tau0.00_omega0.20_rho0.50",0,0.2,FALSE,FALSE,NA,NA,34,102,0.203389274618182,0.137758674195706,0.11141170944013,0.890865448503848,0.85257773291858,-0.00544772103206411,0.75346530884461,0.726888790668586,0.652013247833193,0.470006062517592,0.146687066831155,0.0686213762000039,-0.146687066831155,0.0603291035065982
"planning_cell_by_design","post_production_exploratory_heterogeneity_sensitivity",0.5,"primary","mlma_cr2","all_non_null","J","37-60","het_tau0.00_omega0.20_rho0.50",0,0.2,FALSE,FALSE,NA,NA,24,72,0.236647075373889,0.161595873581456,0.136488118520887,0.873742855329726,0.835103115559128,-0.024473288401165,0.803532883591956,0.697397213616562,0.687875341224281,0.346376277911754,0.146925199225761,0.0772585874771443,-0.146925199225761,0.0700619647112012
"planning_cell_by_design","post_production_exploratory_heterogeneity_sensitivity",0.5,"primary","mlma_cr2","all_non_null","J","61-96","het_tau0.00_omega0.20_rho0.50",0,0.2,FALSE,FALSE,NA,NA,30,90,0.239844210541316,0.172642867874898,0.134775462568315,0.869725943342222,0.819479130860761,-0.0481512928095054,0.873264139689117,0.671546045916308,0.705804186600094,0.363342153315657,0.141397710259719,0.0683431326569271,-0.141397710259719,0.0577038447282723
"planning_cell_by_design","post_production_exploratory_heterogeneity_sensitivity",0.5,"primary","mlma_cr2","all_non_null","J","J>96","het_tau0.00_omega0.20_rho0.50",0,0.2,FALSE,FALSE,NA,NA,12,36,0.124110010792669,0.0859510736713647,0.0717299016547672,0.979145243575841,0.949888715282207,-0.089501307098825,1.02486485106643,0.902288571420481,0.379140685486713,0.145016421662858,0.107163317131562,0.0529249588521295,-0.107163317131562,0.035020712345858
"planning_cell_by_design","post_production_exploratory_heterogeneity_sensitivity",0.5,"primary","mlma_cr2","all_non_null","tau_true","tau<0.05","het_tau0.00_omega0.20_rho0.50",0,0.2,FALSE,FALSE,NA,NA,9,27,0.134334608069167,0.0711629442321264,-0.0610730657242428,0.948640668051282,0.942413173970686,0.0959776287775395,0.936518111583355,0.888142590473503,0.479888353685724,0.0522808915693116,0.0387395076695248,0.066497883673977,-0.0387395076695248,0.0641789266865492
"planning_cell_by_design","post_production_exploratory_heterogeneity_sensitivity",0.5,"primary","mlma_cr2","all_non_null","tau_true","[0.05,0.10)","het_tau0.00_omega0.20_rho0.50",0,0.2,FALSE,FALSE,NA,NA,22,66,0.117878891392637,0.0777640804826621,0.0112109555346304,0.945246166970867,0.937990986123946,0.0218839878283254,0.946493370022524,0.879827090049773,0.396697006870795,0.109953184873404,0.0768922368173689,0.0756154624345972,-0.0768922368173689,0.0573361012319193
"planning_cell_by_design","post_production_exploratory_heterogeneity_sensitivity",0.5,"primary","mlma_cr2","all_non_null","tau_true","[0.10,0.15)","het_tau0.00_omega0.20_rho0.50",0,0.2,FALSE,FALSE,NA,NA,25,75,0.140358218735883,0.101851267051896,0.0958206147288612,0.972446265336868,0.95398366492939,-0.0588463567561166,0.938659048471267,0.910084832952111,0.380178981531867,0.299866531206694,0.126005481915176,0.0737377859363775,-0.126005481915176,0.0684605119582895
"planning_cell_by_design","post_production_exploratory_heterogeneity_sensitivity",0.5,"primary","mlma_cr2","all_non_null","tau_true","tau>=0.15","het_tau0.00_omega0.20_rho0.50",0,0.2,FALSE,FALSE,NA,NA,44,132,0.290004050393773,0.224437201452436,0.224437201452436,0.929887335011014,0.848378057922431,-0.053390149958636,0.68316251129206,0.719745329164235,0.705804186600094,0.756330801449433,0.201159871367287,0.0628922863897407,-0.201159871367287,0.0530346180921188
"planning_cell_by_design","post_production_exploratory_heterogeneity_sensitivity",0.5,"primary","mlma_cr2","all_non_null","omega_true","omega<0.05","het_tau0.00_omega0.20_rho0.50",0,0.2,FALSE,FALSE,NA,NA,8,24,0.198509245559025,0.133281056927823,0.0812622193091894,0.894107435791851,0.864146066085945,-0.00345807944677978,0.858958282511315,0.746748423531814,0.470981890038335,0.259644544378356,0.149565773200156,0.158767445836864,-0.149565773200156,0.158767445836864
"planning_cell_by_design","post_production_exploratory_heterogeneity_sensitivity",0.5,"primary","mlma_cr2","all_non_null","omega_true","[0.05,0.10)","het_tau0.00_omega0.20_rho0.50",0,0.2,FALSE,FALSE,NA,NA,23,69,0.213737381849941,0.149731178211323,0.081494785821551,0.85594753220616,0.82473259524271,0.0143556153742539,0.84439520957072,0.680183853655776,0.646791147788556,0.275805676245992,0.135143756444098,0.122622487332619,-0.135143756444098,0.122622487332619
"planning_cell_by_design","post_production_exploratory_heterogeneity_sensitivity",0.5,"primary","mlma_cr2","all_non_null","omega_true","[0.10,0.15)","het_tau0.00_omega0.20_rho0.50",0,0.2,FALSE,FALSE,NA,NA,20,60,0.186573717058598,0.121507087131806,0.0871828757775402,0.889148223873303,0.88872138021358,-0.0304930301278152,0.898803583397838,0.789825691648731,0.652013247833193,0.313920036349988,0.125136234588371,0.0740569966450596,-0.125136234588371,0.0740569966450596
"planning_cell_by_design","post_production_exploratory_heterogeneity_sensitivity",0.5,"primary","mlma_cr2","all_non_null","omega_true","omega>=0.15","het_tau0.00_omega0.20_rho0.50",0,0.2,FALSE,FALSE,NA,NA,49,147,0.230304099732821,0.159848724734554,0.157134700376579,0.918633787395592,0.875851846449843,-0.0542539138662566,0.817310448024186,0.767116456929599,0.705804186600094,0.472638091553347,0.147630589621733,0.0265536666926251,-0.147630589621733,0.00637640518459797
"planning_cell_by_design","post_production_exploratory_heterogeneity_sensitivity",0.5,"primary","mlma_cr2","all_non_null","I_C_star_primary","I_C*<2000","het_tau0.00_omega0.20_rho0.50",0,0.2,FALSE,FALSE,NA,NA,6,18,0.0872489640390904,0.0601615533998942,0.0344778041778686,0.902992776057791,0.903757793823872,0.0177501541756105,0.743900469328436,0.816778149897392,0.219200087490425,0.322825518135621,0.151445575975202,0.0693037406595733,-0.151445575975202,0.0668589818952993
"planning_cell_by_design","post_production_exploratory_heterogeneity_sensitivity",0.5,"primary","mlma_cr2","all_non_null","I_C_star_primary","[2000,8000)","het_tau0.00_omega0.20_rho0.50",0,0.2,FALSE,FALSE,NA,NA,28,84,0.159229856120623,0.116246266034526,0.0888546153423799,0.930768451959097,0.912632463372144,-0.0196997689920959,0.846189715749974,0.832898013200707,0.413005141173999,0.383397557670896,0.142277061356595,0.060528993671945,-0.142277061356595,0.049506210031676
"planning_cell_by_design","post_production_exploratory_heterogeneity_sensitivity",0.5,"primary","mlma_cr2","all_non_null","I_C_star_primary","[8000,20000)","het_tau0.00_omega0.20_rho0.50",0,0.2,FALSE,FALSE,NA,NA,35,105,0.214754305392335,0.144375772382012,0.121250821013059,0.88236163134134,0.862992797450076,-0.0454540013546992,0.870969640735043,0.744756568450707,0.672962230064501,0.309115699882732,0.134160196512329,0.0698397216701813,-0.134160196512329,0.0585306988863208
"planning_cell_by_design","post_production_exploratory_heterogeneity_sensitivity",0.5,"primary","mlma_cr2","all_non_null","I_C_star_primary","I_C*>=20000","het_tau0.00_omega0.20_rho0.50",0,0.2,FALSE,FALSE,NA,NA,31,93,0.271872592165578,0.196896064715347,0.162230995879402,0.817213411666551,0.767300308090955,-0.0845627018320648,0.895343590880993,0.588749762796475,0.705804186600094,0.378985783819949,0.143658648880015,0.0747645758373134,-0.143658648880015,0.0660689783552155
"planning_cell_by_design","post_production_exploratory_heterogeneity_sensitivity",0.5,"primary","mlma_cr2","all_non_null","nu_C_star_primary","nu_C*<5","het_tau0.00_omega0.20_rho0.50",0,0.2,FALSE,FALSE,NA,NA,17,51,0.168172346798625,0.104711672373706,0.0615086037533843,0.890859728506787,0.840498518245053,-0.00462065121588667,0.816240453548597,0.706437759172129,0.652013247833193,0.554587546421947,0.151158557899505,0.070617749170383,-0.151158557899505,0.0650222194680485
"planning_cell_by_design","post_production_exploratory_heterogeneity_sensitivity",0.5,"primary","mlma_cr2","all_non_null","nu_C_star_primary","[5,10)","het_tau0.00_omega0.20_rho0.50",0,0.2,FALSE,FALSE,NA,NA,21,63,0.220387334647067,0.145727344858218,0.118521962886472,0.853707126473019,0.825556733030945,0.0103022728289861,0.735963681680143,0.681543919452728,0.705804186600094,0.36855960958498,0.136150321232003,0.078950051426117,-0.136150321232003,0.0648986974215091
"planning_cell_by_design","post_production_exploratory_heterogeneity_sensitivity",0.5,"primary","mlma_cr2","all_non_null","nu_C_star_primary","[10,20)","het_tau0.00_omega0.20_rho0.50",0,0.2,FALSE,FALSE,NA,NA,24,72,0.221030691435403,0.158904699979995,0.135181306687299,0.890729009689738,0.859454020772214,-0.0432961142317193,0.84287832573845,0.738661213821525,0.646791147788556,0.420795220707586,0.149722068427824,0.0620323295809164,-0.149722068427824,0.049466864898893
"planning_cell_by_design","post_production_exploratory_heterogeneity_sensitivity",0.5,"primary","mlma_cr2","all_non_null","nu_C_star_primary","nu_C*>=20","het_tau0.00_omega0.20_rho0.50",0,0.2,FALSE,FALSE,NA,NA,38,114,0.228717306844074,0.1610186667636,0.136546758354046,0.869539510938055,0.835234603607056,-0.0968363755419466,0.945787437330333,0.697616843062637,0.672962230064501,0.277168547425778,0.132086165647801,0.0664604644841579,-0.132086165647801,0.0586469849449917
"planning_cell_by_design","post_production_exploratory_heterogeneity_sensitivity",0.5,"primary","mlma_cr2","all_non_null","n_cv","n_cv<=0.3","het_tau0.00_omega0.20_rho0.50",0,0.2,FALSE,FALSE,NA,NA,23,69,0.200660435220879,0.139485718448176,0.0966760182262078,0.887971355776499,0.866477245648604,-0.0362705039704995,0.900851575248103,0.75078281722679,0.652013247833193,0.275805676245992,0.125488286703602,0.0780050147350285,-0.125488286703602,0.0648260875451455
"planning_cell_by_design","post_production_exploratory_heterogeneity_sensitivity",0.5,"primary","mlma_cr2","all_non_null","n_cv","0.3<n_cv<=0.6","het_tau0.00_omega0.20_rho0.50",0,0.2,FALSE,FALSE,NA,NA,15,45,0.256615773043723,0.185944539408803,0.172966859509428,0.865904674536746,0.830058679626244,-0.0722457269993866,0.847062261170293,0.688997411622864,0.687875341224281,0.36133064759617,0.14762700830901,0.0546355901796216,-0.14762700830901,0.0373303575354629
"planning_cell_by_design","post_production_exploratory_heterogeneity_sensitivity",0.5,"primary","mlma_cr2","all_non_null","n_cv","n_cv>0.6","het_tau0.00_omega0.20_rho0.50",0,0.2,FALSE,FALSE,NA,NA,62,186,0.21050112459984,0.141539599894713,0.115317489524648,0.902388704973027,0.867589433877598,-0.0250670551666852,0.832907539115753,0.752711425776052,0.705804186600094,0.40462975139277,0.144206781423062,0.0686947932997578,-0.144206781423062,0.0618239546084088
"planning_cell_by_design","post_production_exploratory_heterogeneity_sensitivity",0.5,"primary","mlma_cr2","all_non_null","alignment_pattern","independent","het_tau0.00_omega0.20_rho0.50",0,0.2,FALSE,FALSE,NA,NA,24,72,0.216969917482141,0.152069116274563,0.0876408161716699,0.855335193088231,0.827723986703394,0.00841761019693403,0.833102793988551,0.685126998164161,0.652013247833193,0.369456546047741,0.133397849336616,0.0935419231923855,-0.133397849336616,0.0935419231923855
"planning_cell_by_design","post_production_exploratory_heterogeneity_sensitivity",0.5,"primary","mlma_cr2","all_non_null","alignment_pattern","n_majority","het_tau0.00_omega0.20_rho0.50",0,0.2,FALSE,FALSE,NA,NA,20,60,0.163722047527952,0.114237963764482,0.112587401610643,0.959891079435222,0.939976562853312,-0.0519813408972276,0.881838013345219,0.883555938713525,0.443448001391688,0.368445720239628,0.151751480625366,0.0541270773802477,-0.151751480625366,0.0447851044880867
"planning_cell_by_design","post_production_exploratory_heterogeneity_sensitivity",0.5,"primary","mlma_cr2","all_non_null","alignment_pattern","n_minority","het_tau0.00_omega0.20_rho0.50",0,0.2,FALSE,FALSE,NA,NA,20,60,0.285814564980008,0.207127515619421,0.20459939841642,0.886968602389553,0.820933401929126,-0.0753386501230395,0.795826267356867,0.673931650402928,0.687875341224281,0.55090010994494,0.166871938700162,0.0652231347329332,-0.166871938700162,0.0526384485747492
"planning_cell_by_design","post_production_exploratory_heterogeneity_sensitivity",0.5,"primary","mlma_cr2","all_non_null","alignment_pattern","nk_majority","het_tau0.00_omega0.20_rho0.50",0,0.2,FALSE,FALSE,NA,NA,18,54,0.144383970653415,0.0977819765722825,0.0670546107381988,0.938479130931961,0.923649224059776,-0.00926018144775632,0.879480444339454,0.853127889106226,0.380178981531867,0.232995049464711,0.131709049066891,0.0630034260651673,-0.131709049066891,0.0514008348433451
"planning_cell_by_design","post_production_exploratory_heterogeneity_sensitivity",0.5,"primary","mlma_cr2","all_non_null","alignment_pattern","nk_minority","het_tau0.00_omega0.20_rho0.50",0,0.2,FALSE,FALSE,NA,NA,18,54,0.234066038538021,0.163097269574645,0.12853539335686,0.867893775874517,0.841929826545327,-0.0791248491695565,0.925969173658623,0.708845832826645,0.705804186600094,0.387701881621787,0.116482028514137,0.0614807948961711,-0.116482028514137,0.0425193509576363
"planning_cell_by_design","post_production_exploratory_heterogeneity_sensitivity",0.5,"primary","mlma_cr2","all_non_null","nk_mode","independent","het_tau0.00_omega0.20_rho0.50",0,0.2,FALSE,FALSE,NA,NA,39,117,0.242825125672775,0.174237378255536,0.146914037885762,0.887382358330075,0.83615222978416,-0.0422096120025694,0.824107122689231,0.699150551373022,0.705804186600094,0.441952993394379,0.151489042683169,0.0724432310029814,-0.151489042683169,0.0595843156257105
"planning_cell_by_design","post_production_exploratory_heterogeneity_sensitivity",0.5,"primary","mlma_cr2","all_non_null","nk_mode","negative","het_tau0.00_omega0.20_rho0.50",0,0.2,FALSE,FALSE,NA,NA,30,90,0.174083599038438,0.119214920351715,0.0987569631597535,0.926533535311756,0.912838815000978,-0.0450295417654415,0.903543712829708,0.833274702172389,0.633191356468095,0.298948996378925,0.137375010473141,0.071633040970723,-0.137375010473141,0.065621123796686
"planning_cell_by_design","post_production_exploratory_heterogeneity_sensitivity",0.5,"primary","mlma_cr2","all_non_null","nk_mode","positive","het_tau0.00_omega0.20_rho0.50",0,0.2,FALSE,FALSE,NA,NA,31,93,0.216450479084141,0.141970627303063,0.105657396452744,0.881090244168982,0.848004200382227,-0.0103643496737586,0.830738375682042,0.7191111238659,0.687875341224281,0.311777282812656,0.129423651232581,0.0612402947724838,-0.129423651232581,0.0513425335157531
"planning_cell_by_design","post_production_exploratory_heterogeneity_sensitivity",0.5,"primary","mlma_cr2","all_non_null","all","all","het_tau0.05_omega0.00_rho0.50",0.05,0,FALSE,FALSE,NA,NA,100,300,0.370306907253262,0.289159465002001,0.287131922182472,0.881314738586487,0.740274901820669,-0.154814317887428,0.821492276283509,0.548006930265601,0.814769136192344,0.839048702832,0.092441450289964,0.141159594377084,-0.0904145616704785,-0.141159594377084
"planning_cell_by_design","post_production_exploratory_heterogeneity_sensitivity",0.5,"primary","mlma_cr2","all_non_null","scenario_set","broad","het_tau0.05_omega0.00_rho0.50",0.05,0,FALSE,FALSE,NA,NA,80,240,0.377597066658021,0.296972389618394,0.294437961099914,0.880641193788659,0.731330468570172,-0.161642856958159,0.822450790593791,0.534844254259067,0.805885185578842,0.943001889380841,0.0918324119864862,0.139835334226314,-0.0899600910509704,-0.139835334226314
"planning_cell_by_design","post_production_exploratory_heterogeneity_sensitivity",0.5,"primary","mlma_cr2","all_non_null","scenario_set","targeted","het_tau0.05_omega0.00_rho0.50",0.05,0,FALSE,FALSE,NA,NA,20,60,0.339584818274333,0.257907766536429,0.257907766512702,0.892297433855413,0.778584582128291,-0.13364139762703,0.826074097315275,0.606193951527885,0.814769136192344,0.609407104476598,0.0948776035038754,0.146456634980161,-0.0922324441485106,-0.146456634980161
"planning_cell_by_design","post_production_exploratory_heterogeneity_sensitivity",0.5,"primary","mlma_cr2","all_non_null","beta1_true","0.05","het_tau0.05_omega0.00_rho0.50",0.05,0,FALSE,FALSE,NA,NA,100,100,0.350277774425785,0.287797689789341,0.284029781728444,0.72552490565306,0.575487859209765,0.030104088460901,0.310028649495636,0.331186276097838,0.740874605860262,1.77606475288548,0.092441450289964,0.141159594377084,-0.0904145616704785,-0.141159594377084
"planning_cell_by_design","post_production_exploratory_heterogeneity_sensitivity",0.5,"primary","mlma_cr2","all_non_null","beta1_true","0.1","het_tau0.05_omega0.00_rho0.50",0.05,0,FALSE,FALSE,NA,NA,100,100,0.449642200693035,0.385296412637534,0.383089925946102,0.72456863057221,0.610964927469479,-0.115450526109557,0.670542205632333,0.373278142597785,0.805885185578842,0.927828701337273,0.092441450289964,0.141159594377084,-0.0904145616704785,-0.141159594377084
"planning_cell_by_design","post_production_exploratory_heterogeneity_sensitivity",0.5,"primary","mlma_cr2","all_non_null","beta1_true","0.2","het_tau0.05_omega0.00_rho0.50",0.05,0,FALSE,FALSE,NA,NA,100,100,0.294124104380569,0.194384292579128,0.194276058872869,0.725681364730084,0.575694143468177,-0.316255944000465,1.12758328653088,0.331423746823558,0.814769136192344,0.155706562971594,0.092441450289964,0.141159594377084,-0.0904145616704785,-0.141159594377084
"planning_cell_by_design","post_production_exploratory_heterogeneity_sensitivity",0.5,"primary","mlma_cr2","all_non_null","J","J<=36","het_tau0.05_omega0.00_rho0.50",0.05,0,FALSE,FALSE,NA,NA,34,102,0.384553871901026,0.305785649243797,0.301545556661741,0.825199815666811,0.714064012269844,-0.0627459002737599,0.614806677624724,0.509887413618907,0.814769136192344,1.25415512182892,0.0990994764569521,0.139670896493402,-0.0966870668311552,-0.139670896493402
"planning_cell_by_design","post_production_exploratory_heterogeneity_sensitivity",0.5,"primary","mlma_cr2","all_non_null","J","37-60","het_tau0.05_omega0.00_rho0.50",0.05,0,FALSE,FALSE,NA,NA,24,72,0.382146643187002,0.305648229636515,0.305648229636515,0.890846967106814,0.740253241097355,-0.160523909349148,0.803701838193571,0.547974860955138,0.799210052910999,1.05774754714254,0.0977256484580794,0.129938035288799,-0.0969251992257608,-0.129938035288799
"planning_cell_by_design","post_production_exploratory_heterogeneity_sensitivity",0.5,"primary","mlma_cr2","all_non_null","J","61-96","het_tau0.05_omega0.00_rho0.50",0.05,0,FALSE,FALSE,NA,NA,30,90,0.366399199008929,0.284006287928877,0.282053250138742,0.897186340717135,0.723877193680654,-0.273248236674973,0.989401502907555,0.523998191530979,0.760005604189064,0.626758707123068,0.0940657823379405,0.142296155271728,-0.0913977102597187,-0.142296155271728
"planning_cell_by_design","post_production_exploratory_heterogeneity_sensitivity",0.5,"primary","mlma_cr2","all_non_null","J","J>96","het_tau0.05_omega0.00_rho0.50",0.05,0,FALSE,FALSE,NA,NA,12,36,0.309896066708853,0.221957356397362,0.221957356359114,0.894241983558905,0.749753994236935,-0.355496507284331,1.1543899064043,0.562131051874238,0.666380272449166,0.391012813283209,0.0589478163606593,0.164979287654142,-0.0571633171315624,-0.164979287654142
"planning_cell_by_design","post_production_exploratory_heterogeneity_sensitivity",0.5,"primary","mlma_cr2","all_non_null","tau_true","tau<0.05","het_tau0.05_omega0.00_rho0.50",0.05,0,FALSE,FALSE,NA,NA,9,27,0.161103532158632,0.0973361170213684,0.0821387451272861,0.930603349515985,0.919200931471103,-0.0659309330309498,0.976613682893235,0.844930352417344,0.437771936114786,0.101455398309195,0.0112604923304752,0.135821073313451,0.0112604923304752,-0.135821073313451
"planning_cell_by_design","post_production_exploratory_heterogeneity_sensitivity",0.5,"primary","mlma_cr2","all_non_null","tau_true","[0.05,0.10)","het_tau0.05_omega0.00_rho0.50",0.05,0,FALSE,FALSE,NA,NA,22,66,0.250537771154319,0.181377342972724,0.178378345931533,0.934906360050581,0.850861133034063,-0.197242560232124,1.02400980898353,0.723964667708009,0.656835505926372,0.317170442533338,0.0268922368173689,0.142663898768081,-0.0268922368173689,-0.142663898768081
"planning_cell_by_design","post_production_exploratory_heterogeneity_sensitivity",0.5,"primary","mlma_cr2","all_non_null","tau_true","[0.10,0.15)","het_tau0.05_omega0.00_rho0.50",0.05,0,FALSE,FALSE,NA,NA,25,75,0.332906741513807,0.265393184558538,0.265393184558538,0.964734700718542,0.801518720857774,-0.218865564075269,0.939757504494445,0.642432259885482,0.702475033964977,0.586750063625792,0.076005481915176,0.131539488041711,-0.076005481915176,-0.131539488041711
"planning_cell_by_design","post_production_exploratory_heterogeneity_sensitivity",0.5,"primary","mlma_cr2","all_non_null","tau_true","tau>=0.15","het_tau0.05_omega0.00_rho0.50",0.05,0,FALSE,FALSE,NA,NA,44,132,0.460423153063836,0.395790688355555,0.395790688355555,0.927832254539126,0.695843993173525,-0.118391157675454,0.609961616447699,0.484198862835676,0.814769136192344,1.91826727191124,0.151159871367287,0.146965381907881,-0.151159871367287,-0.146965381907881
"planning_cell_by_design","post_production_exploratory_heterogeneity_sensitivity",0.5,"primary","mlma_cr2","all_non_null","omega_true","omega<0.05","het_tau0.05_omega0.00_rho0.50",0.05,0,FALSE,FALSE,NA,NA,8,24,0.34783368674011,0.260839289097599,0.260839234300724,0.893649412788169,0.760694509338899,-0.146286711327745,0.843339738641333,0.578656136538348,0.805885185578842,0.554416663770802,0.0995657732001563,0.0412325541631362,-0.0995657732001563,-0.0412325541631362
"planning_cell_by_design","post_production_exploratory_heterogeneity_sensitivity",0.5,"primary","mlma_cr2","all_non_null","omega_true","[0.05,0.10)","het_tau0.05_omega0.00_rho0.50",0.05,0,FALSE,FALSE,NA,NA,23,69,0.337919117788967,0.251313030678427,0.245897022357309,0.839444932227486,0.732080975207541,-0.161843839542743,0.892293144651162,0.535942554260824,0.805495340106365,0.494717620041219,0.086805992284281,0.0773775126673813,-0.0851437564440978,-0.0773775126673813
"planning_cell_by_design","post_production_exploratory_heterogeneity_sensitivity",0.5,"primary","mlma_cr2","all_non_null","omega_true","[0.10,0.15)","het_tau0.05_omega0.00_rho0.50",0.05,0,FALSE,FALSE,NA,NA,20,60,0.343862419091179,0.2657985247091,0.261889242123216,0.896996304426353,0.778660418320556,-0.18555563622587,0.896130981383949,0.606312047059144,0.703103988383825,0.932508473776726,0.078066395353331,0.12594300335494,-0.0751362345883711,-0.12594300335494
"planning_cell_by_design","post_production_exploratory_heterogeneity_sensitivity",0.5,"primary","mlma_cr2","all_non_null","omega_true","omega>=0.15","het_tau0.05_omega0.00_rho0.50",0.05,0,FALSE,FALSE,NA,NA,49,147,0.397790646091732,0.321082897706806,0.321082897697121,0.898691842849467,0.728950315735913,-0.139446043125452,0.750187805993016,0.531368562811488,0.814769136192344,1.04891373602875,0.0997908798732667,0.193623594815402,-0.0976305896217332,-0.193623594815402
"planning_cell_by_design","post_production_exploratory_heterogeneity_sensitivity",0.5,"primary","mlma_cr2","all_non_null","I_C_star_primary","I_C*<2000","het_tau0.05_omega0.00_rho0.50",0.05,0,FALSE,FALSE,NA,NA,6,18,0.134179566867905,0.0947397071754733,0.0947397071754733,0.927760577915377,0.979132096633,0.00497000794152602,0.622594848569931,0.958699662656935,0.326510597687226,0.534536679660901,0.104647372904476,0.133141018104701,-0.101445575975202,-0.133141018104701
"planning_cell_by_design","post_production_exploratory_heterogeneity_sensitivity",0.5,"primary","mlma_cr2","all_non_null","I_C_star_primary","[2000,8000)","het_tau0.05_omega0.00_rho0.50",0.05,0,FALSE,FALSE,NA,NA,28,84,0.326146558992636,0.264191982358911,0.261835643197082,0.887475954237117,0.808528651731291,-0.104123205149135,0.746684269001551,0.653718580670419,0.77289236412457,1.08498424399865,0.0936179200222562,0.150493789968324,-0.0922770613565954,-0.150493789968324
"planning_cell_by_design","post_production_exploratory_heterogeneity_sensitivity",0.5,"primary","mlma_cr2","all_non_null","I_C_star_primary","[8000,20000)","het_tau0.05_omega0.00_rho0.50",0.05,0,FALSE,FALSE,NA,NA,35,105,0.383038910610877,0.307984305524244,0.305750429760881,0.885025982683459,0.737559327618336,-0.243497450432268,0.919354489975624,0.543993761756812,0.814769136192344,1.2215975491138,0.086798581339226,0.141469301113679,-0.0841601965123289,-0.141469301113679
"planning_cell_by_design","post_production_exploratory_heterogeneity_sensitivity",0.5,"primary","mlma_cr2","all_non_null","I_C_star_primary","I_C*>=20000","het_tau0.05_omega0.00_rho0.50",0.05,0,FALSE,FALSE,NA,NA,31,93,0.420872104935307,0.328086517991911,0.326196481420812,0.831665103041202,0.637236364983504,-0.657873552805682,1.36605231987225,0.40607018485739,0.805885185578842,0.564455569461737,0.0953873769055955,0.133931021644784,-0.0936586488800147,-0.133931021644784
"planning_cell_by_design","post_production_exploratory_heterogeneity_sensitivity",0.5,"primary","mlma_cr2","all_non_null","nu_C_star_primary","nu_C*<5","het_tau0.05_omega0.00_rho0.50",0.05,0,FALSE,FALSE,NA,NA,17,51,0.31245055234919,0.222444927405289,0.218998415943259,0.820633484162896,0.747501527656742,-0.0373128591622142,0.611008363085805,0.558758533849163,0.814769136192344,1.12748054803677,0.103885014182741,0.134977780531951,-0.101158557899505,-0.134977780531951
"planning_cell_by_design","post_production_exploratory_heterogeneity_sensitivity",0.5,"primary","mlma_cr2","all_non_null","nu_C_star_primary","[5,10)","het_tau0.05_omega0.00_rho0.50",0.05,0,FALSE,FALSE,NA,NA,21,63,0.378587346455339,0.313314599178988,0.310172813629883,0.860667739008927,0.745906516228892,-0.100505134734376,0.691462959284151,0.556376530952723,0.799210052910999,1.102757846456,0.0874099209250334,0.135101302578491,-0.0861503212320026,-0.135101302578491
"planning_cell_by_design","post_production_exploratory_heterogeneity_sensitivity",0.5,"primary","mlma_cr2","all_non_null","nu_C_star_primary","[10,20)","het_tau0.05_omega0.00_rho0.50",0.05,0,FALSE,FALSE,NA,NA,24,72,0.395591022564754,0.32224271890394,0.318984983415055,0.840875654452802,0.710118797106001,-0.196774136831321,0.840996852214482,0.504268706003274,0.805495340106365,1.01358312390424,0.104893441244237,0.150533135101107,-0.0997220684278243,-0.150533135101107
"planning_cell_by_design","post_production_exploratory_heterogeneity_sensitivity",0.5,"primary","mlma_cr2","all_non_null","nu_C_star_primary","nu_C*>=20","het_tau0.05_omega0.00_rho0.50",0.05,0,FALSE,FALSE,NA,NA,38,114,0.373016844463787,0.284761865733076,0.284761854184813,0.873941783992022,0.700403004400224,-0.478312312680288,1.21976658963198,0.490564368572859,0.805885185578842,0.503508619283674,0.0822381278579583,0.141353015055008,-0.0820861656478006,-0.141353015055008
"planning_cell_by_design","post_production_exploratory_heterogeneity_sensitivity",0.5,"primary","mlma_cr2","all_non_null","n_cv","n_cv<=0.3","het_tau0.05_omega0.00_rho0.50",0.05,0,FALSE,FALSE,NA,NA,23,69,0.374866419332076,0.290043813157328,0.287175226331668,0.884563748514687,0.718923375468376,-0.241671823054509,0.943102433128077,0.516850819794843,0.805495340106365,0.711505029281038,0.0764193297796529,0.135173912454854,-0.0754882867036024,-0.135173912454854
"planning_cell_by_design","post_production_exploratory_heterogeneity_sensitivity",0.5,"primary","mlma_cr2","all_non_null","n_cv","0.3<n_cv<=0.6","het_tau0.05_omega0.00_rho0.50",0.05,0,FALSE,FALSE,NA,NA,15,45,0.420899512214281,0.346039130160445,0.346039130160445,0.884872687101421,0.684585475330738,-0.302307190391212,0.947415345542842,0.468657273033812,0.799210052910999,1.25948291487122,0.100853945478312,0.162669642464537,-0.0976270083090097,-0.162669642464537
"planning_cell_by_design","post_production_exploratory_heterogeneity_sensitivity",0.5,"primary","mlma_cr2","all_non_null","n_cv","n_cv>0.6","het_tau0.05_omega0.00_rho0.50",0.05,0,FALSE,FALSE,NA,NA,62,186,0.355221498852811,0.275070191051208,0.272864113874389,0.887409097762492,0.761998818326876,-0.12275780994809,0.784846066006929,0.580642199131555,0.814769136192344,0.72434839959753,0.0963498590627372,0.138176045391591,-0.094206781423062,-0.138176045391591
"planning_cell_by_design","post_production_exploratory_heterogeneity_sensitivity",0.5,"primary","mlma_cr2","all_non_null","alignment_pattern","independent","het_tau0.05_omega0.00_rho0.50",0.05,0,FALSE,FALSE,NA,NA,24,72,0.368558135285086,0.283758296714544,0.278567955387681,0.812444730283785,0.711642342595227,-0.174370064828707,0.864056887122659,0.506434823774423,0.805495340106365,0.598818815169767,0.0867860825351527,0.106458076807615,-0.0833978493366157,-0.106458076807615
"planning_cell_by_design","post_production_exploratory_heterogeneity_sensitivity",0.5,"primary","mlma_cr2","all_non_null","alignment_pattern","n_majority","het_tau0.05_omega0.00_rho0.50",0.05,0,FALSE,FALSE,NA,NA,20,60,0.322290119019101,0.250430202883311,0.250430202883311,0.941746898491808,0.819684088069369,-0.103368453186608,0.774011695675296,0.671882004234113,0.684052484032307,0.72434839959753,0.102712019704148,0.155214895511913,-0.101751480625366,-0.155214895511913
"planning_cell_by_design","post_production_exploratory_heterogeneity_sensitivity",0.5,"primary","mlma_cr2","all_non_null","alignment_pattern","n_minority","het_tau0.05_omega0.00_rho0.50",0.05,0,FALSE,FALSE,NA,NA,20,60,0.45100810042681,0.375737511235487,0.375737511235487,0.898464210842012,0.665497622155639,-0.230122983149341,0.818939214956854,0.442887085094809,0.814769136192344,1.5433352444063,0.116871938700162,0.147361551425251,-0.116871938700162,-0.147361551425251
"planning_cell_by_design","post_production_exploratory_heterogeneity_sensitivity",0.5,"primary","mlma_cr2","all_non_null","alignment_pattern","nk_majority","het_tau0.05_omega0.00_rho0.50",0.05,0,FALSE,FALSE,NA,NA,18,54,0.320045274374101,0.256258788422868,0.256258788422868,0.928357697094412,0.821489620744644,-0.123921563304405,0.802112020083873,0.674845196991179,0.77289236412457,0.793104443304875,0.0831785820420936,0.148599165156655,-0.081709049066891,-0.148599165156655
"planning_cell_by_design","post_production_exploratory_heterogeneity_sensitivity",0.5,"primary","mlma_cr2","all_non_null","alignment_pattern","nk_minority","het_tau0.05_omega0.00_rho0.50",0.05,0,FALSE,FALSE,NA,NA,18,54,0.36993783493293,0.276096383614638,0.271752711941958,0.857576335877862,0.716664895856425,-0.248304698989905,0.971075023749456,0.5136085729529,0.805885185578842,0.59648987886971,0.0706880779616024,0.157480649042364,-0.0664820285141372,-0.157480649042364
"planning_cell_by_design","post_production_exploratory_heterogeneity_sensitivity",0.5,"primary","mlma_cr2","all_non_null","nk_mode","independent","het_tau0.05_omega0.00_rho0.50",0.05,0,FALSE,FALSE,NA,NA,39,117,0.3866133811433,0.305522525004552,0.305522513764167,0.890086942736442,0.726977732208785,-0.164387396069489,0.8127889227363,0.528496623127428,0.788926663802225,0.988014546248303,0.102266048597541,0.14041568437429,-0.101489042683169,-0.14041568437429
"planning_cell_by_design","post_production_exploratory_heterogeneity_sensitivity",0.5,"primary","mlma_cr2","all_non_null","nk_mode","negative","het_tau0.05_omega0.00_rho0.50",0.05,0,FALSE,FALSE,NA,NA,30,90,0.36385151614429,0.287944897766364,0.285745647881991,0.904160563589339,0.761533458351293,-0.182747489338658,0.861561958259512,0.57993320818848,0.814769136192344,0.932508473776726,0.0878963246985804,0.134378876203314,-0.0873750104731414,-0.134378876203314
"planning_cell_by_design","post_production_exploratory_heterogeneity_sensitivity",0.5,"primary","mlma_cr2","all_non_null","nk_mode","positive","het_tau0.05_omega0.00_rho0.50",0.05,0,FALSE,FALSE,NA,NA,31,93,0.355226253627338,0.269749067484892,0.265336927257578,0.85916386642169,0.740186487118504,-0.121913077464508,0.801536771624094,0.547876035712832,0.805885185578842,0.711578503295394,0.0844799804108034,0.148657466484247,-0.0794236512325813,-0.148657466484247
"planning_cell_by_design","post_production_exploratory_heterogeneity_sensitivity",0.5,"primary","mlma_cr2","all_non_null","all","all","het_tau0.05_omega0.05_rho0.50",0.05,0.05,TRUE,FALSE,NA,NA,100,300,0.343893440930954,0.266489401088604,0.263131452594907,0.89024566138381,0.771557274786573,-0.143773373878111,0.833587565909084,0.595300628276083,0.792388962689172,0.765374079588292,0.092441450289964,0.0925623857109819,-0.0904145616704785,-0.0911595943770837
"planning_cell_by_design","post_production_exploratory_heterogeneity_sensitivity",0.5,"primary","mlma_cr2","all_non_null","scenario_set","broad","het_tau0.05_omega0.05_rho0.50",0.05,0.05,TRUE,FALSE,NA,NA,80,240,0.351233761059866,0.274109044214829,0.269911608629901,0.888225103753654,0.762055794401114,-0.148346840052758,0.831955390608946,0.580729033780312,0.792388962689172,0.896084960295896,0.0918324119864862,0.0915888233936871,-0.0899600910509704,-0.0898353342263144
"planning_cell_by_design","post_production_exploratory_heterogeneity_sensitivity",0.5,"primary","mlma_cr2","all_non_null","scenario_set","targeted","het_tau0.05_omega0.05_rho0.50",0.05,0.05,TRUE,FALSE,NA,NA,20,60,0.312814440113661,0.236010828583706,0.23601082845493,0.902957807225335,0.81143726675659,-0.129416651185529,0.846091582346477,0.658430437881405,0.783277599073512,0.571460683892363,0.0948776035038754,0.0964566349801608,-0.0922324441485106,-0.0964566349801608
"planning_cell_by_design","post_production_exploratory_heterogeneity_sensitivity",0.5,"primary","mlma_cr2","all_non_null","beta1_true","0.05","het_tau0.05_omega0.05_rho0.50",0.05,0.05,TRUE,FALSE,NA,NA,100,100,0.308895687086048,0.249953219979363,0.243915973574678,0.742788735619347,0.591792189252773,0.0302548889027728,0.339620341429722,0.35021799526059,0.708483198408461,1.55141833463144,0.092441450289964,0.0925623857109819,-0.0904145616704785,-0.0911595943770837
"planning_cell_by_design","post_production_exploratory_heterogeneity_sensitivity",0.5,"primary","mlma_cr2","all_non_null","beta1_true","0.1","het_tau0.05_omega0.05_rho0.50",0.05,0.05,TRUE,FALSE,NA,NA,100,100,0.423308155108996,0.361084971884035,0.35722935927593,0.740908313559631,0.646604688650879,-0.112591303048305,0.688954575893952,0.4180976233853,0.792388962689172,0.857171118846393,0.092441450289964,0.0925623857109819,-0.0904145616704785,-0.0911595943770837
"planning_cell_by_design","post_production_exploratory_heterogeneity_sensitivity",0.5,"primary","mlma_cr2","all_non_null","beta1_true","0.2","het_tau0.05_omega0.05_rho0.50",0.05,0.05,TRUE,FALSE,NA,NA,100,100,0.283163833255328,0.188430011402415,0.188249024934113,0.740501426982529,0.625682146745107,-0.355921219086361,1.17648712432686,0.391478148755565,0.735004425395787,0.143770920194483,0.092441450289964,0.0925623857109819,-0.0904145616704785,-0.0911595943770837
"planning_cell_by_design","post_production_exploratory_heterogeneity_sensitivity",0.5,"primary","mlma_cr2","all_non_null","J","J<=36","het_tau0.05_omega0.05_rho0.50",0.05,0.05,TRUE,FALSE,NA,NA,34,102,0.352674886183954,0.277260158615029,0.271526421268927,0.84543724784831,0.749960573960071,-0.0597659323900426,0.641040364010344,0.562440862494519,0.792388962689172,1.12306226832078,0.0990994764569521,0.0909288080653641,-0.0966870668311552,-0.0896708964934018
"planning_cell_by_design","post_production_exploratory_heterogeneity_sensitivity",0.5,"primary","mlma_cr2","all_non_null","J","37-60","het_tau0.05_omega0.05_rho0.50",0.05,0.05,TRUE,FALSE,NA,NA,24,72,0.3567076286162,0.281589746171532,0.281589746171532,0.891114898658456,0.768228810952237,-0.146688033628436,0.811391449139292,0.590175505977089,0.786624351025023,0.985732107312799,0.0977256484580794,0.0799380352887988,-0.0969251992257608,-0.0799380352887988
"planning_cell_by_design","post_production_exploratory_heterogeneity_sensitivity",0.5,"primary","mlma_cr2","all_non_null","J","61-96","het_tau0.05_omega0.05_rho0.50",0.05,0.05,TRUE,FALSE,NA,NA,30,90,0.345529640678569,0.267661335255661,0.262966409310325,0.900813995634907,0.750259604568516,-0.248885014395896,0.982651813070331,0.562889474247306,0.750397944464374,0.583892748031939,0.0940657823379405,0.094843751570204,-0.0913977102597187,-0.0922961552717277
"planning_cell_by_design","post_production_exploratory_heterogeneity_sensitivity",0.5,"primary","mlma_cr2","all_non_null","J","J>96","het_tau0.05_omega0.05_rho0.50",0.05,0.05,TRUE,FALSE,NA,NA,12,36,0.283118696643899,0.202841729180235,0.20284172907672,0.916301828483132,0.798419781453931,-0.331346351558108,1.15192692433215,0.637474147416944,0.659281070462913,0.380466369129346,0.0589478163606593,0.116736141903209,-0.0571633171315624,-0.114979287654142
"planning_cell_by_design","post_production_exploratory_heterogeneity_sensitivity",0.5,"primary","mlma_cr2","all_non_null","tau_true","tau<0.05","het_tau0.05_omega0.05_rho0.50",0.05,0.05,TRUE,FALSE,NA,NA,9,27,0.144874316011938,0.088689385395673,0.0629469825910319,0.941609170995149,0.928857794589523,-0.044740663353462,0.972981845671342,0.862776802569713,0.393981316863859,0.0742131739169002,0.0112604923304752,0.0858210733134508,0.0112604923304752,-0.0858210733134508
"planning_cell_by_design","post_production_exploratory_heterogeneity_sensitivity",0.5,"primary","mlma_cr2","all_non_null","tau_true","[0.05,0.10)","het_tau0.05_omega0.05_rho0.50",0.05,0.05,TRUE,FALSE,NA,NA,22,66,0.221274730298683,0.160153137568776,0.155420718290232,0.943614963398763,0.882494924208651,-0.172191022714776,1.02198720432969,0.778797291254033,0.578519901816346,0.289224516991276,0.0268922368173689,0.0937360318517391,-0.0268922368173689,-0.0926638987680807
"planning_cell_by_design","post_production_exploratory_heterogeneity_sensitivity",0.5,"primary","mlma_cr2","all_non_null","tau_true","[0.10,0.15)","het_tau0.05_omega0.05_rho0.50",0.05,0.05,TRUE,FALSE,NA,NA,25,75,0.303183480505845,0.241932272458905,0.241932272458905,0.968928289750733,0.839111699623977,-0.205372412426104,0.951180482762696,0.70410844444584,0.622390982434944,0.544611130088595,0.076005481915176,0.083832460116751,-0.076005481915176,-0.0815394880417105
"planning_cell_by_design","post_production_exploratory_heterogeneity_sensitivity",0.5,"primary","mlma_cr2","all_non_null","tau_true","tau>=0.15","het_tau0.05_omega0.05_rho0.50",0.05,0.05,TRUE,FALSE,NA,NA,44,132,0.433332542243836,0.369978631870765,0.369978631870765,0.936567879725818,0.730426759277167,-0.11384015205958,0.626292777475949,0.533523250668145,0.792388962689172,1.82690254148534,0.151159871367287,0.0983146524459113,-0.151159871367287,-0.0969653819078812
"planning_cell_by_design","post_production_exploratory_heterogeneity_sensitivity",0.5,"primary","mlma_cr2","all_non_null","omega_true","omega<0.05","het_tau0.05_omega0.05_rho0.50",0.05,0.05,TRUE,FALSE,NA,NA,8,24,0.318467854750841,0.235137427852338,0.233660949667848,0.891039582427142,0.792235067693871,-0.131978465781303,0.855572434595145,0.627636402483913,0.792388962689172,0.504797079535879,0.0995657732001563,0.00876744583686376,-0.0995657732001563,0.00876744583686376
"planning_cell_by_design","post_production_exploratory_heterogeneity_sensitivity",0.5,"primary","mlma_cr2","all_non_null","omega_true","[0.05,0.10)","het_tau0.05_omega0.05_rho0.50",0.05,0.05,TRUE,FALSE,NA,NA,23,69,0.315460617916891,0.234048111488586,0.224424748490295,0.844089411054607,0.759147970942123,-0.14448493986437,0.894665821921506,0.576305641785543,0.763545404825697,0.402656060323302,0.086805992284281,0.0273775126673813,-0.0851437564440978,-0.0273775126673813
"planning_cell_by_design","post_production_exploratory_heterogeneity_sensitivity",0.5,"primary","mlma_cr2","all_non_null","omega_true","[0.10,0.15)","het_tau0.05_omega0.05_rho0.50",0.05,0.05,TRUE,FALSE,NA,NA,20,60,0.316326479906325,0.241657076515202,0.236524792897321,0.898484280223972,0.806856960594698,-0.165542289333109,0.89995955931228,0.651018154860114,0.700703671558347,0.725943850675452,0.078066395353331,0.0759430033549404,-0.0751362345883711,-0.0759430033549404
"planning_cell_by_design","post_production_exploratory_heterogeneity_sensitivity",0.5,"primary","mlma_cr2","all_non_null","omega_true","omega>=0.15","het_tau0.05_omega0.05_rho0.50",0.05,0.05,TRUE,FALSE,NA,NA,49,147,0.37046007260025,0.296971277377555,0.296971277324994,0.912518277579326,0.763871690193984,-0.134467483662909,0.768836482591724,0.583499959079814,0.786624351025023,0.943990544203634,0.0997908798732667,0.143623594815402,-0.0976305896217332,-0.143623594815402
"planning_cell_by_design","post_production_exploratory_heterogeneity_sensitivity",0.5,"primary","mlma_cr2","all_non_null","I_C_star_primary","I_C*<2000","het_tau0.05_omega0.05_rho0.50",0.05,0.05,TRUE,FALSE,NA,NA,6,18,0.125914402241937,0.0878871307406379,0.0878871307406379,0.925696594427245,0.975701158778239,0.00526513449479031,0.638026446291781,0.951992751241198,0.313023745938281,0.467638597625964,0.104647372904476,0.0831622153128653,-0.101445575975202,-0.0831410181047007
"planning_cell_by_design","post_production_exploratory_heterogeneity_sensitivity",0.5,"primary","mlma_cr2","all_non_null","I_C_star_primary","[2000,8000)","het_tau0.05_omega0.05_rho0.50",0.05,0.05,TRUE,FALSE,NA,NA,28,84,0.299954769789989,0.240733094322017,0.237436615798729,0.897681482231447,0.832889108969307,-0.0946324419427738,0.761274212248763,0.693704267839685,0.735004425395787,0.946649250188967,0.0936179200222562,0.10130066781315,-0.0922770613565954,-0.100493789968324
"planning_cell_by_design","post_production_exploratory_heterogeneity_sensitivity",0.5,"primary","mlma_cr2","all_non_null","I_C_star_primary","[8000,20000)","het_tau0.05_omega0.05_rho0.50",0.05,0.05,TRUE,FALSE,NA,NA,35,105,0.351409098264512,0.279601523100185,0.276668789604253,0.8916972281646,0.774300969433347,-0.212625388443321,0.913787128337666,0.599541991265422,0.760679166945721,1.00936468641293,0.086798581339226,0.0928248028673431,-0.0841601965123289,-0.0914693011136792
"planning_cell_by_design","post_production_exploratory_heterogeneity_sensitivity",0.5,"primary","mlma_cr2","all_non_null","I_C_star_primary","I_C*>=20000","het_tau0.05_omega0.05_rho0.50",0.05,0.05,TRUE,FALSE,NA,NA,31,93,0.397159700535803,0.309517334673989,0.304973857952696,0.835548616885918,0.669132281543874,-0.526483269676408,1.25033007418355,0.44773801020411,0.792388962689172,0.564455569445295,0.0953873769055955,0.0861928541966387,-0.0936586488800147,-0.0839310216447845
"planning_cell_by_design","post_production_exploratory_heterogeneity_sensitivity",0.5,"primary","mlma_cr2","all_non_null","nu_C_star_primary","nu_C*<5","het_tau0.05_omega0.05_rho0.50",0.05,0.05,TRUE,FALSE,NA,NA,17,51,0.281763527281268,0.200613311252816,0.193022961234661,0.851855203619909,0.779775130903174,-0.0391559632658669,0.651168468324971,0.608049254775062,0.735004425395787,0.950467721859325,0.103885014182741,0.0850741047622629,-0.101158557899505,-0.0849777805319515
"planning_cell_by_design","post_production_exploratory_heterogeneity_sensitivity",0.5,"primary","mlma_cr2","all_non_null","nu_C_star_primary","[5,10)","het_tau0.05_omega0.05_rho0.50",0.05,0.05,TRUE,FALSE,NA,NA,21,63,0.349612542571684,0.285641027949475,0.281245723251758,0.875045004212406,0.774624961615527,-0.0877665235070149,0.702626648657105,0.600043831157856,0.786624351025023,0.997578149967275,0.0874099209250334,0.0866446332798638,-0.0861503212320026,-0.0851013025784909
"planning_cell_by_design","post_production_exploratory_heterogeneity_sensitivity",0.5,"primary","mlma_cr2","all_non_null","nu_C_star_primary","[10,20)","het_tau0.05_omega0.05_rho0.50",0.05,0.05,TRUE,FALSE,NA,NA,24,72,0.367610662428477,0.296504169783126,0.292227266712669,0.849020806304504,0.743507382185151,-0.174589877362602,0.841426718886386,0.552803227363816,0.763545404825697,0.990990535378978,0.104893441244237,0.10123005566259,-0.0997220684278243,-0.100533135101107
"planning_cell_by_design","post_production_exploratory_heterogeneity_sensitivity",0.5,"primary","mlma_cr2","all_non_null","nu_C_star_primary","nu_C*>=20","het_tau0.05_omega0.05_rho0.50",0.05,0.05,TRUE,FALSE,NA,NA,38,114,0.350432751781085,0.266419793574436,0.266108956029223,0.881239283185286,0.736706959251426,-0.425584721582102,1.18499460445946,0.542737143809483,0.792388962689172,0.453863892154849,0.0822381278579583,0.0937084251410636,-0.0820861656478006,-0.0913530150550083
"planning_cell_by_design","post_production_exploratory_heterogeneity_sensitivity",0.5,"primary","mlma_cr2","all_non_null","n_cv","n_cv<=0.3","het_tau0.05_omega0.05_rho0.50",0.05,0.05,TRUE,FALSE,NA,NA,23,69,0.347348068206867,0.265751445651293,0.261738341308065,0.88807688150785,0.752934345998731,-0.21305304771048,0.937123931871414,0.566910129384537,0.760679166945721,0.578899080382086,0.0764193297796529,0.0851739124548545,-0.0754882867036024,-0.0851739124548545
"planning_cell_by_design","post_production_exploratory_heterogeneity_sensitivity",0.5,"primary","mlma_cr2","all_non_null","n_cv","0.3<n_cv<=0.6","het_tau0.05_omega0.05_rho0.50",0.05,0.05,TRUE,FALSE,NA,NA,15,45,0.394332362869667,0.322127239979677,0.322127239979677,0.900807120195712,0.722513268910497,-0.274052625508595,0.940482300372319,0.522025423751733,0.786624351025023,1.12458586465673,0.100853945478312,0.112669642464537,-0.0976270083090097,-0.112669642464537
"planning_cell_by_design","post_production_exploratory_heterogeneity_sensitivity",0.5,"primary","mlma_cr2","all_non_null","n_cv","n_cv>0.6","het_tau0.05_omega0.05_rho0.50",0.05,0.05,TRUE,FALSE,NA,NA,62,186,0.329193394336471,0.253302391277186,0.249375077575968,0.897175825341274,0.790860022949391,-0.114938443397952,0.800592463619278,0.625459575899511,0.792388962689172,0.708251839546068,0.0963498590627372,0.090438612059169,-0.094206781423062,-0.0881760453915912
"planning_cell_by_design","post_production_exploratory_heterogeneity_sensitivity",0.5,"primary","mlma_cr2","all_non_null","alignment_pattern","independent","het_tau0.05_omega0.05_rho0.50",0.05,0.05,TRUE,FALSE,NA,NA,24,72,0.341515531359727,0.261555550973443,0.252333161381656,0.823339309140609,0.743856613403001,-0.152047792395488,0.864524409604698,0.553322661303382,0.763545404825697,0.568269720924945,0.0867860825351527,0.0584348501983744,-0.0833978493366157,-0.0564580768076145
"planning_cell_by_design","post_production_exploratory_heterogeneity_sensitivity",0.5,"primary","mlma_cr2","all_non_null","alignment_pattern","n_majority","het_tau0.05_omega0.05_rho0.50",0.05,0.05,TRUE,FALSE,NA,NA,20,60,0.298554574664225,0.231684745746616,0.231684745746616,0.95288903717222,0.84614228329941,-0.101712976621537,0.794349744167093,0.715956763587138,0.612782444142497,0.708251839546068,0.102712019704148,0.105214895511913,-0.101751480625366,-0.105214895511913
"planning_cell_by_design","post_production_exploratory_heterogeneity_sensitivity",0.5,"primary","mlma_cr2","all_non_null","alignment_pattern","n_minority","het_tau0.05_omega0.05_rho0.50",0.05,0.05,TRUE,FALSE,NA,NA,20,60,0.420484613974198,0.347496381506128,0.347496381506128,0.90757260845521,0.708197659159717,-0.210959977919185,0.824048518926153,0.501543924439302,0.786624351025023,1.41952127180977,0.116871938700162,0.0974370678585662,-0.116871938700162,-0.0973615514252509
"planning_cell_by_design","post_production_exploratory_heterogeneity_sensitivity",0.5,"primary","mlma_cr2","all_non_null","alignment_pattern","nk_majority","het_tau0.05_omega0.05_rho0.50",0.05,0.05,TRUE,FALSE,NA,NA,18,54,0.291286704133226,0.229761798855037,0.229761798855037,0.933084297564119,0.847348258369967,-0.110451013545169,0.814230338063453,0.717999070962616,0.735004425395787,0.702088189484162,0.0831785820420936,0.100706694474065,-0.081709049066891,-0.0985991651566549
"planning_cell_by_design","post_production_exploratory_heterogeneity_sensitivity",0.5,"primary","mlma_cr2","all_non_null","alignment_pattern","nk_minority","het_tau0.05_omega0.05_rho0.50",0.05,0.05,TRUE,FALSE,NA,NA,18,54,0.34808806283352,0.258459553391792,0.252100803438077,0.86501959089229,0.745143731508592,-0.231274187728224,0.973670438310441,0.555239180606549,0.792388962689172,0.584109389053266,0.0706880779616024,0.110446799910802,-0.0664820285141372,-0.107480649042364
"planning_cell_by_design","post_production_exploratory_heterogeneity_sensitivity",0.5,"primary","mlma_cr2","all_non_null","nk_mode","independent","het_tau0.05_omega0.05_rho0.50",0.05,0.05,TRUE,FALSE,NA,NA,39,117,0.363531379460718,0.28475604264734,0.284453175327444,0.896026333648418,0.754871642313106,-0.155677187073842,0.824271683447862,0.569831196368485,0.783277599073512,0.93696149425813,0.102266048597541,0.0914493515875223,-0.101489042683169,-0.0904156843742895
"planning_cell_by_design","post_production_exploratory_heterogeneity_sensitivity",0.5,"primary","mlma_cr2","all_non_null","nk_mode","negative","het_tau0.05_omega0.05_rho0.50",0.05,0.05,TRUE,FALSE,NA,NA,30,90,0.328214250440013,0.258012564528637,0.254935851240235,0.916135723841974,0.804177031410039,-0.166069209946967,0.875395916941823,0.646700697847463,0.760679166945721,0.824120721172245,0.0878963246985804,0.0860106392047988,-0.0873750104731414,-0.084378876203314
"planning_cell_by_design","post_production_exploratory_heterogeneity_sensitivity",0.5,"primary","mlma_cr2","all_non_null","nk_mode","positive","het_tau0.05_omega0.05_rho0.50",0.05,0.05,TRUE,FALSE,NA,NA,31,93,0.333141670703093,0.251712177734034,0.244238576919783,0.871373790009312,0.764515907721971,-0.112156857503487,0.811735105090762,0.58448457315995,0.792388962689172,0.682430769702715,0.0844799804108034,0.10030305429164,-0.0794236512325813,-0.0986574664842469
"planning_cell_by_design","post_production_exploratory_heterogeneity_sensitivity",0.5,"primary","mlma_cr2","all_non_null","all","all","het_tau0.05_omega0.10_rho0.50",0.05,0.1,FALSE,FALSE,NA,NA,100,300,0.288604688597208,0.217243855333116,0.209481280591648,0.898847811920317,0.823082269954437,-0.108411946535849,0.847693648569528,0.677464423113349,0.743107477212715,0.586048758887524,0.092441450289964,0.0609687298839865,-0.0904145616704785,-0.0411595943770837
"planning_cell_by_design","post_production_exploratory_heterogeneity_sensitivity",0.5,"primary","mlma_cr2","all_non_null","scenario_set","broad","het_tau0.05_omega0.10_rho0.50",0.05,0.1,FALSE,FALSE,NA,NA,80,240,0.294671544703991,0.224502515137013,0.214801264579237,0.895873637466211,0.815705787107018,-0.111554007897727,0.845507015850157,0.66537593111988,0.739403427166061,0.658609738427201,0.0918324119864862,0.0620967536099429,-0.0899600910509704,-0.0398353342263144
"planning_cell_by_design","post_production_exploratory_heterogeneity_sensitivity",0.5,"primary","mlma_cr2","all_non_null","scenario_set","targeted","het_tau0.05_omega0.10_rho0.50",0.05,0.1,FALSE,FALSE,NA,NA,20,60,0.26294116141927,0.188209216117529,0.188201344641293,0.907418727424285,0.85368943859466,-0.0976707936642559,0.859593005003734,0.728785657568066,0.743107477212715,0.485244457544598,0.0948776035038754,0.0564566349801608,-0.0922324441485106,-0.0464566349801608
"planning_cell_by_design","post_production_exploratory_heterogeneity_sensitivity",0.5,"primary","mlma_cr2","all_non_null","beta1_true","0.05","het_tau0.05_omega0.10_rho0.50",0.05,0.1,FALSE,FALSE,NA,NA,100,100,0.229111186328297,0.178955403387834,0.165834456965788,0.751363644559849,0.607331251684524,0.0318730983846301,0.413487432080582,0.368851249272691,0.607124523614793,1.13084368878105,0.092441450289964,0.0609687298839865,-0.0904145616704785,-0.0411595943770837
"planning_cell_by_design","post_production_exploratory_heterogeneity_sensitivity",0.5,"primary","mlma_cr2","all_non_null","beta1_true","0.1","het_tau0.05_omega0.10_rho0.50",0.05,0.1,FALSE,FALSE,NA,NA,100,100,0.361578080078067,0.30119896232182,0.291533306178023,0.75330559047921,0.699679550338264,-0.082868893358264,0.710512628175866,0.489551473161556,0.743107477212715,0.756691443617579,0.092441450289964,0.0609687298839865,-0.0904145616704785,-0.0411595943770837
"planning_cell_by_design","post_production_exploratory_heterogeneity_sensitivity",0.5,"primary","mlma_cr2","all_non_null","beta1_true","0.2","het_tau0.05_omega0.10_rho0.50",0.05,0.1,FALSE,FALSE,NA,NA,100,100,0.258161490441883,0.171577200289695,0.171076078631135,0.753898896199592,0.701855100469152,-0.310569490885494,1.1495297820006,0.492600582054564,0.68714188010032,0.0992919999406646,0.092441450289964,0.0609687298839865,-0.0904145616704785,-0.0411595943770837
"planning_cell_by_design","post_production_exploratory_heterogeneity_sensitivity",0.5,"primary","mlma_cr2","all_non_null","J","J<=36","het_tau0.05_omega0.10_rho0.50",0.05,0.1,FALSE,FALSE,NA,NA,34,102,0.289244182223806,0.219885915004621,0.208976655595841,0.870780687646433,0.806151969507414,-0.0440437212542716,0.687258984124602,0.649880997940682,0.730449856768329,0.848079904761243,0.0990994764569521,0.0644006166152403,-0.0966870668311552,-0.0396708964934018
"planning_cell_by_design","post_production_exploratory_heterogeneity_sensitivity",0.5,"primary","mlma_cr2","all_non_null","J","37-60","het_tau0.05_omega0.10_rho0.50",0.05,0.1,FALSE,FALSE,NA,NA,24,72,0.302790590949308,0.22717527265912,0.227175272653136,0.886252000032654,0.814389017048844,-0.107547677280553,0.818974431932045,0.663229471089781,0.743107477212715,0.645830516132129,0.0977256484580794,0.0448703745420812,-0.0969251992257608,-0.0299380352887988
"planning_cell_by_design","post_production_exploratory_heterogeneity_sensitivity",0.5,"primary","mlma_cr2","all_non_null","J","61-96","het_tau0.05_omega0.10_rho0.50",0.05,0.1,FALSE,FALSE,NA,NA,30,90,0.298497584810355,0.229565742664216,0.216360444812445,0.901403704358462,0.795842796936165,-0.181415630587803,0.954325676717001,0.633365757435178,0.717183784212975,0.489591904803761,0.0940657823379405,0.0638657796939233,-0.0913977102597187,-0.0422961552717277
"planning_cell_by_design","post_production_exploratory_heterogeneity_sensitivity",0.5,"primary","mlma_cr2","all_non_null","J","J>96","het_tau0.05_omega0.10_rho0.50",0.05,0.1,FALSE,FALSE,NA,NA,12,36,0.225712996297573,0.159090466617428,0.158325156738135,0.948249259029667,0.870758569663774,-0.23706656684034,1.09826521234876,0.758220486642901,0.607459820145762,0.329570110876667,0.0589478163606593,0.0761991369710691,-0.0571633171315624,-0.064979287654142
"planning_cell_by_design","post_production_exploratory_heterogeneity_sensitivity",0.5,"primary","mlma_cr2","all_non_null","tau_true","tau<0.05","het_tau0.05_omega0.10_rho0.50",0.05,0.1,FALSE,FALSE,NA,NA,9,27,0.117401525709403,0.0718566791227297,0.0150644567849857,0.948334950787972,0.944063865190644,0.00563580933746241,0.966931029825607,0.891256581558698,0.286861883716664,0.0612289843778587,0.0112604923304752,0.0512095598452726,0.0112604923304752,-0.0358210733134508
"planning_cell_by_design","post_production_exploratory_heterogeneity_sensitivity",0.5,"primary","mlma_cr2","all_non_null","tau_true","[0.05,0.10)","het_tau0.05_omega0.10_rho0.50",0.05,0.1,FALSE,FALSE,NA,NA,22,66,0.162296970873252,0.114252943201539,0.102201694423943,0.953567352994881,0.926302114034649,-0.103545033058652,1.00189332981413,0.858035606465059,0.463686365261342,0.202964586602619,0.0268922368173689,0.05975812214219,-0.0268922368173689,-0.0426638987680807
"planning_cell_by_design","post_production_exploratory_heterogeneity_sensitivity",0.5,"primary","mlma_cr2","all_non_null","tau_true","[0.10,0.15)","het_tau0.05_omega0.10_rho0.50",0.05,0.1,FALSE,FALSE,NA,NA,25,75,0.237375645553689,0.189107188459288,0.189107188459288,0.977353874264946,0.90437028343756,-0.160906698063305,0.95948513146509,0.817885609564933,0.509701401378801,0.510218290874314,0.076005481915176,0.0558745637445035,-0.076005481915176,-0.0315394880417105
"planning_cell_by_design","post_production_exploratory_heterogeneity_sensitivity",0.5,"primary","mlma_cr2","all_non_null","tau_true","tau>=0.15","het_tau0.05_omega0.10_rho0.50",0.05,0.1,FALSE,FALSE,NA,NA,44,132,0.375894445040045,0.314464339983887,0.314464339983887,0.945412850626003,0.79230175809414,-0.096912577082103,0.654616422531767,0.627742075879065,0.743107477212715,1.38688632426642,0.151159871367287,0.0664646402056916,-0.151159871367287,-0.0469653819078812
"planning_cell_by_design","post_production_exploratory_heterogeneity_sensitivity",0.5,"primary","mlma_cr2","all_non_null","omega_true","omega<0.05","het_tau0.05_omega0.10_rho0.50",0.05,0.1,FALSE,FALSE,NA,NA,8,24,0.26320886397658,0.189620006114229,0.176756192178402,0.905414241886495,0.836566756488893,-0.0898320579486029,0.865678135200685,0.699843938062347,0.716344310850075,0.425749735085094,0.0995657732001563,0.0587674458368638,-0.0995657732001563,0.0587674458368638
"planning_cell_by_design","post_production_exploratory_heterogeneity_sensitivity",0.5,"primary","mlma_cr2","all_non_null","omega_true","[0.05,0.10)","het_tau0.05_omega0.10_rho0.50",0.05,0.1,FALSE,FALSE,NA,NA,23,69,0.267305079112511,0.193879065468812,0.172419786587799,0.856276377411908,0.802696163671257,-0.0914397736490361,0.885445279986719,0.644321131172553,0.730449856768329,0.369124763496868,0.086805992284281,0.0226224873326187,-0.0851437564440978,0.0226224873326187
"planning_cell_by_design","post_production_exploratory_heterogeneity_sensitivity",0.5,"primary","mlma_cr2","all_non_null","omega_true","[0.10,0.15)","het_tau0.05_omega0.10_rho0.50",0.05,0.1,FALSE,FALSE,NA,NA,20,60,0.258775559006099,0.189300949512428,0.180319643571801,0.906597757766816,0.854218971313098,-0.11677046417015,0.902730789924639,0.729690050951207,0.68714188010032,0.511561419818221,0.078066395353331,0.0259430033549404,-0.0751362345883711,-0.0259430033549404
"planning_cell_by_design","post_production_exploratory_heterogeneity_sensitivity",0.5,"primary","mlma_cr2","all_non_null","omega_true","omega>=0.15","het_tau0.05_omega0.10_rho0.50",0.05,0.1,FALSE,FALSE,NA,NA,49,147,0.312734596295948,0.244126285476869,0.244123072628209,0.922874221881808,0.823699913636348,-0.112158025048636,0.797018633867039,0.678481547724527,0.743107477212715,0.776608466722286,0.0997908798732667,0.093623594815402,-0.0976305896217332,-0.093623594815402
"planning_cell_by_design","post_production_exploratory_heterogeneity_sensitivity",0.5,"primary","mlma_cr2","all_non_null","I_C_star_primary","I_C*<2000","het_tau0.05_omega0.10_rho0.50",0.05,0.1,FALSE,FALSE,NA,NA,6,18,0.107537134582356,0.0705774262824034,0.0705774262824034,0.917440660474716,0.961785314040472,0.00713327214931465,0.676253709601666,0.925030990303929,0.274171155307866,0.415588178378283,0.104647372904476,0.0579694523187936,-0.101445575975202,-0.0331410181047007
"planning_cell_by_design","post_production_exploratory_heterogeneity_sensitivity",0.5,"primary","mlma_cr2","all_non_null","I_C_star_primary","[2000,8000)","het_tau0.05_omega0.10_rho0.50",0.05,0.1,FALSE,FALSE,NA,NA,28,84,0.243567269271765,0.190483605769322,0.183323876496636,0.908332489622355,0.875238723136657,-0.0702519172194797,0.792177921292636,0.766042822477885,0.583043022777365,0.770620516462965,0.0936179200222562,0.0673220840549932,-0.0922770613565954,-0.050493789968324
"planning_cell_by_design","post_production_exploratory_heterogeneity_sensitivity",0.5,"primary","mlma_cr2","all_non_null","I_C_star_primary","[8000,20000)","het_tau0.05_omega0.10_rho0.50",0.05,0.1,FALSE,FALSE,NA,NA,35,105,0.290307567898958,0.221510361070452,0.216378186247171,0.896232845721709,0.827810345227788,-0.145910236969382,0.896759539593129,0.68526996766615,0.68714188010032,0.633614773951199,0.086798581339226,0.0598753963649572,-0.0841601965123289,-0.0414693011136792
"planning_cell_by_design","post_production_exploratory_heterogeneity_sensitivity",0.5,"primary","mlma_cr2","all_non_null","I_C_star_primary","I_C*>=20000","het_tau0.05_omega0.10_rho0.50",0.05,0.1,FALSE,FALSE,NA,NA,31,93,0.343090031745202,0.264984431503561,0.252205110997214,0.834688512798091,0.724876428789632,-0.307906191196677,1.06694031892572,0.52544583701481,0.743107477212715,0.508139253962271,0.0953873769055955,0.0570451305862121,-0.0936586488800147,-0.0339310216447845
"planning_cell_by_design","post_production_exploratory_heterogeneity_sensitivity",0.5,"primary","mlma_cr2","all_non_null","nu_C_star_primary","nu_C*<5","het_tau0.05_omega0.10_rho0.50",0.05,0.1,FALSE,FALSE,NA,NA,17,51,0.226131357278863,0.157861300728514,0.140620653994267,0.885429864253394,0.823094912165598,-0.0330828923661443,0.723333021155542,0.677485234432894,0.68714188010032,0.772809471634091,0.103885014182741,0.0569963459816097,-0.101158557899505,-0.0349777805319515
"planning_cell_by_design","post_production_exploratory_heterogeneity_sensitivity",0.5,"primary","mlma_cr2","all_non_null","nu_C_star_primary","[5,10)","het_tau0.05_omega0.10_rho0.50",0.05,0.1,FALSE,FALSE,NA,NA,21,63,0.291242590581765,0.227151904816919,0.219427287606682,0.869956556427535,0.81718463751611,-0.0555780365880829,0.721727574898059,0.667790731792336,0.739403427166061,0.633614773951199,0.0874099209250334,0.060569666448842,-0.0861503212320026,-0.0351013025784909
"planning_cell_by_design","post_production_exploratory_heterogeneity_sensitivity",0.5,"primary","mlma_cr2","all_non_null","nu_C_star_primary","[10,20)","het_tau0.05_omega0.10_rho0.50",0.05,0.1,FALSE,FALSE,NA,NA,24,72,0.308560874283308,0.241656508786337,0.232954205113342,0.86809016991857,0.799693144618302,-0.122644719309959,0.838392300333793,0.639509125549508,0.730449856768329,0.722607022505624,0.104893441244237,0.0676835025167093,-0.0997220684278243,-0.050533135101107
"planning_cell_by_design","post_production_exploratory_heterogeneity_sensitivity",0.5,"primary","mlma_cr2","all_non_null","nu_C_star_primary","nu_C*>=20","het_tau0.05_omega0.10_rho0.50",0.05,0.1,FALSE,FALSE,NA,NA,38,114,0.298842604766599,0.222915716023672,0.219965867863204,0.886343249102439,0.796191264827575,-0.292776477250017,1.08923817839643,0.633920530187733,0.743107477212715,0.394012834365354,0.0822381278579583,0.0587254750232784,-0.0820861656478006,-0.0413530150550083
"planning_cell_by_design","post_production_exploratory_heterogeneity_sensitivity",0.5,"primary","mlma_cr2","all_non_null","n_cv","n_cv<=0.3","het_tau0.05_omega0.10_rho0.50",0.05,0.1,FALSE,FALSE,NA,NA,23,69,0.284588163821586,0.208965204634054,0.201513001151006,0.890931016702262,0.816376623877633,-0.151039230879727,0.929316393507517,0.666470792013842,0.68714188010032,0.468047671798973,0.0764193297796529,0.0578888203406772,-0.0754882867036024,-0.0351739124548545
"planning_cell_by_design","post_production_exploratory_heterogeneity_sensitivity",0.5,"primary","mlma_cr2","all_non_null","n_cv","0.3<n_cv<=0.6","het_tau0.05_omega0.10_rho0.50",0.05,0.1,FALSE,FALSE,NA,NA,15,45,0.336814948862593,0.269503637725624,0.266953273844275,0.910570177377275,0.784422964824772,-0.195626321339187,0.905221220126368,0.615319387744486,0.739403427166061,0.869090419373901,0.100853945478312,0.0682056296287414,-0.0976270083090097,-0.0626696424645371
"planning_cell_by_design","post_production_exploratory_heterogeneity_sensitivity",0.5,"primary","mlma_cr2","all_non_null","n_cv","n_cv>0.6","het_tau0.05_omega0.10_rho0.50",0.05,0.1,FALSE,FALSE,NA,NA,62,186,0.27722188192332,0.207671471949097,0.198532740726251,0.906941863296527,0.835498923339594,-0.0870137034446453,0.821093784515519,0.69805845090162,0.743107477212715,0.586048758887524,0.0963498590627372,0.0603604141311605,-0.094206781423062,-0.0381760453915912
"planning_cell_by_design","post_production_exploratory_heterogeneity_sensitivity",0.5,"primary","mlma_cr2","all_non_null","alignment_pattern","independent","het_tau0.05_omega0.10_rho0.50",0.05,0.1,FALSE,FALSE,NA,NA,24,72,0.285452912132706,0.213086136259672,0.192138339065229,0.837809809418428,0.794247756373414,-0.0935389635268318,0.855011995720142,0.630829498504203,0.730449856768329,0.525767175289694,0.0867860825351527,0.0427787585802216,-0.0833978493366157,-0.00645807680761452
"planning_cell_by_design","post_production_exploratory_heterogeneity_sensitivity",0.5,"primary","mlma_cr2","all_non_null","alignment_pattern","n_majority","het_tau0.05_omega0.10_rho0.50",0.05,0.1,FALSE,FALSE,NA,NA,20,60,0.248117188351402,0.189669422542663,0.189669422539682,0.95730699240959,0.891267068957497,-0.0885729296971225,0.828646702126985,0.794356988208087,0.541883032870332,0.664250968273658,0.102712019704148,0.0604073749093921,-0.101751480625366,-0.0552148955119133
"planning_cell_by_design","post_production_exploratory_heterogeneity_sensitivity",0.5,"primary","mlma_cr2","all_non_null","alignment_pattern","n_minority","het_tau0.05_omega0.10_rho0.50",0.05,0.1,FALSE,FALSE,NA,NA,20,60,0.359962730176924,0.289483052226655,0.289483052219475,0.910363989997222,0.775916481170038,-0.162579435724019,0.823248012462429,0.602046385751294,0.743107477212715,1.15512335243091,0.116871938700162,0.0667978908246731,-0.116871938700162,-0.0473615514252509
"planning_cell_by_design","post_production_exploratory_heterogeneity_sensitivity",0.5,"primary","mlma_cr2","all_non_null","alignment_pattern","nk_majority","het_tau0.05_omega0.10_rho0.50",0.05,0.1,FALSE,FALSE,NA,NA,18,54,0.229967510162552,0.171707665570805,0.171707665570805,0.942976939203354,0.891524356326989,-0.0794477995606653,0.842074064026445,0.794815677924252,0.583043022777365,0.426201213870808,0.0831785820420936,0.067373361140732,-0.081709049066891,-0.0485991651566549
"planning_cell_by_design","post_production_exploratory_heterogeneity_sensitivity",0.5,"primary","mlma_cr2","all_non_null","alignment_pattern","nk_minority","het_tau0.05_omega0.10_rho0.50",0.05,0.1,FALSE,FALSE,NA,NA,18,54,0.298051891302784,0.218696154856591,0.203501135896761,0.871343204889,0.79661080556861,-0.17476344623524,0.961290710995457,0.63458877554867,0.717183784212975,0.557360794926231,0.0706880779616024,0.072964275958825,-0.0664820285141372,-0.0574806490423637
"planning_cell_by_design","post_production_exploratory_heterogeneity_sensitivity",0.5,"primary","mlma_cr2","all_non_null","nk_mode","independent","het_tau0.05_omega0.10_rho0.50",0.05,0.1,FALSE,FALSE,NA,NA,39,117,0.312652825856031,0.238263573283144,0.234643933034251,0.901043979074251,0.803025604053048,-0.122580907424454,0.835926185628442,0.644850120764762,0.743107477212715,0.589318351546028,0.102266048597541,0.0593842332820058,-0.101489042683169,-0.0404156843742895
"planning_cell_by_design","post_production_exploratory_heterogeneity_sensitivity",0.5,"primary","mlma_cr2","all_non_null","nk_mode","negative","het_tau0.05_omega0.10_rho0.50",0.05,0.1,FALSE,FALSE,NA,NA,30,90,0.261046240118124,0.199380810684406,0.193973578632377,0.929784992293856,0.865878201223711,-0.122294856039755,0.890102038879764,0.749745059354409,0.648684144193775,0.569042470703323,0.0878963246985804,0.0584211001082129,-0.0873750104731414,-0.034378876203314
"planning_cell_by_design","post_production_exploratory_heterogeneity_sensitivity",0.5,"primary","mlma_cr2","all_non_null","nk_mode","positive","het_tau0.05_omega0.10_rho0.50",0.05,0.1,FALSE,FALSE,NA,NA,31,93,0.282419994524295,0.208086511443124,0.192832493930895,0.884410063834451,0.810812922882631,-0.0813658669563817,0.828557120692546,0.657417595913476,0.739403427166061,0.556646787562693,0.0844799804108034,0.0654275770049689,-0.0794236512325813,-0.0486574664842469
"planning_cell_by_design","post_production_exploratory_heterogeneity_sensitivity",0.5,"primary","mlma_cr2","all_non_null","all","all","het_tau0.05_omega0.15_rho0.50",0.05,0.15,FALSE,FALSE,NA,NA,100,300,0.233283359751538,0.166858100808652,0.147853911167362,0.901401452308951,0.858453764530897,-0.0600575323605617,0.85415036183863,0.736942865837268,0.657157689537881,0.430937065664558,0.092441450289964,0.0515915285420103,-0.0904145616704785,0.00884040562291633
"planning_cell_by_design","post_production_exploratory_heterogeneity_sensitivity",0.5,"primary","mlma_cr2","all_non_null","scenario_set","broad","het_tau0.05_omega0.15_rho0.50",0.05,0.15,FALSE,FALSE,NA,NA,80,240,0.237175005955161,0.172414450794456,0.151591180779398,0.899506852883667,0.854403740230768,-0.0624693655144685,0.852712466968636,0.730005751320326,0.657157689537881,0.43646052769029,0.0918324119864862,0.0553752519324727,-0.0899600910509704,0.0101646657736856
"planning_cell_by_design","post_production_exploratory_heterogeneity_sensitivity",0.5,"primary","mlma_cr2","all_non_null","scenario_set","targeted","het_tau0.05_omega0.15_rho0.50",0.05,0.15,FALSE,FALSE,NA,NA,20,60,0.217020035677595,0.144632700865436,0.132904832719222,0.90302861906085,0.875283395537355,-0.0511788780665826,0.861358266866068,0.766121022503401,0.654555624766046,0.36681836842505,0.0948776035038754,0.0364566349801608,-0.0922324441485106,0.00354336501983919
"planning_cell_by_design","post_production_exploratory_heterogeneity_sensitivity",0.5,"primary","mlma_cr2","all_non_null","beta1_true","0.05","het_tau0.05_omega0.15_rho0.50",0.05,0.15,FALSE,FALSE,NA,NA,100,100,0.160705258985929,0.12062241998527,0.0935449014810317,0.758492400208076,0.606534642400164,0.0327855224090241,0.522922264714699,0.367884272431495,0.461868883731816,0.715374637956221,0.092441450289964,0.0515915285420103,-0.0904145616704785,0.00884040562291633
"planning_cell_by_design","post_production_exploratory_heterogeneity_sensitivity",0.5,"primary","mlma_cr2","all_non_null","beta1_true","0.1","het_tau0.05_omega0.15_rho0.50",0.05,0.15,FALSE,FALSE,NA,NA,100,100,0.292552430687436,0.232291051865928,0.205790620677878,0.757476020033472,0.722662687481525,-0.0259618303463881,0.716833563152274,0.522241359878021,0.657157689537881,0.531624877261934,0.092441450289964,0.0515915285420103,-0.0904145616704785,0.00884040562291633
"planning_cell_by_design","post_production_exploratory_heterogeneity_sensitivity",0.5,"primary","mlma_cr2","all_non_null","beta1_true","0.2","het_tau0.05_omega0.15_rho0.50",0.05,0.15,FALSE,FALSE,NA,NA,100,100,0.22770654984878,0.147660830574759,0.144226211343177,0.75647516953493,0.7575926199814,-0.205868898391102,1.06803598834797,0.573946577850282,0.644450390484682,0.0727877072822559,0.092441450289964,0.0515915285420103,-0.0904145616704785,0.00884040562291633
"planning_cell_by_design","post_production_exploratory_heterogeneity_sensitivity",0.5,"primary","mlma_cr2","all_non_null","J","J<=36","het_tau0.05_omega0.15_rho0.50",0.05,0.15,FALSE,FALSE,NA,NA,34,102,0.228198663873574,0.164123412965565,0.142267677634425,0.88251941612053,0.842092086629393,-0.0188543423153841,0.73210015079898,0.709119082363844,0.657157689537881,0.577176088184615,0.0990994764569521,0.0524506667134016,-0.0966870668311552,0.0103291035065982
"planning_cell_by_design","post_production_exploratory_heterogeneity_sensitivity",0.5,"primary","mlma_cr2","all_non_null","J","37-60","het_tau0.05_omega0.15_rho0.50",0.05,0.15,FALSE,FALSE,NA,NA,24,72,0.248729212844789,0.172308616332005,0.164238720293569,0.883277460482472,0.843861477640241,-0.0576176797730649,0.821672944050977,0.712102193445171,0.647509402126617,0.366600067105609,0.0977256484580794,0.0498394739039382,-0.0969251992257608,0.0200619647112012
"planning_cell_by_design","post_production_exploratory_heterogeneity_sensitivity",0.5,"primary","mlma_cr2","all_non_null","J","61-96","het_tau0.05_omega0.15_rho0.50",0.05,0.15,FALSE,FALSE,NA,NA,30,90,0.250192010774739,0.187726282215535,0.15903191486169,0.894547500086888,0.825973586378562,-0.0942061741814075,0.908406925499059,0.682232365395063,0.654555624766046,0.430937065664558,0.0940657823379405,0.0513941070171287,-0.0913977102597187,0.00770384472827233
"planning_cell_by_design","post_production_exploratory_heterogeneity_sensitivity",0.5,"primary","mlma_cr2","all_non_null","J","J>96","het_tau0.05_omega0.15_rho0.50",0.05,0.15,FALSE,FALSE,NA,NA,12,36,0.160443288970679,0.11153489846682,0.102966945355786,0.971678713977182,0.925460553660724,-0.135234898560837,1.04325712192263,0.856477236382014,0.481126329847752,0.188405034437649,0.0589478163606593,0.0531549668114167,-0.0571633171315624,-0.014979287654142
"planning_cell_by_design","post_production_exploratory_heterogeneity_sensitivity",0.5,"primary","mlma_cr2","all_non_null","tau_true","tau<0.05","het_tau0.05_omega0.15_rho0.50",0.05,0.15,FALSE,FALSE,NA,NA,9,27,0.12479168051011,0.0747569992695887,-0.0435508391976091,0.946194929944801,0.944165883889822,0.0704472222022449,0.952593564439002,0.891449216301448,0.395438178750632,0.0638122752568014,0.0112604923304752,0.0417559829791361,0.0112604923304752,0.0141789266865492
"planning_cell_by_design","post_production_exploratory_heterogeneity_sensitivity",0.5,"primary","mlma_cr2","all_non_null","tau_true","[0.05,0.10)","het_tau0.05_omega0.15_rho0.50",0.05,0.15,FALSE,FALSE,NA,NA,22,66,0.115115815392749,0.0740068031554396,0.0387471482521938,0.953035337859636,0.946471079395446,-0.020514189964948,0.971778079711773,0.895807504131981,0.341031381115018,0.110136723066727,0.0268922368173689,0.0603397057710391,-0.0268922368173689,0.00733610123191932
"planning_cell_by_design","post_production_exploratory_heterogeneity_sensitivity",0.5,"primary","mlma_cr2","all_non_null","tau_true","[0.10,0.15)","het_tau0.05_omega0.15_rho0.50",0.05,0.15,FALSE,FALSE,NA,NA,25,75,0.168623822776339,0.131112120390536,0.128714679988424,0.978406520817635,0.946969532003933,-0.0964082503607251,0.949176585893594,0.896751294543747,0.392981996256458,0.364289768489252,0.076005481915176,0.0486757275248296,-0.076005481915176,0.0184605119582895
"planning_cell_by_design","post_production_exploratory_heterogeneity_sensitivity",0.5,"primary","mlma_cr2","all_non_null","tau_true","tau>=0.15","het_tau0.05_omega0.15_rho0.50",0.05,0.15,FALSE,FALSE,NA,NA,44,132,0.312597975943152,0.25243282746036,0.25243282746036,0.948118271512029,0.844974791760935,-0.0729600062408038,0.683944921741877,0.713982398711436,0.657157689537881,0.979472745840203,0.151159871367287,0.0508859611887548,-0.151159871367287,0.00303461809211881
"planning_cell_by_design","post_production_exploratory_heterogeneity_sensitivity",0.5,"primary","mlma_cr2","all_non_null","omega_true","omega<0.05","het_tau0.05_omega0.15_rho0.50",0.05,0.15,FALSE,FALSE,NA,NA,8,24,0.213821005648149,0.149681987687602,0.114186399463426,0.90019571599666,0.862988440210169,-0.0372216708386389,0.868338093772544,0.74474904793638,0.557878903153266,0.366119445215377,0.0995657732001563,0.108767445836864,-0.0995657732001563,0.108767445836864
"planning_cell_by_design","post_production_exploratory_heterogeneity_sensitivity",0.5,"primary","mlma_cr2","all_non_null","omega_true","[0.05,0.10)","het_tau0.05_omega0.15_rho0.50",0.05,0.15,FALSE,FALSE,NA,NA,23,69,0.222893234114299,0.155339814409553,0.109273002058664,0.86310905002023,0.828099431447635,-0.021186234088851,0.86316924665987,0.685748668363896,0.657157689537881,0.2484758023357,0.086805992284281,0.0726224873326187,-0.0851437564440978,0.0726224873326187
"planning_cell_by_design","post_production_exploratory_heterogeneity_sensitivity",0.5,"primary","mlma_cr2","all_non_null","omega_true","[0.10,0.15)","het_tau0.05_omega0.15_rho0.50",0.05,0.15,FALSE,FALSE,NA,NA,20,60,0.203299411252175,0.139601507078293,0.116753984608365,0.899734644913794,0.88590919197213,-0.0597384939671713,0.903325443670148,0.784835096420712,0.644450390484682,0.345146089553216,0.078066395353331,0.0240569966450596,-0.0751362345883711,0.0240569966450596
"planning_cell_by_design","post_production_exploratory_heterogeneity_sensitivity",0.5,"primary","mlma_cr2","all_non_null","omega_true","omega>=0.15","het_tau0.05_omega0.15_rho0.50",0.05,0.15,FALSE,FALSE,NA,NA,49,147,0.251812699425885,0.186194047068956,0.184153901663516,0.927116114814959,0.868852847128979,-0.0770596516962286,0.818534957730793,0.754905269964133,0.654555624766046,0.589286040606636,0.0997908798732667,0.043623594815402,-0.0976305896217332,-0.043623594815402
"planning_cell_by_design","post_production_exploratory_heterogeneity_sensitivity",0.5,"primary","mlma_cr2","all_non_null","I_C_star_primary","I_C*<2000","het_tau0.05_omega0.15_rho0.50",0.05,0.15,FALSE,FALSE,NA,NA,6,18,0.0907556276933843,0.0598029865716732,0.0491306551534742,0.913312693498452,0.935563302650582,0.0115258310269339,0.722509003871638,0.875278693266465,0.227487466729604,0.36681836842505,0.104647372904476,0.0508152063773013,-0.101445575975202,0.0168589818952993
"planning_cell_by_design","post_production_exploratory_heterogeneity_sensitivity",0.5,"primary","mlma_cr2","all_non_null","I_C_star_primary","[2000,8000)","het_tau0.05_omega0.15_rho0.50",0.05,0.15,FALSE,FALSE,NA,NA,28,84,0.187281767937467,0.140100299242481,0.122815339468414,0.919246734838514,0.902302441684358,-0.0378477567853239,0.824291784245783,0.814149696269554,0.448630511469775,0.508181398639652,0.0936179200222562,0.0475772325348122,-0.0922770613565954,-0.000493789968323991
"planning_cell_by_design","post_production_exploratory_heterogeneity_sensitivity",0.5,"primary","mlma_cr2","all_non_null","I_C_star_primary","[8000,20000)","het_tau0.05_omega0.15_rho0.50",0.05,0.15,FALSE,FALSE,NA,NA,35,105,0.232635301700179,0.164654196021561,0.150753005356995,0.895102829004623,0.861395181348322,-0.0777283320470537,0.881633343065902,0.742001658450109,0.64590345192829,0.430595772168524,0.086798581339226,0.0530537159467714,-0.0841601965123289,0.0085306988863208
"planning_cell_by_design","post_production_exploratory_heterogeneity_sensitivity",0.5,"primary","mlma_cr2","all_non_null","I_C_star_primary","I_C*>=20000","het_tau0.05_omega0.15_rho0.50",0.05,0.15,FALSE,FALSE,NA,NA,31,93,0.28491293334466,0.214235061996486,0.186303951393709,0.829246311352096,0.769839713041313,-0.144272637663593,0.945143116823719,0.592653183775532,0.657157689537881,0.409271557390429,0.0953873769055955,0.0537167434459834,-0.0936586488800147,0.0160689783552155
"planning_cell_by_design","post_production_exploratory_heterogeneity_sensitivity",0.5,"primary","mlma_cr2","all_non_null","nu_C_star_primary","nu_C*<5","het_tau0.05_omega0.15_rho0.50",0.05,0.15,FALSE,FALSE,NA,NA,17,51,0.180605023720144,0.119412455775087,0.0878755490594154,0.896651583710407,0.844985459751393,-0.018301338801956,0.792900097098685,0.714000427191273,0.644450390484682,0.625959383031876,0.103885014182741,0.0419712166933458,-0.101158557899505,0.0150222194680485
"planning_cell_by_design","post_production_exploratory_heterogeneity_sensitivity",0.5,"primary","mlma_cr2","all_non_null","nu_C_star_primary","[5,10)","het_tau0.05_omega0.15_rho0.50",0.05,0.15,FALSE,FALSE,NA,NA,21,63,0.233468936752677,0.166151481258873,0.15051269306875,0.869644528969029,0.841945103336515,-0.0175878081455298,0.744323200625924,0.708871557032335,0.654555624766046,0.455886706872954,0.0874099209250334,0.0599867753286714,-0.0861503212320026,0.0148986974215091
"planning_cell_by_design","post_production_exploratory_heterogeneity_sensitivity",0.5,"primary","mlma_cr2","all_non_null","nu_C_star_primary","[10,20)","het_tau0.05_omega0.15_rho0.50",0.05,0.15,FALSE,FALSE,NA,NA,24,72,0.249317870906105,0.188833815055871,0.165295324830275,0.879023700489873,0.837402568682962,-0.0625871570623952,0.832972253328808,0.701243062036824,0.657157689537881,0.473917570424716,0.104893441244237,0.0565455100710679,-0.0997220684278243,-0.000533135101106986
"planning_cell_by_design","post_production_exploratory_heterogeneity_sensitivity",0.5,"primary","mlma_cr2","all_non_null","nu_C_star_primary","nu_C*>=20","het_tau0.05_omega0.15_rho0.50",0.05,0.15,FALSE,FALSE,NA,NA,38,114,0.24339243677129,0.174594885918724,0.162201379798837,0.885164563069136,0.837857264869998,-0.158235907523279,0.994769532528223,0.702004796295434,0.64590345192829,0.339457722366885,0.0822381278579583,0.0481270433370112,-0.0820861656478006,0.0086469849449917
"planning_cell_by_design","post_production_exploratory_heterogeneity_sensitivity",0.5,"primary","mlma_cr2","all_non_null","n_cv","n_cv<=0.3","het_tau0.05_omega0.15_rho0.50",0.05,0.15,FALSE,FALSE,NA,NA,23,69,0.220643965626996,0.15400183438905,0.130238802096696,0.891552180106434,0.860943463573954,-0.0761916424645409,0.915919963523532,0.741223647470716,0.644450390484682,0.34400012842663,0.0764193297796529,0.0606752855450284,-0.0754882867036024,0.0148260875451455
"planning_cell_by_design","post_production_exploratory_heterogeneity_sensitivity",0.5,"primary","mlma_cr2","all_non_null","n_cv","0.3<n_cv<=0.6","het_tau0.05_omega0.15_rho0.50",0.05,0.15,FALSE,FALSE,NA,NA,15,45,0.274737734339253,0.211776740576939,0.201410720772453,0.895945189721527,0.83122364996226,-0.113352168770252,0.871825328384039,0.690932756256582,0.647509402126617,0.421734663439361,0.100853945478312,0.0501960522201533,-0.0976270083090097,-0.0126696424645371
"planning_cell_by_design","post_production_exploratory_heterogeneity_sensitivity",0.5,"primary","mlma_cr2","all_non_null","n_cv","n_cv>0.6","het_tau0.05_omega0.15_rho0.50",0.05,0.15,FALSE,FALSE,NA,NA,62,186,0.22683565827359,0.160759948084887,0.141431255756862,0.911346595896178,0.864717076391484,-0.0479357678192358,0.834882614744898,0.747735622203036,0.657157689537881,0.451815569860325,0.0963498590627372,0.0485593629574691,-0.094206781423062,0.0118239546084087
"planning_cell_by_design","post_production_exploratory_heterogeneity_sensitivity",0.5,"primary","mlma_cr2","all_non_null","alignment_pattern","independent","het_tau0.05_omega0.15_rho0.50",0.05,0.15,FALSE,FALSE,NA,NA,24,72,0.233138440306618,0.167997187244688,0.122373295378308,0.85636420644132,0.82555869112408,-0.0263342116002536,0.842632895707718,0.681547152490504,0.657157689537881,0.432501686514315,0.0867860825351527,0.0569907544877424,-0.0833978493366157,0.0435419231923855
"planning_cell_by_design","post_production_exploratory_heterogeneity_sensitivity",0.5,"primary","mlma_cr2","all_non_null","alignment_pattern","n_majority","het_tau0.05_omega0.15_rho0.50",0.05,0.15,FALSE,FALSE,NA,NA,20,60,0.191386259542793,0.140248425162583,0.140043504672037,0.961502660590993,0.928125727568874,-0.0674219102009054,0.865605830194023,0.861417366175252,0.499563382610246,0.468525551315066,0.102712019704148,0.0397560259603488,-0.101751480625366,-0.00521489551191333
"planning_cell_by_design","post_production_exploratory_heterogeneity_sensitivity",0.5,"primary","mlma_cr2","all_non_null","alignment_pattern","n_minority","het_tau0.05_omega0.15_rho0.50",0.05,0.15,FALSE,FALSE,NA,NA,20,60,0.299761536863091,0.227131872413132,0.226893906846511,0.894970825229231,0.823508200788704,-0.105454289947787,0.814705333405289,0.678165756766249,0.647509402126617,0.736572023559224,0.116871938700162,0.055283415665361,-0.116871938700162,0.00263844857474914
"planning_cell_by_design","post_production_exploratory_heterogeneity_sensitivity",0.5,"primary","mlma_cr2","all_non_null","alignment_pattern","nk_majority","het_tau0.05_omega0.15_rho0.50",0.05,0.15,FALSE,FALSE,NA,NA,18,54,0.169768267635887,0.116750040702373,0.107032966806529,0.940080045740423,0.919977958501975,-0.0387781794893366,0.868620114081592,0.846359444129461,0.443559594992313,0.206801220554152,0.0831785820420936,0.0506316797543518,-0.081709049066891,0.00140083484334508
"planning_cell_by_design","post_production_exploratory_heterogeneity_sensitivity",0.5,"primary","mlma_cr2","all_non_null","alignment_pattern","nk_minority","het_tau0.05_omega0.15_rho0.50",0.05,0.15,FALSE,FALSE,NA,NA,18,54,0.245982323926198,0.178042827935318,0.143505021931575,0.879298374581842,0.833681841311139,-0.0986199601378136,0.934224863477345,0.695025412531931,0.654555624766046,0.42193558941922,0.0706880779616024,0.0544008710223715,-0.0664820285141372,-0.00748064904236368
"planning_cell_by_design","post_production_exploratory_heterogeneity_sensitivity",0.5,"primary","mlma_cr2","all_non_null","nk_mode","independent","het_tau0.05_omega0.15_rho0.50",0.05,0.15,FALSE,FALSE,NA,NA,39,117,0.259433096492799,0.189540456592461,0.174965144120719,0.89992956490144,0.836830874593146,-0.0728740131322388,0.836215229236588,0.70028591267233,0.657157689537881,0.549882398327192,0.102266048597541,0.0550398083808399,-0.101489042683169,0.00958431562571044
"planning_cell_by_design","post_production_exploratory_heterogeneity_sensitivity",0.5,"primary","mlma_cr2","all_non_null","nk_mode","negative","het_tau0.05_omega0.15_rho0.50",0.05,0.15,FALSE,FALSE,NA,NA,30,90,0.198623639261592,0.142503795039166,0.130275026184412,0.928780744820904,0.904060680795245,-0.0714618897324931,0.90006794189914,0.817325714559962,0.635710605385697,0.403052469760208,0.0878963246985804,0.0530818667622283,-0.0873750104731414,0.015621123796686
"planning_cell_by_design","post_production_exploratory_heterogeneity_sensitivity",0.5,"primary","mlma_cr2","all_non_null","nk_mode","positive","het_tau0.05_omega0.15_rho0.50",0.05,0.15,FALSE,FALSE,NA,NA,31,93,0.229561739591541,0.161890916857557,0.130758055177286,0.888730552834726,0.846128662613937,-0.0367421380012582,0.840134347358918,0.71593371369685,0.647509402126617,0.409271557390429,0.0844799804108034,0.0458111072413364,-0.0794236512325813,0.00134253351575312
"planning_cell_by_design","post_production_exploratory_heterogeneity_sensitivity",0.5,"primary","mlma_cr2","all_non_null","all","all","het_tau0.05_omega0.20_rho0.50",0.05,0.2,FALSE,FALSE,NA,NA,100,300,0.19013663185673,0.129947614329558,0.0870030497689815,0.902158935738518,0.876690910943471,-0.0145519703501401,0.866107586197099,0.768586953330893,0.595901103537576,0.306155445276115,0.092441450289964,0.0687272637618496,-0.0904145616704785,0.0588404056229163
"planning_cell_by_design","post_production_exploratory_heterogeneity_sensitivity",0.5,"primary","mlma_cr2","all_non_null","scenario_set","broad","het_tau0.05_omega0.20_rho0.50",0.05,0.2,FALSE,FALSE,NA,NA,80,240,0.19167148578947,0.13145128176683,0.0893761999721422,0.902527656221073,0.875337710781703,-0.0166523444175784,0.866038747296377,0.766216107916552,0.594253096764906,0.306155445276115,0.0918324119864862,0.0713689485512179,-0.0899600910509704,0.0601646657736856
"planning_cell_by_design","post_production_exploratory_heterogeneity_sensitivity",0.5,"primary","mlma_cr2","all_non_null","scenario_set","targeted","het_tau0.05_omega0.20_rho0.50",0.05,0.2,FALSE,FALSE,NA,NA,20,60,0.183869138275394,0.123932944580468,0.0775104489563388,0.904251180883579,0.882429995373573,-0.0064776329484201,0.86700003767614,0.778682696735004,0.595901103537576,0.304603397838132,0.0948776035038754,0.0581605246043764,-0.0922324441485106,0.0535433650198392
"planning_cell_by_design","post_production_exploratory_heterogeneity_sensitivity",0.5,"primary","mlma_cr2","all_non_null","beta1_true","0.05","het_tau0.05_omega0.20_rho0.50",0.05,0.2,FALSE,FALSE,NA,NA,100,100,0.121946411660402,0.0852700919996484,0.0389075654891355,0.758852438372128,0.596220084327532,0.0313041692651582,0.665917981621376,0.355478388955529,0.47082271291728,0.392011883028952,0.092441450289964,0.0687272637618496,-0.0904145616704785,0.0588404056229163
"planning_cell_by_design","post_production_exploratory_heterogeneity_sensitivity",0.5,"primary","mlma_cr2","all_non_null","beta1_true","0.1","het_tau0.05_omega0.20_rho0.50",0.05,0.2,FALSE,FALSE,NA,NA,100,100,0.237095510490246,0.181117781610133,0.116466923449948,0.760392320412425,0.719613485466599,0.0298555423209583,0.731882575469547,0.517843568465386,0.595901103537576,0.360225949270727,0.092441450289964,0.0687272637618496,-0.0904145616704785,0.0588404056229163
"planning_cell_by_design","post_production_exploratory_heterogeneity_sensitivity",0.5,"primary","mlma_cr2","all_non_null","beta1_true","0.2","het_tau0.05_omega0.20_rho0.50",0.05,0.2,FALSE,FALSE,NA,NA,100,100,0.193314789682492,0.123454969378891,0.105634660367861,0.760729560879164,0.798971878294433,-0.104750050550556,0.998980205211253,0.638356062305334,0.561975343441967,0.0791466287891944,0.092441450289964,0.0687272637618496,-0.0904145616704785,0.0588404056229163
"planning_cell_by_design","post_production_exploratory_heterogeneity_sensitivity",0.5,"primary","mlma_cr2","all_non_null","J","J<=36","het_tau0.05_omega0.20_rho0.50",0.05,0.2,FALSE,FALSE,NA,NA,34,102,0.182191758303034,0.12345685898595,0.0801838861259981,0.891221681593379,0.85552354355176,0.0063639836601882,0.782862679540907,0.731920533571361,0.561975343441967,0.398104433325043,0.0990994764569521,0.0686213762000039,-0.0966870668311552,0.0603291035065982
"planning_cell_by_design","post_production_exploratory_heterogeneity_sensitivity",0.5,"primary","mlma_cr2","all_non_null","J","37-60","het_tau0.05_omega0.20_rho0.50",0.05,0.2,FALSE,FALSE,NA,NA,24,72,0.206880870407924,0.1421421644953,0.102363236506828,0.884435119118218,0.856238320275003,-0.0110588604628407,0.829662547379218,0.733144061107359,0.594253096764906,0.318580124767159,0.0977256484580794,0.0772585874771443,-0.0969251992257608,0.0700619647112012
"planning_cell_by_design","post_production_exploratory_heterogeneity_sensitivity",0.5,"primary","mlma_cr2","all_non_null","J","61-96","het_tau0.05_omega0.20_rho0.50",0.05,0.2,FALSE,FALSE,NA,NA,30,90,0.210909531289896,0.151775097371267,0.0993393016546504,0.89076869592576,0.843777621073577,-0.0215503285447692,0.87996741949049,0.711960673824584,0.595901103537576,0.333431558394729,0.0940657823379405,0.0683431326569271,-0.0913977102597187,0.0577038447282723
"planning_cell_by_design","post_production_exploratory_heterogeneity_sensitivity",0.5,"primary","mlma_cr2","all_non_null","J","J>96","het_tau0.05_omega0.20_rho0.50",0.05,0.2,FALSE,FALSE,NA,NA,12,36,0.102031794781469,0.0693802798673531,0.0447630102342363,0.981462442416804,0.958917763789986,-0.0490495403619159,1.0062326586421,0.919523277711987,0.323779692327969,0.103160793087416,0.0589478163606593,0.0529249588521295,-0.0571633171315624,0.035020712345858
"planning_cell_by_design","post_production_exploratory_heterogeneity_sensitivity",0.5,"primary","mlma_cr2","all_non_null","tau_true","tau<0.05","het_tau0.05_omega0.20_rho0.50",0.05,0.2,FALSE,FALSE,NA,NA,9,27,0.168353957521023,0.10179872732193,-0.101655459434701,0.938246281098738,0.926465201597407,0.134901052125286,0.934716890253577,0.858337769770923,0.544419895658161,0.0981435963051389,0.0112604923304752,0.066497883673977,0.0112604923304752,0.0641789266865492
"planning_cell_by_design","post_production_exploratory_heterogeneity_sensitivity",0.5,"primary","mlma_cr2","all_non_null","tau_true","[0.05,0.10)","het_tau0.05_omega0.20_rho0.50",0.05,0.2,FALSE,FALSE,NA,NA,22,66,0.115280330463762,0.0749939271088239,-0.0241731829357558,0.952074743058341,0.943247319284806,0.057128741247254,0.943485666674689,0.889715505337974,0.47082271291728,0.114807206220154,0.0268922368173689,0.0756154624345972,-0.0268922368173689,0.0573361012319193
"planning_cell_by_design","post_production_exploratory_heterogeneity_sensitivity",0.5,"primary","mlma_cr2","all_non_null","tau_true","[0.10,0.15)","het_tau0.05_omega0.20_rho0.50",0.05,0.2,FALSE,FALSE,NA,NA,25,75,0.108107883452393,0.0792530886889488,0.0679853945182621,0.978733694746173,0.969222652669413,-0.0403378969536578,0.95191163103762,0.939392550447533,0.264391125680203,0.257564540024035,0.076005481915176,0.0737377859363775,-0.076005481915176,0.0684605119582895
"planning_cell_by_design","post_production_exploratory_heterogeneity_sensitivity",0.5,"primary","mlma_cr2","all_non_null","tau_true","tau>=0.15","het_tau0.05_omega0.20_rho0.50",0.05,0.2,FALSE,FALSE,NA,NA,44,132,0.251158828760489,0.191985892578194,0.191985892578194,0.945989415732861,0.883236568860235,-0.0497599825239415,0.719700014225949,0.780106836572001,0.595901103537576,0.677580896763473,0.151159871367287,0.0628922863897407,-0.151159871367287,0.0530346180921188
"planning_cell_by_design","post_production_exploratory_heterogeneity_sensitivity",0.5,"primary","mlma_cr2","all_non_null","omega_true","omega<0.05","het_tau0.05_omega0.20_rho0.50",0.05,0.2,FALSE,FALSE,NA,NA,8,24,0.184051374211371,0.117660672851184,0.054803650103356,0.90019571599666,0.871412996567847,0.0129383058731246,0.871012081719982,0.759360610587354,0.47082271291728,0.245769371633176,0.0995657732001563,0.158767445836864,-0.0995657732001563,0.158767445836864
"planning_cell_by_design","post_production_exploratory_heterogeneity_sensitivity",0.5,"primary","mlma_cr2","all_non_null","omega_true","[0.05,0.10)","het_tau0.05_omega0.20_rho0.50",0.05,0.2,FALSE,FALSE,NA,NA,23,69,0.197299772044215,0.138908801543423,0.0455148829386295,0.862140783581083,0.835846309701783,0.0424812298456407,0.848284207386829,0.698639053442088,0.55006816231521,0.26524848383517,0.086805992284281,0.122622487332619,-0.0851437564440978,0.122622487332619
"planning_cell_by_design","post_production_exploratory_heterogeneity_sensitivity",0.5,"primary","mlma_cr2","all_non_null","omega_true","[0.10,0.15)","het_tau0.05_omega0.20_rho0.50",0.05,0.2,FALSE,FALSE,NA,NA,20,60,0.164192645444645,0.109284568671783,0.0543634897905681,0.901374011951561,0.901316598778338,-0.0106938730380468,0.917194655617664,0.812371611233352,0.561975343441967,0.277878387628811,0.078066395353331,0.0740569966450596,-0.0751362345883711,0.0740569966450596
"planning_cell_by_design","post_production_exploratory_heterogeneity_sensitivity",0.5,"primary","mlma_cr2","all_non_null","omega_true","omega>=0.15","het_tau0.05_omega0.20_rho0.50",0.05,0.2,FALSE,FALSE,NA,NA,49,147,0.197416193177551,0.136181270228814,0.125056401483091,0.928106945679072,0.896886087152093,-0.0420069090340285,0.843617713453008,0.804404653326992,0.595901103537576,0.378851356425107,0.0997908798732667,0.0265536666926251,-0.0976305896217332,0.00637640518459797
"planning_cell_by_design","post_production_exploratory_heterogeneity_sensitivity",0.5,"primary","mlma_cr2","all_non_null","I_C_star_primary","I_C*<2000","het_tau0.05_omega0.20_rho0.50",0.05,0.2,FALSE,FALSE,NA,NA,6,18,0.0815463169292272,0.0562868165855068,0.0279822373501702,0.902992776057791,0.903250860910419,0.0171437734403257,0.77144513724177,0.815862117735413,0.192306923360077,0.307604359791905,0.104647372904476,0.0693037406595733,-0.101445575975202,0.0668589818952993
"planning_cell_by_design","post_production_exploratory_heterogeneity_sensitivity",0.5,"primary","mlma_cr2","all_non_null","I_C_star_primary","[2000,8000)","het_tau0.05_omega0.20_rho0.50",0.05,0.2,FALSE,FALSE,NA,NA,28,84,0.145369059497466,0.105190956479926,0.0650101180357185,0.92562518983497,0.912123539274496,-0.0073370614962391,0.86454309679434,0.831969350898632,0.36855090290157,0.364717959686317,0.0936179200222562,0.060528993671945,-0.0922770613565954,0.049506210031676
"planning_cell_by_design","post_production_exploratory_heterogeneity_sensitivity",0.5,"primary","mlma_cr2","all_non_null","I_C_star_primary","[8000,20000)","het_tau0.05_omega0.20_rho0.50",0.05,0.2,FALSE,FALSE,NA,NA,35,105,0.1875911260511,0.126915089520482,0.0868491889504739,0.896113623774493,0.879692057174088,-0.0237042498404154,0.885820535776388,0.77385811545518,0.595901103537576,0.30041462964931,0.086798581339226,0.0698397216701813,-0.0841601965123289,0.0585306988863208
"planning_cell_by_design","post_production_exploratory_heterogeneity_sensitivity",0.5,"primary","mlma_cr2","all_non_null","I_C_star_primary","I_C*>=20000","het_tau0.05_omega0.20_rho0.50",0.05,0.2,FALSE,FALSE,NA,NA,31,93,0.237726423113578,0.169989213509287,0.118464730146143,0.826623824810108,0.798453947088529,-0.0349724860882459,0.880445305166542,0.637528705621252,0.594253096764906,0.280461719032354,0.0953873769055955,0.0747645758373134,-0.0936586488800147,0.0660689783552155
"planning_cell_by_design","post_production_exploratory_heterogeneity_sensitivity",0.5,"primary","mlma_cr2","all_non_null","nu_C_star_primary","nu_C*<5","het_tau0.05_omega0.20_rho0.50",0.05,0.2,FALSE,FALSE,NA,NA,17,51,0.153408134395559,0.0948451411027958,0.0418058053807037,0.901447963800905,0.851251656144098,-0.00278707634838268,0.865394832819334,0.724629382088071,0.561975343441967,0.477832148850702,0.103885014182741,0.070617749170383,-0.101158557899505,0.0650222194680485
"planning_cell_by_design","post_production_exploratory_heterogeneity_sensitivity",0.5,"primary","mlma_cr2","all_non_null","nu_C_star_primary","[5,10)","het_tau0.05_omega0.20_rho0.50",0.05,0.2,FALSE,FALSE,NA,NA,21,63,0.190533010767584,0.126961734585815,0.08423842385031,0.866140220588882,0.846458897469928,0.0176489304376372,0.775390481100344,0.716492665106006,0.567069765911875,0.346670544337324,0.0874099209250334,0.078950051426117,-0.0861503212320026,0.0648986974215091
"planning_cell_by_design","post_production_exploratory_heterogeneity_sensitivity",0.5,"primary","mlma_cr2","all_non_null","nu_C_star_primary","[10,20)","het_tau0.05_omega0.20_rho0.50",0.05,0.2,FALSE,FALSE,NA,NA,24,72,0.202792916766447,0.146644197087802,0.0983409013883724,0.878316236747024,0.85519067115398,-0.0106379002354685,0.83994703898907,0.731351084028794,0.555559205826785,0.369945085829403,0.104893441244237,0.0620323295809164,-0.0997220684278243,0.049466864898893
"planning_cell_by_design","post_production_exploratory_heterogeneity_sensitivity",0.5,"primary","mlma_cr2","all_non_null","nu_C_star_primary","nu_C*>=20","het_tau0.05_omega0.20_rho0.50",0.05,0.2,FALSE,FALSE,NA,NA,38,114,0.196398917907099,0.136756233626286,0.101589940822335,0.884672644953672,0.864557272887467,-0.0591705623427414,0.939186938142398,0.747459278102614,0.595901103537576,0.258792032719572,0.0822381278579583,0.0664604644841579,-0.0820861656478006,0.0586469849449917
"planning_cell_by_design","post_production_exploratory_heterogeneity_sensitivity",0.5,"primary","mlma_cr2","all_non_null","n_cv","n_cv<=0.3","het_tau0.05_omega0.20_rho0.50",0.05,0.2,FALSE,FALSE,NA,NA,23,69,0.177835620787367,0.123950710550219,0.0607369856898908,0.898640750718756,0.880187057119483,-0.00746828303504023,0.907084762915051,0.774729255520656,0.561975343441967,0.272819445989848,0.0764193297796529,0.0780050147350285,-0.0754882867036024,0.0648260875451455
"planning_cell_by_design","post_production_exploratory_heterogeneity_sensitivity",0.5,"primary","mlma_cr2","all_non_null","n_cv","0.3<n_cv<=0.6","het_tau0.05_omega0.20_rho0.50",0.05,0.2,FALSE,FALSE,NA,NA,15,45,0.217483573045502,0.156641689724375,0.13410970172207,0.887776277697595,0.863639243806906,-0.0509850518861825,0.865867169170465,0.745872743443365,0.535034176124892,0.280461719032354,0.100853945478312,0.0546355901796216,-0.0976270083090097,0.0373303575354629
"planning_cell_by_design","post_production_exploratory_heterogeneity_sensitivity",0.5,"primary","mlma_cr2","all_non_null","n_cv","n_cv>0.6","het_tau0.05_omega0.20_rho0.50",0.05,0.2,FALSE,FALSE,NA,NA,62,186,0.187441200446258,0.12571402813605,0.0853501416161229,0.909000967270155,0.879426048665059,-0.0107875759906385,0.853843417520414,0.773390175070638,0.595901103537576,0.329747266181572,0.0963498590627372,0.0686947932997578,-0.094206781423062,0.0618239546084088
"planning_cell_by_design","post_production_exploratory_heterogeneity_sensitivity",0.5,"primary","mlma_cr2","all_non_null","alignment_pattern","independent","het_tau0.05_omega0.20_rho0.50",0.05,0.2,FALSE,FALSE,NA,NA,24,72,0.198911062599502,0.141587454451779,0.0538130200655223,0.864757096602455,0.839405132051633,0.0295192258752883,0.846172883812068,0.704600975714619,0.561975343441967,0.356314030011092,0.0867860825351527,0.0935419231923855,-0.0833978493366157,0.0935419231923855
"planning_cell_by_design","post_production_exploratory_heterogeneity_sensitivity",0.5,"primary","mlma_cr2","all_non_null","alignment_pattern","n_majority","het_tau0.05_omega0.20_rho0.50",0.05,0.2,FALSE,FALSE,NA,NA,20,60,0.140018127039633,0.0973094164594881,0.090732895959281,0.961002514715064,0.950967418649735,-0.0422848323174877,0.901338236895975,0.904339031333341,0.40491927809196,0.338012451078434,0.102712019704148,0.0541270773802477,-0.101751480625366,0.0447851044880867
"planning_cell_by_design","post_production_exploratory_heterogeneity_sensitivity",0.5,"primary","mlma_cr2","all_non_null","alignment_pattern","n_minority","het_tau0.05_omega0.20_rho0.50",0.05,0.2,FALSE,FALSE,NA,NA,20,60,0.245000672634716,0.171842116827753,0.164948792755333,0.892803556543484,0.854119211075586,-0.0586530062841897,0.820882407427414,0.729519626728382,0.595901103537576,0.413870615334421,0.116871938700162,0.0652231347329332,-0.116871938700162,0.0526384485747492
"planning_cell_by_design","post_production_exploratory_heterogeneity_sensitivity",0.5,"primary","mlma_cr2","all_non_null","alignment_pattern","nk_majority","het_tau0.05_omega0.20_rho0.50",0.05,0.2,FALSE,FALSE,NA,NA,18,54,0.129792073642199,0.0917766437747377,0.0455367333494044,0.94061368400991,0.92948750621691,0.00112929824469787,0.898114911528276,0.86394702421333,0.348429039548149,0.250558976603442,0.0831785820420936,0.0630034260651673,-0.081709049066891,0.0514008348433451
"planning_cell_by_design","post_production_exploratory_heterogeneity_sensitivity",0.5,"primary","mlma_cr2","all_non_null","alignment_pattern","nk_minority","het_tau0.05_omega0.20_rho0.50",0.05,0.2,FALSE,FALSE,NA,NA,18,54,0.206798805192911,0.142314015134609,0.0819720844857807,0.876857256463886,0.853031038313279,-0.0295107300272662,0.915503304858103,0.727661952325831,0.594253096764906,0.27443229243504,0.0706880779616024,0.0614807948961711,-0.0664820285141372,0.0425193509576363
"planning_cell_by_design","post_production_exploratory_heterogeneity_sensitivity",0.5,"primary","mlma_cr2","all_non_null","nk_mode","independent","het_tau0.05_omega0.20_rho0.50",0.05,0.2,FALSE,FALSE,NA,NA,39,117,0.214133260482736,0.15416767062646,0.11444513634452,0.899210226692511,0.856620078330398,-0.0262590879317939,0.843309742465683,0.733797958598778,0.567069765911875,0.365407383111208,0.102266048597541,0.0724432310029814,-0.101489042683169,0.0595843156257105
"planning_cell_by_design","post_production_exploratory_heterogeneity_sensitivity",0.5,"primary","mlma_cr2","all_non_null","nk_mode","negative","het_tau0.05_omega0.20_rho0.50",0.05,0.2,FALSE,FALSE,NA,NA,30,90,0.152252881464958,0.102063557638935,0.0701235488090164,0.927661255834662,0.922087766079141,-0.0266190669332498,0.917664365128769,0.85024584835282,0.594253096764906,0.25974887399171,0.0878963246985804,0.071633040970723,-0.0873750104731414,0.065621123796686
"planning_cell_by_design","post_production_exploratory_heterogeneity_sensitivity",0.5,"primary","mlma_cr2","all_non_null","nk_mode","positive","het_tau0.05_omega0.20_rho0.50",0.05,0.2,FALSE,FALSE,NA,NA,31,93,0.19104944499307,0.126461791914702,0.0688141353287546,0.892006036725607,0.863299822871816,0.00813619783157693,0.853748121861171,0.745286584170509,0.595901103537576,0.261707537163452,0.0844799804108034,0.0612402947724838,-0.0794236512325813,0.0513425335157531
"planning_cell_by_design","post_production_exploratory_heterogeneity_sensitivity",0.5,"primary","mlma_cr2","all_non_null","all","all","het_tau0.10_omega0.00_rho0.50",0.1,0,FALSE,FALSE,NA,NA,100,300,0.229863021878287,0.168081583822724,0.142216552560004,0.902105378201316,0.857011266395264,-0.0587396673844712,0.860015068788829,0.734468310728413,0.628615390370638,0.486575251651524,0.0616088660903217,0.141159594377084,-0.0404145616704785,-0.141159594377084
"planning_cell_by_design","post_production_exploratory_heterogeneity_sensitivity",0.5,"primary","mlma_cr2","all_non_null","scenario_set","broad","het_tau0.10_omega0.00_rho0.50",0.1,0,FALSE,FALSE,NA,NA,80,240,0.236115357506432,0.174040616793319,0.146929891307769,0.900086550499181,0.849561353967843,-0.058846980443661,0.853299307927052,0.721754494155674,0.628615390370638,0.50844186180991,0.0622916817369333,0.139835334226314,-0.0399600910509704,-0.139835334226314
"planning_cell_by_design","post_production_exploratory_heterogeneity_sensitivity",0.5,"primary","mlma_cr2","all_non_null","scenario_set","targeted","het_tau0.10_omega0.00_rho0.50",0.1,0,FALSE,FALSE,NA,NA,20,60,0.202936433233485,0.144245451940341,0.123363197568944,0.913864962489581,0.887930672302372,-0.0591056512220537,0.889198561202238,0.788420878815342,0.586626532655006,0.400975289892509,0.0588776035038754,0.146456634980161,-0.0422324441485106,-0.146456634980161
"planning_cell_by_design","post_production_exploratory_heterogeneity_sensitivity",0.5,"primary","mlma_cr2","all_non_null","beta1_true","0.05","het_tau0.10_omega0.00_rho0.50",0.1,0,FALSE,FALSE,NA,NA,100,100,0.145099976363266,0.111935465147757,0.0775775057060563,0.770499672979206,0.591072762493148,0.0256505963805483,0.585151254303106,0.349367010561281,0.394800791417029,0.627460245794355,0.0616088660903217,0.141159594377084,-0.0404145616704785,-0.141159594377084
"planning_cell_by_design","post_production_exploratory_heterogeneity_sensitivity",0.5,"primary","mlma_cr2","all_non_null","beta1_true","0.1","het_tau0.10_omega0.00_rho0.50",0.1,0,FALSE,FALSE,NA,NA,100,100,0.282989609237713,0.233753107830646,0.195742845204095,0.766770977414125,0.714756673058884,-0.0455404807020706,0.759682428482871,0.510877101682205,0.628615390370638,0.555393456665728,0.0616088660903217,0.141159594377084,-0.0404145616704785,-0.141159594377084
"planning_cell_by_design","post_production_exploratory_heterogeneity_sensitivity",0.5,"primary","mlma_cr2","all_non_null","beta1_true","0.2","het_tau0.10_omega0.00_rho0.50",0.1,0,FALSE,FALSE,NA,NA,100,100,0.239528504366223,0.158556178489768,0.153329306769861,0.766451137653646,0.734757017661614,-0.271758583863435,1.12941199548169,0.539867875002989,0.593979369352254,0.0853113642746652,0.0616088660903217,0.141159594377084,-0.0404145616704785,-0.141159594377084
"planning_cell_by_design","post_production_exploratory_heterogeneity_sensitivity",0.5,"primary","mlma_cr2","all_non_null","J","J<=36","het_tau0.10_omega0.00_rho0.50",0.1,0,FALSE,FALSE,NA,NA,34,102,0.237352093058801,0.175030850245674,0.140563284967022,0.865555935666632,0.81290585033934,-0.010137345018795,0.715826128503976,0.660815921515925,0.573963697396533,0.633138834234085,0.0695394112139971,0.139670896493402,-0.0466870668311552,-0.139670896493402
"planning_cell_by_design","post_production_exploratory_heterogeneity_sensitivity",0.5,"primary","mlma_cr2","all_non_null","J","37-60","het_tau0.10_omega0.00_rho0.50",0.1,0,FALSE,FALSE,NA,NA,24,72,0.236485033656866,0.163405329500617,0.159609993772697,0.911784804387731,0.86210636981711,-0.069649395349132,0.848364141378603,0.743227392879235,0.593979369352254,0.426975342308507,0.0635124665379384,0.129938035288799,-0.0469251992257608,-0.129938035288799
"planning_cell_by_design","post_production_exploratory_heterogeneity_sensitivity",0.5,"primary","mlma_cr2","all_non_null","J","61-96","het_tau0.10_omega0.00_rho0.50",0.1,0,FALSE,FALSE,NA,NA,30,90,0.234172857742914,0.18273556714176,0.14406177766001,0.889879565534906,0.841809327117751,-0.0888979882135023,0.920374209499352,0.708642943222441,0.628615390370638,0.449429881247382,0.0596276242641792,0.142296155271728,-0.0413977102597187,-0.142296155271728
"planning_cell_by_design","post_production_exploratory_heterogeneity_sensitivity",0.5,"primary","mlma_cr2","all_non_null","J","J>96","het_tau0.10_omega0.00_rho0.50",0.1,0,FALSE,FALSE,NA,NA,12,36,0.178176974159912,0.121109545970989,0.107500865564719,0.936405798286966,0.898360377454345,-0.124974785177004,1.02328331892699,0.807051367779913,0.542818652214755,0.182742034428242,0.0402848919100311,0.164979287654142,-0.00716331713156238,-0.164979287654142
"planning_cell_by_design","post_production_exploratory_heterogeneity_sensitivity",0.5,"primary","mlma_cr2","all_non_null","tau_true","tau<0.05","het_tau0.10_omega0.00_rho0.50",0.1,0,FALSE,FALSE,NA,NA,9,27,0.178515070146174,0.120068917764434,-0.073652594233323,0.923571852459853,0.890495812784087,0.120193464083478,0.913372922618551,0.792982792585991,0.3863358087986,0.142497793330154,0.0612604923304752,0.135821073313451,0.0612604923304752,-0.135821073313451
"planning_cell_by_design","post_production_exploratory_heterogeneity_sensitivity",0.5,"primary","mlma_cr2","all_non_null","tau_true","[0.05,0.10)","het_tau0.10_omega0.00_rho0.50",0.1,0,FALSE,FALSE,NA,NA,22,66,0.118577569150586,0.0680260671231121,0.0297074526567811,0.942677620002185,0.940058902766594,-0.00522993253845955,0.961574772385578,0.883710740670733,0.412828853152763,0.0574937871985527,0.0231077631826311,0.142663898768081,0.0231077631826311,-0.142663898768081
"planning_cell_by_design","post_production_exploratory_heterogeneity_sensitivity",0.5,"primary","mlma_cr2","all_non_null","tau_true","[0.10,0.15)","het_tau0.10_omega0.00_rho0.50",0.1,0,FALSE,FALSE,NA,NA,25,75,0.16710189712314,0.132171060276596,0.13217106027528,0.986159120428655,0.952648458709061,-0.114180950998285,0.971851606776862,0.90753908588075,0.441953075079018,0.371358939309802,0.026005481915176,0.131539488041711,-0.026005481915176,-0.131539488041711
"planning_cell_by_design","post_production_exploratory_heterogeneity_sensitivity",0.5,"primary","mlma_cr2","all_non_null","tau_true","tau>=0.15","het_tau0.10_omega0.00_rho0.50",0.1,0,FALSE,FALSE,NA,NA,44,132,0.301114672803016,0.248333821335662,0.248333821335662,0.966103972175739,0.867273681162359,-0.0845052635964919,0.709397073189458,0.75216363803691,0.628615390370638,1.09621941239347,0.101159871367287,0.146965381907881,-0.101159871367287,-0.146965381907881
"planning_cell_by_design","post_production_exploratory_heterogeneity_sensitivity",0.5,"primary","mlma_cr2","all_non_null","omega_true","omega<0.05","het_tau0.10_omega0.00_rho0.50",0.1,0,FALSE,FALSE,NA,NA,8,24,0.215584943290064,0.15600806752365,0.121085910861885,0.919330310926057,0.864126336880176,-0.0548603646579748,0.888030935804418,0.746714326089952,0.489911508064926,0.382124803298844,0.0617216959006182,0.0412325541631362,-0.0495657732001563,-0.0412325541631362
"planning_cell_by_design","post_production_exploratory_heterogeneity_sensitivity",0.5,"primary","mlma_cr2","all_non_null","omega_true","[0.05,0.10)","het_tau0.10_omega0.00_rho0.50",0.1,0,FALSE,FALSE,NA,NA,23,69,0.215100138505724,0.148382959623975,0.0963896168371245,0.857865795906357,0.832515155084025,-0.0091300402851225,0.861686158939457,0.693081483444578,0.542818652214755,0.305301136135917,0.0589048730383156,0.0773775126673813,-0.0351437564440978,-0.0773775126673813
"planning_cell_by_design","post_production_exploratory_heterogeneity_sensitivity",0.5,"primary","mlma_cr2","all_non_null","omega_true","[0.10,0.15)","het_tau0.10_omega0.00_rho0.50",0.1,0,FALSE,FALSE,NA,NA,20,60,0.195719040196931,0.14259483489892,0.110636005013275,0.920129482298888,0.891772920994559,-0.0633057013470369,0.9189062623631,0.795258942619167,0.536595484102423,0.378425283492247,0.0525739858906513,0.12594300335494,-0.0251362345883711,-0.12594300335494
"planning_cell_by_design","post_production_exploratory_heterogeneity_sensitivity",0.5,"primary","mlma_cr2","all_non_null","omega_true","omega>=0.15","het_tau0.10_omega0.00_rho0.50",0.1,0,FALSE,FALSE,NA,NA,49,147,0.25077844055625,0.189701817811293,0.180067075134407,0.921960254342194,0.862389784969158,-0.0753691212590025,0.821358268776543,0.743716141219151,0.628615390370638,0.583282018363423,0.0665473723292437,0.193623594815402,-0.0476305896217332,-0.193623594815402
"planning_cell_by_design","post_production_exploratory_heterogeneity_sensitivity",0.5,"primary","mlma_cr2","all_non_null","I_C_star_primary","I_C*<2000","het_tau0.10_omega0.00_rho0.50",0.1,0,FALSE,FALSE,NA,NA,6,18,0.0951084223949057,0.0618253215727285,0.0618253215727285,0.923632610939113,0.966776669330692,0.00621202819141867,0.705827291743756,0.934657128362146,0.263610051370411,0.353024507339256,0.0713140395711429,0.133141018104701,-0.0514455759752018,-0.133141018104701
"planning_cell_by_design","post_production_exploratory_heterogeneity_sensitivity",0.5,"primary","mlma_cr2","all_non_null","I_C_star_primary","[2000,8000)","het_tau0.10_omega0.00_rho0.50",0.1,0,FALSE,FALSE,NA,NA,28,84,0.215645164542268,0.161841132333824,0.137961585002752,0.891363774425433,0.864508671738331,-0.0326273615949818,0.788790137352132,0.747375243510773,0.593979369352254,0.595523011861246,0.0646991823688836,0.150493789968324,-0.0422770613565954,-0.150493789968324
"planning_cell_by_design","post_production_exploratory_heterogeneity_sensitivity",0.5,"primary","mlma_cr2","all_non_null","I_C_star_primary","[8000,20000)","het_tau0.10_omega0.00_rho0.50",0.1,0,FALSE,FALSE,NA,NA,35,105,0.226021753234038,0.163686162113732,0.144261304687892,0.908160224006173,0.865571452286798,-0.0785002911099066,0.892273555293431,0.749213939013876,0.573963697396533,0.468007943480548,0.055642576736438,0.141469301113679,-0.0341601965123289,-0.141469301113679
"planning_cell_by_design","post_production_exploratory_heterogeneity_sensitivity",0.5,"primary","mlma_cr2","all_non_null","I_C_star_primary","I_C*>=20000","het_tau0.10_omega0.00_rho0.50",0.1,0,FALSE,FALSE,NA,NA,31,93,0.262699609033783,0.199246421726075,0.159310751045508,0.837646172322427,0.787506587546953,-0.101080521555935,0.921226004920615,0.620166625429846,0.628615390370638,0.395645157727829,0.0636753251452015,0.133931021644784,-0.0436586488800147,-0.133931021644784
"planning_cell_by_design","post_production_exploratory_heterogeneity_sensitivity",0.5,"primary","mlma_cr2","all_non_null","nu_C_star_primary","nu_C*<5","het_tau0.10_omega0.00_rho0.50",0.1,0,FALSE,FALSE,NA,NA,17,51,0.186668233237434,0.125257495318425,0.0956172175996318,0.89656108597285,0.837853796512428,-0.0246419404748469,0.793488516316904,0.701998984330289,0.593979369352254,0.567831464402139,0.070074195880008,0.134977780531951,-0.0511585578995052,-0.134977780531951
"planning_cell_by_design","post_production_exploratory_heterogeneity_sensitivity",0.5,"primary","mlma_cr2","all_non_null","nu_C_star_primary","[5,10)","het_tau0.10_omega0.00_rho0.50",0.1,0,FALSE,FALSE,NA,NA,21,63,0.227852306680168,0.174050895104993,0.153486573162459,0.886782037074678,0.859586636430487,-0.0287439552454839,0.761426212839801,0.738889185529878,0.540881763281034,0.531769111014113,0.0592560525572765,0.135101302578491,-0.0361503212320026,-0.135101302578491
"planning_cell_by_design","post_production_exploratory_heterogeneity_sensitivity",0.5,"primary","mlma_cr2","all_non_null","nu_C_star_primary","[10,20)","het_tau0.10_omega0.00_rho0.50",0.1,0,FALSE,FALSE,NA,NA,24,72,0.267935679538448,0.207824253864801,0.159804018424862,0.835128790990379,0.783384077734869,-0.0268546291452489,0.781844720446367,0.613690613248511,0.573963697396533,0.596036225740433,0.0793030406307517,0.150533135101107,-0.0497220684278242,-0.150533135101107
"planning_cell_by_design","post_production_exploratory_heterogeneity_sensitivity",0.5,"primary","mlma_cr2","all_non_null","nu_C_star_primary","nu_C*>=20","het_tau0.10_omega0.00_rho0.50",0.1,0,FALSE,FALSE,NA,NA,38,114,0.222316545119056,0.158840265049976,0.145727581005219,0.903921213701589,0.863083337340518,-0.14833270309003,1.00351248501488,0.744912847194847,0.628615390370638,0.310117413602583,0.0479467157955576,0.141353015055008,-0.0320861656478006,-0.141353015055008
"planning_cell_by_design","post_production_exploratory_heterogeneity_sensitivity",0.5,"primary","mlma_cr2","all_non_null","n_cv","n_cv<=0.3","het_tau0.10_omega0.00_rho0.50",0.1,0,FALSE,FALSE,NA,NA,23,69,0.219864612755536,0.150870137580761,0.123744620112149,0.889871385012791,0.855370069835173,-0.0649170373206161,0.907549140760792,0.731657956369829,0.593979369352254,0.366317328421169,0.0505583172437442,0.135173912454854,-0.0254882867036024,-0.135173912454854
"planning_cell_by_design","post_production_exploratory_heterogeneity_sensitivity",0.5,"primary","mlma_cr2","all_non_null","n_cv","0.3<n_cv<=0.6","het_tau0.10_omega0.00_rho0.50",0.1,0,FALSE,FALSE,NA,NA,15,45,0.261713822333423,0.206356504684025,0.191038621505014,0.919859020888359,0.8462667915001,-0.110406763576692,0.880836299105142,0.716167482395874,0.628615390370638,0.617002128884783,0.0686166283840508,0.162669642464537,-0.0476270083090097,-0.162669642464537
"planning_cell_by_design","post_production_exploratory_heterogeneity_sensitivity",0.5,"primary","mlma_cr2","all_non_null","n_cv","n_cv>0.6","het_tau0.10_omega0.00_rho0.50",0.1,0,FALSE,FALSE,NA,NA,62,186,0.225204520238646,0.165206413671847,0.137257252755577,0.908693246700693,0.860471270160079,-0.0489365571717415,0.842863207705784,0.740410806770899,0.586626532655006,0.502182348986339,0.0640128368816982,0.138176045391591,-0.044206781423062,-0.138176045391591
"planning_cell_by_design","post_production_exploratory_heterogeneity_sensitivity",0.5,"primary","mlma_cr2","all_non_null","alignment_pattern","independent","het_tau0.10_omega0.00_rho0.50",0.1,0,FALSE,FALSE,NA,NA,24,72,0.231320118201191,0.169433610525278,0.116043654608223,0.839546269451766,0.821951180003162,-0.0209338313106847,0.842522264108246,0.675603742308591,0.542818652214755,0.423987151950696,0.060355866833978,0.106458076807615,-0.0333978493366157,-0.106458076807615
"planning_cell_by_design","post_production_exploratory_heterogeneity_sensitivity",0.5,"primary","mlma_cr2","all_non_null","alignment_pattern","n_majority","het_tau0.10_omega0.00_rho0.50",0.1,0,FALSE,FALSE,NA,NA,20,60,0.203379221053294,0.149822021377438,0.149822019651922,0.95997443708121,0.919951658619723,-0.0713137610810851,0.857294348167989,0.84631105419718,0.512910293810138,0.482933854233173,0.0607344592357985,0.155214895511913,-0.0517514806253661,-0.155214895511913
"planning_cell_by_design","post_production_exploratory_heterogeneity_sensitivity",0.5,"primary","mlma_cr2","all_non_null","alignment_pattern","n_minority","het_tau0.10_omega0.00_rho0.50",0.1,0,FALSE,FALSE,NA,NA,20,60,0.277887074705184,0.213850534419433,0.211702347438812,0.92242289524868,0.848888567426679,-0.116523742776501,0.851328707040117,0.720611799907719,0.628615390370638,0.817828187577289,0.0744741719018174,0.147361551425251,-0.066871938700162,-0.147361551425251
"planning_cell_by_design","post_production_exploratory_heterogeneity_sensitivity",0.5,"primary","mlma_cr2","all_non_null","alignment_pattern","nk_majority","het_tau0.10_omega0.00_rho0.50",0.1,0,FALSE,FALSE,NA,NA,18,54,0.193507709751014,0.136752425270445,0.134142367153855,0.929712216504669,0.909196522055092,-0.0598949426402236,0.864172865523947,0.826638315717076,0.593979369352254,0.3592012629202,0.0534767986865353,0.148599165156655,-0.031709049066891,-0.148599165156655
"planning_cell_by_design","post_production_exploratory_heterogeneity_sensitivity",0.5,"primary","mlma_cr2","all_non_null","alignment_pattern","nk_minority","het_tau0.10_omega0.00_rho0.50",0.1,0,FALSE,FALSE,NA,NA,18,54,0.230191233130992,0.167042053270016,0.0995309774899421,0.862172405285558,0.822724728375116,-0.0310393053824582,0.892718185515079,0.676875978679908,0.584750695666474,0.440100296869739,0.0580883781059303,0.157480649042364,-0.0164820285141372,-0.157480649042364
"planning_cell_by_design","post_production_exploratory_heterogeneity_sensitivity",0.5,"primary","mlma_cr2","all_non_null","nk_mode","independent","het_tau0.10_omega0.00_rho0.50",0.1,0,FALSE,FALSE,NA,NA,39,117,0.245087317111275,0.178619075873629,0.16435942082035,0.908299364686578,0.852641120968003,-0.075011022895356,0.854177253210677,0.726996881165573,0.628615390370638,0.512633107920822,0.0658461829799255,0.14041568437429,-0.0514890426831688,-0.14041568437429
"planning_cell_by_design","post_production_exploratory_heterogeneity_sensitivity",0.5,"primary","mlma_cr2","all_non_null","nk_mode","negative","het_tau0.10_omega0.00_rho0.50",0.1,0,FALSE,FALSE,NA,NA,30,90,0.213035445467464,0.155452916175452,0.140076135514777,0.918005663328326,0.888642005041136,-0.0779946658106469,0.896242495573778,0.789684613123531,0.584750695666474,0.476619125620805,0.0533247843444308,0.134378876203314,-0.0373750104731414,-0.134378876203314
"planning_cell_by_design","post_production_exploratory_heterogeneity_sensitivity",0.5,"primary","mlma_cr2","all_non_null","nk_mode","positive","het_tau0.10_omega0.00_rho0.50",0.1,0,FALSE,FALSE,NA,NA,31,93,0.225727063607647,0.167046030256041,0.116430767050434,0.887208460092722,0.836524093832443,-0.0246149648354582,0.839976920278773,0.69977255956219,0.542622005860486,0.455332698000322,0.064294901370392,0.148657466484247,-0.0294236512325813,-0.148657466484247
"planning_cell_by_design","post_production_exploratory_heterogeneity_sensitivity",0.5,"primary","mlma_cr2","all_non_null","all","all","het_tau0.10_omega0.05_rho0.50",0.1,0.05,FALSE,FALSE,NA,NA,100,300,0.218940457845029,0.158150050807201,0.12991204551437,0.904447687089752,0.864303977021777,-0.0506229484109302,0.864236378382665,0.74702136469566,0.60945942986726,0.448070845509812,0.0616088660903217,0.0925623857109819,-0.0404145616704785,-0.0911595943770837
"planning_cell_by_design","post_production_exploratory_heterogeneity_sensitivity",0.5,"primary","mlma_cr2","all_non_null","scenario_set","broad","het_tau0.10_omega0.05_rho0.50",0.1,0.05,FALSE,FALSE,NA,NA,80,240,0.224866211641979,0.164116163614547,0.134273337149539,0.902560210084718,0.857276234262897,-0.0506201691698868,0.857676904644271,0.734922541831973,0.60945942986726,0.469429414493177,0.0622916817369333,0.0915888233936871,-0.0399600910509704,-0.0898353342263144
"planning_cell_by_design","post_production_exploratory_heterogeneity_sensitivity",0.5,"primary","mlma_cr2","all_non_null","scenario_set","targeted","het_tau0.10_omega0.05_rho0.50",0.1,0.05,FALSE,FALSE,NA,NA,20,60,0.193430524618256,0.134285599577819,0.112466878973693,0.913198110586274,0.893365511902528,-0.0512574179614435,0.892433420499924,0.798101937856866,0.563204160717463,0.379389175967972,0.0588776035038754,0.0964566349801608,-0.0422324441485106,-0.0964566349801608
"planning_cell_by_design","post_production_exploratory_heterogeneity_sensitivity",0.5,"primary","mlma_cr2","all_non_null","beta1_true","0.05","het_tau0.10_omega0.05_rho0.50",0.1,0.05,FALSE,FALSE,NA,NA,100,100,0.135711308033352,0.102847648859943,0.0661113591731827,0.77168179828451,0.597645702072664,0.0230066652396878,0.624555900893365,0.357180385205928,0.41604800834614,0.575430021550022,0.0616088660903217,0.0925623857109819,-0.0404145616704785,-0.0911595943770837
"planning_cell_by_design","post_production_exploratory_heterogeneity_sensitivity",0.5,"primary","mlma_cr2","all_non_null","beta1_true","0.1","het_tau0.10_omega0.05_rho0.50",0.1,0.05,FALSE,FALSE,NA,NA,100,100,0.268077828242028,0.21900364735378,0.177049234668435,0.768919198680925,0.722736017014717,-0.0377803508588097,0.770305615210071,0.522347350290297,0.60945942986726,0.535071069719574,0.0616088660903217,0.0925623857109819,-0.0404145616704785,-0.0911595943770837
"planning_cell_by_design","post_production_exploratory_heterogeneity_sensitivity",0.5,"primary","mlma_cr2","all_non_null","beta1_true","0.2","het_tau0.10_omega0.05_rho0.50",0.1,0.05,FALSE,FALSE,NA,NA,100,100,0.231347122569284,0.152598856207882,0.146575542701491,0.771146072635435,0.751149486645024,-0.253328976388782,1.1175206876708,0.564225551287084,0.57009939597111,0.0797796482204321,0.0616088660903217,0.0925623857109819,-0.0404145616704785,-0.0911595943770837
"planning_cell_by_design","post_production_exploratory_heterogeneity_sensitivity",0.5,"primary","mlma_cr2","all_non_null","J","J<=36","het_tau0.10_omega0.05_rho0.50",0.1,0.05,FALSE,FALSE,NA,NA,34,102,0.225222238280498,0.163541637510871,0.127315257242065,0.871317864527473,0.82156563850708,-0.00651188233048639,0.728968589792994,0.674970098375547,0.57009939597111,0.581892697036924,0.0695394112139971,0.0909288080653641,-0.0466870668311552,-0.0896708964934018
"planning_cell_by_design","post_production_exploratory_heterogeneity_sensitivity",0.5,"primary","mlma_cr2","all_non_null","J","37-60","het_tau0.10_omega0.05_rho0.50",0.1,0.05,FALSE,FALSE,NA,NA,24,72,0.225426370729996,0.154757036707664,0.146879134063354,0.909501644300564,0.867918687653773,-0.0610287524128987,0.852118878772139,0.753282848378648,0.574705544278377,0.390128185203281,0.0635124665379384,0.0799380352887988,-0.0469251992257608,-0.0799380352887988
"planning_cell_by_design","post_production_exploratory_heterogeneity_sensitivity",0.5,"primary","mlma_cr2","all_non_null","J","61-96","het_tau0.10_omega0.05_rho0.50",0.1,0.05,FALSE,FALSE,NA,NA,30,90,0.225227289753865,0.173668556366653,0.13294788174755,0.889138623542528,0.847558293552023,-0.0756792663883459,0.915988273769626,0.718355060968816,0.60945942986726,0.428977718135122,0.0596276242641792,0.094843751570204,-0.0413977102597187,-0.0922961552717277
"planning_cell_by_design","post_production_exploratory_heterogeneity_sensitivity",0.5,"primary","mlma_cr2","all_non_null","J","J>96","het_tau0.10_omega0.05_rho0.50",0.1,0.05,FALSE,FALSE,NA,NA,12,36,0.165179537373831,0.110863652780585,0.0957458446049796,0.946189526726588,0.909225355269445,-0.107369296069828,1.01573424462652,0.826690746664848,0.511247294142757,0.179132696172446,0.0402848919100311,0.116736141903209,-0.00716331713156238,-0.114979287654142
"planning_cell_by_design","post_production_exploratory_heterogeneity_sensitivity",0.5,"primary","mlma_cr2","all_non_null","tau_true","tau<0.05","het_tau0.10_omega0.05_rho0.50",0.1,0.05,FALSE,FALSE,NA,NA,9,27,0.182458575154932,0.119260957806726,-0.0835115701731,0.918374658983581,0.891000266448724,0.128817600083154,0.914094932877968,0.793881474811697,0.42002938294013,0.115670493978778,0.0612604923304752,0.0858210733134508,0.0612604923304752,-0.0858210733134508
"planning_cell_by_design","post_production_exploratory_heterogeneity_sensitivity",0.5,"primary","mlma_cr2","all_non_null","tau_true","[0.05,0.10)","het_tau0.10_omega0.05_rho0.50",0.1,0.05,FALSE,FALSE,NA,NA,22,66,0.111908100271593,0.0623862063038649,0.0169840346046503,0.949568843576699,0.944553284738442,0.00726976806046077,0.961149999773103,0.89218090771018,0.41604800834614,0.0615948093537998,0.0231077631826311,0.0937360318517391,0.0231077631826311,-0.0926638987680807
"planning_cell_by_design","post_production_exploratory_heterogeneity_sensitivity",0.5,"primary","mlma_cr2","all_non_null","tau_true","[0.10,0.15)","het_tau0.10_omega0.05_rho0.50",0.1,0.05,FALSE,FALSE,NA,NA,25,75,0.1524466404813,0.119832833176314,0.119832833173033,0.986472069403779,0.960023621984715,-0.101535588969659,0.970807480052031,0.921645354768651,0.384139720237195,0.345655597390415,0.026005481915176,0.083832460116751,-0.026005481915176,-0.0815394880417105
"planning_cell_by_design","post_production_exploratory_heterogeneity_sensitivity",0.5,"primary","mlma_cr2","all_non_null","tau_true","tau>=0.15","het_tau0.10_omega0.05_rho0.50",0.1,0.05,FALSE,FALSE,NA,NA,44,132,0.287519069111448,0.235757706644699,0.235757706644699,0.969498140519731,0.877788521605116,-0.0798510626451247,0.717139143835682,0.770512688661695,0.60945942986726,1.03550168702865,0.101159871367287,0.0983146524459113,-0.101159871367287,-0.0969653819078812
"planning_cell_by_design","post_production_exploratory_heterogeneity_sensitivity",0.5,"primary","mlma_cr2","all_non_null","omega_true","omega<0.05","het_tau0.10_omega0.05_rho0.50",0.1,0.05,FALSE,FALSE,NA,NA,8,24,0.206230166869987,0.145623851502077,0.108369023671854,0.919330310926057,0.869038420306811,-0.0440245659728066,0.888820903329326,0.755227775969357,0.464401660146912,0.361093070970574,0.0617216959006182,0.00876744583686376,-0.0495657732001563,0.00876744583686376
"planning_cell_by_design","post_production_exploratory_heterogeneity_sensitivity",0.5,"primary","mlma_cr2","all_non_null","omega_true","[0.05,0.10)","het_tau0.10_omega0.05_rho0.50",0.1,0.05,FALSE,FALSE,NA,NA,23,69,0.208033641440471,0.141274268837943,0.0844562016131388,0.857135028782472,0.837023557542674,0.00120537730997545,0.861601242433341,0.700608435881395,0.532942739663856,0.284968923729345,0.0589048730383156,0.0273775126673813,-0.0351437564440978,-0.0273775126673813
"planning_cell_by_design","post_production_exploratory_heterogeneity_sensitivity",0.5,"primary","mlma_cr2","all_non_null","omega_true","[0.10,0.15)","het_tau0.10_omega0.05_rho0.50",0.1,0.05,FALSE,FALSE,NA,NA,20,60,0.185178418441749,0.132801468564718,0.0978677415966402,0.91899026113705,0.897610946037555,-0.0535988571739297,0.922455150642752,0.805705410446434,0.525898304543483,0.349076513415128,0.0525739858906513,0.0759430033549404,-0.0251362345883711,-0.0759430033549404
"planning_cell_by_design","post_production_exploratory_heterogeneity_sensitivity",0.5,"primary","mlma_cr2","all_non_null","omega_true","omega>=0.15","het_tau0.10_omega0.05_rho0.50",0.1,0.05,FALSE,FALSE,NA,NA,49,147,0.237848799246924,0.178462790084418,0.16784499781688,0.925248941993547,0.872316331466838,-0.0693864630965533,0.828426327701448,0.760935782143762,0.60945942986726,0.560114062180403,0.0665473723292437,0.143623594815402,-0.0476305896217332,-0.143623594815402
"planning_cell_by_design","post_production_exploratory_heterogeneity_sensitivity",0.5,"primary","mlma_cr2","all_non_null","I_C_star_primary","I_C*<2000","het_tau0.10_omega0.05_rho0.50",0.1,0.05,FALSE,FALSE,NA,NA,6,18,0.0904613863377169,0.0569925679698561,0.0569925679698561,0.923632610939113,0.962439746617208,0.00663098464353404,0.719040453804972,0.926290265868595,0.251276379382054,0.34122278417156,0.0713140395711429,0.0831622153128653,-0.0514455759752018,-0.0831410181047007
"planning_cell_by_design","post_production_exploratory_heterogeneity_sensitivity",0.5,"primary","mlma_cr2","all_non_null","I_C_star_primary","[2000,8000)","het_tau0.10_omega0.05_rho0.50",0.1,0.05,FALSE,FALSE,NA,NA,28,84,0.203139207901171,0.151363500853254,0.125047800686372,0.896790523438291,0.872719471290593,-0.0281109170665268,0.800461130531801,0.761639275569732,0.543914546888376,0.557067244694124,0.0646991823688836,0.10130066781315,-0.0422770613565954,-0.100493789968324
"planning_cell_by_design","post_production_exploratory_heterogeneity_sensitivity",0.5,"primary","mlma_cr2","all_non_null","I_C_star_primary","[8000,20000)","het_tau0.10_omega0.05_rho0.50",0.1,0.05,FALSE,FALSE,NA,NA,35,105,0.213950949474704,0.152447033057446,0.130763474686661,0.912006427694601,0.873397034154422,-0.0675234411777229,0.894060828629867,0.762822379269741,0.57009939597111,0.414281013733319,0.055642576736438,0.0928248028673431,-0.0341601965123289,-0.0914693011136792
"planning_cell_by_design","post_production_exploratory_heterogeneity_sensitivity",0.5,"primary","mlma_cr2","all_non_null","I_C_star_primary","I_C*>=20000","het_tau0.10_omega0.05_rho0.50",0.1,0.05,FALSE,FALSE,NA,NA,31,93,0.253162734113772,0.190297596516105,0.147457713237622,0.840131237807601,0.795382353854355,-0.0844351525395658,0.91335356790444,0.632633088822895,0.60945942986726,0.369127067366659,0.0636753251452015,0.0861928541966387,-0.0436586488800147,-0.0839310216447845
"planning_cell_by_design","post_production_exploratory_heterogeneity_sensitivity",0.5,"primary","mlma_cr2","all_non_null","nu_C_star_primary","nu_C*<5","het_tau0.10_omega0.05_rho0.50",0.1,0.05,FALSE,FALSE,NA,NA,17,51,0.175590276618725,0.116708639401916,0.0844255902767388,0.900995475113122,0.846946047905037,-0.0235681381425707,0.816967427806156,0.717317608061961,0.543914546888376,0.511012941502358,0.070074195880008,0.0850741047622629,-0.0511585578995052,-0.0849777805319515
"planning_cell_by_design","post_production_exploratory_heterogeneity_sensitivity",0.5,"primary","mlma_cr2","all_non_null","nu_C_star_primary","[5,10)","het_tau0.10_omega0.05_rho0.50",0.1,0.05,FALSE,FALSE,NA,NA,21,63,0.21530486060805,0.160454100599796,0.138954608119073,0.890238341230439,0.864993611863701,-0.022250456231697,0.770419317921463,0.748213948565011,0.532942739663856,0.514876376136814,0.0592560525572765,0.0866446332798638,-0.0361503212320026,-0.0851013025784909
"planning_cell_by_design","post_production_exploratory_heterogeneity_sensitivity",0.5,"primary","mlma_cr2","all_non_null","nu_C_star_primary","[10,20)","het_tau0.10_omega0.05_rho0.50",0.1,0.05,FALSE,FALSE,NA,NA,24,72,0.256886127424771,0.198396187433459,0.146335195137195,0.838215905504629,0.792528061060001,-0.0189054098490129,0.786176090835135,0.628100727567525,0.57009939597111,0.571035194880904,0.0793030406307517,0.10123005566259,-0.0497220684278242,-0.100533135101107
"planning_cell_by_design","post_production_exploratory_heterogeneity_sensitivity",0.5,"primary","mlma_cr2","all_non_null","nu_C_star_primary","nu_C*>=20","het_tau0.10_omega0.05_rho0.50",0.1,0.05,FALSE,FALSE,NA,NA,38,114,0.212262121770145,0.149997726312864,0.134891527972084,0.903799694959493,0.870033220508699,-0.130301628683529,0.993719683749453,0.756957804788738,0.60945942986726,0.310825067599123,0.0479467157955576,0.0937084251410636,-0.0320861656478006,-0.0913530150550083
"planning_cell_by_design","post_production_exploratory_heterogeneity_sensitivity",0.5,"primary","mlma_cr2","all_non_null","n_cv","n_cv<=0.3","het_tau0.10_omega0.05_rho0.50",0.1,0.05,FALSE,FALSE,NA,NA,23,69,0.208131914369988,0.141483436308993,0.110026799503012,0.896667643434914,0.863948840304253,-0.0544145358230312,0.910676531212472,0.746407598663063,0.57009939597111,0.347379464225419,0.0505583172437442,0.0851739124548545,-0.0254882867036024,-0.0851739124548545
"planning_cell_by_design","post_production_exploratory_heterogeneity_sensitivity",0.5,"primary","mlma_cr2","all_non_null","n_cv","0.3<n_cv<=0.6","het_tau0.10_omega0.05_rho0.50",0.1,0.05,FALSE,FALSE,NA,NA,15,45,0.249389973650741,0.19462621769262,0.178126996011126,0.916960374686319,0.855045181439002,-0.0978933032959363,0.879118098588109,0.731102262302056,0.60945942986726,0.541636327634338,0.0686166283840508,0.112669642464537,-0.0476270083090097,-0.112669642464537
"planning_cell_by_design","post_production_exploratory_heterogeneity_sensitivity",0.5,"primary","mlma_cr2","all_non_null","n_cv","n_cv>0.6","het_tau0.10_omega0.05_rho0.50",0.1,0.05,FALSE,FALSE,NA,NA,62,186,0.214935379142875,0.155507948068129,0.125623922946787,0.910747514623493,0.867083640966458,-0.0420775262413191,0.848215894302418,0.75183404043165,0.574705544278377,0.465064002796787,0.0640128368816982,0.090438612059169,-0.044206781423062,-0.0881760453915912
"planning_cell_by_design","post_production_exploratory_heterogeneity_sensitivity",0.5,"primary","mlma_cr2","all_non_null","alignment_pattern","independent","het_tau0.10_omega0.05_rho0.50",0.1,0.05,FALSE,FALSE,NA,NA,24,72,0.222020567824083,0.159927598679116,0.103049839914079,0.843405069525851,0.828738959370582,-0.0117851341912808,0.8455662443121,0.686808262778635,0.511247294142757,0.433866520924577,0.060355866833978,0.0584348501983744,-0.0333978493366157,-0.0564580768076145
"planning_cell_by_design","post_production_exploratory_heterogeneity_sensitivity",0.5,"primary","mlma_cr2","all_non_null","alignment_pattern","n_majority","het_tau0.10_omega0.05_rho0.50",0.1,0.05,FALSE,FALSE,NA,NA,20,60,0.190712207253738,0.139129664036482,0.13912965675817,0.959807721789234,0.927898676903021,-0.0672914553393899,0.8668303711977,0.860995954598376,0.50163556856089,0.456097309071293,0.0607344592357985,0.105214895511913,-0.0517514806253661,-0.105214895511913
"planning_cell_by_design","post_production_exploratory_heterogeneity_sensitivity",0.5,"primary","mlma_cr2","all_non_null","alignment_pattern","n_minority","het_tau0.10_omega0.05_rho0.50",0.1,0.05,FALSE,FALSE,NA,NA,20,60,0.264827901612964,0.203135567343406,0.198559305179467,0.925090302861906,0.858319701365703,-0.105613223792816,0.851772897074344,0.73671270975251,0.60945942986726,0.725732638793893,0.0744741719018174,0.0974370678585662,-0.066871938700162,-0.0973615514252509
"planning_cell_by_design","post_production_exploratory_heterogeneity_sensitivity",0.5,"primary","mlma_cr2","all_non_null","alignment_pattern","nk_majority","het_tau0.10_omega0.05_rho0.50",0.1,0.05,FALSE,FALSE,NA,NA,18,54,0.179353581578199,0.124673064537023,0.119304870838387,0.935506003430532,0.916203698295232,-0.0512156979575617,0.871963316397965,0.83942921676986,0.543914546888376,0.307056132782591,0.0534767986865353,0.100706694474065,-0.031709049066891,-0.0985991651566549
"planning_cell_by_design","post_production_exploratory_heterogeneity_sensitivity",0.5,"primary","mlma_cr2","all_non_null","alignment_pattern","nk_minority","het_tau0.10_omega0.05_rho0.50",0.1,0.05,FALSE,FALSE,NA,NA,18,54,0.223773102821904,0.160406829064287,0.0898189710919656,0.872394587404498,0.827835851033374,-0.0223373359299992,0.892667471451183,0.685312196256151,0.574705544278377,0.421309937915409,0.0580883781059303,0.110446799910802,-0.0164820285141372,-0.107480649042364
"planning_cell_by_design","post_production_exploratory_heterogeneity_sensitivity",0.5,"primary","mlma_cr2","all_non_null","nk_mode","independent","het_tau0.10_omega0.05_rho0.50",0.1,0.05,FALSE,FALSE,NA,NA,39,117,0.235274817472678,0.169824934436071,0.153108952181653,0.909104873618451,0.858345426838898,-0.0666133945490438,0.856192762868013,0.736756871775249,0.60945942986726,0.472242419143828,0.0658461829799255,0.0914493515875223,-0.0514890426831688,-0.0904156843742895
"planning_cell_by_design","post_production_exploratory_heterogeneity_sensitivity",0.5,"primary","mlma_cr2","all_non_null","nk_mode","negative","het_tau0.10_omega0.05_rho0.50",0.1,0.05,FALSE,FALSE,NA,NA,30,90,0.198217917982588,0.142951032379659,0.125480466865395,0.921536992556986,0.898652541420234,-0.0684731639472522,0.902340719050285,0.807576390201046,0.574705544278377,0.451961548427527,0.0533247843444308,0.0860106392047988,-0.0373750104731414,-0.084378876203314
"planning_cell_by_design","post_production_exploratory_heterogeneity_sensitivity",0.5,"primary","mlma_cr2","all_non_null","nk_mode","positive","het_tau0.10_omega0.05_rho0.50",0.1,0.05,FALSE,FALSE,NA,NA,31,93,0.216717950201316,0.15817102149431,0.105017464851311,0.890364564160701,0.843186919559207,-0.0179043329442236,0.845091643754018,0.710964181315745,0.487183431164823,0.423232415218568,0.064294901370392,0.10030305429164,-0.0294236512325813,-0.0986574664842469
"planning_cell_by_design","post_production_exploratory_heterogeneity_sensitivity",0.5,"primary","mlma_cr2","all_non_null","all","all","het_tau0.10_omega0.10_rho0.50",0.1,0.1,TRUE,FALSE,NA,NA,100,300,0.194676849972394,0.13772068534363,0.0989776706074786,0.905905741038237,0.877804117233015,-0.0290747310876239,0.873613525607392,0.770540068231233,0.555382640562158,0.368788347280859,0.0616088660903217,0.0609687298839865,-0.0404145616704785,-0.0411595943770837
"planning_cell_by_design","post_production_exploratory_heterogeneity_sensitivity",0.5,"primary","mlma_cr2","all_non_null","scenario_set","broad","het_tau0.10_omega0.10_rho0.50",0.1,0.1,TRUE,FALSE,NA,NA,80,240,0.199475005230552,0.142120924189729,0.102459978789684,0.904146668373039,0.872182346052097,-0.0291046175403086,0.868055477961724,0.760702044764941,0.555382640562158,0.383832571062006,0.0622916817369333,0.0620967536099429,-0.0399600910509704,-0.0398353342263144
"planning_cell_by_design","post_production_exploratory_heterogeneity_sensitivity",0.5,"primary","mlma_cr2","all_non_null","scenario_set","targeted","het_tau0.10_omega0.10_rho0.50",0.1,0.1,TRUE,FALSE,NA,NA,20,60,0.174167358391162,0.120119729959238,0.0850484378786581,0.906362878577383,0.900866918057107,-0.0292707865417108,0.897016900079952,0.811561204049711,0.497475526235216,0.289486724355362,0.0588776035038754,0.0564566349801608,-0.0422324441485106,-0.0464566349801608
"planning_cell_by_design","post_production_exploratory_heterogeneity_sensitivity",0.5,"primary","mlma_cr2","all_non_null","beta1_true","0.05","het_tau0.10_omega0.10_rho0.50",0.1,0.1,TRUE,FALSE,NA,NA,100,100,0.118477828306587,0.0858553480822121,0.040151616855005,0.771723802736983,0.607561468830794,0.0174981584428293,0.727304602177239,0.369130938407832,0.469885864164272,0.472681398186253,0.0616088660903217,0.0609687298839865,-0.0404145616704785,-0.0411595943770837
"planning_cell_by_design","post_production_exploratory_heterogeneity_sensitivity",0.5,"primary","mlma_cr2","all_non_null","beta1_true","0.1","het_tau0.10_omega0.10_rho0.50",0.1,0.1,TRUE,FALSE,NA,NA,100,100,0.235278621358897,0.189104826304658,0.129734797124392,0.769945304369815,0.733567771905263,-0.014326731302767,0.793548493455234,0.538121675978052,0.552425427362996,0.437392771094812,0.0616088660903217,0.0609687298839865,-0.0404145616704785,-0.0411595943770837
"planning_cell_by_design","post_production_exploratory_heterogeneity_sensitivity",0.5,"primary","mlma_cr2","all_non_null","beta1_true","0.2","het_tau0.10_omega0.10_rho0.50",0.1,0.1,TRUE,FALSE,NA,NA,100,100,0.210485634371407,0.138201881644021,0.127046597843038,0.769765209405497,0.784017012319801,-0.196759841788464,1.07843074412488,0.614682675606866,0.555382640562158,0.0961607730636194,0.0616088660903217,0.0609687298839865,-0.0404145616704785,-0.0411595943770837
"planning_cell_by_design","post_production_exploratory_heterogeneity_sensitivity",0.5,"primary","mlma_cr2","all_non_null","J","J<=36","het_tau0.10_omega0.10_rho0.50",0.1,0.1,TRUE,FALSE,NA,NA,34,102,0.199073925172364,0.140734904573565,0.0950464406144441,0.88189742183722,0.835893263720298,0.00411215734212191,0.760166952217755,0.698717548332973,0.555382640562158,0.509044552970897,0.0695394112139971,0.0644006166152403,-0.0466870668311552,-0.0396708964934018
"planning_cell_by_design","post_production_exploratory_heterogeneity_sensitivity",0.5,"primary","mlma_cr2","all_non_null","J","37-60","het_tau0.10_omega0.10_rho0.50",0.1,0.1,TRUE,FALSE,NA,NA,24,72,0.200916373391177,0.139838773545092,0.114827536032186,0.905160424416515,0.877634302434386,-0.0376487452781568,0.859287289355508,0.770241968809491,0.544018794552322,0.318515501227402,0.0635124665379384,0.0448703745420812,-0.0469251992257608,-0.0299380352887988
"planning_cell_by_design","post_production_exploratory_heterogeneity_sensitivity",0.5,"primary","mlma_cr2","all_non_null","J","61-96","het_tau0.10_omega0.10_rho0.50",0.1,0.1,TRUE,FALSE,NA,NA,30,90,0.204824219245898,0.152185801805262,0.104166816148953,0.891287355320425,0.858719228305675,-0.0421820511881865,0.905061373717713,0.737398713061895,0.552425427362996,0.367213015935949,0.0596276242641792,0.0638657796939233,-0.0413977102597187,-0.0422961552717277
"planning_cell_by_design","post_production_exploratory_heterogeneity_sensitivity",0.5,"primary","mlma_cr2","all_non_null","J","J>96","het_tau0.10_omega0.10_rho0.50",0.1,0.1,TRUE,FALSE,NA,NA,12,36,0.133873973157173,0.0887814299684804,0.0654435608846415,0.949279125181206,0.932402788188363,-0.0656260430067667,1.00025758534928,0.869374959421433,0.425339808786652,0.14917868590762,0.0402848919100311,0.0761991369710691,-0.00716331713156238,-0.064979287654142
"planning_cell_by_design","post_production_exploratory_heterogeneity_sensitivity",0.5,"primary","mlma_cr2","all_non_null","tau_true","tau<0.05","het_tau0.10_omega0.10_rho0.50",0.1,0.1,TRUE,FALSE,NA,NA,9,27,0.196532627241522,0.120395843722384,-0.109341042708008,0.913483182770619,0.889309052287201,0.152064672355117,0.914819696840859,0.79087059047996,0.498489607862701,0.0396129764542602,0.0612604923304752,0.0512095598452726,0.0612604923304752,-0.0358210733134508
"planning_cell_by_design","post_production_exploratory_heterogeneity_sensitivity",0.5,"primary","mlma_cr2","all_non_null","tau_true","[0.05,0.10)","het_tau0.10_omega0.10_rho0.50",0.1,0.1,TRUE,FALSE,NA,NA,22,66,0.107163130191726,0.065218950570653,-0.0150329223848204,0.95025796593415,0.949377874395732,0.0408277812914384,0.956447947910991,0.901318348392158,0.469885864164272,0.0970170878684835,0.0231077631826311,0.05975812214219,0.0231077631826311,-0.0426638987680807
"planning_cell_by_design","post_production_exploratory_heterogeneity_sensitivity",0.5,"primary","mlma_cr2","all_non_null","tau_true","[0.10,0.15)","het_tau0.10_omega0.10_rho0.50",0.1,0.1,TRUE,FALSE,NA,NA,25,75,0.117366005254358,0.0901513465221309,0.0885062148932812,0.987610065676956,0.973652915966306,-0.0699329293419633,0.968808083811467,0.948000000769691,0.26969134924448,0.265163078586893,0.026005481915176,0.0558745637445035,-0.026005481915176,-0.0315394880417105
"planning_cell_by_design","post_production_exploratory_heterogeneity_sensitivity",0.5,"primary","mlma_cr2","all_non_null","tau_true","tau>=0.15","het_tau0.10_omega0.10_rho0.50",0.1,0.1,TRUE,FALSE,NA,NA,44,132,0.254293399230388,0.204543303755772,0.204543303755772,0.970390381544824,0.899677961042453,-0.0674127780725029,0.736268921663689,0.809420433585505,0.555382640562158,0.852270144417031,0.101159871367287,0.0664646402056916,-0.101159871367287,-0.0469653819078812
"planning_cell_by_design","post_production_exploratory_heterogeneity_sensitivity",0.5,"primary","mlma_cr2","all_non_null","omega_true","omega<0.05","het_tau0.10_omega0.10_rho0.50",0.1,0.1,TRUE,FALSE,NA,NA,8,24,0.187005779971433,0.125551035839027,0.0766325503487997,0.911067644933817,0.876923881717548,-0.0169993105842091,0.890983179189211,0.768995494326572,0.469885864164272,0.308346771232332,0.0617216959006182,0.0587674458368638,-0.0495657732001563,0.0587674458368638
"planning_cell_by_design","post_production_exploratory_heterogeneity_sensitivity",0.5,"primary","mlma_cr2","all_non_null","omega_true","[0.05,0.10)","het_tau0.10_omega0.10_rho0.50",0.1,0.1,TRUE,FALSE,NA,NA,23,69,0.194379024877033,0.134536437403049,0.053725854408345,0.864972506186136,0.844017987948759,0.0286089996717405,0.860026455185354,0.712366363981072,0.507369438499712,0.212388973283723,0.0589048730383156,0.0226224873326187,-0.0351437564440978,0.0226224873326187
"planning_cell_by_design","post_production_exploratory_heterogeneity_sensitivity",0.5,"primary","mlma_cr2","all_non_null","omega_true","[0.10,0.15)","het_tau0.10_omega0.10_rho0.50",0.1,0.1,TRUE,FALSE,NA,NA,20,60,0.163262686650991,0.113633050375933,0.0661024113246587,0.913460870619838,0.907893687636199,-0.028580266871327,0.930400573347805,0.824270948049656,0.493430987253734,0.277878387628811,0.0525739858906513,0.0259430033549404,-0.0251362345883711,-0.0259430033549404
"planning_cell_by_design","post_production_exploratory_heterogeneity_sensitivity",0.5,"primary","mlma_cr2","all_non_null","omega_true","omega>=0.15","het_tau0.10_omega0.10_rho0.50",0.1,0.1,TRUE,FALSE,NA,NA,49,147,0.207415115578233,0.151033901629838,0.137284975103517,0.930617379848313,0.891967864637435,-0.0529310308999187,0.844736589495798,0.795606671545866,0.555382640562158,0.473007277931265,0.0665473723292437,0.093623594815402,-0.0476305896217332,-0.093623594815402
"planning_cell_by_design","post_production_exploratory_heterogeneity_sensitivity",0.5,"primary","mlma_cr2","all_non_null","I_C_star_primary","I_C*<2000","het_tau0.10_omega0.10_rho0.50",0.1,0.1,TRUE,FALSE,NA,NA,6,18,0.0804852830848084,0.0515445532783984,0.0444352846965816,0.917440660474716,0.948721423033078,0.00830215274358427,0.753440850547097,0.900072338521908,0.216155809576881,0.31534786636758,0.0713140395711429,0.0579694523187936,-0.0514455759752018,-0.0331410181047007
"planning_cell_by_design","post_production_exploratory_heterogeneity_sensitivity",0.5,"primary","mlma_cr2","all_non_null","I_C_star_primary","[2000,8000)","het_tau0.10_omega0.10_rho0.50",0.1,0.1,TRUE,FALSE,NA,NA,28,84,0.174551479589015,0.129053978097431,0.0927053966080615,0.90671256454389,0.888440108849124,-0.015570528677458,0.829897876479765,0.789325827011844,0.45016184734568,0.438809024889453,0.0646991823688836,0.0673220840549932,-0.0422770613565954,-0.050493789968324
"planning_cell_by_design","post_production_exploratory_heterogeneity_sensitivity",0.5,"primary","mlma_cr2","all_non_null","I_C_star_primary","[8000,20000)","het_tau0.10_omega0.10_rho0.50",0.1,0.1,TRUE,FALSE,NA,NA,35,105,0.18825974135128,0.130338117201169,0.0978083530004294,0.911731698859714,0.886829787603692,-0.0402863615268126,0.898009121534301,0.786467072181209,0.555382640562158,0.326701058022913,0.055642576736438,0.0598753963649572,-0.0341601965123289,-0.0414693011136792
"planning_cell_by_design","post_production_exploratory_heterogeneity_sensitivity",0.5,"primary","mlma_cr2","all_non_null","I_C_star_primary","I_C*>=20000","het_tau0.10_omega0.10_rho0.50",0.1,0.1,TRUE,FALSE,NA,NA,31,93,0.231228808377369,0.170563087933022,0.116519738468633,0.834198423811465,0.811103465270097,-0.0425236954063096,0.893747237136294,0.65788883137316,0.552425427362996,0.322617766759806,0.0636753251452015,0.0570451305862121,-0.0436586488800147,-0.0339310216447845
"planning_cell_by_design","post_production_exploratory_heterogeneity_sensitivity",0.5,"primary","mlma_cr2","all_non_null","nu_C_star_primary","nu_C*<5","het_tau0.10_omega0.10_rho0.50",0.1,0.1,TRUE,FALSE,NA,NA,17,51,0.154601365791917,0.100910264427675,0.0582694040306031,0.905067873303167,0.860921859174009,-0.0181026306452604,0.868881300554049,0.741186447603633,0.498489607862701,0.473007277931265,0.070074195880008,0.0569963459816097,-0.0511585578995052,-0.0349777805319515
"planning_cell_by_design","post_production_exploratory_heterogeneity_sensitivity",0.5,"primary","mlma_cr2","all_non_null","nu_C_star_primary","[5,10)","het_tau0.10_omega0.10_rho0.50",0.1,0.1,TRUE,FALSE,NA,NA,21,63,0.187886603040326,0.131997830387342,0.103072941403223,0.895566810137238,0.87277604302197,-0.00514595756877866,0.792727141636698,0.761738021273086,0.507369438499712,0.396530026722513,0.0592560525572765,0.060569666448842,-0.0361503212320026,-0.0351013025784909
"planning_cell_by_design","post_production_exploratory_heterogeneity_sensitivity",0.5,"primary","mlma_cr2","all_non_null","nu_C_star_primary","[10,20)","het_tau0.10_omega0.10_rho0.50",0.1,0.1,TRUE,FALSE,NA,NA,24,72,0.232110353555783,0.176017129385096,0.112541654572813,0.858410779618682,0.809991980271796,0.00188237956729271,0.79645759788787,0.656087008104625,0.555382640562158,0.455820154891177,0.0793030406307517,0.0676835025167093,-0.0497220684278242,-0.050533135101107
"planning_cell_by_design","post_production_exploratory_heterogeneity_sensitivity",0.5,"primary","mlma_cr2","all_non_null","nu_C_star_primary","nu_C*>=20","het_tau0.10_omega0.10_rho0.50",0.1,0.1,TRUE,FALSE,NA,NA,38,114,0.188431658365586,0.133163907782002,0.106359360868748,0.895682242987518,0.88417112296744,-0.085805684675518,0.970734045618608,0.781758574689504,0.552425427362996,0.227293225095352,0.0479467157955576,0.0587254750232784,-0.0320861656478006,-0.0413530150550083
"planning_cell_by_design","post_production_exploratory_heterogeneity_sensitivity",0.5,"primary","mlma_cr2","all_non_null","n_cv","n_cv<=0.3","het_tau0.10_omega0.10_rho0.50",0.1,0.1,TRUE,FALSE,NA,NA,23,69,0.182915724177086,0.128397446403275,0.0751516814277447,0.893196436176303,0.879849939775511,-0.0258821120414248,0.916168148689931,0.774135916522971,0.555382640562158,0.296180528582117,0.0505583172437442,0.0578888203406772,-0.0254882867036024,-0.0351739124548545
"planning_cell_by_design","post_production_exploratory_heterogeneity_sensitivity",0.5,"primary","mlma_cr2","all_non_null","n_cv","0.3<n_cv<=0.6","het_tau0.10_omega0.10_rho0.50",0.1,0.1,TRUE,FALSE,NA,NA,15,45,0.21892319652712,0.165742618397746,0.144793280663487,0.91518165997143,0.874162125596084,-0.0687820970368384,0.879424357214743,0.764159421826663,0.552425427362996,0.375500856277405,0.0686166283840508,0.0682056296287414,-0.0476270083090097,-0.0626696424645371
"planning_cell_by_design","post_production_exploratory_heterogeneity_sensitivity",0.5,"primary","mlma_cr2","all_non_null","n_cv","n_cv>0.6","het_tau0.10_omega0.10_rho0.50",0.1,0.1,TRUE,FALSE,NA,NA,62,186,0.192666324140083,0.134399806308412,0.0967319222251196,0.91290062612315,0.878690912895247,-0.0235103112432883,0.85960422820879,0.772097720404682,0.544018794552322,0.391484392642707,0.0640128368816982,0.0603604141311605,-0.044206781423062,-0.0381760453915912
"planning_cell_by_design","post_production_exploratory_heterogeneity_sensitivity",0.5,"primary","mlma_cr2","all_non_null","alignment_pattern","independent","het_tau0.10_omega0.10_rho0.50",0.1,0.1,TRUE,FALSE,NA,NA,24,72,0.202424382851461,0.145595501865665,0.0697716013733604,0.853695203056745,0.841021203447697,0.0123894131829142,0.852674928017407,0.707316664648613,0.498489607862701,0.381212456452734,0.060355866833978,0.0427787585802216,-0.0333978493366157,-0.00645807680761452
"planning_cell_by_design","post_production_exploratory_heterogeneity_sensitivity",0.5,"primary","mlma_cr2","all_non_null","alignment_pattern","n_majority","het_tau0.10_omega0.10_rho0.50",0.1,0.1,TRUE,FALSE,NA,NA,20,60,0.159653027571262,0.112143330381877,0.112066783913943,0.95689020417965,0.944720958034478,-0.055804573571268,0.890195644987418,0.892497688549582,0.462620252546547,0.372259752519048,0.0607344592357985,0.0604073749093921,-0.0517514806253661,-0.0552148955119133
"planning_cell_by_design","post_production_exploratory_heterogeneity_sensitivity",0.5,"primary","mlma_cr2","all_non_null","alignment_pattern","n_minority","het_tau0.10_omega0.10_rho0.50",0.1,0.1,TRUE,FALSE,NA,NA,20,60,0.235315136937246,0.177642308946711,0.166646154484673,0.918977493748264,0.875375765989756,-0.0787718283831544,0.852346480012237,0.766282731682153,0.555382640562158,0.615703759501701,0.0744741719018174,0.0667978908246731,-0.066871938700162,-0.0473615514252509
"planning_cell_by_design","post_production_exploratory_heterogeneity_sensitivity",0.5,"primary","mlma_cr2","all_non_null","alignment_pattern","nk_majority","het_tau0.10_omega0.10_rho0.50",0.1,0.1,TRUE,FALSE,NA,NA,18,54,0.148982910153406,0.102954558871401,0.0830087571792615,0.937106918238994,0.927822964804522,-0.0281599757826879,0.889305777916123,0.860855454018653,0.45016184734568,0.173968910325571,0.0534767986865353,0.067373361140732,-0.031709049066891,-0.0485991651566549
"planning_cell_by_design","post_production_exploratory_heterogeneity_sensitivity",0.5,"primary","mlma_cr2","all_non_null","alignment_pattern","nk_minority","het_tau0.10_omega0.10_rho0.50",0.1,0.1,TRUE,FALSE,NA,NA,18,54,0.209459630154599,0.146048980185005,0.0641573461437869,0.878688095052353,0.838362343716668,0.000288145512275789,0.89313478685722,0.702851419362105,0.544018794552322,0.341425991246755,0.0580883781059303,0.072964275958825,-0.0164820285141372,-0.0574806490423637
"planning_cell_by_design","post_production_exploratory_heterogeneity_sensitivity",0.5,"primary","mlma_cr2","all_non_null","nk_mode","independent","het_tau0.10_omega0.10_rho0.50",0.1,0.1,TRUE,FALSE,NA,NA,39,117,0.212097340349767,0.152592524220742,0.124009178219803,0.907340247074673,0.86954990468239,-0.044582392279419,0.861231494476147,0.756117036733153,0.555382640562158,0.377862566260088,0.0658461829799255,0.0593842332820058,-0.0514890426831688,-0.0404156843742895
"planning_cell_by_design","post_production_exploratory_heterogeneity_sensitivity",0.5,"primary","mlma_cr2","all_non_null","nk_mode","negative","het_tau0.10_omega0.10_rho0.50",0.1,0.1,TRUE,FALSE,NA,NA,30,90,0.166878167001123,0.118718193820239,0.0907531170048255,0.926360673041822,0.915979952597528,-0.044262605743681,0.915319266864409,0.83901927356057,0.544018794552322,0.356933529324822,0.0533247843444308,0.0584211001082129,-0.0373750104731414,-0.034378876203314
"planning_cell_by_design","post_production_exploratory_heterogeneity_sensitivity",0.5,"primary","mlma_cr2","all_non_null","nk_mode","positive","het_tau0.10_omega0.10_rho0.50",0.1,0.1,TRUE,FALSE,NA,NA,31,93,0.196750367734493,0.137400460488611,0.0754456645171213,0.894938303625643,0.856132429133334,0.000837539360269828,0.856820684883282,0.732962736213743,0.498489607862701,0.369018648760691,0.064294901370392,0.0654275770049689,-0.0294236512325813,-0.0486574664842469
"planning_cell_by_design","post_production_exploratory_heterogeneity_sensitivity",0.5,"primary","mlma_cr2","all_non_null","all","all","het_tau0.10_omega0.15_rho0.50",0.1,0.15,FALSE,FALSE,NA,NA,100,300,0.170760706004033,0.117200114704075,0.058907999399473,0.908268939588486,0.887770222070639,-0.00125774879127293,0.887625527247841,0.788135967195352,0.584667418724264,0.266727898323069,0.0616088660903217,0.0515915285420103,-0.0404145616704785,0.00884040562291633
"planning_cell_by_design","post_production_exploratory_heterogeneity_sensitivity",0.5,"primary","mlma_cr2","all_non_null","scenario_set","broad","het_tau0.10_omega0.15_rho0.50",0.1,0.15,FALSE,FALSE,NA,NA,80,240,0.173649187853679,0.119582290721886,0.0612967365166127,0.907027034228386,0.884238046248614,-0.00178613899179879,0.884398943785324,0.781876922433566,0.584667418724264,0.267569661754247,0.0622916817369333,0.0553752519324727,-0.0399600910509704,0.0101646657736856
"planning_cell_by_design","post_production_exploratory_heterogeneity_sensitivity",0.5,"primary","mlma_cr2","all_non_null","scenario_set","targeted","het_tau0.10_omega0.15_rho0.50",0.1,0.15,FALSE,FALSE,NA,NA,20,60,0.158681857204945,0.107671410632833,0.0493530509309143,0.906974159488747,0.902096298386297,0.000762179572906215,0.900943179385749,0.81377773156226,0.440888250852418,0.243967737622564,0.0588776035038754,0.0364566349801608,-0.0422324441485106,0.00354336501983919
"planning_cell_by_design","post_production_exploratory_heterogeneity_sensitivity",0.5,"primary","mlma_cr2","all_non_null","beta1_true","0.05","het_tau0.10_omega0.15_rho0.50",0.1,0.15,FALSE,FALSE,NA,NA,100,100,0.108199417995268,0.0703540866890202,0.0118671571065291,0.776014257525267,0.610400020003459,0.01175296684436,0.871014808689593,0.372588184420223,0.535937701685569,0.33151613867764,0.0616088660903217,0.0515915285420103,-0.0404145616704785,0.00884040562291633
"planning_cell_by_design","post_production_exploratory_heterogeneity_sensitivity",0.5,"primary","mlma_cr2","all_non_null","beta1_true","0.1","het_tau0.10_omega0.15_rho0.50",0.1,0.15,FALSE,FALSE,NA,NA,100,100,0.205476998866766,0.160706966137392,0.0692085330560304,0.776659995983082,0.734577450975054,0.0172428899061161,0.826570567772948,0.539604031481008,0.584667418724264,0.303882281632147,0.0616088660903217,0.0515915285420103,-0.0404145616704785,0.00884040562291633
"planning_cell_by_design","post_production_exploratory_heterogeneity_sensitivity",0.5,"primary","mlma_cr2","all_non_null","beta1_true","0.2","het_tau0.10_omega0.15_rho0.50",0.1,0.15,FALSE,FALSE,NA,NA,100,100,0.183165894825375,0.120539291285813,0.0956483080358597,0.776705548074229,0.81471237743852,-0.117709472547209,1.02572872498809,0.663756257951526,0.522095320817558,0.0907894413530522,0.0616088660903217,0.0515915285420103,-0.0404145616704785,0.00884040562291633
"planning_cell_by_design","post_production_exploratory_heterogeneity_sensitivity",0.5,"primary","mlma_cr2","all_non_null","J","J<=36","het_tau0.10_omega0.15_rho0.50",0.1,0.15,FALSE,FALSE,NA,NA,34,102,0.173354183853483,0.119713314943713,0.0547124585758983,0.88897684767998,0.844583994742589,0.0176323801041899,0.806105503668568,0.71332212417535,0.522095320817558,0.40177594778811,0.0695394112139971,0.0524506667134016,-0.0466870668311552,0.0103291035065982
"planning_cell_by_design","post_production_exploratory_heterogeneity_sensitivity",0.5,"primary","mlma_cr2","all_non_null","J","37-60","het_tau0.10_omega0.15_rho0.50",0.1,0.15,FALSE,FALSE,NA,NA,24,72,0.177581532848222,0.126009235591734,0.0736400617067986,0.909903609104643,0.881727865201404,-0.00663999808707066,0.867927440361002,0.777444028272625,0.493031775280813,0.299251784248609,0.0635124665379384,0.0498394739039382,-0.0469251992257608,0.0200619647112012
"planning_cell_by_design","post_production_exploratory_heterogeneity_sensitivity",0.5,"primary","mlma_cr2","all_non_null","J","61-96","het_tau0.10_omega0.15_rho0.50",0.1,0.15,FALSE,FALSE,NA,NA,30,90,0.183875941786639,0.127931687797173,0.065395100853041,0.890529947950438,0.867908673730999,-0.00101912066742656,0.895173834041179,0.753265465937502,0.584667418724264,0.260873594973745,0.0596276242641792,0.0513941070171287,-0.0413977102597187,0.00770384472827233
"planning_cell_by_design","post_production_exploratory_heterogeneity_sensitivity",0.5,"primary","mlma_cr2","all_non_null","J","J>96","het_tau0.10_omega0.15_rho0.50",0.1,0.15,FALSE,FALSE,NA,NA,12,36,0.101246114752315,0.0656322061837073,0.0251134868176973,0.971936180515067,0.952960216723431,-0.0138863670160685,0.983195539335425,0.908133174657569,0.310784642388799,0.0969803273338733,0.0402848919100311,0.0531549668114167,-0.00716331713156238,-0.014979287654142
"planning_cell_by_design","post_production_exploratory_heterogeneity_sensitivity",0.5,"primary","mlma_cr2","all_non_null","tau_true","tau<0.05","het_tau0.10_omega0.15_rho0.50",0.1,0.15,FALSE,FALSE,NA,NA,9,27,0.221861199711643,0.144152634024064,-0.144085499309757,0.933049087622466,0.880949812244103,0.183425423505609,0.915728312127631,0.776072571692921,0.584667418724264,0.124324623261753,0.0612604923304752,0.0417559829791361,0.0612604923304752,0.0141789266865492
"planning_cell_by_design","post_production_exploratory_heterogeneity_sensitivity",0.5,"primary","mlma_cr2","all_non_null","tau_true","[0.05,0.10)","het_tau0.10_omega0.15_rho0.50",0.1,0.15,FALSE,FALSE,NA,NA,22,66,0.124817761121881,0.0801362757417268,-0.0562246783520833,0.953139750338038,0.944450502931909,0.0859547935087489,0.946051649785357,0.891986752488336,0.535937701685569,0.129517427164623,0.0231077631826311,0.0603397057710391,0.0231077631826311,0.00733610123191932
"planning_cell_by_design","post_production_exploratory_heterogeneity_sensitivity",0.5,"primary","mlma_cr2","all_non_null","tau_true","[0.10,0.15)","het_tau0.10_omega0.15_rho0.50",0.1,0.15,FALSE,FALSE,NA,NA,25,75,0.0766232851110876,0.0566508296171839,0.0472457360015036,0.98967268392209,0.984011326013553,-0.0324476455788902,0.973297871390903,0.968278289722951,0.201746275180713,0.147919598065655,0.026005481915176,0.0486757275248296,-0.026005481915176,0.0184605119582895
"planning_cell_by_design","post_production_exploratory_heterogeneity_sensitivity",0.5,"primary","mlma_cr2","all_non_null","tau_true","tau>=0.15","het_tau0.10_omega0.15_rho0.50",0.1,0.15,FALSE,FALSE,NA,NA,44,132,0.212313754303265,0.164622021760076,0.164622021760076,0.970789542003418,0.921319081740702,-0.0514900472197658,0.764329098106322,0.84882885037953,0.522095320817558,0.624026674623747,0.101159871367287,0.0508859611887548,-0.101159871367287,0.00303461809211881
"planning_cell_by_design","post_production_exploratory_heterogeneity_sensitivity",0.5,"primary","mlma_cr2","all_non_null","omega_true","omega<0.05","het_tau0.10_omega0.15_rho0.50",0.1,0.15,FALSE,FALSE,NA,NA,8,24,0.17212977438808,0.10414293515165,0.0362098586031882,0.907588627673927,0.880012365699294,0.016464683377959,0.896020705344472,0.774421763783668,0.535937701685569,0.207977924139346,0.0617216959006182,0.108767445836864,-0.0495657732001563,0.108767445836864
"planning_cell_by_design","post_production_exploratory_heterogeneity_sensitivity",0.5,"primary","mlma_cr2","all_non_null","omega_true","[0.05,0.10)","het_tau0.10_omega0.15_rho0.50",0.1,0.15,FALSE,FALSE,NA,NA,23,69,0.186133604385916,0.132988440984864,0.0127268923986459,0.862506167143025,0.846211156885116,0.0638368494161423,0.860085558142231,0.716073322036847,0.584667418724264,0.256898684460646,0.0589048730383156,0.0726224873326187,-0.0351437564440978,0.0726224873326187
"planning_cell_by_design","post_production_exploratory_heterogeneity_sensitivity",0.5,"primary","mlma_cr2","all_non_null","omega_true","[0.10,0.15)","het_tau0.10_omega0.15_rho0.50",0.1,0.15,FALSE,FALSE,NA,NA,20,60,0.14610225256677,0.0966517045994356,0.025507216829037,0.914044374141755,0.914073397139296,0.00269977245189298,0.943418599051858,0.835530175357772,0.440082209476203,0.19046949946881,0.0525739858906513,0.0240569966450596,-0.0251362345883711,0.0240569966450596
"planning_cell_by_design","post_production_exploratory_heterogeneity_sensitivity",0.5,"primary","mlma_cr2","all_non_null","omega_true","omega>=0.15","het_tau0.10_omega0.15_rho0.50",0.1,0.15,FALSE,FALSE,NA,NA,49,147,0.172326440570893,0.120308158256199,0.0979236369259633,0.935101782194271,0.909384629149228,-0.0310700134886041,0.867336645950044,0.826980403732879,0.522095320817558,0.316340105519089,0.0665473723292437,0.043623594815402,-0.0476305896217332,-0.043623594815402
"planning_cell_by_design","post_production_exploratory_heterogeneity_sensitivity",0.5,"primary","mlma_cr2","all_non_null","I_C_star_primary","I_C*<2000","het_tau0.10_omega0.15_rho0.50",0.1,0.15,FALSE,FALSE,NA,NA,6,18,0.072565648352815,0.0498617226468433,0.028124610886297,0.915376676986584,0.926646692450986,0.0114141273669385,0.799887934752252,0.858674092630352,0.16364134161655,0.281666013460484,0.0713140395711429,0.0508152063773013,-0.0514455759752018,0.0168589818952993
"planning_cell_by_design","post_production_exploratory_heterogeneity_sensitivity",0.5,"primary","mlma_cr2","all_non_null","I_C_star_primary","[2000,8000)","het_tau0.10_omega0.15_rho0.50",0.1,0.15,FALSE,FALSE,NA,NA,28,84,0.145989110024023,0.104133277630526,0.0517185963132347,0.907421281765718,0.899936230871865,0.00133842339697648,0.871369222839329,0.80988521963586,0.404128201868417,0.300698794514855,0.0646991823688836,0.0475772325348122,-0.0422770613565954,-0.000493789968323991
"planning_cell_by_design","post_production_exploratory_heterogeneity_sensitivity",0.5,"primary","mlma_cr2","all_non_null","I_C_star_primary","[8000,20000)","het_tau0.10_omega0.15_rho0.50",0.1,0.15,FALSE,FALSE,NA,NA,35,105,0.163277671411909,0.112057037050054,0.0559205592576367,0.914790000983935,0.896938143711348,-0.00878313409123559,0.909716360949584,0.804498033644359,0.522095320817558,0.224089854213596,0.055642576736438,0.0530537159467714,-0.0341601965123289,0.0085306988863208
"planning_cell_by_design","post_production_exploratory_heterogeneity_sensitivity",0.5,"primary","mlma_cr2","all_non_null","I_C_star_primary","I_C*>=20000","het_tau0.10_omega0.15_rho0.50",0.1,0.15,FALSE,FALSE,NA,NA,31,93,0.209028654876056,0.147842356907092,0.074732645285215,0.835907372748717,0.823971531089999,0.00908978722660053,0.871954126527264,0.678929084046797,0.584667418724264,0.230227675308884,0.0636753251452015,0.0537167434459834,-0.0436586488800147,0.0160689783552155
"planning_cell_by_design","post_production_exploratory_heterogeneity_sensitivity",0.5,"primary","mlma_cr2","all_non_null","nu_C_star_primary","nu_C*<5","het_tau0.10_omega0.15_rho0.50",0.1,0.15,FALSE,FALSE,NA,NA,17,51,0.139788555801956,0.0880421507138566,0.027674042942817,0.913846153846154,0.867027326964855,-0.00859716130426422,0.93081660705775,0.751736385703822,0.584667418724264,0.427113483068792,0.070074195880008,0.0419712166933458,-0.0511585578995052,0.0150222194680485
"planning_cell_by_design","post_production_exploratory_heterogeneity_sensitivity",0.5,"primary","mlma_cr2","all_non_null","nu_C_star_primary","[5,10)","het_tau0.10_omega0.15_rho0.50",0.1,0.15,FALSE,FALSE,NA,NA,21,63,0.162961231444974,0.109137959909329,0.0580103657103261,0.887886134235546,0.872671764649964,0.0169114046790803,0.824700057990365,0.761556008817282,0.461466829534296,0.252141131505473,0.0592560525572765,0.0599867753286714,-0.0361503212320026,0.0148986974215091
"planning_cell_by_design","post_production_exploratory_heterogeneity_sensitivity",0.5,"primary","mlma_cr2","all_non_null","nu_C_star_primary","[10,20)","het_tau0.10_omega0.15_rho0.50",0.1,0.15,FALSE,FALSE,NA,NA,24,72,0.206132746345042,0.153123022269017,0.0685192880388131,0.862398302532922,0.824789540315552,0.0272798893088708,0.81510974652607,0.68027778581394,0.522095320817558,0.398129302937924,0.0793030406307517,0.0565455100710679,-0.0497220684278242,-0.000533135101106986
"planning_cell_by_design","post_production_exploratory_heterogeneity_sensitivity",0.5,"primary","mlma_cr2","all_non_null","nu_C_star_primary","nu_C*>=20","het_tau0.10_omega0.15_rho0.50",0.1,0.15,FALSE,FALSE,NA,NA,38,114,0.16272894358265,0.112011716203149,0.0673068583439751,0.904431592418389,0.896585075821969,-0.032193509411276,0.947058988191071,0.803864798186686,0.535937701685569,0.195099941950727,0.0479467157955576,0.0481270433370112,-0.0320861656478006,0.0086469849449917
"planning_cell_by_design","post_production_exploratory_heterogeneity_sensitivity",0.5,"primary","mlma_cr2","all_non_null","n_cv","n_cv<=0.3","het_tau0.10_omega0.15_rho0.50",0.1,0.15,FALSE,FALSE,NA,NA,23,69,0.162353521211104,0.116800624396916,0.0299446464985032,0.89761765805306,0.890450724372498,0.0122107242104799,0.922295957178813,0.792902492535506,0.522095320817558,0.257219091046448,0.0505583172437442,0.0606752855450284,-0.0254882867036024,0.0148260875451455
"planning_cell_by_design","post_production_exploratory_heterogeneity_sensitivity",0.5,"primary","mlma_cr2","all_non_null","n_cv","0.3<n_cv<=0.6","het_tau0.10_omega0.15_rho0.50",0.1,0.15,FALSE,FALSE,NA,NA,15,45,0.18254502894778,0.132138712554064,0.100291403544131,0.921440100634926,0.892674458706146,-0.0344859033726808,0.887684872794634,0.796867689226312,0.465420115730942,0.197799473906487,0.0686166283840508,0.0501960522201533,-0.0476270083090097,-0.0126696424645371
"planning_cell_by_design","post_production_exploratory_heterogeneity_sensitivity",0.5,"primary","mlma_cr2","all_non_null","n_cv","n_cv>0.6","het_tau0.10_omega0.15_rho0.50",0.1,0.15,FALSE,FALSE,NA,NA,62,186,0.170853278077749,0.113734135822056,0.0596403551180608,0.914915729609837,0.886725317890924,0.00037411584991168,0.876117209380095,0.786281789388761,0.584667418724264,0.283264343394698,0.0640128368816982,0.0485593629574691,-0.044206781423062,0.0118239546084087
"planning_cell_by_design","post_production_exploratory_heterogeneity_sensitivity",0.5,"primary","mlma_cr2","all_non_null","alignment_pattern","independent","het_tau0.10_omega0.15_rho0.50",0.1,0.15,FALSE,FALSE,NA,NA,24,72,0.18637059363501,0.133453057731486,0.0258210992896872,0.85930654149781,0.849270621055473,0.0431210313144914,0.86580207883931,0.72126058778795,0.584667418724264,0.294610793197961,0.060355866833978,0.0569907544877424,-0.0333978493366157,0.0435419231923855
"planning_cell_by_design","post_production_exploratory_heterogeneity_sensitivity",0.5,"primary","mlma_cr2","all_non_null","alignment_pattern","n_majority","het_tau0.10_omega0.15_rho0.50",0.1,0.15,FALSE,FALSE,NA,NA,20,60,0.123248063422066,0.0840989953823301,0.0772542939454738,0.960557940603127,0.959629496075596,-0.0383454379705984,0.91852802122637,0.920888769738302,0.390342580289778,0.281666013460484,0.0607344592357985,0.0397560259603488,-0.0517514806253661,-0.00521489551191333
"planning_cell_by_design","post_production_exploratory_heterogeneity_sensitivity",0.5,"primary","mlma_cr2","all_non_null","alignment_pattern","n_minority","het_tau0.10_omega0.15_rho0.50",0.1,0.15,FALSE,FALSE,NA,NA,20,60,0.201309342374882,0.14578192955677,0.126072369600975,0.918477354820784,0.889928032890968,-0.048330470564504,0.859814613472038,0.791971903725187,0.522095320817558,0.44866120340614,0.0744741719018174,0.055283415665361,-0.066871938700162,0.00263844857474914
"planning_cell_by_design","post_production_exploratory_heterogeneity_sensitivity",0.5,"primary","mlma_cr2","all_non_null","alignment_pattern","nk_majority","het_tau0.10_omega0.15_rho0.50",0.1,0.15,FALSE,FALSE,NA,NA,18,54,0.123380496460012,0.0868776701268928,0.0380848808973609,0.940537449971412,0.933139637363772,0.00122986938141996,0.912745238130051,0.870749582819393,0.38462331314789,0.254849437606822,0.0534767986865353,0.0506316797543518,-0.031709049066891,0.00140083484334508
"planning_cell_by_design","post_production_exploratory_heterogeneity_sensitivity",0.5,"primary","mlma_cr2","all_non_null","alignment_pattern","nk_minority","het_tau0.10_omega0.15_rho0.50",0.1,0.15,FALSE,FALSE,NA,NA,18,54,0.196353669258068,0.1308734179881,0.0288351349951854,0.883608473758858,0.847424811017644,0.0300683444746192,0.896247694524808,0.718128810328289,0.535937701685569,0.216849607209495,0.0580883781059303,0.0544008710223715,-0.0164820285141372,-0.00748064904236368
"planning_cell_by_design","post_production_exploratory_heterogeneity_sensitivity",0.5,"primary","mlma_cr2","all_non_null","nk_mode","independent","het_tau0.10_omega0.15_rho0.50",0.1,0.15,FALSE,FALSE,NA,NA,39,117,0.186533470419477,0.132537227059167,0.0850884083840979,0.905489449807951,0.878532774712174,-0.01603187001192,0.870546870449573,0.771819836243472,0.535937701685569,0.302213938839147,0.0658461829799255,0.0550398083808399,-0.0514890426831688,0.00958431562571044
"planning_cell_by_design","post_production_exploratory_heterogeneity_sensitivity",0.5,"primary","mlma_cr2","all_non_null","nk_mode","negative","het_tau0.10_omega0.15_rho0.50",0.1,0.15,FALSE,FALSE,NA,NA,30,90,0.138112454362077,0.0960266518122011,0.0484728955708586,0.926335978431831,0.927886116239902,-0.0147280138128587,0.933406464694658,0.86097264471077,0.493031775280813,0.23178913889641,0.0533247843444308,0.0530818667622283,-0.0373750104731414,0.015621123796686
"planning_cell_by_design","post_production_exploratory_heterogeneity_sensitivity",0.5,"primary","mlma_cr2","all_non_null","nk_mode","positive","het_tau0.10_omega0.15_rho0.50",0.1,0.15,FALSE,FALSE,NA,NA,31,93,0.178404730347335,0.118395485830129,0.0360698434142493,0.898266016189043,0.865942155192312,0.0262419240359919,0.873710728670699,0.749855816139106,0.584667418724264,0.257557743708171,0.064294901370392,0.0458111072413364,-0.0294236512325813,0.00134253351575312
"planning_cell_by_design","post_production_exploratory_heterogeneity_sensitivity",0.5,"primary","mlma_cr2","all_non_null","all","all","het_tau0.10_omega0.20_rho0.50",0.1,0.2,FALSE,FALSE,NA,NA,100,300,0.157420950508029,0.102793024330123,0.015954530874796,0.906750216728565,0.891035332500941,0.0276091856403256,0.907324182374623,0.793943963765063,0.65865710017634,0.223090802010997,0.0616088660903217,0.0687272637618496,-0.0404145616704785,0.0588404056229163
"planning_cell_by_design","post_production_exploratory_heterogeneity_sensitivity",0.5,"primary","mlma_cr2","all_non_null","scenario_set","broad","het_tau0.10_omega0.20_rho0.50",0.1,0.2,FALSE,FALSE,NA,NA,80,240,0.15802308951937,0.10350516035989,0.0172652043017453,0.906313887588794,0.889859071703671,0.0262558424445159,0.907551778713096,0.791849167493318,0.65865710017634,0.208583378907836,0.0622916817369333,0.0713689485512179,-0.0399600910509704,0.0601646657736856
"planning_cell_by_design","post_production_exploratory_heterogeneity_sensitivity",0.5,"primary","mlma_cr2","all_non_null","scenario_set","targeted","het_tau0.10_omega0.20_rho0.50",0.1,0.2,FALSE,FALSE,NA,NA,20,60,0.154989002865591,0.0999444802110523,0.0107118371669987,0.904473464851348,0.895787741856312,0.0329342316952711,0.906596042076204,0.80243567846003,0.484982109731284,0.247684207216831,0.0588776035038754,0.0581605246043764,-0.0422324441485106,0.0535433650198392
"planning_cell_by_design","post_production_exploratory_heterogeneity_sensitivity",0.5,"primary","mlma_cr2","all_non_null","beta1_true","0.05","het_tau0.10_omega0.20_rho0.50",0.1,0.2,FALSE,FALSE,NA,NA,100,100,0.108196350407718,0.0607518496689333,-0.0130164629967508,0.768981512054121,0.605540643043508,0.00603934604851328,1.04409223311532,0.366679470377545,0.59819110196548,0.254979118697543,0.0616088660903217,0.0687272637618496,-0.0404145616704785,0.0588404056229163
"planning_cell_by_design","post_production_exploratory_heterogeneity_sensitivity",0.5,"primary","mlma_cr2","all_non_null","beta1_true","0.1","het_tau0.10_omega0.20_rho0.50",0.1,0.2,FALSE,FALSE,NA,NA,100,100,0.193251825006659,0.139724599014879,0.00684584449497682,0.768979204861561,0.726699659566046,0.0471441748523313,0.876203512664398,0.528092395213407,0.65865710017634,0.298752519925196,0.0616088660903217,0.0687272637618496,-0.0404145616704785,0.0588404056229163
"planning_cell_by_design","post_production_exploratory_heterogeneity_sensitivity",0.5,"primary","mlma_cr2","all_non_null","beta1_true","0.2","het_tau0.10_omega0.20_rho0.50",0.1,0.2,FALSE,FALSE,NA,NA,100,100,0.159032540275883,0.107902624306555,0.054034211126162,0.769795228171365,0.832000714553588,-0.0258588934613378,0.965464593336397,0.692225189017681,0.464415956113515,0.110358423746587,0.0616088660903217,0.0687272637618496,-0.0404145616704785,0.0588404056229163
"planning_cell_by_design","post_production_exploratory_heterogeneity_sensitivity",0.5,"primary","mlma_cr2","all_non_null","J","J<=36","het_tau0.10_omega0.20_rho0.50",0.1,0.2,FALSE,FALSE,NA,NA,34,102,0.157231514110343,0.102372649623374,0.0127287080493891,0.890531833388254,0.847093981770871,0.029382950281617,0.872824663536561,0.717568213952429,0.487246288372139,0.305782678184544,0.0695394112139971,0.0686213762000039,-0.0466870668311552,0.0603291035065982
"planning_cell_by_design","post_production_exploratory_heterogeneity_sensitivity",0.5,"primary","mlma_cr2","all_non_null","J","37-60","het_tau0.10_omega0.20_rho0.50",0.1,0.2,FALSE,FALSE,NA,NA,24,72,0.164791851543679,0.120509232290013,0.0297224185964546,0.900513711281365,0.878435270293419,0.0247367085643069,0.882474086162454,0.771648524095472,0.425824531974082,0.316066716111797,0.0635124665379384,0.0772585874771443,-0.0469251992257608,0.0700619647112012
"planning_cell_by_design","post_production_exploratory_heterogeneity_sensitivity",0.5,"primary","mlma_cr2","all_non_null","J","61-96","het_tau0.10_omega0.20_rho0.50",0.1,0.2,FALSE,FALSE,NA,NA,30,90,0.171680332834794,0.106188017458668,0.0224523493649203,0.889113925476115,0.871563064523683,0.0407963450477416,0.889266332273869,0.759622175441914,0.65865710017634,0.168433971179312,0.0596276242641792,0.0683431326569271,-0.0413977102597187,0.0577038447282723
"planning_cell_by_design","post_production_exploratory_heterogeneity_sensitivity",0.5,"primary","mlma_cr2","all_non_null","J","J>96","het_tau0.10_omega0.20_rho0.50",0.1,0.2,FALSE,FALSE,NA,NA,12,36,0.0920233187711413,0.0600641872580982,-0.0186859594551791,0.983264708181998,0.961102223099836,0.0426730391888689,0.961577891854564,0.923717483247448,0.229049279467138,0.0838558510939323,0.0402848919100311,0.0529249588521295,-0.00716331713156238,0.035020712345858
"planning_cell_by_design","post_production_exploratory_heterogeneity_sensitivity",0.5,"primary","mlma_cr2","all_non_null","tau_true","tau<0.05","het_tau0.10_omega0.20_rho0.50",0.1,0.2,FALSE,FALSE,NA,NA,9,27,0.254577246870165,0.182344221409504,-0.182344221409504,0.931520501305916,0.865892661896971,0.215762550057232,0.922022516835388,0.749770101927023,0.65865710017634,0.262555234866126,0.0612604923304752,0.066497883673977,0.0612604923304752,0.0641789266865492
"planning_cell_by_design","post_production_exploratory_heterogeneity_sensitivity",0.5,"primary","mlma_cr2","all_non_null","tau_true","[0.05,0.10)","het_tau0.10_omega0.20_rho0.50",0.1,0.2,FALSE,FALSE,NA,NA,22,66,0.1603324541906,0.10732511842382,-0.100279331423209,0.95082179331752,0.929595948172181,0.132318562288557,0.936810006664639,0.864148626858136,0.59819110196548,0.161668080488055,0.0231077631826311,0.0756154624345972,0.0231077631826311,0.0573361012319193
"planning_cell_by_design","post_production_exploratory_heterogeneity_sensitivity",0.5,"primary","mlma_cr2","all_non_null","tau_true","[0.10,0.15)","het_tau0.10_omega0.20_rho0.50",0.1,0.2,FALSE,FALSE,NA,NA,25,75,0.0541922470056559,0.033190368012437,0.00248718163423123,0.988890311484281,0.986956392602025,0.00499889847041021,0.985305070223633,0.974082920898003,0.21538018864808,0.058402268767446,0.026005481915176,0.0737377859363775,-0.026005481915176,0.0684605119582895
"planning_cell_by_design","post_production_exploratory_heterogeneity_sensitivity",0.5,"primary","mlma_cr2","all_non_null","tau_true","tau>=0.15","het_tau0.10_omega0.20_rho0.50",0.1,0.2,FALSE,FALSE,NA,NA,44,132,0.16894636684678,0.123802105333903,0.122284473423181,0.966226590094392,0.937876265703722,-0.0347962575413748,0.80012042670529,0.879611889770359,0.464415956113515,0.497287055756999,0.101159871367287,0.0628922863897407,-0.101159871367287,0.0530346180921188
"planning_cell_by_design","post_production_exploratory_heterogeneity_sensitivity",0.5,"primary","mlma_cr2","all_non_null","omega_true","omega<0.05","het_tau0.10_omega0.20_rho0.50",0.1,0.2,FALSE,FALSE,NA,NA,8,24,0.169343624865599,0.0997293412229822,-0.00616931901281444,0.906718873358954,0.877232383848861,0.0496638943618532,0.906303624077491,0.769536655273155,0.59819110196548,0.146638515490883,0.0617216959006182,0.158767445836864,-0.0495657732001563,0.158767445836864
"planning_cell_by_design","post_production_exploratory_heterogeneity_sensitivity",0.5,"primary","mlma_cr2","all_non_null","omega_true","[0.05,0.10)","het_tau0.10_omega0.20_rho0.50",0.1,0.2,FALSE,FALSE,NA,NA,23,69,0.189794238047727,0.133423922598843,-0.0326672106108597,0.858852331523602,0.842231152675094,0.0988401049403953,0.868135303436586,0.709353314536418,0.65865710017634,0.278889042255726,0.0589048730383156,0.122622487332619,-0.0351437564440978,0.122622487332619
"planning_cell_by_design","post_production_exploratory_heterogeneity_sensitivity",0.5,"primary","mlma_cr2","all_non_null","omega_true","[0.10,0.15)","het_tau0.10_omega0.20_rho0.50",0.1,0.2,FALSE,FALSE,NA,NA,20,60,0.144882814427097,0.0878673536693414,-0.0175716933203537,0.914905736483632,0.913164353233732,0.0344776347155747,0.962880112131239,0.83386913601678,0.487246288372139,0.157309705171637,0.0525739858906513,0.0740569966450596,-0.0251362345883711,0.0740569966450596
"planning_cell_by_design","post_production_exploratory_heterogeneity_sensitivity",0.5,"primary","mlma_cr2","all_non_null","omega_true","omega>=0.15","het_tau0.10_omega0.20_rho0.50",0.1,0.2,FALSE,FALSE,NA,NA,49,147,0.142885300581224,0.0950075593891464,0.056073211225285,0.935196230432392,0.920066213084027,-0.00734677326824261,0.894550678934191,0.846521836458783,0.484982109731284,0.247447749663037,0.0665473723292437,0.0265536666926251,-0.0476305896217332,0.00637640518459797
"planning_cell_by_design","post_production_exploratory_heterogeneity_sensitivity",0.5,"primary","mlma_cr2","all_non_null","I_C_star_primary","I_C*<2000","het_tau0.10_omega0.20_rho0.50",0.1,0.2,FALSE,FALSE,NA,NA,6,18,0.0707585583503563,0.0466442453020514,0.0112721986201583,0.913312693498452,0.900496572636041,0.0150735905858089,0.854226158380154,0.810894077329257,0.21538018864808,0.22591165545024,0.0713140395711429,0.0693037406595733,-0.0514455759752018,0.0668589818952993
"planning_cell_by_design","post_production_exploratory_heterogeneity_sensitivity",0.5,"primary","mlma_cr2","all_non_null","I_C_star_primary","[2000,8000)","het_tau0.10_omega0.20_rho0.50",0.1,0.2,FALSE,FALSE,NA,NA,28,84,0.13026006750085,0.0894251132593024,0.00927450639764101,0.912463298572441,0.904011279987389,0.018593811001084,0.924686578128349,0.817236394344437,0.432427230613377,0.256075060357847,0.0646991823688836,0.060528993671945,-0.0422770613565954,0.049506210031676
"planning_cell_by_design","post_production_exploratory_heterogeneity_sensitivity",0.5,"primary","mlma_cr2","all_non_null","I_C_star_primary","[8000,20000)","het_tau0.10_omega0.20_rho0.50",0.1,0.2,FALSE,FALSE,NA,NA,35,105,0.149551625673654,0.0995877872659567,0.0111842376298636,0.913929529538815,0.901196057231111,0.021586310803473,0.931351517701728,0.812154333568899,0.487246288372139,0.221721589358601,0.055642576736438,0.0698397216701813,-0.0341601965123289,0.0585306988863208
"planning_cell_by_design","post_production_exploratory_heterogeneity_sensitivity",0.5,"primary","mlma_cr2","all_non_null","I_C_star_primary","I_C*>=20000","het_tau0.10_omega0.20_rho0.50",0.1,0.2,FALSE,FALSE,NA,NA,31,93,0.195942769233358,0.129353588246161,0.0282801741799832,0.829840230888517,0.829849072125916,0.0599531626326762,0.85492129868103,0.688649482508244,0.65865710017634,0.180152982356803,0.0636753251452015,0.0747645758373134,-0.0436586488800147,0.0660689783552155
"planning_cell_by_design","post_production_exploratory_heterogeneity_sensitivity",0.5,"primary","mlma_cr2","all_non_null","nu_C_star_primary","nu_C*<5","het_tau0.10_omega0.20_rho0.50",0.1,0.2,FALSE,FALSE,NA,NA,17,51,0.137105541453563,0.077662181951049,-0.00205720989705145,0.908325791855204,0.864483720504287,0.00198968754732399,1.00027446725905,0.747332103016934,0.65865710017634,0.312463943266813,0.070074195880008,0.070617749170383,-0.0511585578995052,0.0650222194680485
"planning_cell_by_design","post_production_exploratory_heterogeneity_sensitivity",0.5,"primary","mlma_cr2","all_non_null","nu_C_star_primary","[5,10)","het_tau0.10_omega0.20_rho0.50",0.1,0.2,FALSE,FALSE,NA,NA,21,63,0.152242645620614,0.102671321570555,0.011119568929492,0.87982142453877,0.863270249474205,0.0381346716918237,0.870554266939255,0.745235523627256,0.432427230613377,0.241793698204818,0.0592560525572765,0.078950051426117,-0.0361503212320026,0.0648986974215091
"planning_cell_by_design","post_production_exploratory_heterogeneity_sensitivity",0.5,"primary","mlma_cr2","all_non_null","nu_C_star_primary","[10,20)","het_tau0.10_omega0.20_rho0.50",0.1,0.2,FALSE,FALSE,NA,NA,24,72,0.18794659368034,0.135257503929244,0.020714596759896,0.860340226190088,0.833951013873077,0.0516184826922878,0.846209798658452,0.695474293539932,0.487246288372139,0.299805685972455,0.0793030406307517,0.0620323295809164,-0.0497220684278242,0.049466864898893
"planning_cell_by_design","post_production_exploratory_heterogeneity_sensitivity",0.5,"primary","mlma_cr2","all_non_null","nu_C_star_primary","nu_C*>=20","het_tau0.10_omega0.20_rho0.50",0.1,0.2,FALSE,FALSE,NA,NA,38,114,0.147261166902959,0.0935991445410769,0.0236780101571747,0.90335007561374,0.902181052570695,0.0218097401880753,0.926588301267318,0.813930651617567,0.59819110196548,0.123940223792482,0.0479467157955576,0.0664604644841579,-0.0320861656478006,0.0586469849449917
"planning_cell_by_design","post_production_exploratory_heterogeneity_sensitivity",0.5,"primary","mlma_cr2","all_non_null","n_cv","n_cv<=0.3","het_tau0.10_omega0.20_rho0.50",0.1,0.2,FALSE,FALSE,NA,NA,23,69,0.158237244119751,0.107128233170817,-0.0183158387281218,0.904560072570282,0.893035288770285,0.0506248599157169,0.934630396866842,0.797512026989027,0.464415956113515,0.268117787319427,0.0505583172437442,0.0780050147350285,-0.0254882867036024,0.0648260875451455
"planning_cell_by_design","post_production_exploratory_heterogeneity_sensitivity",0.5,"primary","mlma_cr2","all_non_null","n_cv","0.3<n_cv<=0.6","het_tau0.10_omega0.20_rho0.50",0.1,0.2,FALSE,FALSE,NA,NA,15,45,0.154484986712714,0.10684710168112,0.0520794406504529,0.915774564876393,0.902320014510596,0.00271020334080953,0.898101539749021,0.814181408586402,0.42187990535394,0.190042713081967,0.0686166283840508,0.0546355901796216,-0.0476270083090097,0.0373303575354629
"planning_cell_by_design","post_production_exploratory_heterogeneity_sensitivity",0.5,"primary","mlma_cr2","all_non_null","n_cv","n_cv>0.6","het_tau0.10_omega0.20_rho0.50",0.1,0.2,FALSE,FALSE,NA,NA,62,186,0.157820529669429,0.100203976530107,0.0199278349753163,0.912666571993045,0.889103547964686,0.0248055177177274,0.899415275741369,0.790505119003392,0.65865710017634,0.221391913774035,0.0640128368816982,0.0686947932997578,-0.044206781423062,0.0618239546084088
"planning_cell_by_design","post_production_exploratory_heterogeneity_sensitivity",0.5,"primary","mlma_cr2","all_non_null","alignment_pattern","independent","het_tau0.10_omega0.20_rho0.50",0.1,0.2,FALSE,FALSE,NA,NA,24,72,0.182972390314973,0.124707318156924,-0.0220804127389878,0.863872788252144,0.851095910084267,0.0733547311056351,0.889929875790972,0.724364248162166,0.65865710017634,0.297557533912147,0.060355866833978,0.0935419231923855,-0.0333978493366157,0.0935419231923855
"planning_cell_by_design","post_production_exploratory_heterogeneity_sensitivity",0.5,"primary","mlma_cr2","all_non_null","alignment_pattern","n_majority","het_tau0.10_omega0.20_rho0.50",0.1,0.2,FALSE,FALSE,NA,NA,20,60,0.0942623533099289,0.0630295367669207,0.0405780015935769,0.962614095870834,0.967056785955467,-0.0169999472087832,0.94652255595847,0.935198827262517,0.308340758446753,0.193887551128011,0.0607344592357985,0.0541270773802477,-0.0517514806253661,0.0447851044880867
"planning_cell_by_design","post_production_exploratory_heterogeneity_sensitivity",0.5,"primary","mlma_cr2","all_non_null","alignment_pattern","n_minority","het_tau0.10_omega0.20_rho0.50",0.1,0.2,FALSE,FALSE,NA,NA,20,60,0.170799108261293,0.118021915075754,0.0825560067721955,0.916198944151153,0.899132388312957,-0.0188984159646957,0.875437297110722,0.808439051713362,0.464415956113515,0.274966116264581,0.0744741719018174,0.0652231347329332,-0.066871938700162,0.0526384485747492
"planning_cell_by_design","post_production_exploratory_heterogeneity_sensitivity",0.5,"primary","mlma_cr2","all_non_null","alignment_pattern","nk_majority","het_tau0.10_omega0.20_rho0.50",0.1,0.2,FALSE,FALSE,NA,NA,18,54,0.117307651579738,0.083099849804641,-0.00793204832898503,0.939241471316943,0.93076226577972,0.0296495034452486,0.946317979812173,0.866318395399399,0.346760630291801,0.18485974228333,0.0534767986865353,0.0630034260651673,-0.031709049066891,0.0514008348433451
"planning_cell_by_design","post_production_exploratory_heterogeneity_sensitivity",0.5,"primary","mlma_cr2","all_non_null","alignment_pattern","nk_minority","het_tau0.10_omega0.20_rho0.50",0.1,0.2,FALSE,FALSE,NA,NA,18,54,0.192323224204437,0.120527803550504,-0.0108066835654672,0.881091070699716,0.850743648772186,0.0629229132894017,0.901311831225344,0.723764755926213,0.59819110196548,0.174879414893713,0.0580883781059303,0.0614807948961711,-0.0164820285141372,0.0425193509576363
"planning_cell_by_design","post_production_exploratory_heterogeneity_sensitivity",0.5,"primary","mlma_cr2","all_non_null","nk_mode","independent","het_tau0.10_omega0.20_rho0.50",0.1,0.2,FALSE,FALSE,NA,NA,39,117,0.167916084532116,0.113227478058888,0.0422810294832884,0.901855293231592,0.88196945750524,0.0137180006093445,0.885865528941335,0.777870123972087,0.59819110196548,0.260775704560506,0.0658461829799255,0.0724432310029814,-0.0514890426831688,0.0595843156257105
"planning_cell_by_design","post_production_exploratory_heterogeneity_sensitivity",0.5,"primary","mlma_cr2","all_non_null","nk_mode","negative","het_tau0.10_omega0.20_rho0.50",0.1,0.2,FALSE,FALSE,NA,NA,30,90,0.125489973345334,0.0821156503135705,0.0053082916742307,0.925702150108738,0.931198502289575,0.0155022380018185,0.95510758447547,0.867130650666347,0.432427230613377,0.158115669550584,0.0533247843444308,0.071633040970723,-0.0373750104731414,0.065621123796686
"planning_cell_by_design","post_production_exploratory_heterogeneity_sensitivity",0.5,"primary","mlma_cr2","all_non_null","nk_mode","positive","het_tau0.10_omega0.20_rho0.50",0.1,0.2,FALSE,FALSE,NA,NA,31,93,0.170961881927644,0.109676170300274,-0.00686309072888919,0.897467663623385,0.869298874886443,0.0528506339294278,0.897912569985068,0.755680533878836,0.65865710017634,0.224460014663394,0.064294901370392,0.0612402947724838,-0.0294236512325813,0.0513425335157531
"planning_cell_by_design","post_production_exploratory_heterogeneity_sensitivity",0.5,"primary","mlma_cr2","all_non_null","all","all","het_tau0.15_omega0.00_rho0.50",0.15,0,FALSE,FALSE,NA,NA,100,300,0.162658891593705,0.106118884465225,0.0193445985584917,0.899766402769552,0.883881794561929,0.0269855965581012,0.902144603115782,0.781247026758015,0.638024607359392,0.245368343124557,0.0546061251327337,0.141159594377084,0.00958543832952153,-0.141159594377084
"planning_cell_by_design","post_production_exploratory_heterogeneity_sensitivity",0.5,"primary","mlma_cr2","all_non_null","scenario_set","broad","het_tau0.15_omega0.00_rho0.50",0.15,0,FALSE,FALSE,NA,NA,80,240,0.166112458160079,0.109410697417268,0.0223196136613261,0.899170701801956,0.879139381461961,0.0273349303291492,0.895643332371992,0.772886052037319,0.634807361220574,0.245368343124557,0.0553712741695272,0.139835334226314,0.0100399089490296,-0.139835334226314
"planning_cell_by_design","post_production_exploratory_heterogeneity_sensitivity",0.5,"primary","mlma_cr2","all_non_null","scenario_set","targeted","het_tau0.15_omega0.00_rho0.50",0.15,0,FALSE,FALSE,NA,NA,20,60,0.148041143093829,0.0929516326570533,0.00744453814715405,0.902584051125313,0.903475324301359,0.0253202471455141,0.929388607096247,0.816267661621446,0.638024607359392,0.249740750578364,0.05154552898556,0.146456634980161,0.00776755585148936,-0.146456634980161
"planning_cell_by_design","post_production_exploratory_heterogeneity_sensitivity",0.5,"primary","mlma_cr2","all_non_null","beta1_true","0.05","het_tau0.15_omega0.00_rho0.50",0.15,0,FALSE,FALSE,NA,NA,100,100,0.110881431594232,0.0609533201549404,-0.0149478230363281,0.763256905245696,0.581725824179058,0.00288812467398909,1.07715353990341,0.338404934516804,0.621265576642153,0.301240345302934,0.0546061251327337,0.141159594377084,0.00958543832952153,-0.141159594377084
"planning_cell_by_design","post_production_exploratory_heterogeneity_sensitivity",0.5,"primary","mlma_cr2","all_non_null","beta1_true","0.1","het_tau0.15_omega0.00_rho0.50",0.15,0,FALSE,FALSE,NA,NA,100,100,0.194934557361423,0.140354657234663,0.00525379592019911,0.759918271585393,0.716500732439647,0.0320247153416797,0.914209008411751,0.513373299586551,0.638024607359392,0.335655941859955,0.0546061251327337,0.141159594377084,0.00958543832952153,-0.141159594377084
"planning_cell_by_design","post_production_exploratory_heterogeneity_sensitivity",0.5,"primary","mlma_cr2","all_non_null","beta1_true","0.2","het_tau0.15_omega0.00_rho0.50",0.15,0,FALSE,FALSE,NA,NA,100,100,0.170527333637157,0.117048676006072,0.0677278227916041,0.760783594657727,0.81368266986262,-0.0689524343371075,1.00147626763016,0.662079487234762,0.443100403059619,0.104658808830275,0.0546061251327337,0.141159594377084,0.00958543832952153,-0.141159594377084
"planning_cell_by_design","post_production_exploratory_heterogeneity_sensitivity",0.5,"primary","mlma_cr2","all_non_null","J","J<=36","het_tau0.15_omega0.00_rho0.50",0.15,0,FALSE,FALSE,NA,NA,34,102,0.175571534910862,0.119296590326902,0.0186216286165039,0.868219202097894,0.811226200448886,0.0385719307615239,0.830298069054851,0.658087948294737,0.608910227460011,0.369390360062775,0.057616006068822,0.139670896493402,0.00331293316884477,-0.139670896493402
"planning_cell_by_design","post_production_exploratory_heterogeneity_sensitivity",0.5,"primary","mlma_cr2","all_non_null","J","37-60","het_tau0.15_omega0.00_rho0.50",0.15,0,FALSE,FALSE,NA,NA,24,72,0.155487470782533,0.112615681857907,0.0346799653249692,0.909083600904323,0.893495638971553,0.0124131710099287,0.899446108879688,0.798334456861184,0.343326830325914,0.327865157710723,0.0557944022388182,0.129938035288799,0.00307480077423919,-0.129938035288799
"planning_cell_by_design","post_production_exploratory_heterogeneity_sensitivity",0.5,"primary","mlma_cr2","all_non_null","J","61-96","het_tau0.15_omega0.00_rho0.50",0.15,0,FALSE,FALSE,NA,NA,30,90,0.168233727799962,0.10027341775319,0.0185103577835548,0.887022822519848,0.875578681784578,0.0396403002792232,0.897484288601496,0.76663802799562,0.638024607359392,0.158191593391033,0.0482766809678268,0.142296155271728,0.00860228974028128,-0.142296155271728
"planning_cell_by_design","post_production_exploratory_heterogeneity_sensitivity",0.5,"primary","mlma_cr2","all_non_null","J","J>96","het_tau0.15_omega0.00_rho0.50",0.15,0,FALSE,FALSE,NA,NA,12,36,0.118469063846588,0.0704021231851978,-0.00719211820148923,0.945159660575049,0.932745319414383,0.0472406758991063,0.937010557985412,0.870013830889439,0.331114595631608,0.053431538456319,0.0595251853472486,0.164979287654142,0.0428366828684376,-0.164979287654142
"planning_cell_by_design","post_production_exploratory_heterogeneity_sensitivity",0.5,"primary","mlma_cr2","all_non_null","tau_true","tau<0.05","het_tau0.15_omega0.00_rho0.50",0.15,0,FALSE,FALSE,NA,NA,9,27,0.285990372475684,0.205127213697996,-0.198690398675806,0.900643057711594,0.815394769074108,0.238365668817369,0.903751646456006,0.664868629433418,0.638024607359392,0.28949785074699,0.111260492330475,0.135821073313451,0.111260492330475,-0.135821073313451
"planning_cell_by_design","post_production_exploratory_heterogeneity_sensitivity",0.5,"primary","mlma_cr2","all_non_null","tau_true","[0.05,0.10)","het_tau0.15_omega0.00_rho0.50",0.15,0,FALSE,FALSE,NA,NA,22,66,0.165283384962077,0.107987894705625,-0.0997866571253415,0.939524363154453,0.922089652731014,0.13696121236284,0.926752936931349,0.850249327673602,0.621265576642153,0.172385258092021,0.0731077631826311,0.142663898768081,0.0731077631826311,-0.142663898768081
"planning_cell_by_design","post_production_exploratory_heterogeneity_sensitivity",0.5,"primary","mlma_cr2","all_non_null","tau_true","[0.10,0.15)","het_tau0.15_omega0.00_rho0.50",0.15,0,FALSE,FALSE,NA,NA,25,75,0.0525882818264716,0.0317326922918595,0.0128514947307453,0.987496266049639,0.988408501590892,-0.00669978209456939,0.98816516719668,0.976951366017152,0.244652189720218,0.0530139827894107,0.023994518084824,0.131539488041711,0.023994518084824,-0.131539488041711
"planning_cell_by_design","post_production_exploratory_heterogeneity_sensitivity",0.5,"primary","mlma_cr2","all_non_null","tau_true","tau>=0.15","het_tau0.15_omega0.00_rho0.50",0.15,0,FALSE,FALSE,NA,NA,44,132,0.167842576195554,0.127197557555007,0.127197557555007,0.977152629313947,0.946535243513853,-0.04220366837248,0.807974499645977,0.895928967213829,0.428779834215292,0.497375286644401,0.0511598713672866,0.146965381907881,-0.0511598713672866,-0.146965381907881
"planning_cell_by_design","post_production_exploratory_heterogeneity_sensitivity",0.5,"primary","mlma_cr2","all_non_null","omega_true","omega<0.05","het_tau0.15_omega0.00_rho0.50",0.15,0,FALSE,FALSE,NA,NA,8,24,0.166132086927589,0.0874266630324959,0.0032112306482894,0.91541641650868,0.88038882477134,0.0320783319116326,0.925484710357135,0.775084482782261,0.621265576642153,0.153619628329477,0.0452527415196819,0.0412325541631362,0.000434226799843659,-0.0412325541631362
"planning_cell_by_design","post_production_exploratory_heterogeneity_sensitivity",0.5,"primary","mlma_cr2","all_non_null","omega_true","[0.05,0.10)","het_tau0.15_omega0.00_rho0.50",0.15,0,FALSE,FALSE,NA,NA,23,69,0.189862968468537,0.130182818052874,-0.0334722622963935,0.853115809601106,0.843077283842208,0.101514752014873,0.864191834733592,0.710779306530755,0.634807361220574,0.236135365001734,0.0569203769787868,0.0773775126673813,0.0148562435559022,-0.0773775126673813
"planning_cell_by_design","post_production_exploratory_heterogeneity_sensitivity",0.5,"primary","mlma_cr2","all_non_null","omega_true","[0.10,0.15)","het_tau0.15_omega0.00_rho0.50",0.15,0,FALSE,FALSE,NA,NA,20,60,0.144689790875832,0.0869532820021583,-0.0125874142203884,0.921490990516694,0.912992109367509,0.0324195709717749,0.956926494935506,0.833554591767334,0.608910227460011,0.188430418585673,0.04983643299065,0.12594300335494,0.0248637654116289,-0.12594300335494
"planning_cell_by_design","post_production_exploratory_heterogeneity_sensitivity",0.5,"primary","mlma_cr2","all_non_null","omega_true","omega>=0.15","het_tau0.15_omega0.00_rho0.50",0.15,0,FALSE,FALSE,NA,NA,49,147,0.154997501692793,0.105698054836802,0.0598036801609729,0.921357674582985,0.904535553845792,-0.00624762835010102,0.885027061086907,0.818184568171114,0.638024607359392,0.29304649656427,0.0569937398120576,0.193623594815402,0.00236941037826681,-0.193623594815402
"planning_cell_by_design","post_production_exploratory_heterogeneity_sensitivity",0.5,"primary","mlma_cr2","all_non_null","I_C_star_primary","I_C*<2000","het_tau0.15_omega0.00_rho0.50",0.15,0,FALSE,FALSE,NA,NA,6,18,0.0621177588831337,0.0405537786162159,0.024532523785869,0.923632610939113,0.943877443522689,0.00672795836579983,0.838855929626598,0.890904628390927,0.174230181810115,0.211840057252758,0.0562123103485695,0.133141018104701,-0.00144557597520182,-0.133141018104701
"planning_cell_by_design","post_production_exploratory_heterogeneity_sensitivity",0.5,"primary","mlma_cr2","all_non_null","I_C_star_primary","[2000,8000)","het_tau0.15_omega0.00_rho0.50",0.15,0,FALSE,FALSE,NA,NA,28,84,0.15404503017576,0.104445792629187,0.0282085156496983,0.88283891870001,0.872002420042168,0.02112268047702,0.873173249480666,0.760388220559397,0.478657447966534,0.292200211077231,0.054656929020402,0.150493789968324,0.00772293864340462,-0.150493789968324
"planning_cell_by_design","post_production_exploratory_heterogeneity_sensitivity",0.5,"primary","mlma_cr2","all_non_null","I_C_star_primary","[8000,20000)","het_tau0.15_omega0.00_rho0.50",0.15,0,FALSE,FALSE,NA,NA,35,105,0.152949812961098,0.099236969101394,0.0142835457683999,0.91163839472711,0.897310309098756,0.0227857061094352,0.922847410214454,0.805165790814906,0.608910227460011,0.244126940940586,0.0512158545212487,0.141469301113679,0.0158398034876711,-0.141469301113679
"planning_cell_by_design","post_production_exploratory_heterogeneity_sensitivity",0.5,"primary","mlma_cr2","all_non_null","I_C_star_primary","I_C*>=20000","het_tau0.15_omega0.00_rho0.50",0.15,0,FALSE,FALSE,NA,NA,31,93,0.191717687579542,0.128089989118038,0.0160484571951098,0.837579008390395,0.835364309049725,0.0690464522180271,0.857209879294508,0.697833528834124,0.638024607359392,0.190921539363559,0.0580770880763547,0.133931021644784,0.00634135111998534,-0.133931021644784
"planning_cell_by_design","post_production_exploratory_heterogeneity_sensitivity",0.5,"primary","mlma_cr2","all_non_null","nu_C_star_primary","nu_C*<5","het_tau0.15_omega0.00_rho0.50",0.15,0,FALSE,FALSE,NA,NA,17,51,0.138477367791946,0.0817843024609985,0.00679762046497781,0.902171945701357,0.861872437057778,-0.00584936342222658,0.996279407779545,0.742824097759914,0.634807361220574,0.271108367450944,0.0523380460521679,0.134977780531951,-0.00115855789950517,-0.134977780531951
"planning_cell_by_design","post_production_exploratory_heterogeneity_sensitivity",0.5,"primary","mlma_cr2","all_non_null","nu_C_star_primary","[5,10)","het_tau0.15_omega0.00_rho0.50",0.15,0,FALSE,FALSE,NA,NA,21,63,0.144976680078476,0.0968660861757075,0.0249666154234301,0.881645585065422,0.881059695577043,0.0248377909773018,0.873704466562619,0.776266187170311,0.478657447966534,0.249893229062878,0.0530192191544948,0.135101302578491,0.0138496787679974,-0.135101302578491
"planning_cell_by_design","post_production_exploratory_heterogeneity_sensitivity",0.5,"primary","mlma_cr2","all_non_null","nu_C_star_primary","[10,20)","het_tau0.15_omega0.00_rho0.50",0.15,0,FALSE,FALSE,NA,NA,24,72,0.216223320986533,0.157189413703462,0.027445319185747,0.804257645847877,0.782244923380893,0.0730887097675852,0.789266346353159,0.611907120155179,0.638024607359392,0.407311709666159,0.0663451899396411,0.150533135101107,0.00027793157217574,-0.150533135101107
"planning_cell_by_design","post_production_exploratory_heterogeneity_sensitivity",0.5,"primary","mlma_cr2","all_non_null","nu_C_star_primary","nu_C*>=20","het_tau0.15_omega0.00_rho0.50",0.15,0,FALSE,FALSE,NA,NA,38,114,0.141081931756406,0.0898637254240156,0.0167345716735417,0.910511580147897,0.909575726991861,0.0271363950028426,0.928395199779659,0.827328003132771,0.621265576642153,0.101074810314385,0.049083620252388,0.141353015055008,0.0179138343521994,-0.141353015055008
"planning_cell_by_design","post_production_exploratory_heterogeneity_sensitivity",0.5,"primary","mlma_cr2","all_non_null","n_cv","n_cv<=0.3","het_tau0.15_omega0.00_rho0.50",0.15,0,FALSE,FALSE,NA,NA,23,69,0.164984901686899,0.113206885757955,-0.0152570848578698,0.889067526489744,0.882993714284942,0.0526252995464552,0.924859344657064,0.779677899466718,0.478657447966534,0.29304649656427,0.057266842987186,0.135173912454854,0.0245117132963976,-0.135173912454854
"planning_cell_by_design","post_production_exploratory_heterogeneity_sensitivity",0.5,"primary","mlma_cr2","all_non_null","n_cv","0.3<n_cv<=0.6","het_tau0.15_omega0.00_rho0.50",0.15,0,FALSE,FALSE,NA,NA,15,45,0.15709483428264,0.109467507916144,0.0545237281553868,0.921374222312153,0.899888621915438,0.00237546201823113,0.894657059747892,0.809799531852865,0.45645236684495,0.222643537560434,0.0501869254931768,0.162669642464537,0.00237299169099029,-0.162669642464537
"planning_cell_by_design","post_production_exploratory_heterogeneity_sensitivity",0.5,"primary","mlma_cr2","all_non_null","n_cv","n_cv>0.6","het_tau0.15_omega0.00_rho0.50",0.15,0,FALSE,FALSE,NA,NA,62,186,0.163112334536282,0.102679313795925,0.0236696271814415,0.906365760211675,0.881782095037836,0.0233418590669393,0.895174756148619,0.777539663129316,0.638024607359392,0.243792775103582,0.0546882458414588,0.138176045391591,0.00579321857693796,-0.138176045391591
"planning_cell_by_design","post_production_exploratory_heterogeneity_sensitivity",0.5,"primary","mlma_cr2","all_non_null","alignment_pattern","independent","het_tau0.15_omega0.00_rho0.50",0.15,0,FALSE,FALSE,NA,NA,24,72,0.189723232515904,0.128158369643363,-0.0189022849902868,0.843726636198691,0.839621227651016,0.0780449978577641,0.873899180766253,0.7049638059222,0.634807361220574,0.318580124767155,0.0574331148593823,0.106458076807615,0.0166021506633842,-0.106458076807615
"planning_cell_by_design","post_production_exploratory_heterogeneity_sensitivity",0.5,"primary","mlma_cr2","all_non_null","alignment_pattern","n_majority","het_tau0.15_omega0.00_rho0.50",0.15,0,FALSE,FALSE,NA,NA,20,60,0.104291760726452,0.0662800439595962,0.0555619318640129,0.960307867665163,0.96505232635398,-0.0266494034543207,0.936578797357489,0.931325992601229,0.334961298681263,0.158629951750369,0.0454598746991483,0.155214895511913,-0.00175148062536607,-0.155214895511913
"planning_cell_by_design","post_production_exploratory_heterogeneity_sensitivity",0.5,"primary","mlma_cr2","all_non_null","alignment_pattern","n_minority","het_tau0.15_omega0.00_rho0.50",0.15,0,FALSE,FALSE,NA,NA,20,60,0.159170832776725,0.116787524527376,0.0764680133468092,0.932147818838566,0.911050776452386,-0.0237889085402651,0.895676796232994,0.830013517274496,0.428779834215292,0.351046814665133,0.0516529764407053,0.147361551425251,-0.016871938700162,-0.147361551425251
"planning_cell_by_design","post_production_exploratory_heterogeneity_sensitivity",0.5,"primary","mlma_cr2","all_non_null","alignment_pattern","nk_majority","het_tau0.15_omega0.00_rho0.50",0.15,0,FALSE,FALSE,NA,NA,18,54,0.123592989335468,0.0813827265493565,0.0230719100711108,0.923842195540309,0.926861606546789,0.0103924667877999,0.923169534954553,0.859072437690494,0.4141883555637,0.199410834615064,0.0503241173226658,0.148599165156655,0.018290950933109,-0.148599165156655
"planning_cell_by_design","post_production_exploratory_heterogeneity_sensitivity",0.5,"primary","mlma_cr2","all_non_null","alignment_pattern","nk_minority","het_tau0.15_omega0.00_rho0.50",0.15,0,FALSE,FALSE,NA,NA,18,54,0.208528866776213,0.133880395969662,-0.0370988105489103,0.862553829991488,0.828744098574456,0.0960969864200288,0.882426400375907,0.686816780921988,0.638024607359392,0.266919733009451,0.0685625901135079,0.157480649042364,0.0335179714858628,-0.157480649042364
"planning_cell_by_design","post_production_exploratory_heterogeneity_sensitivity",0.5,"primary","mlma_cr2","all_non_null","nk_mode","independent","het_tau0.15_omega0.00_rho0.50",0.15,0,FALSE,FALSE,NA,NA,39,117,0.163255745038204,0.109133068125275,0.0407213611437969,0.904609009812647,0.88794869097674,0.0107563609787952,0.894746051250854,0.788452877807306,0.621265576642153,0.262348314082717,0.0534353206315338,0.14041568437429,-0.0014890426831688,-0.14041568437429
"planning_cell_by_design","post_production_exploratory_heterogeneity_sensitivity",0.5,"primary","mlma_cr2","all_non_null","nk_mode","negative","het_tau0.15_omega0.00_rho0.50",0.15,0,FALSE,FALSE,NA,NA,30,90,0.134763801323713,0.0876438928458761,0.0172059048864219,0.917849264131718,0.921987794358193,0.01045859934239,0.941815543062905,0.850061492945486,0.478657447966534,0.225865353708491,0.049952659059801,0.134378876203314,0.0126249895268586,-0.134378876203314
"planning_cell_by_design","post_production_exploratory_heterogeneity_sensitivity",0.5,"primary","mlma_cr2","all_non_null","nk_mode","positive","het_tau0.15_omega0.00_rho0.50",0.15,0,FALSE,FALSE,NA,NA,31,93,0.185046458316648,0.120205871105177,-0.00547904436617958,0.877844605233827,0.845864588060372,0.0598438585918309,0.879685582033027,0.715486901334543,0.638024607359392,0.271108367450944,0.060582426995146,0.148657466484247,0.0205763487674187,-0.148657466484247
"planning_cell_by_design","post_production_exploratory_heterogeneity_sensitivity",0.5,"primary","mlma_cr2","all_non_null","all","all","het_tau0.15_omega0.05_rho0.50",0.15,0.05,FALSE,FALSE,NA,NA,100,300,0.160682497482197,0.104076634236418,0.012552169244997,0.901108007964949,0.88541023416132,0.0307583925160441,0.907190977350465,0.783951282757604,0.646469505494695,0.23365573235395,0.0546061251327337,0.0925623857109819,0.00958543832952153,-0.0911595943770837
"planning_cell_by_design","post_production_exploratory_heterogeneity_sensitivity",0.5,"primary","mlma_cr2","all_non_null","scenario_set","broad","het_tau0.15_omega0.05_rho0.50",0.15,0.05,FALSE,FALSE,NA,NA,80,240,0.163736145673709,0.107118616508402,0.0152581785911916,0.900891716060011,0.8810445551192,0.0309871074386663,0.901344293742979,0.77623950810519,0.646469505494695,0.230326068034885,0.0553712741695272,0.0915888233936871,0.0100399089490296,-0.0898353342263144
"planning_cell_by_design","post_production_exploratory_heterogeneity_sensitivity",0.5,"primary","mlma_cr2","all_non_null","scenario_set","targeted","het_tau0.15_omega0.05_rho0.50",0.15,0.05,FALSE,FALSE,NA,NA,20,60,0.147838504406844,0.0919087051484824,0.0017281318602184,0.905418171714365,0.90334499646977,0.0296607241744085,0.931510116227708,0.816032182646969,0.640548928825218,0.256058624699258,0.05154552898556,0.0964566349801608,0.00776755585148936,-0.0964566349801608
"planning_cell_by_design","post_production_exploratory_heterogeneity_sensitivity",0.5,"primary","mlma_cr2","all_non_null","beta1_true","0.05","het_tau0.15_omega0.05_rho0.50",0.15,0.05,FALSE,FALSE,NA,NA,100,100,0.111200908871339,0.0603492957638057,-0.0184675580537395,0.76647924681396,0.585928797894495,-0.000225495691502897,1.12234631336102,0.343312556202088,0.627248442005618,0.280716181875157,0.0546061251327337,0.0925623857109819,0.00958543832952153,-0.0911595943770837
"planning_cell_by_design","post_production_exploratory_heterogeneity_sensitivity",0.5,"primary","mlma_cr2","all_non_null","beta1_true","0.1","het_tau0.15_omega0.05_rho0.50",0.15,0.05,FALSE,FALSE,NA,NA,100,100,0.193879468115398,0.138126099934454,-0.00447536095819505,0.763578648604243,0.718959979500883,0.0338035746728758,0.93095961550061,0.516903452123911,0.646469505494695,0.333980605807656,0.0546061251327337,0.0925623857109819,0.00958543832952153,-0.0911595943770837
"planning_cell_by_design","post_production_exploratory_heterogeneity_sensitivity",0.5,"primary","mlma_cr2","all_non_null","beta1_true","0.2","het_tau0.15_omega0.05_rho0.50",0.15,0.05,FALSE,FALSE,NA,NA,100,100,0.165836379304503,0.113754507010994,0.0605994267469255,0.764391850315086,0.81929344083861,-0.0567369913059188,0.995303480614832,0.671241742201169,0.448952776006634,0.0942591639025712,0.0546061251327337,0.0925623857109819,0.00958543832952153,-0.0911595943770837
"planning_cell_by_design","post_production_exploratory_heterogeneity_sensitivity",0.5,"primary","mlma_cr2","all_non_null","J","J<=36","het_tau0.15_omega0.05_rho0.50",0.15,0.05,FALSE,FALSE,NA,NA,34,102,0.172821113781896,0.115874842456534,0.0119162015315461,0.872109493615322,0.813685145864101,0.0393580236451927,0.844773233774772,0.662083516599883,0.613155418783835,0.361365035977962,0.057616006068822,0.0909288080653641,0.00331293316884477,-0.0896708964934018
"planning_cell_by_design","post_production_exploratory_heterogeneity_sensitivity",0.5,"primary","mlma_cr2","all_non_null","J","37-60","het_tau0.15_omega0.05_rho0.50",0.15,0.05,FALSE,FALSE,NA,NA,24,72,0.153696539284791,0.111663251351726,0.0276859898614675,0.90876202906106,0.893643421911906,0.0169412700235356,0.903266701846553,0.798598565526421,0.352387339938307,0.332659632283267,0.0557944022388182,0.0799380352887988,0.00307480077423919,-0.0799380352887988
"planning_cell_by_design","post_production_exploratory_heterogeneity_sensitivity",0.5,"primary","mlma_cr2","all_non_null","J","61-96","het_tau0.15_omega0.05_rho0.50",0.15,0.05,FALSE,FALSE,NA,NA,30,90,0.1668901223082,0.098037452534088,0.0119649923305766,0.887640274180163,0.876754505683136,0.0451286043937509,0.898172829024364,0.76869846323568,0.646469505494695,0.151301715355499,0.0482766809678268,0.094843751570204,0.00860228974028128,-0.0922961552717277
"planning_cell_by_design","post_production_exploratory_heterogeneity_sensitivity",0.5,"primary","mlma_cr2","all_non_null","J","J>96","het_tau0.15_omega0.05_rho0.50",0.15,0.05,FALSE,FALSE,NA,NA,12,36,0.116865810845749,0.0705730976379615,-0.014445621180449,0.946189526726588,0.935545028185127,0.0544589167237256,0.936339751080209,0.87524449976191,0.327464096881196,0.0552053404023104,0.0595251853472486,0.116736141903209,0.0428366828684376,-0.114979287654142
"planning_cell_by_design","post_production_exploratory_heterogeneity_sensitivity",0.5,"primary","mlma_cr2","all_non_null","tau_true","tau<0.05","het_tau0.15_omega0.05_rho0.50",0.15,0.05,FALSE,FALSE,NA,NA,9,27,0.289520866302831,0.207810065961613,-0.204323554940702,0.904311664871316,0.815911075543039,0.240764519834375,0.910372959545269,0.665710883193799,0.646469505494695,0.301438891916331,0.111260492330475,0.0858210733134508,0.111260492330475,-0.0858210733134508
"planning_cell_by_design","post_production_exploratory_heterogeneity_sensitivity",0.5,"primary","mlma_cr2","all_non_null","tau_true","[0.05,0.10)","het_tau0.15_omega0.05_rho0.50",0.15,0.05,FALSE,FALSE,NA,NA,22,66,0.170258548099081,0.113077756325544,-0.106650142415735,0.942239087592898,0.920817966793543,0.143084396657553,0.927227452923059,0.847905727969795,0.627248442005618,0.176885051235312,0.0731077631826311,0.0937360318517391,0.0731077631826311,-0.0926638987680807
"planning_cell_by_design","post_production_exploratory_heterogeneity_sensitivity",0.5,"primary","mlma_cr2","all_non_null","tau_true","[0.10,0.15)","het_tau0.15_omega0.05_rho0.50",0.15,0.05,FALSE,FALSE,NA,NA,25,75,0.0496611896674278,0.0301475821969891,0.00577837664846472,0.987994139419154,0.989139161764351,-0.000876375725507258,0.990439299903606,0.978396281335882,0.229751240388722,0.0576434717135885,0.023994518084824,0.083832460116751,0.023994518084824,-0.0815394880417105
"planning_cell_by_design","post_production_exploratory_heterogeneity_sensitivity",0.5,"primary","mlma_cr2","all_non_null","tau_true","tau>=0.15","het_tau0.15_omega0.05_rho0.50",0.15,0.05,FALSE,FALSE,NA,NA,44,132,0.160120285544931,0.120363014452286,0.120363014452286,0.977314380610894,0.949937543232161,-0.0399426447209025,0.815457837837339,0.902381336041954,0.419945665123115,0.488902315363369,0.0511598713672866,0.0983146524459113,-0.0511598713672866,-0.0969653819078812
"planning_cell_by_design","post_production_exploratory_heterogeneity_sensitivity",0.5,"primary","mlma_cr2","all_non_null","omega_true","omega<0.05","het_tau0.15_omega0.05_rho0.50",0.15,0.05,FALSE,FALSE,NA,NA,8,24,0.165773508986298,0.0858829712169328,-0.00359042054716791,0.91541641650868,0.880739392641357,0.0370623416491604,0.928292877017739,0.775701877750267,0.627248442005618,0.137197416495911,0.0452527415196819,0.00876744583686376,0.000434226799843659,0.00876744583686376
"planning_cell_by_design","post_production_exploratory_heterogeneity_sensitivity",0.5,"primary","mlma_cr2","all_non_null","omega_true","[0.05,0.10)","het_tau0.15_omega0.05_rho0.50",0.15,0.05,FALSE,FALSE,NA,NA,23,69,0.190930546928127,0.130498026579476,-0.0402844804215772,0.852439850011513,0.843047736673914,0.105905129585942,0.867220294378505,0.710729486311009,0.646469505494695,0.224104511580518,0.0569203769787868,0.0273775126673813,0.0148562435559022,-0.0273775126673813
"planning_cell_by_design","post_production_exploratory_heterogeneity_sensitivity",0.5,"primary","mlma_cr2","all_non_null","omega_true","[0.10,0.15)","het_tau0.15_omega0.05_rho0.50",0.15,0.05,FALSE,FALSE,NA,NA,20,60,0.14526640937184,0.0873171274838464,-0.0194057128905877,0.922685783442524,0.913056092287577,0.0372223397743799,0.9607223790691,0.833671427663461,0.613155418783835,0.174652600739495,0.04983643299065,0.0759430033549404,0.0248637654116289,-0.0759430033549404
"planning_cell_by_design","post_production_exploratory_heterogeneity_sensitivity",0.5,"primary","mlma_cr2","all_non_null","omega_true","omega>=0.15","het_tau0.15_omega0.05_rho0.50",0.15,0.05,FALSE,FALSE,NA,NA,49,147,0.149934690501043,0.101485765161254,0.0530326040078586,0.924746477366746,0.90771560492129,-0.00339714863225536,0.891871961496966,0.823947619417623,0.640548928825218,0.274126669976084,0.0569937398120576,0.143623594815402,0.00236941037826681,-0.143623594815402
"planning_cell_by_design","post_production_exploratory_heterogeneity_sensitivity",0.5,"primary","mlma_cr2","all_non_null","I_C_star_primary","I_C*<2000","het_tau0.15_omega0.05_rho0.50",0.15,0.05,FALSE,FALSE,NA,NA,6,18,0.0612314454391742,0.0403725361583143,0.0215293996889129,0.923632610939113,0.940233482961104,0.00700545552669057,0.850593284878888,0.884039002481169,0.164053378068019,0.227307296745781,0.0562123103485695,0.0831622153128653,-0.00144557597520182,-0.0831410181047007
"planning_cell_by_design","post_production_exploratory_heterogeneity_sensitivity",0.5,"primary","mlma_cr2","all_non_null","I_C_star_primary","[2000,8000)","het_tau0.15_omega0.05_rho0.50",0.15,0.05,FALSE,FALSE,NA,NA,28,84,0.1505484084407,0.100102388443948,0.0210075361361221,0.888528905538119,0.874772308753571,0.0229515907654975,0.88485268880115,0.765226592162052,0.480622365843104,0.290539994222764,0.054656929020402,0.10130066781315,0.00772293864340462,-0.100493789968324
"planning_cell_by_design","post_production_exploratory_heterogeneity_sensitivity",0.5,"primary","mlma_cr2","all_non_null","I_C_star_primary","[8000,20000)","het_tau0.15_omega0.05_rho0.50",0.15,0.05,FALSE,FALSE,NA,NA,35,105,0.150944415630683,0.0979348300135657,0.00705438582110721,0.910891961666283,0.899043609108138,0.0268263357335044,0.928406524968751,0.808279411078187,0.613155418783835,0.240121097183231,0.0512158545212487,0.0928248028673431,0.0158398034876711,-0.0914693011136792
"planning_cell_by_design","post_production_exploratory_heterogeneity_sensitivity",0.5,"primary","mlma_cr2","all_non_null","I_C_star_primary","I_C*>=20000","het_tau0.15_omega0.05_rho0.50",0.15,0.05,FALSE,FALSE,NA,NA,31,93,0.190697203570876,0.126930396122147,0.00938471002632415,0.838959600326603,0.836631556789034,0.0749721681574377,0.85684759658078,0.699952361815242,0.646469505494695,0.190205061464789,0.0580770880763547,0.0861928541966387,0.00634135111998534,-0.0839310216447845
"planning_cell_by_design","post_production_exploratory_heterogeneity_sensitivity",0.5,"primary","mlma_cr2","all_non_null","nu_C_star_primary","nu_C*<5","het_tau0.15_omega0.05_rho0.50",0.15,0.05,FALSE,FALSE,NA,NA,17,51,0.137520228857888,0.0803623960635608,0.0018038708464147,0.905882352941176,0.863649850600663,-0.00477882587115333,1.01190584526854,0.745891064442547,0.646469505494695,0.267844270374457,0.0523380460521679,0.0850741047622629,-0.00115855789950517,-0.0849777805319515
"planning_cell_by_design","post_production_exploratory_heterogeneity_sensitivity",0.5,"primary","mlma_cr2","all_non_null","nu_C_star_primary","[5,10)","het_tau0.15_omega0.05_rho0.50",0.15,0.05,FALSE,FALSE,NA,NA,21,63,0.14278715889934,0.0946136867175174,0.0169255092481939,0.889422269415885,0.881262334688766,0.0275210076993085,0.884945095088506,0.776623302541096,0.480622365843104,0.263557066584887,0.0530192191544948,0.0866446332798638,0.0138496787679974,-0.0851013025784909
"planning_cell_by_design","post_production_exploratory_heterogeneity_sensitivity",0.5,"primary","mlma_cr2","all_non_null","nu_C_star_primary","[10,20)","het_tau0.15_omega0.05_rho0.50",0.15,0.05,FALSE,FALSE,NA,NA,24,72,0.2131083877433,0.153565558072264,0.0197335034638594,0.807344760362127,0.785625215400356,0.0753024471854878,0.797517966903596,0.617206979072856,0.640548928825218,0.397852132603484,0.0663451899396411,0.10123005566259,0.00027793157217574,-0.100533135101107
"planning_cell_by_design","post_production_exploratory_heterogeneity_sensitivity",0.5,"primary","mlma_cr2","all_non_null","nu_C_star_primary","nu_C*>=20","het_tau0.15_omega0.05_rho0.50",0.15,0.05,FALSE,FALSE,NA,NA,38,114,0.139761978766331,0.0886589967305011,0.0104081932306829,0.910863984499974,0.910674944383705,0.0337703085184884,0.92714092884166,0.829328854328264,0.627248442005618,0.0981452369717056,0.049083620252388,0.0937084251410636,0.0179138343521994,-0.0913530150550083
"planning_cell_by_design","post_production_exploratory_heterogeneity_sensitivity",0.5,"primary","mlma_cr2","all_non_null","n_cv","n_cv<=0.3","het_tau0.15_omega0.05_rho0.50",0.15,0.05,FALSE,FALSE,NA,NA,23,69,0.164600619274991,0.11223518125098,-0.0226325253222848,0.889907924036566,0.884581436051155,0.0573810883793851,0.92907512265935,0.782484317006323,0.480622365843104,0.263658869326992,0.057266842987186,0.0851739124548545,0.0245117132963976,-0.0851739124548545
"planning_cell_by_design","post_production_exploratory_heterogeneity_sensitivity",0.5,"primary","mlma_cr2","all_non_null","n_cv","0.3<n_cv<=0.6","het_tau0.15_omega0.05_rho0.50",0.15,0.05,FALSE,FALSE,NA,NA,15,45,0.152268428429459,0.105673865741223,0.0468721250398017,0.928818472785574,0.902992541319928,0.00661454984034934,0.899552016301642,0.815395529679422,0.462849736091971,0.21918925970902,0.0501869254931768,0.112669642464537,0.00237299169099029,-0.112669642464537
"planning_cell_by_design","post_production_exploratory_heterogeneity_sensitivity",0.5,"primary","mlma_cr2","all_non_null","n_cv","n_cv>0.6","het_tau0.15_omega0.05_rho0.50",0.15,0.05,FALSE,FALSE,NA,NA,62,186,0.161192832644761,0.100663649495982,0.0173013408276649,0.9076190221673,0.882976131621816,0.026717498344631,0.900433872525534,0.779646849013826,0.646469505494695,0.23365573235395,0.0546882458414588,0.090438612059169,0.00579321857693796,-0.0881760453915912
"planning_cell_by_design","post_production_exploratory_heterogeneity_sensitivity",0.5,"primary","mlma_cr2","all_non_null","alignment_pattern","independent","het_tau0.15_omega0.05_rho0.50",0.15,0.05,FALSE,FALSE,NA,NA,24,72,0.189459501843177,0.127302423998106,-0.0258846752632313,0.843694479531407,0.840944404925165,0.0816332739765142,0.87933959544094,0.70718749217494,0.646469505494695,0.338668797959455,0.0574331148593823,0.0584348501983744,0.0166021506633842,-0.0564580768076145
"planning_cell_by_design","post_production_exploratory_heterogeneity_sensitivity",0.5,"primary","mlma_cr2","all_non_null","alignment_pattern","n_majority","het_tau0.15_omega0.05_rho0.50",0.15,0.05,FALSE,FALSE,NA,NA,20,60,0.0987382194905914,0.0638099256815654,0.049254274937256,0.963003098218779,0.966903276392487,-0.0234059493746247,0.942504778143371,0.934901945898526,0.320657748830963,0.18582010470385,0.0454598746991483,0.105214895511913,-0.00175148062536607,-0.105214895511913
"planning_cell_by_design","post_production_exploratory_heterogeneity_sensitivity",0.5,"primary","mlma_cr2","all_non_null","alignment_pattern","n_minority","het_tau0.15_omega0.05_rho0.50",0.15,0.05,FALSE,FALSE,NA,NA,20,60,0.154490953411534,0.111424380953516,0.0695987395542374,0.931703250903029,0.912992023106722,-0.019378090249791,0.899173807430393,0.833554434256506,0.419945665123115,0.334501327544347,0.0516529764407053,0.0974370678585662,-0.016871938700162,-0.0973615514252509
"planning_cell_by_design","post_production_exploratory_heterogeneity_sensitivity",0.5,"primary","mlma_cr2","all_non_null","alignment_pattern","nk_majority","het_tau0.15_omega0.05_rho0.50",0.15,0.05,FALSE,FALSE,NA,NA,18,54,0.121240059635126,0.0799799512589966,0.0147189038635677,0.927730131503716,0.927651565588159,0.015029998311347,0.930364407836016,0.860537427138162,0.399192969784258,0.17702084804321,0.0503241173226658,0.100706694474065,0.018290950933109,-0.0985991651566549
"planning_cell_by_design","post_production_exploratory_heterogeneity_sensitivity",0.5,"primary","mlma_cr2","all_non_null","alignment_pattern","nk_minority","het_tau0.15_omega0.05_rho0.50",0.15,0.05,FALSE,FALSE,NA,NA,18,54,0.208631823637052,0.133782221795759,-0.0425306349198243,0.867588636109772,0.830050425276239,0.0989906284539631,0.886253300714501,0.688983708501265,0.640548928825218,0.252939946779441,0.0685625901135079,0.110446799910802,0.0335179714858628,-0.107480649042364
"planning_cell_by_design","post_production_exploratory_heterogeneity_sensitivity",0.5,"primary","mlma_cr2","all_non_null","nk_mode","independent","het_tau0.15_omega0.05_rho0.50",0.15,0.05,FALSE,FALSE,NA,NA,39,117,0.160920233079421,0.107416444432409,0.0343767156360418,0.903574961137312,0.888886790562576,0.0146138840366608,0.898514822508202,0.790119726436636,0.627248442005618,0.246572138932714,0.0534353206315338,0.0914493515875223,-0.0014890426831688,-0.0904156843742895
"planning_cell_by_design","post_production_exploratory_heterogeneity_sensitivity",0.5,"primary","mlma_cr2","all_non_null","nk_mode","negative","het_tau0.15_omega0.05_rho0.50",0.15,0.05,FALSE,FALSE,NA,NA,30,90,0.13232592551738,0.0847354093256521,0.00968610657895608,0.920417503570744,0.923769937186728,0.015166637914918,0.946889297525389,0.853350896849971,0.480622365843104,0.196288518521587,0.049952659059801,0.0860106392047988,0.0126249895268586,-0.084378876203314
"planning_cell_by_design","post_production_exploratory_heterogeneity_sensitivity",0.5,"primary","mlma_cr2","all_non_null","nk_mode","positive","het_tau0.15_omega0.05_rho0.50",0.15,0.05,FALSE,FALSE,NA,NA,31,93,0.183748113673145,0.118592251968009,-0.012130909118536,0.882448189654495,0.847979847135962,0.0626435584177472,0.886540523760204,0.71906982114873,0.646469505494695,0.265295333122027,0.060582426995146,0.10030305429164,0.0205763487674187,-0.0986574664842469
"planning_cell_by_design","post_production_exploratory_heterogeneity_sensitivity",0.5,"primary","mlma_cr2","all_non_null","all","all","het_tau0.15_omega0.10_rho0.50",0.15,0.1,FALSE,FALSE,NA,NA,100,300,0.15776099519874,0.10139644909612,-0.00572667414322657,0.903724549222297,0.888028074489495,0.0411643448876266,0.920965874725989,0.788593861081521,0.675481912439161,0.223823567725262,0.0546061251327337,0.0609687298839865,0.00958543832952153,-0.0411595943770837
"planning_cell_by_design","post_production_exploratory_heterogeneity_sensitivity",0.5,"primary","mlma_cr2","all_non_null","scenario_set","broad","het_tau0.15_omega0.10_rho0.50",0.15,0.1,FALSE,FALSE,NA,NA,80,240,0.159758716979331,0.102885136247712,-0.00369397732267566,0.903397061406163,0.884712423824925,0.0410336164875472,0.916986523798176,0.782716072870174,0.675481912439161,0.215510943378807,0.0553712741695272,0.0620967536099429,0.0100399089490296,-0.0398353342263144
"planning_cell_by_design","post_production_exploratory_heterogeneity_sensitivity",0.5,"primary","mlma_cr2","all_non_null","scenario_set","targeted","het_tau0.15_omega0.10_rho0.50",0.15,0.1,FALSE,FALSE,NA,NA,20,60,0.149503402727014,0.095441700489752,-0.0138574614254302,0.907696582383996,0.901459735870218,0.0416526395723595,0.937216339435819,0.812629655395203,0.64778680802168,0.245454246886359,0.05154552898556,0.0564566349801608,0.00776755585148936,-0.0464566349801608
"planning_cell_by_design","post_production_exploratory_heterogeneity_sensitivity",0.5,"primary","mlma_cr2","all_non_null","beta1_true","0.05","het_tau0.15_omega0.10_rho0.50",0.15,0.1,FALSE,FALSE,NA,NA,100,100,0.112984330757414,0.0598350893887804,-0.0273301519555177,0.771375765845066,0.594254074856295,-0.00776462691333561,1.24383998223636,0.353137905483311,0.643430020814536,0.260596131858132,0.0546061251327337,0.0609687298839865,0.00958543832952153,-0.0411595943770837
"planning_cell_by_design","post_production_exploratory_heterogeneity_sensitivity",0.5,"primary","mlma_cr2","all_non_null","beta1_true","0.1","het_tau0.15_omega0.10_rho0.50",0.15,0.1,FALSE,FALSE,NA,NA,100,100,0.194444010522549,0.136113782151209,-0.0300270505469859,0.769045211660262,0.723134327726734,0.0392932407031978,0.976790790285155,0.522923255936795,0.675481912439161,0.352408538915096,0.0546061251327337,0.0609687298839865,0.00958543832952153,-0.0411595943770837
"planning_cell_by_design","post_production_exploratory_heterogeneity_sensitivity",0.5,"primary","mlma_cr2","all_non_null","beta1_true","0.2","het_tau0.15_omega0.10_rho0.50",0.15,0.1,FALSE,FALSE,NA,NA,100,100,0.155214891661517,0.10824047574837,0.0401771800728238,0.768000105972446,0.830837909815203,-0.0210527646961378,0.976153547380235,0.690291632386095,0.465817952699998,0.100652435415086,0.0546061251327337,0.0609687298839865,0.00958543832952153,-0.0411595943770837
"planning_cell_by_design","post_production_exploratory_heterogeneity_sensitivity",0.5,"primary","mlma_cr2","all_non_null","J","J<=36","het_tau0.15_omega0.10_rho0.50",0.15,0.1,FALSE,FALSE,NA,NA,34,102,0.167647034782445,0.109722888345707,-0.00585184505874285,0.878329436448417,0.818979813031837,0.041268222942713,0.886685774724946,0.670727934153663,0.625294317070513,0.321928411114857,0.057616006068822,0.0644006166152403,0.00331293316884477,-0.0396708964934018
"planning_cell_by_design","post_production_exploratory_heterogeneity_sensitivity",0.5,"primary","mlma_cr2","all_non_null","J","37-60","het_tau0.15_omega0.10_rho0.50",0.15,0.1,FALSE,FALSE,NA,NA,24,72,0.151263980170206,0.110432393062633,0.00876568715491545,0.912411869482094,0.892662437317323,0.0289641739430317,0.914719938747029,0.796846226997304,0.377309250623398,0.317700103876382,0.0557944022388182,0.0448703745420812,0.00307480077423919,-0.0299380352887988
"planning_cell_by_design","post_production_exploratory_heterogeneity_sensitivity",0.5,"primary","mlma_cr2","all_non_null","J","61-96","het_tau0.15_omega0.10_rho0.50",0.15,0.1,FALSE,FALSE,NA,NA,30,90,0.165390044941434,0.0949772067119732,-0.00587238285269958,0.888422379616563,0.878521870188165,0.0603148391202152,0.899710648223094,0.771800676398912,0.675481912439161,0.132290835312516,0.0482766809678268,0.0638657796939233,0.00860228974028128,-0.0422961552717277
"planning_cell_by_design","post_production_exploratory_heterogeneity_sensitivity",0.5,"primary","mlma_cr2","all_non_null","J","J>96","het_tau0.15_omega0.10_rho0.50",0.15,0.1,FALSE,FALSE,NA,NA,12,36,0.116729812560758,0.0757810892496294,-0.033992474038532,0.950308991332745,0.940791560984756,0.0746020888007892,0.933317281410884,0.885088761220133,0.344951545641616,0.0852219841586628,0.0595251853472486,0.0761991369710691,0.0428366828684376,-0.064979287654142
"planning_cell_by_design","post_production_exploratory_heterogeneity_sensitivity",0.5,"primary","mlma_cr2","all_non_null","tau_true","tau<0.05","het_tau0.15_omega0.10_rho0.50",0.15,0.1,FALSE,FALSE,NA,NA,9,27,0.300067236810316,0.219762530578104,-0.219719213093358,0.905840251187866,0.815938135029113,0.247803783254578,0.928207127641949,0.665755040194787,0.675481912439161,0.333277002711348,0.111260492330475,0.0512095598452726,0.111260492330475,-0.0358210733134508
"planning_cell_by_design","post_production_exploratory_heterogeneity_sensitivity",0.5,"primary","mlma_cr2","all_non_null","tau_true","[0.05,0.10)","het_tau0.15_omega0.10_rho0.50",0.15,0.1,FALSE,FALSE,NA,NA,22,66,0.185225898481889,0.12797760844832,-0.125106282895486,0.943345859863956,0.915630796461254,0.159724842333263,0.928207526195172,0.83837975542827,0.643430020814536,0.199017019009287,0.0731077631826311,0.05975812214219,0.0731077631826311,-0.0426638987680807
"planning_cell_by_design","post_production_exploratory_heterogeneity_sensitivity",0.5,"primary","mlma_cr2","all_non_null","tau_true","[0.10,0.15)","het_tau0.15_omega0.10_rho0.50",0.15,0.1,FALSE,FALSE,NA,NA,25,75,0.0499675810694563,0.0324740330407039,-0.0133862718264212,0.98916058559916,0.989616748504858,0.0148111899488211,0.99711297545282,0.979341308921328,0.180445438381918,0.0694204922649959,0.023994518084824,0.0558745637445035,0.023994518084824,-0.0315394880417105
"planning_cell_by_design","post_production_exploratory_heterogeneity_sensitivity",0.5,"primary","mlma_cr2","all_non_null","tau_true","tau>=0.15","het_tau0.15_omega0.10_rho0.50",0.15,0.1,FALSE,FALSE,NA,NA,44,132,0.13990915282078,0.103055089148373,0.102086375519972,0.979004942553175,0.957672828884324,-0.0336958473865293,0.836192917031149,0.917137247183303,0.393616600534476,0.423939382482248,0.0511598713672866,0.0664646402056916,-0.0511598713672866,-0.0469653819078812
"planning_cell_by_design","post_production_exploratory_heterogeneity_sensitivity",0.5,"primary","mlma_cr2","all_non_null","omega_true","omega<0.05","het_tau0.15_omega0.10_rho0.50",0.15,0.1,FALSE,FALSE,NA,NA,8,24,0.167126884361059,0.0877132631576579,-0.0217370435802303,0.91541641650868,0.880260333836779,0.0507694834204925,0.93528788323418,0.774858255326438,0.643430020814536,0.097496109603398,0.0452527415196819,0.0587674458368638,0.000434226799843659,0.0587674458368638
"planning_cell_by_design","post_production_exploratory_heterogeneity_sensitivity",0.5,"primary","mlma_cr2","all_non_null","omega_true","[0.05,0.10)","het_tau0.15_omega0.10_rho0.50",0.15,0.1,FALSE,FALSE,NA,NA,23,69,0.195633217518501,0.135193394812232,-0.058924103644301,0.858633101386436,0.841734762426583,0.11785333870513,0.876086443208215,0.708517410277336,0.675481912439161,0.268414322325779,0.0569203769787868,0.0226224873326187,0.0148562435559022,0.0226224873326187
"planning_cell_by_design","post_production_exploratory_heterogeneity_sensitivity",0.5,"primary","mlma_cr2","all_non_null","omega_true","[0.10,0.15)","het_tau0.15_omega0.10_rho0.50",0.15,0.1,FALSE,FALSE,NA,NA,20,60,0.14931095341556,0.0899477214284695,-0.0377155841901864,0.920963058758769,0.912027612453427,0.0499380118573255,0.971921682093219,0.831794365877499,0.625294317070513,0.165650636430061,0.04983643299065,0.0259430033549404,0.0248637654116289,-0.0259430033549404
"planning_cell_by_design","post_production_exploratory_heterogeneity_sensitivity",0.5,"primary","mlma_cr2","all_non_null","omega_true","omega>=0.15","het_tau0.15_omega0.10_rho0.50",0.15,0.1,FALSE,FALSE,NA,NA,49,147,0.138450801493821,0.0924395162265304,0.0349141837130987,0.929155321122209,0.914569350632759,0.00472364238934791,0.910103002116752,0.836437097116826,0.64778680802168,0.256503498587266,0.0569937398120576,0.093623594815402,0.00236941037826681,-0.093623594815402
"planning_cell_by_design","post_production_exploratory_heterogeneity_sensitivity",0.5,"primary","mlma_cr2","all_non_null","I_C_star_primary","I_C*<2000","het_tau0.15_omega0.10_rho0.50",0.15,0.1,FALSE,FALSE,NA,NA,6,18,0.060309035067086,0.0395560778620982,0.013456610276907,0.923632610939113,0.929729916804335,0.00787117383226621,0.883400560518219,0.864397718200995,0.160930635732727,0.244011023386272,0.0562123103485695,0.0579694523187936,-0.00144557597520182,-0.0331410181047007
"planning_cell_by_design","post_production_exploratory_heterogeneity_sensitivity",0.5,"primary","mlma_cr2","all_non_null","I_C_star_primary","[2000,8000)","het_tau0.15_omega0.10_rho0.50",0.15,0.1,FALSE,FALSE,NA,NA,28,84,0.143901379012451,0.0916923227545234,0.00183872405157607,0.892740710742128,0.880614532705517,0.0280929599381018,0.91745157037793,0.775481955212156,0.486184267393931,0.25593881776707,0.054656929020402,0.0673220840549932,0.00772293864340462,-0.050493789968324
"planning_cell_by_design","post_production_exploratory_heterogeneity_sensitivity",0.5,"primary","mlma_cr2","all_non_null","I_C_star_primary","[8000,20000)","het_tau0.15_omega0.10_rho0.50",0.15,0.1,FALSE,FALSE,NA,NA,35,105,0.148377007555905,0.0976064871159568,-0.0122414177467883,0.916790856271985,0.902130084157013,0.0376350073877844,0.944059806818215,0.813838688741139,0.625294317070513,0.189715351812243,0.0512158545212487,0.0598753963649572,0.0158398034876711,-0.0414693011136792
"planning_cell_by_design","post_production_exploratory_heterogeneity_sensitivity",0.5,"primary","mlma_cr2","all_non_null","I_C_star_primary","I_C*>=20000","het_tau0.15_omega0.10_rho0.50",0.15,0.1,FALSE,FALSE,NA,NA,31,93,0.189793293047869,0.126409559879169,-0.00891747510614962,0.838981988303947,0.838654849726632,0.091258325009572,0.85578980891801,0.703341956970001,0.675481912439161,0.195141695425607,0.0580770880763547,0.0570451305862121,0.00634135111998534,-0.0339310216447845
"planning_cell_by_design","post_production_exploratory_heterogeneity_sensitivity",0.5,"primary","mlma_cr2","all_non_null","nu_C_star_primary","nu_C*<5","het_tau0.15_omega0.10_rho0.50",0.15,0.1,FALSE,FALSE,NA,NA,17,51,0.137453243978344,0.0772754722410063,-0.0110822795389033,0.915384615384615,0.865728267920608,-0.00128116038531998,1.05216920157848,0.749485433876817,0.675481912439161,0.286074188878029,0.0523380460521679,0.0569963459816097,-0.00115855789950517,-0.0349777805319515
"planning_cell_by_design","post_production_exploratory_heterogeneity_sensitivity",0.5,"primary","mlma_cr2","all_non_null","nu_C_star_primary","[5,10)","het_tau0.15_omega0.10_rho0.50",0.15,0.1,FALSE,FALSE,NA,NA,21,63,0.140419569926514,0.0926280361546279,-0.00435234216792508,0.88990231165974,0.880066270974813,0.0345058790690901,0.917394170496315,0.774516641307514,0.486184267393931,0.23475665602205,0.0530192191544948,0.060569666448842,0.0138496787679974,-0.0351013025784909
"planning_cell_by_design","post_production_exploratory_heterogeneity_sensitivity",0.5,"primary","mlma_cr2","all_non_null","nu_C_star_primary","[10,20)","het_tau0.15_omega0.10_rho0.50",0.15,0.1,FALSE,FALSE,NA,NA,24,72,0.206460559681347,0.146651249929515,-0.00109188268834145,0.824999196490495,0.793538969988378,0.0811745564212098,0.821455095086719,0.629704096890216,0.64778680802168,0.390753178277377,0.0663451899396411,0.0676835025167093,0.00027793157217574,-0.050533135101107
"planning_cell_by_design","post_production_exploratory_heterogeneity_sensitivity",0.5,"primary","mlma_cr2","all_non_null","nu_C_star_primary","nu_C*>=20","het_tau0.15_omega0.10_rho0.50",0.15,0.1,FALSE,FALSE,NA,NA,38,114,0.138656294575647,0.0884511348410344,-0.00701748137143893,0.910037657053725,0.912239481700921,0.0521142295301957,0.923425945126302,0.832180871973964,0.643430020814536,0.117967598591777,0.049083620252388,0.0587254750232784,0.0179138343521994,-0.0413530150550083
"planning_cell_by_design","post_production_exploratory_heterogeneity_sensitivity",0.5,"primary","mlma_cr2","all_non_null","n_cv","n_cv<=0.3","het_tau0.15_omega0.10_rho0.50",0.15,0.1,FALSE,FALSE,NA,NA,23,69,0.166470660282823,0.112329951953852,-0.0425103726697582,0.895096465412595,0.886992130416417,0.0706285703767742,0.940181291461039,0.786755039420653,0.486184267393931,0.198665384069095,0.057266842987186,0.0578888203406772,0.0245117132963976,-0.0351739124548545
"planning_cell_by_design","post_production_exploratory_heterogeneity_sensitivity",0.5,"primary","mlma_cr2","all_non_null","n_cv","0.3<n_cv<=0.6","het_tau0.15_omega0.10_rho0.50",0.15,0.1,FALSE,FALSE,NA,NA,15,45,0.14219454470598,0.0997748659953622,0.0262591291497914,0.927369149684554,0.909129915228871,0.0189312789740849,0.911714778864747,0.826517202764054,0.480289553083258,0.186548872533578,0.0501869254931768,0.0682056296287414,0.00237299169099029,-0.0626696424645371
"planning_cell_by_design","post_production_exploratory_heterogeneity_sensitivity",0.5,"primary","mlma_cr2","all_non_null","n_cv","n_cv>0.6","het_tau0.15_omega0.10_rho0.50",0.15,0.1,FALSE,FALSE,NA,NA,62,186,0.158020863033691,0.0977327907216602,0.000180390642498538,0.909589366298429,0.884992854214203,0.0358343155211861,0.915256647688737,0.783212352010201,0.675481912439161,0.244011023386272,0.0546882458414588,0.0603604141311605,0.00579321857693796,-0.0381760453915912
"planning_cell_by_design","post_production_exploratory_heterogeneity_sensitivity",0.5,"primary","mlma_cr2","all_non_null","alignment_pattern","independent","het_tau0.15_omega0.10_rho0.50",0.15,0.1,FALSE,FALSE,NA,NA,24,72,0.190812857460636,0.129257095121707,-0.0449632569522316,0.850704632999329,0.843173323694178,0.0914933497600507,0.894954159024162,0.710941253789487,0.675481912439161,0.331251710125011,0.0574331148593823,0.0427787585802216,0.0166021506633842,-0.00645807680761452
"planning_cell_by_design","post_production_exploratory_heterogeneity_sensitivity",0.5,"primary","mlma_cr2","all_non_null","alignment_pattern","n_majority","het_tau0.15_omega0.10_rho0.50",0.15,0.1,FALSE,FALSE,NA,NA,20,60,0.0863648541178861,0.0571897135303762,0.0323821711651292,0.962753025280815,0.970449675345787,-0.0142557801811335,0.95810877198971,0.941772572378743,0.279745518809643,0.144679637643695,0.0454598746991483,0.0604073749093921,-0.00175148062536607,-0.0552148955119133
"planning_cell_by_design","post_production_exploratory_heterogeneity_sensitivity",0.5,"primary","mlma_cr2","all_non_null","alignment_pattern","n_minority","het_tau0.15_omega0.10_rho0.50",0.15,0.1,FALSE,FALSE,NA,NA,20,60,0.143901453970306,0.102118756370485,0.0512467216669393,0.928368991386496,0.916645120655151,-0.00763263966820187,0.909087949123841,0.840238277220895,0.393616600534476,0.297895452801883,0.0516529764407053,0.0667978908246731,-0.016871938700162,-0.0473615514252509
"planning_cell_by_design","post_production_exploratory_heterogeneity_sensitivity",0.5,"primary","mlma_cr2","all_non_null","alignment_pattern","nk_majority","het_tau0.15_omega0.10_rho0.50",0.15,0.1,FALSE,FALSE,NA,NA,18,54,0.119044311400881,0.07856419190893,-0.00733697241179106,0.930779493043644,0.928244833036586,0.0271902603539514,0.950997976752632,0.86163847005912,0.358250611341579,0.145082880734584,0.0503241173226658,0.067373361140732,0.018290950933109,-0.0485991651566549
"planning_cell_by_design","post_production_exploratory_heterogeneity_sensitivity",0.5,"primary","mlma_cr2","all_non_null","alignment_pattern","nk_minority","het_tau0.15_omega0.10_rho0.50",0.15,0.1,FALSE,FALSE,NA,NA,18,54,0.2103708165041,0.135397209684058,-0.0574478667054573,0.87166988046323,0.832384441113303,0.107520574572234,0.89599577000848,0.692863857807506,0.64778680802168,0.256369084673902,0.0685625901135079,0.072964275958825,0.0335179714858628,-0.0574806490423637
"planning_cell_by_design","post_production_exploratory_heterogeneity_sensitivity",0.5,"primary","mlma_cr2","all_non_null","nk_mode","independent","het_tau0.15_omega0.10_rho0.50",0.15,0.1,FALSE,FALSE,NA,NA,39,117,0.156530129795629,0.105085059121874,0.0170271013258625,0.905279642830346,0.890193075304833,0.0253123535813309,0.909023103249101,0.792443711320676,0.643430020814536,0.208296688292686,0.0534353206315338,0.0593842332820058,-0.0014890426831688,-0.0404156843742895
"planning_cell_by_design","post_production_exploratory_heterogeneity_sensitivity",0.5,"primary","mlma_cr2","all_non_null","nk_mode","negative","het_tau0.15_omega0.10_rho0.50",0.15,0.1,FALSE,FALSE,NA,NA,30,90,0.129564463552824,0.0809127515236556,-0.00998239665224591,0.92182509634021,0.926496942180542,0.0278505979269911,0.960139983117548,0.858396583869894,0.486184267393931,0.157974049742691,0.049952659059801,0.0584211001082129,0.0126249895268586,-0.034378876203314
"planning_cell_by_design","post_production_exploratory_heterogeneity_sensitivity",0.5,"primary","mlma_cr2","all_non_null","nk_mode","positive","het_tau0.15_omega0.10_rho0.50",0.15,0.1,FALSE,FALSE,NA,NA,31,93,0.182251074099062,0.116578872843523,-0.0302339505310941,0.884701483811775,0.85241983529546,0.0705130115718596,0.9056920154916,0.726619575605138,0.675481912439161,0.259178239143597,0.060582426995146,0.0654275770049689,0.0205763487674187,-0.0486574664842469
"planning_cell_by_design","post_production_exploratory_heterogeneity_sensitivity",0.5,"primary","mlma_cr2","all_non_null","all","all","het_tau0.15_omega0.15_rho0.50",0.15,0.15,TRUE,FALSE,NA,NA,100,300,0.15958966287068,0.102135504091863,-0.0311804268828243,0.90520371506304,0.88828770208783,0.0562417179907138,0.940743736963075,0.789055041680478,0.710746120907988,0.207364461351814,0.0546061251327337,0.0515915285420103,0.00958543832952153,0.00884040562291633
"planning_cell_by_design","post_production_exploratory_heterogeneity_sensitivity",0.5,"primary","mlma_cr2","all_non_null","scenario_set","broad","het_tau0.15_omega0.15_rho0.50",0.15,0.15,TRUE,FALSE,NA,NA,80,240,0.160341710056916,0.101436824463788,-0.0299466832048169,0.904417082467053,0.886390700278863,0.0556479787746168,0.9393192540052,0.785688473540853,0.710746120907988,0.202162296148785,0.0553712741695272,0.0553752519324727,0.0100399089490296,0.0101646657736856
"planning_cell_by_design","post_production_exploratory_heterogeneity_sensitivity",0.5,"primary","mlma_cr2","all_non_null","scenario_set","targeted","het_tau0.15_omega0.15_rho0.50",0.15,0.15,TRUE,FALSE,NA,NA,20,60,0.156545349787154,0.104930222604163,-0.0361154015948539,0.903473186996388,0.895858203491778,0.0586294761231794,0.946453149304547,0.802561920763517,0.658883127012162,0.215105582009496,0.05154552898556,0.0364566349801608,0.00776755585148936,0.00354336501983919
"planning_cell_by_design","post_production_exploratory_heterogeneity_sensitivity",0.5,"primary","mlma_cr2","all_non_null","beta1_true","0.05","het_tau0.15_omega0.15_rho0.50",0.15,0.15,TRUE,FALSE,NA,NA,100,100,0.116985832343683,0.0607880958867348,-0.038403526084194,0.773571998645782,0.599979348976631,-0.0167473756165528,1.41513015023697,0.359975219198422,0.665687076608186,0.225782324207199,0.0546061251327337,0.0515915285420103,0.00958543832952153,0.00884040562291633
"planning_cell_by_design","post_production_exploratory_heterogeneity_sensitivity",0.5,"primary","mlma_cr2","all_non_null","beta1_true","0.1","het_tau0.15_omega0.15_rho0.50",0.15,0.15,TRUE,FALSE,NA,NA,100,100,0.202318945063969,0.138948457807557,-0.0640610373863913,0.772189535525634,0.72428404061358,0.0477911688998035,1.04454907384182,0.524587371487534,0.710746120907988,0.317577780818256,0.0546061251327337,0.0515915285420103,0.00958543832952153,0.00884040562291633
"planning_cell_by_design","post_production_exploratory_heterogeneity_sensitivity",0.5,"primary","mlma_cr2","all_non_null","beta1_true","0.2","het_tau0.15_omega0.15_rho0.50",0.15,0.15,TRUE,FALSE,NA,NA,100,100,0.147607387974284,0.106669958581296,0.00892328282211219,0.771956579313877,0.838437068431778,0.0343311492079285,0.943878449061413,0.702976717720473,0.491785820840307,0.124647628973724,0.0546061251327337,0.0515915285420103,0.00958543832952153,0.00884040562291633
"planning_cell_by_design","post_production_exploratory_heterogeneity_sensitivity",0.5,"primary","mlma_cr2","all_non_null","J","J<=36","het_tau0.15_omega0.15_rho0.50",0.15,0.15,TRUE,FALSE,NA,NA,34,102,0.165908421587267,0.106081061010253,-0.0299690193925544,0.881382862930119,0.823922250373444,0.0432227990659721,0.954049013524934,0.678847874660441,0.643726804971018,0.293812566239637,0.057616006068822,0.0524506667134016,0.00331293316884477,0.0103291035065982
"planning_cell_by_design","post_production_exploratory_heterogeneity_sensitivity",0.5,"primary","mlma_cr2","all_non_null","J","37-60","het_tau0.15_omega0.15_rho0.50",0.15,0.15,TRUE,FALSE,NA,NA,24,72,0.153647601311386,0.110955610968989,-0.017823451091181,0.910080473618438,0.888437438800912,0.0450609956528778,0.934498975100153,0.789321082663124,0.416495950426785,0.276819403655979,0.0557944022388182,0.0498394739039382,0.00307480077423919,0.0200619647112012
"planning_cell_by_design","post_production_exploratory_heterogeneity_sensitivity",0.5,"primary","mlma_cr2","all_non_null","J","61-96","het_tau0.15_omega0.15_rho0.50",0.15,0.15,TRUE,FALSE,NA,NA,30,90,0.168609199350076,0.0961105307389472,-0.0311780365282377,0.892225881844103,0.877678679100048,0.0824315550170348,0.900968599146036,0.770319863746805,0.710746120907988,0.17620109264133,0.0482766809678268,0.0513941070171287,0.00860228974028128,0.00770384472827233
"planning_cell_by_design","post_production_exploratory_heterogeneity_sensitivity",0.5,"primary","mlma_cr2","all_non_null","J","J>96","het_tau0.15_omega0.15_rho0.50",0.15,0.15,TRUE,FALSE,NA,NA,12,36,0.126346609571328,0.0883786457844599,-0.0613326755750093,0.953398589787362,0.942737536992747,0.104147477328027,0.926391716547804,0.888754063655151,0.372357037772907,0.135664858338992,0.0595251853472486,0.0531549668114167,0.0428366828684376,-0.014979287654142
"planning_cell_by_design","post_production_exploratory_heterogeneity_sensitivity",0.5,"primary","mlma_cr2","all_non_null","tau_true","tau<0.05","het_tau0.15_omega0.15_rho0.50",0.15,0.15,TRUE,FALSE,NA,NA,9,27,0.316931739912788,0.241554249602004,-0.241554249602004,0.906451685714486,0.812798785888407,0.258723770902403,0.953514702352394,0.660641866341669,0.710746120907988,0.375981254726087,0.111260492330475,0.0417559829791361,0.111260492330475,0.0141789266865492
"planning_cell_by_design","post_production_exploratory_heterogeneity_sensitivity",0.5,"primary","mlma_cr2","all_non_null","tau_true","[0.05,0.10)","het_tau0.15_omega0.15_rho0.50",0.15,0.15,TRUE,FALSE,NA,NA,22,66,0.208709825891994,0.151346058776006,-0.150921753144863,0.943805274768923,0.904975225362767,0.182736350932228,0.930290415700432,0.81898015852039,0.665687076608186,0.248529281677272,0.0731077631826311,0.0603397057710391,0.0731077631826311,0.00733610123191932
"planning_cell_by_design","post_production_exploratory_heterogeneity_sensitivity",0.5,"primary","mlma_cr2","all_non_null","tau_true","[0.10,0.15)","het_tau0.15_omega0.15_rho0.50",0.15,0.15,TRUE,FALSE,NA,NA,25,75,0.0679723431057823,0.0477050356316241,-0.0402687830247651,0.987766540164518,0.986561744758567,0.0370858393249534,1.00682044414679,0.973304076221068,0.231943415871707,0.108079558751304,0.023994518084824,0.0486757275248296,0.023994518084824,0.0184605119582895
"planning_cell_by_design","post_production_exploratory_heterogeneity_sensitivity",0.5,"primary","mlma_cr2","all_non_null","tau_true","tau>=0.15","het_tau0.15_omega0.15_rho0.50",0.15,0.15,TRUE,FALSE,NA,NA,44,132,0.113723458705067,0.0799391586114886,0.0768850841577661,0.97798225693377,0.965169307181855,-0.0245038166087374,0.86647828959971,0.931551791525902,0.350945181154552,0.293812566239637,0.0511598713672866,0.0508859611887548,-0.0511598713672866,0.00303461809211881
"planning_cell_by_design","post_production_exploratory_heterogeneity_sensitivity",0.5,"primary","mlma_cr2","all_non_null","omega_true","omega<0.05","het_tau0.15_omega0.15_rho0.50",0.15,0.15,TRUE,FALSE,NA,NA,8,24,0.173958576339307,0.0938389981066991,-0.0466281025331091,0.902370101784091,0.876689928515824,0.0702327472137463,0.944295675973432,0.76858523076108,0.665687076608186,0.147702410810533,0.0452527415196819,0.108767445836864,0.000434226799843659,0.108767445836864
"planning_cell_by_design","post_production_exploratory_heterogeneity_sensitivity",0.5,"primary","mlma_cr2","all_non_null","omega_true","[0.05,0.10)","het_tau0.15_omega0.15_rho0.50",0.15,0.15,TRUE,FALSE,NA,NA,23,69,0.206345783798327,0.143073363825321,-0.0855911759190421,0.855198495904178,0.837197519408724,0.134605591712819,0.890812226695156,0.70089968650412,0.710746120907988,0.266997944870669,0.0569203769787868,0.0726224873326187,0.0148562435559022,0.0726224873326187
"planning_cell_by_design","post_production_exploratory_heterogeneity_sensitivity",0.5,"primary","mlma_cr2","all_non_null","omega_true","[0.10,0.15)","het_tau0.15_omega0.15_rho0.50",0.15,0.15,TRUE,FALSE,NA,NA,20,60,0.160461338607162,0.0994989259117277,-0.0631518395045315,0.920601842292821,0.907744023327112,0.0673516371292376,0.989753128745346,0.823999211886092,0.643726804971018,0.190298203131564,0.04983643299065,0.0240569966450596,0.0248637654116289,0.0240569966450596
"planning_cell_by_design","post_production_exploratory_heterogeneity_sensitivity",0.5,"primary","mlma_cr2","all_non_null","omega_true","omega>=0.15","het_tau0.15_omega0.15_rho0.50",0.15,0.15,TRUE,FALSE,NA,NA,49,147,0.128613416811201,0.0853504599615458,0.00993093812675586,0.931867874521027,0.920215121534839,0.0171405293548199,0.934915230891691,0.846795869901378,0.658883127012162,0.219594714745771,0.0569937398120576,0.043623594815402,0.00236941037826681,-0.043623594815402
"planning_cell_by_design","post_production_exploratory_heterogeneity_sensitivity",0.5,"primary","mlma_cr2","all_non_null","I_C_star_primary","I_C*<2000","het_tau0.15_omega0.15_rho0.50",0.15,0.15,TRUE,FALSE,NA,NA,6,18,0.0623163518617921,0.0380368183953358,0.00239380188837506,0.917440660474716,0.913962490145176,0.00918882121154898,0.93260124088275,0.835327433392371,0.212899884170999,0.206412345830774,0.0562123103485695,0.0508152063773013,-0.00144557597520182,0.0168589818952993
"planning_cell_by_design","post_production_exploratory_heterogeneity_sensitivity",0.5,"primary","mlma_cr2","all_non_null","I_C_star_primary","[2000,8000)","het_tau0.15_omega0.15_rho0.50",0.15,0.15,TRUE,FALSE,NA,NA,28,84,0.141788647859596,0.0878834117936228,-0.0242291207100679,0.895190847423307,0.885104287632482,0.0356738523317654,0.965991699183505,0.783409599985404,0.504701004528988,0.202162296148785,0.054656929020402,0.0475772325348122,0.00772293864340462,-0.000493789968323991
"planning_cell_by_design","post_production_exploratory_heterogeneity_sensitivity",0.5,"primary","mlma_cr2","all_non_null","I_C_star_primary","[8000,20000)","het_tau0.15_omega0.15_rho0.50",0.15,0.15,TRUE,FALSE,NA,NA,35,105,0.151705612562515,0.101926692504223,-0.0388463971552986,0.917247009809158,0.902798942446991,0.0529532382459635,0.966988937544542,0.815045930483406,0.643726804971018,0.212081370328521,0.0512158545212487,0.0530537159467714,0.0158398034876711,0.0085306988863208
"planning_cell_by_design","post_production_exploratory_heterogeneity_sensitivity",0.5,"primary","mlma_cr2","all_non_null","I_C_star_primary","I_C*>=20000","het_tau0.15_omega0.15_rho0.50",0.15,0.15,TRUE,FALSE,NA,NA,31,93,0.193037080996224,0.127650313901452,-0.035302136106301,0.836108864544812,0.838445070833203,0.11437361208306,0.854806390620121,0.702990136804496,0.710746120907988,0.212957876980534,0.0580770880763547,0.0537167434459834,0.00634135111998534,0.0160689783552155
"planning_cell_by_design","post_production_exploratory_heterogeneity_sensitivity",0.5,"primary","mlma_cr2","all_non_null","nu_C_star_primary","nu_C*<5","het_tau0.15_omega0.15_rho0.50",0.15,0.15,TRUE,FALSE,NA,NA,17,51,0.142106688213335,0.0744813509373908,-0.0279176131023829,0.91131221719457,0.863668464216397,0.00440983918639839,1.10677974318839,0.745923216081909,0.710746120907988,0.266997944870669,0.0523380460521679,0.0419712166933458,-0.00115855789950517,0.0150222194680485
"planning_cell_by_design","post_production_exploratory_heterogeneity_sensitivity",0.5,"primary","mlma_cr2","all_non_null","nu_C_star_primary","[5,10)","het_tau0.15_omega0.15_rho0.50",0.15,0.15,TRUE,FALSE,NA,NA,21,63,0.14518058231259,0.0980897627628592,-0.0331482270779916,0.885221899782147,0.875029580449112,0.0432378504353585,0.969992192983107,0.765676766660949,0.49447733791881,0.220922695992006,0.0530192191544948,0.0599867753286714,0.0138496787679974,0.0148986974215091
"planning_cell_by_design","post_production_exploratory_heterogeneity_sensitivity",0.5,"primary","mlma_cr2","all_non_null","nu_C_star_primary","[10,20)","het_tau0.15_omega0.15_rho0.50",0.15,0.15,TRUE,FALSE,NA,NA,24,72,0.202010390207595,0.139781691130685,-0.0302328489671341,0.837444126876066,0.801804602948067,0.0893460262709299,0.859049164951986,0.642890621308707,0.658883127012162,0.315748126869854,0.0663451899396411,0.0565455100710679,0.00027793157217574,-0.000533135101106986
"planning_cell_by_design","post_production_exploratory_heterogeneity_sensitivity",0.5,"primary","mlma_cr2","all_non_null","nu_C_star_primary","nu_C*>=20","het_tau0.15_omega0.15_rho0.50",0.15,0.15,TRUE,FALSE,NA,NA,38,114,0.143413332363644,0.0929663641603723,-0.0321511084656022,0.910292846412126,0.911019317249461,0.0787321630288616,0.917379629299394,0.829956196401674,0.665687076608186,0.137241763981142,0.049083620252388,0.0481270433370112,0.0179138343521994,0.0086469849449917
"planning_cell_by_design","post_production_exploratory_heterogeneity_sensitivity",0.5,"primary","mlma_cr2","all_non_null","n_cv","n_cv<=0.3","het_tau0.15_omega0.15_rho0.50",0.15,0.15,TRUE,FALSE,NA,NA,23,69,0.175456575435923,0.117542856698728,-0.0702630278499852,0.894913770293721,0.886397811407342,0.0896593904804631,0.956147013921272,0.785701080067726,0.49447733791881,0.197685820726017,0.057266842987186,0.0606752855450284,0.0245117132963976,0.0148260875451455
"planning_cell_by_design","post_production_exploratory_heterogeneity_sensitivity",0.5,"primary","mlma_cr2","all_non_null","n_cv","0.3<n_cv<=0.6","het_tau0.15_omega0.15_rho0.50",0.15,0.15,TRUE,FALSE,NA,NA,15,45,0.136613069639555,0.0989512707294248,-0.00241317610623655,0.927369149684554,0.912259623209659,0.0382933022766047,0.925744160086681,0.832217620138629,0.504701004528988,0.201556565321007,0.0501869254931768,0.0501960522201533,0.00237299169099029,-0.0126696424645371
"planning_cell_by_design","post_production_exploratory_heterogeneity_sensitivity",0.5,"primary","mlma_cr2","all_non_null","n_cv","n_cv>0.6","het_tau0.15_omega0.15_rho0.50",0.15,0.15,TRUE,FALSE,NA,NA,62,186,0.158566352281709,0.0971902523253897,-0.0236418613893424,0.912439977755532,0.88511892096619,0.0487103940508639,0.93751041437706,0.783435504252353,0.710746120907988,0.212519623654528,0.0546882458414588,0.0485593629574691,0.00579321857693796,0.0118239546084087
"planning_cell_by_design","post_production_exploratory_heterogeneity_sensitivity",0.5,"primary","mlma_cr2","all_non_null","alignment_pattern","independent","het_tau0.15_omega0.15_rho0.50",0.15,0.15,TRUE,FALSE,NA,NA,24,72,0.197682476745117,0.135260508192185,-0.0721206998156516,0.850785024667539,0.843226360495944,0.105576275088852,0.919537889895791,0.711030695035236,0.710746120907988,0.277224079349098,0.0574331148593823,0.0569907544877424,0.0166021506633842,0.0435419231923855
"planning_cell_by_design","post_production_exploratory_heterogeneity_sensitivity",0.5,"primary","mlma_cr2","all_non_null","alignment_pattern","n_majority","het_tau0.15_omega0.15_rho0.50",0.15,0.15,TRUE,FALSE,NA,NA,20,60,0.077603692956947,0.0505384621894141,0.0091157858082603,0.958529571217416,0.972009991796271,-0.000659551706286029,0.979346575653484,0.944803424151788,0.240811028904872,0.14539850069101,0.0454598746991483,0.0397560259603488,-0.00175148062536607,-0.00521489551191333
"planning_cell_by_design","post_production_exploratory_heterogeneity_sensitivity",0.5,"primary","mlma_cr2","all_non_null","alignment_pattern","n_minority","het_tau0.15_omega0.15_rho0.50",0.15,0.15,TRUE,FALSE,NA,NA,20,60,0.13460045751047,0.0933458097919649,0.0258404859738205,0.931814392886913,0.918396709098689,0.00878537336699104,0.923787495464417,0.843452515283302,0.412723157276148,0.202989038798583,0.0516529764407053,0.055283415665361,-0.016871938700162,0.00263844857474914
"planning_cell_by_design","post_production_exploratory_heterogeneity_sensitivity",0.5,"primary","mlma_cr2","all_non_null","alignment_pattern","nk_majority","het_tau0.15_omega0.15_rho0.50",0.15,0.15,TRUE,FALSE,NA,NA,18,54,0.125529443064998,0.083607051179746,-0.0370300839404964,0.92925481227368,0.925705542231077,0.0434200207270612,0.982981013473597,0.856930750917333,0.416495950426785,0.185802354563678,0.0503241173226658,0.0506316797543518,0.018290950933109,0.00140083484334508
"planning_cell_by_design","post_production_exploratory_heterogeneity_sensitivity",0.5,"primary","mlma_cr2","all_non_null","alignment_pattern","nk_minority","het_tau0.15_omega0.15_rho0.50",0.15,0.15,TRUE,FALSE,NA,NA,18,54,0.216355610692249,0.143593658428379,-0.0788738787455264,0.869953469286542,0.832740689322207,0.121125865801052,0.908152396863704,0.693457055652825,0.665687076608186,0.310276352533064,0.0685625901135079,0.0544008710223715,0.0335179714858628,-0.00748064904236368
"planning_cell_by_design","post_production_exploratory_heterogeneity_sensitivity",0.5,"primary","mlma_cr2","all_non_null","nk_mode","independent","het_tau0.15_omega0.15_rho0.50",0.15,0.15,TRUE,FALSE,NA,NA,39,117,0.155475421608992,0.104388440252385,-0.00772514676727945,0.902788184971297,0.889165667274802,0.0408668901728136,0.92478634141762,0.790615583860244,0.665687076608186,0.220088636959113,0.0534353206315338,0.0550398083808399,-0.0014890426831688,0.00958431562571044
"planning_cell_by_design","post_production_exploratory_heterogeneity_sensitivity",0.5,"primary","mlma_cr2","all_non_null","nk_mode","negative","het_tau0.15_omega0.15_rho0.50",0.15,0.15,TRUE,FALSE,NA,NA,30,90,0.134193246302489,0.0834432462796215,-0.0362831353319883,0.920178789007501,0.925921894349739,0.0457239519780704,0.97762696842596,0.85733135443621,0.49447733791881,0.163841491501556,0.049952659059801,0.0530818667622283,0.0126249895268586,0.015621123796686
"planning_cell_by_design","post_production_exploratory_heterogeneity_sensitivity",0.5,"primary","mlma_cr2","all_non_null","nk_mode","positive","het_tau0.15_omega0.15_rho0.50",0.15,0.15,TRUE,FALSE,NA,NA,31,93,0.185256541103138,0.117390446804988,-0.0557505775612544,0.890819699735516,0.85549978633532,0.0822469489477222,0.934020458475023,0.731879884419778,0.710746120907988,0.220922695992006,0.060582426995146,0.0458111072413364,0.0205763487674187,0.00134253351575312
"planning_cell_by_design","post_production_exploratory_heterogeneity_sensitivity",0.5,"primary","mlma_cr2","all_non_null","all","all","het_tau0.15_omega0.20_rho0.50",0.15,0.2,FALSE,FALSE,NA,NA,100,300,0.169462840719681,0.108299096356527,-0.0599353653845429,0.90576906931467,0.884039706095266,0.0741673113715925,0.963894413579912,0.781526201953004,0.744590372208781,0.23420103464124,0.0546061251327337,0.0687272637618496,0.00958543832952153,0.0588404056229163
"planning_cell_by_design","post_production_exploratory_heterogeneity_sensitivity",0.5,"primary","mlma_cr2","all_non_null","scenario_set","broad","het_tau0.15_omega0.20_rho0.50",0.15,0.2,FALSE,FALSE,NA,NA,80,240,0.169315606774156,0.106319418771487,-0.0593874384196523,0.905670189191645,0.883500643987051,0.0732811623642857,0.96474646532249,0.780573387925535,0.744590372208781,0.203438895194723,0.0553712741695272,0.0713689485512179,0.0100399089490296,0.0601646657736856
"planning_cell_by_design","post_production_exploratory_heterogeneity_sensitivity",0.5,"primary","mlma_cr2","all_non_null","scenario_set","targeted","het_tau0.15_omega0.20_rho0.50",0.15,0.2,FALSE,FALSE,NA,NA,20,60,0.170050501718513,0.116217806696688,-0.0621270732441055,0.898027229786052,0.88618413989726,0.0776738404903589,0.960585611341656,0.785322329805446,0.67274173577277,0.259899080813624,0.05154552898556,0.0581605246043764,0.00776755585148936,0.0535433650198392
"planning_cell_by_design","post_production_exploratory_heterogeneity_sensitivity",0.5,"primary","mlma_cr2","all_non_null","beta1_true","0.05","het_tau0.15_omega0.20_rho0.50",0.15,0.2,FALSE,FALSE,NA,NA,100,100,0.122639679248034,0.0645291361935776,-0.0494674055875437,0.773313971294878,0.600412094353398,-0.0257169844021283,1.61733725432942,0.360494683045833,0.689783880068368,0.253483993129968,0.0546061251327337,0.0687272637618496,0.00958543832952153,0.0588404056229163
"planning_cell_by_design","post_production_exploratory_heterogeneity_sensitivity",0.5,"primary","mlma_cr2","all_non_null","beta1_true","0.1","het_tau0.15_omega0.20_rho0.50",0.15,0.2,FALSE,FALSE,NA,NA,100,100,0.21853121946508,0.14939203774957,-0.100364303192107,0.773059625144869,0.720727155183803,0.0576677966249926,1.12981251873375,0.519447632219338,0.744590372208781,0.300798280510141,0.0546061251327337,0.0687272637618496,0.00958543832952153,0.0588404056229163
"planning_cell_by_design","post_production_exploratory_heterogeneity_sensitivity",0.5,"primary","mlma_cr2","all_non_null","beta1_true","0.2","het_tau0.15_omega0.20_rho0.50",0.15,0.2,FALSE,FALSE,NA,NA,100,100,0.152828591393747,0.110976115126434,-0.029974387373978,0.771296166464776,0.835781752762149,0.102236031390404,0.901258975007605,0.69853113825017,0.524173508170695,0.147895789262119,0.0546061251327337,0.0687272637618496,0.00958543832952153,0.0588404056229163
"planning_cell_by_design","post_production_exploratory_heterogeneity_sensitivity",0.5,"primary","mlma_cr2","all_non_null","J","J<=36","het_tau0.15_omega0.20_rho0.50",0.15,0.2,FALSE,FALSE,NA,NA,34,102,0.171433437204037,0.107215628159224,-0.0563217786712859,0.886505834027196,0.826761616511809,0.0444181043127257,1.04541996573408,0.68353477053722,0.666317900754403,0.272783071597092,0.057616006068822,0.0686213762000039,0.00331293316884477,0.0603291035065982
"planning_cell_by_design","post_production_exploratory_heterogeneity_sensitivity",0.5,"primary","mlma_cr2","all_non_null","J","37-60","het_tau0.15_omega0.20_rho0.50",0.15,0.2,FALSE,FALSE,NA,NA,24,72,0.163981140178851,0.112207044453603,-0.0481616485166986,0.907942020860739,0.880214711315679,0.0623418958839119,0.96321554705126,0.774777938016543,0.472225830593408,0.295794156843413,0.0557944022388182,0.0772585874771443,0.00307480077423919,0.0700619647112012
"planning_cell_by_design","post_production_exploratory_heterogeneity_sensitivity",0.5,"primary","mlma_cr2","all_non_null","J","61-96","het_tau0.15_omega0.20_rho0.50",0.15,0.2,FALSE,FALSE,NA,NA,30,90,0.179373589788114,0.107987202761076,-0.0603491867463114,0.888018977865157,0.872242929714181,0.108635996337606,0.901128002694161,0.760807728436378,0.744590372208781,0.171609024413374,0.0482766809678268,0.0683431326569271,0.00860228974028128,0.0577038447282723
"planning_cell_by_design","post_production_exploratory_heterogeneity_sensitivity",0.5,"primary","mlma_cr2","all_non_null","J","J>96","het_tau0.15_omega0.20_rho0.50",0.15,0.2,FALSE,FALSE,NA,NA,12,36,0.147739341898595,0.104332760710032,-0.0926867414033722,0.970391381287758,0.938338513959146,0.138444553883827,0.916849833920089,0.880479166779059,0.407318207322887,0.167727789774837,0.0595251853472486,0.0529249588521295,0.0428366828684376,0.035020712345858
"planning_cell_by_design","post_production_exploratory_heterogeneity_sensitivity",0.5,"primary","mlma_cr2","all_non_null","tau_true","tau<0.05","het_tau0.15_omega0.20_rho0.50",0.15,0.2,FALSE,FALSE,NA,NA,9,27,0.338380090152244,0.26659490120942,-0.26659490120942,0.909203141084277,0.805270969441611,0.272058837064595,0.984130911378544,0.648461334225432,0.744590372208781,0.420823086250399,0.111260492330475,0.066497883673977,0.111260492330475,0.0641789266865492
"planning_cell_by_design","post_production_exploratory_heterogeneity_sensitivity",0.5,"primary","mlma_cr2","all_non_null","tau_true","[0.05,0.10)","het_tau0.15_omega0.20_rho0.50",0.15,0.2,FALSE,FALSE,NA,NA,22,66,0.23760628958447,0.180453275019002,-0.180453275019002,0.945872641841278,0.889047425709759,0.20816250567246,0.935085325697033,0.790405325161149,0.689783880068368,0.319906409055452,0.0731077631826311,0.0756154624345972,0.0731077631826311,0.0573361012319193
"planning_cell_by_design","post_production_exploratory_heterogeneity_sensitivity",0.5,"primary","mlma_cr2","all_non_null","tau_true","[0.10,0.15)","het_tau0.15_omega0.20_rho0.50",0.15,0.2,FALSE,FALSE,NA,NA,25,75,0.0999425976428604,0.0723157495247484,-0.0707266102999697,0.984921549481575,0.977647585333626,0.0634133891516809,1.01676501941876,0.955794801108669,0.292681881042262,0.174291154325695,0.023994518084824,0.0737377859363775,0.023994518084824,0.0684605119582895
"planning_cell_by_design","post_production_exploratory_heterogeneity_sensitivity",0.5,"primary","mlma_cr2","all_non_null","tau_true","tau>=0.15","het_tau0.15_omega0.20_rho0.50",0.15,0.2,FALSE,FALSE,NA,NA,44,132,0.08912378068568,0.0602884030961641,0.0487262472806309,0.974778537697473,0.969087658496625,-0.0132238933999235,0.902505275583493,0.939130889850471,0.295081590952706,0.200771418943851,0.0511598713672866,0.0628922863897407,-0.0511598713672866,0.0530346180921188
"planning_cell_by_design","post_production_exploratory_heterogeneity_sensitivity",0.5,"primary","mlma_cr2","all_non_null","omega_true","omega<0.05","het_tau0.15_omega0.20_rho0.50",0.15,0.2,FALSE,FALSE,NA,NA,8,24,0.187209025506066,0.104980673637531,-0.0742813914615048,0.902370101784091,0.869268856160905,0.0924009416744121,0.954254602131943,0.755628344291288,0.689783880068368,0.163709706689581,0.0452527415196819,0.158767445836864,0.000434226799843659,0.158767445836864
"planning_cell_by_design","post_production_exploratory_heterogeneity_sensitivity",0.5,"primary","mlma_cr2","all_non_null","omega_true","[0.05,0.10)","het_tau0.15_omega0.20_rho0.50",0.15,0.2,FALSE,FALSE,NA,NA,23,69,0.223681103077254,0.156105585034334,-0.116636850849302,0.859035023304573,0.8285502441092,0.153581433657585,0.911585064773907,0.686495507013415,0.744590372208781,0.265332774623069,0.0569203769787868,0.122622487332619,0.0148562435559022,0.122622487332619
"planning_cell_by_design","post_production_exploratory_heterogeneity_sensitivity",0.5,"primary","mlma_cr2","all_non_null","omega_true","[0.10,0.15)","het_tau0.15_omega0.20_rho0.50",0.15,0.2,FALSE,FALSE,NA,NA,20,60,0.17941509872287,0.116551632747667,-0.0917850070388725,0.918378971733138,0.898774230371818,0.0871922336749134,1.01204730457001,0.807795117180453,0.666317900754403,0.253240815060885,0.04983643299065,0.0740569966450596,0.0248637654116289,0.0740569966450596
"planning_cell_by_design","post_production_exploratory_heterogeneity_sensitivity",0.5,"primary","mlma_cr2","all_non_null","omega_true","omega>=0.15","het_tau0.15_omega0.20_rho0.50",0.15,0.2,FALSE,FALSE,NA,NA,49,147,0.12752172336248,0.0830327170573361,-0.0179783203357319,0.934208301861652,0.921327448744962,0.0327446276680951,0.961945685628483,0.848844267810901,0.67274173577277,0.224582346652805,0.0569937398120576,0.0265536666926251,0.00236941037826681,0.00637640518459797
"planning_cell_by_design","post_production_exploratory_heterogeneity_sensitivity",0.5,"primary","mlma_cr2","all_non_null","I_C_star_primary","I_C*<2000","het_tau0.15_omega0.20_rho0.50",0.15,0.2,FALSE,FALSE,NA,NA,6,18,0.0681474637978207,0.0354159933853661,-0.00967880012695956,0.915376676986584,0.895353376635267,0.0105175856218119,0.994750358269225,0.801657669052174,0.262576989145916,0.17176473806619,0.0562123103485695,0.0693037406595733,-0.00144557597520182,0.0668589818952993
"planning_cell_by_design","post_production_exploratory_heterogeneity_sensitivity",0.5,"primary","mlma_cr2","all_non_null","I_C_star_primary","[2000,8000)","het_tau0.15_omega0.20_rho0.50",0.15,0.2,FALSE,FALSE,NA,NA,28,84,0.149073784565328,0.0903252203609703,-0.0526648848153119,0.897681482231447,0.885247330444741,0.0449217090706992,1.02513268777049,0.783662836059541,0.53182896658449,0.200495957464588,0.054656929020402,0.060528993671945,0.00772293864340462,0.049506210031676
"planning_cell_by_design","post_production_exploratory_heterogeneity_sensitivity",0.5,"primary","mlma_cr2","all_non_null","I_C_star_primary","[8000,20000)","het_tau0.15_omega0.20_rho0.50",0.15,0.2,FALSE,FALSE,NA,NA,35,105,0.164349849531713,0.10919778058277,-0.0686426875137193,0.91925304866013,0.898484264285625,0.0713272850254181,0.993246983412926,0.807273973168881,0.666317900754403,0.233068919885306,0.0512158545212487,0.0698397216701813,0.0158398034876711,0.0585306988863208
"planning_cell_by_design","post_production_exploratory_heterogeneity_sensitivity",0.5,"primary","mlma_cr2","all_non_null","I_C_star_primary","I_C*>=20000","het_tau0.15_omega0.20_rho0.50",0.15,0.2,FALSE,FALSE,NA,NA,31,93,0.2029044436037,0.13762532854311,-0.0663984806414074,0.837287964684925,0.834322221408729,0.140732353543127,0.855239913241646,0.696093569136396,0.744590372208781,0.262342951909553,0.0580770880763547,0.0747645758373134,0.00634135111998534,0.0660689783552155
"planning_cell_by_design","post_production_exploratory_heterogeneity_sensitivity",0.5,"primary","mlma_cr2","all_non_null","nu_C_star_primary","nu_C*<5","het_tau0.15_omega0.20_rho0.50",0.15,0.2,FALSE,FALSE,NA,NA,17,51,0.151884435114067,0.075384143130149,-0.0457363936429096,0.916561085972851,0.856540396957448,0.0110878749107584,1.17124483560036,0.733661451620023,0.744590372208781,0.262342951909553,0.0523380460521679,0.070617749170383,-0.00115855789950517,0.0650222194680485
"planning_cell_by_design","post_production_exploratory_heterogeneity_sensitivity",0.5,"primary","mlma_cr2","all_non_null","nu_C_star_primary","[5,10)","het_tau0.15_omega0.20_rho0.50",0.15,0.2,FALSE,FALSE,NA,NA,21,63,0.159887985159118,0.110168949643664,-0.0645231288343624,0.883997792060315,0.865726147434413,0.0514235935965665,1.04296924802951,0.749481762351631,0.524173508170695,0.267308246127266,0.0530192191544948,0.078950051426117,0.0138496787679974,0.0648986974215091
"planning_cell_by_design","post_production_exploratory_heterogeneity_sensitivity",0.5,"primary","mlma_cr2","all_non_null","nu_C_star_primary","[10,20)","het_tau0.15_omega0.20_rho0.50",0.15,0.2,FALSE,FALSE,NA,NA,24,72,0.204609825350363,0.137201474445342,-0.0631922456379922,0.84776666603309,0.807101421734198,0.0991340310823018,0.906989993134068,0.651412704965363,0.67274173577277,0.253824978043754,0.0663451899396411,0.0620323295809164,0.00027793157217574,0.049466864898893
"planning_cell_by_design","post_production_exploratory_heterogeneity_sensitivity",0.5,"primary","mlma_cr2","all_non_null","nu_C_star_primary","nu_C*>=20","het_tau0.15_omega0.20_rho0.50",0.15,0.2,FALSE,FALSE,NA,NA,38,114,0.157110637507873,0.103736733506186,-0.0616952169918791,0.911058414487327,0.905038930087928,0.109832214638506,0.909898352151566,0.819095464974701,0.689783880068368,0.164646302122357,0.049083620252388,0.0664604644841579,0.0179138343521994,0.0586469849449917
"planning_cell_by_design","post_production_exploratory_heterogeneity_sensitivity",0.5,"primary","mlma_cr2","all_non_null","n_cv","n_cv<=0.3","het_tau0.15_omega0.20_rho0.50",0.15,0.2,FALSE,FALSE,NA,NA,23,69,0.192914269721604,0.133873315469776,-0.101770979649269,0.899517687289352,0.880941282734969,0.111443944242651,0.976453136602073,0.776057543626732,0.524173508170695,0.263530634653519,0.057266842987186,0.0780050147350285,0.0245117132963976,0.0648260875451455
"planning_cell_by_design","post_production_exploratory_heterogeneity_sensitivity",0.5,"primary","mlma_cr2","all_non_null","n_cv","0.3<n_cv<=0.6","het_tau0.15_omega0.20_rho0.50",0.15,0.2,FALSE,FALSE,NA,NA,15,45,0.142554154974636,0.0982693119868738,-0.0348002849669905,0.927237393039007,0.908930122734433,0.0623405190959659,0.938909294910556,0.826153968014032,0.53182896658449,0.221932687276757,0.0501869254931768,0.0546355901796216,0.00237299169099029,0.0373303575354629
"planning_cell_by_design","post_production_exploratory_heterogeneity_sensitivity",0.5,"primary","mlma_cr2","all_non_null","n_cv","n_cv>0.6","het_tau0.15_omega0.20_rho0.50",0.15,0.2,FALSE,FALSE,NA,NA,62,186,0.166121509955785,0.101238446774916,-0.0504967698712299,0.911345238517508,0.881420774294019,0.0639732096166239,0.963996432924454,0.776902581357068,0.744590372208781,0.236247071899044,0.0546882458414588,0.0686947932997578,0.00579321857693796,0.0618239546084088
"planning_cell_by_design","post_production_exploratory_heterogeneity_sensitivity",0.5,"primary","mlma_cr2","all_non_null","alignment_pattern","independent","het_tau0.15_omega0.20_rho0.50",0.15,0.2,FALSE,FALSE,NA,NA,24,72,0.212072591779122,0.145244675448115,-0.10339978788022,0.857618316465398,0.838978339829087,0.122050463807962,0.9514954349056,0.70388465470237,0.744590372208781,0.264561771927584,0.0574331148593823,0.0935419231923855,0.0166021506633842,0.0935419231923855
"planning_cell_by_design","post_production_exploratory_heterogeneity_sensitivity",0.5,"primary","mlma_cr2","all_non_null","alignment_pattern","n_majority","het_tau0.15_omega0.20_rho0.50",0.15,0.2,FALSE,FALSE,NA,NA,20,60,0.0821399592208243,0.0491206558879799,-0.0169689240079791,0.956834632415658,0.969292574754897,0.0155732081059788,1.00364083727159,0.939528095474977,0.292681881042262,0.124062843399828,0.0454598746991483,0.0541270773802477,-0.00175148062536607,0.0447851044880867
"planning_cell_by_design","post_production_exploratory_heterogeneity_sensitivity",0.5,"primary","mlma_cr2","all_non_null","alignment_pattern","n_minority","het_tau0.15_omega0.20_rho0.50",0.15,0.2,FALSE,FALSE,NA,NA,20,60,0.132852271023732,0.0912915230103838,-0.00285160464253895,0.92570158377327,0.916094013356609,0.0279765198592925,0.940971575009944,0.83922824130782,0.452839497238946,0.248981445998173,0.0516529764407053,0.0652231347329332,-0.016871938700162,0.0526384485747492
"planning_cell_by_design","post_production_exploratory_heterogeneity_sensitivity",0.5,"primary","mlma_cr2","all_non_null","alignment_pattern","nk_majority","het_tau0.15_omega0.20_rho0.50",0.15,0.2,FALSE,FALSE,NA,NA,18,54,0.143419238558594,0.0977093917911937,-0.0691394670027635,0.931236897274633,0.918211615954467,0.0613949249116496,1.02255582915373,0.843112571673713,0.472225830593408,0.217500036807131,0.0503241173226658,0.0630034260651673,0.018290950933109,0.0514008348433451
"planning_cell_by_design","post_production_exploratory_heterogeneity_sensitivity",0.5,"primary","mlma_cr2","all_non_null","alignment_pattern","nk_minority","het_tau0.15_omega0.20_rho0.50",0.15,0.2,FALSE,FALSE,NA,NA,18,54,0.227814890490814,0.154279155260512,-0.103945591681606,0.874454280816524,0.829208404801998,0.138542700621692,0.920457463202135,0.687586578594274,0.689783880068368,0.307809525949944,0.0685625901135079,0.0614807948961711,0.0335179714858628,0.0425193509576363
"planning_cell_by_design","post_production_exploratory_heterogeneity_sensitivity",0.5,"primary","mlma_cr2","all_non_null","nk_mode","independent","het_tau0.15_omega0.20_rho0.50",0.15,0.2,FALSE,FALSE,NA,NA,39,117,0.161724487767849,0.107903571312246,-0.0364148602908814,0.901420693063698,0.88413943867516,0.0592327939412246,0.944609261676767,0.781702547020827,0.689783880068368,0.262342951909553,0.0534353206315338,0.0724432310029814,-0.0014890426831688,0.0595843156257105
"planning_cell_by_design","post_production_exploratory_heterogeneity_sensitivity",0.5,"primary","mlma_cr2","all_non_null","nk_mode","negative","het_tau0.15_omega0.20_rho0.50",0.15,0.2,FALSE,FALSE,NA,NA,30,90,0.148889450406192,0.094097579108588,-0.0648593432611716,0.924138158142665,0.919788123117505,0.0666169024411692,0.995532350702604,0.846010191428022,0.524173508170695,0.18677458943222,0.049952659059801,0.071633040970723,0.0126249895268586,0.065621123796686
"planning_cell_by_design","post_production_exploratory_heterogeneity_sensitivity",0.5,"primary","mlma_cr2","all_non_null","nk_mode","positive","het_tau0.15_omega0.20_rho0.50",0.15,0.2,FALSE,FALSE,NA,NA,31,93,0.195653231542484,0.122540096168307,-0.0847605383637023,0.89583365229741,0.854418875692397,0.0966527059458624,0.968081118273015,0.730031615139459,0.744590372208781,0.237160994400913,0.060582426995146,0.0612402947724838,0.0205763487674187,0.0513425335157531
"planning_cell_by_design","post_production_exploratory_heterogeneity_sensitivity",0.5,"primary","mlma_cr2","all_non_null","all","all","het_tau0.20_omega0.00_rho0.50",0.2,0,FALSE,FALSE,NA,NA,100,300,0.182345931643549,0.115059013075162,-0.077265574214716,0.896230716392416,0.872932135156696,0.0858130490195006,0.977318359221437,0.762010512589227,0.751127347610074,0.227712701091179,0.0702998978021589,0.141159594377084,0.0595854383295215,-0.141159594377084
"planning_cell_by_design","post_production_exploratory_heterogeneity_sensitivity",0.5,"primary","mlma_cr2","all_non_null","scenario_set","broad","het_tau0.20_omega0.00_rho0.50",0.2,0,FALSE,FALSE,NA,NA,80,240,0.182654921413125,0.114479692192773,-0.0752301402331993,0.896425325967858,0.870473821915999,0.0861025263967957,0.971257298172055,0.757724674641046,0.751127347610074,0.213143493526519,0.0712393451012947,0.139835334226314,0.0600399089490296,-0.139835334226314
"planning_cell_by_design","post_production_exploratory_heterogeneity_sensitivity",0.5,"primary","mlma_cr2","all_non_null","scenario_set","targeted","het_tau0.20_omega0.00_rho0.50",0.2,0,FALSE,FALSE,NA,NA,20,60,0.181104700847411,0.117376296604718,-0.0854073101407829,0.898138371769936,0.8832617673133,0.0844362925280064,1.00261614369093,0.780151349597415,0.749049611850792,0.266375075261774,0.0665421086056158,0.146456634980161,0.0577675558514894,-0.146456634980161
"planning_cell_by_design","post_production_exploratory_heterogeneity_sensitivity",0.5,"primary","mlma_cr2","all_non_null","beta1_true","0.05","het_tau0.20_omega0.00_rho0.50",0.2,0,FALSE,FALSE,NA,NA,100,100,0.128969691697162,0.0683955698513501,-0.0569109033958175,0.756440182672981,0.570529171541011,-0.0310562599050059,1.76931563389714,0.325503535579272,0.717330862515422,0.24533297995718,0.0702998978021589,0.141159594377084,0.0595854383295215,-0.141159594377084
"planning_cell_by_design","post_production_exploratory_heterogeneity_sensitivity",0.5,"primary","mlma_cr2","all_non_null","beta1_true","0.1","het_tau0.20_omega0.00_rho0.50",0.2,0,FALSE,FALSE,NA,NA,100,100,0.237151398782456,0.160823160667803,-0.125236462088411,0.753659626944967,0.701585058015046,0.0563346045179061,1.22662337843283,0.492221593629975,0.751127347610074,0.290721571050796,0.0702998978021589,0.141159594377084,0.0595854383295215,-0.141159594377084
"planning_cell_by_design","post_production_exploratory_heterogeneity_sensitivity",0.5,"primary","mlma_cr2","all_non_null","beta1_true","0.2","het_tau0.20_omega0.00_rho0.50",0.2,0,FALSE,FALSE,NA,NA,100,100,0.163939467609009,0.115958308706333,-0.0496493571599197,0.754923931560251,0.819417472972972,0.120687157042831,0.900249528296637,0.671444995013411,0.628127822449353,0.127043582365209,0.0702998978021589,0.141159594377084,0.0595854383295215,-0.141159594377084
"planning_cell_by_design","post_production_exploratory_heterogeneity_sensitivity",0.5,"primary","mlma_cr2","all_non_null","J","J<=36","het_tau0.20_omega0.00_rho0.50",0.2,0,FALSE,FALSE,NA,NA,34,102,0.188785023853212,0.115019359732398,-0.0695711124671954,0.86720139327066,0.793031586643261,0.0539544845218666,1.0627600075446,0.628899097413929,0.744653734358612,0.268212621746908,0.0671980300747314,0.139670896493402,0.0533129331688448,-0.139670896493402
"planning_cell_by_design","post_production_exploratory_heterogeneity_sensitivity",0.5,"primary","mlma_cr2","all_non_null","J","37-60","het_tau0.20_omega0.00_rho0.50",0.2,0,FALSE,FALSE,NA,NA,24,72,0.165367382506287,0.113169306990522,-0.0652030925423961,0.905080031455699,0.887273613108809,0.0635886276888567,1.00438172433886,0.787254464519161,0.529552126473528,0.195631059813065,0.068691429409196,0.129938035288799,0.0530748007742392,-0.129938035288799
"planning_cell_by_design","post_production_exploratory_heterogeneity_sensitivity",0.5,"primary","mlma_cr2","all_non_null","J","61-96","het_tau0.20_omega0.00_rho0.50",0.2,0,FALSE,FALSE,NA,NA,30,90,0.191436704698659,0.111778760200037,-0.0842993545834465,0.884684738899455,0.866169519660475,0.126208468745292,0.909761643577201,0.750249636788857,0.751127347610074,0.156745034588198,0.0649394659762134,0.142296155271728,0.0586022897402813,-0.142296155271728
"planning_cell_by_design","post_production_exploratory_heterogeneity_sensitivity",0.5,"primary","mlma_cr2","all_non_null","J","J>96","het_tau0.20_omega0.00_rho0.50",0.2,0,FALSE,FALSE,NA,NA,12,36,0.172602123135031,0.127151408570087,-0.105607061588838,0.945674593650819,0.913021049338982,0.163411839962218,0.892432811687487,0.833607436536057,0.508003036801697,0.24817981852077,0.0957065393806601,0.164979287654142,0.0928366828684376,-0.164979287654142
"planning_cell_by_design","post_production_exploratory_heterogeneity_sensitivity",0.5,"primary","mlma_cr2","all_non_null","tau_true","tau<0.05","het_tau0.20_omega0.00_rho0.50",0.2,0,FALSE,FALSE,NA,NA,9,27,0.375785851940479,0.298504354657798,-0.298504354657798,0.88963723623243,0.760596094965818,0.288801930270706,1.0310573292316,0.578506419677251,0.751127347610074,0.45462801206721,0.161260492330475,0.135821073313451,0.161260492330475,-0.135821073313451
"planning_cell_by_design","post_production_exploratory_heterogeneity_sensitivity",0.5,"primary","mlma_cr2","all_non_null","tau_true","[0.05,0.10)","het_tau0.20_omega0.00_rho0.50",0.2,0,FALSE,FALSE,NA,NA,22,66,0.259586578318614,0.199674950248369,-0.199674950248369,0.934011384294841,0.871082900075268,0.228932975055438,0.928224859205093,0.758785418803539,0.717330862515422,0.364320968838022,0.123107763182631,0.142663898768081,0.123107763182631,-0.142663898768081
"planning_cell_by_design","post_production_exploratory_heterogeneity_sensitivity",0.5,"primary","mlma_cr2","all_non_null","tau_true","[0.10,0.15)","het_tau0.20_omega0.00_rho0.50",0.2,0,FALSE,FALSE,NA,NA,25,75,0.11596096965231,0.0893420340096175,-0.0838943456307696,0.983683978534494,0.971263587414029,0.0739007487258043,1.02362265788996,0.943352956236368,0.305108615900912,0.218863577543891,0.073994518084824,0.131539488041711,0.073994518084824,-0.131539488041711
"planning_cell_by_design","post_production_exploratory_heterogeneity_sensitivity",0.5,"primary","mlma_cr2","all_non_null","tau_true","tau>=0.15","het_tau0.20_omega0.00_rho0.50",0.2,0,FALSE,FALSE,NA,NA,44,132,0.0731469476481266,0.0498400536338969,0.0329588481064079,0.978164879365807,0.974274924102576,-0.0111994536354236,0.937541029163912,0.949211627735081,0.262574846785113,0.15407510525351,0.0231911728887075,0.146965381907881,-0.00115987136728658,-0.146965381907881
"planning_cell_by_design","post_production_exploratory_heterogeneity_sensitivity",0.5,"primary","mlma_cr2","all_non_null","omega_true","omega<0.05","het_tau0.20_omega0.00_rho0.50",0.2,0,FALSE,FALSE,NA,NA,8,24,0.194894337239186,0.109548177761286,-0.0882072025163141,0.91541641650868,0.86522692306056,0.0961981696013359,0.979090530984556,0.748617628388844,0.717330862515422,0.182155303036442,0.0614287752718957,0.0412325541631362,0.0504342267998437,-0.0412325541631362
"planning_cell_by_design","post_production_exploratory_heterogeneity_sensitivity",0.5,"primary","mlma_cr2","all_non_null","omega_true","[0.05,0.10)","het_tau0.20_omega0.00_rho0.50",0.2,0,FALSE,FALSE,NA,NA,23,69,0.236662552325842,0.166089834458646,-0.138347027016654,0.85258600343629,0.824656781223726,0.166192780417107,0.929708067638703,0.680058806818276,0.751127347610074,0.273708798219696,0.0794555426921782,0.0773775126673813,0.0648562435559022,-0.0773775126673813
"planning_cell_by_design","post_production_exploratory_heterogeneity_sensitivity",0.5,"primary","mlma_cr2","all_non_null","omega_true","[0.10,0.15)","het_tau0.20_omega0.00_rho0.50",0.2,0,FALSE,FALSE,NA,NA,20,60,0.19187601495487,0.117932444176531,-0.106167095214315,0.915183595303593,0.890831901052821,0.0988603176942243,1.0199178222689,0.793581475933383,0.744653734358612,0.190873995197468,0.0769292790297098,0.12594300335494,0.0748637654116289,-0.12594300335494
"planning_cell_by_design","post_production_exploratory_heterogeneity_sensitivity",0.5,"primary","mlma_cr2","all_non_null","omega_true","omega>=0.15","het_tau0.20_omega0.00_rho0.50",0.2,0,FALSE,FALSE,NA,NA,49,147,0.142613691875323,0.0908326695784987,-0.0350117607279944,0.916894050849413,0.904302358698811,0.0449153672275616,0.973305568748898,0.817762755948234,0.749049611850792,0.228925196233468,0.0647448268474783,0.193623594815402,0.0523694103782668,-0.193623594815402
"planning_cell_by_design","post_production_exploratory_heterogeneity_sensitivity",0.5,"primary","mlma_cr2","all_non_null","I_C_star_primary","I_C*<2000","het_tau0.20_omega0.00_rho0.50",0.2,0,FALSE,FALSE,NA,NA,6,18,0.0600686496286792,0.034265580286291,-0.00781588079845002,0.923632610939113,0.919672700584983,0.00409449923601783,1.02302229811876,0.845797876201276,0.216271167204767,0.158261154502722,0.0620049759558655,0.133141018104701,0.0485544240247982,-0.133141018104701
"planning_cell_by_design","post_production_exploratory_heterogeneity_sensitivity",0.5,"primary","mlma_cr2","all_non_null","I_C_star_primary","[2000,8000)","het_tau0.20_omega0.00_rho0.50",0.2,0,FALSE,FALSE,NA,NA,28,84,0.163563263993251,0.0984757283388942,-0.057956258703326,0.874536802672876,0.859891070892565,0.0529894775075071,1.01640281945039,0.739412653800762,0.628127822449353,0.19232732697614,0.0675505716659598,0.150493789968324,0.0577229386434046,-0.150493789968324
"planning_cell_by_design","post_production_exploratory_heterogeneity_sensitivity",0.5,"primary","mlma_cr2","all_non_null","I_C_star_primary","[8000,20000)","het_tau0.20_omega0.00_rho0.50",0.2,0,FALSE,FALSE,NA,NA,35,105,0.178075602968722,0.119180241780642,-0.086549826535456,0.911254811070852,0.889183194336068,0.0848315126627306,1.00452624585241,0.790646753089693,0.744653734358612,0.267178191563485,0.0735136680793516,0.141469301113679,0.0658398034876711,-0.141469301113679
"planning_cell_by_design","post_production_exploratory_heterogeneity_sensitivity",0.5,"primary","mlma_cr2","all_non_null","I_C_star_primary","I_C*>=20000","het_tau0.20_omega0.00_rho0.50",0.2,0,FALSE,FALSE,NA,NA,31,93,0.215854629431328,0.141021902257644,-0.0976659020724778,0.837444680526332,0.831393063714861,0.164101041837193,0.862233383822212,0.691214426393184,0.751127347610074,0.213431756082588,0.0707601785502103,0.133931021644784,0.0563413511199854,-0.133931021644784
"planning_cell_by_design","post_production_exploratory_heterogeneity_sensitivity",0.5,"primary","mlma_cr2","all_non_null","nu_C_star_primary","nu_C*<5","het_tau0.20_omega0.00_rho0.50",0.2,0,FALSE,FALSE,NA,NA,17,51,0.158767495610641,0.0798780876342032,-0.0518984259561123,0.908054298642534,0.849212891415443,0.00830168218100767,1.22223826358405,0.721162534946177,0.751127347610074,0.226500205948891,0.0551152828012231,0.134977780531951,0.0488414421004948,-0.134977780531951
"planning_cell_by_design","post_production_exploratory_heterogeneity_sensitivity",0.5,"primary","mlma_cr2","all_non_null","nu_C_star_primary","[5,10)","het_tau0.20_omega0.00_rho0.50",0.2,0,FALSE,FALSE,NA,NA,21,63,0.158849884282499,0.0964837505792257,-0.0719324521467236,0.875309027446526,0.875852299473502,0.0516729059126695,1.0681109788283,0.767117250493021,0.628127822449353,0.163443773339598,0.0703458143950722,0.135101302578491,0.0638496787679975,-0.135101302578491
"planning_cell_by_design","post_production_exploratory_heterogeneity_sensitivity",0.5,"primary","mlma_cr2","all_non_null","nu_C_star_primary","[10,20)","het_tau0.20_omega0.00_rho0.50",0.2,0,FALSE,FALSE,NA,NA,24,72,0.226712262158502,0.151570385335768,-0.0805009604508263,0.797440267962241,0.766182981448076,0.120361863889692,0.892011140880866,0.587036361060663,0.749049611850792,0.266421736643248,0.0716050181645647,0.150533135101107,0.0502779315721758,-0.150533135101107
"planning_cell_by_design","post_production_exploratory_heterogeneity_sensitivity",0.5,"primary","mlma_cr2","all_non_null","nu_C_star_primary","nu_C*>=20","het_tau0.20_omega0.00_rho0.50",0.2,0,FALSE,FALSE,NA,NA,38,114,0.172674098448714,0.118003310724015,-0.0895178851135964,0.910037657053725,0.900285551532963,0.134827325407489,0.910531587634466,0.810514074299012,0.717330862515422,0.213143493526519,0.0762433535355008,0.141353015055008,0.0679138343521994,-0.141353015055008
"planning_cell_by_design","post_production_exploratory_heterogeneity_sensitivity",0.5,"primary","mlma_cr2","all_non_null","n_cv","n_cv<=0.3","het_tau0.20_omega0.00_rho0.50",0.2,0,FALSE,FALSE,NA,NA,23,69,0.210972747020248,0.146994169315069,-0.120694168209114,0.882198190020072,0.866142399063262,0.12910278537127,0.978542500864601,0.750202655455063,0.628127822449353,0.273708798219696,0.083559897460671,0.135173912454854,0.0745117132963976,-0.135173912454854
"planning_cell_by_design","post_production_exploratory_heterogeneity_sensitivity",0.5,"primary","mlma_cr2","all_non_null","n_cv","0.3<n_cv<=0.6","het_tau0.20_omega0.00_rho0.50",0.2,0,FALSE,FALSE,NA,NA,15,45,0.1543029740447,0.105489997670293,-0.0551255227531438,0.91518165997143,0.899815141877573,0.0774185651768122,0.948213965129222,0.809667289552157,0.569098007939827,0.20126738640314,0.0610024936170976,0.162669642464537,0.0523729916909903,-0.162669642464537
"planning_cell_by_design","post_production_exploratory_heterogeneity_sensitivity",0.5,"primary","mlma_cr2","all_non_null","n_cv","n_cv>0.6","het_tau0.20_omega0.00_rho0.50",0.2,0,FALSE,FALSE,NA,NA,62,186,0.177079545732738,0.105527184648633,-0.0665114308284647,0.903091799849918,0.871302725396279,0.0727583635885674,0.982564775674727,0.759168439282983,0.751127347610074,0.221583208376243,0.0676302376510322,0.138176045391591,0.055793218576938,-0.138176045391591
"planning_cell_by_design","post_production_exploratory_heterogeneity_sensitivity",0.5,"primary","mlma_cr2","all_non_null","alignment_pattern","independent","het_tau0.20_omega0.00_rho0.50",0.2,0,FALSE,FALSE,NA,NA,24,72,0.229537004479474,0.159623581433192,-0.122228015566676,0.844241142875236,0.820755353759016,0.139674461293254,0.952291132648877,0.673639350724088,0.751127347610074,0.307684566400127,0.0789945695601685,0.106458076807615,0.0666021506633843,-0.106458076807615
"planning_cell_by_design","post_production_exploratory_heterogeneity_sensitivity",0.5,"primary","mlma_cr2","all_non_null","alignment_pattern","n_majority","het_tau0.20_omega0.00_rho0.50",0.2,0,FALSE,FALSE,NA,NA,20,60,0.0834140909577278,0.0556643349366969,-0.0232887150361823,0.961641590000973,0.969613810626818,0.0173239895228239,1.01582027464447,0.940150941758259,0.266463173181607,0.138957778855178,0.0575473560063459,0.155214895511913,0.048248519374634,-0.155214895511913
"planning_cell_by_design","post_production_exploratory_heterogeneity_sensitivity",0.5,"primary","mlma_cr2","all_non_null","alignment_pattern","n_minority","het_tau0.20_omega0.00_rho0.50",0.2,0,FALSE,FALSE,NA,NA,20,60,0.132553878882956,0.0860380606069021,-0.0284516036840385,0.934481800500139,0.91904051011209,0.0381391519512069,0.975783608878509,0.844635459227091,0.529552126473528,0.185129836915718,0.0514030009165028,0.147361551425251,0.033128061299838,-0.147361551425251
"planning_cell_by_design","post_production_exploratory_heterogeneity_sensitivity",0.5,"primary","mlma_cr2","all_non_null","alignment_pattern","nk_majority","het_tau0.20_omega0.00_rho0.50",0.2,0,FALSE,FALSE,NA,NA,18,54,0.145019223809236,0.0979754724270882,-0.0661077847130226,0.921707642462359,0.91343285213882,0.0589727257100697,1.02059883953504,0.834359575366459,0.469883479916928,0.196980179619595,0.0737164385628356,0.148599165156655,0.068290950933109,-0.148599165156655
"planning_cell_by_design","post_production_exploratory_heterogeneity_sensitivity",0.5,"primary","mlma_cr2","all_non_null","alignment_pattern","nk_minority","het_tau0.20_omega0.00_rho0.50",0.2,0,FALSE,FALSE,NA,NA,18,54,0.257271044059344,0.170962718808891,-0.142685474924031,0.858663297990996,0.80578110588723,0.16947419298749,0.932387774179771,0.649283190604847,0.749049611850792,0.274795237828384,0.0904565043435464,0.157480649042364,0.0835179714858628,-0.157480649042364
"planning_cell_by_design","post_production_exploratory_heterogeneity_sensitivity",0.5,"primary","mlma_cr2","all_non_null","nk_mode","independent","het_tau0.20_omega0.00_rho0.50",0.2,0,FALSE,FALSE,NA,NA,39,117,0.168081475514795,0.111626049236814,-0.058733248706528,0.903009231608415,0.883089759487407,0.0691867669931412,0.973170415118873,0.779847523311526,0.717330862515422,0.252668493089383,0.0649049464732823,0.14041568437429,0.0485109573168312,-0.14041568437429
"planning_cell_by_design","post_production_exploratory_heterogeneity_sensitivity",0.5,"primary","mlma_cr2","all_non_null","nk_mode","negative","het_tau0.20_omega0.00_rho0.50",0.2,0,FALSE,FALSE,NA,NA,30,90,0.161434982520543,0.102540949013553,-0.0768245874610965,0.913955747289862,0.90947665031914,0.0770202821887333,0.999486946748979,0.827147777475724,0.628127822449353,0.210653446479778,0.0701929391981995,0.134378876203314,0.0626249895268586,-0.134378876203314
"planning_cell_by_design","post_production_exploratory_heterogeneity_sensitivity",0.5,"primary","mlma_cr2","all_non_null","nk_mode","positive","het_tau0.20_omega0.00_rho0.50",0.2,0,FALSE,FALSE,NA,NA,31,93,0.215628291070922,0.131492158608834,-0.101007196712391,0.869211951790208,0.827497135453414,0.112553097266421,0.967597552229724,0.684751509183606,0.751127347610074,0.208179748495145,0.0771906029616742,0.148657466484247,0.0705763487674187,-0.148657466484247
"planning_cell_by_design","post_production_exploratory_heterogeneity_sensitivity",0.5,"primary","mlma_cr2","all_non_null","all","all","het_tau0.20_omega0.05_rho0.50",0.2,0.05,FALSE,FALSE,NA,NA,100,300,0.184115940460267,0.116326474302457,-0.0812683779985882,0.89724875406015,0.872764584466017,0.087781837287833,0.982530276345061,0.76171801989814,0.755488396290028,0.226277379788871,0.0702998978021589,0.0925623857109819,0.0595854383295215,-0.0911595943770837
"planning_cell_by_design","post_production_exploratory_heterogeneity_sensitivity",0.5,"primary","mlma_cr2","all_non_null","scenario_set","broad","het_tau0.20_omega0.05_rho0.50",0.2,0.05,FALSE,FALSE,NA,NA,80,240,0.184339387662773,0.11568110163466,-0.0793885305403887,0.897806043837939,0.870462339229328,0.0880569555186953,0.976829058520124,0.757704684016594,0.755488396290028,0.209283286538938,0.0712393451012947,0.0915888233936871,0.0600399089490296,-0.0898353342263144
"planning_cell_by_design","post_production_exploratory_heterogeneity_sensitivity",0.5,"primary","mlma_cr2","all_non_null","scenario_set","targeted","het_tau0.20_omega0.05_rho0.50",0.2,0.05,FALSE,FALSE,NA,NA,20,60,0.183219426596359,0.118907964973645,-0.0887877678313862,0.89924979160878,0.882388987566383,0.0865060454661676,1.00620398649576,0.778610325378427,0.749902250627394,0.274837925343535,0.0665421086056158,0.0964566349801608,0.0577675558514894,-0.0964566349801608
"planning_cell_by_design","post_production_exploratory_heterogeneity_sensitivity",0.5,"primary","mlma_cr2","all_non_null","beta1_true","0.05","het_tau0.20_omega0.05_rho0.50",0.2,0.05,FALSE,FALSE,NA,NA,100,100,0.129678714252879,0.0689699614950727,-0.0582408280907721,0.759434500070679,0.573422763653367,-0.0341334922425222,1.81736500625897,0.328813665875865,0.719398975483996,0.246025807583983,0.0702998978021589,0.0925623857109819,0.0595854383295215,-0.0911595943770837
"planning_cell_by_design","post_production_exploratory_heterogeneity_sensitivity",0.5,"primary","mlma_cr2","all_non_null","beta1_true","0.1","het_tau0.20_omega0.05_rho0.50",0.2,0.05,FALSE,FALSE,NA,NA,100,100,0.239687145881624,0.162706405301874,-0.1299027607307,0.756989969970314,0.703402881626009,0.0555218647417216,1.24845762633861,0.494775613879773,0.755488396290028,0.289332229371609,0.0702998978021589,0.0925623857109819,0.0595854383295215,-0.0911595943770837
"planning_cell_by_design","post_production_exploratory_heterogeneity_sensitivity",0.5,"primary","mlma_cr2","all_non_null","beta1_true","0.2","het_tau0.20_omega0.05_rho0.50",0.2,0.05,FALSE,FALSE,NA,NA,100,100,0.165618663693277,0.117303056110424,-0.0556615451742928,0.757301417817014,0.820380863247588,0.127835958788566,0.897790631561353,0.673024760782857,0.63071639708233,0.133350462897552,0.0702998978021589,0.0925623857109819,0.0595854383295215,-0.0911595943770837
"planning_cell_by_design","post_production_exploratory_heterogeneity_sensitivity",0.5,"primary","mlma_cr2","all_non_null","J","J<=36","het_tau0.20_omega0.05_rho0.50",0.2,0.05,FALSE,FALSE,NA,NA,34,102,0.189791801364809,0.115200448012967,-0.0731208876820357,0.86959324401466,0.794853368371727,0.053195435614231,1.08123516907067,0.63179187721188,0.746231652856526,0.272101574908304,0.0671980300747314,0.0909288080653641,0.0533129331688448,-0.0896708964934018
"planning_cell_by_design","post_production_exploratory_heterogeneity_sensitivity",0.5,"primary","mlma_cr2","all_non_null","J","37-60","het_tau0.20_omega0.05_rho0.50",0.2,0.05,FALSE,FALSE,NA,NA,24,72,0.167521612439599,0.114372752377904,-0.0695146991644997,0.905562389220593,0.886616926181656,0.0652474408485697,1.01171864560451,0.786089573791808,0.533087672994152,0.197309107681456,0.068691429409196,0.0799380352887988,0.0530748007742392,-0.0799380352887988
"planning_cell_by_design","post_production_exploratory_heterogeneity_sensitivity",0.5,"primary","mlma_cr2","all_non_null","J","61-96","het_tau0.20_omega0.05_rho0.50",0.2,0.05,FALSE,FALSE,NA,NA,30,90,0.193399131808287,0.114000585319753,-0.0883255407604927,0.884841159986735,0.865698127490914,0.129133824602061,0.911363539449409,0.749433247941276,0.755488396290028,0.164082132978128,0.0649394659762134,0.094843751570204,0.0586022897402813,-0.0922961552717277
"planning_cell_by_design","post_production_exploratory_heterogeneity_sensitivity",0.5,"primary","mlma_cr2","all_non_null","J","J>96","het_tau0.20_omega0.05_rho0.50",0.2,0.05,FALSE,FALSE,NA,NA,12,36,0.175484069786495,0.129239048428544,-0.110217384658903,0.945674593650819,0.912936660403441,0.167370003433194,0.892726070174551,0.833453345908589,0.511206064930844,0.25486919235043,0.0957065393806601,0.116736141903209,0.0928366828684376,-0.114979287654142
"planning_cell_by_design","post_production_exploratory_heterogeneity_sensitivity",0.5,"primary","mlma_cr2","all_non_null","tau_true","tau<0.05","het_tau0.20_omega0.05_rho0.50",0.2,0.05,FALSE,FALSE,NA,NA,9,27,0.378302054474836,0.3017103431107,-0.3017103431107,0.896363016025253,0.760928934411353,0.289666096833656,1.03895322005701,0.579012843224398,0.755488396290028,0.458743012152172,0.161260492330475,0.0858210733134508,0.161260492330475,-0.0858210733134508
"planning_cell_by_design","post_production_exploratory_heterogeneity_sensitivity",0.5,"primary","mlma_cr2","all_non_null","tau_true","[0.05,0.10)","het_tau0.20_omega0.05_rho0.50",0.2,0.05,FALSE,FALSE,NA,NA,22,66,0.263336955810928,0.203745790052993,-0.203745790052993,0.938605533344517,0.869260809329623,0.231789510321321,0.93050980081927,0.755614354636392,0.719398975483996,0.377435154279169,0.123107763182631,0.0937360318517391,0.123107763182631,-0.0926638987680807
"planning_cell_by_design","post_production_exploratory_heterogeneity_sensitivity",0.5,"primary","mlma_cr2","all_non_null","tau_true","[0.10,0.15)","het_tau0.20_omega0.05_rho0.50",0.2,0.05,FALSE,FALSE,NA,NA,25,75,0.120116073153766,0.0928116847362682,-0.0882039584447425,0.983584403860591,0.970234315637504,0.0770151664520089,1.02672003160497,0.941354627240576,0.309379533620957,0.218411971235009,0.073994518084824,0.083832460116751,0.073994518084824,-0.0815394880417105
"planning_cell_by_design","post_production_exploratory_heterogeneity_sensitivity",0.5,"primary","mlma_cr2","all_non_null","tau_true","tau>=0.15","het_tau0.20_omega0.05_rho0.50",0.2,0.05,FALSE,FALSE,NA,NA,44,132,0.0699901660501526,0.048058064606292,0.0290014006914065,0.978483164175927,0.975150019373059,-0.00996894892208848,0.944740824046475,0.950917560283278,0.246773857260143,0.149042211010371,0.0231911728887075,0.0983146524459113,-0.00115987136728658,-0.0969653819078812
"planning_cell_by_design","post_production_exploratory_heterogeneity_sensitivity",0.5,"primary","mlma_cr2","all_non_null","omega_true","omega<0.05","het_tau0.20_omega0.05_rho0.50",0.2,0.05,FALSE,FALSE,NA,NA,8,24,0.197143546578035,0.11150761665178,-0.0919507717160421,0.91541641650868,0.86419707649427,0.0992443656640123,0.980726509365864,0.746836587021243,0.719398975483996,0.182556650637561,0.0614287752718957,0.00876744583686376,0.0504342267998437,0.00876744583686376
"planning_cell_by_design","post_production_exploratory_heterogeneity_sensitivity",0.5,"primary","mlma_cr2","all_non_null","omega_true","[0.05,0.10)","het_tau0.20_omega0.05_rho0.50",0.2,0.05,FALSE,FALSE,NA,NA,23,69,0.239384224281385,0.168379182893402,-0.142506396210935,0.856057147274742,0.823652434633847,0.168248763934249,0.934328182097683,0.678403333078263,0.755488396290028,0.283788644916382,0.0794555426921782,0.0273775126673813,0.0648562435559022,-0.0273775126673813
"planning_cell_by_design","post_production_exploratory_heterogeneity_sensitivity",0.5,"primary","mlma_cr2","all_non_null","omega_true","[0.10,0.15)","het_tau0.20_omega0.05_rho0.50",0.2,0.05,FALSE,FALSE,NA,NA,20,60,0.1947749063361,0.120949431541807,-0.110300488778254,0.918378971733138,0.889914706264523,0.10095973540892,1.02575247706545,0.791948184425873,0.746231652856526,0.191339157912183,0.0769292790297098,0.0759430033549404,0.0748637654116289,-0.0759430033549404
"planning_cell_by_design","post_production_exploratory_heterogeneity_sensitivity",0.5,"primary","mlma_cr2","all_non_null","omega_true","omega>=0.15","het_tau0.20_omega0.05_rho0.50",0.2,0.05,FALSE,FALSE,NA,NA,49,147,0.143013306754415,0.0907934012172873,-0.0389300966880387,0.917183062458062,0.905095627381975,0.0465753557292975,0.979172807465779,0.819198094705971,0.749902250627394,0.226219183977917,0.0647448268474783,0.143623594815402,0.0523694103782668,-0.143623594815402
"planning_cell_by_design","post_production_exploratory_heterogeneity_sensitivity",0.5,"primary","mlma_cr2","all_non_null","I_C_star_primary","I_C*<2000","het_tau0.20_omega0.05_rho0.50",0.2,0.05,FALSE,FALSE,NA,NA,6,18,0.0612334743267157,0.0343852444609391,-0.0096229845061326,0.923632610939113,0.917356284292693,0.00403965811677386,1.03493172923668,0.841542552331295,0.224618478649354,0.149355710275168,0.0620049759558655,0.0831622153128653,0.0485544240247982,-0.0831410181047007
"planning_cell_by_design","post_production_exploratory_heterogeneity_sensitivity",0.5,"primary","mlma_cr2","all_non_null","I_C_star_primary","[2000,8000)","het_tau0.20_omega0.05_rho0.50",0.2,0.05,FALSE,FALSE,NA,NA,28,84,0.164675115879163,0.0992583764449703,-0.0620506547997504,0.880874759542371,0.860919892932004,0.053655195643238,1.02810608925129,0.741183062046054,0.63071639708233,0.196114198521111,0.0675505716659598,0.10130066781315,0.0577229386434046,-0.100493789968324
"planning_cell_by_design","post_production_exploratory_heterogeneity_sensitivity",0.5,"primary","mlma_cr2","all_non_null","I_C_star_primary","[8000,20000)","het_tau0.20_omega0.05_rho0.50",0.2,0.05,FALSE,FALSE,NA,NA,35,105,0.180260060738786,0.120691615479877,-0.0907772725105731,0.912332992158713,0.889062066997544,0.086796218707815,1.0106046648906,0.790431358973946,0.746231652856526,0.260347814416212,0.0735136680793516,0.0928248028673431,0.0658398034876711,-0.0914693011136792
"planning_cell_by_design","post_production_exploratory_heterogeneity_sensitivity",0.5,"primary","mlma_cr2","all_non_null","I_C_star_primary","I_C*>=20000","het_tau0.20_omega0.05_rho0.50",0.2,0.05,FALSE,FALSE,NA,NA,31,93,0.217818403526439,0.14267402842662,-0.101757323243837,0.837690948277115,0.83091250095663,0.166875101031209,0.863809707917854,0.690415584246002,0.755488396290028,0.203994630305041,0.0707601785502103,0.0861928541966387,0.0563413511199854,-0.0839310216447845
"planning_cell_by_design","post_production_exploratory_heterogeneity_sensitivity",0.5,"primary","mlma_cr2","all_non_null","nu_C_star_primary","nu_C*<5","het_tau0.20_omega0.05_rho0.50",0.2,0.05,FALSE,FALSE,NA,NA,17,51,0.160196982409581,0.0803522411667802,-0.054370196107236,0.908506787330317,0.848981285996842,0.00890393870439634,1.23472583625757,0.720769223972852,0.755488396290028,0.226335575599825,0.0551152828012231,0.0850741047622629,0.0488414421004948,-0.0849777805319515
"planning_cell_by_design","post_production_exploratory_heterogeneity_sensitivity",0.5,"primary","mlma_cr2","all_non_null","nu_C_star_primary","[5,10)","het_tau0.20_omega0.05_rho0.50",0.2,0.05,FALSE,FALSE,NA,NA,21,63,0.161585277195797,0.0988247618427477,-0.0765450377524859,0.880589492128939,0.875389295356875,0.0520575642944842,1.0836216662986,0.766306418425406,0.63071639708233,0.162053636454988,0.0703458143950722,0.0866446332798638,0.0638496787679975,-0.0851013025784909
"planning_cell_by_design","post_production_exploratory_heterogeneity_sensitivity",0.5,"primary","mlma_cr2","all_non_null","nu_C_star_primary","[10,20)","het_tau0.20_omega0.05_rho0.50",0.2,0.05,FALSE,FALSE,NA,NA,24,72,0.227375762707176,0.151316839125428,-0.0851458101167398,0.799176769876507,0.767955198249889,0.120788988309189,0.902206974429785,0.589755186519026,0.749902250627394,0.25760844991767,0.0716050181645647,0.10123005566259,0.0502779315721758,-0.100533135101107
"planning_cell_by_design","post_production_exploratory_heterogeneity_sensitivity",0.5,"primary","mlma_cr2","all_non_null","nu_C_star_primary","nu_C*>=20","het_tau0.20_omega0.05_rho0.50",0.2,0.05,FALSE,FALSE,NA,NA,38,114,0.175056094173611,0.119993031386907,-0.0934631376429434,0.909750062697433,0.899672254097216,0.138076160536067,0.911215075615606,0.809410164792366,0.719398975483996,0.207157450565613,0.0762433535355008,0.0937084251410636,0.0679138343521994,-0.0913530150550083
"planning_cell_by_design","post_production_exploratory_heterogeneity_sensitivity",0.5,"primary","mlma_cr2","all_non_null","n_cv","n_cv<=0.3","het_tau0.20_omega0.05_rho0.50",0.2,0.05,FALSE,FALSE,NA,NA,23,69,0.213583778526668,0.149469600800509,-0.124914799158481,0.888482902109347,0.865717472576462,0.131525179907654,0.982947663401677,0.749466742324178,0.63071639708233,0.283788644916382,0.083559897460671,0.0851739124548545,0.0745117132963976,-0.0851739124548545
"planning_cell_by_design","post_production_exploratory_heterogeneity_sensitivity",0.5,"primary","mlma_cr2","all_non_null","n_cv","0.3<n_cv<=0.6","het_tau0.20_omega0.05_rho0.50",0.2,0.05,FALSE,FALSE,NA,NA,15,45,0.155698123378964,0.105903795951242,-0.0596934216778714,0.92078131740719,0.900062305890238,0.0798843042200568,0.952594189174917,0.810112154484453,0.571582915305562,0.202370517520045,0.0610024936170976,0.112669642464537,0.0523729916909903,-0.112669642464537
"planning_cell_by_design","post_production_exploratory_heterogeneity_sensitivity",0.5,"primary","mlma_cr2","all_non_null","n_cv","n_cv>0.6","het_tau0.20_omega0.05_rho0.50",0.2,0.05,FALSE,FALSE,NA,NA,62,186,0.178570699311321,0.106553059234925,-0.0702967111942853,0.903585085247631,0.871162714225042,0.0744510803190719,0.988281327792435,0.758924474655943,0.755488396290028,0.222213669523653,0.0676302376510322,0.090438612059169,0.055793218576938,-0.0881760453915912
"planning_cell_by_design","post_production_exploratory_heterogeneity_sensitivity",0.5,"primary","mlma_cr2","all_non_null","alignment_pattern","independent","het_tau0.20_omega0.05_rho0.50",0.2,0.05,FALSE,FALSE,NA,NA,24,72,0.231563494307937,0.160660646358036,-0.126296659414969,0.847714062941913,0.820881540780384,0.141119032475244,0.95901084598975,0.673846503993977,0.755488396290028,0.313325435759785,0.0789945695601685,0.0584348501983744,0.0666021506633843,-0.0564580768076145
"planning_cell_by_design","post_production_exploratory_heterogeneity_sensitivity",0.5,"primary","mlma_cr2","all_non_null","alignment_pattern","n_majority","het_tau0.20_omega0.05_rho0.50",0.2,0.05,FALSE,FALSE,NA,NA,20,60,0.0850876020593253,0.056762473443197,-0.027208928700469,0.96130815941702,0.96929143285006,0.0194507549780524,1.02079324726267,0.939525881796522,0.278372317566552,0.135772250437258,0.0575473560063459,0.105214895511913,0.048248519374634,-0.105214895511913
"planning_cell_by_design","post_production_exploratory_heterogeneity_sensitivity",0.5,"primary","mlma_cr2","all_non_null","alignment_pattern","n_minority","het_tau0.20_omega0.05_rho0.50",0.2,0.05,FALSE,FALSE,NA,NA,20,60,0.133546604933287,0.0863644572902913,-0.0323912847458999,0.932425673798277,0.918830253234749,0.0404194533924232,0.979732030305417,0.844249034259433,0.533087672994152,0.180272120075597,0.0514030009165028,0.0974370678585662,0.033128061299838,-0.0973615514252509
"planning_cell_by_design","post_production_exploratory_heterogeneity_sensitivity",0.5,"primary","mlma_cr2","all_non_null","alignment_pattern","nk_majority","het_tau0.20_omega0.05_rho0.50",0.2,0.05,FALSE,FALSE,NA,NA,18,54,0.147837176632882,0.100692920653788,-0.0710579387459459,0.921707642462359,0.912804644340897,0.0612491569851895,1.02872840761249,0.833212318730312,0.478274709477453,0.205549472905204,0.0737164385628356,0.100706694474065,0.068290950933109,-0.0985991651566549
"planning_cell_by_design","post_production_exploratory_heterogeneity_sensitivity",0.5,"primary","mlma_cr2","all_non_null","alignment_pattern","nk_minority","het_tau0.20_omega0.05_rho0.50",0.2,0.05,FALSE,FALSE,NA,NA,18,54,0.259063638586271,0.172321151734161,-0.14581504486362,0.858663297990996,0.805471220842171,0.171192518398667,0.935439678378475,0.648783887604977,0.749902250627394,0.262585664509225,0.0904565043435464,0.110446799910802,0.0835179714858628,-0.107480649042364
"planning_cell_by_design","post_production_exploratory_heterogeneity_sensitivity",0.5,"primary","mlma_cr2","all_non_null","nk_mode","independent","het_tau0.20_omega0.05_rho0.50",0.2,0.05,FALSE,FALSE,NA,NA,39,117,0.16967240336058,0.112598074566729,-0.0625374864426632,0.902885595353756,0.882601339777964,0.0711569175978848,0.97765958282306,0.778985124977858,0.719398975483996,0.250913058915282,0.0649049464732823,0.0914493515875223,0.0485109573168312,-0.0904156843742895
"planning_cell_by_design","post_production_exploratory_heterogeneity_sensitivity",0.5,"primary","mlma_cr2","all_non_null","nk_mode","negative","het_tau0.20_omega0.05_rho0.50",0.2,0.05,FALSE,FALSE,NA,NA,30,90,0.163827829096851,0.104236686023675,-0.0810442537995521,0.916672154388832,0.908954075545178,0.0796275256360308,1.0037557881894,0.826197511450189,0.63071639708233,0.204563116501028,0.0701929391981995,0.0860106392047988,0.0626249895268586,-0.084378876203314
"planning_cell_by_design","post_production_exploratory_heterogeneity_sensitivity",0.5,"primary","mlma_cr2","all_non_null","nk_mode","positive","het_tau0.20_omega0.05_rho0.50",0.2,0.05,FALSE,FALSE,NA,NA,31,93,0.2171606341335,0.13271683682042,-0.105049942406722,0.869682009842886,0.828197686393495,0.11383646916221,0.975058490905347,0.685911407747538,0.755488396290028,0.20405916158091,0.0771906029616742,0.10030305429164,0.0705763487674187,-0.0986574664842469
"planning_cell_by_design","post_production_exploratory_heterogeneity_sensitivity",0.5,"primary","mlma_cr2","all_non_null","all","all","het_tau0.20_omega0.10_rho0.50",0.2,0.1,FALSE,FALSE,NA,NA,100,300,0.189818457534687,0.120064002166359,-0.0923829439827764,0.898468132510895,0.871616769560976,0.0934419591982757,0.997072345066157,0.759715792979912,0.767016512026473,0.22588445474669,0.0702998978021589,0.0609687298839865,0.0595854383295215,-0.0411595943770837
"planning_cell_by_design","post_production_exploratory_heterogeneity_sensitivity",0.5,"primary","mlma_cr2","all_non_null","scenario_set","broad","het_tau0.20_omega0.10_rho0.50",0.2,0.1,FALSE,FALSE,NA,NA,80,240,0.189852826326197,0.119222072653787,-0.0908928395152708,0.899263154774709,0.869719185421547,0.0937029454133715,0.992250191662581,0.756411461490319,0.767016512026473,0.219318660301973,0.0712393451012947,0.0620967536099429,0.0600399089490296,-0.0398353342263144
"planning_cell_by_design","post_production_exploratory_heterogeneity_sensitivity",0.5,"primary","mlma_cr2","all_non_null","scenario_set","targeted","het_tau0.20_omega0.10_rho0.50",0.2,0.1,FALSE,FALSE,NA,NA,20,60,0.189680920094928,0.123431720216651,-0.0983433618527985,0.898860794665185,0.879452614751133,0.0923085499232098,1.01684630345039,0.773436901592604,0.752385688101263,0.277760695058154,0.0665421086056158,0.0564566349801608,0.0577675558514894,-0.0464566349801608
"planning_cell_by_design","post_production_exploratory_heterogeneity_sensitivity",0.5,"primary","mlma_cr2","all_non_null","beta1_true","0.05","het_tau0.20_omega0.10_rho0.50",0.2,0.1,FALSE,FALSE,NA,NA,100,100,0.131709121315682,0.0705950777160171,-0.0617980187562433,0.762458820648714,0.580056402753424,-0.0421931487012898,1.95005906029233,0.336465430375242,0.725216864044808,0.237051064537411,0.0702998978021589,0.0609687298839865,0.0595854383295215,-0.0411595943770837
"planning_cell_by_design","post_production_exploratory_heterogeneity_sensitivity",0.5,"primary","mlma_cr2","all_non_null","beta1_true","0.1","het_tau0.20_omega0.10_rho0.50",0.2,0.1,FALSE,FALSE,NA,NA,100,100,0.247222741137506,0.167977407751241,-0.142579907227652,0.76110039334394,0.707382457710833,0.0537716819370893,1.30976724448217,0.500389941477018,0.767016512026473,0.296140650724854,0.0702998978021589,0.0609687298839865,0.0595854383295215,-0.0411595943770837
"planning_cell_by_design","post_production_exploratory_heterogeneity_sensitivity",0.5,"primary","mlma_cr2","all_non_null","beta1_true","0.2","het_tau0.20_omega0.10_rho0.50",0.2,0.1,FALSE,FALSE,NA,NA,100,100,0.172124269320897,0.12161952103182,-0.0727709059644342,0.760213238106231,0.821384412295042,0.148766844107443,0.889706464877668,0.674672352761272,0.638245435217391,0.122431465440002,0.0702998978021589,0.0609687298839865,0.0595854383295215,-0.0411595943770837
"planning_cell_by_design","post_production_exploratory_heterogeneity_sensitivity",0.5,"primary","mlma_cr2","all_non_null","J","J<=36","het_tau0.20_omega0.10_rho0.50",0.2,0.1,FALSE,FALSE,NA,NA,34,102,0.193354583474391,0.116119551999331,-0.0828291982437922,0.871040794346726,0.799417615265354,0.0510336263690708,1.13497132338747,0.639068523596546,0.750817544637888,0.267834195096151,0.0671980300747314,0.0644006166152403,0.0533129331688448,-0.0396708964934018
"planning_cell_by_design","post_production_exploratory_heterogeneity_sensitivity",0.5,"primary","mlma_cr2","all_non_null","J","37-60","het_tau0.20_omega0.10_rho0.50",0.2,0.1,FALSE,FALSE,NA,NA,24,72,0.174367389301694,0.117806131085344,-0.0815224920397353,0.908778107653223,0.884272056441583,0.0698364248380719,1.03318634311059,0.781937069803427,0.543076589712399,0.205873200437749,0.068691429409196,0.0448703745420812,0.0530748007742392,-0.0299380352887988
"planning_cell_by_design","post_production_exploratory_heterogeneity_sensitivity",0.5,"primary","mlma_cr2","all_non_null","J","61-96","het_tau0.20_omega0.10_rho0.50",0.2,0.1,FALSE,FALSE,NA,NA,30,90,0.199545239537328,0.120297333227862,-0.0996115979669029,0.886701747656484,0.863773006743193,0.137458509457046,0.91572994443573,0.746103807178177,0.767016512026473,0.17949023967952,0.0649394659762134,0.0638657796939233,0.0586022897402813,-0.0422961552717277
"planning_cell_by_design","post_production_exploratory_heterogeneity_sensitivity",0.5,"primary","mlma_cr2","all_non_null","J","J>96","het_tau0.20_omega0.10_rho0.50",0.2,0.1,FALSE,FALSE,NA,NA,12,36,0.184331246279697,0.135172358814546,-0.123101159168997,0.945674593650819,0.911892078699056,0.178495955966748,0.893448780068911,0.831547163194085,0.520548163751066,0.266371159262174,0.0957065393806601,0.0761991369710691,0.0928366828684376,-0.064979287654142
"planning_cell_by_design","post_production_exploratory_heterogeneity_sensitivity",0.5,"primary","mlma_cr2","all_non_null","tau_true","tau<0.05","het_tau0.20_omega0.10_rho0.50",0.2,0.1,FALSE,FALSE,NA,NA,9,27,0.38559714010022,0.31062949308769,-0.31062949308769,0.903088795818075,0.761040798795258,0.292465528407763,1.06049038242908,0.579183097430924,0.767016512026473,0.47024133268024,0.161260492330475,0.0512095598452726,0.161260492330475,-0.0358210733134508
"planning_cell_by_design","post_production_exploratory_heterogeneity_sensitivity",0.5,"primary","mlma_cr2","all_non_null","tau_true","[0.05,0.10)","het_tau0.20_omega0.10_rho0.50",0.2,0.1,FALSE,FALSE,NA,NA,22,66,0.274033247347102,0.21510536225726,-0.21510536225726,0.941549965235446,0.863660899843471,0.239742634592268,0.937182522927413,0.745910149918434,0.725216864044808,0.40361985842866,0.123107763182631,0.05975812214219,0.123107763182631,-0.0426638987680807
"planning_cell_by_design","post_production_exploratory_heterogeneity_sensitivity",0.5,"primary","mlma_cr2","all_non_null","tau_true","[0.10,0.15)","het_tau0.20_omega0.10_rho0.50",0.2,0.1,FALSE,FALSE,NA,NA,25,75,0.132358568229235,0.102545100842171,-0.100209913246367,0.983171880211565,0.96664892088939,0.0858667806754965,1.0352640062618,0.934410136256623,0.321451199938808,0.251472419212033,0.073994518084824,0.0558745637445035,0.073994518084824,-0.0315394880417105
"planning_cell_by_design","post_production_exploratory_heterogeneity_sensitivity",0.5,"primary","mlma_cr2","all_non_null","tau_true","tau>=0.15","het_tau0.20_omega0.10_rho0.50",0.2,0.1,FALSE,FALSE,NA,NA,44,132,0.0630468211793455,0.0435179383666533,0.0180667463711468,0.978858844607545,0.976832366846247,-0.00636805602531878,0.964920091222915,0.954201472918441,0.232447049886203,0.144327154311939,0.0231911728887075,0.0664646402056916,-0.00115987136728658,-0.0469653819078812
"planning_cell_by_design","post_production_exploratory_heterogeneity_sensitivity",0.5,"primary","mlma_cr2","all_non_null","omega_true","omega<0.05","het_tau0.20_omega0.10_rho0.50",0.2,0.1,FALSE,FALSE,NA,NA,8,24,0.203863069031466,0.117897062520842,-0.102327727521619,0.913676907878735,0.860847818863273,0.107756566074094,0.985249695411002,0.741058967241655,0.725216864044808,0.185687221709709,0.0614287752718957,0.0587674458368638,0.0504342267998437,0.0587674458368638
"planning_cell_by_design","post_production_exploratory_heterogeneity_sensitivity",0.5,"primary","mlma_cr2","all_non_null","omega_true","[0.05,0.10)","het_tau0.20_omega0.10_rho0.50",0.2,0.1,FALSE,FALSE,NA,NA,23,69,0.247468593332416,0.174898134616168,-0.154176446755634,0.857226374672958,0.820331231947064,0.174074953694363,0.947678872940622,0.672943330107788,0.767016512026473,0.271993241138401,0.0794555426921782,0.0226224873326187,0.0648562435559022,0.0226224873326187
"planning_cell_by_design","post_production_exploratory_heterogeneity_sensitivity",0.5,"primary","mlma_cr2","all_non_null","omega_true","[0.10,0.15)","het_tau0.20_omega0.10_rho0.50",0.2,0.1,FALSE,FALSE,NA,NA,20,60,0.203407998027602,0.12936081596296,-0.121750130992801,0.919407049366991,0.886808642587559,0.106875603207179,1.04234582236364,0.786429568567989,0.750817544637888,0.222108441905303,0.0769292790297098,0.0259430033549404,0.0748637654116289,-0.0259430033549404
"planning_cell_by_design","post_production_exploratory_heterogeneity_sensitivity",0.5,"primary","mlma_cr2","all_non_null","omega_true","omega>=0.15","het_tau0.20_omega0.10_rho0.50",0.2,0.1,FALSE,FALSE,NA,NA,49,147,0.145306923143433,0.0908847000211865,-0.049767585364675,0.920407525307493,0.906485415308802,0.0514536376683296,0.995267130538566,0.821715808167572,0.752385688101263,0.220934876715023,0.0647448268474783,0.093623594815402,0.0523694103782668,-0.093623594815402
"planning_cell_by_design","post_production_exploratory_heterogeneity_sensitivity",0.5,"primary","mlma_cr2","all_non_null","I_C_star_primary","I_C*<2000","het_tau0.20_omega0.10_rho0.50",0.2,0.1,FALSE,FALSE,NA,NA,6,18,0.0648451451040796,0.0346365402142189,-0.0146129768147439,0.923632610939113,0.910772004526553,0.00385597807959289,1.06946928514931,0.829505644229316,0.246727594022804,0.143865984115921,0.0620049759558655,0.0579694523187936,0.0485544240247982,-0.0331410181047007
"planning_cell_by_design","post_production_exploratory_heterogeneity_sensitivity",0.5,"primary","mlma_cr2","all_non_null","I_C_star_primary","[2000,8000)","het_tau0.20_omega0.10_rho0.50",0.2,0.1,FALSE,FALSE,NA,NA,28,84,0.168785309792861,0.101776822979802,-0.0732852687729639,0.886362255745672,0.86300215185499,0.0557070585066711,1.06114767419604,0.744772714106343,0.638245435217391,0.22032465412848,0.0675505716659598,0.0673220840549932,0.0577229386434046,-0.050493789968324
"planning_cell_by_design","post_production_exploratory_heterogeneity_sensitivity",0.5,"primary","mlma_cr2","all_non_null","I_C_star_primary","[8000,20000)","het_tau0.20_omega0.10_rho0.50",0.2,0.1,FALSE,FALSE,NA,NA,35,105,0.187192073745819,0.125164997057951,-0.102433227770254,0.913592597948859,0.887889843972426,0.0925160884236535,1.02726361721626,0.788348375029379,0.750817544637888,0.267508204027662,0.0735136680793516,0.0598753963649572,0.0658398034876711,-0.0414693011136792
"planning_cell_by_design","post_production_exploratory_heterogeneity_sensitivity",0.5,"primary","mlma_cr2","all_non_null","I_C_star_primary","I_C*>=20000","het_tau0.20_omega0.10_rho0.50",0.2,0.1,FALSE,FALSE,NA,NA,31,93,0.22387837467112,0.147356614028641,-0.113337614186687,0.842123767791209,0.829078855678038,0.174684734638341,0.868511234142274,0.687371748932405,0.767016512026473,0.207790986828884,0.0707601785502103,0.0570451305862121,0.0563413511199854,-0.0339310216447845
"planning_cell_by_design","post_production_exploratory_heterogeneity_sensitivity",0.5,"primary","mlma_cr2","all_non_null","nu_C_star_primary","nu_C*<5","het_tau0.20_omega0.10_rho0.50",0.2,0.1,FALSE,FALSE,NA,NA,17,51,0.164605237927297,0.0823957982976453,-0.0610862680140569,0.90841628959276,0.847513402726391,0.010681903439118,1.2695660665382,0.718278967800865,0.767016512026473,0.230762350221277,0.0551152828012231,0.0569963459816097,0.0488414421004948,-0.0349777805319515
"planning_cell_by_design","post_production_exploratory_heterogeneity_sensitivity",0.5,"primary","mlma_cr2","all_non_null","nu_C_star_primary","[5,10)","het_tau0.20_omega0.10_rho0.50",0.2,0.1,FALSE,FALSE,NA,NA,21,63,0.170055763906896,0.105100505925877,-0.0891430433470845,0.879509397080264,0.873659725987341,0.0528576968851712,1.12948025075407,0.763281316812275,0.638245435217391,0.201868792807299,0.0703458143950722,0.060569666448842,0.0638496787679975,-0.0351013025784909
"planning_cell_by_design","post_production_exploratory_heterogeneity_sensitivity",0.5,"primary","mlma_cr2","all_non_null","nu_C_star_primary","[10,20)","het_tau0.20_omega0.10_rho0.50",0.2,0.1,FALSE,FALSE,NA,NA,24,72,0.230120629958352,0.150808384430957,-0.0979938787853659,0.805350998905007,0.772251881671151,0.122164017768373,0.931262110485826,0.596372968744634,0.752385688101263,0.256134345474049,0.0716050181645647,0.0676835025167093,0.0502779315721758,-0.050533135101107
"planning_cell_by_design","post_production_exploratory_heterogeneity_sensitivity",0.5,"primary","mlma_cr2","all_non_null","nu_C_star_primary","nu_C*>=20","het_tau0.20_omega0.10_rho0.50",0.2,0.1,FALSE,FALSE,NA,NA,38,114,0.182400753439886,0.125767363020778,-0.104630811602661,0.911990058176725,0.897373015679766,0.147320027512402,0.913112601590078,0.805278329270198,0.725216864044808,0.219318660301973,0.0762433535355008,0.0587254750232784,0.0679138343521994,-0.0413530150550083
"planning_cell_by_design","post_production_exploratory_heterogeneity_sensitivity",0.5,"primary","mlma_cr2","all_non_null","n_cv","n_cv<=0.3","het_tau0.20_omega0.10_rho0.50",0.2,0.1,FALSE,FALSE,NA,NA,23,69,0.221505637240596,0.156626258710693,-0.136670396882456,0.888592519180671,0.863801340785745,0.138423288305871,0.995336775967954,0.746152756343252,0.638245435217391,0.268160186164639,0.083559897460671,0.0578888203406772,0.0745117132963976,-0.0351739124548545
"planning_cell_by_design","post_production_exploratory_heterogeneity_sensitivity",0.5,"primary","mlma_cr2","all_non_null","n_cv","0.3<n_cv<=0.6","het_tau0.20_omega0.10_rho0.50",0.2,0.1,FALSE,FALSE,NA,NA,15,45,0.160837637155744,0.107296525291619,-0.0723844187455419,0.92585394826076,0.899809146384392,0.0870262382804474,0.964566936924649,0.809656499917009,0.578578490663336,0.166048007808097,0.0610024936170976,0.0682056296287414,0.0523729916909903,-0.0626696424645371
"planning_cell_by_design","post_production_exploratory_heterogeneity_sensitivity",0.5,"primary","mlma_cr2","all_non_null","n_cv","n_cv>0.6","het_tau0.20_omega0.10_rho0.50",0.2,0.1,FALSE,FALSE,NA,NA,62,186,0.183451861956183,0.109589490111544,-0.080792080464484,0.904986612568542,0.870177092240963,0.0793239376694078,1.00426769383015,0.757208171860937,0.767016512026473,0.223810422644602,0.0676302376510322,0.0603604141311605,0.055793218576938,-0.0381760453915912
"planning_cell_by_design","post_production_exploratory_heterogeneity_sensitivity",0.5,"primary","mlma_cr2","all_non_null","alignment_pattern","independent","het_tau0.20_omega0.10_rho0.50",0.2,0.1,FALSE,FALSE,NA,NA,24,72,0.237876522221535,0.163831696939416,-0.137703421300311,0.84697445959438,0.820587538468262,0.145321876607333,0.978246049209011,0.673363908289402,0.767016512026473,0.285916771958846,0.0789945695601685,0.0427787585802216,0.0666021506633843,-0.00645807680761452
"planning_cell_by_design","post_production_exploratory_heterogeneity_sensitivity",0.5,"primary","mlma_cr2","all_non_null","alignment_pattern","n_majority","het_tau0.20_omega0.10_rho0.50",0.2,0.1,FALSE,FALSE,NA,NA,20,60,0.0912618581185823,0.05980292556043,-0.038073962394039,0.95941871944129,0.967803093228584,0.0254587814538357,1.03482497575898,0.936642827262815,0.311147501891598,0.145049792509641,0.0575473560063459,0.0604073749093921,0.048248519374634,-0.0552148955119133
"planning_cell_by_design","post_production_exploratory_heterogeneity_sensitivity",0.5,"primary","mlma_cr2","all_non_null","alignment_pattern","n_minority","het_tau0.20_omega0.10_rho0.50",0.2,0.1,FALSE,FALSE,NA,NA,20,60,0.1373866352347,0.0878469765746841,-0.0433308119038951,0.933148096693526,0.917598806068952,0.0468547993341521,0.990850629778238,0.841987568899166,0.543076589712399,0.203668310461298,0.0514030009165028,0.0667978908246731,0.033128061299838,-0.0473615514252509
"planning_cell_by_design","post_production_exploratory_heterogeneity_sensitivity",0.5,"primary","mlma_cr2","all_non_null","alignment_pattern","nk_majority","het_tau0.20_omega0.10_rho0.50",0.2,0.1,FALSE,FALSE,NA,NA,18,54,0.156700593417058,0.108215810537267,-0.0845656532181448,0.922469982847341,0.910273365871278,0.0676938466034727,1.05145039830182,0.828597600614625,0.500134458474195,0.237051064537411,0.0737164385628356,0.067373361140732,0.068290950933109,-0.0485991651566549
"planning_cell_by_design","post_production_exploratory_heterogeneity_sensitivity",0.5,"primary","mlma_cr2","all_non_null","alignment_pattern","nk_minority","het_tau0.20_omega0.10_rho0.50",0.2,0.1,FALSE,FALSE,NA,NA,18,54,0.264469203515444,0.176308714317604,-0.154618613510271,0.861295128461917,0.804089719731482,0.176234762943452,0.943748670162569,0.646560277377854,0.752385688101263,0.273349197096461,0.0904565043435464,0.072964275958825,0.0835179714858628,-0.0574806490423637
"planning_cell_by_design","post_production_exploratory_heterogeneity_sensitivity",0.5,"primary","mlma_cr2","all_non_null","nk_mode","independent","het_tau0.20_omega0.10_rho0.50",0.2,0.1,FALSE,FALSE,NA,NA,39,117,0.174882947693525,0.115448166716727,-0.0732181934934973,0.902885595353756,0.880668689814187,0.076816799183278,0.990407340188094,0.775577341219037,0.725216864044808,0.235418276763666,0.0649049464732823,0.0593842332820058,0.0485109573168312,-0.0404156843742895
"planning_cell_by_design","post_production_exploratory_heterogeneity_sensitivity",0.5,"primary","mlma_cr2","all_non_null","nk_mode","negative","het_tau0.20_omega0.10_rho0.50",0.2,0.1,FALSE,FALSE,NA,NA,30,90,0.171274239609894,0.109288917493408,-0.0925871421395043,0.917544697275167,0.906732430884272,0.0869633168004563,1.01537954949887,0.8221637012173,0.638245435217391,0.232013381345922,0.0701929391981995,0.0584211001082129,0.0626249895268586,-0.034378876203314
"planning_cell_by_design","post_production_exploratory_heterogeneity_sensitivity",0.5,"primary","mlma_cr2","all_non_null","nk_mode","positive","het_tau0.20_omega0.10_rho0.50",0.2,0.1,FALSE,FALSE,NA,NA,31,93,0.222179886222803,0.136298522254237,-0.116295825414391,0.871838307894058,0.829425898078941,0.117668628827482,0.99597464871686,0.687947320404057,0.767016512026473,0.198570763812333,0.0771906029616742,0.0654275770049689,0.0705763487674187,-0.0486574664842469
"planning_cell_by_design","post_production_exploratory_heterogeneity_sensitivity",0.5,"primary","mlma_cr2","all_non_null","all","all","het_tau0.20_omega0.15_rho0.50",0.2,0.15,FALSE,FALSE,NA,NA,100,300,0.199942069025662,0.126628911029525,-0.108544551949375,0.899935520138063,0.868249176153835,0.102117537156503,1.01859848663592,0.753856631891814,0.782382117336014,0.225064248843668,0.0702998978021589,0.0515915285420103,0.0595854383295215,0.00884040562291633
"planning_cell_by_design","post_production_exploratory_heterogeneity_sensitivity",0.5,"primary","mlma_cr2","all_non_null","scenario_set","broad","het_tau0.20_omega0.15_rho0.50",0.2,0.15,FALSE,FALSE,NA,NA,80,240,0.199810081113918,0.125623142356903,-0.107511843628303,0.900656460138733,0.866840386175731,0.102442471476569,1.01465203060141,0.75141225510529,0.782382117336014,0.218261435078288,0.0712393451012947,0.0553752519324727,0.0600399089490296,0.0101646657736856
"planning_cell_by_design","post_production_exploratory_heterogeneity_sensitivity",0.5,"primary","mlma_cr2","all_non_null","scenario_set","targeted","het_tau0.20_omega0.15_rho0.50",0.2,0.15,FALSE,FALSE,NA,NA,20,60,0.200469151672548,0.130651985720011,-0.11267538523366,0.894470686301751,0.873993864853144,0.100785828148574,1.0345731544278,0.763865275800935,0.756302306380802,0.26456635511702,0.0665421086056158,0.0364566349801608,0.0577675558514894,0.00354336501983919
"planning_cell_by_design","post_production_exploratory_heterogeneity_sensitivity",0.5,"primary","mlma_cr2","all_non_null","beta1_true","0.05","het_tau0.20_omega0.15_rho0.50",0.2,0.15,FALSE,FALSE,NA,NA,100,100,0.134763967303127,0.0729951434995485,-0.0666522048666973,0.762350809199499,0.586458889987215,-0.0528559201850734,2.14248800512339,0.343934029645037,0.733798002677402,0.244175720369465,0.0702998978021589,0.0515915285420103,0.0595854383295215,0.00884040562291633
"planning_cell_by_design","post_production_exploratory_heterogeneity_sensitivity",0.5,"primary","mlma_cr2","all_non_null","beta1_true","0.1","het_tau0.20_omega0.15_rho0.50",0.2,0.15,FALSE,FALSE,NA,NA,100,100,0.259176690698546,0.176287923624903,-0.160310486313529,0.760338314849851,0.71061254863904,0.0523922345357849,1.40123854451261,0.504970194283272,0.782382117336014,0.321334806789907,0.0702998978021589,0.0515915285420103,0.0595854383295215,0.00884040562291633
"planning_cell_by_design","post_production_exploratory_heterogeneity_sensitivity",0.5,"primary","mlma_cr2","all_non_null","beta1_true","0.2","het_tau0.20_omega0.15_rho0.50",0.2,0.15,FALSE,FALSE,NA,NA,100,100,0.186001637127364,0.130603665964123,-0.098670964667898,0.760003106745153,0.818869539900725,0.181200554076855,0.875546025933917,0.670547323377226,0.650055344477925,0.119623129801775,0.0702998978021589,0.0515915285420103,0.0595854383295215,0.00884040562291633
"planning_cell_by_design","post_production_exploratory_heterogeneity_sensitivity",0.5,"primary","mlma_cr2","all_non_null","J","J<=36","het_tau0.20_omega0.15_rho0.50",0.2,0.15,FALSE,FALSE,NA,NA,34,102,0.200319630079807,0.11912150028769,-0.0965577470605995,0.876989321492559,0.804803926552276,0.0477510777645098,1.22000421543151,0.647709360193962,0.758001019757195,0.260944747469427,0.0671980300747314,0.0524506667134016,0.0533129331688448,0.0103291035065982
"planning_cell_by_design","post_production_exploratory_heterogeneity_sensitivity",0.5,"primary","mlma_cr2","all_non_null","J","37-60","het_tau0.20_omega0.15_rho0.50",0.2,0.15,FALSE,FALSE,NA,NA,24,72,0.186330347327868,0.124521378104289,-0.0990251804718445,0.910578909975495,0.879524445267228,0.0765162170789949,1.06726479849055,0.773563249822624,0.557947439382083,0.21213874838511,0.068691429409196,0.0498394739039382,0.0530748007742392,0.0200619647112012
"planning_cell_by_design","post_production_exploratory_heterogeneity_sensitivity",0.5,"primary","mlma_cr2","all_non_null","J","61-96","het_tau0.20_omega0.15_rho0.50",0.2,0.15,FALSE,FALSE,NA,NA,30,90,0.210120246939002,0.129800660887372,-0.116308664200323,0.884923486874777,0.859486223581568,0.149954577921579,0.922191142035982,0.738716568526505,0.782382117336014,0.214750166813248,0.0649394659762134,0.0513941070171287,0.0586022897402813,0.00770384472827233
"planning_cell_by_design","post_production_exploratory_heterogeneity_sensitivity",0.5,"primary","mlma_cr2","all_non_null","J","J>96","het_tau0.20_omega0.15_rho0.50",0.2,0.15,FALSE,FALSE,NA,NA,12,36,0.199073091419272,0.144185599337243,-0.142135628128594,0.948764192105436,0.908476288102619,0.194784234995988,0.894882418255544,0.825329166044713,0.535276407345953,0.29572074363639,0.0957065393806601,0.0531549668114167,0.0928366828684376,-0.014979287654142
"planning_cell_by_design","post_production_exploratory_heterogeneity_sensitivity",0.5,"primary","mlma_cr2","all_non_null","tau_true","tau<0.05","het_tau0.20_omega0.15_rho0.50",0.2,0.15,FALSE,FALSE,NA,NA,9,27,0.396900619782504,0.32362332031054,-0.32362332031054,0.906451685714486,0.759236865268646,0.297410645452513,1.09124284113992,0.576440617582959,0.782382117336014,0.486986359849122,0.161260492330475,0.0417559829791361,0.161260492330475,0.0141789266865492
"planning_cell_by_design","post_production_exploratory_heterogeneity_sensitivity",0.5,"primary","mlma_cr2","all_non_null","tau_true","[0.05,0.10)","het_tau0.20_omega0.15_rho0.50",0.2,0.15,FALSE,FALSE,NA,NA,22,66,0.290239783668849,0.231786915512253,-0.231786915512253,0.943387624855317,0.854204915601641,0.251341107829504,0.947928047840574,0.729666037838007,0.733798002677402,0.437718079208626,0.123107763182631,0.0603397057710391,0.123107763182631,0.00733610123191932
"planning_cell_by_design","post_production_exploratory_heterogeneity_sensitivity",0.5,"primary","mlma_cr2","all_non_null","tau_true","[0.10,0.15)","het_tau0.20_omega0.15_rho0.50",0.2,0.15,FALSE,FALSE,NA,NA,25,75,0.151500370180048,0.118363425742662,-0.117746960257748,0.983683978534494,0.959615984419473,0.0992004225107354,1.04765313162743,0.920862837553355,0.339492931145647,0.303141380871157,0.073994518084824,0.0486757275248296,0.073994518084824,0.0184605119582895
"planning_cell_by_design","post_production_exploratory_heterogeneity_sensitivity",0.5,"primary","mlma_cr2","all_non_null","tau_true","tau>=0.15","het_tau0.20_omega0.15_rho0.50",0.2,0.15,FALSE,FALSE,NA,NA,44,132,0.0589379913214388,0.0384518962573075,0.00229865535387887,0.980051108199555,0.977388281000653,-0.000692468988953091,0.994944629420571,0.955287851837412,0.278045408093831,0.125283451429102,0.0231911728887075,0.0508859611887548,-0.00115987136728658,0.00303461809211881
"planning_cell_by_design","post_production_exploratory_heterogeneity_sensitivity",0.5,"primary","mlma_cr2","all_non_null","omega_true","omega<0.05","het_tau0.20_omega0.15_rho0.50",0.2,0.15,FALSE,FALSE,NA,NA,8,24,0.214696661563015,0.128501275273715,-0.117390359369448,0.911067644933817,0.854827162538253,0.120166562267893,0.992135104421257,0.7307294778132,0.733798002677402,0.202968504148438,0.0614287752718957,0.108767445836864,0.0504342267998437,0.108767445836864
"planning_cell_by_design","post_production_exploratory_heterogeneity_sensitivity",0.5,"primary","mlma_cr2","all_non_null","omega_true","[0.05,0.10)","het_tau0.20_omega0.15_rho0.50",0.2,0.15,FALSE,FALSE,NA,NA,23,69,0.260479116579799,0.184809444803479,-0.171442891143106,0.858340794536882,0.814198001687659,0.182787795677384,0.968750995283285,0.662918385952177,0.782382117336014,0.267570323588887,0.0794555426921782,0.0726224873326187,0.0648562435559022,0.0726224873326187
"planning_cell_by_design","post_production_exploratory_heterogeneity_sensitivity",0.5,"primary","mlma_cr2","all_non_null","omega_true","[0.10,0.15)","het_tau0.20_omega0.15_rho0.50",0.2,0.15,FALSE,FALSE,NA,NA,20,60,0.217279527483375,0.143508332384018,-0.138300785902007,0.919351477602999,0.880808076999102,0.115772217581091,1.06730721836677,0.775822868506857,0.758001019757195,0.281035583486087,0.0769292790297098,0.0240569966450596,0.0748637654116289,0.0240569966450596
"planning_cell_by_design","post_production_exploratory_heterogeneity_sensitivity",0.5,"primary","mlma_cr2","all_non_null","omega_true","omega>=0.15","het_tau0.20_omega0.15_rho0.50",0.2,0.15,FALSE,FALSE,NA,NA,49,147,0.151467816306844,0.0921244290327021,-0.0654312266459247,0.92497693106776,0.906497427416862,0.0591481259879549,1.01844826415623,0.821737585913389,0.756302306380802,0.209108346747123,0.0647448268474783,0.043623594815402,0.0523694103782668,-0.043623594815402
"planning_cell_by_design","post_production_exploratory_heterogeneity_sensitivity",0.5,"primary","mlma_cr2","all_non_null","I_C_star_primary","I_C*<2000","het_tau0.20_omega0.15_rho0.50",0.2,0.15,FALSE,FALSE,NA,NA,6,18,0.0708632010969585,0.0348148624959902,-0.0217551916060605,0.923632610939113,0.900877753063123,0.00346422781909155,1.12383595298192,0.811580725964062,0.276031897566928,0.141596419875448,0.0620049759558655,0.0508152063773013,0.0485544240247982,0.0168589818952993
"planning_cell_by_design","post_production_exploratory_heterogeneity_sensitivity",0.5,"primary","mlma_cr2","all_non_null","I_C_star_primary","[2000,8000)","het_tau0.20_omega0.15_rho0.50",0.2,0.15,FALSE,FALSE,NA,NA,28,84,0.177112675208462,0.107359051180368,-0.089239583526558,0.88782018831629,0.863995071248928,0.0592348071410798,1.11050785762953,0.74648748314244,0.650055344477925,0.221883471762837,0.0675505716659598,0.0475772325348122,0.0577229386434046,-0.000493789968323991
"planning_cell_by_design","post_production_exploratory_heterogeneity_sensitivity",0.5,"primary","mlma_cr2","all_non_null","I_C_star_primary","[8000,20000)","het_tau0.20_omega0.15_rho0.50",0.2,0.15,FALSE,FALSE,NA,NA,35,105,0.199195153950262,0.132975326005463,-0.119195395696584,0.918459963533001,0.884114321887139,0.10148832009832,1.05103083339408,0.781658134165956,0.758001019757195,0.285507779471216,0.0735136680793516,0.0530537159467714,0.0658398034876711,0.0085306988863208
"planning_cell_by_design","post_production_exploratory_heterogeneity_sensitivity",0.5,"primary","mlma_cr2","all_non_null","I_C_star_primary","I_C*>=20000","het_tau0.20_omega0.15_rho0.50",0.2,0.15,FALSE,FALSE,NA,NA,31,93,0.234208999397193,0.154639099507583,-0.130754092167002,0.838907361712801,0.825174521800411,0.186252322708727,0.876434838294533,0.680912991428537,0.782382117336014,0.220391986879373,0.0707601785502103,0.0537167434459834,0.0563413511199854,0.0160689783552155
"planning_cell_by_design","post_production_exploratory_heterogeneity_sensitivity",0.5,"primary","mlma_cr2","all_non_null","nu_C_star_primary","nu_C*<5","het_tau0.20_omega0.15_rho0.50",0.2,0.15,FALSE,FALSE,NA,NA,17,51,0.171912660649974,0.086391814733024,-0.0705105091937498,0.910497737556561,0.843637755765077,0.0133443472975691,1.32195568100236,0.711724662952335,0.782382117336014,0.224920372321531,0.0551152828012231,0.0419712166933458,0.0488414421004948,0.0150222194680485
"planning_cell_by_design","post_production_exploratory_heterogeneity_sensitivity",0.5,"primary","mlma_cr2","all_non_null","nu_C_star_primary","[5,10)","het_tau0.20_omega0.15_rho0.50",0.2,0.15,FALSE,FALSE,NA,NA,21,63,0.184181596020727,0.115889259043211,-0.106886686535545,0.878717327377902,0.870073630175403,0.0533465504036801,1.20396644843341,0.757028121926604,0.650055344477925,0.225208125365804,0.0703458143950722,0.0599867753286714,0.0638496787679975,0.0148986974215091
"planning_cell_by_design","post_production_exploratory_heterogeneity_sensitivity",0.5,"primary","mlma_cr2","all_non_null","nu_C_star_primary","[10,20)","het_tau0.20_omega0.15_rho0.50",0.2,0.15,FALSE,FALSE,NA,NA,24,72,0.23637106575673,0.150302888277312,-0.116514773810191,0.818599865361998,0.776808461871606,0.124734328878739,0.975324558183373,0.603431386435331,0.758001019757195,0.222728291959439,0.0716050181645647,0.0565455100710679,0.0502779315721758,-0.000533135101106986
"planning_cell_by_design","post_production_exploratory_heterogeneity_sensitivity",0.5,"primary","mlma_cr2","all_non_null","nu_C_star_primary","nu_C*>=20","het_tau0.20_omega0.15_rho0.50",0.2,0.15,FALSE,FALSE,NA,NA,38,114,0.194799149155951,0.135612802471794,-0.121442146051387,0.911260945724153,0.892586231579823,0.161168807793126,0.916277711346688,0.79671018080587,0.733798002677402,0.242963003128049,0.0762433535355008,0.0481270433370112,0.0679138343521994,0.0086469849449917
"planning_cell_by_design","post_production_exploratory_heterogeneity_sensitivity",0.5,"primary","mlma_cr2","all_non_null","n_cv","n_cv<=0.3","het_tau0.20_omega0.15_rho0.50",0.2,0.15,FALSE,FALSE,NA,NA,23,69,0.234550059390021,0.167626184490686,-0.153877083359131,0.892392577653256,0.85927238341066,0.148753935873005,1.01428293105816,0.738349028892237,0.650055344477925,0.302895170458963,0.083559897460671,0.0606752855450284,0.0745117132963976,0.0148260875451455
"planning_cell_by_design","post_production_exploratory_heterogeneity_sensitivity",0.5,"primary","mlma_cr2","all_non_null","n_cv","0.3<n_cv<=0.6","het_tau0.20_omega0.15_rho0.50",0.2,0.15,FALSE,FALSE,NA,NA,15,45,0.171145773670988,0.109572163948201,-0.0908949700442867,0.926776244779591,0.897282667893576,0.0978863014426382,0.982287612227958,0.805116186102213,0.588929660337002,0.176737594973725,0.0610024936170976,0.0501960522201533,0.0523729916909903,-0.0126696424645371
"planning_cell_by_design","post_production_exploratory_heterogeneity_sensitivity",0.5,"primary","mlma_cr2","all_non_null","n_cv","n_cv>0.6","het_tau0.20_omega0.15_rho0.50",0.2,0.15,FALSE,FALSE,NA,NA,62,186,0.192312085099422,0.115546877426511,-0.0959977052744056,0.906147558353329,0.867180429433196,0.0868914427031348,1.02769481198257,0.752001897191942,0.782382117336014,0.216122770278038,0.0676302376510322,0.0485593629574691,0.055793218576938,0.0118239546084087
"planning_cell_by_design","post_production_exploratory_heterogeneity_sensitivity",0.5,"primary","mlma_cr2","all_non_null","alignment_pattern","independent","het_tau0.20_omega0.15_rho0.50",0.2,0.15,FALSE,FALSE,NA,NA,24,72,0.248727417092358,0.169127029874046,-0.154528387611855,0.846942302927096,0.818482955465648,0.151908426861951,1.00785865881103,0.669914348387782,0.782382117336014,0.312932456126231,0.0789945695601685,0.0569907544877424,0.0666021506633843,0.0435419231923855
"planning_cell_by_design","post_production_exploratory_heterogeneity_sensitivity",0.5,"primary","mlma_cr2","all_non_null","alignment_pattern","n_majority","het_tau0.20_omega0.15_rho0.50",0.2,0.15,FALSE,FALSE,NA,NA,20,60,0.10341461902703,0.0662870453502935,-0.0538324346837743,0.95555648184384,0.964166065485503,0.0343818066421644,1.05613671597858,0.929616201833795,0.357560412875799,0.141596419875448,0.0575473560063459,0.0397560259603488,0.048248519374634,-0.00521489551191333
"planning_cell_by_design","post_production_exploratory_heterogeneity_sensitivity",0.5,"primary","mlma_cr2","all_non_null","alignment_pattern","n_minority","het_tau0.20_omega0.15_rho0.50",0.2,0.15,FALSE,FALSE,NA,NA,20,60,0.145473617411087,0.0925067284252583,-0.0592815553915679,0.933203667685468,0.914282768679285,0.056421778756834,1.00774564299988,0.835912981103858,0.557947439382083,0.214165859484975,0.0514030009165028,0.055283415665361,0.033128061299838,0.00263844857474914
"planning_cell_by_design","post_production_exploratory_heterogeneity_sensitivity",0.5,"primary","mlma_cr2","all_non_null","alignment_pattern","nk_majority","het_tau0.20_omega0.15_rho0.50",0.2,0.15,FALSE,FALSE,NA,NA,18,54,0.171699170520879,0.118862266148019,-0.103566713991494,0.923918429578807,0.904498353960866,0.0774781767526054,1.08445005719601,0.818117272317916,0.528622774970053,0.260214611657168,0.0737164385628356,0.0506316797543518,0.068290950933109,0.00140083484334508
"planning_cell_by_design","post_production_exploratory_heterogeneity_sensitivity",0.5,"primary","mlma_cr2","all_non_null","alignment_pattern","nk_minority","het_tau0.20_omega0.15_rho0.50",0.2,0.15,FALSE,FALSE,NA,NA,18,54,0.273365973218271,0.1826914511,-0.167738513272178,0.864422811050548,0.800837110641259,0.184139764898461,0.955810607651824,0.641340077780239,0.758001019757195,0.307825714374003,0.0904565043435464,0.0544008710223715,0.0835179714858628,-0.00748064904236368
"planning_cell_by_design","post_production_exploratory_heterogeneity_sensitivity",0.5,"primary","mlma_cr2","all_non_null","nk_mode","independent","het_tau0.20_omega0.15_rho0.50",0.2,0.15,FALSE,FALSE,NA,NA,39,117,0.184360994768498,0.119980108539373,-0.0890396395643561,0.899858380391181,0.876425984113243,0.0854668305073739,1.00994324721403,0.768122505628867,0.733798002677402,0.230076403294788,0.0649049464732823,0.0550398083808399,0.0485109573168312,0.00958431562571044
"planning_cell_by_design","post_production_exploratory_heterogeneity_sensitivity",0.5,"primary","mlma_cr2","all_non_null","nk_mode","negative","het_tau0.20_omega0.15_rho0.50",0.2,0.15,FALSE,FALSE,NA,NA,30,90,0.183791859224411,0.118298559285705,-0.108983598814469,0.919882453687613,0.901654048049217,0.0978507316470176,1.03187443620071,0.81298002236354,0.650055344477925,0.250883654093361,0.0701929391981995,0.0530818667622283,0.0626249895268586,0.015621123796686
"planning_cell_by_design","post_production_exploratory_heterogeneity_sensitivity",0.5,"primary","mlma_cr2","all_non_null","nk_mode","positive","het_tau0.20_omega0.15_rho0.50",0.2,0.15,FALSE,FALSE,NA,NA,31,93,0.231316679441432,0.143055164236961,-0.132658106048178,0.876001679217774,0.829338134659529,0.123889740077402,1.02700641735628,0.687801741600548,0.782382117336014,0.194711481580683,0.0771906029616742,0.0458111072413364,0.0705763487674187,0.00134253351575312
"planning_cell_by_design","post_production_exploratory_heterogeneity_sensitivity",0.5,"primary","mlma_cr2","all_non_null","all","all","het_tau0.20_omega0.20_rho0.50",0.2,0.2,TRUE,FALSE,NA,NA,100,300,0.214127886527826,0.137835476537409,-0.127592241508592,0.901300681760611,0.861959260451352,0.112809486980925,1.0452738156564,0.742973766677842,0.798620404385834,0.247164847762583,0.0702998978021589,0.0687272637618496,0.0595854383295215,0.0588404056229163
"planning_cell_by_design","post_production_exploratory_heterogeneity_sensitivity",0.5,"primary","mlma_cr2","all_non_null","scenario_set","broad","het_tau0.20_omega0.20_rho0.50",0.2,0.2,TRUE,FALSE,NA,NA,80,240,0.213905667488739,0.136782567466437,-0.126941400202906,0.901804092345114,0.860957643034029,0.113345108385122,1.04163557022725,0.74124806309871,0.798620404385834,0.238705678694201,0.0712393451012947,0.0713689485512179,0.0600399089490296,0.0601646657736856
"planning_cell_by_design","post_production_exploratory_heterogeneity_sensitivity",0.5,"primary","mlma_cr2","all_non_null","scenario_set","targeted","het_tau0.20_omega0.20_rho0.50",0.2,0.2,TRUE,FALSE,NA,NA,20,60,0.215014466046251,0.142047112821296,-0.130195606731336,0.892914698527369,0.866022272804817,0.110639443900876,1.05991922704203,0.749994576994021,0.761383736772573,0.28545381733783,0.0665421086056158,0.0581605246043764,0.0577675558514894,0.0535433650198392
"planning_cell_by_design","post_production_exploratory_heterogeneity_sensitivity",0.5,"primary","mlma_cr2","all_non_null","beta1_true","0.05","het_tau0.20_omega0.20_rho0.50",0.2,0.2,TRUE,FALSE,NA,NA,100,100,0.138423272451919,0.0765647724920473,-0.0719539093142749,0.766029199108896,0.589945878929932,-0.0643088998460613,2.37221035451011,0.348036140066411,0.743939417245283,0.272960557866335,0.0702998978021589,0.0687272637618496,0.0595854383295215,0.0588404056229163
"planning_cell_by_design","post_production_exploratory_heterogeneity_sensitivity",0.5,"primary","mlma_cr2","all_non_null","beta1_true","0.1","het_tau0.20_omega0.20_rho0.50",0.2,0.2,TRUE,FALSE,NA,NA,100,100,0.27422222001,0.189267581876428,-0.180190439266965,0.765258821662075,0.711052720232562,0.0521565943925798,1.51402107523206,0.505595970950126,0.798620404385834,0.33881029908031,0.0702998978021589,0.0687272637618496,0.0595854383295215,0.0588404056229163
"planning_cell_by_design","post_production_exploratory_heterogeneity_sensitivity",0.5,"primary","mlma_cr2","all_non_null","beta1_true","0.2","het_tau0.20_omega0.20_rho0.50",0.2,0.2,TRUE,FALSE,NA,NA,100,100,0.207830284278083,0.147674075243751,-0.130632375944535,0.764632000442032,0.810963532403218,0.220563587975457,0.857517109693169,0.657661850887904,0.665196452275174,0.129623559671716,0.0702998978021589,0.0687272637618496,0.0595854383295215,0.0588404056229163
"planning_cell_by_design","post_production_exploratory_heterogeneity_sensitivity",0.5,"primary","mlma_cr2","all_non_null","J","J<=36","het_tau0.20_omega0.20_rho0.50",0.2,0.2,TRUE,FALSE,NA,NA,34,102,0.210709772911968,0.1253290931898,-0.112135441979538,0.878883576809911,0.809294927277759,0.0436759472761198,1.33189818869932,0.654958279317513,0.76719554529143,0.279970642851155,0.0671980300747314,0.0686213762000039,0.0533129331688448,0.0603291035065982
"planning_cell_by_design","post_production_exploratory_heterogeneity_sensitivity",0.5,"primary","mlma_cr2","all_non_null","J","37-60","het_tau0.20_omega0.20_rho0.50",0.2,0.2,TRUE,FALSE,NA,NA,24,72,0.202859837784918,0.135504383302941,-0.119606468461736,0.90983929473599,0.871998701667046,0.0844609535379014,1.11191026809784,0.760381735709013,0.575787113897429,0.201676695471056,0.068691429409196,0.0772585874771443,0.0530748007742392,0.0700619647112012
"planning_cell_by_design","post_production_exploratory_heterogeneity_sensitivity",0.5,"primary","mlma_cr2","all_non_null","J","61-96","het_tau0.20_omega0.20_rho0.50",0.2,0.2,TRUE,FALSE,NA,NA,30,90,0.22465000932779,0.142925511382757,-0.136452531197961,0.88510460602847,0.852516617217878,0.164905252679527,0.930985836749857,0.726784582632614,0.798620404385834,0.215871373096744,0.0649394659762134,0.0683431326569271,0.0586022897402813,0.0577038447282723
"planning_cell_by_design","post_production_exploratory_heterogeneity_sensitivity",0.5,"primary","mlma_cr2","all_non_null","J","J>96","het_tau0.20_omega0.20_rho0.50",0.2,0.2,TRUE,FALSE,NA,NA,12,36,0.218678409555802,0.165207328711198,-0.165207328711198,0.951596324022169,0.902089418085314,0.213632425655175,0.89864619711803,0.8137653182215,0.554282759406055,0.328179190567889,0.0957065393806601,0.0529249588521295,0.0928366828684376,0.035020712345858
"planning_cell_by_design","post_production_exploratory_heterogeneity_sensitivity",0.5,"primary","mlma_cr2","all_non_null","tau_true","tau<0.05","het_tau0.20_omega0.20_rho0.50",0.2,0.2,TRUE,FALSE,NA,NA,9,27,0.411063663680589,0.338947779226149,-0.338947779226149,0.906451685714486,0.75450127746088,0.304201282371028,1.12776313573013,0.569272177690099,0.798620404385834,0.506437557852099,0.161260492330475,0.066497883673977,0.161260492330475,0.0641789266865492
"planning_cell_by_design","post_production_exploratory_heterogeneity_sensitivity",0.5,"primary","mlma_cr2","all_non_null","tau_true","[0.05,0.10)","het_tau0.20_omega0.20_rho0.50",0.2,0.2,TRUE,FALSE,NA,NA,22,66,0.310159657971523,0.251703177360802,-0.251703177360802,0.944243807178211,0.841260175209001,0.265012396576196,0.962573161340115,0.707718682392679,0.743939417245283,0.487223053985563,0.123107763182631,0.0756154624345972,0.123107763182631,0.0573361012319193
"planning_cell_by_design","post_production_exploratory_heterogeneity_sensitivity",0.5,"primary","mlma_cr2","all_non_null","tau_true","[0.10,0.15)","het_tau0.20_omega0.20_rho0.50",0.2,0.2,TRUE,FALSE,NA,NA,25,75,0.175228511369642,0.138973157252876,-0.138506310278626,0.981848959543996,0.948905464881498,0.115303723301183,1.06297531963781,0.900421581281973,0.362646103111175,0.340119533277319,0.073994518084824,0.0737377859363775,0.073994518084824,0.0684605119582895
"planning_cell_by_design","post_production_exploratory_heterogeneity_sensitivity",0.5,"primary","mlma_cr2","all_non_null","tau_true","tau>=0.15","het_tau0.20_omega0.20_rho0.50",0.2,0.2,TRUE,FALSE,NA,NA,44,132,0.0640154603226251,0.0391186092601361,-0.0161037836118302,0.977264811665055,0.975402845739141,0.00648083259631903,1.03214976423054,0.951410711476016,0.326760050792564,0.113867758631608,0.0231911728887075,0.0628922863897407,-0.00115987136728658,0.0530346180921188
"planning_cell_by_design","post_production_exploratory_heterogeneity_sensitivity",0.5,"primary","mlma_cr2","all_non_null","omega_true","omega<0.05","het_tau0.20_omega0.20_rho0.50",0.2,0.2,TRUE,FALSE,NA,NA,8,24,0.228754033884689,0.141259677614481,-0.135141466919447,0.911067644933817,0.846221882444668,0.134644199445346,1.00148333770512,0.716091474328198,0.743939417245283,0.256677954252852,0.0614287752718957,0.158767445836864,0.0504342267998437,0.158767445836864
"planning_cell_by_design","post_production_exploratory_heterogeneity_sensitivity",0.5,"primary","mlma_cr2","all_non_null","omega_true","[0.05,0.10)","het_tau0.20_omega0.20_rho0.50",0.2,0.2,TRUE,FALSE,NA,NA,23,69,0.277442355794295,0.200296748216084,-0.192188600218504,0.854814843164138,0.805200502720647,0.193249926670232,0.996899451434459,0.648347849581583,0.798620404385834,0.3210484842452,0.0794555426921782,0.122622487332619,0.0648562435559022,0.122622487332619
"planning_cell_by_design","post_production_exploratory_heterogeneity_sensitivity",0.5,"primary","mlma_cr2","all_non_null","omega_true","[0.10,0.15)","het_tau0.20_omega0.20_rho0.50",0.2,0.2,TRUE,FALSE,NA,NA,20,60,0.235149715648287,0.160708672988568,-0.157606548092078,0.918212256441161,0.871536868576995,0.126736896252947,1.09787251410374,0.759576513288994,0.76719554529143,0.334344422551793,0.0769292790297098,0.0740569966450596,0.0748637654116289,0.0740569966450596
"planning_cell_by_design","post_production_exploratory_heterogeneity_sensitivity",0.5,"primary","mlma_cr2","all_non_null","omega_true","omega>=0.15","het_tau0.20_omega0.20_rho0.50",0.2,0.2,TRUE,FALSE,NA,NA,49,147,0.162262834227779,0.0986218686547706,-0.0837882377272745,0.927476031448427,0.903817129043454,0.0688083606413812,1.04648923464412,0.816885402752352,0.761383736772573,0.189028251031413,0.0647448268474783,0.0265536666926251,0.0523694103782668,0.00637640518459797
"planning_cell_by_design","post_production_exploratory_heterogeneity_sensitivity",0.5,"primary","mlma_cr2","all_non_null","I_C_star_primary","I_C*<2000","het_tau0.20_omega0.20_rho0.50",0.2,0.2,TRUE,FALSE,NA,NA,6,18,0.0787072779244194,0.0381336776967009,-0.0299297650632558,0.917440660474716,0.888832071432741,0.00273229330372317,1.19492398622308,0.790022451207418,0.306340578553657,0.157573468112403,0.0620049759558655,0.0693037406595733,0.0485544240247982,0.0668589818952993
"planning_cell_by_design","post_production_exploratory_heterogeneity_sensitivity",0.5,"primary","mlma_cr2","all_non_null","I_C_star_primary","[2000,8000)","het_tau0.20_omega0.20_rho0.50",0.2,0.2,TRUE,FALSE,NA,NA,28,84,0.189705588763388,0.116330356878598,-0.107409275546093,0.893489926090918,0.862087138506267,0.0642253265648383,1.17045346605684,0.743194234377924,0.665196452275174,0.243790914710235,0.0675505716659598,0.060528993671945,0.0577229386434046,0.049506210031676
"planning_cell_by_design","post_production_exploratory_heterogeneity_sensitivity",0.5,"primary","mlma_cr2","all_non_null","I_C_star_primary","[8000,20000)","het_tau0.20_omega0.20_rho0.50",0.2,0.2,TRUE,FALSE,NA,NA,35,105,0.215524852537106,0.146469309749163,-0.138726030294326,0.920279394118767,0.876899558174753,0.112814639286174,1.07912910547424,0.768952835127077,0.76719554529143,0.316831633520983,0.0735136680793516,0.0698397216701813,0.0658398034876711,0.0585306988863208
"planning_cell_by_design","post_production_exploratory_heterogeneity_sensitivity",0.5,"primary","mlma_cr2","all_non_null","I_C_star_primary","I_C*>=20000","het_tau0.20_omega0.20_rho0.50",0.2,0.2,TRUE,FALSE,NA,NA,31,93,0.248508622666783,0.166808701733524,-0.152154025318956,0.835593941065902,0.81886958304293,0.200014334476839,0.888109261965823,0.670547394032902,0.798620404385834,0.210974380077519,0.0707601785502103,0.0747645758373134,0.0563413511199854,0.0660689783552155
"planning_cell_by_design","post_production_exploratory_heterogeneity_sensitivity",0.5,"primary","mlma_cr2","all_non_null","nu_C_star_primary","nu_C*<5","het_tau0.20_omega0.20_rho0.50",0.2,0.2,TRUE,FALSE,NA,NA,17,51,0.181468327036503,0.0917627507256141,-0.0811739924508223,0.910859728506787,0.837179356888151,0.0162172923500579,1.38920554197344,0.700869275599658,0.798620404385834,0.22039819409937,0.0551152828012231,0.070617749170383,0.0488414421004948,0.0650222194680485
"planning_cell_by_design","post_production_exploratory_heterogeneity_sensitivity",0.5,"primary","mlma_cr2","all_non_null","nu_C_star_primary","[5,10)","het_tau0.20_omega0.20_rho0.50",0.2,0.2,TRUE,FALSE,NA,NA,21,63,0.202628072948784,0.131062858957434,-0.126872095491464,0.884741857538291,0.864306313733287,0.0530209596926288,1.30452894811045,0.747025403959222,0.665196452275174,0.273326265623034,0.0703458143950722,0.078950051426117,0.0638496787679975,0.0648986974215091
"planning_cell_by_design","post_production_exploratory_heterogeneity_sensitivity",0.5,"primary","mlma_cr2","all_non_null","nu_C_star_primary","[10,20)","het_tau0.20_omega0.20_rho0.50",0.2,0.2,TRUE,FALSE,NA,NA,24,72,0.246789590962431,0.155711225291112,-0.138023817868494,0.831141268076139,0.779549240063897,0.128705078149495,1.02990632134631,0.607697017684199,0.76719554529143,0.227024121263443,0.0716050181645647,0.0620323295809164,0.0502779315721758,0.049466864898893
"planning_cell_by_design","post_production_exploratory_heterogeneity_sensitivity",0.5,"primary","mlma_cr2","all_non_null","nu_C_star_primary","nu_C*>=20","het_tau0.20_omega0.20_rho0.50",0.2,0.2,TRUE,FALSE,NA,NA,38,114,0.211592275368137,0.150899774902964,-0.142167911711331,0.913116131853476,0.885089133100148,0.177664144062403,0.921776463910426,0.783382773531971,0.743939417245283,0.25490647111429,0.0762433535355008,0.0664604644841579,0.0679138343521994,0.0586469849449917
"planning_cell_by_design","post_production_exploratory_heterogeneity_sensitivity",0.5,"primary","mlma_cr2","all_non_null","n_cv","n_cv<=0.3","het_tau0.20_omega0.20_rho0.50",0.2,0.2,TRUE,FALSE,NA,NA,23,69,0.251782964822454,0.18267541899893,-0.174355083713708,0.896959955625113,0.851690819055463,0.161056363049469,1.03932064081404,0.725377251263365,0.665196452275174,0.325726426404193,0.083559897460671,0.0780050147350285,0.0745117132963976,0.0648260875451455
"planning_cell_by_design","post_production_exploratory_heterogeneity_sensitivity",0.5,"primary","mlma_cr2","all_non_null","n_cv","0.3<n_cv<=0.6","het_tau0.20_omega0.20_rho0.50",0.2,0.2,TRUE,FALSE,NA,NA,15,45,0.186564460339762,0.121976975607192,-0.112883169409392,0.926380974842949,0.891784373764704,0.11070336007432,1.00584828852769,0.795279369290905,0.601247903795736,0.197032509691454,0.0610024936170976,0.0546355901796216,0.0523729916909903,0.0373303575354629
"planning_cell_by_design","post_production_exploratory_heterogeneity_sensitivity",0.5,"primary","mlma_cr2","all_non_null","n_cv","n_cv>0.6","het_tau0.20_omega0.20_rho0.50",0.2,0.2,TRUE,FALSE,NA,NA,62,186,0.204974565666056,0.125038038429962,-0.113803382004887,0.906175532950553,0.861350476296958,0.0965051725217138,1.05562092188082,0.741924643016997,0.798620404385834,0.212501581810373,0.0676302376510322,0.0686947932997578,0.055793218576938,0.0618239546084088
"planning_cell_by_design","post_production_exploratory_heterogeneity_sensitivity",0.5,"primary","mlma_cr2","all_non_null","alignment_pattern","independent","het_tau0.20_omega0.20_rho0.50",0.2,0.2,TRUE,FALSE,NA,NA,24,72,0.26371454432283,0.181258549173809,-0.17460625286991,0.850383066326488,0.813525428455255,0.160288944932138,1.04569732376607,0.661823622743307,0.798620404385834,0.341747238687614,0.0789945695601685,0.0935419231923855,0.0666021506633843,0.0935419231923855
"planning_cell_by_design","post_production_exploratory_heterogeneity_sensitivity",0.5,"primary","mlma_cr2","all_non_null","alignment_pattern","n_majority","het_tau0.20_omega0.20_rho0.50",0.2,0.2,TRUE,FALSE,NA,NA,20,60,0.120923161880724,0.0791794207566404,-0.0723781472880586,0.950888453668505,0.957914573772165,0.0449311048088283,1.08369505398073,0.917600330645109,0.409516660980325,0.161995591052293,0.0575473560063459,0.0541270773802477,0.048248519374634,0.0447851044880867
"planning_cell_by_design","post_production_exploratory_heterogeneity_sensitivity",0.5,"primary","mlma_cr2","all_non_null","alignment_pattern","n_minority","het_tau0.20_omega0.20_rho0.50",0.2,0.2,TRUE,FALSE,NA,NA,20,60,0.158027504410797,0.100373642478898,-0.0782306832003244,0.929702695193109,0.90849314916849,0.0677438489165198,1.02993998197627,0.82535980208608,0.575787113897429,0.195204530070721,0.0514030009165028,0.0652231347329332,0.033128061299838,0.0526384485747492
"planning_cell_by_design","post_production_exploratory_heterogeneity_sensitivity",0.5,"primary","mlma_cr2","all_non_null","alignment_pattern","nk_majority","het_tau0.20_omega0.20_rho0.50",0.2,0.2,TRUE,FALSE,NA,NA,18,54,0.191395651251621,0.132022174189581,-0.124967679743018,0.929178578235182,0.894521387260764,0.0897325877077378,1.12254758992655,0.800168512266921,0.558039670790321,0.272607437609207,0.0737164385628356,0.0630034260651673,0.068290950933109,0.0514008348433451
"planning_cell_by_design","post_production_exploratory_heterogeneity_sensitivity",0.5,"primary","mlma_cr2","all_non_null","alignment_pattern","nk_minority","het_tau0.20_omega0.20_rho0.50",0.2,0.2,TRUE,FALSE,NA,NA,18,54,0.285258473169946,0.192549004080346,-0.183726624268853,0.867664921050959,0.795373801818024,0.194026108672883,0.971001255035621,0.632619484618457,0.76719554529143,0.337798439047367,0.0904565043435464,0.0614807948961711,0.0835179714858628,0.0425193509576363
"planning_cell_by_design","post_production_exploratory_heterogeneity_sensitivity",0.5,"primary","mlma_cr2","all_non_null","nk_mode","independent","het_tau0.20_omega0.20_rho0.50",0.2,0.2,TRUE,FALSE,NA,NA,39,117,0.197992370846243,0.127030792710335,-0.108086481784198,0.899236452564711,0.869455878517953,0.0960904791188671,1.03525402220564,0.755953524689426,0.743939417245283,0.22039819409937,0.0649049464732823,0.0724432310029814,0.0485109573168312,0.0595843156257105
"planning_cell_by_design","post_production_exploratory_heterogeneity_sensitivity",0.5,"primary","mlma_cr2","all_non_null","nk_mode","negative","het_tau0.20_omega0.20_rho0.50",0.2,0.2,TRUE,FALSE,NA,NA,30,90,0.200331223306752,0.133003608454868,-0.127847209226472,0.92094432191721,0.893279001693597,0.110843581215765,1.05146236515268,0.797947374866709,0.665196452275174,0.288571290999321,0.0701929391981995,0.071633040970723,0.0626249895268586,0.065621123796686
"planning_cell_by_design","post_production_exploratory_heterogeneity_sensitivity",0.5,"primary","mlma_cr2","all_non_null","nk_mode","positive","het_tau0.20_omega0.20_rho0.50",0.2,0.2,TRUE,FALSE,NA,NA,31,93,0.244438727088539,0.156104467238445,-0.151885002725204,0.878538500454447,0.826535017768733,0.131983723708293,1.0651539174191,0.683160135597959,0.798620404385834,0.240735883396926,0.0771906029616742,0.0612402947724838,0.0705763487674187,0.0513425335157531
"abs_tau_misspec_by_design","post_production_exploratory_heterogeneity_sensitivity",0.5,"primary","mlma_cr2","all_non_null","all","all",NA,NA,NA,NA,NA,"abs_tau_plan_minus_true","[0.10,0.15)",98,1500,0.305216387119325,0.236057075096278,0.0964219535622561,0.698587375120105,0.64577497441798,0.11004840286494,0.623299250162889,0.417025317584542,0.814769136192344,0.573373867996907,0.124108866090322,0.0829619004551824,-0.0499145616704785,-0.0413595943770837
"abs_tau_misspec_by_design","post_production_exploratory_heterogeneity_sensitivity",0.5,"primary","mlma_cr2","all_non_null","scenario_set","broad",NA,NA,NA,NA,NA,"abs_tau_plan_minus_true","[0.10,0.15)",80,1200,0.306790040887182,0.238479555696213,0.100096230719405,0.697276193696712,0.643998655563618,0.108766731227093,0.62271342252701,0.414734268367747,0.78254599061844,0.579204042077878,0.124166681736933,0.084053022342727,-0.0480850910509704,-0.0398353342263144
"abs_tau_misspec_by_design","post_production_exploratory_heterogeneity_sensitivity",0.5,"primary","mlma_cr2","all_non_null","scenario_set","targeted",NA,NA,NA,NA,NA,"abs_tau_plan_minus_true","[0.10,0.15)",18,300,0.29883891660999,0.226367152696538,0.0817248449336588,0.709283765888649,0.652932124288168,0.114505971400764,0.627036579353971,0.426320358927459,0.814769136192344,0.552809670609084,0.123877603503875,0.0785974129050039,-0.0572324441485106,-0.0474566349801608
"abs_tau_misspec_by_design","post_production_exploratory_heterogeneity_sensitivity",0.5,"primary","mlma_cr2","all_non_null","beta1_true","0.05",NA,NA,NA,NA,NA,"abs_tau_plan_minus_true","[0.10,0.15)",98,500,0.261151268532949,0.185118567709101,0.0863705774139944,0.354402362389158,0.129986920143328,0.149564565997319,0.077861835988497,0.016896599408348,0.756980528707185,0.771749675171428,0.124108866090322,0.0829619004551824,-0.0499145616704785,-0.0413595943770837
"abs_tau_misspec_by_design","post_production_exploratory_heterogeneity_sensitivity",0.5,"primary","mlma_cr2","all_non_null","beta1_true","0.1",NA,NA,NA,NA,NA,"abs_tau_plan_minus_true","[0.10,0.15)",98,500,0.371710184435472,0.321161205237833,0.115540459618544,0.353212274999215,0.259899241241862,0.297234660613138,0.236256162502532,0.0675476155980959,0.78254599061844,0.653254484001911,0.124108866090322,0.0829619004551824,-0.0499145616704785,-0.0413595943770837
"abs_tau_misspec_by_design","post_production_exploratory_heterogeneity_sensitivity",0.5,"primary","mlma_cr2","all_non_null","beta1_true","0.2",NA,NA,NA,NA,NA,"abs_tau_plan_minus_true","[0.10,0.15)",98,500,0.270375077677472,0.2018914523419,0.0873548236542296,0.36943177077686,0.468349423602404,0.279966390053358,0.566831033368898,0.219351182588704,0.814769136192344,0.211657946391994,0.124108866090322,0.0829619004551824,-0.0499145616704785,-0.0413595943770837
"abs_tau_misspec_by_design","post_production_exploratory_heterogeneity_sensitivity",0.5,"primary","mlma_cr2","all_non_null","J","J<=36",NA,NA,NA,NA,NA,"abs_tau_plan_minus_true","[0.10,0.15)",34,540,0.303006685448717,0.232686151533421,0.088626797695646,0.647854422131102,0.56512194059155,0.116143333633355,0.510701309293191,0.319362807737959,0.814769136192344,0.615756501459734,0.126787221702108,0.0821470021054,-0.0524266742294244,-0.0363558466882128
"abs_tau_misspec_by_design","post_production_exploratory_heterogeneity_sensitivity",0.5,"primary","mlma_cr2","all_non_null","J","37-60",NA,NA,NA,NA,NA,"abs_tau_plan_minus_true","[0.10,0.15)",24,360,0.300041015525064,0.240049670882051,0.102406288800865,0.698530652989817,0.651231920168775,0.100309355010946,0.62184404851577,0.424103013846709,0.760998238479325,0.62134661544019,0.121845799871272,0.0763689013001523,-0.0510918658924275,-0.0299380352887988
"abs_tau_misspec_by_design","post_production_exploratory_heterogeneity_sensitivity",0.5,"primary","mlma_cr2","all_non_null","J","61-96",NA,NA,NA,NA,NA,"abs_tau_plan_minus_true","[0.10,0.15)",28,420,0.336713570329478,0.26089461864523,0.136925220364998,0.662357807076937,0.581080333515528,0.138120420719506,0.594731422994472,0.337654353998518,0.760005604189064,0.539592961769636,0.124601025997335,0.0854449127592666,-0.0657832609925558,-0.0474601663625654
"abs_tau_misspec_by_design","post_production_exploratory_heterogeneity_sensitivity",0.5,"primary","mlma_cr2","all_non_null","J","J>96",NA,NA,NA,NA,NA,"abs_tau_plan_minus_true","[0.10,0.15)",12,180,0.237226155263099,0.180230385932415,0.0133311281451365,0.760051827808567,0.733253146224544,0.165069797788811,0.72818045694255,0.537660176448193,0.726890131688589,0.347806513064459,0.119451558576698,0.0927988984383934,-0.00299665046489572,-0.064979287654142
"abs_tau_misspec_by_design","post_production_exploratory_heterogeneity_sensitivity",0.5,"primary","mlma_cr2","all_non_null","tau_true","tau<0.05",NA,NA,NA,NA,NA,"abs_tau_plan_minus_true","[0.10,0.15)",9,135,0.306789825436271,0.228169792209827,-0.226176463504258,0.901834026585679,0.80996221900813,0.254003400422316,0.927671815961914,0.656038796220574,0.744590372208781,0.333277002711348,0.111260492330475,0.0762211146250574,0.111260492330475,-0.0358210733134508
"abs_tau_misspec_by_design","post_production_exploratory_heterogeneity_sensitivity",0.5,"primary","mlma_cr2","all_non_null","tau_true","[0.05,0.10)",NA,NA,NA,NA,NA,"abs_tau_plan_minus_true","[0.10,0.15)",22,360,0.275256507329789,0.212888676932372,-0.196971626351632,0.892569424040282,0.826525899840514,0.245070803768004,0.88078470801558,0.683145063107171,0.743939417245283,0.405312631156818,0.121182116250745,0.0845540905107351,0.104515449584079,-0.0374419072040739
"abs_tau_misspec_by_design","post_production_exploratory_heterogeneity_sensitivity",0.5,"primary","mlma_cr2","all_non_null","tau_true","[0.10,0.15)",NA,NA,NA,NA,NA,"abs_tau_plan_minus_true","[0.10,0.15)",23,345,0.313814916911198,0.23187547746473,0.230234235153455,0.900147008008578,0.787026789698625,-0.106107984801658,0.828804076870976,0.619411167703324,0.760998238479325,0.496635596439299,0.123919002081713,0.079839135948733,-0.123919002081713,-0.0368907478714245
"abs_tau_misspec_by_design","post_production_exploratory_heterogeneity_sensitivity",0.5,"primary","mlma_cr2","all_non_null","tau_true","tau>=0.15",NA,NA,NA,NA,NA,"abs_tau_plan_minus_true","[0.10,0.15)",44,660,0.315695530826608,0.252493526174401,0.252493526174401,0.939835994690646,0.835725333659043,-0.0680324080937503,0.675195154264342,0.698436833319518,0.814769136192344,0.977179353678502,0.128432598640014,0.0851045844275959,-0.128432598640014,-0.0469653819078812
"abs_tau_misspec_by_design","post_production_exploratory_heterogeneity_sensitivity",0.5,"primary","mlma_cr2","all_non_null","omega_true","omega<0.05",NA,NA,NA,NA,NA,"abs_tau_plan_minus_true","[0.10,0.15)",8,120,0.296965938802212,0.214709523093948,0.107317086622579,0.751758043066974,0.679040058939005,0.0762986061372337,0.682157557235785,0.461095401643887,0.743939417245283,0.486272069815236,0.124221695900618,0.0752604675021183,-0.0870657732001563,0.0587674458368638
"abs_tau_misspec_by_design","post_production_exploratory_heterogeneity_sensitivity",0.5,"primary","mlma_cr2","all_non_null","omega_true","[0.05,0.10)",NA,NA,NA,NA,NA,"abs_tau_plan_minus_true","[0.10,0.15)",21,345,0.314762141052592,0.254688966381988,-0.00467240023553284,0.599393036225714,0.567510834067654,0.231039837521453,0.564047809956842,0.322068546784165,0.744590372208781,0.584650461551075,0.121948351299185,0.0643505844230455,-0.0199263651397499,0.0217529221152274
"abs_tau_misspec_by_design","post_production_exploratory_heterogeneity_sensitivity",0.5,"primary","mlma_cr2","all_non_null","omega_true","[0.10,0.15)",NA,NA,NA,NA,NA,"abs_tau_plan_minus_true","[0.10,0.15)",20,300,0.324786012694094,0.250784135682218,0.115141308409096,0.695671652092289,0.628548325030406,0.105028228940424,0.625660440376476,0.395072996898528,0.755522150758286,0.581860091326223,0.127573985890651,0.0651886006709881,-0.0551362345883711,-0.0259430033549404
"abs_tau_misspec_by_design","post_production_exploratory_heterogeneity_sensitivity",0.5,"primary","mlma_cr2","all_non_null","omega_true","omega>=0.15",NA,NA,NA,NA,NA,"abs_tau_plan_minus_true","[0.10,0.15)",49,735,0.293526946236978,0.22478576294788,0.134455055111843,0.765681316368909,0.704964171496312,0.0564785490609394,0.646723975566391,0.496974483093481,0.814769136192344,0.562556009322159,0.123690229472101,0.100209609190847,-0.0557938549278556,-0.093623594815402
"abs_tau_misspec_by_design","post_production_exploratory_heterogeneity_sensitivity",0.5,"primary","mlma_cr2","all_non_null","I_C_star_primary","I_C*<2000",NA,NA,NA,NA,NA,"abs_tau_plan_minus_true","[0.10,0.15)",6,90,0.114154368678032,0.0762775733761136,0.0668412103570914,0.913524768139571,0.94745040110403,0.016949733834673,0.645403752898852,0.897662262552187,0.326510597687226,0.413060776373979,0.129647372904476,0.0788783265546468,-0.0931122426418685,-0.0331410181047007
"abs_tau_misspec_by_design","post_production_exploratory_heterogeneity_sensitivity",0.5,"primary","mlma_cr2","all_non_null","I_C_star_primary","[2000,8000)",NA,NA,NA,NA,NA,"abs_tau_plan_minus_true","[0.10,0.15)",28,420,0.26316971295986,0.203547259300417,0.0776675068004381,0.705997933130224,0.676966638470146,0.0861472060708843,0.626355695824182,0.458283829601569,0.757453160678598,0.592693047862511,0.125413468083169,0.0854445536086448,-0.0458484899280239,-0.050493789968324
"abs_tau_misspec_by_design","post_production_exploratory_heterogeneity_sensitivity",0.5,"primary","mlma_cr2","all_non_null","I_C_star_primary","[8000,20000)",NA,NA,NA,NA,NA,"abs_tau_plan_minus_true","[0.10,0.15)",34,540,0.31626222922938,0.248940957475142,0.104478857119023,0.665721717995224,0.61986529470386,0.117648457231927,0.609838848084829,0.384232983578302,0.814769136192344,0.571851198958887,0.122152505160426,0.0828177934927924,-0.0457113021647642,-0.0400395983049659
"abs_tau_misspec_by_design","post_production_exploratory_heterogeneity_sensitivity",0.5,"primary","mlma_cr2","all_non_null","I_C_star_primary","I_C*>=20000",NA,NA,NA,NA,NA,"abs_tau_plan_minus_true","[0.10,0.15)",30,450,0.351069789994727,0.282894811328479,0.110173968246199,0.541990048469517,0.497012974238776,0.224472477395079,0.513145055938277,0.247021896561675,0.78254599061844,0.589319024635237,0.124131169316708,0.081634400646926,-0.0501139371760151,-0.0360620556996106
"abs_tau_misspec_by_design","post_production_exploratory_heterogeneity_sensitivity",0.5,"primary","mlma_cr2","all_non_null","nu_C_star_primary","nu_C*<5",NA,NA,NA,NA,NA,"abs_tau_plan_minus_true","[0.10,0.15)",17,270,0.261655773182501,0.179597896737171,0.0822931141099363,0.719084258519177,0.629784852716802,0.0564882266757312,0.594052262646148,0.396628960711524,0.814769136192344,0.611493521422672,0.124514518331119,0.0771536927930267,-0.0733164157939771,-0.0319234593912875
"abs_tau_misspec_by_design","post_production_exploratory_heterogeneity_sensitivity",0.5,"primary","mlma_cr2","all_non_null","nu_C_star_primary","[5,10)",NA,NA,NA,NA,NA,"abs_tau_plan_minus_true","[0.10,0.15)",21,315,0.293344337414972,0.223495469367377,0.0955273989695305,0.675222551758822,0.61980754347381,0.120457499870056,0.535425335235815,0.384161390947039,0.760005604189064,0.573451341668507,0.125922719223943,0.084250485812397,-0.0409122259939073,-0.0351013025784909
"abs_tau_misspec_by_design","post_production_exploratory_heterogeneity_sensitivity",0.5,"primary","mlma_cr2","all_non_null","nu_C_star_primary","[10,20)",NA,NA,NA,NA,NA,"abs_tau_plan_minus_true","[0.10,0.15)",24,360,0.322004112915287,0.265464954411972,0.0918604467450987,0.59543525270848,0.564580619311993,0.151586854877184,0.550405487176975,0.318751275702714,0.78254599061844,0.648165062218177,0.125136373964085,0.0876049065864781,-0.0497220684278242,-0.050533135101107
"abs_tau_misspec_by_design","post_production_exploratory_heterogeneity_sensitivity",0.5,"primary","mlma_cr2","all_non_null","nu_C_star_primary","nu_C*>=20",NA,NA,NA,NA,NA,"abs_tau_plan_minus_true","[0.10,0.15)",36,555,0.319958123751332,0.251577881236661,0.106761978432547,0.622113525946457,0.575355204354894,0.17516865487196,0.597208775294985,0.331033611178262,0.760998238479325,0.497942660487379,0.122215545952194,0.0820444760839986,-0.0437641701247682,-0.0435517451916301
"abs_tau_misspec_by_design","post_production_exploratory_heterogeneity_sensitivity",0.5,"primary","mlma_cr2","all_non_null","n_cv","n_cv<=0.3",NA,NA,NA,NA,NA,"abs_tau_plan_minus_true","[0.10,0.15)",21,330,0.319689456270596,0.253844469991968,0.0159503936510631,0.613105554424397,0.577401767551736,0.205824368955885,0.573570847188382,0.333392801171869,0.757453160678598,0.575021985458406,0.118765513482096,0.0840826340654563,-0.00164684519012976,-0.0385909084755297
"abs_tau_misspec_by_design","post_production_exploratory_heterogeneity_sensitivity",0.5,"primary","mlma_cr2","all_non_null","n_cv","0.3<n_cv<=0.6",NA,NA,NA,NA,NA,"abs_tau_plan_minus_true","[0.10,0.15)",15,225,0.316040558320417,0.253557412357128,0.177548721818631,0.74080565279672,0.683898533826363,0.0336049251722489,0.681593717162829,0.467717204569849,0.755427040704553,0.605814269782112,0.121949961717384,0.0896753113915181,-0.0742936749756764,-0.0626696424645371
"abs_tau_misspec_by_design","post_production_exploratory_heterogeneity_sensitivity",0.5,"primary","mlma_cr2","all_non_null","n_cv","n_cv>0.6",NA,NA,NA,NA,NA,"abs_tau_plan_minus_true","[0.10,0.15)",62,945,0.297317373935135,0.225678856895993,0.105207236009885,0.733448178034967,0.670180321888933,0.0857397593231109,0.640058769221339,0.449141663847154,0.814769136192344,0.564202415370123,0.126488823597862,0.0809721019873878,-0.0609654039401563,-0.0372526160996612
"abs_tau_misspec_by_design","post_production_exploratory_heterogeneity_sensitivity",0.5,"primary","mlma_cr2","all_non_null","alignment_pattern","independent",NA,NA,NA,NA,NA,"abs_tau_plan_minus_true","[0.10,0.15)",22,360,0.328546489969715,0.264815986056079,0.0535519770535417,0.575673488755372,0.545656065517274,0.191682182712266,0.538456906152395,0.297740541835791,0.78254599061844,0.58224365492338,0.120772533500645,0.071474205986601,-0.0354811826699491,-0.00729141014094786
"abs_tau_misspec_by_design","post_production_exploratory_heterogeneity_sensitivity",0.5,"primary","mlma_cr2","all_non_null","alignment_pattern","n_majority",NA,NA,NA,NA,NA,"abs_tau_plan_minus_true","[0.10,0.15)",20,300,0.230113180739525,0.164955690488921,0.123087061869182,0.893766622028728,0.842171780475678,-0.00273446166373421,0.770058913216211,0.709253307829574,0.685773159223254,0.451702185912713,0.123234459235799,0.082944053854763,-0.0692514806253661,-0.0552148955119133
"abs_tau_misspec_by_design","post_production_exploratory_heterogeneity_sensitivity",0.5,"primary","mlma_cr2","all_non_null","alignment_pattern","n_minority",NA,NA,NA,NA,NA,"abs_tau_plan_minus_true","[0.10,0.15)",20,300,0.340131843674875,0.272698953970531,0.198643358380438,0.750775691012796,0.665561569648675,0.0329925387605102,0.630644824694558,0.442972202993208,0.814769136192344,0.759940827293595,0.126974171901817,0.0864206121013569,-0.089371938700162,-0.0473615514252509
"abs_tau_misspec_by_design","post_production_exploratory_heterogeneity_sensitivity",0.5,"primary","mlma_cr2","all_non_null","alignment_pattern","nk_majority",NA,NA,NA,NA,NA,"abs_tau_plan_minus_true","[0.10,0.15)",18,270,0.262715136911045,0.198313800991894,0.0907571947092479,0.772075298181776,0.729720064049625,0.0790267280949734,0.662622798370493,0.532491371876589,0.702474614699738,0.539849495985457,0.12292124313098,0.0860628653181943,-0.0511534935113354,-0.0485991651566549
"abs_tau_misspec_by_design","post_production_exploratory_heterogeneity_sensitivity",0.5,"primary","mlma_cr2","all_non_null","alignment_pattern","nk_minority",NA,NA,NA,NA,NA,"abs_tau_plan_minus_true","[0.10,0.15)",18,270,0.342368861621923,0.273743474291043,0.016039444287874,0.563855986732606,0.526291784127626,0.231931051213677,0.553154845822917,0.276983042040239,0.760005604189064,0.58931972437319,0.127532822550375,0.0913546781661067,-0.00259313962524827,-0.0574806490423637
"abs_tau_misspec_by_design","post_production_exploratory_heterogeneity_sensitivity",0.5,"primary","mlma_cr2","all_non_null","nk_mode","independent",NA,NA,NA,NA,NA,"abs_tau_plan_minus_true","[0.10,0.15)",37,585,0.31571379391183,0.246397704856029,0.130453753553519,0.718125886115208,0.649038632505189,0.0895484232799152,0.615770107136925,0.421251146484206,0.760005604189064,0.605814269782112,0.123538490672233,0.0836438976229637,-0.0630275042216303,-0.0409285048871101
"abs_tau_misspec_by_design","post_production_exploratory_heterogeneity_sensitivity",0.5,"primary","mlma_cr2","all_non_null","nk_mode","negative",NA,NA,NA,NA,NA,"abs_tau_plan_minus_true","[0.10,0.15)",30,450,0.291272345014148,0.223712768997228,0.0927970252197561,0.72644264663327,0.685083075543573,0.0937592916614582,0.661454993552082,0.469338820396241,0.814769136192344,0.537776405433672,0.123324784344431,0.0807051046498554,-0.0507083438064748,-0.034378876203314
"abs_tau_misspec_by_design","post_production_exploratory_heterogeneity_sensitivity",0.5,"primary","mlma_cr2","all_non_null","nk_mode","positive",NA,NA,NA,NA,NA,"abs_tau_plan_minus_true","[0.10,0.15)",31,465,0.30496875252595,0.234993998397607,0.0571157487434088,0.670449317957908,0.611936832838321,0.144641675405748,0.607819925157913,0.374466687384195,0.78254599061844,0.531731192821067,0.125585223951037,0.0842878999589353,-0.0326494576841942,-0.0486574664842469
"abs_tau_misspec_by_design","post_production_exploratory_heterogeneity_sensitivity",0.5,"primary","mlma_cr2","all_non_null","all","all",NA,NA,NA,NA,NA,"abs_tau_plan_minus_true","[0.15,Inf)",55,1125,0.430082279314495,0.353978953322261,0.278455019383403,0.660652703987277,0.500665854795139,0.0787755454252985,0.431442219873833,0.250666298157748,0.920935287727202,1.15234906436708,0.188508023263557,0.0844403250103437,-0.149805505104243,-0.0433150743757001
"abs_tau_misspec_by_design","post_production_exploratory_heterogeneity_sensitivity",0.5,"primary","mlma_cr2","all_non_null","scenario_set","broad",NA,NA,NA,NA,NA,"abs_tau_plan_minus_true","[0.15,Inf)",43,915,0.435031191538479,0.361830750221368,0.288247747125378,0.660143756549035,0.497620596488169,0.0732393449318524,0.434090343904269,0.247626258049241,0.920935287727202,1.25085967782062,0.188297129382478,0.084021903774288,-0.151415397008031,-0.0384688180246023
"abs_tau_misspec_by_design","post_production_exploratory_heterogeneity_sensitivity",0.5,"primary","mlma_cr2","all_non_null","scenario_set","targeted",NA,NA,NA,NA,NA,"abs_tau_plan_minus_true","[0.15,Inf)",12,210,0.407818861158411,0.319767552547585,0.235786705650513,0.687024310159253,0.517202566363703,0.0974175440651547,0.428198345404875,0.2674984946532,0.898006614750978,0.775832737047329,0.189426918031116,0.0862634461103008,-0.14279097609488,-0.0644309056197693
"abs_tau_misspec_by_design","post_production_exploratory_heterogeneity_sensitivity",0.5,"primary","mlma_cr2","all_non_null","beta1_true","0.05",NA,NA,NA,NA,NA,"abs_tau_plan_minus_true","[0.15,Inf)",55,375,0.376318544562068,0.284234451124655,0.23181518854272,0.374556702918266,0.0141504888519295,0.121146957224161,0.00523659398997559,0.000200236334748585,0.920935287727202,1.85931921042555,0.188508023263557,0.0844403250103437,-0.149805505104243,-0.0433150743757001
"abs_tau_misspec_by_design","post_production_exploratory_heterogeneity_sensitivity",0.5,"primary","mlma_cr2","all_non_null","beta1_true","0.1",NA,NA,NA,NA,NA,"abs_tau_plan_minus_true","[0.15,Inf)",55,375,0.525999571556986,0.466073467353016,0.356849100933516,0.388108833065526,0.0631766351669749,0.265550106941525,0.0460250021621465,0.00399128723102106,0.892233869995943,1.76215843976837,0.188508023263557,0.0844403250103437,-0.149805505104243,-0.0433150743757001
"abs_tau_misspec_by_design","post_production_exploratory_heterogeneity_sensitivity",0.5,"primary","mlma_cr2","all_non_null","beta1_true","0.2",NA,NA,NA,NA,NA,"abs_tau_plan_minus_true","[0.15,Inf)",55,375,0.3696229222892,0.311628941489113,0.246700768673974,0.403061918357189,0.376752673405505,0.219283897681068,0.469073928417496,0.141942576918196,0.884172289426045,0.564455569461827,0.188508023263557,0.0844403250103437,-0.149805505104243,-0.0433150743757001
"abs_tau_misspec_by_design","post_production_exploratory_heterogeneity_sensitivity",0.5,"primary","mlma_cr2","all_non_null","J","J<=36",NA,NA,NA,NA,NA,"abs_tau_plan_minus_true","[0.15,Inf)",21,420,0.430216087295608,0.351488054491944,0.269541334025434,0.626611117952508,0.422055268844614,0.103130004299597,0.305433771075589,0.1781306499595,0.919426425540983,1.20728904449337,0.19286463751208,0.0831845243130852,-0.157792425823612,-0.0349037855590036
"abs_tau_misspec_by_design","post_production_exploratory_heterogeneity_sensitivity",0.5,"primary","mlma_cr2","all_non_null","J","37-60",NA,NA,NA,NA,NA,"abs_tau_plan_minus_true","[0.15,Inf)",12,300,0.450281781945368,0.37921848439273,0.377241850659875,0.850302002516147,0.694653602477117,-0.0497573575859629,0.501802192558393,0.482543627434437,0.920935287727202,1.5406060762237,0.191482007599113,0.0874317676275228,-0.17552146852033,-0.0511733239211402
"abs_tau_misspec_by_design","post_production_exploratory_heterogeneity_sensitivity",0.5,"primary","mlma_cr2","all_non_null","J","61-96",NA,NA,NA,NA,NA,"abs_tau_plan_minus_true","[0.15,Inf)",18,330,0.423376998269945,0.344271415320246,0.242631766986895,0.615467324065204,0.44768988819613,0.152543443348161,0.444801697010303,0.200426235993063,0.879066857201763,0.810847079849395,0.183190663323886,0.0848251441560606,-0.138643292308129,-0.0466977698646184
"abs_tau_misspec_by_design","post_production_exploratory_heterogeneity_sensitivity",0.5,"primary","mlma_cr2","all_non_null","J","J>96",NA,NA,NA,NA,NA,"abs_tau_plan_minus_true","[0.15,Inf)",4,75,0.371986922452,0.309683029699032,0.0908466428267807,0.42862221613334,0.414105617663818,0.294789072022323,0.414640248694569,0.171483462580732,0.81455133735266,0.567359589770183,0.175611429864156,0.0778138342051207,-0.0513286317143239,-0.0441014334161997
"abs_tau_misspec_by_design","post_production_exploratory_heterogeneity_sensitivity",0.5,"primary","mlma_cr2","all_non_null","tau_true","tau<0.05",NA,NA,NA,NA,NA,"abs_tau_plan_minus_true","[0.15,Inf)",9,135,0.389747621666695,0.314683058078575,-0.314683058078575,0.896945772335662,0.7575062699699,0.295847448239895,1.06358548541998,0.573815749043711,0.798620404385834,0.486986359849122,0.161260492330475,0.0762211146250574,0.161260492330475,-0.0358210733134508
"abs_tau_misspec_by_design","post_production_exploratory_heterogeneity_sensitivity",0.5,"primary","mlma_cr2","all_non_null","tau_true","[0.10,0.15)",NA,NA,NA,NA,NA,"abs_tau_plan_minus_true","[0.15,Inf)",2,30,0.306342793256771,0.221977925951831,0.221977925951831,0.878712705079358,0.732919689676203,-0.283355959816492,1.07068154960487,0.537171271515062,0.743589853182854,0.372459605369458,0.15,0.066,-0.15,0.03
"abs_tau_misspec_by_design","post_production_exploratory_heterogeneity_sensitivity",0.5,"primary","mlma_cr2","all_non_null","tau_true","tau>=0.15",NA,NA,NA,NA,NA,"abs_tau_plan_minus_true","[0.15,Inf)",44,960,0.438712370754818,0.363629970696231,0.363629970696231,0.858426654291017,0.69382325204899,-0.0627368624279798,0.549228873898672,0.481390705083836,0.920935287727202,1.4259852814725,0.193543083028007,0.0861724116273478,-0.193543083028007,-0.0466600143493196
"abs_tau_misspec_by_design","post_production_exploratory_heterogeneity_sensitivity",0.5,"primary","mlma_cr2","all_non_null","omega_true","omega<0.05",NA,NA,NA,NA,NA,"abs_tau_plan_minus_true","[0.15,Inf)",4,90,0.425413745826613,0.344348695542131,0.344348695542131,0.815349728904198,0.687721550952721,-0.0407646162566072,0.538944113524059,0.472960931644816,0.919426425540983,1.10708582880613,0.187208708794594,0.0745341010065516,-0.187208708794594,0.0575568350109194
"abs_tau_misspec_by_design","post_production_exploratory_heterogeneity_sensitivity",0.5,"primary","mlma_cr2","all_non_null","omega_true","[0.05,0.10)",NA,NA,NA,NA,NA,"abs_tau_plan_minus_true","[0.15,Inf)",12,255,0.444685463765215,0.379888001313291,0.272847025826174,0.573645381975433,0.407890654959966,0.143534127371397,0.401676249842353,0.16637478640367,0.872169928662966,1.21840620919471,0.189455599211321,0.0654700490510529,-0.151912574251073,0.0273502452552647
"abs_tau_misspec_by_design","post_production_exploratory_heterogeneity_sensitivity",0.5,"primary","mlma_cr2","all_non_null","omega_true","[0.10,0.15)",NA,NA,NA,NA,NA,"abs_tau_plan_minus_true","[0.15,Inf)",9,150,0.432572687515372,0.348464990365027,0.181431979106931,0.499054783784558,0.39476546746205,0.191853846889389,0.390817563876723,0.155839774300531,0.892233869995943,0.858602227244115,0.179968341962062,0.0642182976891566,-0.0841080204321421,-0.0210914884457831
"abs_tau_misspec_by_design","post_production_exploratory_heterogeneity_sensitivity",0.5,"primary","mlma_cr2","all_non_null","omega_true","omega>=0.15",NA,NA,NA,NA,NA,"abs_tau_plan_minus_true","[0.15,Inf)",30,630,0.424098128363641,0.346180557141443,0.294412263104481,0.707957918213971,0.551293265586352,0.0508906595719838,0.424822879805304,0.303924264680864,0.920935287727202,1.16929928456336,0.190343354423479,0.0983487133089762,-0.159251587225262,-0.091619306502969
"abs_tau_misspec_by_design","post_production_exploratory_heterogeneity_sensitivity",0.5,"primary","mlma_cr2","all_non_null","I_C_star_primary","I_C*<2000",NA,NA,NA,NA,NA,"abs_tau_plan_minus_true","[0.15,Inf)",4,75,0.109887390330503,0.0748296680587328,0.0669231331273116,0.892131159485898,0.935009214684997,0.0190529135590072,0.541660184198883,0.874242231545854,0.349665489908305,0.519566214408029,0.194586141110468,0.08913634768849,-0.130743984795339,-0.076133137512661
"abs_tau_misspec_by_design","post_production_exploratory_heterogeneity_sensitivity",0.5,"primary","mlma_cr2","all_non_null","I_C_star_primary","[2000,8000)",NA,NA,NA,NA,NA,"abs_tau_plan_minus_true","[0.15,Inf)",15,330,0.33985412042476,0.280149988169024,0.238739981181756,0.77913597985587,0.68306168677982,0.0237760453405927,0.484494903142983,0.466573267946493,0.795109073933303,1.09252091276739,0.186974306768772,0.089865964784299,-0.157995032103386,-0.0555138392384687
"abs_tau_misspec_by_design","post_production_exploratory_heterogeneity_sensitivity",0.5,"primary","mlma_cr2","all_non_null","I_C_star_primary","[8000,20000)",NA,NA,NA,NA,NA,"abs_tau_plan_minus_true","[0.15,Inf)",19,345,0.454044214702077,0.385283192762986,0.270964326201366,0.506112726004186,0.383425736539732,0.138337533551692,0.364342646653321,0.147015295441036,0.892233869995943,1.34957346914086,0.184762837300553,0.0822886338659253,-0.12857399082484,-0.0395150976341658
"abs_tau_misspec_by_design","post_production_exploratory_heterogeneity_sensitivity",0.5,"primary","mlma_cr2","all_non_null","I_C_star_primary","I_C*>=20000",NA,NA,NA,NA,NA,"abs_tau_plan_minus_true","[0.15,Inf)",17,375,0.51107031986697,0.445978399424349,0.362602067979546,0.558554042660891,0.277085180373618,0.185924058137198,0.320198207948423,0.0767761971826803,0.920935287727202,1.56003612259771,0.192087641295549,0.0807061133264987,-0.165944018543828,-0.0295125272712832
"abs_tau_misspec_by_design","post_production_exploratory_heterogeneity_sensitivity",0.5,"primary","mlma_cr2","all_non_null","nu_C_star_primary","nu_C*<5",NA,NA,NA,NA,NA,"abs_tau_plan_minus_true","[0.15,Inf)",12,225,0.33633727928963,0.23635979530287,0.163034923207415,0.656017907371513,0.406147136515907,0.0818592602716146,0.30768621177685,0.164955496500071,0.892233869995943,0.917214006650944,0.185414910530194,0.0858125340674413,-0.142324926742527,-0.046244865112224
"abs_tau_misspec_by_design","post_production_exploratory_heterogeneity_sensitivity",0.5,"primary","mlma_cr2","all_non_null","nu_C_star_primary","[5,10)",NA,NA,NA,NA,NA,"abs_tau_plan_minus_true","[0.15,Inf)",10,210,0.450307565932686,0.379418511015825,0.368585369786279,0.74685570582884,0.647191616814803,0.0054395385779177,0.412915431873966,0.418856988875359,0.920935287727202,1.36286583291193,0.185193956779952,0.0867490216903588,-0.161875985811835,-0.0383234834420561
"abs_tau_misspec_by_design","post_production_exploratory_heterogeneity_sensitivity",0.5,"primary","mlma_cr2","all_non_null","nu_C_star_primary","[10,20)",NA,NA,NA,NA,NA,"abs_tau_plan_minus_true","[0.15,Inf)",18,390,0.435848185444445,0.37816060605152,0.231571023514141,0.465573954325579,0.339218774401403,0.197182445861591,0.301189109818265,0.11506937690639,0.878462119744914,1.03078844076286,0.192722638973662,0.0888300329545472,-0.130256756373896,-0.055423636056973
"abs_tau_misspec_by_design","post_production_exploratory_heterogeneity_sensitivity",0.5,"primary","mlma_cr2","all_non_null","nu_C_star_primary","nu_C*>=20",NA,NA,NA,NA,NA,"abs_tau_plan_minus_true","[0.15,Inf)",15,300,0.468936814890045,0.392949482903275,0.362878040863423,0.70775694167424,0.483867105950723,-0.0868590647554217,0.674233002327486,0.234127376221129,0.919426425540983,1.2656194777408,0.187668703928965,0.0760884602140454,-0.172379975729666,-0.0288707147912034
"abs_tau_misspec_by_design","post_production_exploratory_heterogeneity_sensitivity",0.5,"primary","mlma_cr2","all_non_null","n_cv","n_cv<=0.3",NA,NA,NA,NA,NA,"abs_tau_plan_minus_true","[0.15,Inf)",11,225,0.430897213271592,0.356822353735173,0.283876891444422,0.653349763647997,0.511834711108154,0.0496312540425588,0.490132435749108,0.261974771495168,0.892233869995943,1.35915557092418,0.182763006980519,0.0881557381157801,-0.141335407597242,-0.0365294407001424
"abs_tau_misspec_by_design","post_production_exploratory_heterogeneity_sensitivity",0.5,"primary","mlma_cr2","all_non_null","n_cv","0.3<n_cv<=0.6",NA,NA,NA,NA,NA,"abs_tau_plan_minus_true","[0.15,Inf)",10,210,0.454887983794152,0.38915775242962,0.298790639862802,0.574032377382234,0.410457805746899,0.131316700944275,0.412002313815783,0.168475610298559,0.920935287727202,1.16455109458119,0.181966271195141,0.09743086751594,-0.135651695656603,-0.0740103502485351
"abs_tau_misspec_by_design","post_production_exploratory_heterogeneity_sensitivity",0.5,"primary","mlma_cr2","all_non_null","n_cv","n_cv>0.6",NA,NA,NA,NA,NA,"abs_tau_plan_minus_true","[0.15,Inf)",34,690,0.421972549803783,0.342345166502768,0.270497915739341,0.687481548545458,0.508281036156975,0.0799352377859638,0.404530526265095,0.258349611716808,0.919426425540983,1.00951773124906,0.192372366159282,0.0792751338873025,-0.156875174557981,-0.0361857405259975
"abs_tau_misspec_by_design","post_production_exploratory_heterogeneity_sensitivity",0.5,"primary","mlma_cr2","all_non_null","alignment_pattern","independent",NA,NA,NA,NA,NA,"abs_tau_plan_minus_true","[0.15,Inf)",14,285,0.448538201877825,0.384739709101696,0.230691876285528,0.443994005566113,0.314491723321029,0.223777686602635,0.296396211867763,0.0989050440374309,0.892233869995943,1.01448692891407,0.185754705026096,0.0715906185753864,-0.118316936775313,-0.00229360445447291
"abs_tau_misspec_by_design","post_production_exploratory_heterogeneity_sensitivity",0.5,"primary","mlma_cr2","all_non_null","alignment_pattern","n_majority",NA,NA,NA,NA,NA,"abs_tau_plan_minus_true","[0.15,Inf)",12,225,0.319181336128739,0.240072946150036,0.237437434506229,0.913020862640811,0.813705764296445,-0.0347891611373038,0.618671061760534,0.662117070849261,0.847144455664705,0.82985724310015,0.188313820690006,0.0804582700449259,-0.167033101918296,-0.0574312876649433
"abs_tau_misspec_by_design","post_production_exploratory_heterogeneity_sensitivity",0.5,"primary","mlma_cr2","all_non_null","alignment_pattern","n_minority",NA,NA,NA,NA,NA,"abs_tau_plan_minus_true","[0.15,Inf)",12,285,0.493131974230648,0.42155682913021,0.42155682913021,0.88158636846935,0.631497773417189,-0.110006036023562,0.586284464185841,0.398789437830868,0.920935287727202,1.75393225119666,0.195684134082912,0.0859500090314025,-0.195684134082912,-0.0434257229486675
"abs_tau_misspec_by_design","post_production_exploratory_heterogeneity_sensitivity",0.5,"primary","mlma_cr2","all_non_null","alignment_pattern","nk_majority",NA,NA,NA,NA,NA,"abs_tau_plan_minus_true","[0.15,Inf)",8,165,0.330922808851083,0.261066223627546,0.247278589335396,0.82700450677514,0.765369717520446,-0.0164319988245729,0.572130145304956,0.585790804497327,0.794844189333064,0.942849526580632,0.18185033481367,0.105779115499721,-0.152172917217884,-0.089268640255439
"abs_tau_misspec_by_design","post_production_exploratory_heterogeneity_sensitivity",0.5,"primary","mlma_cr2","all_non_null","alignment_pattern","nk_minority",NA,NA,NA,NA,NA,"abs_tau_plan_minus_true","[0.15,Inf)",9,165,0.495167565342543,0.432360420055441,0.200888640961223,0.285039100073714,0.135076340209819,0.324616655880595,0.128988337455268,0.0182456176844787,0.919426425540983,1.25949367088605,0.187791164399559,0.0881189209159972,-0.0990903562127973,-0.0487762727030786
"abs_tau_misspec_by_design","post_production_exploratory_heterogeneity_sensitivity",0.5,"primary","mlma_cr2","all_non_null","nk_mode","independent",NA,NA,NA,NA,NA,"abs_tau_plan_minus_true","[0.15,Inf)",22,495,0.441504784794111,0.371942570627808,0.347733817562252,0.804471358919737,0.623231919639484,-0.0292269896893621,0.530392973037893,0.388418025657517,0.898006614750978,1.45733980912913,0.192601802682356,0.0905096042127764,-0.173501704783553,-0.0562553966409441
"abs_tau_misspec_by_design","post_production_exploratory_heterogeneity_sensitivity",0.5,"primary","mlma_cr2","all_non_null","nk_mode","negative",NA,NA,NA,NA,NA,"abs_tau_plan_minus_true","[0.15,Inf)",13,270,0.396261734444563,0.316249040290884,0.288873868426205,0.799405914945911,0.662419215522907,-0.0130745296510429,0.54740203327092,0.438799217093983,0.884172289426045,1.15173803176169,0.187847444524769,0.0738380695679076,-0.170311920815704,-0.00974922527854983
"abs_tau_misspec_by_design","post_production_exploratory_heterogeneity_sensitivity",0.5,"primary","mlma_cr2","all_non_null","nk_mode","positive",NA,NA,NA,NA,NA,"abs_tau_plan_minus_true","[0.15,Inf)",20,360,0.438454355726121,0.357576414300667,0.175382535105385,0.449824514265653,0.306914000634131,0.239031236017854,0.277848944207614,0.0941962037852475,0.920935287727202,0.809609519044086,0.183374510616799,0.0840467576888258,-0.101843418761596,-0.0506965180838524
"abs_tau_misspec_by_design","post_production_exploratory_heterogeneity_sensitivity",0.5,"primary","mlma_cr2","all_non_null","all","all",NA,NA,NA,NA,NA,"abs_tau_plan_minus_true","[0.025,0.05)",91,1365,0.132628652312879,0.0839265866746977,0.0329957978615814,0.941284626744695,0.929868676965296,0.00669656535565612,0.921298782368214,0.864655756401189,0.651400422468371,0.177066877700051,0.0381342390510523,0.0821429322256069,-0.0101978486646261,-0.0402509219160183
"abs_tau_misspec_by_design","post_production_exploratory_heterogeneity_sensitivity",0.5,"primary","mlma_cr2","all_non_null","scenario_set","broad",NA,NA,NA,NA,NA,"abs_tau_plan_minus_true","[0.025,0.05)",71,1065,0.13550276095756,0.0847082450392778,0.0323232559108733,0.938728019739304,0.926287607905094,0.00857063567504293,0.919473587170621,0.85800873255854,0.651400422468371,0.167677659269712,0.0376367374794627,0.0830853320342275,-0.00821627247198262,-0.0385028337289359
"abs_tau_misspec_by_design","post_production_exploratory_heterogeneity_sensitivity",0.5,"primary","mlma_cr2","all_non_null","scenario_set","targeted",NA,NA,NA,NA,NA,"abs_tau_plan_minus_true","[0.025,0.05)",20,300,0.121879414295119,0.0811516994804386,0.0353833217865952,0.951020656876701,0.942449185401107,0.000407059031426366,0.927248572961164,0.88821046706321,0.56373838497393,0.233531702013147,0.0399003696301952,0.0787974129050039,-0.0172324441485106,-0.0464566349801608
"abs_tau_misspec_by_design","post_production_exploratory_heterogeneity_sensitivity",0.5,"primary","mlma_cr2","all_non_null","beta1_true","0.05",NA,NA,NA,NA,NA,"abs_tau_plan_minus_true","[0.025,0.05)",91,455,0.125312517465802,0.0675788221571252,0.029752893220041,0.880693014338938,0.717699880344917,0.0602056171326427,0.571005390977921,0.515093118247108,0.651400422468371,0.208296688292686,0.0381342390510523,0.0821429322256069,-0.0101978486646261,-0.0402509219160183
"abs_tau_misspec_by_design","post_production_exploratory_heterogeneity_sensitivity",0.5,"primary","mlma_cr2","all_non_null","beta1_true","0.1",NA,NA,NA,NA,NA,"abs_tau_plan_minus_true","[0.025,0.05)",91,455,0.151621440086698,0.107385819170483,0.0368988778810264,0.882151769577841,0.868752773941398,0.0451237896244552,0.832231395169856,0.754731382230874,0.612727975553498,0.233151655106322,0.0381342390510523,0.0821429322256069,-0.0101978486646261,-0.0402509219160183
"abs_tau_misspec_by_design","post_production_exploratory_heterogeneity_sensitivity",0.5,"primary","mlma_cr2","all_non_null","beta1_true","0.2",NA,NA,NA,NA,NA,"abs_tau_plan_minus_true","[0.025,0.05)",91,455,0.118654077533855,0.0768151186964855,0.0323356224836768,0.878068499766546,0.902326346524098,-0.0315986264468357,0.999095074823199,0.814192835631526,0.555565972631614,0.0615369300431505,0.0381342390510523,0.0821429322256069,-0.0101978486646261,-0.0402509219160183
"abs_tau_misspec_by_design","post_production_exploratory_heterogeneity_sensitivity",0.5,"primary","mlma_cr2","all_non_null","J","J<=36",NA,NA,NA,NA,NA,"abs_tau_plan_minus_true","[0.025,0.05)",32,480,0.140336900853928,0.0899993259841913,0.0305603678031809,0.917954510082193,0.894040985534749,0.0170635054829226,0.865927387674711,0.799309283815946,0.612727975553498,0.252556272301765,0.0409721127979392,0.0834831090552128,-0.00960262800112108,-0.0412687447727913
"abs_tau_misspec_by_design","post_production_exploratory_heterogeneity_sensitivity",0.5,"primary","mlma_cr2","all_non_null","J","37-60",NA,NA,NA,NA,NA,"abs_tau_plan_minus_true","[0.025,0.05)",20,300,0.110675012384419,0.075541308432638,0.014757279358571,0.95094835490788,0.94664188553707,0.0140287475699578,0.941823973324529,0.89613085945318,0.441953075079018,0.156641977092059,0.035346783366613,0.0707650014811172,-0.00721392283500756,-0.0208993344859452
"abs_tau_misspec_by_design","post_production_exploratory_heterogeneity_sensitivity",0.5,"primary","mlma_cr2","all_non_null","J","61-96",NA,NA,NA,NA,NA,"abs_tau_plan_minus_true","[0.025,0.05)",28,420,0.138172188862161,0.087155377971826,0.0409575316971846,0.929069887820282,0.923486394685069,-0.000956693502864248,0.933196459847812,0.852827121168427,0.59819110196548,0.150871263798647,0.0373319031681001,0.0834159866590431,-0.0145607503299835,-0.0406985873998388
"abs_tau_misspec_by_design","post_production_exploratory_heterogeneity_sensitivity",0.5,"primary","mlma_cr2","all_non_null","J","J>96",NA,NA,NA,NA,NA,"abs_tau_plan_minus_true","[0.025,0.05)",11,165,0.131756583398816,0.0732876549126803,0.052975396455412,0.929809735912298,0.925654305923033,-0.0285322871396917,0.96581967153019,0.856835894073852,0.651400422468371,0.0593723397067932,0.0369890170975123,0.0956908806079882,-0.00624915150049215,-0.0713351749739959
"abs_tau_misspec_by_design","post_production_exploratory_heterogeneity_sensitivity",0.5,"primary","mlma_cr2","all_non_null","tau_true","tau<0.05",NA,NA,NA,NA,NA,"abs_tau_plan_minus_true","[0.025,0.05)",9,135,0.195302358875798,0.114774915293701,0.0745776859122557,0.875687806302071,0.865949237550752,0.00712160696627448,0.88081547328795,0.749868082014729,0.651400422468371,0.0823529582747146,0.0387395076695248,0.0762211146250574,-0.0387395076695248,-0.0358210733134508
"abs_tau_misspec_by_design","post_production_exploratory_heterogeneity_sensitivity",0.5,"primary","mlma_cr2","all_non_null","tau_true","[0.05,0.10)",NA,NA,NA,NA,NA,"abs_tau_plan_minus_true","[0.025,0.05)",22,330,0.177488164655228,0.116595195001601,0.0214515339757125,0.877864637182753,0.860808744789095,0.0638240706983949,0.864375168640814,0.740991695105378,0.612727975553498,0.153568889060896,0.0377030092967113,0.0864226441935292,0.00265321772808569,-0.0426638987680807
"abs_tau_misspec_by_design","post_production_exploratory_heterogeneity_sensitivity",0.5,"primary","mlma_cr2","all_non_null","tau_true","[0.10,0.15)",NA,NA,NA,NA,NA,"abs_tau_plan_minus_true","[0.025,0.05)",25,375,0.102344333039668,0.0675641039910363,0.02020072705549,0.955404599003498,0.955274380468086,0.00507855017368679,0.952045054342796,0.912549141978686,0.441953075079018,0.128330717442601,0.037833712224192,0.0787320050728344,0.00199451808482404,-0.0315394880417105
"abs_tau_misspec_by_design","post_production_exploratory_heterogeneity_sensitivity",0.5,"primary","mlma_cr2","all_non_null","tau_true","tau>=0.15",NA,NA,NA,NA,NA,"abs_tau_plan_minus_true","[0.025,0.05)",35,525,0.092971804111271,0.0671470931412303,0.038699043095448,0.964951778348746,0.95900058528954,-0.00901384642885454,0.918282976165966,0.919682122585681,0.331114595631608,0.233151655106322,0.0384643192710738,0.0834119571950346,-0.0196452114741069,-0.0460957503027449
"abs_tau_misspec_by_design","post_production_exploratory_heterogeneity_sensitivity",0.5,"primary","mlma_cr2","all_non_null","omega_true","omega<0.05",NA,NA,NA,NA,NA,"abs_tau_plan_minus_true","[0.025,0.05)",7,105,0.135844032186341,0.0750169486247362,-0.0416735218467413,0.942240006197636,0.929280992873881,0.0612554898681059,0.958353352793215,0.863563163716667,0.59819110196548,0.136631423130465,0.0398117034561999,0.0759472344881506,0.00867667920574819,0.0599120574802509
"abs_tau_misspec_by_design","post_production_exploratory_heterogeneity_sensitivity",0.5,"primary","mlma_cr2","all_non_null","omega_true","[0.05,0.10)",NA,NA,NA,NA,NA,"abs_tau_plan_minus_true","[0.025,0.05)",21,315,0.131741593667123,0.0916017178125223,-0.00638489710456459,0.937880986595618,0.924182233296372,0.0515985727317358,0.917494654155324,0.854112800340669,0.479888353685724,0.16909528954539,0.0394470994881454,0.0645666187247616,-0.0107751774041293,0.0228330936238081
"abs_tau_misspec_by_design","post_production_exploratory_heterogeneity_sensitivity",0.5,"primary","mlma_cr2","all_non_null","omega_true","[0.10,0.15)",NA,NA,NA,NA,NA,"abs_tau_plan_minus_true","[0.025,0.05)",19,285,0.101370632165619,0.0685149001580918,0.0169297686749849,0.957606829897523,0.95930566143333,-0.00573109541405361,0.977161750946452,0.920267352058038,0.349663024186684,0.1683117648379,0.0379501558521144,0.0654549180727495,-0.0122141871361375,-0.0272745903637474
"abs_tau_misspec_by_design","post_production_exploratory_heterogeneity_sensitivity",0.5,"primary","mlma_cr2","all_non_null","omega_true","omega>=0.15",NA,NA,NA,NA,NA,"abs_tau_plan_minus_true","[0.025,0.05)",44,660,0.143956322712438,0.0883359447717643,0.07060794301596,0.949014981104418,0.931948422853185,-0.0145386871352205,0.886723683138011,0.868527862858539,0.651400422468371,0.198975504486461,0.0373202677047984,0.0987234944207033,-0.012054379587452,-0.0918976374070043
"abs_tau_misspec_by_design","post_production_exploratory_heterogeneity_sensitivity",0.5,"primary","mlma_cr2","all_non_null","I_C_star_primary","I_C*<2000",NA,NA,NA,NA,NA,"abs_tau_plan_minus_true","[0.025,0.05)",6,90,0.071066968400748,0.043893547677175,0.0191325296601167,0.959029949930217,0.918191455081314,0.0169783801580528,0.808522521562585,0.84307554818434,0.262576989145916,0.225556342937121,0.0411805976742665,0.0788783265546468,-0.0264455759752018,-0.0331410181047007
"abs_tau_misspec_by_design","post_production_exploratory_heterogeneity_sensitivity",0.5,"primary","mlma_cr2","all_non_null","I_C_star_primary","[2000,8000)",NA,NA,NA,NA,NA,"abs_tau_plan_minus_true","[0.025,0.05)",23,345,0.135588573927696,0.0872246857579147,0.0377215402539552,0.913135545230325,0.914448271156558,0.0103838519685945,0.88739290761666,0.836215640621217,0.555565972631614,0.190055433350046,0.0379392392984896,0.0825447162665872,-0.0117210780701894,-0.050112745817695
"abs_tau_misspec_by_design","post_production_exploratory_heterogeneity_sensitivity",0.5,"primary","mlma_cr2","all_non_null","I_C_star_primary","[8000,20000)",NA,NA,NA,NA,NA,"abs_tau_plan_minus_true","[0.025,0.05)",34,510,0.140101589725141,0.0900680689419779,0.0421936952347573,0.936745244629537,0.924364678707962,0.00222955215500043,0.913821818882257,0.854450059242875,0.651400422468371,0.19464586516386,0.0395742560933731,0.0835407513782139,-0.0113777332699478,-0.0407745247306867
"abs_tau_misspec_by_design","post_production_exploratory_heterogeneity_sensitivity",0.5,"primary","mlma_cr2","all_non_null","I_C_star_primary","I_C*>=20000",NA,NA,NA,NA,NA,"abs_tau_plan_minus_true","[0.025,0.05)",28,420,0.130959934699848,0.0823384280312556,0.0209157629864461,0.926897141184889,0.924924062570023,0.0234999775675668,0.928574511689394,0.855484521521036,0.59819110196548,0.142676306909373,0.0358930341628646,0.080815101864699,-0.0040322516370424,-0.0330378853956832
"abs_tau_misspec_by_design","post_production_exploratory_heterogeneity_sensitivity",0.5,"primary","mlma_cr2","all_non_null","nu_C_star_primary","nu_C*<5",NA,NA,NA,NA,NA,"abs_tau_plan_minus_true","[0.025,0.05)",15,225,0.0878217630645148,0.0566164792573527,-0.00355092176051456,0.937021549559957,0.953204569623928,-0.013425908737535,1.06573875383863,0.908598951551938,0.479888353685724,0.236135365001734,0.0410083594842504,0.0742723763665045,-0.01044796627524,-0.0336766471466205
"abs_tau_misspec_by_design","post_production_exploratory_heterogeneity_sensitivity",0.5,"primary","mlma_cr2","all_non_null","nu_C_star_primary","[5,10)",NA,NA,NA,NA,NA,"abs_tau_plan_minus_true","[0.025,0.05)",18,270,0.161979066963766,0.109931077583843,0.0321817310115493,0.879039560194515,0.86572300782743,0.036249587276106,0.838770372278567,0.749476326281772,0.612727975553498,0.253117224726166,0.0403140759217366,0.0828852403697804,-0.00738574840419143,-0.032046051284059
"abs_tau_misspec_by_design","post_production_exploratory_heterogeneity_sensitivity",0.5,"primary","mlma_cr2","all_non_null","nu_C_star_primary","[10,20)",NA,NA,NA,NA,NA,"abs_tau_plan_minus_true","[0.025,0.05)",21,315,0.152817341026016,0.0958695892356341,0.0776036336675786,0.94734195693649,0.925163321834307,-0.0155748417641118,0.885273981551882,0.855927172067488,0.651400422468371,0.193376550449988,0.0383418879066012,0.0869271340621996,-0.02808200498292,-0.0480992162925042
"abs_tau_misspec_by_design","post_production_exploratory_heterogeneity_sensitivity",0.5,"primary","mlma_cr2","all_non_null","nu_C_star_primary","nu_C*>=20",NA,NA,NA,NA,NA,"abs_tau_plan_minus_true","[0.025,0.05)",37,555,0.11881701980004,0.0755689575156681,0.0228901072049889,0.938465417440401,0.937845781662213,0.0112449837979338,0.945152844041618,0.879554710181608,0.59819110196548,0.119850094324075,0.0357907391554626,0.0822572174343359,-0.00131403130907065,-0.0424532897811543
"abs_tau_misspec_by_design","post_production_exploratory_heterogeneity_sensitivity",0.5,"primary","mlma_cr2","all_non_null","n_cv","n_cv<=0.3",NA,NA,NA,NA,NA,"abs_tau_plan_minus_true","[0.025,0.05)",21,315,0.167036403129675,0.109792457336349,0.0399218951860993,0.898225389970239,0.886832815608488,0.0240452619679051,0.890773376991874,0.786472442840079,0.651400422468371,0.197685820726017,0.0387548552035781,0.0814482318726578,-0.0126528100193884,-0.033555191903364
"abs_tau_misspec_by_design","post_production_exploratory_heterogeneity_sensitivity",0.5,"primary","mlma_cr2","all_non_null","n_cv","0.3<n_cv<=0.6",NA,NA,NA,NA,NA,"abs_tau_plan_minus_true","[0.025,0.05)",12,180,0.129277058092214,0.0840514868576357,0.0497700474504686,0.946706246448103,0.936214933316894,-0.00657840704913313,0.923988473123447,0.876498401365557,0.543841416802325,0.143272452143719,0.0321018532204811,0.0853639760787793,-0.00674750241678955,-0.0571004372064781
"abs_tau_misspec_by_design","post_production_exploratory_heterogeneity_sensitivity",0.5,"primary","mlma_cr2","all_non_null","n_cv","n_cv>0.6",NA,NA,NA,NA,NA,"abs_tau_plan_minus_true","[0.025,0.05)",58,870,0.118485242376268,0.0745355162248712,0.0270175385705207,0.953979738635221,0.942123834293054,0.00334713093045969,0.934231635040164,0.887597319143046,0.59819110196548,0.177364450819679,0.0391576130297387,0.0817280387975701,-0.0100228480874543,-0.0391891313432635
"abs_tau_misspec_by_design","post_production_exploratory_heterogeneity_sensitivity",0.5,"primary","mlma_cr2","all_non_null","alignment_pattern","independent",NA,NA,NA,NA,NA,"abs_tau_plan_minus_true","[0.025,0.05)",21,315,0.147949870418665,0.100527375560901,0.0137526409867543,0.910616986709024,0.907526084710215,0.0352509569561755,0.907213236919808,0.823603594429453,0.543841416802325,0.212388973283723,0.0407687364369853,0.0716112860828893,-0.0141289273890157,-0.0055642987406436
"abs_tau_misspec_by_design","post_production_exploratory_heterogeneity_sensitivity",0.5,"primary","mlma_cr2","all_non_null","alignment_pattern","n_majority",NA,NA,NA,NA,NA,"abs_tau_plan_minus_true","[0.025,0.05)",19,285,0.133579448667829,0.0822748906939031,0.0513783056106233,0.949444699519764,0.933717148038503,-0.00499299051035242,0.89936893323026,0.871827712541156,0.555565972631614,0.194131321491722,0.0389542051601365,0.0831487399060003,-0.0198034560923176,-0.0546950637948865
"abs_tau_misspec_by_design","post_production_exploratory_heterogeneity_sensitivity",0.5,"primary","mlma_cr2","all_non_null","alignment_pattern","n_minority",NA,NA,NA,NA,NA,"abs_tau_plan_minus_true","[0.025,0.05)",17,255,0.108698043241589,0.0768464241555157,0.0504651081767336,0.960832586644527,0.959012314793366,-0.0230901976911959,0.945438867941723,0.91970461992533,0.441953075079018,0.195446339013706,0.0364482592526235,0.0862786512237583,-0.0151105825642248,-0.0509558729449841
"abs_tau_misspec_by_design","post_production_exploratory_heterogeneity_sensitivity",0.5,"primary","mlma_cr2","all_non_null","alignment_pattern","nk_majority",NA,NA,NA,NA,NA,"abs_tau_plan_minus_true","[0.025,0.05)",16,240,0.104093346988558,0.066320348762948,0.00593999812399727,0.954481935043877,0.947200858664771,0.0215446255010929,0.93746609595098,0.897189466655279,0.396459050437046,0.135265520877451,0.0380171690664065,0.0800139055488587,0.00615783308054219,-0.037867242867127
"abs_tau_misspec_by_design","post_production_exploratory_heterogeneity_sensitivity",0.5,"primary","mlma_cr2","all_non_null","alignment_pattern","nk_minority",NA,NA,NA,NA,NA,"abs_tau_plan_minus_true","[0.025,0.05)",18,270,0.154164063025529,0.0886392659213044,0.0435931960606553,0.926014003907247,0.91456744950152,-0.000279998086460884,0.925641279787239,0.836433619687716,0.651400422468371,0.14790992147902,0.0358915154482982,0.0913546781661067,-0.00537091740302605,-0.0574806490423637
"abs_tau_misspec_by_design","post_production_exploratory_heterogeneity_sensitivity",0.5,"primary","mlma_cr2","all_non_null","nk_mode","independent",NA,NA,NA,NA,NA,"abs_tau_plan_minus_true","[0.025,0.05)",35,525,0.118236539862369,0.0791787120886968,0.0194520525118741,0.950569240483837,0.939832497507576,0.00684270776709645,0.945829602122833,0.883285123371327,0.59819110196548,0.187816572407913,0.0397306502300714,0.0816576951837443,-0.00883901054905071,-0.0354733730093858
"abs_tau_misspec_by_design","post_production_exploratory_heterogeneity_sensitivity",0.5,"primary","mlma_cr2","all_non_null","nk_mode","negative",NA,NA,NA,NA,NA,"abs_tau_plan_minus_true","[0.025,0.05)",27,405,0.142576944306066,0.0877647116707928,0.037584101747364,0.923003829580023,0.921553564023213,0.00823819737355965,0.911193767895707,0.849260971363886,0.651400422468371,0.170851827076903,0.0365892562285148,0.0823161330513229,-0.00859110005278596,-0.0415905071475124
"abs_tau_misspec_by_design","post_production_exploratory_heterogeneity_sensitivity",0.5,"primary","mlma_cr2","all_non_null","nk_mode","positive",NA,NA,NA,NA,NA,"abs_tau_plan_minus_true","[0.025,0.05)",29,435,0.139279665677455,0.0860833534200587,0.045069828286534,0.943159874541599,0.927890162569963,0.00284159704252673,0.907212842455968,0.860980153794113,0.612727975553498,0.175786943244543,0.0376459681870123,0.082567307197016,-0.0133337640634132,-0.0447697291740112
"abs_tau_misspec_by_design","post_production_exploratory_heterogeneity_sensitivity",0.5,"primary","mlma_cr2","all_non_null","all","all",NA,NA,NA,NA,NA,"abs_tau_plan_minus_true","[0.05,0.10)",100,2175,0.205694932096368,0.146554064254805,0.0532607064604382,0.858389722341214,0.833795561348082,0.0435914930571762,0.820227811248935,0.695215038123764,0.790976352897989,0.341373888123064,0.0748439915250682,0.0830468161696327,-0.0209187753442025,-0.0405727752527511
"abs_tau_misspec_by_design","post_production_exploratory_heterogeneity_sensitivity",0.5,"primary","mlma_cr2","all_non_null","scenario_set","broad",NA,NA,NA,NA,NA,"abs_tau_plan_minus_true","[0.05,0.10)",80,1755,0.20745256589365,0.146503835785738,0.0545478744184981,0.858696896286309,0.830949401318327,0.0438066561578015,0.815993470447186,0.690476907551286,0.790976352897989,0.330810709900846,0.0742576704806883,0.0848035788810951,-0.0192756649295384,-0.0409762175187874
"abs_tau_misspec_by_design","post_production_exploratory_heterogeneity_sensitivity",0.5,"primary","mlma_cr2","all_non_null","scenario_set","targeted",NA,NA,NA,NA,NA,"abs_tau_plan_minus_true","[0.05,0.10)",20,420,0.198181949936095,0.146763947500547,0.0478821832071165,0.850958845309982,0.845053496802726,0.0431704451771925,0.836365170781831,0.714115412458514,0.691499770108544,0.365691601589726,0.0772939758890841,0.0757060576967363,-0.0277846295769059,-0.0388869629268136
"abs_tau_misspec_by_design","post_production_exploratory_heterogeneity_sensitivity",0.5,"primary","mlma_cr2","all_non_null","beta1_true","0.05",NA,NA,NA,NA,NA,"abs_tau_plan_minus_true","[0.05,0.10)",100,725,0.194439962622025,0.123844952102624,0.0531917258657091,0.690332734601899,0.478837448212584,0.109008300857764,0.319916020497073,0.229285301810739,0.75609995134919,0.441952993394379,0.0748439915250682,0.0830468161696327,-0.0209187753442025,-0.0405727752527511
"abs_tau_misspec_by_design","post_production_exploratory_heterogeneity_sensitivity",0.5,"primary","mlma_cr2","all_non_null","beta1_true","0.1",NA,NA,NA,NA,NA,"abs_tau_plan_minus_true","[0.05,0.10)",100,725,0.243765726633121,0.1991393800844,0.0573116970613062,0.691789290175399,0.650974306359683,0.142239626456598,0.621073275425738,0.423767547540471,0.790976352897989,0.401342291181647,0.0748439915250682,0.0830468161696327,-0.0209187753442025,-0.0405727752527511
"abs_tau_misspec_by_design","post_production_exploratory_heterogeneity_sensitivity",0.5,"primary","mlma_cr2","all_non_null","beta1_true","0.2",NA,NA,NA,NA,NA,"abs_tau_plan_minus_true","[0.05,0.10)",100,725,0.172344384083035,0.116677860577391,0.0492786964542993,0.692353076322723,0.762485241354419,0.041898623283429,0.892874528124397,0.581383743283306,0.571406230380051,0.0823382324070268,0.0748439915250682,0.0830468161696327,-0.0209187753442025,-0.0405727752527511
"abs_tau_misspec_by_design","post_production_exploratory_heterogeneity_sensitivity",0.5,"primary","mlma_cr2","all_non_null","J","J<=36",NA,NA,NA,NA,NA,"abs_tau_plan_minus_true","[0.05,0.10)",34,675,0.207685980713385,0.146894949403741,0.0659414849544286,0.838029159522379,0.788122448959711,0.0423839660066041,0.723918654609756,0.621136994554252,0.790976352897989,0.409761202700111,0.0758702933986257,0.0843752093261196,-0.0298350948634997,-0.0420868782890365
"abs_tau_misspec_by_design","post_production_exploratory_heterogeneity_sensitivity",0.5,"primary","mlma_cr2","all_non_null","J","37-60",NA,NA,NA,NA,NA,"abs_tau_plan_minus_true","[0.05,0.10)",24,540,0.198767037134823,0.144890330959236,0.0455253665084651,0.863872433201958,0.839104082754984,0.049493413462836,0.819068330585504,0.704095661696084,0.702475033964977,0.37111966847287,0.0733955724545214,0.0736808101522254,-0.0202605482235943,-0.0247903991346812
"abs_tau_misspec_by_design","post_production_exploratory_heterogeneity_sensitivity",0.5,"primary","mlma_cr2","all_non_null","J","61-96",NA,NA,NA,NA,NA,"abs_tau_plan_minus_true","[0.05,0.10)",30,660,0.219835195394205,0.160413025414107,0.0550904120201496,0.8204112817676,0.7993749771842,0.068152437517303,0.805215727981094,0.639000354148241,0.689783880068368,0.336354097693679,0.075798567036057,0.0839387107584673,-0.0211083597350742,-0.0400597330918086
"abs_tau_misspec_by_design","post_production_exploratory_heterogeneity_sensitivity",0.5,"primary","mlma_cr2","all_non_null","J","J>96",NA,NA,NA,NA,NA,"abs_tau_plan_minus_true","[0.05,0.10)",12,300,0.17962350931935,0.118292078051257,0.0346272145311464,0.852640435346869,0.849765107451832,0.0706873993492774,0.846444335290395,0.722100737842623,0.754159661106403,0.184965762509922,0.0730419005123724,0.0949545743034343,-0.00162477958296062,-0.066703013187708
"abs_tau_misspec_by_design","post_production_exploratory_heterogeneity_sensitivity",0.5,"primary","mlma_cr2","all_non_null","tau_true","tau<0.05",NA,NA,NA,NA,NA,"abs_tau_plan_minus_true","[0.05,0.10)",9,135,0.208717896716501,0.137244514945423,-0.118586985566739,0.914714576534474,0.877450612018932,0.166210902789546,0.903266545423363,0.769919576532399,0.65865710017634,0.142497793330154,0.0612604923304752,0.0762211146250574,0.0612604923304752,-0.0358210733134508
"abs_tau_misspec_by_design","post_production_exploratory_heterogeneity_sensitivity",0.5,"primary","mlma_cr2","all_non_null","tau_true","[0.05,0.10)",NA,NA,NA,NA,NA,"abs_tau_plan_minus_true","[0.05,0.10)",22,630,0.226178472520701,0.15033259027634,0.0124662071885755,0.792277967470142,0.778670530302445,0.139263106097302,0.756728303647911,0.606327794761491,0.790976352897989,0.23148502829477,0.0738095238095238,0.0874903891551258,-0.00198234333248166,-0.0456478939475131
"abs_tau_misspec_by_design","post_production_exploratory_heterogeneity_sensitivity",0.5,"primary","mlma_cr2","all_non_null","tau_true","[0.10,0.15)",NA,NA,NA,NA,NA,"abs_tau_plan_minus_true","[0.05,0.10)",25,750,0.199566186521931,0.144883325713981,0.0364571232125163,0.855702945626901,0.835408822192898,0.069774175848737,0.804507266548535,0.697907900197726,0.702475033964977,0.302764145520244,0.075,0.0787320050728344,-0.00100548191517595,-0.0315394880417105
"abs_tau_misspec_by_design","post_production_exploratory_heterogeneity_sensitivity",0.5,"primary","mlma_cr2","all_non_null","tau_true","tau>=0.15",NA,NA,NA,NA,NA,"abs_tau_plan_minus_true","[0.05,0.10)",44,660,0.190872738070788,0.146750081934831,0.146446555552686,0.97370502527276,0.934223978756133,-0.0467905767021968,0.784232171470689,0.87277444248294,0.542622005860486,0.55296682185999,0.0784325986400139,0.0851045844275959,-0.0784325986400139,-0.0469653819078812
"abs_tau_misspec_by_design","post_production_exploratory_heterogeneity_sensitivity",0.5,"primary","mlma_cr2","all_non_null","omega_true","omega<0.05",NA,NA,NA,NA,NA,"abs_tau_plan_minus_true","[0.05,0.10)",8,180,0.184548453767094,0.122510207002389,0.00609438956825057,0.895730108011043,0.863832543100597,0.0611075474858057,0.86923463938322,0.746206662519645,0.689783880068368,0.291879015400495,0.0732728382399461,0.0755297590776579,-0.0178148593602624,0.0592162651294299
"abs_tau_misspec_by_design","post_production_exploratory_heterogeneity_sensitivity",0.5,"primary","mlma_cr2","all_non_null","omega_true","[0.05,0.10)",NA,NA,NA,NA,NA,"abs_tau_plan_minus_true","[0.05,0.10)",23,510,0.211047169111655,0.153136963112626,0.0133680649549181,0.828901394820636,0.808063428604307,0.106850917892429,0.790434942405792,0.652966504647748,0.691499770108544,0.33386830806781,0.0736133307801553,0.0643063911599535,-0.0221173815949245,0.0215319557997675
"abs_tau_misspec_by_design","post_production_exploratory_heterogeneity_sensitivity",0.5,"primary","mlma_cr2","all_non_null","omega_true","[0.10,0.15)",NA,NA,NA,NA,NA,"abs_tau_plan_minus_true","[0.05,0.10)",20,465,0.205210596307848,0.150975741283484,0.0329512306101994,0.849558291475577,0.830565834554646,0.0536311495805896,0.833226648923319,0.689839605529455,0.649420723261416,0.355795742386924,0.0751299446270906,0.0653383748382412,-0.0108072359804591,-0.0266918741912062
"abs_tau_misspec_by_design","post_production_exploratory_heterogeneity_sensitivity",0.5,"primary","mlma_cr2","all_non_null","omega_true","omega>=0.15",NA,NA,NA,NA,NA,"abs_tau_plan_minus_true","[0.05,0.10)",49,1020,0.206741784266869,0.145489883930893,0.0907892265376638,0.881091238389668,0.851239798187965,0.00824194052434846,0.814759083381223,0.724609194019087,0.790976352897989,0.348517764715362,0.0756062232689771,0.101816534062367,-0.025476894455361,-0.0955630292715701
"abs_tau_misspec_by_design","post_production_exploratory_heterogeneity_sensitivity",0.5,"primary","mlma_cr2","all_non_null","I_C_star_primary","I_C*<2000",NA,NA,NA,NA,NA,"abs_tau_plan_minus_true","[0.05,0.10)",6,120,0.0979291601994671,0.0622202198074018,0.0223083398603862,0.896301184378678,0.870741874719193,0.032838179035571,0.740794499783327,0.758191412389494,0.306340578553657,0.314402024392951,0.0790723812198921,0.0760240570632668,-0.0254973304398664,-0.0155451007482407
"abs_tau_misspec_by_design","post_production_exploratory_heterogeneity_sensitivity",0.5,"primary","mlma_cr2","all_non_null","I_C_star_primary","[2000,8000)",NA,NA,NA,NA,NA,"abs_tau_plan_minus_true","[0.05,0.10)",28,615,0.186301892111715,0.133301558325303,0.0510795839783319,0.861528045416226,0.842282632869692,0.0326956151332071,0.809466814234541,0.7094400336339,0.790976352897989,0.342410874809163,0.0738011679657857,0.0850014774259038,-0.021444185170991,-0.0497498461338833
"abs_tau_misspec_by_design","post_production_exploratory_heterogeneity_sensitivity",0.5,"primary","mlma_cr2","all_non_null","I_C_star_primary","[8000,20000)",NA,NA,NA,NA,NA,"abs_tau_plan_minus_true","[0.05,0.10)",35,750,0.205279302110027,0.148223415458301,0.0630766000506686,0.856759002207012,0.835144557182315,0.0298147149409277,0.832140382034155,0.697466431391246,0.75609995134919,0.33386830806781,0.0743050525511662,0.084382170069538,-0.0213660919449223,-0.0421957429598481
"abs_tau_misspec_by_design","post_production_exploratory_heterogeneity_sensitivity",0.5,"primary","mlma_cr2","all_non_null","I_C_star_primary","I_C*>=20000",NA,NA,NA,NA,NA,"abs_tau_plan_minus_true","[0.05,0.10)",31,690,0.23444031342986,0.171218323787717,0.0499183211355524,0.772588907966718,0.760907882483952,0.108201820037891,0.763232454001997,0.578980805626212,0.754159661106403,0.362947371577121,0.0756238958091354,0.081074495872862,-0.019167991133341,-0.0349817557865513
"abs_tau_misspec_by_design","post_production_exploratory_heterogeneity_sensitivity",0.5,"primary","mlma_cr2","all_non_null","nu_C_star_primary","nu_C*<5",NA,NA,NA,NA,NA,"abs_tau_plan_minus_true","[0.05,0.10)",17,315,0.161792866452269,0.107421003948301,0.0384031445479023,0.871298908443902,0.839329359828527,0.00857572910923201,0.843620203015546,0.704473774270165,0.65865710017634,0.409622724306606,0.0751379053331773,0.0769695252670036,-0.0337068911143551,-0.033922780930461
"abs_tau_misspec_by_design","post_production_exploratory_heterogeneity_sensitivity",0.5,"primary","mlma_cr2","all_non_null","nu_C_star_primary","[5,10)",NA,NA,NA,NA,NA,"abs_tau_plan_minus_true","[0.05,0.10)",21,480,0.210519344093086,0.150414109155802,0.0561643647028321,0.814004330767274,0.791293493481031,0.059253703034755,0.744460249999369,0.626145392825414,0.790976352897989,0.341093934763948,0.0742033115885952,0.0834086106231538,-0.0178205973269597,-0.0331077047105682
"abs_tau_misspec_by_design","post_production_exploratory_heterogeneity_sensitivity",0.5,"primary","mlma_cr2","all_non_null","nu_C_star_primary","[10,20)",NA,NA,NA,NA,NA,"abs_tau_plan_minus_true","[0.05,0.10)",24,450,0.213563022965092,0.158196216095987,0.0592211722522487,0.846265888173122,0.811104413908244,0.0501521827664616,0.792238270599702,0.657890370261436,0.673070571822207,0.391031824331172,0.0751621191402179,0.0869053107673039,-0.0285302885974312,-0.0474134041841025
"abs_tau_misspec_by_design","post_production_exploratory_heterogeneity_sensitivity",0.5,"primary","mlma_cr2","all_non_null","nu_C_star_primary","nu_C*>=20",NA,NA,NA,NA,NA,"abs_tau_plan_minus_true","[0.05,0.10)",38,930,0.212467440192502,0.152183229970437,0.0539103477935404,0.815905367134413,0.803778666212296,0.0739549718366376,0.809264775632092,0.646060144258017,0.754159661106403,0.287929358479877,0.0749211808725255,0.0830515072746714,-0.0145033861148752,-0.043368150578193
"abs_tau_misspec_by_design","post_production_exploratory_heterogeneity_sensitivity",0.5,"primary","mlma_cr2","all_non_null","n_cv","n_cv<=0.3",NA,NA,NA,NA,NA,"abs_tau_plan_minus_true","[0.05,0.10)",23,540,0.225505567391473,0.15832407122891,0.0415516993383584,0.811261034146125,0.792829164761046,0.0820083617940031,0.788151690130765,0.628578084495698,0.790976352897989,0.324803321394818,0.0732608607449624,0.0826888965335415,-0.0154578942304507,-0.033713021022287
"abs_tau_misspec_by_design","post_production_exploratory_heterogeneity_sensitivity",0.5,"primary","mlma_cr2","all_non_null","n_cv","0.3<n_cv<=0.6",NA,NA,NA,NA,NA,"abs_tau_plan_minus_true","[0.05,0.10)",15,300,0.209149554114376,0.155244189242562,0.0800533448753386,0.84616155973771,0.833553270953306,0.0309708016037506,0.808475083547519,0.694811055516955,0.754159661106403,0.354052618485677,0.0716403266143083,0.0869601727817434,-0.022220388726183,-0.0592903798127692
"abs_tau_misspec_by_design","post_production_exploratory_heterogeneity_sensitivity",0.5,"primary","mlma_cr2","all_non_null","n_cv","n_cv>0.6",NA,NA,NA,NA,NA,"abs_tau_plan_minus_true","[0.05,0.10)",62,1335,0.196298288986691,0.139840325481513,0.0519761164390547,0.877900791552388,0.848677282711054,0.0332850524330582,0.833328238026731,0.720253130189819,0.702475033964977,0.345251378582294,0.076204283730675,0.0823121866713975,-0.0228351736863986,-0.0391413040291145
"abs_tau_misspec_by_design","post_production_exploratory_heterogeneity_sensitivity",0.5,"primary","mlma_cr2","all_non_null","alignment_pattern","independent",NA,NA,NA,NA,NA,"abs_tau_plan_minus_true","[0.05,0.10)",24,510,0.210708266669089,0.153733421742604,0.0275228839741183,0.819494839950043,0.814218296085633,0.0750380231575196,0.808130601405814,0.662951433680592,0.691499770108544,0.357761310105397,0.0729597167274829,0.0714554502240427,-0.0177583528290595,-0.00669254663775792
"abs_tau_misspec_by_design","post_production_exploratory_heterogeneity_sensitivity",0.5,"primary","mlma_cr2","all_non_null","alignment_pattern","n_majority",NA,NA,NA,NA,NA,"abs_tau_plan_minus_true","[0.05,0.10)",20,420,0.182469246049334,0.122480679526356,0.0807015448480265,0.901590599768112,0.886780941410022,-0.000616126957078866,0.844931350739155,0.786380438048045,0.790976352897989,0.300333109871445,0.0761328194297488,0.0851092168256087,-0.0341982522341901,-0.056994771451471
"abs_tau_misspec_by_design","post_production_exploratory_heterogeneity_sensitivity",0.5,"primary","mlma_cr2","all_non_null","alignment_pattern","n_minority",NA,NA,NA,NA,NA,"abs_tau_plan_minus_true","[0.05,0.10)",20,420,0.208453678610156,0.155609163222917,0.0893058426009987,0.864065344430384,0.845527214301275,0.0107620954154043,0.817810498313344,0.714916270124074,0.702475033964977,0.373423632078781,0.0762588982645955,0.0875399190826141,-0.0335581570213503,-0.0498235484992743
"abs_tau_misspec_by_design","post_production_exploratory_heterogeneity_sensitivity",0.5,"primary","mlma_cr2","all_non_null","alignment_pattern","nk_majority",NA,NA,NA,NA,NA,"abs_tau_plan_minus_true","[0.05,0.10)",18,420,0.182337279649398,0.13278257476805,0.0357120455059999,0.877717854143057,0.854455425083768,0.0483801231727796,0.824031332920229,0.730094073455083,0.649420723261416,0.317805077333019,0.0732687247958155,0.0821828237928379,-0.0113018952028175,-0.0404423507238658
"abs_tau_misspec_by_design","post_production_exploratory_heterogeneity_sensitivity",0.5,"primary","mlma_cr2","all_non_null","alignment_pattern","nk_minority",NA,NA,NA,NA,NA,"abs_tau_plan_minus_true","[0.05,0.10)",18,405,0.239259812460347,0.167369455081967,0.0380326021815858,0.797207107831714,0.772797132094893,0.0924025523673144,0.789421100925261,0.597215407374091,0.75609995134919,0.312181642230774,0.0760465189879998,0.0917410431610959,-0.00799281125508589,-0.0567484091509638
"abs_tau_misspec_by_design","post_production_exploratory_heterogeneity_sensitivity",0.5,"primary","mlma_cr2","all_non_null","nk_mode","independent",NA,NA,NA,NA,NA,"abs_tau_plan_minus_true","[0.05,0.10)",39,840,0.207173424308127,0.151187056603263,0.059361908806877,0.858889511098752,0.833202063276155,0.0385621241126402,0.821953856490187,0.694225678247642,0.691499770108544,0.374769595139715,0.0747531553565527,0.0816023099113145,-0.0260762832139414,-0.035914085997203
"abs_tau_misspec_by_design","post_production_exploratory_heterogeneity_sensitivity",0.5,"primary","mlma_cr2","all_non_null","nk_mode","negative",NA,NA,NA,NA,NA,"abs_tau_plan_minus_true","[0.05,0.10)",30,705,0.195928840287299,0.137695204998037,0.0469774454059453,0.862363313218195,0.847808288597805,0.0418879154268998,0.835960447421146,0.718778894215139,0.790976352897989,0.309115699882732,0.0748454203484196,0.0820975100850466,-0.0178809638037433,-0.0387090512857923
"abs_tau_misspec_by_design","post_production_exploratory_heterogeneity_sensitivity",0.5,"primary","mlma_cr2","all_non_null","nk_mode","positive",NA,NA,NA,NA,NA,"abs_tau_plan_minus_true","[0.05,0.10)",31,630,0.214209576572546,0.150290226482292,0.0521570383214048,0.851347214633488,0.818667953383486,0.0516676171912945,0.800499321330783,0.670217217897104,0.75609995134919,0.336070808523532,0.0749635074950527,0.0860351432277605,-0.0174415539560169,-0.0488699567946023
"abs_tau_misspec_by_design","post_production_exploratory_heterogeneity_sensitivity",0.5,"primary","mlma_cr2","all_non_null","all","all",NA,NA,NA,NA,NA,"abs_tau_plan_minus_true","[0,0.025)",89,1335,0.100707070261069,0.0598214018339278,0.0244623429072679,0.968426914403767,0.959757885312982,-0.000260431188332616,0.951636551838362,0.921135198420448,0.656835505926372,0.107260288053517,0.011971991235799,0.082639782350227,-0.000215563280706119,-0.0410036052432515
"abs_tau_misspec_by_design","post_production_exploratory_heterogeneity_sensitivity",0.5,"primary","mlma_cr2","all_non_null","scenario_set","broad",NA,NA,NA,NA,NA,"abs_tau_plan_minus_true","[0,0.025)",71,1065,0.105241768753223,0.0634132943951091,0.0279101671300739,0.966425913707419,0.956443134960074,-0.000964946536679108,0.946562589233268,0.914783470412255,0.656835505926372,0.11340000352086,0.0123347758457571,0.0838106157172225,-0.000877208120477409,-0.0404618367389759
"abs_tau_misspec_by_design","post_production_exploratory_heterogeneity_sensitivity",0.5,"primary","mlma_cr2","all_non_null","scenario_set","targeted",NA,NA,NA,NA,NA,"abs_tau_plan_minus_true","[0,0.025)",18,270,0.0803625202299473,0.0456533811759351,0.0108625918061997,0.970179118399947,0.973574472848705,0.00196759740614558,0.973564742162676,0.947847254182634,0.367353848339813,0.0677335287559763,0.01054100749652,0.0780214951804115,0.00239425803172508,-0.0431405810101166
"abs_tau_misspec_by_design","post_production_exploratory_heterogeneity_sensitivity",0.5,"primary","mlma_cr2","all_non_null","beta1_true","0.05",NA,NA,NA,NA,NA,"abs_tau_plan_minus_true","[0,0.025)",89,445,0.100436680206755,0.0537670465381127,0.0206176096716853,0.928656218295163,0.788524211215897,0.0415800852975169,0.693221202219948,0.621770431673652,0.656835505926372,0.168151316268835,0.011971991235799,0.082639782350227,-0.000215563280706119,-0.0410036052432515
"abs_tau_misspec_by_design","post_production_exploratory_heterogeneity_sensitivity",0.5,"primary","mlma_cr2","all_non_null","beta1_true","0.1",NA,NA,NA,NA,NA,"abs_tau_plan_minus_true","[0,0.025)",89,445,0.120321846747401,0.0833852746259767,0.0310822003985906,0.930331769139579,0.917853400742248,0.0258164879456522,0.883746665607464,0.84245486525411,0.544419895658161,0.149690693569195,0.011971991235799,0.082639782350227,-0.000215563280706119,-0.0410036052432515
"abs_tau_misspec_by_design","post_production_exploratory_heterogeneity_sensitivity",0.5,"primary","mlma_cr2","all_non_null","beta1_true","0.2",NA,NA,NA,NA,NA,"abs_tau_plan_minus_true","[0,0.025)",89,445,0.0765563091197864,0.0423118843376941,0.0216872186515278,0.928822094079352,0.961277373756411,-0.0266074716574324,1.00608136300066,0.924054189296023,0.412828853152763,0.0235052288380901,0.011971991235799,0.082639782350227,-0.000215563280706119,-0.0410036052432515
"abs_tau_misspec_by_design","post_production_exploratory_heterogeneity_sensitivity",0.5,"primary","mlma_cr2","all_non_null","J","J<=36",NA,NA,NA,NA,NA,"abs_tau_plan_minus_true","[0,0.025)",29,435,0.0929311356673388,0.0566908427474725,0.023686986151672,0.968581130067665,0.956030217979661,0.000779594600437973,0.931681607795487,0.913993777690238,0.437771936114786,0.142430026920578,0.00948065647813851,0.0824709556196214,0.000641730997151426,-0.0428767783349854
"abs_tau_misspec_by_design","post_production_exploratory_heterogeneity_sensitivity",0.5,"primary","mlma_cr2","all_non_null","J","37-60",NA,NA,NA,NA,NA,"abs_tau_plan_minus_true","[0,0.025)",20,300,0.0855059391010542,0.0543694275824231,0.0180675589615295,0.973515451409032,0.969443441979949,-0.00188579675268721,0.966013633020892,0.939820587197931,0.367353848339813,0.105791524806307,0.014023193814361,0.0757484988580853,-0.00103657812584431,-0.0270071925367228
"abs_tau_misspec_by_design","post_production_exploratory_heterogeneity_sensitivity",0.5,"primary","mlma_cr2","all_non_null","J","61-96",NA,NA,NA,NA,NA,"abs_tau_plan_minus_true","[0,0.025)",28,420,0.0979849073728383,0.0584040305694104,0.0151368743323395,0.962601564457936,0.958991578248082,0.00651760586808388,0.962591152472246,0.919664847150748,0.544419895658161,0.0797723944433298,0.0124915841011492,0.0833830770635271,0.000674858471264244,-0.0387856782982375
"abs_tau_misspec_by_design","post_production_exploratory_heterogeneity_sensitivity",0.5,"primary","mlma_cr2","all_non_null","J","J>96",NA,NA,NA,NA,NA,"abs_tau_plan_minus_true","[0,0.025)",12,180,0.140572096645301,0.0797807429959101,0.0587535216510214,0.934922716700691,0.920055812717559,-0.0213029260924841,0.946632079801177,0.846502698515369,0.656835505926372,0.0767662327547746,0.0133616625833916,0.0927988984383934,-0.00299665046489571,-0.064979287654142
"abs_tau_misspec_by_design","post_production_exploratory_heterogeneity_sensitivity",0.5,"primary","mlma_cr2","all_non_null","tau_true","tau<0.05",NA,NA,NA,NA,NA,"abs_tau_plan_minus_true","[0,0.025)",9,135,0.144666549202183,0.086887581626258,0.00298877717419883,0.919835022861367,0.914501675382964,0.0439467266283733,0.923544964227647,0.836313314278248,0.544419895658161,0.0742131739169002,0.0112604923304752,0.0762211146250574,0.0112604923304752,-0.0358210733134508
"abs_tau_misspec_by_design","post_production_exploratory_heterogeneity_sensitivity",0.5,"primary","mlma_cr2","all_non_null","tau_true","[0.05,0.10)",NA,NA,NA,NA,NA,"abs_tau_plan_minus_true","[0,0.025)",22,330,0.133478602491422,0.0844934429939254,0.0262773127760609,0.925642490440505,0.923058565466566,0.0187988513421124,0.928855579721023,0.852037115281194,0.656835505926372,0.126582966065384,0.0122969907032887,0.0864226441935292,0.00265321772808569,-0.0426638987680807
"abs_tau_misspec_by_design","post_production_exploratory_heterogeneity_sensitivity",0.5,"primary","mlma_cr2","all_non_null","tau_true","[0.10,0.15)",NA,NA,NA,NA,NA,"abs_tau_plan_minus_true","[0,0.025)",25,375,0.0934999453359066,0.0617102020670811,0.0366975193855865,0.968843188075159,0.967691462935168,-0.0106243627997894,0.952039946991276,0.936426767437605,0.300092593319905,0.116636612996046,0.012166287775808,0.0787320050728344,-0.00400548191517596,-0.0315394880417105
"abs_tau_misspec_by_design","post_production_exploratory_heterogeneity_sensitivity",0.5,"primary","mlma_cr2","all_non_null","tau_true","tau>=0.15",NA,NA,NA,NA,NA,"abs_tau_plan_minus_true","[0,0.025)",33,495,0.0560721495107939,0.0345607797284809,0.0198397169232136,0.985165431592193,0.984204569831607,-0.00792569104895554,0.965758596773796,0.968658635277419,0.362862975829082,0.102774557803505,0.011802175731645,0.0848288575292784,-0.00238676682107903,-0.0484799464511452
"abs_tau_misspec_by_design","post_production_exploratory_heterogeneity_sensitivity",0.5,"primary","mlma_cr2","all_non_null","omega_true","omega<0.05",NA,NA,NA,NA,NA,"abs_tau_plan_minus_true","[0,0.025)",7,105,0.0898451874060566,0.0505435243243279,-0.0195196612004384,0.975367632419327,0.968861914647964,0.0278521053546191,0.98260922849728,0.938693409655319,0.47082271291728,0.08205098708427,0.00932803852782981,0.0747346576685036,-0.00140156167921867,0.0578910961141727
"abs_tau_misspec_by_design","post_production_exploratory_heterogeneity_sensitivity",0.5,"primary","mlma_cr2","all_non_null","omega_true","[0.05,0.10)",NA,NA,NA,NA,NA,"abs_tau_plan_minus_true","[0,0.025)",20,300,0.0946028266248132,0.0561012877730191,-0.0190195907285338,0.963735040924042,0.961704871849154,0.0422398799184429,0.9583553961665,0.924876260538398,0.544419895658161,0.0774206524321061,0.011975142540806,0.0642473320196936,-0.00112210654373047,0.0212366600984678
"abs_tau_misspec_by_design","post_production_exploratory_heterogeneity_sensitivity",0.5,"primary","mlma_cr2","all_non_null","omega_true","[0.10,0.15)",NA,NA,NA,NA,NA,"abs_tau_plan_minus_true","[0,0.025)",20,300,0.0813545875187589,0.0500567912665029,0.0134335548605831,0.979378412197323,0.973912005197814,-0.00145409996656027,0.975373558780231,0.948504593868426,0.325677738079646,0.0889393985002098,0.0124801087495317,0.0651886006709881,-0.000136234588371088,-0.0259430033549404
"abs_tau_misspec_by_design","post_production_exploratory_heterogeneity_sensitivity",0.5,"primary","mlma_cr2","all_non_null","omega_true","omega>=0.15",NA,NA,NA,NA,NA,"abs_tau_plan_minus_true","[0,0.025)",42,630,0.112837849086885,0.0677890121942582,0.0577501634406887,0.973850098099005,0.959604418084916,-0.0180924711516131,0.917960342546106,0.92084063920809,0.656835505926372,0.141332649841072,0.0121691886782036,0.101025699325644,0.000376014819374222,-0.0942959922456939
"abs_tau_misspec_by_design","post_production_exploratory_heterogeneity_sensitivity",0.5,"primary","mlma_cr2","all_non_null","I_C_star_primary","I_C*<2000",NA,NA,NA,NA,NA,"abs_tau_plan_minus_true","[0,0.025)",5,75,0.0397615267243325,0.0221230966253989,0.00603780667812565,0.972204645948026,0.971455308191445,0.00542417153333326,0.939901407345036,0.943725415813334,0.21538018864808,0.100273203324448,0.00865361394952062,0.0731871366070118,0.00633563998839822,-0.0183023664670764
"abs_tau_misspec_by_design","post_production_exploratory_heterogeneity_sensitivity",0.5,"primary","mlma_cr2","all_non_null","I_C_star_primary","[2000,8000)",NA,NA,NA,NA,NA,"abs_tau_plan_minus_true","[0,0.025)",26,390,0.0878054373214255,0.0552404344758028,0.0252376829560393,0.966858041247851,0.962887900437661,-0.00291283591931499,0.943199534099047,0.927153108809246,0.412828853152763,0.130017936824799,0.0121147830173274,0.0849672973200029,-0.000397837616892787,-0.0477562756888375
"abs_tau_misspec_by_design","post_production_exploratory_heterogeneity_sensitivity",0.5,"primary","mlma_cr2","all_non_null","I_C_star_primary","[8000,20000)",NA,NA,NA,NA,NA,"abs_tau_plan_minus_true","[0,0.025)",32,480,0.0964275290019616,0.0596173730674374,0.0258195033934083,0.969348203451988,0.963472078101178,-0.00568334113146981,0.960922080515602,0.928278445280603,0.437771936114786,0.102838785780557,0.0105864975993663,0.0832384260534265,0.00249755642717535,-0.0440854350466725
"abs_tau_misspec_by_design","post_production_exploratory_heterogeneity_sensitivity",0.5,"primary","mlma_cr2","all_non_null","I_C_star_primary","I_C*>=20000",NA,NA,NA,NA,NA,"abs_tau_plan_minus_true","[0,0.025)",26,390,0.123526110355469,0.0719031555986044,0.0255598315350049,0.935694779698645,0.933063805100614,0.016592942585587,0.93505535281524,0.870608064388837,0.656835505926372,0.0843907205200748,0.0141725718695491,0.0813932916194393,-0.00463235998289363,-0.0348235363427196
"abs_tau_misspec_by_design","post_production_exploratory_heterogeneity_sensitivity",0.5,"primary","mlma_cr2","all_non_null","nu_C_star_primary","nu_C*<5",NA,NA,NA,NA,NA,"abs_tau_plan_minus_true","[0,0.025)",16,240,0.0766775252084022,0.0398038008505246,0.00938031630306743,0.975906041644085,0.96191724008022,-0.00543727569589354,0.985238716486207,0.925284776763548,0.544419895658161,0.140564966160545,0.00863764085577717,0.0760895121238536,-0.0018339892811491,-0.0304554995468971
"abs_tau_misspec_by_design","post_production_exploratory_heterogeneity_sensitivity",0.5,"primary","mlma_cr2","all_non_null","nu_C_star_primary","[5,10)",NA,NA,NA,NA,NA,"abs_tau_plan_minus_true","[0,0.025)",20,300,0.0895121580525779,0.0569307662650817,0.0222457575771015,0.962649096541017,0.958057749150837,0.00398735559842889,0.934395842011015,0.917874650707968,0.412828853152763,0.112245035152375,0.00962780287465132,0.0850772318989679,0.00164197018078116,-0.0387852587276604
"abs_tau_misspec_by_design","post_production_exploratory_heterogeneity_sensitivity",0.5,"primary","mlma_cr2","all_non_null","nu_C_star_primary","[10,20)",NA,NA,NA,NA,NA,"abs_tau_plan_minus_true","[0,0.025)",19,285,0.104970850473019,0.0649224061563277,0.0194917009877207,0.955536508063518,0.952680959367601,0.00519656270897747,0.952434916146766,0.907601010341573,0.437771936114786,0.107260288053517,0.0131971259510548,0.0877821598504401,0.00310462416918015,-0.0514568823452267
"abs_tau_misspec_by_design","post_production_exploratory_heterogeneity_sensitivity",0.5,"primary","mlma_cr2","all_non_null","nu_C_star_primary","nu_C*>=20",NA,NA,NA,NA,NA,"abs_tau_plan_minus_true","[0,0.025)",34,510,0.113623736876566,0.0680912619805684,0.0356413525761482,0.94800305982011,0.945122478017539,-0.00670462556765903,0.956086095370129,0.893256498454013,0.656835505926372,0.0766215068544333,0.0142353975214886,0.0814147870603185,-0.00240201665630897,-0.0414307921996035
"abs_tau_misspec_by_design","post_production_exploratory_heterogeneity_sensitivity",0.5,"primary","mlma_cr2","all_non_null","n_cv","n_cv<=0.3",NA,NA,NA,NA,NA,"abs_tau_plan_minus_true","[0,0.025)",21,315,0.103502228454673,0.0627932223391015,0.014353366631844,0.95301386809225,0.956001269873096,0.00797877770092738,0.95971490002711,0.913938427998973,0.412828853152763,0.0903439812885548,0.0114381980292383,0.0823677419757209,0.00225247333002811,-0.0347490737415001
"abs_tau_misspec_by_design","post_production_exploratory_heterogeneity_sensitivity",0.5,"primary","mlma_cr2","all_non_null","n_cv","0.3<n_cv<=0.6",NA,NA,NA,NA,NA,"abs_tau_plan_minus_true","[0,0.025)",14,210,0.119967880839614,0.0688752442966351,0.0445084656443739,0.948964454181533,0.944202805719357,-0.00395852454501138,0.92418500947768,0.891518938328306,0.656835505926372,0.11063588543465,0.0163927875571451,0.0894939549776933,-0.00236563970164368,-0.060930057261401
"abs_tau_misspec_by_design","post_production_exploratory_heterogeneity_sensitivity",0.5,"primary","mlma_cr2","all_non_null","n_cv","n_cv>0.6",NA,NA,NA,NA,NA,"abs_tau_plan_minus_true","[0,0.025)",54,810,0.093904138944568,0.0563184013693621,0.0231964685269793,0.975101244073102,0.964888636108696,-0.00172079502752267,0.954357062032653,0.9310100800917,0.544419895658161,0.112819155093934,0.0110334451031866,0.0809685681109696,-0.000617928075748578,-0.0382698058595976
"abs_tau_misspec_by_design","post_production_exploratory_heterogeneity_sensitivity",0.5,"primary","mlma_cr2","all_non_null","alignment_pattern","independent",NA,NA,NA,NA,NA,"abs_tau_plan_minus_true","[0,0.025)",22,330,0.0988336622681383,0.0574476592336979,-0.00105489451494089,0.952491126698872,0.958155129292249,0.0200754068739498,0.962403251725025,0.918061251789046,0.544419895658161,0.0877605947919191,0.01102570734476,0.0721808957465104,-0.000349103010309811,-0.00963636498448747
"abs_tau_misspec_by_design","post_production_exploratory_heterogeneity_sensitivity",0.5,"primary","mlma_cr2","all_non_null","alignment_pattern","n_majority",NA,NA,NA,NA,NA,"abs_tau_plan_minus_true","[0,0.025)",18,270,0.0732062981179197,0.0441676442381798,0.0287270979096814,0.974181020003191,0.979835652966526,-0.0113190587176411,0.961552978031689,0.960077906824337,0.412828853152763,0.0952801095711234,0.0112699149041404,0.0814314515764502,0.00273304483647294,-0.0511479174019381
"abs_tau_misspec_by_design","post_production_exploratory_heterogeneity_sensitivity",0.5,"primary","mlma_cr2","all_non_null","alignment_pattern","n_minority",NA,NA,NA,NA,NA,"abs_tau_plan_minus_true","[0,0.025)",16,240,0.0826467984488975,0.0517082679052166,0.0203294912655619,0.964228058512462,0.972176360962553,-0.00178606222298234,0.961747496389442,0.945126876814393,0.300092593319905,0.103140583894229,0.0133205618045031,0.0851714994621761,0.000921984484499201,-0.0439078862469359
"abs_tau_misspec_by_design","post_production_exploratory_heterogeneity_sensitivity",0.5,"primary","mlma_cr2","all_non_null","alignment_pattern","nk_majority",NA,NA,NA,NA,NA,"abs_tau_plan_minus_true","[0,0.025)",17,255,0.0929451243000296,0.0634014149859915,0.0296950769140902,0.966757284810246,0.963145756970742,-0.00494232175818114,0.94514721715649,0.927649749170743,0.36101692993081,0.142232509665892,0.0112090990355903,0.0853890869077561,-0.002424806295836,-0.0458190083721795
"abs_tau_misspec_by_design","post_production_exploratory_heterogeneity_sensitivity",0.5,"primary","mlma_cr2","all_non_null","alignment_pattern","nk_minority",NA,NA,NA,NA,NA,"abs_tau_plan_minus_true","[0,0.025)",16,240,0.144723866393844,0.0850051451591043,0.0533237667445471,0.94842715852389,0.930507459646233,-0.0157178068993305,0.938786900891542,0.865844132457286,0.656835505926372,0.158454867322592,0.0135249698531115,0.0929272703465125,-0.0021393573459573,-0.0647005625923594
"abs_tau_misspec_by_design","post_production_exploratory_heterogeneity_sensitivity",0.5,"primary","mlma_cr2","all_non_null","nk_mode","independent",NA,NA,NA,NA,NA,"abs_tau_plan_minus_true","[0,0.025)",32,480,0.0901644127581821,0.0553193705742702,0.0212909050913122,0.971521437830113,0.96754231139853,-0.0057488645964326,0.969258001183324,0.936138124346411,0.47082271291728,0.102012899984764,0.0102846884530718,0.0829338251155015,-0.00272178660998734,-0.0367394313145669
"abs_tau_misspec_by_design","post_production_exploratory_heterogeneity_sensitivity",0.5,"primary","mlma_cr2","all_non_null","nk_mode","negative",NA,NA,NA,NA,NA,"abs_tau_plan_minus_true","[0,0.025)",28,420,0.0953306920625999,0.0584631590459304,0.0238033321732216,0.967220287453195,0.964393769691941,-0.00242479652515504,0.956364544585193,0.930055343020633,0.412828853152763,0.112819155093934,0.0134146188178648,0.0812288835491931,0.00189208278953032,-0.0359896423560255
"abs_tau_misspec_by_design","post_production_exploratory_heterogeneity_sensitivity",0.5,"primary","mlma_cr2","all_non_null","nk_mode","positive",NA,NA,NA,NA,NA,"abs_tau_plan_minus_true","[0,0.025)",29,435,0.115671967780755,0.0661005672950648,0.0285981467232637,0.957643710503985,0.946747877438664,0.00780269662077703,0.92789908655514,0.896331543434615,0.656835505926372,0.104579740321329,0.0124409607788829,0.0836775684860948,0.000514955911375903,-0.0505499682280873
"abs_omega_misspec_by_design","post_production_exploratory_heterogeneity_sensitivity",0.5,"primary","mlma_cr2","all_non_null","all","all",NA,NA,NA,NA,NA,"abs_omega_plan_minus_true","[0.05,0.10)",100,2115,0.245390878511089,0.165120060168679,0.0737344161142619,0.797935449695325,0.769983656421726,0.0601604010377809,0.752356105302296,0.59287483115657,0.879829570370043,0.321281962215522,0.0830414739130299,0.0731042249124086,-0.0382445904753866,-0.0231524985543046
"abs_omega_misspec_by_design","post_production_exploratory_heterogeneity_sensitivity",0.5,"primary","mlma_cr2","all_non_null","scenario_set","broad",NA,NA,NA,NA,NA,"abs_omega_plan_minus_true","[0.05,0.10)",80,1725,0.250075975161628,0.169110445681974,0.0753251671278842,0.79120444262048,0.76058163349257,0.0626201822817921,0.743291640013024,0.578484421206226,0.879829570370043,0.321519622941587,0.0840395362325867,0.0737266348960556,-0.0383290293396461,-0.0194379964917715
"abs_omega_misspec_by_design","post_production_exploratory_heterogeneity_sensitivity",0.5,"primary","mlma_cr2","all_non_null","scenario_set","targeted",NA,NA,NA,NA,NA,"abs_omega_plan_minus_true","[0.05,0.10)",20,390,0.223493512516333,0.147470278090643,0.0666984020155479,0.829938597044154,0.810595662516041,0.0497148691700873,0.790369911285477,0.657065328089819,0.787511912579822,0.319696939254542,0.0786269674996057,0.0703512576770468,-0.0378711108834697,-0.039582026907816
"abs_omega_misspec_by_design","post_production_exploratory_heterogeneity_sensitivity",0.5,"primary","mlma_cr2","all_non_null","beta1_true","0.05",NA,NA,NA,NA,NA,"abs_omega_plan_minus_true","[0.05,0.10)",100,705,0.215015359946576,0.134048384765232,0.0671514426114198,0.560219383279578,0.353307752968136,0.121720860553337,0.226914493179256,0.124826368307393,0.872169928662966,0.451934370597794,0.0830414739130299,0.0731042249124086,-0.0382445904753866,-0.0231524985543046
"abs_omega_misspec_by_design","post_production_exploratory_heterogeneity_sensitivity",0.5,"primary","mlma_cr2","all_non_null","beta1_true","0.1",NA,NA,NA,NA,NA,"abs_omega_plan_minus_true","[0.05,0.10)",100,705,0.300018014156742,0.22497835419939,0.0885324668322751,0.561816486101753,0.514387473985446,0.190350246000404,0.478734273763601,0.264594473393128,0.879829570370043,0.399850764643552,0.0830414739130299,0.0731042249124086,-0.0382445904753866,-0.0231524985543046
"abs_omega_misspec_by_design","post_production_exploratory_heterogeneity_sensitivity",0.5,"primary","mlma_cr2","all_non_null","beta1_true","0.2",NA,NA,NA,NA,NA,"abs_omega_plan_minus_true","[0.05,0.10)",100,705,0.210731193556676,0.136333441541414,0.0655193388990908,0.569596444870854,0.684768113548232,0.100388423427753,0.803124529941657,0.468907369332404,0.787302533237433,0.103224562799477,0.0830414739130299,0.0731042249124086,-0.0382445904753866,-0.0231524985543046
"abs_omega_misspec_by_design","post_production_exploratory_heterogeneity_sensitivity",0.5,"primary","mlma_cr2","all_non_null","J","J<=36",NA,NA,NA,NA,NA,"abs_omega_plan_minus_true","[0.05,0.10)",34,705,0.257013083319351,0.174551223773884,0.0745334793029753,0.759888566413181,0.697047462371826,0.0721309622269073,0.647959931154331,0.485875164799002,0.879829570370043,0.428163984315718,0.0877850658675544,0.0731372568348727,-0.0435761890895281,-0.0234667847608303
"abs_omega_misspec_by_design","post_production_exploratory_heterogeneity_sensitivity",0.5,"primary","mlma_cr2","all_non_null","J","37-60",NA,NA,NA,NA,NA,"abs_omega_plan_minus_true","[0.05,0.10)",24,555,0.243085107694349,0.164293515661742,0.0872974525223509,0.812844015322397,0.778647112174859,0.0487761992703599,0.742950673950992,0.606291325298248,0.828125039247533,0.286782674446303,0.0835559829043353,0.0731710840625093,-0.0404990507302463,-0.0197215022580946
"abs_omega_misspec_by_design","post_production_exploratory_heterogeneity_sensitivity",0.5,"primary","mlma_cr2","all_non_null","J","61-96",NA,NA,NA,NA,NA,"abs_omega_plan_minus_true","[0.05,0.10)",30,630,0.248758715261294,0.166936333390902,0.0759453221318631,0.773751795703464,0.751512824139077,0.0807283913081646,0.75450212650266,0.564771524845492,0.787211059565167,0.272976387050794,0.0802287547877619,0.0736563780669045,-0.0409574422455876,-0.0195387934868562
"abs_omega_misspec_by_design","post_production_exploratory_heterogeneity_sensitivity",0.5,"primary","mlma_cr2","all_non_null","J","J>96",NA,NA,NA,NA,NA,"abs_omega_plan_minus_true","[0.05,0.10)",12,225,0.200098618377217,0.132522325633923,0.0315846581337235,0.829534036225474,0.809683790068259,0.0896314562412737,0.822849918445974,0.655587839899301,0.81455133735266,0.173247991949147,0.0747847104943838,0.0712897768191838,-0.00838192789919353,-0.0407492334933641
"abs_omega_misspec_by_design","post_production_exploratory_heterogeneity_sensitivity",0.5,"primary","mlma_cr2","all_non_null","tau_true","tau<0.05",NA,NA,NA,NA,NA,"abs_omega_plan_minus_true","[0.05,0.10)",9,210,0.265729160960446,0.177491501478028,-0.134863463942936,0.830677603458012,0.789884136297749,0.237387163509136,0.792041678273417,0.623916948774841,0.782382117336014,0.217756327186244,0.0764183607479707,0.0731497680940458,0.0606972679132845,-0.0157630404518195
"abs_omega_misspec_by_design","post_production_exploratory_heterogeneity_sensitivity",0.5,"primary","mlma_cr2","all_non_null","tau_true","[0.05,0.10)",NA,NA,NA,NA,NA,"abs_omega_plan_minus_true","[0.05,0.10)",22,465,0.206271336246021,0.141929127651104,-0.044135792314763,0.839287621920378,0.823818397281525,0.162437655520872,0.792086509847919,0.6786767516995,0.725216864044808,0.228274284438905,0.0646295730584677,0.0724139714145342,0.0231478652923383,-0.0243859793479186
"abs_omega_misspec_by_design","post_production_exploratory_heterogeneity_sensitivity",0.5,"primary","mlma_cr2","all_non_null","tau_true","[0.10,0.15)",NA,NA,NA,NA,NA,"abs_omega_plan_minus_true","[0.05,0.10)",25,570,0.191122676229515,0.124927453806443,0.063210953689863,0.87691711478561,0.860710706886413,0.0312010378290474,0.833301711801516,0.740822920948908,0.743589853182854,0.238028931711081,0.0656596541134947,0.0725355880399936,-0.0282982705674735,-0.0152091146958363
"abs_omega_misspec_by_design","post_production_exploratory_heterogeneity_sensitivity",0.5,"primary","mlma_cr2","all_non_null","tau_true","tau>=0.15",NA,NA,NA,NA,NA,"abs_omega_plan_minus_true","[0.05,0.10)",44,870,0.287526352390071,0.200862090711419,0.193979904980257,0.859660777399615,0.793740961313795,-0.0113489531484882,0.648931176271207,0.630024713667347,0.879829570370043,0.568945795200175,0.105869088795523,0.0738347155165975,-0.101456871557138,-0.0294811726138658
"abs_omega_misspec_by_design","post_production_exploratory_heterogeneity_sensitivity",0.5,"primary","mlma_cr2","all_non_null","omega_true","omega<0.05",NA,NA,NA,NA,NA,"abs_omega_plan_minus_true","[0.05,0.10)",8,120,0.23451339874889,0.14981532447404,0.0715238334178325,0.832535723983937,0.793714291137634,0.0434654522444751,0.787803813577049,0.629982375956116,0.804384344998638,0.267356475427171,0.0835069518185017,0.0587674458368638,-0.0495657732001563,0.0587674458368638
"abs_omega_misspec_by_design","post_production_exploratory_heterogeneity_sensitivity",0.5,"primary","mlma_cr2","all_non_null","omega_true","[0.05,0.10)",NA,NA,NA,NA,NA,"abs_omega_plan_minus_true","[0.05,0.10)",23,660,0.268865787549242,0.185495230348089,0.0579430316898006,0.718942163827196,0.702750587922244,0.123547328864723,0.690601670452635,0.493858388825059,0.872169928662966,0.304720599572763,0.0843300223006015,0.0738636363636364,-0.0376502908279204,-0.00248558142498951
"abs_omega_misspec_by_design","post_production_exploratory_heterogeneity_sensitivity",0.5,"primary","mlma_cr2","all_non_null","omega_true","[0.10,0.15)",NA,NA,NA,NA,NA,"abs_omega_plan_minus_true","[0.05,0.10)",20,600,0.231173024958907,0.150039189729425,0.0401016927921402,0.813923066534636,0.790443748577826,0.0677546776820571,0.789800781792533,0.624801319665765,0.879829570370043,0.27441213414001,0.0765084655705426,0.075,-0.0251362345883711,-0.000943003354940392
"abs_omega_misspec_by_design","post_production_exploratory_heterogeneity_sensitivity",0.5,"primary","mlma_cr2","all_non_null","omega_true","omega>=0.15",NA,NA,NA,NA,NA,"abs_omega_plan_minus_true","[0.05,0.10)",49,735,0.236135279950754,0.161633635989765,0.115730630586356,0.852397688676879,0.813869896326852,0.0106630501604584,0.757746481087285,0.662384208147082,0.80082539481361,0.38408545057583,0.0871414816967559,0.0732154315500959,-0.0476305896217332,-0.0732154315500959
"abs_omega_misspec_by_design","post_production_exploratory_heterogeneity_sensitivity",0.5,"primary","mlma_cr2","all_non_null","I_C_star_primary","I_C*<2000",NA,NA,NA,NA,NA,"abs_omega_plan_minus_true","[0.05,0.10)",6,120,0.0864501395174949,0.0519383832870203,0.0344662710423656,0.90632330466292,0.926372738034106,0.0241387695302613,0.717318647007302,0.858166449772807,0.308859898239649,0.222324659887626,0.084801801841498,0.0689915331338125,-0.0360722897285377,-0.018235891929362
"abs_omega_misspec_by_design","post_production_exploratory_heterogeneity_sensitivity",0.5,"primary","mlma_cr2","all_non_null","I_C_star_primary","[2000,8000)",NA,NA,NA,NA,NA,"abs_omega_plan_minus_true","[0.05,0.10)",28,540,0.20844880567176,0.144502800569984,0.063504022047533,0.822800525139395,0.800288699340908,0.041721801432646,0.756439906372764,0.640462002292761,0.690056708720078,0.362588162751468,0.0835273149566602,0.0717858501353184,-0.0388330212262647,-0.0323876170280499
"abs_omega_misspec_by_design","post_production_exploratory_heterogeneity_sensitivity",0.5,"primary","mlma_cr2","all_non_null","I_C_star_primary","[8000,20000)",NA,NA,NA,NA,NA,"abs_omega_plan_minus_true","[0.05,0.10)",35,795,0.247551231642895,0.168599790948903,0.0676559600495834,0.780763948926601,0.760527675600603,0.0631656608458111,0.761388616679202,0.578402345354457,0.879829570370043,0.32575002493939,0.0805518179775451,0.0745825297971133,-0.0342729261267287,-0.0188192369828071
"abs_omega_misspec_by_design","post_production_exploratory_heterogeneity_sensitivity",0.5,"primary","mlma_cr2","all_non_null","I_C_star_primary","I_C*>=20000",NA,NA,NA,NA,NA,"abs_omega_plan_minus_true","[0.05,0.10)",31,660,0.286776968685953,0.198375719924461,0.0965661778962021,0.681945354606595,0.666377419962378,0.118482453203154,0.684232618616218,0.444058865835715,0.872169928662966,0.293211269807344,0.0853228117217178,0.0731499718968328,-0.0429421611440697,-0.0217100315368972
"abs_omega_misspec_by_design","post_production_exploratory_heterogeneity_sensitivity",0.5,"primary","mlma_cr2","all_non_null","nu_C_star_primary","nu_C*<5",NA,NA,NA,NA,NA,"abs_omega_plan_minus_true","[0.05,0.10)",17,375,0.207176027884807,0.124486116285295,0.0451524060539545,0.824949618731211,0.768140769366476,0.0294755022374004,0.769155678673743,0.590040241562921,0.879829570370043,0.378985783819949,0.0838831327095372,0.071195409294907,-0.0432219307003147,-0.0204398727051588
"abs_omega_misspec_by_design","post_production_exploratory_heterogeneity_sensitivity",0.5,"primary","mlma_cr2","all_non_null","nu_C_star_primary","[5,10)",NA,NA,NA,NA,NA,"abs_omega_plan_minus_true","[0.05,0.10)",21,480,0.237154820506055,0.162171018628509,0.0720232307577057,0.769451806306173,0.743156003566969,0.072645418464018,0.68467859772416,0.552280845637628,0.828125039247533,0.339654963471914,0.0811224929352327,0.0731134309496756,-0.0362319933985746,-0.0114698394573697
"abs_omega_misspec_by_design","post_production_exploratory_heterogeneity_sensitivity",0.5,"primary","mlma_cr2","all_non_null","nu_C_star_primary","[10,20)",NA,NA,NA,NA,NA,"abs_omega_plan_minus_true","[0.05,0.10)",24,495,0.284350254184508,0.205955258502493,0.084784385569867,0.704530605912376,0.673664091602614,0.105884503421596,0.65766489946326,0.453823308314775,0.872169928662966,0.411639439605266,0.0937373462764758,0.0770699026910271,-0.0460437321806482,-0.0302730239249949
"abs_omega_misspec_by_design","post_production_exploratory_heterogeneity_sensitivity",0.5,"primary","mlma_cr2","all_non_null","nu_C_star_primary","nu_C*>=20",NA,NA,NA,NA,NA,"abs_omega_plan_minus_true","[0.05,0.10)",38,765,0.240486858254166,0.160466263724643,0.0816689100531347,0.772658064008048,0.758631576183642,0.067978438789982,0.782512282445993,0.575521868382876,0.804384344998638,0.2302242555579,0.0769121039793656,0.0714681157075181,-0.0320210203687426,-0.0272051142424963
"abs_omega_misspec_by_design","post_production_exploratory_heterogeneity_sensitivity",0.5,"primary","mlma_cr2","all_non_null","n_cv","n_cv<=0.3",NA,NA,NA,NA,NA,"abs_omega_plan_minus_true","[0.05,0.10)",23,540,0.249303221661509,0.169996802184886,0.0517308756648862,0.770217585817166,0.751631195424651,0.0925627626568281,0.754218483396568,0.56494945393549,0.879829570370043,0.32162223609222,0.0792009484582316,0.0743684938055181,-0.02714572165033,-0.0205759498867959
"abs_omega_misspec_by_design","post_production_exploratory_heterogeneity_sensitivity",0.5,"primary","mlma_cr2","all_non_null","n_cv","0.3<n_cv<=0.6",NA,NA,NA,NA,NA,"abs_omega_plan_minus_true","[0.05,0.10)",15,315,0.258535580735565,0.179442675334612,0.106008682447148,0.773224150642371,0.751552230418439,0.0560633184980445,0.734252602832919,0.56483075504693,0.81455133735266,0.286571973106056,0.0835668093736455,0.0772139385778656,-0.0445397942311248,-0.0361236458952826
"abs_omega_misspec_by_design","post_production_exploratory_heterogeneity_sensitivity",0.5,"primary","mlma_cr2","all_non_null","n_cv","n_cv>0.6",NA,NA,NA,NA,NA,"abs_omega_plan_minus_true","[0.05,0.10)",62,1260,0.240273239662327,0.159449374084535,0.0750959382950585,0.814920739130802,0.777475788574279,0.0511481557060977,0.749260515410752,0.604468601819197,0.872169928662966,0.326842109828665,0.0845560795285039,0.0715349669704259,-0.0414274476043335,-0.021013946862278
"abs_omega_misspec_by_design","post_production_exploratory_heterogeneity_sensitivity",0.5,"primary","mlma_cr2","all_non_null","alignment_pattern","independent",NA,NA,NA,NA,NA,"abs_omega_plan_minus_true","[0.05,0.10)",24,600,0.272240913598985,0.188704311574437,0.0599770954193248,0.71820311439291,0.703069238221953,0.109144709416897,0.693826519357122,0.494306353733997,0.879829570370043,0.359725338008954,0.0843477866935605,0.074627681405835,-0.0349312365064645,-0.0118080747977583
"abs_omega_misspec_by_design","post_production_exploratory_heterogeneity_sensitivity",0.5,"primary","mlma_cr2","all_non_null","alignment_pattern","n_majority",NA,NA,NA,NA,NA,"abs_omega_plan_minus_true","[0.05,0.10)",20,420,0.187756335265431,0.120472559257409,0.0889381458052949,0.903901325673643,0.882911130251738,-5.59022330819353e-05,0.820058022471485,0.779532063922401,0.691993922032532,0.241767496799846,0.0818483890974665,0.0732039005258079,-0.0489797393639767,-0.0306745216340683
"abs_omega_misspec_by_design","post_production_exploratory_heterogeneity_sensitivity",0.5,"primary","mlma_cr2","all_non_null","alignment_pattern","n_minority",NA,NA,NA,NA,NA,"abs_omega_plan_minus_true","[0.05,0.10)",20,405,0.278525964827357,0.191956690299944,0.14541422453632,0.800070712239011,0.754750331764137,0.0199782719582934,0.71880352491629,0.569648063298075,0.828125039247533,0.348155368999277,0.0915431452063245,0.0732298087125657,-0.0670645483905877,-0.0266210203865581
"abs_omega_misspec_by_design","post_production_exploratory_heterogeneity_sensitivity",0.5,"primary","mlma_cr2","all_non_null","alignment_pattern","nk_majority",NA,NA,NA,NA,NA,"abs_omega_plan_minus_true","[0.05,0.10)",18,345,0.193358322176523,0.134266663149851,0.039001211180665,0.855356021407733,0.834350190375648,0.0521314759840058,0.808303785123443,0.696140240179881,0.689363972930709,0.286571973106056,0.0757011319693346,0.0722628420893806,-0.0227370220292488,-0.0228460915346613
"abs_omega_misspec_by_design","post_production_exploratory_heterogeneity_sensitivity",0.5,"primary","mlma_cr2","all_non_null","alignment_pattern","nk_minority",NA,NA,NA,NA,NA,"abs_omega_plan_minus_true","[0.05,0.10)",18,345,0.262462998382729,0.177806977002335,0.0297386457892933,0.763541286272677,0.73335966869457,0.11192930048921,0.758545468407586,0.537816403667809,0.804384344998638,0.319165583936041,0.0795821958000124,0.0710273494955896,-0.012613512233087,-0.0299593496851487
"abs_omega_misspec_by_design","post_production_exploratory_heterogeneity_sensitivity",0.5,"primary","mlma_cr2","all_non_null","nk_mode","independent",NA,NA,NA,NA,NA,"abs_omega_plan_minus_true","[0.05,0.10)",39,855,0.250308450116919,0.16932598709707,0.0951910405634133,0.80157759077799,0.771851865595333,0.0475361712302161,0.743234646997217,0.595755302422996,0.872169928662966,0.321724849242853,0.0849106300198279,0.0746761161295274,-0.0462666699149567,-0.0234420663706596
"abs_omega_misspec_by_design","post_production_exploratory_heterogeneity_sensitivity",0.5,"primary","mlma_cr2","all_non_null","nk_mode","negative",NA,NA,NA,NA,NA,"abs_omega_plan_minus_true","[0.05,0.10)",30,645,0.229299373143409,0.153779692449871,0.0681726052863912,0.820188851459667,0.800484372219688,0.0471599937705957,0.785317212500239,0.640775230167949,0.834792018924963,0.323856617850245,0.0815897027531419,0.0717764555698932,-0.0390757082920795,-0.0168673923892553
"abs_omega_misspec_by_design","post_production_exploratory_heterogeneity_sensitivity",0.5,"primary","mlma_cr2","all_non_null","nk_mode","positive",NA,NA,NA,NA,NA,"abs_omega_plan_minus_true","[0.05,0.10)",31,615,0.25463476374623,0.171166352290397,0.0497375934800377,0.775561424212825,0.7401493870917,0.0882878740368366,0.736177141293998,0.547821115212219,0.879829570370043,0.313963285440414,0.0819654802980958,0.0723114513112473,-0.0262202833004285,-0.0293416253729601
"abs_omega_misspec_by_design","post_production_exploratory_heterogeneity_sensitivity",0.5,"primary","mlma_cr2","all_non_null","all","all",NA,NA,NA,NA,NA,"abs_omega_plan_minus_true","[0.10,0.15)",98,1500,0.262664572087805,0.179076440141096,0.0898097894502465,0.773466774552126,0.742545087248052,0.0623626599132161,0.720721486008223,0.551373206596217,0.892233869995943,0.355178493302483,0.0838741801971314,0.121468729883986,-0.0396145616704785,-0.0476595943770837
"abs_omega_misspec_by_design","post_production_exploratory_heterogeneity_sensitivity",0.5,"primary","mlma_cr2","all_non_null","scenario_set","broad",NA,NA,NA,NA,NA,"abs_omega_plan_minus_true","[0.10,0.15)",80,1200,0.265297684107449,0.181517751291325,0.0977025600799103,0.777207010239721,0.742141721357245,0.0572828347216353,0.718821177508401,0.550774334579095,0.892233869995943,0.356753904653075,0.0841389608090424,0.122721753609943,-0.0399600910509704,-0.0479603342263144
"abs_omega_misspec_by_design","post_production_exploratory_heterogeneity_sensitivity",0.5,"primary","mlma_cr2","all_non_null","scenario_set","targeted",NA,NA,NA,NA,NA,"abs_omega_plan_minus_true","[0.10,0.15)",18,300,0.251856987949997,0.16931119554018,0.0582387069315914,0.765072259063117,0.748431438648404,0.0796062869572303,0.734704543997293,0.56014961835732,0.815176156772164,0.350033581427808,0.0828150577494874,0.116456634980161,-0.0382324441485106,-0.0464566349801608
"abs_omega_misspec_by_design","post_production_exploratory_heterogeneity_sensitivity",0.5,"primary","mlma_cr2","all_non_null","beta1_true","0.05",NA,NA,NA,NA,NA,"abs_omega_plan_minus_true","[0.10,0.15)",98,500,0.232229922259981,0.145330517053591,0.0781732809777225,0.521906922982563,0.306139384962834,0.124577196481224,0.190019750597897,0.0937213230254222,0.869757872975848,0.497162711091632,0.0838741801971314,0.121468729883986,-0.0396145616704785,-0.0476595943770837
"abs_omega_misspec_by_design","post_production_exploratory_heterogeneity_sensitivity",0.5,"primary","mlma_cr2","all_non_null","beta1_true","0.1",NA,NA,NA,NA,NA,"abs_omega_plan_minus_true","[0.10,0.15)",98,500,0.319141775816031,0.240867597286535,0.106884505119913,0.528077106234522,0.466662388050101,0.197906622076196,0.43354724831317,0.217773784420623,0.892233869995943,0.459380364905448,0.0838741801971314,0.121468729883986,-0.0396145616704785,-0.0476595943770837
"abs_omega_misspec_by_design","post_production_exploratory_heterogeneity_sensitivity",0.5,"primary","mlma_cr2","all_non_null","beta1_true","0.2",NA,NA,NA,NA,NA,"abs_omega_plan_minus_true","[0.10,0.15)",98,500,0.226264938570522,0.151031206083162,0.0843715822531045,0.538694446554861,0.649710671700791,0.0936951025748353,0.789580461681388,0.422123956921894,0.795625208994619,0.130968790261565,0.0838741801971314,0.121468729883986,-0.0396145616704785,-0.0476595943770837
"abs_omega_misspec_by_design","post_production_exploratory_heterogeneity_sensitivity",0.5,"primary","mlma_cr2","all_non_null","J","J<=36",NA,NA,NA,NA,NA,"abs_omega_plan_minus_true","[0.10,0.15)",34,510,0.264576378150012,0.183374916988773,0.0952851072054027,0.741092141721252,0.678312906544048,0.0687106085682235,0.603575466443589,0.460108399184234,0.892233869995943,0.476477881106648,0.0880279981291315,0.124694734262299,-0.0466870668311552,-0.0470238376698724
"abs_omega_misspec_by_design","post_production_exploratory_heterogeneity_sensitivity",0.5,"primary","mlma_cr2","all_non_null","J","37-60",NA,NA,NA,NA,NA,"abs_omega_plan_minus_true","[0.10,0.15)",24,390,0.262170251570763,0.180127656360597,0.0895250840579368,0.764830759585731,0.73856914192548,0.0672954276101491,0.710035874791593,0.545484377404539,0.869757872975848,0.332760714431721,0.0847967653913463,0.11834188419269,-0.0417771069776254,-0.0276351094973528
"abs_omega_misspec_by_design","post_production_exploratory_heterogeneity_sensitivity",0.5,"primary","mlma_cr2","all_non_null","J","61-96",NA,NA,NA,NA,NA,"abs_omega_plan_minus_true","[0.10,0.15)",28,420,0.284214313778532,0.193059604610029,0.103519424004453,0.718924728748664,0.692669810653017,0.0896521497305913,0.701663266449013,0.479791466590087,0.815861064420378,0.294877665099893,0.0829229851012597,0.121999049672061,-0.0429261181354129,-0.0596030235054225
"abs_omega_misspec_by_design","post_production_exploratory_heterogeneity_sensitivity",0.5,"primary","mlma_cr2","all_non_null","J","J>96",NA,NA,NA,NA,NA,"abs_omega_plan_minus_true","[0.10,0.15)",12,180,0.197990596125012,0.131992403502917,0.0429241035341593,0.846570754374534,0.8192473792018,0.0750229151709879,0.828044054670135,0.671166268329019,0.668849464584806,0.183442989354849,0.0723255500260323,0.117865803637736,-0.00716331713156238,-0.064979287654142
"abs_omega_misspec_by_design","post_production_exploratory_heterogeneity_sensitivity",0.5,"primary","mlma_cr2","all_non_null","tau_true","tau<0.05",NA,NA,NA,NA,NA,"abs_omega_plan_minus_true","[0.10,0.15)",9,135,0.282144255565609,0.195228506870547,-0.110777919480592,0.76204310490158,0.727457176520516,0.247232422303129,0.727162002887608,0.529193943671201,0.798620404385834,0.300353745273615,0.0767562953982851,0.123431782067495,0.0612604923304752,-0.0635988510912285
"abs_omega_misspec_by_design","post_production_exploratory_heterogeneity_sensitivity",0.5,"primary","mlma_cr2","all_non_null","tau_true","[0.05,0.10)",NA,NA,NA,NA,NA,"abs_omega_plan_minus_true","[0.10,0.15)",22,360,0.223024904578499,0.155772566163726,-0.0333677049489944,0.805014179052312,0.788660019945768,0.171018696094038,0.762090715648965,0.62198462706086,0.733798002677402,0.256386336144851,0.0645697565834824,0.117278278630341,0.0228487829174119,-0.0307752405374073
"abs_omega_misspec_by_design","post_production_exploratory_heterogeneity_sensitivity",0.5,"primary","mlma_cr2","all_non_null","tau_true","[0.10,0.15)",NA,NA,NA,NA,NA,"abs_omega_plan_minus_true","[0.10,0.15)",23,345,0.213106711944882,0.138724468050863,0.0809986311406229,0.853545340906565,0.832840427234508,0.0320898869628635,0.80452368820116,0.693623177236159,0.755427040704553,0.221325449563592,0.0653055395467774,0.121602786678808,-0.0265276977338869,-0.0386298783062071
"abs_omega_misspec_by_design","post_production_exploratory_heterogeneity_sensitivity",0.5,"primary","mlma_cr2","all_non_null","tau_true","tau>=0.15",NA,NA,NA,NA,NA,"abs_omega_plan_minus_true","[0.10,0.15)",44,660,0.299413210046975,0.209576888617624,0.202632650520262,0.842520336931848,0.775112482034888,-0.00528235715467143,0.619053717383374,0.600799359806285,0.892233869995943,0.578736874193669,0.105566131671571,0.123282822023873,-0.101159871367287,-0.0583290182715175
"abs_omega_misspec_by_design","post_production_exploratory_heterogeneity_sensitivity",0.5,"primary","mlma_cr2","all_non_null","omega_true","omega<0.05",NA,NA,NA,NA,NA,"abs_omega_plan_minus_true","[0.10,0.15)",8,120,0.205898687944618,0.129587488887392,0.0274521364247696,0.863502141579047,0.825556582032432,0.0571771389693251,0.830003362812836,0.681543670137072,0.733798002677402,0.213573296353491,0.0835069518185017,0.108767445836864,-0.0495657732001563,0.108767445836864
"abs_omega_misspec_by_design","post_production_exploratory_heterogeneity_sensitivity",0.5,"primary","mlma_cr2","all_non_null","omega_true","[0.05,0.10)",NA,NA,NA,NA,NA,"abs_omega_plan_minus_true","[0.10,0.15)",23,375,0.222891468187315,0.155773771823009,-0.0381193139664549,0.799297869966328,0.785979214750475,0.143082638278905,0.792831198766586,0.617763326019773,0.798620404385834,0.278531418605564,0.0818904196245293,0.120812688346009,-0.0307322559285699,0.104812688346009
"abs_omega_misspec_by_design","post_production_exploratory_heterogeneity_sensitivity",0.5,"primary","mlma_cr2","all_non_null","omega_true","[0.10,0.15)",NA,NA,NA,NA,NA,"abs_omega_plan_minus_true","[0.10,0.15)",18,270,0.287437766868248,0.192717471017767,0.119108402265199,0.772995558310985,0.7277357717877,0.0451210362271231,0.715037500855467,0.52959935353944,0.892233869995943,0.333838006094997,0.0778982950783807,0.123270003727712,-0.0257069273204123,-0.123270003727712
"abs_omega_misspec_by_design","post_production_exploratory_heterogeneity_sensitivity",0.5,"primary","mlma_cr2","all_non_null","omega_true","omega>=0.15",NA,NA,NA,NA,NA,"abs_omega_plan_minus_true","[0.10,0.15)",49,735,0.279610879903546,0.194034394471744,0.154497825755394,0.81485446580467,0.764244561982687,0.011652971235657,0.70357134594696,0.584069750520109,0.869757872975848,0.441452575611681,0.0871414816967559,0.123215431550096,-0.0476305896217332,-0.123215431550096
"abs_omega_misspec_by_design","post_production_exploratory_heterogeneity_sensitivity",0.5,"primary","mlma_cr2","all_non_null","I_C_star_primary","I_C*<2000",NA,NA,NA,NA,NA,"abs_omega_plan_minus_true","[0.10,0.15)",6,90,0.092757864581179,0.0570536927951511,0.032166275698516,0.898933432674092,0.880428916002888,0.0221002190365688,0.730853861170278,0.775155076134021,0.335861013674448,0.254281154436606,0.0891248549510512,0.116302785652127,-0.0514455759752018,-0.041474351438034
"abs_omega_misspec_by_design","post_production_exploratory_heterogeneity_sensitivity",0.5,"primary","mlma_cr2","all_non_null","I_C_star_primary","[2000,8000)",NA,NA,NA,NA,NA,"abs_omega_plan_minus_true","[0.10,0.15)",28,435,0.237178006727451,0.168549381943715,0.0908962995832224,0.786608090110215,0.762418730510037,0.0442824036685577,0.706772075957106,0.581282320632537,0.746129183373299,0.436838580793588,0.0838513558907222,0.121897184604821,-0.04012957648223,-0.0642698661763128
"abs_omega_misspec_by_design","post_production_exploratory_heterogeneity_sensitivity",0.5,"primary","mlma_cr2","all_non_null","I_C_star_primary","[8000,20000)",NA,NA,NA,NA,NA,"abs_omega_plan_minus_true","[0.10,0.15)",35,525,0.258814567161705,0.177372543455579,0.096749569427802,0.777700114057009,0.753737313128884,0.046551716445593,0.745437999338089,0.56811993720275,0.892233869995943,0.345024370455453,0.0802661754377186,0.124161110650671,-0.0341601965123289,-0.054326443970822
"abs_omega_misspec_by_design","post_production_exploratory_heterogeneity_sensitivity",0.5,"primary","mlma_cr2","all_non_null","I_C_star_primary","I_C*>=20000",NA,NA,NA,NA,NA,"abs_omega_plan_minus_true","[0.10,0.15)",29,450,0.309398368280953,0.215645025334191,0.0921917890982347,0.618532710767922,0.609760506346745,0.162952329949935,0.621190249059337,0.371807875100239,0.869757872975848,0.323732497263099,0.0870554476285245,0.118946634939086,-0.0431139371760151,-0.0250620556996106
"abs_omega_misspec_by_design","post_production_exploratory_heterogeneity_sensitivity",0.5,"primary","mlma_cr2","all_non_null","nu_C_star_primary","nu_C*<5",NA,NA,NA,NA,NA,"abs_omega_plan_minus_true","[0.10,0.15)",16,240,0.232167761534227,0.140499973704503,0.0582847794238119,0.738621579930981,0.611557798235951,0.0546871869744667,0.602007590852651,0.374002940583204,0.892233869995943,0.485402865314682,0.0879213580733245,0.12305861760546,-0.0531059677682242,-0.0496638918151984
"abs_omega_misspec_by_design","post_production_exploratory_heterogeneity_sensitivity",0.5,"primary","mlma_cr2","all_non_null","nu_C_star_primary","[5,10)",NA,NA,NA,NA,NA,"abs_omega_plan_minus_true","[0.10,0.15)",21,315,0.266452732598176,0.183077136899706,0.109093796108201,0.749274799454631,0.706316203970072,0.074728385801384,0.615816781010121,0.498882579990693,0.82857197026051,0.374710497476886,0.0812362656527759,0.122474428353604,-0.0361503212320026,-0.0398632073403957
"abs_omega_misspec_by_design","post_production_exploratory_heterogeneity_sensitivity",0.5,"primary","mlma_cr2","all_non_null","nu_C_star_primary","[10,20)",NA,NA,NA,NA,NA,"abs_omega_plan_minus_true","[0.10,0.15)",24,360,0.280178775132311,0.205658095982301,0.106260961665645,0.72837048702075,0.696496325374388,0.0762315327485619,0.671706674318884,0.485107131260026,0.788776640058952,0.464048758598988,0.0943737516814038,0.126016835850043,-0.0497220684278242,-0.0546998017677736
"abs_omega_misspec_by_design","post_production_exploratory_heterogeneity_sensitivity",0.5,"primary","mlma_cr2","all_non_null","nu_C_star_primary","nu_C*>=20",NA,NA,NA,NA,NA,"abs_omega_plan_minus_true","[0.10,0.15)",37,585,0.261254178882185,0.176390519394065,0.0822356327178452,0.723512127830102,0.714865329750195,0.100872293661045,0.731097491991752,0.511032439678855,0.869757872975848,0.263197925818667,0.0771729402943067,0.117476103868835,-0.0297249819132416,-0.0467029377459055
"abs_omega_misspec_by_design","post_production_exploratory_heterogeneity_sensitivity",0.5,"primary","mlma_cr2","all_non_null","n_cv","n_cv<=0.3",NA,NA,NA,NA,NA,"abs_omega_plan_minus_true","[0.10,0.15)",22,360,0.250233908828391,0.173060281167591,0.0300864496960758,0.757430161469299,0.739950444943963,0.109172857821486,0.747084909243611,0.547526660972769,0.892233869995943,0.323521891204596,0.0780477625501808,0.124226786159816,-0.0219262747576189,-0.0107916661025689
"abs_omega_misspec_by_design","post_production_exploratory_heterogeneity_sensitivity",0.5,"primary","mlma_cr2","all_non_null","n_cv","0.3<n_cv<=0.6",NA,NA,NA,NA,NA,"abs_omega_plan_minus_true","[0.10,0.15)",15,225,0.289939292215785,0.207106525116425,0.145264409390723,0.741999328775024,0.716216457217173,0.0461043367961808,0.696660717644272,0.512966013588718,0.82857197026051,0.368084309613081,0.0856574002563294,0.124872296295408,-0.0476270083090097,-0.0793363091312038
"abs_omega_misspec_by_design","post_production_exploratory_heterogeneity_sensitivity",0.5,"primary","mlma_cr2","all_non_null","n_cv","n_cv>0.6",NA,NA,NA,NA,NA,"abs_omega_plan_minus_true","[0.10,0.15)",61,915,0.260374497831686,0.174550809661329,0.0996711149419344,0.796750449651767,0.753859569617388,0.047672299802414,0.717447153263948,0.568304250703714,0.869757872975848,0.363054779212161,0.0857280445026862,0.119546650428393,-0.0446036139054073,-0.0543756526930927
"abs_omega_misspec_by_design","post_production_exploratory_heterogeneity_sensitivity",0.5,"primary","mlma_cr2","all_non_null","alignment_pattern","independent",NA,NA,NA,NA,NA,"abs_omega_plan_minus_true","[0.10,0.15)",22,360,0.269492665545047,0.19041484589637,0.0191513982455065,0.690280776930555,0.686599466967777,0.139735074763853,0.6890973621542,0.471418828040435,0.892233869995943,0.369011112691106,0.0833934966250594,0.126112091913555,-0.0300645160032824,0.0268752565257188
"abs_omega_misspec_by_design","post_production_exploratory_heterogeneity_sensitivity",0.5,"primary","mlma_cr2","all_non_null","alignment_pattern","n_majority",NA,NA,NA,NA,NA,"abs_omega_plan_minus_true","[0.10,0.15)",20,300,0.226627506294469,0.145524552121479,0.116720260170552,0.874724895583035,0.841355416352599,0.00080256890761904,0.772700456042268,0.707878936625855,0.8099549397155,0.30178253572779,0.0836410380541615,0.120407374909392,-0.0517514806253661,-0.0852148955119133
"abs_omega_misspec_by_design","post_production_exploratory_heterogeneity_sensitivity",0.5,"primary","mlma_cr2","all_non_null","alignment_pattern","n_minority",NA,NA,NA,NA,NA,"abs_omega_plan_minus_true","[0.10,0.15)",20,300,0.294583218289405,0.202265235392933,0.158331824798718,0.76667615429643,0.73111243919412,0.0239113183247098,0.689441768631627,0.534525398744375,0.82857197026051,0.391900537592472,0.0922548053318699,0.121797890824673,-0.066871938700162,-0.0473615514252509
"abs_omega_misspec_by_design","post_production_exploratory_heterogeneity_sensitivity",0.5,"primary","mlma_cr2","all_non_null","alignment_pattern","nk_majority",NA,NA,NA,NA,NA,"abs_omega_plan_minus_true","[0.10,0.15)",18,270,0.2280771327003,0.15652715766095,0.103946633175865,0.845605295339338,0.813982815560491,0.0248662772208862,0.750573341412845,0.662568024027785,0.703444361484177,0.301928959411421,0.0784809971362043,0.12015113891851,-0.031709049066891,-0.084710276267766
"abs_omega_misspec_by_design","post_production_exploratory_heterogeneity_sensitivity",0.5,"primary","mlma_cr2","all_non_null","alignment_pattern","nk_minority",NA,NA,NA,NA,NA,"abs_omega_plan_minus_true","[0.10,0.15)",18,270,0.284517664535682,0.198022395800635,0.0638480161434186,0.727172841454303,0.693828829855754,0.107070235699759,0.716433396719571,0.481398445139004,0.869757872975848,0.386778352138936,0.0808555158077448,0.117408720403269,-0.0164820285141372,-0.0685917601534748
"abs_omega_misspec_by_design","post_production_exploratory_heterogeneity_sensitivity",0.5,"primary","mlma_cr2","all_non_null","nk_mode","independent",NA,NA,NA,NA,NA,"abs_omega_plan_minus_true","[0.10,0.15)",37,585,0.271900589727344,0.188290923054993,0.101841322253951,0.761286723724008,0.728288955223786,0.0613663068990218,0.704683236416392,0.530404802300953,0.815861064420378,0.379078350255359,0.0875883082730902,0.122204746102519,-0.0494377606318867,-0.0365695305281357
"abs_omega_misspec_by_design","post_production_exploratory_heterogeneity_sensitivity",0.5,"primary","mlma_cr2","all_non_null","nk_mode","negative",NA,NA,NA,NA,NA,"abs_omega_plan_minus_true","[0.10,0.15)",30,450,0.224749296766479,0.152428348369361,0.0782498316648443,0.831359855218081,0.813753817482251,0.0305034702615438,0.797293420783569,0.662195275466936,0.869757872975848,0.321772275219316,0.0797483435548306,0.12008776677488,-0.0373750104731414,-0.039378876203314
"abs_omega_misspec_by_design","post_production_exploratory_heterogeneity_sensitivity",0.5,"primary","mlma_cr2","all_non_null","nk_mode","positive",NA,NA,NA,NA,NA,"abs_omega_plan_minus_true","[0.10,0.15)",31,465,0.284016869900315,0.193272502060777,0.085860400876621,0.735545101453278,0.692370706908583,0.0940498784377422,0.668792846610569,0.479377195785091,0.892233869995943,0.357596304954477,0.0831943125941194,0.121879189908195,-0.0294236512325813,-0.0696252084197307
"abs_omega_misspec_by_design","post_production_exploratory_heterogeneity_sensitivity",0.5,"primary","mlma_cr2","all_non_null","all","all",NA,NA,NA,NA,NA,"abs_omega_plan_minus_true","[0.15,Inf)",59,1185,0.30179683550819,0.206673100088931,0.160836115493266,0.770394236045125,0.722020239055424,0.0302685904191304,0.670791362296123,0.521313225605651,0.920935287727202,0.416322527412552,0.0849119567930286,0.184203020501219,-0.0439596995714952,-0.152047588432993
"abs_omega_misspec_by_design","post_production_exploratory_heterogeneity_sensitivity",0.5,"primary","mlma_cr2","all_non_null","scenario_set","broad",NA,NA,NA,NA,NA,"abs_omega_plan_minus_true","[0.15,Inf)",45,945,0.299311800660131,0.205413427311875,0.158285021666562,0.770033295337384,0.724513708394355,0.0299803225268925,0.680572523045201,0.524920113651341,0.920935287727202,0.39995812309765,0.0833153859237076,0.186932290859487,-0.0397361458053126,-0.146610399853299
"abs_omega_misspec_by_design","post_production_exploratory_heterogeneity_sensitivity",0.5,"primary","mlma_cr2","all_non_null","scenario_set","targeted",NA,NA,NA,NA,NA,"abs_omega_plan_minus_true","[0.15,Inf)",14,240,0.311388940975552,0.211633061648592,0.170881047435913,0.779326526505438,0.708870957982338,0.0329933449678948,0.626266124628967,0.502498035070798,0.898006614750978,0.534369577911578,0.09119845459098,0.173456518465537,-0.0605899425258394,-0.173456518465537
"abs_omega_misspec_by_design","post_production_exploratory_heterogeneity_sensitivity",0.5,"primary","mlma_cr2","all_non_null","beta1_true","0.05",NA,NA,NA,NA,NA,"abs_omega_plan_minus_true","[0.15,Inf)",59,395,0.290914199764511,0.183275481971783,0.147035821347987,0.579557001282197,0.339261291308544,0.104052614070971,0.163882134193019,0.115098223780341,0.920935287727202,0.593370340464952,0.0849119567930286,0.184203020501219,-0.0439596995714952,-0.152047588432993
"abs_omega_misspec_by_design","post_production_exploratory_heterogeneity_sensitivity",0.5,"primary","mlma_cr2","all_non_null","beta1_true","0.1",NA,NA,NA,NA,NA,"abs_omega_plan_minus_true","[0.15,Inf)",59,395,0.349559585647349,0.261481834806895,0.201210376745745,0.570910360835195,0.531607463411587,0.125207523669366,0.441708758390605,0.282606495154902,0.881630717581224,0.529040776748813,0.0849119567930286,0.184203020501219,-0.0439596995714952,-0.152047588432993
"abs_omega_misspec_by_design","post_production_exploratory_heterogeneity_sensitivity",0.5,"primary","mlma_cr2","all_non_null","beta1_true","0.2",NA,NA,NA,NA,NA,"abs_omega_plan_minus_true","[0.15,Inf)",59,395,0.257722746814673,0.175261983488116,0.134262148386066,0.570222209255375,0.619770887863108,0.0745456835723098,0.756212541783997,0.384115953442625,0.884172289426045,0.187806893171573,0.0849119567930286,0.184203020501219,-0.0439596995714952,-0.152047588432993
"abs_omega_misspec_by_design","post_production_exploratory_heterogeneity_sensitivity",0.5,"primary","mlma_cr2","all_non_null","J","J<=36",NA,NA,NA,NA,NA,"abs_omega_plan_minus_true","[0.15,Inf)",21,405,0.296193356742393,0.201307556176478,0.160955091799963,0.747740314411163,0.667993072898418,0.0617396798652425,0.475896252683233,0.446214745440271,0.884172289426045,0.51204021501336,0.0892180375477006,0.182534063223219,-0.0517053110175206,-0.136505581984452
"abs_omega_misspec_by_design","post_production_exploratory_heterogeneity_sensitivity",0.5,"primary","mlma_cr2","all_non_null","J","37-60",NA,NA,NA,NA,NA,"abs_omega_plan_minus_true","[0.15,Inf)",9,180,0.384676063158743,0.290944646439353,0.27912300064664,0.72394898761901,0.659714374643706,0.00281312364096172,0.529407811950391,0.435223056111536,0.920935287727202,0.860489234706877,0.100726227153235,0.18697413195868,-0.0862333977767509,-0.18697413195868
"abs_omega_misspec_by_design","post_production_exploratory_heterogeneity_sensitivity",0.5,"primary","mlma_cr2","all_non_null","J","61-96",NA,NA,NA,NA,NA,"abs_omega_plan_minus_true","[0.15,Inf)",20,390,0.294089573827671,0.201763793521504,0.14316264371861,0.753964699412917,0.711602755354735,0.0432891386306518,0.713511957295225,0.506378481428451,0.879066857201763,0.370362121283247,0.0825843368067107,0.182813738374608,-0.0426131515486835,-0.145258819568674
"abs_omega_misspec_by_design","post_production_exploratory_heterogeneity_sensitivity",0.5,"primary","mlma_cr2","all_non_null","J","J>96",NA,NA,NA,NA,NA,"abs_omega_plan_minus_true","[0.15,Inf)",9,210,0.239387275020987,0.153905464387809,0.09204006435182,0.786957928883017,0.754402496437321,0.0737232320305582,0.774169397286036,0.569123126630863,0.754159661106403,0.213616711286108,0.067375006432003,0.187626580808956,0.00471213177940819,-0.164692134309755
"abs_omega_misspec_by_design","post_production_exploratory_heterogeneity_sensitivity",0.5,"primary","mlma_cr2","all_non_null","tau_true","tau<0.05",NA,NA,NA,NA,NA,"abs_omega_plan_minus_true","[0.15,Inf)",4,75,0.269244056742515,0.193583997871655,0.0205952681145982,0.729451115200412,0.690207536916155,0.176261175274248,0.662387770646311,0.476386444015866,0.749049611850792,0.331551056955863,0.0772896189452987,0.176906411952013,0.0621493649088312,-0.176906411952013
"abs_omega_misspec_by_design","post_production_exploratory_heterogeneity_sensitivity",0.5,"primary","mlma_cr2","all_non_null","tau_true","[0.05,0.10)",NA,NA,NA,NA,NA,"abs_omega_plan_minus_true","[0.15,Inf)",11,270,0.258567627305203,0.170245940017272,0.0752674813726275,0.765298313757722,0.741071313540757,0.0928495749104379,0.735609742812197,0.549186691753023,0.790976352897989,0.263322049098227,0.0644741046167296,0.194217004837779,0.0223705230836479,-0.176239953291085
"abs_omega_misspec_by_design","post_production_exploratory_heterogeneity_sensitivity",0.5,"primary","mlma_cr2","all_non_null","tau_true","[0.10,0.15)",NA,NA,NA,NA,NA,"abs_omega_plan_minus_true","[0.15,Inf)",14,270,0.253548151092153,0.167821037079694,0.120709948071847,0.820653074744924,0.780219012454035,0.0364060643693193,0.760151292593694,0.60874170739475,0.760998238479325,0.249046220453125,0.063568713786517,0.176239903902548,-0.0178435689325852,-0.123055220464991
"abs_omega_misspec_by_design","post_production_exploratory_heterogeneity_sensitivity",0.5,"primary","mlma_cr2","all_non_null","tau_true","tau>=0.15",NA,NA,NA,NA,NA,"abs_omega_plan_minus_true","[0.15,Inf)",30,570,0.343065643665478,0.244053929734788,0.238828501405118,0.794248787834041,0.717031580824471,0.0131987970791173,0.514031580477955,0.514134287899641,0.920935287727202,0.70444337115475,0.105705941070114,0.184191636908167,-0.101711796458195,-0.151050376285185
"abs_omega_misspec_by_design","post_production_exploratory_heterogeneity_sensitivity",0.5,"primary","mlma_cr2","all_non_null","omega_true","omega<0.05",NA,NA,NA,NA,NA,"abs_omega_plan_minus_true","[0.15,Inf)",8,120,0.194593792014841,0.1193822844508,-0.0159052615962442,0.879266330669908,0.839681880661136,0.0793344786392135,0.860433081500733,0.705065660710621,0.743939417245283,0.210776902024861,0.0835069518185017,0.158767445836864,-0.0495657732001563,0.158767445836864
"abs_omega_misspec_by_design","post_production_exploratory_heterogeneity_sensitivity",0.5,"primary","mlma_cr2","all_non_null","omega_true","[0.10,0.15)",NA,NA,NA,NA,NA,"abs_omega_plan_minus_true","[0.15,Inf)",2,30,0.270524757652931,0.178888769420736,0.122353692023992,0.759144609137879,0.706735233503402,0.0755811778114474,0.731645401788962,0.499474690275108,0.755522150758286,0.352795001740808,0.064,0.15,-0.02,-0.15
"abs_omega_misspec_by_design","post_production_exploratory_heterogeneity_sensitivity",0.5,"primary","mlma_cr2","all_non_null","omega_true","omega>=0.15",NA,NA,NA,NA,NA,"abs_omega_plan_minus_true","[0.15,Inf)",49,1035,0.312681803898722,0.217599117283735,0.182443301923043,0.775881705367863,0.721734244252746,0.0163925489871183,0.663307127450911,0.520900319327083,0.920935287727202,0.479518063672056,0.0856809995956702,0.188143464534802,-0.0440042040658967,-0.188143464534802
"abs_omega_misspec_by_design","post_production_exploratory_heterogeneity_sensitivity",0.5,"primary","mlma_cr2","all_non_null","I_C_star_primary","I_C*<2000",NA,NA,NA,NA,NA,"abs_omega_plan_minus_true","[0.15,Inf)",4,75,0.116568065914128,0.0790002075188725,0.0409348672897457,0.861542988672795,0.76197428065408,0.0276929189764271,0.638305888806273,0.580604804378304,0.349665489908305,0.412447699440981,0.106287100094766,0.171853308272664,-0.0938240499334644,-0.111827871622867
"abs_omega_misspec_by_design","post_production_exploratory_heterogeneity_sensitivity",0.5,"primary","mlma_cr2","all_non_null","I_C_star_primary","[2000,8000)",NA,NA,NA,NA,NA,"abs_omega_plan_minus_true","[0.15,Inf)",19,375,0.263202394793755,0.184715529580684,0.156531542073951,0.818183440394073,0.775582643636208,0.0114850020577992,0.653303455243133,0.601528437109729,0.795109073933303,0.512633107920822,0.0868752333932715,0.183544383033409,-0.0494963473447273,-0.158640679847205
"abs_omega_misspec_by_design","post_production_exploratory_heterogeneity_sensitivity",0.5,"primary","mlma_cr2","all_non_null","I_C_star_primary","[8000,20000)",NA,NA,NA,NA,NA,"abs_omega_plan_minus_true","[0.15,Inf)",17,375,0.317374646406228,0.223928785545529,0.179903768077279,0.727432299082457,0.693357095653928,0.0316012406746257,0.653317922435116,0.48074406209365,0.884172289426045,0.421501560240741,0.0781233907735553,0.190031279118583,-0.0301870259352122,-0.164133576663453
"abs_omega_misspec_by_design","post_production_exploratory_heterogeneity_sensitivity",0.5,"primary","mlma_cr2","all_non_null","I_C_star_primary","I_C*>=20000",NA,NA,NA,NA,NA,"abs_omega_plan_minus_true","[0.15,Inf)",19,360,0.34625558501975,0.238169416303162,0.170437334739105,0.613261507062418,0.585978644293164,0.104414898752685,0.623982910884623,0.343370971567655,0.920935287727202,0.363495555423778,0.0854851450835316,0.181390855184715,-0.0421504868534297,-0.140969321471903
"abs_omega_misspec_by_design","post_production_exploratory_heterogeneity_sensitivity",0.5,"primary","mlma_cr2","all_non_null","nu_C_star_primary","nu_C*<5",NA,NA,NA,NA,NA,"abs_omega_plan_minus_true","[0.15,Inf)",10,180,0.238087378105917,0.143877619885349,0.111081301100831,0.749772411950802,0.664047184133176,0.0382716414123526,0.505694853864588,0.4409586627552,0.884172289426045,0.533791146686752,0.0962058205435548,0.173120602903543,-0.0770756172491675,-0.122984143577269
"abs_omega_misspec_by_design","post_production_exploratory_heterogeneity_sensitivity",0.5,"primary","mlma_cr2","all_non_null","nu_C_star_primary","[5,10)",NA,NA,NA,NA,NA,"abs_omega_plan_minus_true","[0.15,Inf)",10,240,0.321591553836009,0.221399207453239,0.179250772979063,0.689045156767272,0.628427764927912,0.0848659527778596,0.459477302873868,0.39492145573229,0.920935287727202,0.465458060373271,0.0814868333979721,0.189823062964875,-0.0359353439690786,-0.150297441419323
"abs_omega_misspec_by_design","post_production_exploratory_heterogeneity_sensitivity",0.5,"primary","mlma_cr2","all_non_null","nu_C_star_primary","[10,20)",NA,NA,NA,NA,NA,"abs_omega_plan_minus_true","[0.15,Inf)",15,300,0.328282645027357,0.244094906545917,0.193777300358123,0.713869654248607,0.671513584898972,0.0366092700059631,0.614276713861942,0.450930494703869,0.878462119744914,0.560265905592288,0.0949761675197952,0.192204618249409,-0.0560714014408383,-0.176368313575629
"abs_omega_misspec_by_design","post_production_exploratory_heterogeneity_sensitivity",0.5,"primary","mlma_cr2","all_non_null","nu_C_star_primary","nu_C*>=20",NA,NA,NA,NA,NA,"abs_omega_plan_minus_true","[0.15,Inf)",24,465,0.2953985786344,0.199237355426814,0.149339326965503,0.722064769603398,0.693736661519093,0.0395314598274297,0.73942724131068,0.481270555535657,0.898006614750978,0.282508041635938,0.0758149050117144,0.180430000397664,-0.0274682363495513,-0.148510465453467
"abs_omega_misspec_by_design","post_production_exploratory_heterogeneity_sensitivity",0.5,"primary","mlma_cr2","all_non_null","n_cv","n_cv<=0.3",NA,NA,NA,NA,NA,"abs_omega_plan_minus_true","[0.15,Inf)",9,225,0.340132189791944,0.244828606265015,0.20505047628903,0.740334436753947,0.67307355795043,0.0237898812901361,0.612789996336194,0.453028014412051,0.861514743322203,0.529040776748813,0.0802990835553929,0.19525489597882,-0.0273075803963741,-0.19525489597882
"abs_omega_misspec_by_design","post_production_exploratory_heterogeneity_sensitivity",0.5,"primary","mlma_cr2","all_non_null","n_cv","0.3<n_cv<=0.6",NA,NA,NA,NA,NA,"abs_omega_plan_minus_true","[0.15,Inf)",9,195,0.357531826352813,0.260743578403121,0.239629401725411,0.725942291963568,0.670865177484067,0.00951406414786581,0.623909117123968,0.450060086360729,0.920935287727202,0.558809043488586,0.0905309300648425,0.196252458074336,-0.0570647874603926,-0.196252458074336
"abs_omega_misspec_by_design","post_production_exploratory_heterogeneity_sensitivity",0.5,"primary","mlma_cr2","all_non_null","n_cv","n_cv>0.6",NA,NA,NA,NA,NA,"abs_omega_plan_minus_true","[0.15,Inf)",41,765,0.272903752939462,0.181668221447251,0.127747328572593,0.799006622195283,0.757284720206036,0.0323083403685493,0.712397754321467,0.573480147457535,0.898006614750978,0.389293683474178,0.0848363969112827,0.177881043626424,-0.0455168690826943,-0.128071648854074
"abs_omega_misspec_by_design","post_production_exploratory_heterogeneity_sensitivity",0.5,"primary","mlma_cr2","all_non_null","alignment_pattern","independent",NA,NA,NA,NA,NA,"abs_omega_plan_minus_true","[0.15,Inf)",8,120,0.299957537763045,0.208279411733065,0.150369561329858,0.687299306503257,0.696801713335877,0.0652625981969702,0.642947270332177,0.485532627707814,0.878462119744914,0.37259438992736,0.0786220462825542,0.173138407029175,-0.0357309134873721,-0.0922080868568956
"abs_omega_misspec_by_design","post_production_exploratory_heterogeneity_sensitivity",0.5,"primary","mlma_cr2","all_non_null","alignment_pattern","n_majority",NA,NA,NA,NA,NA,"abs_omega_plan_minus_true","[0.15,Inf)",12,240,0.24920946065343,0.163929012544076,0.146289356467259,0.88450326817302,0.832175408054389,-0.0209592270726114,0.765063256769732,0.692515909770489,0.847144455664705,0.389844664885463,0.086185277104548,0.183945558977764,-0.0509592141503526,-0.183945558977764
"abs_omega_misspec_by_design","post_production_exploratory_heterogeneity_sensitivity",0.5,"primary","mlma_cr2","all_non_null","alignment_pattern","n_minority",NA,NA,NA,NA,NA,"abs_omega_plan_minus_true","[0.15,Inf)",13,270,0.358888660017544,0.254089630318751,0.227390180252206,0.706341513502404,0.658631077702345,0.0277307164017161,0.587956724896496,0.433794896515353,0.920935287727202,0.512344044369313,0.0917371644862954,0.186280649823395,-0.0607164110737375,-0.1695300760086
"abs_omega_misspec_by_design","post_production_exploratory_heterogeneity_sensitivity",0.5,"primary","mlma_cr2","all_non_null","alignment_pattern","nk_majority",NA,NA,NA,NA,NA,"abs_omega_plan_minus_true","[0.15,Inf)",13,255,0.251330171852903,0.173621245054515,0.13704825138856,0.81824914052102,0.789209685598135,0.0139273352387818,0.694532749331833,0.622851927841907,0.794844189333064,0.463095612351711,0.0859822990929798,0.183321687591303,-0.055539842775369,-0.128149009490516
"abs_omega_misspec_by_design","post_production_exploratory_heterogeneity_sensitivity",0.5,"primary","mlma_cr2","all_non_null","alignment_pattern","nk_minority",NA,NA,NA,NA,NA,"abs_omega_plan_minus_true","[0.15,Inf)",13,300,0.32324041971243,0.225645045039579,0.136981170585389,0.686328184595653,0.641566554785405,0.0935763587535782,0.643801194012297,0.411607644219214,0.879066857201763,0.399061097384472,0.0793567868691043,0.187714101692269,-0.0167274402667478,-0.155044565910674
"abs_omega_misspec_by_design","post_production_exploratory_heterogeneity_sensitivity",0.5,"primary","mlma_cr2","all_non_null","nk_mode","independent",NA,NA,NA,NA,NA,"abs_omega_plan_minus_true","[0.15,Inf)",21,435,0.338974336403012,0.24456266401975,0.210175900626487,0.753494241376794,0.684097739358061,0.00941173090827674,0.633288918087748,0.467989716994809,0.898006614750978,0.595985761632487,0.0944235540759112,0.189906464456546,-0.0708771590519927,-0.16782670510082
"abs_omega_misspec_by_design","post_production_exploratory_heterogeneity_sensitivity",0.5,"primary","mlma_cr2","all_non_null","nk_mode","negative",NA,NA,NA,NA,NA,"abs_omega_plan_minus_true","[0.15,Inf)",17,345,0.264337359362878,0.174539403400536,0.133751086065307,0.805391226396926,0.782053999099582,0.0157175590058592,0.743367037679514,0.611608457507649,0.884172289426045,0.297162453889206,0.0724056607994666,0.179415928135477,-0.0236970586903069,-0.138157106829192
"abs_omega_misspec_by_design","post_production_exploratory_heterogeneity_sensitivity",0.5,"primary","mlma_cr2","all_non_null","nk_mode","positive",NA,NA,NA,NA,NA,"abs_omega_plan_minus_true","[0.15,Inf)",21,405,0.289067026232238,0.193350050823722,0.130913963936957,0.779621678349454,0.723897074762135,0.0600186899033959,0.658558745760431,0.524026974849176,0.920935287727202,0.383973160137707,0.0853493081503742,0.18215499271261,-0.0323091223616028,-0.146932280785602
"abs_omega_misspec_by_design","post_production_exploratory_heterogeneity_sensitivity",0.5,"primary","mlma_cr2","all_non_null","all","all",NA,NA,NA,NA,NA,"abs_omega_plan_minus_true","[0.025,0.05)",89,1335,0.23090097148963,0.152816406211117,0.0640057073945564,0.815757292831948,0.791585635745967,0.0548869395865277,0.77347706405591,0.626607818719347,0.919426425540983,0.284191583925952,0.0838053723036471,0.0374136874135499,-0.0412016967234471,-0.00513817926623209
"abs_omega_misspec_by_design","post_production_exploratory_heterogeneity_sensitivity",0.5,"primary","mlma_cr2","all_non_null","scenario_set","broad",NA,NA,NA,NA,NA,"abs_omega_plan_minus_true","[0.025,0.05)",71,1065,0.23792435601062,0.158265818620723,0.0727407029449249,0.808057223596062,0.780971150424123,0.0536360364646368,0.761237744445724,0.609915937794778,0.919426425540983,0.285325424674938,0.0844119873028278,0.0376927563530142,-0.0423534129980254,-0.00808925142164523
"abs_omega_misspec_by_design","post_production_exploratory_heterogeneity_sensitivity",0.5,"primary","mlma_cr2","all_non_null","scenario_set","targeted",NA,NA,NA,NA,NA,"abs_omega_plan_minus_true","[0.025,0.05)",18,270,0.200816399909113,0.131321501706561,0.0295510027236586,0.849424592527962,0.837489842571165,0.0587174556362688,0.826018775257806,0.701389236409874,0.761383736772573,0.271814761695226,0.0814126131402121,0.0363129154856627,-0.0366588158626108,0.006502160902342
"abs_omega_misspec_by_design","post_production_exploratory_heterogeneity_sensitivity",0.5,"primary","mlma_cr2","all_non_null","beta1_true","0.05",NA,NA,NA,NA,NA,"abs_omega_plan_minus_true","[0.025,0.05)",89,445,0.194039029173886,0.11773936820726,0.0523653256716857,0.583737722922501,0.385794679922694,0.111557820318622,0.276443068717639,0.148837535056653,0.919426425540983,0.400328036611142,0.0838053723036471,0.0374136874135499,-0.0412016967234471,-0.00513817926623209
"abs_omega_misspec_by_design","post_production_exploratory_heterogeneity_sensitivity",0.5,"primary","mlma_cr2","all_non_null","beta1_true","0.1",NA,NA,NA,NA,NA,"abs_omega_plan_minus_true","[0.025,0.05)",89,445,0.285954628040661,0.21022630607609,0.0775048274874838,0.589406011898619,0.537179857350879,0.175658761804735,0.508588139461289,0.288562199143511,0.814199999999998,0.391602376528824,0.0838053723036471,0.0374136874135499,-0.0412016967234471,-0.00513817926623209
"abs_omega_misspec_by_design","post_production_exploratory_heterogeneity_sensitivity",0.5,"primary","mlma_cr2","all_non_null","beta1_true","0.2",NA,NA,NA,NA,NA,"abs_omega_plan_minus_true","[0.025,0.05)",89,445,0.201307182594033,0.130483544350001,0.0621469690244997,0.593951492553956,0.715921577491344,0.0966775089181441,0.809299971658078,0.512543705117695,0.723787063144653,0.097394062101262,0.0838053723036471,0.0374136874135499,-0.0412016967234471,-0.00513817926623209
"abs_omega_misspec_by_design","post_production_exploratory_heterogeneity_sensitivity",0.5,"primary","mlma_cr2","all_non_null","J","J<=36",NA,NA,NA,NA,NA,"abs_omega_plan_minus_true","[0.025,0.05)",30,450,0.245662947415923,0.161006180460836,0.0758912618134979,0.776016901605945,0.716745849139183,0.0660013999343111,0.650170703936424,0.513724612258249,0.919426425540983,0.404110406139838,0.0862181309628867,0.0384588161502073,-0.0455692570970239,-0.0148764077189495
"abs_omega_misspec_by_design","post_production_exploratory_heterogeneity_sensitivity",0.5,"primary","mlma_cr2","all_non_null","J","37-60",NA,NA,NA,NA,NA,"abs_omega_plan_minus_true","[0.025,0.05)",23,345,0.227964600328894,0.155088871505825,0.0725180930583032,0.828008860495274,0.795750426873471,0.0460789930317053,0.767497689094766,0.633218741869311,0.727783606550246,0.293331871502186,0.0874006718059308,0.0346858121741781,-0.0475522842706642,0.00637066945640391
"abs_omega_misspec_by_design","post_production_exploratory_heterogeneity_sensitivity",0.5,"primary","mlma_cr2","all_non_null","J","61-96",NA,NA,NA,NA,NA,"abs_omega_plan_minus_true","[0.025,0.05)",27,405,0.231404387501017,0.154683793997732,0.0557081593417802,0.799126373986789,0.779262524255744,0.0832428478200302,0.77782901692736,0.607250081709434,0.767016512026473,0.226840956760698,0.0813402041897415,0.0377940016868071,-0.0386378279302499,0.00147093977116664
"abs_omega_misspec_by_design","post_production_exploratory_heterogeneity_sensitivity",0.5,"primary","mlma_cr2","all_non_null","J","J>96",NA,NA,NA,NA,NA,"abs_omega_plan_minus_true","[0.025,0.05)",9,135,0.18058331547783,0.114107584043511,0.0275259623490605,0.851700397032621,0.848626626357456,0.064110291124608,0.860824405285769,0.720167150962837,0.66927679136594,0.159315737244694,0.0739703601642848,0.0397602188610925,-0.0181054892371174,-0.0219162771605511
"abs_omega_misspec_by_design","post_production_exploratory_heterogeneity_sensitivity",0.5,"primary","mlma_cr2","all_non_null","tau_true","tau<0.05",NA,NA,NA,NA,NA,"abs_omega_plan_minus_true","[0.025,0.05)",8,120,0.258816040754942,0.168685582650819,-0.151487830263888,0.864936095359961,0.821585855376681,0.224089821552423,0.842172312492518,0.675003317755032,0.767016512026473,0.197007900824621,0.0770143538194519,0.037806382069153,0.0616905896990865,0.011005705827796
"abs_omega_misspec_by_design","post_production_exploratory_heterogeneity_sensitivity",0.5,"primary","mlma_cr2","all_non_null","tau_true","[0.05,0.10)",NA,NA,NA,NA,NA,"abs_omega_plan_minus_true","[0.025,0.05)",19,285,0.192271842374393,0.126894815632642,-0.0670360706041264,0.865245780919824,0.856432406380382,0.166111165617017,0.823009661629262,0.733476466698493,0.717330862515422,0.180152982356803,0.0644734471662044,0.0394068090671177,0.0223672358310218,0.000284262838690805
"abs_omega_misspec_by_design","post_production_exploratory_heterogeneity_sensitivity",0.5,"primary","mlma_cr2","all_non_null","tau_true","[0.10,0.15)",NA,NA,NA,NA,NA,"abs_omega_plan_minus_true","[0.025,0.05)",22,330,0.175384007315081,0.118293606565337,0.0568284616854079,0.891142418523051,0.881275886319069,0.0220439304605471,0.860236013958187,0.776647187807461,0.682682249259277,0.233437292346003,0.06540541966845,0.0373950064709034,-0.0270270983422498,-0.00944233529015959
"abs_omega_misspec_by_design","post_production_exploratory_heterogeneity_sensitivity",0.5,"primary","mlma_cr2","all_non_null","tau_true","tau>=0.15",NA,NA,NA,NA,NA,"abs_omega_plan_minus_true","[0.025,0.05)",40,600,0.265991598005136,0.180942866253131,0.173296744615651,0.870203916632552,0.81422158840864,-0.00629693453143632,0.665690847083013,0.662956795030688,0.919426425540983,0.481242452347476,0.10446621439013,0.03639869021544,-0.0997714260809851,-0.00857533047171595
"abs_omega_misspec_by_design","post_production_exploratory_heterogeneity_sensitivity",0.5,"primary","mlma_cr2","all_non_null","omega_true","omega<0.05",NA,NA,NA,NA,NA,"abs_omega_plan_minus_true","[0.025,0.05)",8,120,0.29627312880801,0.191437745292279,0.12805914046819,0.756122207425301,0.709212775964834,0.0551199536201803,0.693903679358816,0.502982761591746,0.919426425540983,0.324884235836519,0.0835069518185017,0.0412325541631362,-0.0495657732001563,-0.0412325541631362
"abs_omega_misspec_by_design","post_production_exploratory_heterogeneity_sensitivity",0.5,"primary","mlma_cr2","all_non_null","omega_true","[0.05,0.10)",NA,NA,NA,NA,NA,"abs_omega_plan_minus_true","[0.025,0.05)",23,345,0.265559140398963,0.184596307150638,0.0578597262506387,0.725403137888826,0.707825108140649,0.119161421581574,0.701155040840644,0.501016383714322,0.787905714148519,0.289591215171961,0.0834461082875319,0.0367598879096002,-0.0351437564440978,0.00305726994131439
"abs_omega_misspec_by_design","post_production_exploratory_heterogeneity_sensitivity",0.5,"primary","mlma_cr2","all_non_null","omega_true","[0.10,0.15)",NA,NA,NA,NA,NA,"abs_omega_plan_minus_true","[0.025,0.05)",20,300,0.220468930008007,0.145194329098305,0.0433130726014433,0.82507175641542,0.809212667925202,0.0513339945708056,0.816691395067864,0.654825141930623,0.760438189247787,0.277264720399907,0.0765084655705426,0.0383747782577441,-0.0251362345883711,-0.000943003354940398
"abs_omega_misspec_by_design","post_production_exploratory_heterogeneity_sensitivity",0.5,"primary","mlma_cr2","all_non_null","omega_true","omega>=0.15",NA,NA,NA,NA,NA,"abs_omega_plan_minus_true","[0.025,0.05)",38,570,0.195253330017969,0.129462014316326,0.0651315704888538,0.873696765399354,0.847107221400921,0.0268940479566891,0.805446742640034,0.71759064454959,0.761383736772573,0.27612012332304,0.0879261241698025,0.0364995989322411,-0.051562992968523,-0.00470775428792076
"abs_omega_misspec_by_design","post_production_exploratory_heterogeneity_sensitivity",0.5,"primary","mlma_cr2","all_non_null","I_C_star_primary","I_C*<2000",NA,NA,NA,NA,NA,"abs_omega_plan_minus_true","[0.025,0.05)",5,75,0.0841360244126453,0.050616474721449,0.033563889411063,0.918890197621844,0.936771293070741,0.0233639804659799,0.739156921771659,0.877540455521428,0.302525761603801,0.218717944467524,0.078879494782621,0.0330424224417656,-0.0336643600116018,-0.00830236646707644
"abs_omega_misspec_by_design","post_production_exploratory_heterogeneity_sensitivity",0.5,"primary","mlma_cr2","all_non_null","I_C_star_primary","[2000,8000)",NA,NA,NA,NA,NA,"abs_omega_plan_minus_true","[0.025,0.05)",25,375,0.186561406405676,0.127259638687442,0.0491871521429371,0.847239214532377,0.834102589821545,0.0348243036280116,0.799406581103275,0.695727130347008,0.638245435217391,0.301767217805747,0.0856492541428837,0.0383571991559979,-0.0458586863756995,-0.00262056244863886
"abs_omega_misspec_by_design","post_production_exploratory_heterogeneity_sensitivity",0.5,"primary","mlma_cr2","all_non_null","I_C_star_primary","[8000,20000)",NA,NA,NA,NA,NA,"abs_omega_plan_minus_true","[0.025,0.05)",30,450,0.233943520909779,0.155055008780085,0.0641289069866004,0.80978677782946,0.785793733065943,0.0531099120306826,0.779085992608767,0.61747179092571,0.764176391366185,0.297372092620527,0.0802826897245479,0.0365565119114763,-0.0354283421092803,-0.00800922316453849
"abs_omega_misspec_by_design","post_production_exploratory_heterogeneity_sensitivity",0.5,"primary","mlma_cr2","all_non_null","I_C_star_primary","I_C*>=20000",NA,NA,NA,NA,NA,"abs_omega_plan_minus_true","[0.025,0.05)",29,435,0.275283401131091,0.190152984434261,0.0819014654444402,0.686372336463387,0.687150120279903,0.114366394877783,0.704014816411174,0.472175287800685,0.919426425540983,0.274066023051536,0.0867092626138952,0.038240714874237,-0.0444590270916514,-0.00379294366231543
"abs_omega_misspec_by_design","post_production_exploratory_heterogeneity_sensitivity",0.5,"primary","mlma_cr2","all_non_null","nu_C_star_primary","nu_C*<5",NA,NA,NA,NA,NA,"abs_omega_plan_minus_true","[0.025,0.05)",16,240,0.195674716390094,0.115169322607264,0.0492748587160064,0.841318371366548,0.775173639949813,0.0266287719952487,0.752768972023105,0.600894172073042,0.767016512026473,0.375313432244849,0.0831493795862494,0.0396854458305716,-0.0455839892811491,-0.0148304995468971
"abs_omega_misspec_by_design","post_production_exploratory_heterogeneity_sensitivity",0.5,"primary","mlma_cr2","all_non_null","nu_C_star_primary","[5,10)",NA,NA,NA,NA,NA,"abs_omega_plan_minus_true","[0.025,0.05)",17,255,0.228079660901049,0.155541649238593,0.0713190028966495,0.786867733336386,0.764427786901097,0.0652050701601712,0.702516181861758,0.584349841386509,0.762657245168386,0.31463040469104,0.0814156795421457,0.0373721344826455,-0.0370277110916624,-0.000925264607560171
"abs_omega_misspec_by_design","post_production_exploratory_heterogeneity_sensitivity",0.5,"primary","mlma_cr2","all_non_null","nu_C_star_primary","[10,20)",NA,NA,NA,NA,NA,"abs_omega_plan_minus_true","[0.025,0.05)",22,330,0.254033059710966,0.176207308882687,0.0665461830681084,0.762230273990529,0.728750096017237,0.0875087425495459,0.703852496468769,0.531076702445133,0.787905714148519,0.318457964369908,0.0934201258472707,0.0372716349105229,-0.0507324505438446,-0.00829101013832739
"abs_omega_misspec_by_design","post_production_exploratory_heterogeneity_sensitivity",0.5,"primary","mlma_cr2","all_non_null","nu_C_star_primary","nu_C*>=20",NA,NA,NA,NA,NA,"abs_omega_plan_minus_true","[0.025,0.05)",34,510,0.231895854273467,0.154034769370529,0.0656373865269998,0.772347011385814,0.771551103549427,0.0763090344244137,0.78601773053718,0.595291105388339,0.919426425540983,0.216922168398635,0.0790876100231815,0.0364573174200092,-0.0350594758636931,-0.000643477663899328
"abs_omega_misspec_by_design","post_production_exploratory_heterogeneity_sensitivity",0.5,"primary","mlma_cr2","all_non_null","n_cv","n_cv<=0.3",NA,NA,NA,NA,NA,"abs_omega_plan_minus_true","[0.025,0.05)",20,300,0.229039334734172,0.154655540719961,0.0354803574979784,0.799011635202557,0.786068010611581,0.0851111859424447,0.789642502369313,0.617902917306849,0.764176391366185,0.297834506493989,0.0768411197276565,0.0392002276649407,-0.0260999019283511,-0.00139640043323156
"abs_omega_misspec_by_design","post_production_exploratory_heterogeneity_sensitivity",0.5,"primary","mlma_cr2","all_non_null","n_cv","0.3<n_cv<=0.6",NA,NA,NA,NA,NA,"abs_omega_plan_minus_true","[0.025,0.05)",15,225,0.230541825802508,0.15832270742953,0.0912476768625156,0.819068815249057,0.799257890590886,0.0394023212908916,0.773514012409307,0.638813175671792,0.727783606550246,0.261307527126878,0.0856574002563294,0.0340526319123494,-0.0476270083090097,-0.0160029757978704
"abs_omega_misspec_by_design","post_production_exploratory_heterogeneity_sensitivity",0.5,"primary","mlma_cr2","all_non_null","n_cv","n_cv>0.6",NA,NA,NA,NA,NA,"abs_omega_plan_minus_true","[0.025,0.05)",54,810,0.231686037548555,0.150605717165689,0.0670034380595967,0.822711565867107,0.788500487284324,0.0508407620799559,0.760715464964383,0.621733018447616,0.919426425540983,0.285995440333179,0.0858702729004912,0.0376856323670719,-0.0450101452811968,-0.00350602424188829
"abs_omega_misspec_by_design","post_production_exploratory_heterogeneity_sensitivity",0.5,"primary","mlma_cr2","all_non_null","alignment_pattern","independent",NA,NA,NA,NA,NA,"abs_omega_plan_minus_true","[0.025,0.05)",24,360,0.265495692986815,0.184081106477472,0.0643055458915306,0.728748296162639,0.715453547497939,0.0978900231991287,0.706284061191663,0.511873778627386,0.787905714148519,0.357824899722795,0.0833934966250594,0.0400195400833497,-0.0333978493366157,-0.0127080768076145
"abs_omega_misspec_by_design","post_production_exploratory_heterogeneity_sensitivity",0.5,"primary","mlma_cr2","all_non_null","alignment_pattern","n_majority",NA,NA,NA,NA,NA,"abs_omega_plan_minus_true","[0.025,0.05)",18,270,0.168453293284761,0.10990661480105,0.0745235952353497,0.91765103789933,0.901587917954557,-0.00441755222376424,0.860281723428936,0.812860773801633,0.543359060832137,0.239770353906764,0.081659581686253,0.0344958825456366,-0.0504256184111937,-0.00534914864065486
"abs_omega_misspec_by_design","post_production_exploratory_heterogeneity_sensitivity",0.5,"primary","mlma_cr2","all_non_null","alignment_pattern","n_minority",NA,NA,NA,NA,NA,"abs_omega_plan_minus_true","[0.025,0.05)",17,255,0.256919871800061,0.177313819457149,0.126711375577255,0.83003380329063,0.785408675035968,0.011989866642392,0.758461140360783,0.616866786821755,0.727783606550246,0.350018146063111,0.092655055366212,0.0352268600918366,-0.0712954383863253,0.00660660178965541
"abs_omega_misspec_by_design","post_production_exploratory_heterogeneity_sensitivity",0.5,"primary","mlma_cr2","all_non_null","alignment_pattern","nk_majority",NA,NA,NA,NA,NA,"abs_omega_plan_minus_true","[0.025,0.05)",16,240,0.169687957944226,0.112408746114919,0.0262933673579784,0.886135097363069,0.867397899302118,0.0480144288195359,0.831910650756245,0.752379115713727,0.766604056264524,0.244042873718141,0.0784023086232745,0.0373180485104786,-0.029028001765677,-0.00557942117307159
"abs_omega_misspec_by_design","post_production_exploratory_heterogeneity_sensitivity",0.5,"primary","mlma_cr2","all_non_null","alignment_pattern","nk_minority",NA,NA,NA,NA,NA,"abs_omega_plan_minus_true","[0.025,0.05)",14,210,0.261825008657885,0.170822833021496,0.0169259199958214,0.762568318269523,0.73732576673777,0.113250082698813,0.759954195761474,0.54364928629544,0.919426425540983,0.300229482132033,0.0826992047480441,0.0394627095896576,-0.0200907865777263,-0.00564720910250829
"abs_omega_misspec_by_design","post_production_exploratory_heterogeneity_sensitivity",0.5,"primary","mlma_cr2","all_non_null","nk_mode","independent",NA,NA,NA,NA,NA,"abs_omega_plan_minus_true","[0.025,0.05)",36,540,0.226954670832396,0.151857130254609,0.0780144563780774,0.83385151996788,0.808704400011617,0.0389330640079571,0.784748367107495,0.654002806598149,0.787905714148519,0.283667502165431,0.0858342905694389,0.0360445717776682,-0.0468957506532105,-0.00722451060588835
"abs_omega_misspec_by_design","post_production_exploratory_heterogeneity_sensitivity",0.5,"primary","mlma_cr2","all_non_null","nk_mode","negative",NA,NA,NA,NA,NA,"abs_omega_plan_minus_true","[0.025,0.05)",25,375,0.225758795625714,0.14734566003665,0.0669802080611051,0.833855065128805,0.80823283407035,0.041399911505597,0.792924618084647,0.653240314069389,0.764176391366185,0.299630371223962,0.0825621466723406,0.0377040889454378,-0.0454604927165317,0.000420152136676516
"abs_omega_misspec_by_design","post_production_exploratory_heterogeneity_sensitivity",0.5,"primary","mlma_cr2","all_non_null","nk_mode","positive",NA,NA,NA,NA,NA,"abs_omega_plan_minus_true","[0.025,0.05)",28,420,0.240281008061965,0.158934355810973,0.0433386545348968,0.78152230893049,0.755026124523361,0.084975491672129,0.744627203128605,0.570064448712766,0.919426425540983,0.271918654472616,0.0823067859898671,0.0389146918633549,-0.0300782738199258,-0.00741854915355672
"abs_omega_misspec_by_design","post_production_exploratory_heterogeneity_sensitivity",0.5,"primary","mlma_cr2","all_non_null","all","all",NA,NA,NA,NA,NA,"abs_omega_plan_minus_true","[0,0.025)",91,1365,0.222290040371514,0.145587746358822,0.0620746996887477,0.83555473466017,0.807304573328711,0.0486934655548522,0.786396734441198,0.651740674117453,0.842513911876717,0.284213607931738,0.0843307861037524,0.0127969750235245,-0.0408084630398566,-0.000882175975553996
"abs_omega_misspec_by_design","post_production_exploratory_heterogeneity_sensitivity",0.5,"primary","mlma_cr2","all_non_null","scenario_set","broad",NA,NA,NA,NA,NA,"abs_omega_plan_minus_true","[0,0.025)",71,1065,0.228701228924599,0.150148984598885,0.0652723954209783,0.825347541995448,0.795994058536944,0.0514714527753988,0.776243853802774,0.633606541226115,0.842513911876717,0.276902643039297,0.0847577518373482,0.0122814874653138,-0.0404073416007991,-0.000720356537636586
"abs_omega_misspec_by_design","post_production_exploratory_heterogeneity_sensitivity",0.5,"primary","mlma_cr2","all_non_null","scenario_set","targeted",NA,NA,NA,NA,NA,"abs_omega_plan_minus_true","[0,0.025)",20,300,0.197859615191737,0.129395350606599,0.050722879839329,0.873501832850928,0.847367487007993,0.0391894857449293,0.822760800787339,0.718031658038241,0.756302306380802,0.292956901320667,0.0828150577494874,0.0146269558551722,-0.0422324441485106,-0.0014566349801608
"abs_omega_misspec_by_design","post_production_exploratory_heterogeneity_sensitivity",0.5,"primary","mlma_cr2","all_non_null","beta1_true","0.05",NA,NA,NA,NA,NA,"abs_omega_plan_minus_true","[0,0.025)",91,455,0.190471347019722,0.113521514448969,0.0518291461448524,0.643661698748157,0.432744238542057,0.103831146904673,0.310367458317698,0.187267575991345,0.842513911876717,0.391949800856776,0.0843307861037524,0.0127969750235245,-0.0408084630398566,-0.000882175975553996
"abs_omega_misspec_by_design","post_production_exploratory_heterogeneity_sensitivity",0.5,"primary","mlma_cr2","all_non_null","beta1_true","0.1",NA,NA,NA,NA,NA,"abs_omega_plan_minus_true","[0,0.025)",91,455,0.272489245065115,0.197410173763068,0.0745819844369612,0.64604984820605,0.592218956777376,0.1502398504669,0.556260204253963,0.350723292766484,0.832972422728425,0.383319145378668,0.0843307861037524,0.0127969750235245,-0.0408084630398566,-0.000882175975553996
"abs_omega_misspec_by_design","post_production_exploratory_heterogeneity_sensitivity",0.5,"primary","mlma_cr2","all_non_null","beta1_true","0.2",NA,NA,NA,NA,NA,"abs_omega_plan_minus_true","[0,0.025)",91,455,0.194187701550444,0.12583155086443,0.0598129684844294,0.6494717452365,0.741640271054525,0.0818395417253735,0.827954151870981,0.55003029164983,0.699905640001594,0.104600176726813,0.0843307861037524,0.0127969750235245,-0.0408084630398566,-0.000882175975553996
"abs_omega_misspec_by_design","post_production_exploratory_heterogeneity_sensitivity",0.5,"primary","mlma_cr2","all_non_null","J","J<=36",NA,NA,NA,NA,NA,"abs_omega_plan_minus_true","[0,0.025)",32,480,0.22676246093015,0.145265889054248,0.0626453361117975,0.81288119707983,0.744513604861521,0.0588160774808007,0.68171248485712,0.554300507823898,0.842513911876717,0.372009156613804,0.0890774595972598,0.0121001297275525,-0.0480699716076724,0.00280124705640811
"abs_omega_misspec_by_design","post_production_exploratory_heterogeneity_sensitivity",0.5,"primary","mlma_cr2","all_non_null","J","37-60",NA,NA,NA,NA,NA,"abs_omega_plan_minus_true","[0,0.025)",22,330,0.222055694601763,0.151784976231426,0.0783158103723197,0.840034619275184,0.811124937209691,0.0382013768265349,0.782162316127377,0.657923663763425,0.782193930609969,0.24876879295228,0.0849255479938355,0.015390263326601,-0.0417204971412562,-0.00214507355310532
"abs_omega_misspec_by_design","post_production_exploratory_heterogeneity_sensitivity",0.5,"primary","mlma_cr2","all_non_null","J","61-96",NA,NA,NA,NA,NA,"abs_omega_plan_minus_true","[0,0.025)",27,405,0.235113294396458,0.15457559316632,0.0685863000396302,0.80766403346412,0.78118143506893,0.0679860446667772,0.779641495343993,0.610244434496353,0.756302306380802,0.217253287038459,0.0820143837095403,0.0125611582735567,-0.0420870134247796,-0.00436649522945692
"abs_omega_misspec_by_design","post_production_exploratory_heterogeneity_sensitivity",0.5,"primary","mlma_cr2","all_non_null","J","J>96",NA,NA,NA,NA,NA,"abs_omega_plan_minus_true","[0,0.025)",10,150,0.165464939745591,0.108716597633489,0.00693689868374699,0.87388038477951,0.870499554001221,0.0741316395197185,0.874837932032612,0.757769473516324,0.650150146230448,0.150187263734425,0.0740872412307187,0.00995835092877968,-0.0121130745604749,-0.000483093021681914
"abs_omega_misspec_by_design","post_production_exploratory_heterogeneity_sensitivity",0.5,"primary","mlma_cr2","all_non_null","tau_true","tau<0.05",NA,NA,NA,NA,NA,"abs_omega_plan_minus_true","[0,0.025)",9,135,0.243711142801447,0.152944058476879,-0.138100480500391,0.876390663214339,0.833716097878297,0.209019699236773,0.85000405351476,0.695082531861414,0.756302306380802,0.123786589687636,0.0767562953982851,0.0119982499878001,0.0612604923304752,-0.00248773998011743
"abs_omega_misspec_by_design","post_production_exploratory_heterogeneity_sensitivity",0.5,"primary","mlma_cr2","all_non_null","tau_true","[0.05,0.10)",NA,NA,NA,NA,NA,"abs_omega_plan_minus_true","[0,0.025)",18,270,0.187587128753529,0.124081895080005,-0.0592110302597423,0.882203628143107,0.864496010701958,0.151670097245587,0.834303429122961,0.7473533525196,0.719398975483996,0.182959112788453,0.0649805826634886,0.0112413111641234,0.0249029133174433,-0.00175219813895654
"abs_omega_misspec_by_design","post_production_exploratory_heterogeneity_sensitivity",0.5,"primary","mlma_cr2","all_non_null","tau_true","[0.10,0.15)",NA,NA,NA,NA,NA,"abs_omega_plan_minus_true","[0,0.025)",24,360,0.165581453303722,0.112165489544077,0.0540277334693554,0.909447940540462,0.894053554262687,0.0191838332283452,0.868073145799122,0.799331757889744,0.729482500942156,0.216530370984126,0.0654119458803131,0.0122198242652593,-0.0270597294015655,-0.00221987920732979
"abs_omega_misspec_by_design","post_production_exploratory_heterogeneity_sensitivity",0.5,"primary","mlma_cr2","all_non_null","tau_true","tau>=0.15",NA,NA,NA,NA,NA,"abs_omega_plan_minus_true","[0,0.025)",40,600,0.258389259464442,0.173663563296575,0.16652087343976,0.881407102919849,0.822486293594501,-0.00506945143053445,0.670035118366294,0.67648370315082,0.842513911876717,0.442705824199562,0.106093942194665,0.014023027348252,-0.101593337541941,0.000673207838069397
"abs_omega_misspec_by_design","post_production_exploratory_heterogeneity_sensitivity",0.5,"primary","mlma_cr2","all_non_null","omega_true","omega<0.05",NA,NA,NA,NA,NA,"abs_omega_plan_minus_true","[0,0.025)",8,120,0.274195791621068,0.176378925980049,0.110046308750722,0.795922659981291,0.742040988969349,0.04740218845237,0.728735044371013,0.55062482931061,0.842513911876717,0.310354326822058,0.0835069518185017,0.00876744583686376,-0.0495657732001563,0.00876744583686376
"abs_omega_misspec_by_design","post_production_exploratory_heterogeneity_sensitivity",0.5,"primary","mlma_cr2","all_non_null","omega_true","[0.05,0.10)",NA,NA,NA,NA,NA,"abs_omega_plan_minus_true","[0,0.025)",23,345,0.268128297739442,0.185496144743846,0.067116936494515,0.725116453926473,0.706935856666499,0.113259808599672,0.700175788044498,0.499758305440797,0.832972422728425,0.300510182418618,0.0834461082875319,0.0132401120903998,-0.0351437564440978,0.00088335689783613
"abs_omega_misspec_by_design","post_production_exploratory_heterogeneity_sensitivity",0.5,"primary","mlma_cr2","all_non_null","omega_true","[0.10,0.15)",NA,NA,NA,NA,NA,"abs_omega_plan_minus_true","[0,0.025)",20,300,0.208647248070732,0.137567666855603,0.0434991510833878,0.850546995873548,0.831125826544509,0.0427430365135088,0.833029799560918,0.690770139549293,0.750817544637888,0.234844395842097,0.0765084655705426,0.0116252217422559,-0.0251362345883711,-0.000943003354940398
"abs_omega_misspec_by_design","post_production_exploratory_heterogeneity_sensitivity",0.5,"primary","mlma_cr2","all_non_null","omega_true","omega>=0.15",NA,NA,NA,NA,NA,"abs_omega_plan_minus_true","[0,0.025)",40,600,0.185128082255989,0.120492221114798,0.0588688660157165,0.888238633018142,0.859558772295715,0.0247727987239265,0.817964601911625,0.738841283030517,0.756302306380802,0.280084157053639,0.0889154029717343,0.0139339536880376,-0.0501503215261008,-0.00379686805054367
"abs_omega_misspec_by_design","post_production_exploratory_heterogeneity_sensitivity",0.5,"primary","mlma_cr2","all_non_null","I_C_star_primary","I_C*<2000",NA,NA,NA,NA,NA,"abs_omega_plan_minus_true","[0,0.025)",6,90,0.0803579386815085,0.0496066123218212,0.03631537532991,0.922757703575354,0.938715968202072,0.0165246688530596,0.743212895119066,0.881187668957555,0.284468746538093,0.229380372668165,0.0891248549510512,0.015353694013999,-0.0514455759752018,0.000192315228632636
"abs_omega_misspec_by_design","post_production_exploratory_heterogeneity_sensitivity",0.5,"primary","mlma_cr2","all_non_null","I_C_star_primary","[2000,8000)",NA,NA,NA,NA,NA,"abs_omega_plan_minus_true","[0,0.025)",25,375,0.170761761748536,0.115239754267209,0.0391961226069458,0.87050095614697,0.851355743911985,0.0345919349037922,0.816316469686488,0.724806602691929,0.63071639708233,0.281194703359453,0.083466470259205,0.0118155596825528,-0.0389266505912994,-0.000312768241856222
"abs_omega_misspec_by_design","post_production_exploratory_heterogeneity_sensitivity",0.5,"primary","mlma_cr2","all_non_null","I_C_star_primary","[8000,20000)",NA,NA,NA,NA,NA,"abs_omega_plan_minus_true","[0,0.025)",32,480,0.227885268867897,0.150341597327382,0.0629561213715468,0.815729888807958,0.796487000213726,0.0484114353783643,0.791061527288766,0.634391541509459,0.832972422728425,0.297051400184647,0.0814516483561063,0.0141003919179147,-0.0358886411047097,-0.000458327634494673
"abs_omega_misspec_by_design","post_production_exploratory_heterogeneity_sensitivity",0.5,"primary","mlma_cr2","all_non_null","I_C_star_primary","I_C*>=20000",NA,NA,NA,NA,NA,"abs_omega_plan_minus_true","[0,0.025)",28,420,0.271702457407545,0.187818581198767,0.087014516808337,0.715462495129261,0.699287902454901,0.101769189507046,0.719665665975095,0.489003570519775,0.842513911876717,0.255528639817525,0.0873656393521299,0.0116357510578445,-0.0458319250229481,-0.0021052219570348
"abs_omega_misspec_by_design","post_production_exploratory_heterogeneity_sensitivity",0.5,"primary","mlma_cr2","all_non_null","nu_C_star_primary","nu_C*<5",NA,NA,NA,NA,NA,"abs_omega_plan_minus_true","[0,0.025)",16,240,0.169621483699737,0.0994196918406431,0.0404591998275912,0.881943860640052,0.828587483002381,0.0153553106347588,0.812161844746218,0.686557216988222,0.755488396290028,0.362901074373498,0.0853142924407308,0.0101621793237936,-0.0477489021356305,0.00285034107086537
"abs_omega_misspec_by_design","post_production_exploratory_heterogeneity_sensitivity",0.5,"primary","mlma_cr2","all_non_null","nu_C_star_primary","[5,10)",NA,NA,NA,NA,NA,"abs_omega_plan_minus_true","[0,0.025)",19,285,0.213599925532337,0.14290538939047,0.0690298955885131,0.812930381121459,0.789187574633507,0.0546560680423866,0.721010068703501,0.622817027955918,0.782193930609969,0.285957776697856,0.0810563502274576,0.0138006805707058,-0.0354087685615952,-0.00320978910103747
"abs_omega_misspec_by_design","post_production_exploratory_heterogeneity_sensitivity",0.5,"primary","mlma_cr2","all_non_null","nu_C_star_primary","[10,20)",NA,NA,NA,NA,NA,"abs_omega_plan_minus_true","[0,0.025)",21,315,0.255254466746762,0.176439594120478,0.0625924422934002,0.762661630250375,0.724547257189425,0.091722459291599,0.701206666385046,0.524968727900719,0.832972422728425,0.346837462930487,0.095799124535962,0.0133718861025131,-0.0483968317299233,-0.00201917550598345
"abs_omega_misspec_by_design","post_production_exploratory_heterogeneity_sensitivity",0.5,"primary","mlma_cr2","all_non_null","nu_C_star_primary","nu_C*>=20",NA,NA,NA,NA,NA,"abs_omega_plan_minus_true","[0,0.025)",35,525,0.226848089411834,0.14963817069296,0.0678697477168978,0.793422467042038,0.785059374159335,0.0641928189518457,0.800479946578457,0.616318220955447,0.842513911876717,0.197032509691454,0.0787777310517966,0.0131116376846813,-0.036013932384519,-0.000642708353254148
"abs_omega_misspec_by_design","post_production_exploratory_heterogeneity_sensitivity",0.5,"primary","mlma_cr2","all_non_null","n_cv","n_cv<=0.3",NA,NA,NA,NA,NA,"abs_omega_plan_minus_true","[0,0.025)",20,300,0.239822211208954,0.16110039741118,0.0437476547705349,0.788656654635037,0.766333283044455,0.0938285999108596,0.760941987886278,0.587266700701693,0.832972422728425,0.28400112642406,0.0790021206218499,0.010877655469242,-0.0248032326403453,-0.00442571507875106
"abs_omega_misspec_by_design","post_production_exploratory_heterogeneity_sensitivity",0.5,"primary","mlma_cr2","all_non_null","n_cv","0.3<n_cv<=0.6",NA,NA,NA,NA,NA,"abs_omega_plan_minus_true","[0,0.025)",11,165,0.223284479890548,0.153629416110057,0.0707890839703004,0.81329603404825,0.7987119109115,0.0592925945854632,0.781649452668078,0.637940716631901,0.654909392835301,0.208296688292686,0.0838889021677558,0.0153636151041772,-0.0423670416424285,0.00361314616937577
"abs_omega_misspec_by_design","post_production_exploratory_heterogeneity_sensitivity",0.5,"primary","mlma_cr2","all_non_null","n_cv","n_cv>0.6",NA,NA,NA,NA,NA,"abs_omega_plan_minus_true","[0,0.025)",60,900,0.215942161934573,0.138942556553643,0.0665860775432006,0.853637535582912,0.81755313174148,0.0369312136614765,0.786758348093115,0.668393123220301,0.842513911876717,0.290034191594527,0.086188019985986,0.0129661975268323,-0.0458578004292222,-0.000525138667725432
"abs_omega_misspec_by_design","post_production_exploratory_heterogeneity_sensitivity",0.5,"primary","mlma_cr2","all_non_null","alignment_pattern","independent",NA,NA,NA,NA,NA,"abs_omega_plan_minus_true","[0,0.025)",24,360,0.24817076772755,0.169382802234697,0.0526984153551018,0.766835471012846,0.748659754739876,0.0896502249895864,0.736689839456122,0.560491428367171,0.832972422728425,0.334020722960589,0.0833934966250594,0.00998045991665033,-0.0333978493366157,0.00395858985905214
"abs_omega_misspec_by_design","post_production_exploratory_heterogeneity_sensitivity",0.5,"primary","mlma_cr2","all_non_null","alignment_pattern","n_majority",NA,NA,NA,NA,NA,"abs_omega_plan_minus_true","[0,0.025)",18,270,0.155672761755916,0.100166754415399,0.0705274375570108,0.930576924266264,0.914264298738325,-0.00447688317292062,0.852667021043022,0.835879207947481,0.560675849528704,0.23363564084502,0.0861495136432518,0.0151385468388972,-0.0580931772239338,0.00450603244315914
"abs_omega_misspec_by_design","post_production_exploratory_heterogeneity_sensitivity",0.5,"primary","mlma_cr2","all_non_null","alignment_pattern","n_minority",NA,NA,NA,NA,NA,"abs_omega_plan_minus_true","[0,0.025)",18,270,0.257155145882321,0.174347404321517,0.129236223630897,0.84242837401508,0.787960693319682,0.0177490315613989,0.735195894140225,0.620882054216834,0.782193930609969,0.336249294066109,0.0934619224444394,0.0153883466678121,-0.0685608020873495,-0.00727374588068528
"abs_omega_misspec_by_design","post_production_exploratory_heterogeneity_sensitivity",0.5,"primary","mlma_cr2","all_non_null","alignment_pattern","nk_majority",NA,NA,NA,NA,NA,"abs_omega_plan_minus_true","[0,0.025)",16,240,0.151512678867427,0.102657213257649,0.0271816333433287,0.912845725148225,0.894983316688684,0.0366323631091155,0.861501898118171,0.800995137151078,0.719202962460999,0.21669208515783,0.0745856084974352,0.0129584090517964,-0.0219671669194578,-0.00349224286712696
"abs_omega_misspec_by_design","post_production_exploratory_heterogeneity_sensitivity",0.5,"primary","mlma_cr2","all_non_null","alignment_pattern","nk_minority",NA,NA,NA,NA,NA,"abs_omega_plan_minus_true","[0,0.025)",15,225,0.261357157577674,0.173301826375549,0.0235589112185326,0.757463992496562,0.73538283715715,0.115908485155355,0.761789594416222,0.540787917185299,0.842513911876717,0.309867649437451,0.0830854687268427,0.0112116707461071,-0.0187183636155834,-0.00463929617621088
"abs_omega_misspec_by_design","post_production_exploratory_heterogeneity_sensitivity",0.5,"primary","mlma_cr2","all_non_null","nk_mode","independent",NA,NA,NA,NA,NA,"abs_omega_plan_minus_true","[0,0.025)",34,510,0.232115925103137,0.15698423711618,0.0867055186578447,0.83426971319025,0.80195585571189,0.0355698144810813,0.77548807174437,0.643133194510589,0.782193930609969,0.299559475766136,0.0881044897285486,0.0147983607606096,-0.0509237010999539,0.000247289719828783
"abs_omega_misspec_by_design","post_production_exploratory_heterogeneity_sensitivity",0.5,"primary","mlma_cr2","all_non_null","nk_mode","negative",NA,NA,NA,NA,NA,"abs_omega_plan_minus_true","[0,0.025)",29,435,0.213481725348648,0.137887279065659,0.0635568004166551,0.85154314999558,0.826982168048938,0.0388319459438452,0.801189116332319,0.683899506270921,0.832972422728425,0.294028434953771,0.0804158669999423,0.0119853977232625,-0.0387310735319725,-0.00286405579328273
"abs_omega_misspec_by_design","post_production_exploratory_heterogeneity_sensitivity",0.5,"primary","mlma_cr2","all_non_null","nk_mode","positive",NA,NA,NA,NA,NA,"abs_omega_plan_minus_true","[0,0.025)",28,420,0.21901289837945,0.139724634421378,0.0306308151866542,0.829073684094365,0.799031099422951,0.0699402407921462,0.795012020440523,0.63845069784505,0.842513911876717,0.256310230078057,0.0838031693454462,0.0112072831180496,-0.0306772559571899,-0.000201008794442614
