"condition_id","J","k_imbalance","moderator_split","n_imbalance","beta1_true","allocation_pattern","method","mean_df","median_df","sd_df","min_df","q05_df","q10_df","max_df","prop_df_lt_2","prop_df_lt_4","prop_df_lt_10","power","type1_error","coverage","n_success"
1,20,"balanced","50_50","balanced",0,"independent","aggregate_hksj",18,18,0,18,18,18,18,0,0,0,NA,0.0506,0.9494,5000
1,20,"balanced","50_50","balanced",0,"independent","che_rve",18,18,4.88750439565948e-15,18,18,18,18,0,0,0,NA,0.0506,0.9494,5000
1,20,"balanced","50_50","balanced",0,"independent","mlma",NA,NA,NA,NA,NA,NA,NA,NA,NA,NA,NA,0.0672,0.9328,5000
1,20,"balanced","50_50","balanced",0,"independent","mlma_cr2",18,18,4.83713514418055e-15,18,18,18,18,0,0,0,NA,0.0506,0.9494,5000
2,20,"balanced","50_50","balanced",0.1,"independent","aggregate_hksj",18,18,0,18,18,18,18,0,0,0,0.4096,NA,0.9474,5000
2,20,"balanced","50_50","balanced",0.1,"independent","che_rve",18,18,4.79940585718446e-15,18,18,18,18,0,0,0,0.4096,NA,0.9474,5000
2,20,"balanced","50_50","balanced",0.1,"independent","mlma",NA,NA,NA,NA,NA,NA,NA,NA,NA,NA,0.4612,NA,0.9284,5000
2,20,"balanced","50_50","balanced",0.1,"independent","mlma_cr2",18,18,4.79624835298928e-15,18,18,18,18,0,0,0,0.4096,NA,0.9474,5000
3,20,"balanced","50_50","moderate",0,"independent","aggregate_hksj",18,18,0,18,18,18,18,0,0,0,NA,0.0526,0.9474,5000
3,20,"balanced","50_50","moderate",0,"independent","che_rve",17.8159403833897,17.8548711898568,0.137669771774826,16.7150159955011,17.5458876175102,17.6550531544518,17.983065527716,0,0,0,NA,0.0522,0.9478,5000
3,20,"balanced","50_50","moderate",0,"independent","mlma",NA,NA,NA,NA,NA,NA,NA,NA,NA,NA,NA,0.0674,0.9326,5000
3,20,"balanced","50_50","moderate",0,"independent","mlma_cr2",17.9668296594021,17.974644038408,0.0283833996760352,17.4279814889335,17.9167115962847,17.9372022733047,17.9972336840358,0,0,0,NA,0.052,0.948,5000
4,20,"balanced","50_50","moderate",0.1,"independent","aggregate_hksj",18,18,0,18,18,18,18,0,0,0,0.3882,NA,0.9526,5000
4,20,"balanced","50_50","moderate",0.1,"independent","che_rve",17.8194054494214,17.8574648614508,0.139445582214724,16.5480582715926,17.5708737542457,17.6738316802493,17.9797053322757,0,0,0,0.3876,NA,0.953,5000
4,20,"balanced","50_50","moderate",0.1,"independent","mlma",NA,NA,NA,NA,NA,NA,NA,NA,NA,NA,0.435,NA,0.937,5000
4,20,"balanced","50_50","moderate",0.1,"independent","mlma_cr2",17.9673737406228,17.9750404429696,0.0284652605565236,17.6303877372747,17.9190890003685,17.9404900745758,17.9967488069855,0,0,0,0.3886,NA,0.952,5000
5,20,"balanced","50_50","severe",0,"independent","aggregate_hksj",18,18,0,18,18,18,18,0,0,0,NA,0.0506,0.9494,5000
5,20,"balanced","50_50","severe",0,"independent","che_rve",17.1233480242417,17.2538368507934,0.510018175423596,13.4928329471128,16.1094672260506,16.496437697354,17.8492406821897,0,0,0,NA,0.05,0.95,5000
5,20,"balanced","50_50","severe",0,"independent","mlma",NA,NA,NA,NA,NA,NA,NA,NA,NA,NA,NA,0.0642,0.9358,5000
5,20,"balanced","50_50","severe",0,"independent","mlma_cr2",17.7937259176164,17.8317784098919,0.146242745053045,16.0680490355876,17.5293123685289,17.62869743475,17.9748451706464,0,0,0,NA,0.0498,0.9502,5000
6,20,"balanced","50_50","severe",0.1,"independent","aggregate_hksj",18,18,0,18,18,18,18,0,0,0,0.374,NA,0.9512,5000
6,20,"balanced","50_50","severe",0.1,"independent","che_rve",17.1282965397966,17.2495077744883,0.496919063951325,13.8013321586111,16.1534873460627,16.519561602863,17.8490932833797,0,0,0,0.3718,NA,0.9492,5000
6,20,"balanced","50_50","severe",0.1,"independent","mlma",NA,NA,NA,NA,NA,NA,NA,NA,NA,NA,0.4196,NA,0.936,5000
6,20,"balanced","50_50","severe",0.1,"independent","mlma_cr2",17.795428837706,17.8318010594159,0.141142925859308,16.1024738139293,17.5366421419648,17.6344443078254,17.9749127152025,0,0,0,0.3692,NA,0.952,5000
7,20,"balanced","50_50","extreme",0,"independent","aggregate_hksj",18,18,0,18,18,18,18,0,0,0,NA,0.0548,0.9452,5000
7,20,"balanced","50_50","extreme",0,"independent","che_rve",15.3234089628032,15.5923643510143,1.20342991836917,8.38666565734949,12.8996484401117,13.6878499997241,17.3420705060016,0,0,8e-04,NA,0.0494,0.9506,5000
7,20,"balanced","50_50","extreme",0,"independent","mlma",NA,NA,NA,NA,NA,NA,NA,NA,NA,NA,NA,0.0652,0.9348,5000
7,20,"balanced","50_50","extreme",0,"independent","mlma_cr2",17.2192313228675,17.3410283194314,0.488529530199309,12.4149426480424,16.2981872775385,16.6339122144805,17.9004743460371,0,0,0,NA,0.0476,0.9524,5000
8,20,"balanced","50_50","extreme",0.1,"independent","aggregate_hksj",18,18,0,18,18,18,18,0,0,0,0.3298,NA,0.9466,5000
8,20,"balanced","50_50","extreme",0.1,"independent","che_rve",15.3483843412567,15.642192518763,1.23038338567006,8.54272505758118,12.8072891387379,13.6672285356534,17.4551567881879,0,0,0.0012,0.3192,NA,0.9526,5000
8,20,"balanced","50_50","extreme",0.1,"independent","mlma",NA,NA,NA,NA,NA,NA,NA,NA,NA,NA,0.3652,NA,0.9408,5000
8,20,"balanced","50_50","extreme",0.1,"independent","mlma_cr2",17.2307236820308,17.3604476777821,0.487028523159145,12.839734177308,16.3022869836611,16.6225533839197,17.9016310621803,0,0,0,0.3128,NA,0.9536,5000
9,20,"balanced","70_30","balanced",0,"independent","aggregate_hksj",18,18,0,18,18,18,18,0,0,0,NA,0.0494,0.9506,5000
9,20,"balanced","70_30","balanced",0,"independent","che_rve",9.53079178885631,9.53079178885631,1.36936818986774e-14,9.53079178885627,9.53079178885628,9.53079178885629,9.53079178885634,0,0,1,NA,0.046,0.954,5000
9,20,"balanced","70_30","balanced",0,"independent","mlma",NA,NA,NA,NA,NA,NA,NA,NA,NA,NA,NA,0.0642,0.9358,5000
9,20,"balanced","70_30","balanced",0,"independent","mlma_cr2",9.53079178885631,9.53079178885631,1.37698271277602e-14,9.53079178885627,9.53079178885628,9.53079178885629,9.53079178885634,0,0,1,NA,0.046,0.954,5000
10,20,"balanced","70_30","balanced",0.1,"independent","aggregate_hksj",18,18,0,18,18,18,18,0,0,0,0.3654,NA,0.95,5000
10,20,"balanced","70_30","balanced",0.1,"independent","che_rve",9.53079178885631,9.53079178885631,1.35505918802435e-14,9.53079178885626,9.53079178885628,9.53079178885629,9.53079178885634,0,0,1,0.3382,NA,0.951,5000
10,20,"balanced","70_30","balanced",0.1,"independent","mlma",NA,NA,NA,NA,NA,NA,NA,NA,NA,NA,0.4216,NA,0.935,5000
10,20,"balanced","70_30","balanced",0.1,"independent","mlma_cr2",9.53079178885631,9.53079178885631,1.36151174900826e-14,9.53079178885627,9.53079178885628,9.53079178885629,9.53079178885634,0,0,1,0.3382,NA,0.951,5000
11,20,"balanced","70_30","moderate",0,"independent","aggregate_hksj",18,18,0,18,18,18,18,0,0,0,NA,0.0494,0.9506,5000
11,20,"balanced","70_30","moderate",0,"independent","che_rve",9.44204236551085,9.45774446733083,0.253818725760137,8.04451247682041,9.0152112841625,9.12429343814231,10.6029670812993,0,0,0.9914,NA,0.0486,0.9514,5000
11,20,"balanced","70_30","moderate",0,"independent","mlma",NA,NA,NA,NA,NA,NA,NA,NA,NA,NA,NA,0.0626,0.9374,5000
11,20,"balanced","70_30","moderate",0,"independent","mlma_cr2",9.51449309108164,9.51946061623114,0.0994821266333874,9.03952709967803,9.35021042866835,9.39101588651745,9.97028504778083,0,0,1,NA,0.0474,0.9526,5000
12,20,"balanced","70_30","moderate",0.1,"independent","aggregate_hksj",18,18,0,18,18,18,18,0,0,0,0.3544,NA,0.9514,5000
12,20,"balanced","70_30","moderate",0.1,"independent","che_rve",9.44896419796413,9.46969820313576,0.254678780575825,7.92686313628768,9.00838239504654,9.13194940290886,10.4617485408934,0,0,0.9884,0.3294,NA,0.954,5000
12,20,"balanced","70_30","moderate",0.1,"independent","mlma",NA,NA,NA,NA,NA,NA,NA,NA,NA,NA,0.4042,NA,0.9402,5000
12,20,"balanced","70_30","moderate",0.1,"independent","mlma_cr2",9.51768211874145,9.52408035784302,0.0998478345102797,8.91327445117472,9.34493845994144,9.39388426338888,9.94795292157115,0,0,1,0.332,NA,0.954,5000
13,20,"balanced","70_30","severe",0,"independent","aggregate_hksj",18,18,0,18,18,18,18,0,0,0,NA,0.0594,0.9406,5000
13,20,"balanced","70_30","severe",0,"independent","che_rve",9.11357028659959,9.19443906777004,0.685915687854638,5.8944386079381,7.84515249464154,8.18950996001776,11.4296597053344,0,0,0.931,NA,0.054,0.946,5000
13,20,"balanced","70_30","severe",0,"independent","mlma",NA,NA,NA,NA,NA,NA,NA,NA,NA,NA,NA,0.07,0.93,5000
13,20,"balanced","70_30","severe",0,"independent","mlma_cr2",9.42937446167729,9.47381678314863,0.29946158946407,7.60692018961072,8.88232541924387,9.03454801497862,10.6467799799247,0,0,0.9896,NA,0.0528,0.9472,5000
14,20,"balanced","70_30","severe",0.1,"independent","aggregate_hksj",18,18,0,18,18,18,18,0,0,0,0.3314,NA,0.9442,5000
14,20,"balanced","70_30","severe",0.1,"independent","che_rve",9.1099931994778,9.17731211823185,0.667537780930503,5.52491843328213,7.9439368544159,8.24510380402365,11.9283160501227,0,0,0.9334,0.299,NA,0.9496,5000
14,20,"balanced","70_30","severe",0.1,"independent","mlma",NA,NA,NA,NA,NA,NA,NA,NA,NA,NA,0.3746,NA,0.9322,5000
14,20,"balanced","70_30","severe",0.1,"independent","mlma_cr2",9.43159403222033,9.47222468305153,0.288616891415059,7.72524744302209,8.92073844949643,9.06183764501745,10.6572027671627,0,0,0.993,0.2968,NA,0.9522,5000
15,20,"balanced","70_30","extreme",0,"independent","aggregate_hksj",18,18,0,18,18,18,18,0,0,0,NA,0.0556,0.9444,5000
15,20,"balanced","70_30","extreme",0,"independent","che_rve",8.2813863336528,8.30734315621927,1.2754265423461,3.79776453087551,6.08220527709432,6.61804656359172,12.0666257779044,0,6e-04,0.9126,NA,0.046,0.954,5000
15,20,"balanced","70_30","extreme",0,"independent","mlma",NA,NA,NA,NA,NA,NA,NA,NA,NA,NA,NA,0.0642,0.9358,5000
15,20,"balanced","70_30","extreme",0,"independent","mlma_cr2",9.16654504599435,9.20310638521111,0.628267883248358,5.86987299820176,8.08788472074548,8.37620508172093,11.4142435788103,0,0,0.918,NA,0.0482,0.9518,5000
16,20,"balanced","70_30","extreme",0.1,"independent","aggregate_hksj",18,18,0,18,18,18,18,0,0,0,0.3018,NA,0.9426,5000
16,20,"balanced","70_30","extreme",0.1,"independent","che_rve",8.30905038186489,8.37124615379269,1.26202866668772,3.28252180787813,6.17487127979762,6.68762067819871,12.2503150802869,0,6e-04,0.9118,0.265,NA,0.9494,5000
16,20,"balanced","70_30","extreme",0.1,"independent","mlma",NA,NA,NA,NA,NA,NA,NA,NA,NA,NA,0.3248,NA,0.931,5000
16,20,"balanced","70_30","extreme",0.1,"independent","mlma_cr2",9.18075097062094,9.23626192092763,0.630156570186398,6.02323551947132,8.11848039331906,8.38005386946029,11.2086744319336,0,0,0.9168,0.2572,NA,0.9502,5000
17,20,"balanced","85_15","balanced",0,"independent","aggregate_hksj",18,18,0,18,18,18,18,0,0,0,NA,0.0544,0.9456,5000
17,20,"balanced","85_15","balanced",0,"independent","che_rve",2.7574321413184,2.7574321413184,2.27003121945506e-15,2.75743214131839,2.75743214131839,2.75743214131839,2.7574321413184,0,1,1,NA,0.03,0.97,5000
17,20,"balanced","85_15","balanced",0,"independent","mlma",NA,NA,NA,NA,NA,NA,NA,NA,NA,NA,NA,0.0694,0.9306,5000
17,20,"balanced","85_15","balanced",0,"independent","mlma_cr2",2.7574321413184,2.7574321413184,2.31094637142768e-15,2.75743214131839,2.75743214131839,2.75743214131839,2.7574321413184,0,1,1,NA,0.03,0.97,5000
18,20,"balanced","85_15","balanced",0.1,"independent","aggregate_hksj",18,18,0,18,18,18,18,0,0,0,0.242,NA,0.9502,5000
18,20,"balanced","85_15","balanced",0.1,"independent","che_rve",2.7574321413184,2.7574321413184,2.32520814109744e-15,2.75743214131839,2.75743214131839,2.75743214131839,2.7574321413184,0,1,1,0.1288,NA,0.9716,5000
18,20,"balanced","85_15","balanced",0.1,"independent","mlma",NA,NA,NA,NA,NA,NA,NA,NA,NA,NA,0.2858,NA,0.936,5000
18,20,"balanced","85_15","balanced",0.1,"independent","mlma_cr2",2.7574321413184,2.7574321413184,2.32364668727915e-15,2.75743214131839,2.75743214131839,2.75743214131839,2.75743214131841,0,1,1,0.1288,NA,0.9716,5000
19,20,"balanced","85_15","moderate",0,"independent","aggregate_hksj",18,18,0,18,18,18,18,0,0,0,NA,0.0548,0.9452,5000
19,20,"balanced","85_15","moderate",0,"independent","che_rve",2.73558573778825,2.74510493425784,0.0661668866200174,2.26577140880612,2.61850384837854,2.65180890696826,2.99996282269162,0,1,1,NA,0.0292,0.9708,5000
19,20,"balanced","85_15","moderate",0,"independent","mlma",NA,NA,NA,NA,NA,NA,NA,NA,NA,NA,NA,0.0714,0.9286,5000
19,20,"balanced","85_15","moderate",0,"independent","mlma_cr2",2.75338335662062,2.75676198955355,0.0244502657030249,2.54174409106832,2.71084718050857,2.72289576062693,2.85996328381814,0,1,1,NA,0.0298,0.9702,5000
20,20,"balanced","85_15","moderate",0.1,"independent","aggregate_hksj",18,18,0,18,18,18,18,0,0,0,0.232,NA,0.9502,5000
20,20,"balanced","85_15","moderate",0.1,"independent","che_rve",2.73858837074127,2.74818032656739,0.0646052788668091,2.27947953939605,2.62049633749668,2.65512521154717,3.04688189168252,0,1,1,0.126,NA,0.969,5000
20,20,"balanced","85_15","moderate",0.1,"independent","mlma",NA,NA,NA,NA,NA,NA,NA,NA,NA,NA,0.2774,NA,0.9334,5000
20,20,"balanced","85_15","moderate",0.1,"independent","mlma_cr2",2.75429982445306,2.75774361539548,0.023969465959562,2.58811256237603,2.71148800355042,2.72287099339071,2.85436830115011,0,1,1,0.124,NA,0.9696,5000
21,20,"balanced","85_15","severe",0,"independent","aggregate_hksj",18,18,0,18,18,18,18,0,0,0,NA,0.0476,0.9524,5000
21,20,"balanced","85_15","severe",0,"independent","che_rve",2.65365335498342,2.69937071593703,0.20214640866713,1.78735591807808,2.2603844829771,2.36512946089177,3.41472666909217,0.0062,1,1,NA,0.0292,0.9708,5000
21,20,"balanced","85_15","severe",0,"independent","mlma",NA,NA,NA,NA,NA,NA,NA,NA,NA,NA,NA,0.0604,0.9396,5000
21,20,"balanced","85_15","severe",0,"independent","mlma_cr2",2.73248764392637,2.75271747407185,0.0828098202821987,2.12752560875126,2.57010129950572,2.61653012789902,2.99272392264121,0,1,1,NA,0.029,0.971,5000
22,20,"balanced","85_15","severe",0.1,"independent","aggregate_hksj",18,18,0,18,18,18,18,0,0,0,0.226,NA,0.9504,5000
22,20,"balanced","85_15","severe",0.1,"independent","che_rve",2.65574080939582,2.70128998249492,0.201937308637397,1.79783892033347,2.26245690426418,2.36453563897318,3.2130250346862,0.007,1,1,0.1132,NA,0.9698,5000
22,20,"balanced","85_15","severe",0.1,"independent","mlma",NA,NA,NA,NA,NA,NA,NA,NA,NA,NA,0.2618,NA,0.9356,5000
22,20,"balanced","85_15","severe",0.1,"independent","mlma_cr2",2.733446090461,2.75382934653665,0.0825661708472101,2.18683794194218,2.5729132630267,2.62113738525266,2.98224901066465,0,1,1,0.1166,NA,0.9704,5000
23,20,"balanced","85_15","extreme",0,"independent","aggregate_hksj",18,18,0,18,18,18,18,0,0,0,NA,0.054,0.946,5000
23,20,"balanced","85_15","extreme",0,"independent","che_rve",2.45847766141438,2.44313291108666,0.370542441151784,1.47551768799478,1.8819405937401,1.98220634106753,3.78152668001581,0.1148,1,1,NA,0.0218,0.9782,5000
23,20,"balanced","85_15","extreme",0,"independent","mlma",NA,NA,NA,NA,NA,NA,NA,NA,NA,NA,NA,0.0646,0.9354,5000
23,20,"balanced","85_15","extreme",0,"independent","mlma_cr2",2.66439124561075,2.6932935991952,0.1820234509443,1.82977117301612,2.34156575029139,2.41913409542102,3.19727522744265,0.0014,1,1,NA,0.0246,0.9754,5000
24,20,"balanced","85_15","extreme",0.1,"independent","aggregate_hksj",18,18,0,18,18,18,18,0,0,0,0.197,NA,0.9488,5000
24,20,"balanced","85_15","extreme",0.1,"independent","che_rve",2.4465282855765,2.42836846629186,0.365836557418097,1.45966249250962,1.87790561077281,1.97166714195489,3.46998277174518,0.1164,1,1,0.0842,NA,0.9774,5000
24,20,"balanced","85_15","extreme",0.1,"independent","mlma",NA,NA,NA,NA,NA,NA,NA,NA,NA,NA,0.222,NA,0.9338,5000
24,20,"balanced","85_15","extreme",0.1,"independent","mlma_cr2",2.65964298964974,2.68905886018065,0.182420921011315,1.67408430895813,2.33348123536458,2.41421950420789,3.15336815722918,0.0012,1,1,0.0914,NA,0.9732,5000
25,20,"moderate","50_50","balanced",0,"independent","aggregate_hksj",18,18,0,18,18,18,18,0,0,0,NA,0.0494,0.9506,5000
25,20,"moderate","50_50","balanced",0,"independent","che_rve",17.0448391746353,17.1873824372374,0.59200305332307,12.9839662969108,15.8826247995568,16.2561072971139,17.8794496020557,0,0,0,NA,0.0566,0.9434,5000
25,20,"moderate","50_50","balanced",0,"independent","mlma",NA,NA,NA,NA,NA,NA,NA,NA,NA,NA,NA,0.073,0.927,5000
25,20,"moderate","50_50","balanced",0,"independent","mlma_cr2",17.0387007771025,17.1873825100012,0.622645206496659,11.5253628057152,15.8826248769728,16.2561075329295,17.8794496161512,0,0,0,NA,0.0566,0.9434,5000
26,20,"moderate","50_50","balanced",0.1,"independent","aggregate_hksj",18,18,0,18,18,18,18,0,0,0,0.3756,NA,0.9504,5000
26,20,"moderate","50_50","balanced",0.1,"independent","che_rve",17.0271068624914,17.1916260934718,0.619919254827015,13.529298204225,15.7809069247095,16.2431237684371,17.9179890696046,0,0,0,0.3868,NA,0.9484,5000
26,20,"moderate","50_50","balanced",0.1,"independent","mlma",NA,NA,NA,NA,NA,NA,NA,NA,NA,NA,0.4434,NA,0.9322,5000
26,20,"moderate","50_50","balanced",0.1,"independent","mlma_cr2",17.020193840696,17.1916274234147,0.652679525123799,11.9159784392237,15.7809063024942,16.2431241453702,17.9179890646716,0,0,0,0.387,NA,0.9484,5000
27,20,"moderate","50_50","moderate",0,"independent","aggregate_hksj",18,18,0,18,18,18,18,0,0,0,NA,0.05,0.95,5000
27,20,"moderate","50_50","moderate",0,"independent","che_rve",16.8776224709297,17.0531844690057,0.724051641563192,12.6624028507987,15.4276844272463,15.9437927776185,17.8989021160454,0,0,0,NA,0.0552,0.9448,5000
27,20,"moderate","50_50","moderate",0,"independent","mlma",NA,NA,NA,NA,NA,NA,NA,NA,NA,NA,NA,0.069,0.931,5000
27,20,"moderate","50_50","moderate",0,"independent","mlma_cr2",16.9952636394395,17.1439303668756,0.638491479800806,12.09982384383,15.7678589849436,16.2007525065407,17.9247874649455,0,0,0,NA,0.0554,0.9446,5000
28,20,"moderate","50_50","moderate",0.1,"independent","aggregate_hksj",18,18,0,18,18,18,18,0,0,0,0.3726,NA,0.9538,5000
28,20,"moderate","50_50","moderate",0.1,"independent","che_rve",16.8860797050618,17.0597762591191,0.696291970244106,12.8089752673856,15.521354850047,15.9792809538589,17.8892411681149,0,0,0,0.3872,NA,0.9494,5000
28,20,"moderate","50_50","moderate",0.1,"independent","mlma",NA,NA,NA,NA,NA,NA,NA,NA,NA,NA,0.4356,NA,0.9334,5000
28,20,"moderate","50_50","moderate",0.1,"independent","mlma_cr2",17.0045732793119,17.1485442243359,0.610709360124035,12.2032419978209,15.8465306824484,16.2239571356472,17.9122269641698,0,0,0,0.384,NA,0.949,5000
29,20,"moderate","50_50","severe",0,"independent","aggregate_hksj",18,18,0,18,18,18,18,0,0,0,NA,0.0494,0.9506,5000
29,20,"moderate","50_50","severe",0,"independent","che_rve",16.1980227580938,16.4761676418379,1.07240398661204,10.2417259234826,13.9577747253636,14.785257445389,17.8076259729339,0,0,0,NA,0.0524,0.9476,5000
29,20,"moderate","50_50","severe",0,"independent","mlma",NA,NA,NA,NA,NA,NA,NA,NA,NA,NA,NA,0.0646,0.9354,5000
29,20,"moderate","50_50","severe",0,"independent","mlma_cr2",16.7515967692785,16.9357078061847,0.766407943399489,12.0180692082297,15.2952229204385,15.7610313396127,17.9407558111517,0,0,0,NA,0.049,0.951,5000
30,20,"moderate","50_50","severe",0.1,"independent","aggregate_hksj",18,18,0,18,18,18,18,0,0,0,0.3496,NA,0.9496,5000
30,20,"moderate","50_50","severe",0.1,"independent","che_rve",16.218438594687,16.4902798598892,1.08799810299897,9.08807559979793,14.031318971639,14.8241448035813,17.8308545658442,0,0,2e-04,0.3606,NA,0.9544,5000
30,20,"moderate","50_50","severe",0.1,"independent","mlma",NA,NA,NA,NA,NA,NA,NA,NA,NA,NA,0.4046,NA,0.9396,5000
30,20,"moderate","50_50","severe",0.1,"independent","mlma_cr2",16.7712840841345,16.9546054374996,0.768282851648517,10.6710215285018,15.3111716214361,15.8039514762168,17.9350535694844,0,0,0,0.3518,NA,0.9542,5000
31,20,"moderate","50_50","extreme",0,"independent","aggregate_hksj",18,18,0,18,18,18,18,0,0,0,NA,0.057,0.943,5000
31,20,"moderate","50_50","extreme",0,"independent","che_rve",14.5169765943096,14.9300388441529,1.72523710122633,6.57597001127013,10.896752506115,12.0776171172102,17.3774740851398,0,0,0.0268,NA,0.0522,0.9478,5000
31,20,"moderate","50_50","extreme",0,"independent","mlma",NA,NA,NA,NA,NA,NA,NA,NA,NA,NA,NA,0.0678,0.9322,5000
31,20,"moderate","50_50","extreme",0,"independent","mlma_cr2",16.1255143139951,16.3520873424512,1.08180059435154,7.46227270078067,14.0783288163656,14.7730185463698,17.8782886836645,0,0,8e-04,NA,0.0494,0.9506,5000
32,20,"moderate","50_50","extreme",0.1,"independent","aggregate_hksj",18,18,0,18,18,18,18,0,0,0,0.319863972794559,NA,0.937987597519504,4999
32,20,"moderate","50_50","extreme",0.1,"independent","che_rve",14.5214081605846,14.8753725048611,1.67624779267252,7.02511749118082,11.1346903724347,12.2096761759989,17.4918201965915,0,0,0.023,0.3158,NA,0.941,5000
32,20,"moderate","50_50","extreme",0.1,"independent","mlma",NA,NA,NA,NA,NA,NA,NA,NA,NA,NA,0.3598,NA,0.9274,5000
32,20,"moderate","50_50","extreme",0.1,"independent","mlma_cr2",16.1297092686989,16.333072970703,1.04953497083325,7.88987709679952,14.1869574767685,14.8022258039129,17.8788492082248,0,0,8e-04,0.3088,NA,0.9436,5000
33,20,"moderate","70_30","balanced",0,"independent","aggregate_hksj",18,18,0,18,18,18,18,0,0,0,NA,0.0454,0.9546,5000
33,20,"moderate","70_30","balanced",0,"independent","che_rve",9.096384583588,9.18457111682913,0.704758518791715,5.72805219817957,7.84630679306498,8.20848901506544,11.1082857136467,0,0,0.909,NA,0.0434,0.9566,5000
33,20,"moderate","70_30","balanced",0,"independent","mlma",NA,NA,NA,NA,NA,NA,NA,NA,NA,NA,NA,0.0652,0.9348,5000
33,20,"moderate","70_30","balanced",0,"independent","mlma_cr2",9.09444969023641,9.18457161081937,0.710279460370201,5.12815975482624,7.8415693602767,8.20666740715682,11.108285481348,0,0,0.909,NA,0.0434,0.9566,5000
34,20,"moderate","70_30","balanced",0.1,"independent","aggregate_hksj",18,18,0,18,18,18,18,0,0,0,0.333,NA,0.9514,5000
34,20,"moderate","70_30","balanced",0.1,"independent","che_rve",9.08297753582663,9.15783848732662,0.711640052451765,4.94686142470249,7.81999466056967,8.18500518105117,11.617381333668,0,0,0.9026,0.311,NA,0.9538,5000
34,20,"moderate","70_30","balanced",0.1,"independent","mlma",NA,NA,NA,NA,NA,NA,NA,NA,NA,NA,0.391,NA,0.9338,5000
34,20,"moderate","70_30","balanced",0.1,"independent","mlma_cr2",9.08064371519962,9.15625697763288,0.718058823260871,3.91160750538525,7.81596348104838,8.18089758091054,11.6684247547677,0,2e-04,0.9028,0.311,NA,0.9536,5000
35,20,"moderate","70_30","moderate",0,"independent","aggregate_hksj",18,18,0,18,18,18,18,0,0,0,NA,0.05,0.95,5000
35,20,"moderate","70_30","moderate",0,"independent","che_rve",8.99264386553716,9.0820434958968,0.76302004642474,4.76509194793733,7.62254464504023,8.03123447159353,11.4504505496564,0,0,0.93,NA,0.0488,0.9512,5000
35,20,"moderate","70_30","moderate",0,"independent","mlma",NA,NA,NA,NA,NA,NA,NA,NA,NA,NA,NA,0.0672,0.9328,5000
35,20,"moderate","70_30","moderate",0,"independent","mlma_cr2",9.05027864294027,9.14868846358126,0.740802486305501,4.92481726516261,7.71056828929045,8.10629756565736,11.4580595475919,0,0,0.9152,NA,0.0492,0.9508,5000
36,20,"moderate","70_30","moderate",0.1,"independent","aggregate_hksj",18,18,0,18,18,18,18,0,0,0,0.323,NA,0.9558,5000
36,20,"moderate","70_30","moderate",0.1,"independent","che_rve",8.98924028369892,9.05778495143783,0.755562482140922,4.76300095985512,7.66543639820967,8.0000681170835,11.4839680692215,0,0,0.9342,0.3024,NA,0.9532,5000
36,20,"moderate","70_30","moderate",0.1,"independent","mlma",NA,NA,NA,NA,NA,NA,NA,NA,NA,NA,0.3798,NA,0.9358,5000
36,20,"moderate","70_30","moderate",0.1,"independent","mlma_cr2",9.04299782341516,9.11840122201436,0.740457311605487,5.20192135569007,7.7218584635694,8.09177797694119,11.3512299347912,0,0,0.9162,0.3004,NA,0.9532,5000
37,20,"moderate","70_30","severe",0,"independent","aggregate_hksj",18,18,0,18,18,18,18,0,0,0,NA,0.0512,0.9488,5000
37,20,"moderate","70_30","severe",0,"independent","che_rve",8.69762169111724,8.79811467312177,0.979440296488689,4.11067027851481,6.92695895349117,7.39865938939989,11.577976417145,0,0,0.928,NA,0.0452,0.9548,5000
37,20,"moderate","70_30","severe",0,"independent","mlma",NA,NA,NA,NA,NA,NA,NA,NA,NA,NA,NA,0.0674,0.9326,5000
37,20,"moderate","70_30","severe",0,"independent","mlma_cr2",8.95390371007207,9.05448258337899,0.854199330281185,4.33760448914301,7.4086743525461,7.83242127918919,11.4054749282876,0,0,0.9152,NA,0.0458,0.9542,5000
38,20,"moderate","70_30","severe",0.1,"independent","aggregate_hksj",18,18,0,18,18,18,18,0,0,0,0.3168,NA,0.9468,5000
38,20,"moderate","70_30","severe",0.1,"independent","che_rve",8.70495762803647,8.79421558903534,0.971421305069295,4.54484160457574,6.97946046425607,7.47235450089198,11.7763192795063,0,0,0.9314,0.2904,NA,0.951,5000
38,20,"moderate","70_30","severe",0.1,"independent","mlma",NA,NA,NA,NA,NA,NA,NA,NA,NA,NA,0.3654,NA,0.9342,5000
38,20,"moderate","70_30","severe",0.1,"independent","mlma_cr2",8.96166577917137,9.05413649237199,0.84710716597586,4.0361563350354,7.45579994141662,7.87932703942659,11.8997476167301,0,0,0.9124,0.2864,NA,0.9508,5000
39,20,"moderate","70_30","extreme",0,"independent","aggregate_hksj",18,18,0,18,18,18,18,0,0,0,NA,0.0504,0.9496,5000
39,20,"moderate","70_30","extreme",0,"independent","che_rve",7.8756720174215,7.95471998214378,1.40555282830879,2.97393832010571,5.41921706901977,6.01717494035405,12.9457693755211,0,0.0048,0.9448,NA,0.0464,0.9536,5000
39,20,"moderate","70_30","extreme",0,"independent","mlma",NA,NA,NA,NA,NA,NA,NA,NA,NA,NA,NA,0.0618,0.9382,5000
39,20,"moderate","70_30","extreme",0,"independent","mlma_cr2",8.6341442172433,8.77863068273915,1.1144866421339,2.94249358005261,6.61378941991157,7.12840050797985,11.9446275634573,0,0.0014,0.9174,NA,0.0468,0.9532,5000
40,20,"moderate","70_30","extreme",0.1,"independent","aggregate_hksj",18,18,0,18,18,18,18,0,0,0,0.279455891178236,NA,0.944788957791558,4999
40,20,"moderate","70_30","extreme",0.1,"independent","che_rve",7.88845749294425,7.96590146593751,1.40152239891655,2.51631920361789,5.43862084764397,6.0198848711444,12.5946809126503,0,0.0042,0.9466,0.2438,NA,0.9514,5000
40,20,"moderate","70_30","extreme",0.1,"independent","mlma",NA,NA,NA,NA,NA,NA,NA,NA,NA,NA,0.3162,NA,0.9332,5000
40,20,"moderate","70_30","extreme",0.1,"independent","mlma_cr2",8.63139576989447,8.75037249700675,1.10424693947336,2.69188690354251,6.63703642838669,7.15288493449155,11.895110104105,0,6e-04,0.918,0.2436,NA,0.9518,5000
41,20,"moderate","85_15","balanced",0,"independent","aggregate_hksj",18,18,0,18,18,18,18,0,0,0,NA,0.0526,0.9474,5000
41,20,"moderate","85_15","balanced",0,"independent","che_rve",2.64549742938219,2.62908372354846,0.20187825806928,1.85431937788487,2.30695782777715,2.39048208550919,3.32740215441577,0.0026,1,1,NA,0.0272,0.9728,5000
41,20,"moderate","85_15","balanced",0,"independent","mlma",NA,NA,NA,NA,NA,NA,NA,NA,NA,NA,NA,0.0682,0.9318,5000
41,20,"moderate","85_15","balanced",0,"independent","mlma_cr2",2.64495059889382,2.62908371010698,0.203445910704783,1.78490492071905,2.30695782341123,2.39048212736165,3.36671136643137,0.0048,1,1,NA,0.0272,0.9728,5000
42,20,"moderate","85_15","balanced",0.1,"independent","aggregate_hksj",18,18,0,18,18,18,18,0,0,0,0.2246,NA,0.952,5000
42,20,"moderate","85_15","balanced",0.1,"independent","che_rve",2.63834207858313,2.62672174136285,0.204413321400369,1.84284219646484,2.28856994276373,2.37767182411584,3.16348524620587,0.0028,1,1,0.1086,NA,0.975,5000
42,20,"moderate","85_15","balanced",0.1,"independent","mlma",NA,NA,NA,NA,NA,NA,NA,NA,NA,NA,0.2668,NA,0.9348,5000
42,20,"moderate","85_15","balanced",0.1,"independent","mlma_cr2",2.63784151663172,2.62584897423322,0.205756197253072,1.74706910098763,2.2885699492848,2.37767128394735,3.29309503745242,0.0044,1,1,0.1086,NA,0.9748,5000
43,20,"moderate","85_15","moderate",0,"independent","aggregate_hksj",18,18,0,18,18,18,18,0,0,0,NA,0.0486,0.9514,5000
43,20,"moderate","85_15","moderate",0,"independent","che_rve",2.62958995662265,2.63313300818213,0.209665125462932,1.74702400502925,2.26343246993143,2.35447813331192,3.48384061380882,0.0038,1,1,NA,0.0272,0.9728,5000
43,20,"moderate","85_15","moderate",0,"independent","mlma",NA,NA,NA,NA,NA,NA,NA,NA,NA,NA,NA,0.0694,0.9306,5000
43,20,"moderate","85_15","moderate",0,"independent","mlma_cr2",2.63811921122429,2.64031408286682,0.212032323788109,1.70152316339398,2.27010420953758,2.36047417033414,3.27817137799564,0.005,1,1,NA,0.0272,0.9728,5000
44,20,"moderate","85_15","moderate",0.1,"independent","aggregate_hksj",18,18,0,18,18,18,18,0,0,0,0.2128,NA,0.9496,5000
44,20,"moderate","85_15","moderate",0.1,"independent","che_rve",2.63363131996691,2.63231302840627,0.208995255290821,1.87410943636442,2.26790342309899,2.36002518230482,3.29729731617536,0.0044,1,1,0.1088,NA,0.9724,5000
44,20,"moderate","85_15","moderate",0.1,"independent","mlma",NA,NA,NA,NA,NA,NA,NA,NA,NA,NA,0.26,NA,0.9356,5000
44,20,"moderate","85_15","moderate",0.1,"independent","mlma_cr2",2.64083343675438,2.63771402690941,0.212678589062821,1.7814383766351,2.26638098321266,2.35973938418919,3.32109743662906,0.0048,1,1,0.1084,NA,0.973,5000
45,20,"moderate","85_15","severe",0,"independent","aggregate_hksj",18,18,0,18,18,18,18,0,0,0,NA,0.053,0.947,5000
45,20,"moderate","85_15","severe",0,"independent","che_rve",2.56525662330156,2.58189287971734,0.266221371964206,1.55459672750554,2.0912473019924,2.20812805172427,3.55103086392098,0.0244,1,1,NA,0.0272,0.9728,5000
45,20,"moderate","85_15","severe",0,"independent","mlma",NA,NA,NA,NA,NA,NA,NA,NA,NA,NA,NA,0.0704,0.9296,5000
45,20,"moderate","85_15","severe",0,"independent","mlma_cr2",2.61086818804269,2.64229269900252,0.255662803888036,1.47520586350936,2.11758312042669,2.25719937572196,3.47847349677235,0.0216,1,1,NA,0.0262,0.9738,5000
46,20,"moderate","85_15","severe",0.1,"independent","aggregate_hksj",18,18,0,18,18,18,18,0,0,0,0.2082,NA,0.9498,5000
46,20,"moderate","85_15","severe",0.1,"independent","che_rve",2.56652050379054,2.58410612718034,0.269936111162971,1.61092015177989,2.08536651090706,2.21166176338061,3.76662757654026,0.0308,1,1,0.103,NA,0.9736,5000
46,20,"moderate","85_15","severe",0.1,"independent","mlma",NA,NA,NA,NA,NA,NA,NA,NA,NA,NA,0.249,NA,0.9322,5000
46,20,"moderate","85_15","severe",0.1,"independent","mlma_cr2",2.60997048517226,2.64434049906945,0.258085550556375,1.64004839529227,2.11897358527193,2.25604845078526,3.34946144988427,0.0262,1,1,0.1046,NA,0.9722,5000
47,20,"moderate","85_15","extreme",0,"independent","aggregate_hksj",18,18,0,18,18,18,18,0,0,0,NA,0.0594,0.9406,5000
47,20,"moderate","85_15","extreme",0,"independent","che_rve",2.40522312914387,2.39006898099808,0.392142926303913,1.33287270317104,1.78399315217652,1.88860113380985,5.11435085874918,0.1628,0.999,1,NA,0.0246,0.9754,5000
47,20,"moderate","85_15","extreme",0,"independent","mlma",NA,NA,NA,NA,NA,NA,NA,NA,NA,NA,NA,0.0686,0.9314,5000
47,20,"moderate","85_15","extreme",0,"independent","mlma_cr2",2.531498764288,2.61205002266928,0.349938572322423,1.30746229591848,1.82678408266105,1.97420301375978,3.75037474805884,0.109,1,1,NA,0.0268,0.9732,5000
48,20,"moderate","85_15","extreme",0.1,"independent","aggregate_hksj",18,18,0,18,18,18,18,0,0,0,0.1964,NA,0.9426,5000
48,20,"moderate","85_15","extreme",0.1,"independent","che_rve",2.4067309818762,2.40226627167633,0.382934843592166,1.43302521427531,1.80751098854036,1.90646466612621,4.00905157647014,0.1574,0.9998,1,0.0828,NA,0.9788,5000
48,20,"moderate","85_15","extreme",0.1,"independent","mlma",NA,NA,NA,NA,NA,NA,NA,NA,NA,NA,0.225,NA,0.9282,5000
48,20,"moderate","85_15","extreme",0.1,"independent","mlma_cr2",2.54128588213291,2.62000467795262,0.346120865416227,1.33642081025606,1.85195477445669,1.9960066402732,3.86489927821718,0.1022,1,1,0.0868,NA,0.9766,5000
49,20,"severe","50_50","balanced",0,"independent","aggregate_hksj",18,18,0,18,18,18,18,0,0,0,NA,0.0504,0.9496,5000
49,20,"severe","50_50","balanced",0,"independent","che_rve",16.1629860369366,16.6528759993611,1.54319647987017,8.54266232040013,12.8463434847673,14.1341618782611,17.8736069407644,0,0,0.0046,NA,0.0524,0.9476,5000
49,20,"severe","50_50","balanced",0,"independent","mlma",NA,NA,NA,NA,NA,NA,NA,NA,NA,NA,NA,0.0718,0.9282,5000
49,20,"severe","50_50","balanced",0,"independent","mlma_cr2",16.1189767856773,16.6528789788161,1.73618834445911,4.80160861148245,12.8173477629202,14.1341697493784,17.8736068759873,0,0,0.0164,NA,0.053,0.947,5000
50,20,"severe","50_50","balanced",0.1,"independent","aggregate_hksj",18,18,0,18,18,18,18,0,0,0,0.3338,NA,0.955,5000
50,20,"severe","50_50","balanced",0.1,"independent","che_rve",16.1178215173884,16.6532840798677,1.61078455629073,8.96077612641509,12.3992430528934,13.9462674060239,17.9182593604521,0,0,0.006,0.3478,NA,0.9472,5000
50,20,"severe","50_50","balanced",0.1,"independent","mlma",NA,NA,NA,NA,NA,NA,NA,NA,NA,NA,0.4098,NA,0.9258,5000
50,20,"severe","50_50","balanced",0.1,"independent","mlma_cr2",16.056656196088,16.6532839974406,1.86542962737767,4.9564144906015,12.3640330542331,13.9462783723533,17.918259353348,0,0,0.0216,0.3474,NA,0.9462,5000
51,20,"severe","50_50","moderate",0,"independent","aggregate_hksj",18,18,0,18,18,18,18,0,0,0,NA,0.0456,0.9544,5000
51,20,"severe","50_50","moderate",0,"independent","che_rve",16.0036386939273,16.5305140991931,1.67137921657218,7.97669676469758,12.2973686499455,13.895539845706,17.9174936042331,0,0,0.013,NA,0.0476,0.9524,5000
51,20,"severe","50_50","moderate",0,"independent","mlma",NA,NA,NA,NA,NA,NA,NA,NA,NA,NA,NA,0.071,0.929,5000
51,20,"severe","50_50","moderate",0,"independent","mlma_cr2",16.0118516985443,16.5510329986237,1.81385877684471,4.79620182075909,12.4633277723014,14.0418045372385,17.9277333166578,0,0,0.0204,NA,0.0502,0.9498,5000
52,20,"severe","50_50","moderate",0.1,"independent","aggregate_hksj",18,18,0,18,18,18,18,0,0,0,0.3322,NA,0.9484,5000
52,20,"severe","50_50","moderate",0.1,"independent","che_rve",16.0082364191362,16.5461837474166,1.68158933983485,7.72546403973266,12.1687903383885,13.7756041243579,17.8865204450765,0,0,0.0124,0.3426,NA,0.9458,5000
52,20,"severe","50_50","moderate",0.1,"independent","mlma",NA,NA,NA,NA,NA,NA,NA,NA,NA,NA,0.3952,NA,0.9262,5000
52,20,"severe","50_50","moderate",0.1,"independent","mlma_cr2",16.0179495746762,16.5839988872582,1.82265373803999,5.17023675049709,12.5021590437803,13.9849352412275,17.8810362310056,0,0,0.021,0.3422,NA,0.9452,5000
53,20,"severe","50_50","severe",0,"independent","aggregate_hksj",18,18,0,18,18,18,18,0,0,0,NA,0.0566,0.9434,5000
53,20,"severe","50_50","severe",0,"independent","che_rve",15.327586957328,15.9449768316401,2.01237819807947,6.16199457152687,10.8966416016164,12.5939554545831,17.8246392400244,0,0,0.0354,NA,0.0568,0.9432,5000
53,20,"severe","50_50","severe",0,"independent","mlma",NA,NA,NA,NA,NA,NA,NA,NA,NA,NA,NA,0.0804,0.9196,5000
53,20,"severe","50_50","severe",0,"independent","mlma_cr2",15.5905902061514,16.1605526912047,1.97421135306518,4.6603935275322,11.781272933126,13.3448098531304,17.8571360925708,0,0,0.0276,NA,0.0572,0.9428,5000
54,20,"severe","50_50","severe",0.1,"independent","aggregate_hksj",18,18,0,18,18,18,18,0,0,0,0.3068,NA,0.946,5000
54,20,"severe","50_50","severe",0.1,"independent","che_rve",15.4023555377009,15.9840850033193,1.94321181259092,5.65737936165699,11.0705063963101,12.8144078875261,17.8802793299484,0,0,0.0282,0.3122,NA,0.9428,5000
54,20,"severe","50_50","severe",0.1,"independent","mlma",NA,NA,NA,NA,NA,NA,NA,NA,NA,NA,0.3634,NA,0.923,5000
54,20,"severe","50_50","severe",0.1,"independent","mlma_cr2",15.6616407347773,16.1833577800426,1.89332814621257,4.49440419264908,12.0524313224908,13.5539436782343,17.9100167117488,0,0,0.0226,0.3126,NA,0.9408,5000
55,20,"severe","50_50","extreme",0,"independent","aggregate_hksj",18,18,0,18,18,18,18,0,0,0,NA,0.0642128425685137,0.935787157431486,4999
55,20,"severe","50_50","extreme",0,"independent","che_rve",13.8257815968937,14.460559772352,2.35271634253395,4.79441785399247,8.79535541815705,10.3380714952474,17.3595791933081,0,0,0.0892,NA,0.0634,0.9366,5000
55,20,"severe","50_50","extreme",0,"independent","mlma",NA,NA,NA,NA,NA,NA,NA,NA,NA,NA,NA,0.087,0.913,5000
55,20,"severe","50_50","extreme",0,"independent","mlma_cr2",14.7175823392537,15.2338853376182,2.12393917573386,3.77600936790108,10.6126556629419,12.1422375243918,17.7324077670721,0,4e-04,0.0376,NA,0.0618,0.9382,5000
56,20,"severe","50_50","extreme",0.1,"independent","aggregate_hksj",18,18,0,18,18,18,18,0,0,0,0.276,NA,0.9378,5000
56,20,"severe","50_50","extreme",0.1,"independent","che_rve",13.8935612783213,14.5066324823852,2.34857477387806,4.31829589028183,8.94518784436688,10.4335997634996,17.6675720053219,0,0,0.081,0.277,NA,0.9338,5000
56,20,"severe","50_50","extreme",0.1,"independent","mlma",NA,NA,NA,NA,NA,NA,NA,NA,NA,NA,0.3232,NA,0.9176,5000
56,20,"severe","50_50","extreme",0.1,"independent","mlma_cr2",14.8063490541653,15.3327852660853,2.06641330781558,3.73778995414864,10.7616097267681,12.2453710940093,17.8725197139985,0,6e-04,0.0368,0.2728,NA,0.9404,5000
57,20,"severe","70_30","balanced",0,"independent","aggregate_hksj",18,18,0,18,18,18,18,0,0,0,NA,0.0438,0.9562,5000
57,20,"severe","70_30","balanced",0,"independent","che_rve",8.67620822391006,8.84106023836034,0.949048478228675,3.99286224432723,6.7806774958828,7.49455977969988,12.1613678162894,0,2e-04,0.9592,NA,0.0446,0.9554,5000
57,20,"severe","70_30","balanced",0,"independent","mlma",NA,NA,NA,NA,NA,NA,NA,NA,NA,NA,NA,0.066,0.934,5000
57,20,"severe","70_30","balanced",0,"independent","mlma_cr2",8.65078130798738,8.8407499363133,1.03567448770667,2.72920605297547,6.75715106720128,7.47960622701973,12.161367840456,0,0.0056,0.9594,NA,0.0452,0.9548,5000
58,20,"severe","70_30","balanced",0.1,"independent","aggregate_hksj",18,18,0,18,18,18,18,0,0,0,0.2996,NA,0.9484,5000
58,20,"severe","70_30","balanced",0.1,"independent","che_rve",8.65847128089183,8.82284318025016,0.934830303846993,4.12117388305563,6.7771956111733,7.44772188079383,12.3331935347045,0,0,0.967,0.284,NA,0.948,5000
58,20,"severe","70_30","balanced",0.1,"independent","mlma",NA,NA,NA,NA,NA,NA,NA,NA,NA,NA,0.3642,NA,0.923,5000
58,20,"severe","70_30","balanced",0.1,"independent","mlma_cr2",8.63085986656736,8.82090267170778,1.02261005368335,2.8699126421507,6.71051189465411,7.4279468557461,12.3331933952381,0,0.0046,0.967,0.284,NA,0.947,5000
59,20,"severe","70_30","moderate",0,"independent","aggregate_hksj",18,18,0,18,18,18,18,0,0,0,NA,0.0472,0.9528,5000
59,20,"severe","70_30","moderate",0,"independent","che_rve",8.62090148966859,8.7709031156368,0.985816629674742,3.64889458575364,6.73283621732906,7.36029796572316,12.3426047207841,0,6e-04,0.9632,NA,0.0468,0.9532,5000
59,20,"severe","70_30","moderate",0,"independent","mlma",NA,NA,NA,NA,NA,NA,NA,NA,NA,NA,NA,0.0704,0.9296,5000
59,20,"severe","70_30","moderate",0,"independent","mlma_cr2",8.62382050801931,8.7893079991953,1.03499687697142,2.80840633654908,6.74876739549269,7.38504775419984,12.626008377237,0,0.0054,0.9594,NA,0.0472,0.9528,5000
60,20,"severe","70_30","moderate",0.1,"independent","aggregate_hksj",18,18,0,18,18,18,18,0,0,0,0.2806,NA,0.951,5000
60,20,"severe","70_30","moderate",0.1,"independent","che_rve",8.58145941797979,8.76726951481348,1.02524048606414,3.7409800144017,6.45296064656723,7.28445725492269,12.4282916910692,0,4e-04,0.9666,0.2676,NA,0.9472,5000
60,20,"severe","70_30","moderate",0.1,"independent","mlma",NA,NA,NA,NA,NA,NA,NA,NA,NA,NA,0.3404,NA,0.9248,5000
60,20,"severe","70_30","moderate",0.1,"independent","mlma_cr2",8.58200381474034,8.77757020299399,1.09366666488173,2.81603394077726,6.48319305318882,7.30638345757302,12.3408029157357,0,0.0062,0.9642,0.2672,NA,0.9496,5000
61,20,"severe","70_30","severe",0,"independent","aggregate_hksj",18,18,0,18,18,18,18,0,0,0,NA,0.0494,0.9506,5000
61,20,"severe","70_30","severe",0,"independent","che_rve",8.33676371039731,8.49391101829538,1.14709778127283,3.3803504778409,6.12796409405056,6.80308609704011,11.7657625437712,0,8e-04,0.961,NA,0.0496,0.9504,5000
61,20,"severe","70_30","severe",0,"independent","mlma",NA,NA,NA,NA,NA,NA,NA,NA,NA,NA,NA,0.0708,0.9292,5000
61,20,"severe","70_30","severe",0,"independent","mlma_cr2",8.43709770154862,8.60669111477111,1.16213019262916,2.6378672689726,6.32280611985506,6.99815818399636,12.2215868228033,0,0.0056,0.955,NA,0.0482,0.9518,5000
62,20,"severe","70_30","severe",0.1,"independent","aggregate_hksj",18,18,0,18,18,18,18,0,0,0,0.2624,NA,0.9476,5000
62,20,"severe","70_30","severe",0.1,"independent","che_rve",8.29109618493775,8.44873147327612,1.19165010356378,3.41377961900879,5.949759551104,6.67181828887199,12.9683961001583,0,0.0022,0.9608,0.2564,NA,0.9514,5000
62,20,"severe","70_30","severe",0.1,"independent","mlma",NA,NA,NA,NA,NA,NA,NA,NA,NA,NA,0.3154,NA,0.93,5000
62,20,"severe","70_30","severe",0.1,"independent","mlma_cr2",8.39017611370468,8.56703714084008,1.20049373957022,2.48530014647776,6.11281434956999,6.90938416082781,11.8336337924602,0,0.0076,0.9576,0.2512,NA,0.9516,5000
63,20,"severe","70_30","extreme",0,"independent","aggregate_hksj",18,18,0,18,18,18,18,0,0,0,NA,0.0554,0.9446,5000
63,20,"severe","70_30","extreme",0,"independent","che_rve",7.65515616845909,7.80562668836284,1.5011731171147,2.7290955447664,4.88737622577981,5.63118213822139,12.5855378516488,0,0.0138,0.9566,NA,0.0532,0.9468,5000
63,20,"severe","70_30","extreme",0,"independent","mlma",NA,NA,NA,NA,NA,NA,NA,NA,NA,NA,NA,0.0752,0.9248,5000
63,20,"severe","70_30","extreme",0,"independent","mlma_cr2",8.04738528846672,8.20923881282043,1.44713920793966,2.28577423546542,5.3704693003511,6.15838285518101,12.8202672946651,0,0.012,0.9366,NA,0.0488,0.9512,5000
64,20,"severe","70_30","extreme",0.1,"independent","aggregate_hksj",18,18,0,18,18,18,18,0,0,0,0.2374,NA,0.9426,5000
64,20,"severe","70_30","extreme",0.1,"independent","che_rve",7.63418050393324,7.75459469232511,1.47052431281255,2.46201709973165,4.99197946095351,5.64445156831416,12.972101000641,0,0.0118,0.9614,0.2132,NA,0.95,5000
64,20,"severe","70_30","extreme",0.1,"independent","mlma",NA,NA,NA,NA,NA,NA,NA,NA,NA,NA,0.2882,NA,0.929,5000
64,20,"severe","70_30","extreme",0.1,"independent","mlma_cr2",8.02179007270873,8.17107764027569,1.42139787818937,2.16290444067373,5.3930950052608,6.18474910491848,12.7254530230438,0,0.0126,0.9438,0.2072,NA,0.9506,5000
65,20,"severe","85_15","balanced",0,"independent","aggregate_hksj",18,18,0,18,18,18,18,0,0,0,NA,0.0486,0.9514,5000
65,20,"severe","85_15","balanced",0,"independent","che_rve",2.59827828863173,2.6065037914635,0.186921373866744,1.86656983627222,2.28798375371115,2.38819118985399,4.70975368776902,0.0066,0.9996,1,NA,0.0234,0.9766,5000
65,20,"severe","85_15","balanced",0,"independent","mlma",NA,NA,NA,NA,NA,NA,NA,NA,NA,NA,NA,0.076,0.924,5000
65,20,"severe","85_15","balanced",0,"independent","mlma_cr2",2.59522140766521,2.60657400815026,0.196431933006262,1.63021463215285,2.27245836536587,2.38679327538351,4.95350375642864,0.012,0.9996,1,NA,0.024,0.976,5000
66,20,"severe","85_15","balanced",0.1,"independent","aggregate_hksj",18,18,0,18,18,18,18,0,0,0,0.1872,NA,0.9544,5000
66,20,"severe","85_15","balanced",0.1,"independent","che_rve",2.59274569716892,2.6021670923962,0.187999992448477,1.89006147769274,2.26731437757554,2.37405032496312,4.04918142698411,0.0074,0.9998,1,0.104,NA,0.9774,5000
66,20,"severe","85_15","balanced",0.1,"independent","mlma",NA,NA,NA,NA,NA,NA,NA,NA,NA,NA,0.2456,NA,0.9304,5000
66,20,"severe","85_15","balanced",0.1,"independent","mlma_cr2",2.58987318072301,2.60223648870664,0.196766221572515,1.63021463213669,2.25666192388595,2.37319994298468,4.04918143119349,0.0122,0.9998,1,0.1046,NA,0.9768,5000
67,20,"severe","85_15","moderate",0,"independent","aggregate_hksj",18,18,0,18,18,18,18,0,0,0,NA,0.0516,0.9484,5000
67,20,"severe","85_15","moderate",0,"independent","che_rve",2.58008626832705,2.5918479944948,0.197202048085881,1.78099365808688,2.23868067736274,2.34487454134093,4.40367047029333,0.0082,0.9998,1,NA,0.0282,0.9718,5000
67,20,"severe","85_15","moderate",0,"independent","mlma",NA,NA,NA,NA,NA,NA,NA,NA,NA,NA,NA,0.0684,0.9316,5000
67,20,"severe","85_15","moderate",0,"independent","mlma_cr2",2.5787656098842,2.59139048956806,0.204180932363899,1.54554039341808,2.22850088025508,2.34977032662111,4.42206413152049,0.0118,0.9996,1,NA,0.0288,0.9712,5000
68,20,"severe","85_15","moderate",0.1,"independent","aggregate_hksj",18,18,0,18,18,18,18,0,0,0,0.1946,NA,0.954,5000
68,20,"severe","85_15","moderate",0.1,"independent","che_rve",2.57946027389897,2.59613834498904,0.200644384410992,1.74739123488906,2.22819802841154,2.33326564774338,4.15136921272856,0.0066,0.9998,1,0.1074,NA,0.975,5000
68,20,"severe","85_15","moderate",0.1,"independent","mlma",NA,NA,NA,NA,NA,NA,NA,NA,NA,NA,0.2456,NA,0.9294,5000
68,20,"severe","85_15","moderate",0.1,"independent","mlma_cr2",2.57762878126552,2.59627646028654,0.211137083160978,1.59308116532901,2.22249328043638,2.32982626292203,4.58768676154233,0.0144,0.9996,1,0.1082,NA,0.9746,5000
69,20,"severe","85_15","severe",0,"independent","aggregate_hksj",18,18,0,18,18,18,18,0,0,0,NA,0.0544,0.9456,5000
69,20,"severe","85_15","severe",0,"independent","che_rve",2.53114557351856,2.55948313590763,0.270921038314769,1.61619775641053,2.05430145977918,2.17660520865437,5.81554229152519,0.0352,0.9992,1,NA,0.0286,0.9714,5000
69,20,"severe","85_15","severe",0,"independent","mlma",NA,NA,NA,NA,NA,NA,NA,NA,NA,NA,NA,0.0774,0.9226,5000
69,20,"severe","85_15","severe",0,"independent","mlma_cr2",2.53779442727865,2.57149404304479,0.270370814976861,1.47044658087739,2.05283427247333,2.16969154084331,4.18894870569891,0.0366,0.9998,1,NA,0.0294,0.9706,5000
70,20,"severe","85_15","severe",0.1,"independent","aggregate_hksj",18,18,0,18,18,18,18,0,0,0,0.1762,NA,0.9438,5000
70,20,"severe","85_15","severe",0.1,"independent","che_rve",2.52965917213341,2.56040028165902,0.267999029051985,1.62758954274958,2.04155466727556,2.16609287869327,4.23623343917701,0.0378,0.9994,1,0.085,NA,0.9698,5000
70,20,"severe","85_15","severe",0.1,"independent","mlma",NA,NA,NA,NA,NA,NA,NA,NA,NA,NA,0.2242,NA,0.9194,5000
70,20,"severe","85_15","severe",0.1,"independent","mlma_cr2",2.53698024701419,2.57245715393981,0.270745591248675,1.54503012484097,2.04190523300898,2.16472536398024,4.32889575967427,0.039,0.9998,1,0.0852,NA,0.97,5000
71,20,"severe","85_15","extreme",0,"independent","aggregate_hksj",18,18,0,18,18,18,18,0,0,0,NA,0.054,0.946,5000
71,20,"severe","85_15","extreme",0,"independent","che_rve",2.38766092436208,2.38424967698361,0.383743294768266,1.3650401385702,1.78730845988464,1.89130338430789,5.32475609430394,0.174,0.9984,1,NA,0.0224,0.9776,5000
71,20,"severe","85_15","extreme",0,"independent","mlma",NA,NA,NA,NA,NA,NA,NA,NA,NA,NA,NA,0.074,0.926,5000
71,20,"severe","85_15","extreme",0,"independent","mlma_cr2",2.43210801429028,2.46912243248329,0.376706754880236,1.36588124971452,1.79929582103394,1.91211809305553,4.61083138834297,0.1522,0.999,1,NA,0.0212,0.9788,5000
72,20,"severe","85_15","extreme",0.1,"independent","aggregate_hksj",18,18,0,18,18,18,18,0,0,0,0.1634,NA,0.9488,5000
72,20,"severe","85_15","extreme",0.1,"independent","che_rve",2.38861528768983,2.38418644934803,0.377546817118579,1.39573220804198,1.7825883414873,1.90598390239154,5.3059461895641,0.1676,0.9992,1,0.0722,NA,0.9776,5000
72,20,"severe","85_15","extreme",0.1,"independent","mlma",NA,NA,NA,NA,NA,NA,NA,NA,NA,NA,0.2004,NA,0.928,5000
72,20,"severe","85_15","extreme",0.1,"independent","mlma_cr2",2.43916029571973,2.47308449873569,0.37583914104974,1.37832541617136,1.8040349488005,1.9316178433295,4.09829879235806,0.1456,0.9996,1,0.0708,NA,0.9784,5000
73,40,"balanced","50_50","balanced",0,"independent","aggregate_hksj",38,38,0,38,38,38,38,0,0,0,NA,0.0558,0.9442,5000
73,40,"balanced","50_50","balanced",0,"independent","che_rve",38,38,9.66016670386432e-15,38,38,38,38,0,0,0,NA,0.0558,0.9442,5000
73,40,"balanced","50_50","balanced",0,"independent","mlma",NA,NA,NA,NA,NA,NA,NA,NA,NA,NA,NA,0.0652,0.9348,5000
73,40,"balanced","50_50","balanced",0,"independent","mlma_cr2",38,38,9.67583608432318e-15,38,38,38,38,0,0,0,NA,0.0558,0.9442,5000
74,40,"balanced","50_50","balanced",0.1,"independent","aggregate_hksj",38,38,0,38,38,38,38,0,0,0,0.713,NA,0.9564,5000
74,40,"balanced","50_50","balanced",0.1,"independent","che_rve",38,38,9.52222492929416e-15,38,38,38,38,0,0,0,0.713,NA,0.9564,5000
74,40,"balanced","50_50","balanced",0.1,"independent","mlma",NA,NA,NA,NA,NA,NA,NA,NA,NA,NA,0.7368,NA,0.9484,5000
74,40,"balanced","50_50","balanced",0.1,"independent","mlma_cr2",38,38,9.60564828843309e-15,38,38,38,38,0,0,0,0.713,NA,0.9564,5000
75,40,"balanced","50_50","moderate",0,"independent","aggregate_hksj",38,38,0,38,38,38,38,0,0,0,NA,0.0516,0.9484,5000
75,40,"balanced","50_50","moderate",0,"independent","che_rve",37.6770075857438,37.7090885687966,0.148398543971903,36.4214804015925,37.3904847215234,37.4832843339605,37.9242391606563,0,0,0,NA,0.0512,0.9488,5000
75,40,"balanced","50_50","moderate",0,"independent","mlma",NA,NA,NA,NA,NA,NA,NA,NA,NA,NA,NA,0.0598,0.9402,5000
75,40,"balanced","50_50","moderate",0,"independent","mlma_cr2",37.941878492313,37.9481716538979,0.0284651955490852,37.6656132171846,37.8873233389949,37.9064539747357,37.9868528577739,0,0,0,NA,0.0508,0.9492,5000
76,40,"balanced","50_50","moderate",0.1,"independent","aggregate_hksj",38,38,0,38,38,38,38,0,0,0,0.711,NA,0.9458,5000
76,40,"balanced","50_50","moderate",0.1,"independent","che_rve",37.6728973480623,37.7069452946048,0.158654568392796,35.9623896838824,37.3821693949084,37.4872931080069,37.9148197240826,0,0,0,0.7114,NA,0.9452,5000
76,40,"balanced","50_50","moderate",0.1,"independent","mlma",NA,NA,NA,NA,NA,NA,NA,NA,NA,NA,0.7312,NA,0.939,5000
76,40,"balanced","50_50","moderate",0.1,"independent","mlma_cr2",37.9411776341261,37.947891760612,0.030122688487897,37.6354151476334,37.8859607571587,37.9059954930805,37.9859161775195,0,0,0,0.713,NA,0.9454,5000
77,40,"balanced","50_50","severe",0,"independent","aggregate_hksj",38,38,0,38,38,38,38,0,0,0,NA,0.0532,0.9468,5000
77,40,"balanced","50_50","severe",0,"independent","che_rve",36.3537148405878,36.4657458882339,0.608795222786763,31.9734989975799,35.2485266168222,35.5793194025575,37.5854403997222,0,0,0,NA,0.0536,0.9464,5000
77,40,"balanced","50_50","severe",0,"independent","mlma",NA,NA,NA,NA,NA,NA,NA,NA,NA,NA,NA,0.0614,0.9386,5000
77,40,"balanced","50_50","severe",0,"independent","mlma_cr2",37.5989819965184,37.6310215236119,0.170549646758823,35.3036181565574,37.2909517627857,37.3869264731477,37.9145265954573,0,0,0,NA,0.053,0.947,5000
78,40,"balanced","50_50","severe",0.1,"independent","aggregate_hksj",38,38,0,38,38,38,38,0,0,0,0.67,NA,0.9488,5000
78,40,"balanced","50_50","severe",0.1,"independent","che_rve",36.3570830678549,36.4767193483696,0.609053474553346,32.3369529422497,35.200391567844,35.5791680388263,37.5394105552816,0,0,0,0.6684,NA,0.95,5000
78,40,"balanced","50_50","severe",0.1,"independent","mlma",NA,NA,NA,NA,NA,NA,NA,NA,NA,NA,0.686,NA,0.9452,5000
78,40,"balanced","50_50","severe",0.1,"independent","mlma_cr2",37.6000699683873,37.6353288351122,0.168951636719448,36.5287238572992,37.2767719927562,37.3821865517457,37.8999340885701,0,0,0,0.6584,NA,0.9528,5000
79,40,"balanced","50_50","extreme",0,"independent","aggregate_hksj",38,38,0,38,38,38,38,0,0,0,NA,0.0494,0.9506,5000
79,40,"balanced","50_50","extreme",0,"independent","che_rve",33.3135654510635,33.5265985822663,1.39634480017418,22.7016552309769,30.7236086851766,31.468475029988,36.3416877740955,0,0,0,NA,0.0492,0.9508,5000
79,40,"balanced","50_50","extreme",0,"independent","mlma",NA,NA,NA,NA,NA,NA,NA,NA,NA,NA,NA,0.0566,0.9434,5000
79,40,"balanced","50_50","extreme",0,"independent","mlma_cr2",36.6631198486139,36.7543804538185,0.517512870642719,33.1945785365319,35.7046864147653,35.9850432446776,37.6750385578485,0,0,0,NA,0.0478,0.9522,5000
80,40,"balanced","50_50","extreme",0.1,"independent","aggregate_hksj",38,38,0,38,38,38,38,0,0,0,0.6358,NA,0.9474,5000
80,40,"balanced","50_50","extreme",0.1,"independent","che_rve",33.3236778151166,33.5470093854505,1.41219290526807,23.922688324038,30.7487333614445,31.5141135435374,36.7472807287217,0,0,0,0.6312,NA,0.9498,5000
80,40,"balanced","50_50","extreme",0.1,"independent","mlma",NA,NA,NA,NA,NA,NA,NA,NA,NA,NA,0.6338,NA,0.9394,5000
80,40,"balanced","50_50","extreme",0.1,"independent","mlma_cr2",36.6638700089515,36.7557961256024,0.526571766849464,32.3089169800602,35.714705308032,35.9941249857943,37.7400958742911,0,0,0,0.61,NA,0.949,5000
81,40,"balanced","70_30","balanced",0,"independent","aggregate_hksj",38,38,0,38,38,38,38,0,0,0,NA,0.048,0.952,5000
81,40,"balanced","70_30","balanced",0,"independent","che_rve",20.8860759493671,20.8860759493671,6.19785608342932e-14,20.8860759493669,20.886075949367,20.886075949367,20.8860759493672,0,0,0,NA,0.0472,0.9528,5000
81,40,"balanced","70_30","balanced",0,"independent","mlma",NA,NA,NA,NA,NA,NA,NA,NA,NA,NA,NA,0.0558,0.9442,5000
81,40,"balanced","70_30","balanced",0,"independent","mlma_cr2",20.8860759493671,20.8860759493671,6.11091303943702e-14,20.886075949367,20.886075949367,20.886075949367,20.8860759493672,0,0,0,NA,0.0472,0.9528,5000
82,40,"balanced","70_30","balanced",0.1,"independent","aggregate_hksj",38,38,0,38,38,38,38,0,0,0,0.6334,NA,0.953,5000
82,40,"balanced","70_30","balanced",0.1,"independent","che_rve",20.8860759493671,20.8860759493671,6.0405537930581e-14,20.8860759493669,20.886075949367,20.886075949367,20.8860759493672,0,0,0,0.6178,NA,0.9512,5000
82,40,"balanced","70_30","balanced",0.1,"independent","mlma",NA,NA,NA,NA,NA,NA,NA,NA,NA,NA,0.6594,NA,0.9464,5000
82,40,"balanced","70_30","balanced",0.1,"independent","mlma_cr2",20.8860759493671,20.8860759493671,6.03725708303858e-14,20.886075949367,20.886075949367,20.886075949367,20.8860759493672,0,0,0,0.6178,NA,0.9512,5000
83,40,"balanced","70_30","moderate",0,"independent","aggregate_hksj",38,38,0,38,38,38,38,0,0,0,NA,0.0476,0.9524,5000
83,40,"balanced","70_30","moderate",0,"independent","che_rve",20.7182935582381,20.7390938547994,0.347499769042213,18.7390005302039,20.1185318248182,20.2697818435712,22.1182899778325,0,0,0,NA,0.0464,0.9536,5000
83,40,"balanced","70_30","moderate",0,"independent","mlma",NA,NA,NA,NA,NA,NA,NA,NA,NA,NA,NA,0.0554,0.9446,5000
83,40,"balanced","70_30","moderate",0,"independent","mlma_cr2",20.8564372707076,20.8640150566414,0.136830301764106,20.1323497764077,20.6251031609315,20.6816403222011,21.4957743374273,0,0,0,NA,0.0462,0.9538,5000
84,40,"balanced","70_30","moderate",0.1,"independent","aggregate_hksj",38,38,0,38,38,38,38,0,0,0,0.625,NA,0.9566,5000
84,40,"balanced","70_30","moderate",0.1,"independent","che_rve",20.7196793346653,20.741617451455,0.347596969555917,18.2412570010221,20.1253508352018,20.272611909742,22.3133168818587,0,0,0,0.6146,NA,0.9538,5000
84,40,"balanced","70_30","moderate",0.1,"independent","mlma",NA,NA,NA,NA,NA,NA,NA,NA,NA,NA,0.6476,NA,0.9482,5000
84,40,"balanced","70_30","moderate",0.1,"independent","mlma_cr2",20.8567262495865,20.8638409019963,0.135631270384678,19.9330512516799,20.6276825300827,20.681569436341,21.5404054115455,0,0,0,0.613,NA,0.954,5000
85,40,"balanced","70_30","severe",0,"independent","aggregate_hksj",38,38,0,38,38,38,38,0,0,0,NA,0.0562,0.9438,5000
85,40,"balanced","70_30","severe",0,"independent","che_rve",20.0123522411385,20.0761915560173,0.989794431338518,15.4776571887239,18.3018438592971,18.7241003269473,23.1255896657837,0,0,0,NA,0.0538,0.9462,5000
85,40,"balanced","70_30","severe",0,"independent","mlma",NA,NA,NA,NA,NA,NA,NA,NA,NA,NA,NA,0.0616,0.9384,5000
85,40,"balanced","70_30","severe",0,"independent","mlma_cr2",20.6733686532168,20.7126948615602,0.437005283045222,18.3887103474947,19.897286724028,20.1088026368182,21.9817185371347,0,0,0,NA,0.0522,0.9478,5000
86,40,"balanced","70_30","severe",0.1,"independent","aggregate_hksj",38,38,0,38,38,38,38,0,0,0,0.6012,NA,0.947,5000
86,40,"balanced","70_30","severe",0.1,"independent","che_rve",20.0252594527553,20.0939405784489,0.993644074285682,14.6758165448002,18.2945183146837,18.7508706450754,22.6123320897576,0,0,0,0.5808,NA,0.9472,5000
86,40,"balanced","70_30","severe",0.1,"independent","mlma",NA,NA,NA,NA,NA,NA,NA,NA,NA,NA,0.6148,NA,0.9386,5000
86,40,"balanced","70_30","severe",0.1,"independent","mlma_cr2",20.6775412679257,20.7130898947788,0.436568805739941,18.4996307666487,19.902246371755,20.1095635855356,21.8264997388583,0,0,0,0.5738,NA,0.947,5000
87,40,"balanced","70_30","extreme",0,"independent","aggregate_hksj",38,38,0,38,38,38,38,0,0,0,NA,0.0532,0.9468,5000
87,40,"balanced","70_30","extreme",0,"independent","che_rve",18.4551895170204,18.5197343585221,1.83150069744314,10.4469542343858,15.3616704241431,16.0772322072606,24.3268221006112,0,0,0,NA,0.049,0.951,5000
87,40,"balanced","70_30","extreme",0,"independent","mlma",NA,NA,NA,NA,NA,NA,NA,NA,NA,NA,NA,0.0604,0.9396,5000
87,40,"balanced","70_30","extreme",0,"independent","mlma_cr2",20.19373734705,20.2378354255468,0.872192492578527,14.7494911320045,18.6767659311174,19.0985704328397,23.1416219386348,0,0,0,NA,0.049,0.951,5000
88,40,"balanced","70_30","extreme",0.1,"independent","aggregate_hksj",38,38,0,38,38,38,38,0,0,0,0.5404,NA,0.9434,5000
88,40,"balanced","70_30","extreme",0.1,"independent","che_rve",18.413437389888,18.463972057647,1.80729591805782,10.5161460836379,15.3358483758441,16.0899266032243,23.6026028715798,0,0,0,0.52,NA,0.9492,5000
88,40,"balanced","70_30","extreme",0.1,"independent","mlma",NA,NA,NA,NA,NA,NA,NA,NA,NA,NA,0.5448,NA,0.9378,5000
88,40,"balanced","70_30","extreme",0.1,"independent","mlma_cr2",20.1698679534274,20.2155897030906,0.862411611735082,15.7683950954664,18.6878750552703,19.0548178953497,22.6823197911825,0,0,0,0.5042,NA,0.95,5000
89,40,"balanced","85_15","balanced",0,"independent","aggregate_hksj",38,38,0,38,38,38,38,0,0,0,NA,0.0502,0.9498,5000
89,40,"balanced","85_15","balanced",0,"independent","che_rve",6.88791484032561,6.88791484032561,1.01718740445105e-14,6.88791484032558,6.88791484032559,6.8879148403256,6.88791484032564,0,0,1,NA,0.0498,0.9502,5000
89,40,"balanced","85_15","balanced",0,"independent","mlma",NA,NA,NA,NA,NA,NA,NA,NA,NA,NA,NA,0.0584,0.9416,5000
89,40,"balanced","85_15","balanced",0,"independent","mlma_cr2",6.88791484032561,6.88791484032561,1.00949452999249e-14,6.88791484032558,6.88791484032559,6.8879148403256,6.88791484032564,0,0,1,NA,0.0498,0.9502,5000
90,40,"balanced","85_15","balanced",0.1,"independent","aggregate_hksj",38,38,0,38,38,38,38,0,0,0,0.4514,NA,0.957,5000
90,40,"balanced","85_15","balanced",0.1,"independent","che_rve",6.88791484032561,6.88791484032561,1.00776728437967e-14,6.88791484032558,6.88791484032559,6.8879148403256,6.88791484032564,0,0,1,0.3642,NA,0.9584,5000
90,40,"balanced","85_15","balanced",0.1,"independent","mlma",NA,NA,NA,NA,NA,NA,NA,NA,NA,NA,0.476,NA,0.947,5000
90,40,"balanced","85_15","balanced",0.1,"independent","mlma_cr2",6.88791484032561,6.88791484032561,1.0081829384268e-14,6.88791484032558,6.88791484032559,6.8879148403256,6.88791484032564,0,0,1,0.3642,NA,0.9584,5000
91,40,"balanced","85_15","moderate",0,"independent","aggregate_hksj",38,38,0,38,38,38,38,0,0,0,NA,0.0518,0.9482,5000
91,40,"balanced","85_15","moderate",0,"independent","che_rve",6.83473955469694,6.84767535726184,0.105278241522707,6.24131396519527,6.64173379042017,6.69135897514561,7.13991269298291,0,0,1,NA,0.049,0.951,5000
91,40,"balanced","85_15","moderate",0,"independent","mlma",NA,NA,NA,NA,NA,NA,NA,NA,NA,NA,NA,0.0594,0.9406,5000
91,40,"balanced","85_15","moderate",0,"independent","mlma_cr2",6.87881791421741,6.88283635395438,0.038307568357771,6.68225722451185,6.80925912244612,6.82823246829181,6.99240108230953,0,0,1,NA,0.0484,0.9516,5000
92,40,"balanced","85_15","moderate",0.1,"independent","aggregate_hksj",38,38,0,38,38,38,38,0,0,0,0.424,NA,0.9492,5000
92,40,"balanced","85_15","moderate",0.1,"independent","che_rve",6.832505357097,6.8430574711489,0.109811300855457,6.13585387614405,6.6378093632756,6.6892230017521,7.16014094261572,0,0,1,0.3518,NA,0.9496,5000
92,40,"balanced","85_15","moderate",0.1,"independent","mlma",NA,NA,NA,NA,NA,NA,NA,NA,NA,NA,0.4456,NA,0.9418,5000
92,40,"balanced","85_15","moderate",0.1,"independent","mlma_cr2",6.8781966094069,6.88179516670999,0.0398853564007141,6.61692509092965,6.80812174372862,6.82746278775536,7.01098696404272,0,0,1,0.3518,NA,0.9502,5000
93,40,"balanced","85_15","severe",0,"independent","aggregate_hksj",38,38,0,38,38,38,38,0,0,0,NA,0.0496,0.9504,5000
93,40,"balanced","85_15","severe",0,"independent","che_rve",6.60986413378365,6.66181767239608,0.365383709254478,4.14206746008192,5.95460937923622,6.11412760286788,7.55759830892889,0,0,1,NA,0.0482,0.9518,5000
93,40,"balanced","85_15","severe",0,"independent","mlma",NA,NA,NA,NA,NA,NA,NA,NA,NA,NA,NA,0.0542,0.9458,5000
93,40,"balanced","85_15","severe",0,"independent","mlma_cr2",6.82147238105172,6.85134312185349,0.149325128497053,5.84037981650066,6.54371654111862,6.61311605276555,7.21610488484403,0,0,1,NA,0.05,0.95,5000
94,40,"balanced","85_15","severe",0.1,"independent","aggregate_hksj",38,38,0,38,38,38,38,0,0,0,0.409,NA,0.9546,5000
94,40,"balanced","85_15","severe",0.1,"independent","che_rve",6.59535197160507,6.65389765492662,0.362026374117529,5.00634138976816,5.92054895742923,6.1014857941915,7.58280552980319,0,0,1,0.3248,NA,0.9586,5000
94,40,"balanced","85_15","severe",0.1,"independent","mlma",NA,NA,NA,NA,NA,NA,NA,NA,NA,NA,0.4292,NA,0.9496,5000
94,40,"balanced","85_15","severe",0.1,"independent","mlma_cr2",6.81676161580483,6.8483793722653,0.147208120632333,6.12367564176425,6.52791558184796,6.60595982407749,7.16525155895749,0,0,1,0.3282,NA,0.9568,5000
95,40,"balanced","85_15","extreme",0,"independent","aggregate_hksj",38,38,0,38,38,38,38,0,0,0,NA,0.0484,0.9516,5000
95,40,"balanced","85_15","extreme",0,"independent","che_rve",6.07743955086645,6.10361432538387,0.683558700159367,3.63848927166235,4.90618529862758,5.17337206912417,8.1818785231863,0,0.0024,1,NA,0.0382,0.9618,5000
95,40,"balanced","85_15","extreme",0,"independent","mlma",NA,NA,NA,NA,NA,NA,NA,NA,NA,NA,NA,0.0518,0.9482,5000
95,40,"balanced","85_15","extreme",0,"independent","mlma_cr2",6.65603994525811,6.67490591420035,0.300632792338773,5.33745533747014,6.12520120633335,6.25903974427475,7.46095594751306,0,0,1,NA,0.0376,0.9624,5000
96,40,"balanced","85_15","extreme",0.1,"independent","aggregate_hksj",38,38,0,38,38,38,38,0,0,0,0.3532,NA,0.9472,5000
96,40,"balanced","85_15","extreme",0.1,"independent","che_rve",6.06932913111999,6.08728921133521,0.69900012746389,3.63639383671087,4.88528698185628,5.14689576305649,8.22601565711361,0,0.0028,1,0.2778,NA,0.9554,5000
96,40,"balanced","85_15","extreme",0.1,"independent","mlma",NA,NA,NA,NA,NA,NA,NA,NA,NA,NA,0.3638,NA,0.9422,5000
96,40,"balanced","85_15","extreme",0.1,"independent","mlma_cr2",6.65248867411978,6.66483689631231,0.30929577532423,5.15689725184301,6.10617084487674,6.24951172156781,7.48133945479643,0,0,1,0.274,NA,0.9548,5000
97,40,"moderate","50_50","balanced",0,"independent","aggregate_hksj",38,38,0,38,38,38,38,0,0,0,NA,0.0468,0.9532,5000
97,40,"moderate","50_50","balanced",0,"independent","che_rve",36.3458018610346,36.4516994782942,0.674480346930826,32.1108142412092,35.07853406546,35.4741704412238,37.7170484728103,0,0,0,NA,0.048,0.952,5000
97,40,"moderate","50_50","balanced",0,"independent","mlma",NA,NA,NA,NA,NA,NA,NA,NA,NA,NA,NA,0.056,0.944,5000
97,40,"moderate","50_50","balanced",0,"independent","mlma_cr2",36.3458019126388,36.4516991485497,0.674480382828858,32.1108145805531,35.0785342391792,35.474168615408,37.7170475954713,0,0,0,NA,0.048,0.952,5000
98,40,"moderate","50_50","balanced",0.1,"independent","aggregate_hksj",38,38,0,38,38,38,38,0,0,0,0.676,NA,0.9494,5000
98,40,"moderate","50_50","balanced",0.1,"independent","che_rve",36.3363445040354,36.4540259193196,0.67972477034058,31.3327368357449,35.0648373487024,35.4455376583544,37.6557998346985,0,0,0,0.6918,NA,0.95,5000
98,40,"moderate","50_50","balanced",0.1,"independent","mlma",NA,NA,NA,NA,NA,NA,NA,NA,NA,NA,0.7114,NA,0.9416,5000
98,40,"moderate","50_50","balanced",0.1,"independent","mlma_cr2",36.3363274770202,36.4540256670828,0.679850725236275,31.2479050100249,35.0648374939738,35.4455377056779,37.6557998257556,0,0,0,0.6918,NA,0.95,5000
99,40,"moderate","50_50","moderate",0,"independent","aggregate_hksj",38,38,0,38,38,38,38,0,0,0,NA,0.0542,0.9458,5000
99,40,"moderate","50_50","moderate",0,"independent","che_rve",36.0270841450991,36.1889791169068,0.85111505968372,29.5355081825444,34.4651289350666,34.9501346183134,37.8117964809559,0,0,0,NA,0.0516,0.9484,5000
99,40,"moderate","50_50","moderate",0,"independent","mlma",NA,NA,NA,NA,NA,NA,NA,NA,NA,NA,NA,0.0592,0.9408,5000
99,40,"moderate","50_50","moderate",0,"independent","mlma_cr2",36.234582250129,36.3638730933966,0.734834160309164,30.3363968814664,34.8803089708885,35.3050723117656,37.8316410043824,0,0,0,NA,0.0524,0.9476,5000
100,40,"moderate","50_50","moderate",0.1,"independent","aggregate_hksj",38,38,0,38,38,38,38,0,0,0,0.6576,NA,0.9502,5000
100,40,"moderate","50_50","moderate",0.1,"independent","che_rve",35.9865472137076,36.1379543829817,0.858647380590831,28.4962532514164,34.3578636251268,34.8912713451821,37.5197428602683,0,0,0,0.6788,NA,0.9496,5000
100,40,"moderate","50_50","moderate",0.1,"independent","mlma",NA,NA,NA,NA,NA,NA,NA,NA,NA,NA,0.6986,NA,0.9408,5000
100,40,"moderate","50_50","moderate",0.1,"independent","mlma_cr2",36.2066767085763,36.3229728071204,0.728550667445565,31.0423032518211,34.8287394707539,35.2465663778024,37.6018995515218,0,0,0,0.6744,NA,0.9504,5000
101,40,"moderate","50_50","severe",0,"independent","aggregate_hksj",38,38,0,38,38,38,38,0,0,0,NA,0.0488,0.9512,5000
101,40,"moderate","50_50","severe",0,"independent","che_rve",34.7240189477852,34.95127684812,1.32681506551167,23.7846720784783,32.3116585724524,33.0989609283826,37.3048918311844,0,0,0,NA,0.0492,0.9508,5000
101,40,"moderate","50_50","severe",0,"independent","mlma",NA,NA,NA,NA,NA,NA,NA,NA,NA,NA,NA,0.0596,0.9404,5000
101,40,"moderate","50_50","severe",0,"independent","mlma_cr2",35.7687497356823,35.9128120771407,0.910002892716344,28.0712567751895,34.1073779739048,34.5997999014663,37.5976981741273,0,0,0,NA,0.0474,0.9526,5000
102,40,"moderate","50_50","severe",0.1,"independent","aggregate_hksj",38,38,0,38,38,38,38,0,0,0,0.6322,NA,0.947,5000
102,40,"moderate","50_50","severe",0.1,"independent","che_rve",34.7255499815314,34.9693983827466,1.3334495265731,24.8706407789192,32.1944596047828,32.9937998115462,37.1644060697883,0,0,0,0.6464,NA,0.9442,5000
102,40,"moderate","50_50","severe",0.1,"independent","mlma",NA,NA,NA,NA,NA,NA,NA,NA,NA,NA,0.6614,NA,0.9396,5000
102,40,"moderate","50_50","severe",0.1,"independent","mlma_cr2",35.7627253831064,35.9007213618702,0.915382622693814,30.3773579215586,34.0609641648663,34.5518653681359,37.6011150273216,0,0,0,0.6378,NA,0.9468,5000
103,40,"moderate","50_50","extreme",0,"independent","aggregate_hksj",38,38,0,38,38,38,38,0,0,0,NA,0.0564,0.9436,5000
103,40,"moderate","50_50","extreme",0,"independent","che_rve",31.742692286956,32.1232830718866,2.13792528257688,17.4159852826623,27.6996961897679,28.9975826424966,36.3641903389716,0,0,0,NA,0.0546,0.9454,5000
103,40,"moderate","50_50","extreme",0,"independent","mlma",NA,NA,NA,NA,NA,NA,NA,NA,NA,NA,NA,0.0618,0.9382,5000
103,40,"moderate","50_50","extreme",0,"independent","mlma_cr2",34.6808147411663,34.8721685307422,1.24986012259849,24.763655535848,32.3894727713667,33.0486488939502,37.4069643965394,0,0,0,NA,0.0546,0.9454,5000
104,40,"moderate","50_50","extreme",0.1,"independent","aggregate_hksj",38,38,0,38,38,38,38,0,0,0,0.5632,NA,0.9426,5000
104,40,"moderate","50_50","extreme",0.1,"independent","che_rve",31.8555415335876,32.1970506135026,2.11877963891585,16.8220024440145,28.1383118348944,29.217255645868,36.1591476920156,0,0,0,0.5762,NA,0.9468,5000
104,40,"moderate","50_50","extreme",0.1,"independent","mlma",NA,NA,NA,NA,NA,NA,NA,NA,NA,NA,0.5828,NA,0.9418,5000
104,40,"moderate","50_50","extreme",0.1,"independent","mlma_cr2",34.7516209172324,34.925380569339,1.21343967814642,26.885901965867,32.5947093766316,33.169390018143,37.2639957588087,0,0,0,0.552,NA,0.9484,5000
105,40,"moderate","70_30","balanced",0,"independent","aggregate_hksj",38,38,0,38,38,38,38,0,0,0,NA,0.0464,0.9536,5000
105,40,"moderate","70_30","balanced",0,"independent","che_rve",20.0085518496349,20.0666463515433,0.994901003240904,14.0486038777771,18.2641301138093,18.7140645190017,23.6870082789849,0,0,0,NA,0.0486,0.9514,5000
105,40,"moderate","70_30","balanced",0,"independent","mlma",NA,NA,NA,NA,NA,NA,NA,NA,NA,NA,NA,0.0572,0.9428,5000
105,40,"moderate","70_30","balanced",0,"independent","mlma_cr2",20.0085518320304,20.0666464517115,0.994901070447914,14.048603474396,18.2641298533286,18.7140643658415,23.6870123696641,0,0,0,NA,0.0486,0.9514,5000
106,40,"moderate","70_30","balanced",0.1,"independent","aggregate_hksj",38,38,0,38,38,38,38,0,0,0,0.607,NA,0.9494,5000
106,40,"moderate","70_30","balanced",0.1,"independent","che_rve",19.9939140704317,20.0558661555201,0.984885945026906,15.132542022252,18.2398950310633,18.6921032970865,22.8507705621661,0,0,0,0.6054,NA,0.9502,5000
106,40,"moderate","70_30","balanced",0.1,"independent","mlma",NA,NA,NA,NA,NA,NA,NA,NA,NA,NA,0.6466,NA,0.9402,5000
106,40,"moderate","70_30","balanced",0.1,"independent","mlma_cr2",19.9939140295814,20.0558662058482,0.984885983174686,15.1325403110503,18.239894771104,18.6921029382018,22.8507705930571,0,0,0,0.6054,NA,0.9502,5000
107,40,"moderate","70_30","moderate",0,"independent","aggregate_hksj",38,38,0,38,38,38,38,0,0,0,NA,0.0476,0.9524,5000
107,40,"moderate","70_30","moderate",0,"independent","che_rve",19.8189419900681,19.9036393808388,1.05095269067633,14.277688786221,17.9568593048232,18.4215955644626,23.0620228898607,0,0,0,NA,0.0536,0.9464,5000
107,40,"moderate","70_30","moderate",0,"independent","mlma",NA,NA,NA,NA,NA,NA,NA,NA,NA,NA,NA,0.0586,0.9414,5000
107,40,"moderate","70_30","moderate",0,"independent","mlma_cr2",19.9335402344106,20.0168157870773,1.01825204940465,14.8110896532375,18.1578156026088,18.5713309136583,22.9822926506938,0,0,0,NA,0.0516,0.9484,5000
108,40,"moderate","70_30","moderate",0.1,"independent","aggregate_hksj",38,38,0,38,38,38,38,0,0,0,0.58,NA,0.9532,5000
108,40,"moderate","70_30","moderate",0.1,"independent","che_rve",19.8732543490157,19.9365186036066,1.0510370030467,13.6870356891489,18.0469809537357,18.539060776558,23.0757671423231,0,0,0,0.579,NA,0.951,5000
108,40,"moderate","70_30","moderate",0.1,"independent","mlma",NA,NA,NA,NA,NA,NA,NA,NA,NA,NA,0.6224,NA,0.9436,5000
108,40,"moderate","70_30","moderate",0.1,"independent","mlma_cr2",19.9807892454098,20.0404688890262,1.02607261155288,14.1636533596107,18.2007828646299,18.672683163042,23.3010588430498,0,0,0,0.58,NA,0.951,5000
109,40,"moderate","70_30","severe",0,"independent","aggregate_hksj",38,38,0,38,38,38,38,0,0,0,NA,0.047,0.953,5000
109,40,"moderate","70_30","severe",0,"independent","che_rve",19.1692056583463,19.2802172926136,1.41059891113773,11.9062756794256,16.6977636938551,17.3939242931183,23.3017175867528,0,0,0,NA,0.0528,0.9472,5000
109,40,"moderate","70_30","severe",0,"independent","mlma",NA,NA,NA,NA,NA,NA,NA,NA,NA,NA,NA,0.0532,0.9468,5000
109,40,"moderate","70_30","severe",0,"independent","mlma_cr2",19.7151802958747,19.8080619962999,1.20675471346021,14.1520395677354,17.5869830914117,18.1670369912353,24.1438928802598,0,0,0,NA,0.0494,0.9506,5000
110,40,"moderate","70_30","severe",0.1,"independent","aggregate_hksj",38,38,0,38,38,38,38,0,0,0,0.5576,NA,0.9492,5000
110,40,"moderate","70_30","severe",0.1,"independent","che_rve",19.2106632152282,19.3224456538748,1.43712393310764,10.9773180774606,16.7268254274099,17.4057969496898,23.4817204529897,0,0,0,0.5552,NA,0.9488,5000
110,40,"moderate","70_30","severe",0.1,"independent","mlma",NA,NA,NA,NA,NA,NA,NA,NA,NA,NA,0.5912,NA,0.944,5000
110,40,"moderate","70_30","severe",0.1,"independent","mlma_cr2",19.7566586083207,19.8644019919883,1.22854498038442,11.6228058130984,17.6223543824553,18.166508045277,23.3662345739197,0,0,0,0.5474,NA,0.9516,5000
111,40,"moderate","70_30","extreme",0,"independent","aggregate_hksj",38,38,0,38,38,38,38,0,0,0,NA,0.0512,0.9488,5000
111,40,"moderate","70_30","extreme",0,"independent","che_rve",17.6313724280794,17.7417513122509,2.10328791078346,8.73106044091726,13.9951217663033,14.9296376906084,25.7710749856952,0,0,0.002,NA,0.0478,0.9522,5000
111,40,"moderate","70_30","extreme",0,"independent","mlma",NA,NA,NA,NA,NA,NA,NA,NA,NA,NA,NA,0.054,0.946,5000
111,40,"moderate","70_30","extreme",0,"independent","mlma_cr2",19.158048090769,19.2909345967955,1.57383556662257,12.3443437448824,16.3337581436548,17.0783553529106,24.3553005651763,0,0,0,NA,0.046,0.954,5000
112,40,"moderate","70_30","extreme",0.1,"independent","aggregate_hksj",38,38,0,38,38,38,38,0,0,0,0.5068,NA,0.946,5000
112,40,"moderate","70_30","extreme",0.1,"independent","che_rve",17.6038924621319,17.691681540599,2.07337151544736,8.18911105563575,14.1049552460783,15.0014555903254,23.8811674363234,0,0,8e-04,0.5016,NA,0.9472,5000
112,40,"moderate","70_30","extreme",0.1,"independent","mlma",NA,NA,NA,NA,NA,NA,NA,NA,NA,NA,0.5258,NA,0.9408,5000
112,40,"moderate","70_30","extreme",0.1,"independent","mlma_cr2",19.1373023815378,19.2490681947778,1.54453359555882,13.0904813747973,16.4115114370837,17.1151044920782,23.601492663857,0,0,0,0.4816,NA,0.9508,5000
113,40,"moderate","85_15","balanced",0,"independent","aggregate_hksj",38,38,0,38,38,38,38,0,0,0,NA,0.0442,0.9558,5000
113,40,"moderate","85_15","balanced",0,"independent","che_rve",6.60452409258193,6.63881748479253,0.350683296571688,4.70447653844501,5.99942415707161,6.16291950446713,7.50374054813527,0,0,1,NA,0.0392,0.9608,5000
113,40,"moderate","85_15","balanced",0,"independent","mlma",NA,NA,NA,NA,NA,NA,NA,NA,NA,NA,NA,0.055,0.945,5000
113,40,"moderate","85_15","balanced",0,"independent","mlma_cr2",6.60452409787868,6.63881716026828,0.350683292791038,4.70447651028856,5.99942184099765,6.16291960635095,7.50374064337844,0,0,1,NA,0.0392,0.9608,5000
114,40,"moderate","85_15","balanced",0.1,"independent","aggregate_hksj",38,38,0,38,38,38,38,0,0,0,0.4006,NA,0.9504,5000
114,40,"moderate","85_15","balanced",0.1,"independent","che_rve",6.59653962582552,6.63228958572943,0.350077486893939,4.78218302813405,6.01528713357748,6.15859649546631,7.46694826574473,0,0,1,0.3362,NA,0.9492,5000
114,40,"moderate","85_15","balanced",0.1,"independent","mlma",NA,NA,NA,NA,NA,NA,NA,NA,NA,NA,0.4382,NA,0.938,5000
114,40,"moderate","85_15","balanced",0.1,"independent","mlma_cr2",6.59653964438052,6.63228939858597,0.350077488804279,4.78218353139273,6.01528716525264,6.15859682979938,7.46694837797295,0,0,1,0.3362,NA,0.9492,5000
115,40,"moderate","85_15","moderate",0,"independent","aggregate_hksj",38,38,0,38,38,38,38,0,0,0,NA,0.0518,0.9482,5000
115,40,"moderate","85_15","moderate",0,"independent","che_rve",6.54607361569553,6.56975489861179,0.372572243005918,4.64118945624987,5.89153854861871,6.06773712554062,7.62163114240477,0,0,1,NA,0.0426,0.9574,5000
115,40,"moderate","85_15","moderate",0,"independent","mlma",NA,NA,NA,NA,NA,NA,NA,NA,NA,NA,NA,0.0602,0.9398,5000
115,40,"moderate","85_15","moderate",0,"independent","mlma_cr2",6.57925219052843,6.61473064726217,0.368269912726961,4.85492030169383,5.92263388140512,6.0997154009248,7.60025945610961,0,0,1,NA,0.0434,0.9566,5000
116,40,"moderate","85_15","moderate",0.1,"independent","aggregate_hksj",38,38,0,38,38,38,38,0,0,0,0.4008,NA,0.95,5000
116,40,"moderate","85_15","moderate",0.1,"independent","che_rve",6.54572820285991,6.57377387144251,0.362418817798174,4.39445440695905,5.92074522662144,6.07216316256805,7.575581483711,0,0,1,0.3364,NA,0.9566,5000
116,40,"moderate","85_15","moderate",0.1,"independent","mlma",NA,NA,NA,NA,NA,NA,NA,NA,NA,NA,0.4362,NA,0.9384,5000
116,40,"moderate","85_15","moderate",0.1,"independent","mlma_cr2",6.57957367276178,6.61091632220851,0.36056805008935,4.81179752655034,5.95472559877391,6.10972069059128,7.4796534650335,0,0,1,0.3378,NA,0.9566,5000
117,40,"moderate","85_15","severe",0,"independent","aggregate_hksj",38,38,0,38,38,38,38,0,0,0,NA,0.0516,0.9484,5000
117,40,"moderate","85_15","severe",0,"independent","che_rve",6.32504842687681,6.37301098187068,0.512599347370032,3.90529518941964,5.40223112611014,5.64631197269118,7.93995883343994,0,2e-04,1,NA,0.0458,0.9542,5000
117,40,"moderate","85_15","severe",0,"independent","mlma",NA,NA,NA,NA,NA,NA,NA,NA,NA,NA,NA,0.0588,0.9412,5000
117,40,"moderate","85_15","severe",0,"independent","mlma_cr2",6.4950460218292,6.54595734972302,0.45274786143571,4.4284815663149,5.66304634992474,5.88426390259789,7.64055697235437,0,0,1,NA,0.048,0.952,5000
118,40,"moderate","85_15","severe",0.1,"independent","aggregate_hksj",38,38,0,38,38,38,38,0,0,0,0.3768,NA,0.9526,5000
118,40,"moderate","85_15","severe",0.1,"independent","che_rve",6.33693310131534,6.37827454453743,0.504793677251296,2.68331071529987,5.46267112665141,5.69035987403136,7.83869927755012,0,8e-04,1,0.3018,NA,0.954,5000
118,40,"moderate","85_15","severe",0.1,"independent","mlma",NA,NA,NA,NA,NA,NA,NA,NA,NA,NA,0.4058,NA,0.9448,5000
118,40,"moderate","85_15","severe",0.1,"independent","mlma_cr2",6.50953005314891,6.55364214549889,0.446964730778841,2.66956395287137,5.71721176956093,5.928361851858,7.69052175174384,0,2e-04,1,0.2966,NA,0.9538,5000
119,40,"moderate","85_15","extreme",0,"independent","aggregate_hksj",38,38,0,38,38,38,38,0,0,0,NA,0.057,0.943,5000
119,40,"moderate","85_15","extreme",0,"independent","che_rve",5.85625256306089,5.88866281760984,0.768469953465482,2.6339062068436,4.54596939427798,4.85015197311952,8.22634990730499,0,0.0144,1,NA,0.0486,0.9514,5000
119,40,"moderate","85_15","extreme",0,"independent","mlma",NA,NA,NA,NA,NA,NA,NA,NA,NA,NA,NA,0.063,0.937,5000
119,40,"moderate","85_15","extreme",0,"independent","mlma_cr2",6.31806484614984,6.39707385174951,0.609442506264323,3.34637227549308,5.2054677973337,5.50616541333851,7.9999424224793,0,0.0014,1,NA,0.047,0.953,5000
120,40,"moderate","85_15","extreme",0.1,"independent","aggregate_hksj",38,38,0,38,38,38,38,0,0,0,0.33,NA,0.9508,5000
120,40,"moderate","85_15","extreme",0.1,"independent","che_rve",5.84696495831519,5.89274727849749,0.778878003475435,2.33805351897115,4.47528625871843,4.8155323273902,8.97842130353509,0,0.0154,1,0.2608,NA,0.9562,5000
120,40,"moderate","85_15","extreme",0.1,"independent","mlma",NA,NA,NA,NA,NA,NA,NA,NA,NA,NA,0.3442,NA,0.9444,5000
120,40,"moderate","85_15","extreme",0.1,"independent","mlma_cr2",6.32561697080785,6.41340917778899,0.615506282480212,3.41692296728331,5.18663976985332,5.49523830882218,7.84550835578671,0,0.0016,1,0.2544,NA,0.9576,5000
121,40,"severe","50_50","balanced",0,"independent","aggregate_hksj",38,38,0,38,38,38,38,0,0,0,NA,0.0446,0.9554,5000
121,40,"severe","50_50","balanced",0,"independent","che_rve",34.9100088530035,35.3663522975737,1.85552694213341,20.3472364706933,31.4139796971713,32.5815063536012,37.550842221961,0,0,0,NA,0.0474,0.9526,5000
121,40,"severe","50_50","balanced",0,"independent","mlma",NA,NA,NA,NA,NA,NA,NA,NA,NA,NA,NA,0.0546,0.9454,5000
121,40,"severe","50_50","balanced",0,"independent","mlma_cr2",34.9010669516002,35.3663523162057,1.93295358219263,10.5420914922194,31.4139974309684,32.5815050542542,37.5508422296104,0,0,0,NA,0.0476,0.9524,5000
122,40,"severe","50_50","balanced",0.1,"independent","aggregate_hksj",38,38,0,38,38,38,38,0,0,0,0.6038,NA,0.9528,5000
122,40,"severe","50_50","balanced",0.1,"independent","che_rve",34.8297842606686,35.2963041560323,1.89625479202909,22.7635139069455,31.1816993532923,32.4985680975247,37.4763766880072,0,0,0,0.625,NA,0.9522,5000
122,40,"severe","50_50","balanced",0.1,"independent","mlma",NA,NA,NA,NA,NA,NA,NA,NA,NA,NA,0.6534,NA,0.9424,5000
122,40,"severe","50_50","balanced",0.1,"independent","mlma_cr2",34.8273031163204,35.2963031331752,1.91538464156989,14.9210827342422,31.1816987126423,32.4985682980569,37.4763768497754,0,0,0,0.625,NA,0.9522,5000
123,40,"severe","50_50","moderate",0,"independent","aggregate_hksj",38,38,0,38,38,38,38,0,0,0,NA,0.0492,0.9508,5000
123,40,"severe","50_50","moderate",0,"independent","che_rve",34.5409050142051,35.0458738240611,2.12157004901671,18.4299082553727,30.5234667637879,32.050163968413,37.5791777184109,0,0,0,NA,0.0492,0.9508,5000
123,40,"severe","50_50","moderate",0,"independent","mlma",NA,NA,NA,NA,NA,NA,NA,NA,NA,NA,NA,0.0594,0.9406,5000
123,40,"severe","50_50","moderate",0,"independent","mlma_cr2",34.6724525406146,35.1264799439079,1.95941832955201,15.5167383166146,30.992492376271,32.3030052168078,37.6111026573937,0,0,0,NA,0.0502,0.9498,5000
124,40,"severe","50_50","moderate",0.1,"independent","aggregate_hksj",38,38,0,38,38,38,38,0,0,0,0.5938,NA,0.9504,5000
124,40,"severe","50_50","moderate",0.1,"independent","che_rve",34.5186055394953,35.0264651792977,2.07517342189783,20.1788546932538,30.4906825338268,32.0084793585996,37.5851997108003,0,0,0,0.6142,NA,0.9472,5000
124,40,"severe","50_50","moderate",0.1,"independent","mlma",NA,NA,NA,NA,NA,NA,NA,NA,NA,NA,0.6438,NA,0.94,5000
124,40,"severe","50_50","moderate",0.1,"independent","mlma_cr2",34.6411544883164,35.103045942014,1.94206113744374,14.6709358362111,30.9154689533201,32.2078869042793,37.5840242246419,0,0,0,0.6134,NA,0.9482,5000
125,40,"severe","50_50","severe",0,"independent","aggregate_hksj",38,38,0,38,38,38,38,0,0,0,NA,0.0468,0.9532,5000
125,40,"severe","50_50","severe",0,"independent","che_rve",33.2121038099195,33.898595870322,2.73768354029309,14.9194397116063,27.9386722386696,30.0417309088768,37.2156290402545,0,0,0,NA,0.0518,0.9482,5000
125,40,"severe","50_50","severe",0,"independent","mlma",NA,NA,NA,NA,NA,NA,NA,NA,NA,NA,NA,0.0608,0.9392,5000
125,40,"severe","50_50","severe",0,"independent","mlma_cr2",33.891433708563,34.4048510718718,2.17686106441192,12.2087578238998,29.792496819428,31.2518459556518,37.3606930689563,0,0,0,NA,0.0514,0.9486,5000
126,40,"severe","50_50","severe",0.1,"independent","aggregate_hksj",38,38,0,38,38,38,38,0,0,0,0.5786,NA,0.9544,5000
126,40,"severe","50_50","severe",0.1,"independent","che_rve",33.2794398752911,33.9014830455227,2.59666965380201,15.6383832571219,28.4694877687477,30.1815138302675,37.1123005261043,0,0,0,0.5948,NA,0.9518,5000
126,40,"severe","50_50","severe",0.1,"independent","mlma",NA,NA,NA,NA,NA,NA,NA,NA,NA,NA,0.6156,NA,0.9432,5000
126,40,"severe","50_50","severe",0.1,"independent","mlma_cr2",33.9526407820782,34.4140590355511,2.0857263963144,14.1954219092803,30.0759385174633,31.3726404583419,37.3664312372286,0,0,0,0.589,NA,0.9504,5000
127,40,"severe","50_50","extreme",0,"independent","aggregate_hksj",38,38,0,38,38,38,38,0,0,0,NA,0.0504,0.9496,5000
127,40,"severe","50_50","extreme",0,"independent","che_rve",30.4449489292799,31.2890449542643,3.47959510609806,10.6131234262266,23.6638599886604,26.2879371116662,36.2903370813161,0,0,0,NA,0.0554,0.9446,5000
127,40,"severe","50_50","extreme",0,"independent","mlma",NA,NA,NA,NA,NA,NA,NA,NA,NA,NA,NA,0.0626,0.9374,5000
127,40,"severe","50_50","extreme",0,"independent","mlma_cr2",32.3586488579251,32.867212428059,2.47728127670426,12.3912387816938,27.6123868186904,29.2665469092986,36.8178135293118,0,0,0,NA,0.0528,0.9472,5000
128,40,"severe","50_50","extreme",0.1,"independent","aggregate_hksj",38,38,0,38,38,38,38,0,0,0,0.5226,NA,0.9402,5000
128,40,"severe","50_50","extreme",0.1,"independent","che_rve",30.2658376535211,31.1248545498465,3.56251617374557,8.72597325395054,23.1986826711609,25.8136563078579,35.9329264421189,0,0,2e-04,0.5356,NA,0.9416,5000
128,40,"severe","50_50","extreme",0.1,"independent","mlma",NA,NA,NA,NA,NA,NA,NA,NA,NA,NA,0.5504,NA,0.9324,5000
128,40,"severe","50_50","extreme",0.1,"independent","mlma_cr2",32.2610235890521,32.7608495280396,2.5359583710452,7.55730155564775,27.6338214861652,29.0677759360996,36.6161315781815,0,0,2e-04,0.519,NA,0.941,5000
129,40,"severe","70_30","balanced",0,"independent","aggregate_hksj",38,38,0,38,38,38,38,0,0,0,NA,0.0478,0.9522,5000
129,40,"severe","70_30","balanced",0,"independent","che_rve",19.2328124903198,19.3984800376658,1.29831204317463,10.7898893674384,16.8786815090938,17.5922221679961,22.8984903780241,0,0,0,NA,0.0498,0.9502,5000
129,40,"severe","70_30","balanced",0,"independent","mlma",NA,NA,NA,NA,NA,NA,NA,NA,NA,NA,NA,0.0594,0.9406,5000
129,40,"severe","70_30","balanced",0,"independent","mlma_cr2",19.2286723371094,19.3984803148534,1.32470373647658,5.52556242602902,16.8786793698352,17.5922220802627,22.8984903177518,0,0,8e-04,NA,0.0498,0.9502,5000
130,40,"severe","70_30","balanced",0.1,"independent","aggregate_hksj",38,38,0,38,38,38,38,0,0,0,0.5312,NA,0.9554,5000
130,40,"severe","70_30","balanced",0.1,"independent","che_rve",19.2426457055299,19.3952569790261,1.27561468063705,11.0095330588332,16.961216274273,17.6554705039895,22.9422828088972,0,0,0,0.5332,NA,0.953,5000
130,40,"severe","70_30","balanced",0.1,"independent","mlma",NA,NA,NA,NA,NA,NA,NA,NA,NA,NA,0.575,NA,0.9428,5000
130,40,"severe","70_30","balanced",0.1,"independent","mlma_cr2",19.2419803109187,19.3952596468197,1.27883770500811,10.9003450759826,16.9612158012291,17.6530287091678,22.9422827320292,0,0,0,0.5332,NA,0.953,5000
131,40,"severe","70_30","moderate",0,"independent","aggregate_hksj",38,38,0,38,38,38,38,0,0,0,NA,0.0478,0.9522,5000
131,40,"severe","70_30","moderate",0,"independent","che_rve",19.0493867184955,19.2410032725686,1.41896130731314,9.87320704218974,16.5154278612249,17.3636226892421,23.3553745606536,0,0,2e-04,NA,0.0462,0.9538,5000
131,40,"severe","70_30","moderate",0,"independent","mlma",NA,NA,NA,NA,NA,NA,NA,NA,NA,NA,NA,0.0576,0.9424,5000
131,40,"severe","70_30","moderate",0,"independent","mlma_cr2",19.102118787636,19.2726911742266,1.40198008849889,6.21551737821586,16.66171393039,17.4407653563875,23.3453007746343,0,0,8e-04,NA,0.0468,0.9532,5000
132,40,"severe","70_30","moderate",0.1,"independent","aggregate_hksj",38,38,0,38,38,38,38,0,0,0,0.5182,NA,0.9496,5000
132,40,"severe","70_30","moderate",0.1,"independent","che_rve",19.0803805020384,19.2788549530738,1.45139571370768,9.74625512929619,16.5466546745365,17.34523027749,23.6604741149255,0,0,4e-04,0.5186,NA,0.9482,5000
132,40,"severe","70_30","moderate",0.1,"independent","mlma",NA,NA,NA,NA,NA,NA,NA,NA,NA,NA,0.5648,NA,0.9446,5000
132,40,"severe","70_30","moderate",0.1,"independent","mlma_cr2",19.1420104717735,19.308907602147,1.40181175590023,6.71892440000424,16.7306659906728,17.4466622665731,23.3384108925446,0,0,6e-04,0.5174,NA,0.9496,5000
133,40,"severe","70_30","severe",0,"independent","aggregate_hksj",38,38,0,38,38,38,38,0,0,0,NA,0.0518,0.9482,5000
133,40,"severe","70_30","severe",0,"independent","che_rve",18.3910699958619,18.633299951322,1.79124315426613,7.02136969778095,15.1606766202249,16.1676308148118,23.2725424502779,0,0,0.0024,NA,0.053,0.947,5000
133,40,"severe","70_30","severe",0,"independent","mlma",NA,NA,NA,NA,NA,NA,NA,NA,NA,NA,NA,0.0638,0.9362,5000
133,40,"severe","70_30","severe",0,"independent","mlma_cr2",18.7229827984682,18.9192234910148,1.63159974713951,5.72416995376767,15.8231263999694,16.6778424858949,23.3927736608272,0,0,0.001,NA,0.0534,0.9466,5000
134,40,"severe","70_30","severe",0.1,"independent","aggregate_hksj",38,38,0,38,38,38,38,0,0,0,0.504,NA,0.9526,5000
134,40,"severe","70_30","severe",0.1,"independent","che_rve",18.4608046926939,18.6649394622342,1.78732120771894,8.68003158972382,15.271485920312,16.2058705823654,23.5689698343005,0,0,0.001,0.5014,NA,0.952,5000
134,40,"severe","70_30","severe",0.1,"independent","mlma",NA,NA,NA,NA,NA,NA,NA,NA,NA,NA,0.5452,NA,0.9456,5000
134,40,"severe","70_30","severe",0.1,"independent","mlma_cr2",18.7851147840889,18.945111605831,1.63402200491,8.09816807272278,15.8530928668475,16.6729169082961,23.7936056663008,0,0,6e-04,0.4988,NA,0.955,5000
135,40,"severe","70_30","extreme",0,"independent","aggregate_hksj",38,38,0,38,38,38,38,0,0,0,NA,0.0496,0.9504,5000
135,40,"severe","70_30","extreme",0,"independent","che_rve",16.9156011942701,17.1324126352923,2.46543214979311,5.79418276704267,12.4445183677111,13.8208159790895,23.7877401024838,0,0,0.0142,NA,0.0472,0.9528,5000
135,40,"severe","70_30","extreme",0,"independent","mlma",NA,NA,NA,NA,NA,NA,NA,NA,NA,NA,NA,0.0588,0.9412,5000
135,40,"severe","70_30","extreme",0,"independent","mlma_cr2",17.9198581281889,18.0842004860481,2.10527708761274,7.5995881784137,14.1415806649737,15.1680698799255,23.9305341319341,0,0,0.002,NA,0.0474,0.9526,5000
136,40,"severe","70_30","extreme",0.1,"independent","aggregate_hksj",38,38,0,38,38,38,38,0,0,0,0.4334,NA,0.954,5000
136,40,"severe","70_30","extreme",0.1,"independent","che_rve",16.9768500232073,17.1631769679417,2.42216834017673,4.18309105988648,12.6083157023913,13.8229049036871,23.3789518724018,0,0,0.0118,0.4276,NA,0.9474,5000
136,40,"severe","70_30","extreme",0.1,"independent","mlma",NA,NA,NA,NA,NA,NA,NA,NA,NA,NA,0.4632,NA,0.9434,5000
136,40,"severe","70_30","extreme",0.1,"independent","mlma_cr2",17.9569901748216,18.1146999070119,2.06359261050314,6.02176680829467,14.2812048220962,15.2882627655881,24.5534605349971,0,0,0.001,0.4204,NA,0.9532,5000
137,40,"severe","85_15","balanced",0,"independent","aggregate_hksj",38,38,0,38,38,38,38,0,0,0,NA,0.0492,0.9508,5000
137,40,"severe","85_15","balanced",0,"independent","che_rve",6.38393467535535,6.43705857839285,0.392391833950155,3.45092709572341,5.68380906036893,5.91880426304314,8.36415932102501,0,0.001,1,NA,0.045,0.955,5000
137,40,"severe","85_15","balanced",0,"independent","mlma",NA,NA,NA,NA,NA,NA,NA,NA,NA,NA,NA,0.057,0.943,5000
137,40,"severe","85_15","balanced",0,"independent","mlma_cr2",6.38351408805944,6.43705865761319,0.395151985132452,3.12275692890155,5.68381214898642,5.91880285922912,8.36415951432061,0,0.001,1,NA,0.045,0.955,5000
138,40,"severe","85_15","balanced",0.1,"independent","aggregate_hksj",38,38,0,38,38,38,38,0,0,0,0.3472,NA,0.9554,5000
138,40,"severe","85_15","balanced",0.1,"independent","che_rve",6.38029696588882,6.43176443419026,0.402321815336934,3.23675122674584,5.67037046235313,5.91202721583416,9.48814463468015,0,0.001,1,0.297,NA,0.9552,5000
138,40,"severe","85_15","balanced",0.1,"independent","mlma",NA,NA,NA,NA,NA,NA,NA,NA,NA,NA,0.3922,NA,0.946,5000
138,40,"severe","85_15","balanced",0.1,"independent","mlma_cr2",6.37990855121693,6.4317650872008,0.404961551482979,2.63534525595307,5.67037051194668,5.91202719384868,9.48814452852716,0,0.001,1,0.297,NA,0.9552,5000
139,40,"severe","85_15","moderate",0,"independent","aggregate_hksj",38,38,0,38,38,38,38,0,0,0,NA,0.046,0.954,5000
139,40,"severe","85_15","moderate",0,"independent","che_rve",6.3385891579262,6.40022810091653,0.432661833327797,2.9918989461901,5.57178901575597,5.81534423798118,9.41190187575747,0,0.0012,1,NA,0.0438,0.9562,5000
139,40,"severe","85_15","moderate",0,"independent","mlma",NA,NA,NA,NA,NA,NA,NA,NA,NA,NA,NA,0.0576,0.9424,5000
139,40,"severe","85_15","moderate",0,"independent","mlma_cr2",6.3497753684239,6.40405195380559,0.425177649181273,2.58704906143259,5.59874468659124,5.84585983698698,9.37706714461947,0,0.0012,1,NA,0.0424,0.9576,5000
140,40,"severe","85_15","moderate",0.1,"independent","aggregate_hksj",38,38,0,38,38,38,38,0,0,0,0.358,NA,0.9478,5000
140,40,"severe","85_15","moderate",0.1,"independent","che_rve",6.33041746009805,6.39911262735583,0.445620040293613,3.02992657566706,5.54586053030696,5.79791742365671,7.99048733714199,0,0.0018,1,0.2992,NA,0.9538,5000
140,40,"severe","85_15","moderate",0.1,"independent","mlma",NA,NA,NA,NA,NA,NA,NA,NA,NA,NA,0.3968,NA,0.937,5000
140,40,"severe","85_15","moderate",0.1,"independent","mlma_cr2",6.34208816627399,6.40308196170289,0.438860963312318,3.23980244173595,5.56164213834341,5.8182557880199,8.45942431794005,0,0.0014,1,0.2956,NA,0.953,5000
141,40,"severe","85_15","severe",0,"independent","aggregate_hksj",38,38,0,38,38,38,38,0,0,0,NA,0.0484,0.9516,5000
141,40,"severe","85_15","severe",0,"independent","che_rve",6.1374293722187,6.22210893617571,0.5824477186223,2.77647487110133,5.04972100423907,5.38747244607949,8.13161912569955,0,0.0046,1,NA,0.0434,0.9566,5000
141,40,"severe","85_15","severe",0,"independent","mlma",NA,NA,NA,NA,NA,NA,NA,NA,NA,NA,NA,0.0556,0.9444,5000
141,40,"severe","85_15","severe",0,"independent","mlma_cr2",6.21850688144429,6.29014940939544,0.547977487093961,2.82100629099856,5.23168061524095,5.50331444815717,8.18461253851377,0,0.0032,1,NA,0.0426,0.9574,5000
142,40,"severe","85_15","severe",0.1,"independent","aggregate_hksj",38,38,0,38,38,38,38,0,0,0,0.3248,NA,0.9532,5000
142,40,"severe","85_15","severe",0.1,"independent","che_rve",6.13643928143246,6.2390129171666,0.588906103772181,3.11558355264561,5.06915973215592,5.37366552391005,7.79120298954437,0,0.0066,1,0.2626,NA,0.962,5000
142,40,"severe","85_15","severe",0.1,"independent","mlma",NA,NA,NA,NA,NA,NA,NA,NA,NA,NA,0.3634,NA,0.947,5000
142,40,"severe","85_15","severe",0.1,"independent","mlma_cr2",6.21562641825839,6.29475183341827,0.547138339822643,2.68555685185716,5.19402750265576,5.48620357458971,7.98257071100136,0,0.002,1,0.262,NA,0.9614,5000
143,40,"severe","85_15","extreme",0,"independent","aggregate_hksj",38,38,0,38,38,38,38,0,0,0,NA,0.049,0.951,5000
143,40,"severe","85_15","extreme",0,"independent","che_rve",5.66475854627357,5.75173227726902,0.836923469472372,2.0727817614209,4.14917605003998,4.55247687931968,8.66868849704086,0,0.0384,1,NA,0.0442,0.9558,5000
143,40,"severe","85_15","extreme",0,"independent","mlma",NA,NA,NA,NA,NA,NA,NA,NA,NA,NA,NA,0.0584,0.9416,5000
143,40,"severe","85_15","extreme",0,"independent","mlma_cr2",5.93978676554752,6.00559120582451,0.762101061380759,2.43975578361952,4.59618487741784,4.92379387888317,8.03840269775062,0,0.0152,1,NA,0.0426,0.9574,5000
144,40,"severe","85_15","extreme",0.1,"independent","aggregate_hksj",38,38,0,38,38,38,38,0,0,0,0.3008,NA,0.9494,5000
144,40,"severe","85_15","extreme",0.1,"independent","che_rve",5.68526564080042,5.75688725851623,0.826385533331917,2.14201598153411,4.22812679441053,4.60461298914772,8.0098314417037,0,0.0338,1,0.239,NA,0.9568,5000
144,40,"severe","85_15","extreme",0.1,"independent","mlma",NA,NA,NA,NA,NA,NA,NA,NA,NA,NA,0.3302,NA,0.9426,5000
144,40,"severe","85_15","extreme",0.1,"independent","mlma_cr2",5.939357628008,5.99751231064934,0.755667865065006,1.96557555467861,4.587065279583,4.93384153259929,7.95766209806966,2e-04,0.0104,1,0.2398,NA,0.9602,5000
145,80,"balanced","50_50","balanced",0,"independent","aggregate_hksj",78,78,0,78,78,78,78,0,0,0,NA,0.05,0.95,5000
145,80,"balanced","50_50","balanced",0,"independent","che_rve",78,78,1.93046449492683e-14,77.9999999999999,78,78,78.0000000000001,0,0,0,NA,0.05,0.95,5000
145,80,"balanced","50_50","balanced",0,"independent","mlma",NA,NA,NA,NA,NA,NA,NA,NA,NA,NA,NA,0.0518,0.9482,5000
145,80,"balanced","50_50","balanced",0,"independent","mlma_cr2",78,78,1.92165528894702e-14,77.9999999999999,78,78,78.0000000000001,0,0,0,NA,0.05,0.95,5000
146,80,"balanced","50_50","balanced",0.1,"independent","aggregate_hksj",78,78,0,78,78,78,78,0,0,0,0.9574,NA,0.9486,5000
146,80,"balanced","50_50","balanced",0.1,"independent","che_rve",78,78,1.89434232232691e-14,77.9999999999999,78,78,78.0000000000001,0,0,0,0.9574,NA,0.9486,5000
146,80,"balanced","50_50","balanced",0.1,"independent","mlma",NA,NA,NA,NA,NA,NA,NA,NA,NA,NA,0.9594,NA,0.946,5000
146,80,"balanced","50_50","balanced",0.1,"independent","mlma_cr2",78,78,1.90338407274332e-14,77.9999999999999,78,78,78.0000000000001,0,0,0,0.9574,NA,0.9486,5000
147,80,"balanced","50_50","moderate",0,"independent","aggregate_hksj",78,78,0,78,78,78,78,0,0,0,NA,0.0486,0.9514,5000
147,80,"balanced","50_50","moderate",0,"independent","che_rve",77.3811576520491,77.4082524003012,0.18915378430244,76.1198901124043,77.0308705329568,77.1314252143737,77.7825952114548,0,0,0,NA,0.0504,0.9496,5000
147,80,"balanced","50_50","moderate",0,"independent","mlma",NA,NA,NA,NA,NA,NA,NA,NA,NA,NA,NA,0.0546,0.9454,5000
147,80,"balanced","50_50","moderate",0,"independent","mlma_cr2",77.8879238887415,77.8935336715362,0.0362338300300835,77.6060942597782,77.8208297587044,77.8403043760165,77.9621092637112,0,0,0,NA,0.0502,0.9498,5000
148,80,"balanced","50_50","moderate",0.1,"independent","aggregate_hksj",78,78,0,78,78,78,78,0,0,0,0.9526,NA,0.948,5000
148,80,"balanced","50_50","moderate",0.1,"independent","che_rve",77.3815942339872,77.4113786075716,0.188488445021544,75.9294911478876,77.0320810179858,77.1369996274857,77.783525721126,0,0,0,0.952,NA,0.9484,5000
148,80,"balanced","50_50","moderate",0.1,"independent","mlma",NA,NA,NA,NA,NA,NA,NA,NA,NA,NA,0.9544,NA,0.9436,5000
148,80,"balanced","50_50","moderate",0.1,"independent","mlma_cr2",77.8880836824931,77.8940826811695,0.0360725181923955,77.5551809698632,77.8212810579827,77.841049937226,77.9625161307317,0,0,0,0.9518,NA,0.9474,5000
149,80,"balanced","50_50","severe",0,"independent","aggregate_hksj",78,78,0,78,78,78,78,0,0,0,NA,0.0466,0.9534,5000
149,80,"balanced","50_50","severe",0,"independent","che_rve",74.8317531948657,74.9361990742909,0.754746710998455,69.4235126221912,73.4961007195568,73.8576352875704,76.676127938225,0,0,0,NA,0.0464,0.9536,5000
149,80,"balanced","50_50","severe",0,"independent","mlma",NA,NA,NA,NA,NA,NA,NA,NA,NA,NA,NA,0.0486,0.9514,5000
149,80,"balanced","50_50","severe",0,"independent","mlma_cr2",77.2085858241236,77.2388827595849,0.213057333540088,76.0333752652691,76.8140653113239,76.9332069277156,77.7071448003145,0,0,0,NA,0.0456,0.9544,5000
150,80,"balanced","50_50","severe",0.1,"independent","aggregate_hksj",78,78,0,78,78,78,78,0,0,0,0.9332,NA,0.9502,5000
150,80,"balanced","50_50","severe",0.1,"independent","che_rve",74.828824667673,74.9248513967315,0.767225841497519,69.505892503575,73.4438296503686,73.8302950222536,76.5654289223605,0,0,0,0.9332,NA,0.9508,5000
150,80,"balanced","50_50","severe",0.1,"independent","mlma",NA,NA,NA,NA,NA,NA,NA,NA,NA,NA,0.934,NA,0.9468,5000
150,80,"balanced","50_50","severe",0.1,"independent","mlma_cr2",77.2068475140673,77.2366206312267,0.218624743025335,75.550202699488,76.8099558219055,76.9192730898778,77.6985562805251,0,0,0,0.93,NA,0.9504,5000
151,80,"balanced","50_50","extreme",0,"independent","aggregate_hksj",78,78,0,78,78,78,78,0,0,0,NA,0.0506,0.9494,5000
151,80,"balanced","50_50","extreme",0,"independent","che_rve",69.1109989920519,69.2875363518942,1.78744002960496,58.1761597670975,65.8987993679303,66.801684940242,73.8376834351281,0,0,0,NA,0.049,0.951,5000
151,80,"balanced","50_50","extreme",0,"independent","mlma",NA,NA,NA,NA,NA,NA,NA,NA,NA,NA,NA,0.0522,0.9478,5000
151,80,"balanced","50_50","extreme",0,"independent","mlma_cr2",75.4900528475801,75.5764632124856,0.665311952831047,72.04333655176,74.2697245652129,74.6322234216268,77.1163994525041,0,0,0,NA,0.049,0.951,5000
152,80,"balanced","50_50","extreme",0.1,"independent","aggregate_hksj",78,78,0,78,78,78,78,0,0,0,0.9022,NA,0.9548,5000
152,80,"balanced","50_50","extreme",0.1,"independent","che_rve",69.0976494346877,69.3152404207324,1.83372755832662,56.3086102708637,65.8181006292302,66.7362608614285,73.9092516014484,0,0,0,0.9018,NA,0.9548,5000
152,80,"balanced","50_50","extreme",0.1,"independent","mlma",NA,NA,NA,NA,NA,NA,NA,NA,NA,NA,0.896,NA,0.9498,5000
152,80,"balanced","50_50","extreme",0.1,"independent","mlma_cr2",75.4809736383489,75.5746140024625,0.688635745287024,69.8824373097462,74.2450557523789,74.5880686659655,77.1450802525233,0,0,0,0.8904,NA,0.9546,5000
153,80,"balanced","70_30","balanced",0,"independent","aggregate_hksj",78,78,0,78,78,78,78,0,0,0,NA,0.0488,0.9512,5000
153,80,"balanced","70_30","balanced",0,"independent","che_rve",43.5906271536871,43.5906271536871,2.56315117678549e-13,43.5906271536866,43.5906271536867,43.5906271536867,43.5906271536876,0,0,0,NA,0.0478,0.9522,5000
153,80,"balanced","70_30","balanced",0,"independent","mlma",NA,NA,NA,NA,NA,NA,NA,NA,NA,NA,NA,0.0518,0.9482,5000
153,80,"balanced","70_30","balanced",0,"independent","mlma_cr2",43.5906271536871,43.5906271536871,2.55426668506433e-13,43.5906271536866,43.5906271536867,43.5906271536868,43.5906271536876,0,0,0,NA,0.0478,0.9522,5000
154,80,"balanced","70_30","balanced",0.1,"independent","aggregate_hksj",78,78,0,78,78,78,78,0,0,0,0.916,NA,0.9456,5000
154,80,"balanced","70_30","balanced",0.1,"independent","che_rve",43.5906271536871,43.5906271536871,2.54982748553074e-13,43.5906271536866,43.5906271536867,43.5906271536867,43.5906271536876,0,0,0,0.9126,NA,0.9478,5000
154,80,"balanced","70_30","balanced",0.1,"independent","mlma",NA,NA,NA,NA,NA,NA,NA,NA,NA,NA,0.9206,NA,0.9426,5000
154,80,"balanced","70_30","balanced",0.1,"independent","mlma_cr2",43.5906271536871,43.5906271536871,2.55950109451302e-13,43.5906271536865,43.5906271536867,43.5906271536868,43.5906271536876,0,0,0,0.9126,NA,0.9478,5000
155,80,"balanced","70_30","moderate",0,"independent","aggregate_hksj",78,78,0,78,78,78,78,0,0,0,NA,0.05,0.95,5000
155,80,"balanced","70_30","moderate",0,"independent","che_rve",43.2555928503371,43.2774058140808,0.501377859235428,40.9227561043733,42.396287226406,42.6041915557281,44.7547329008711,0,0,0,NA,0.0472,0.9528,5000
155,80,"balanced","70_30","moderate",0,"independent","mlma",NA,NA,NA,NA,NA,NA,NA,NA,NA,NA,NA,0.0512,0.9488,5000
155,80,"balanced","70_30","moderate",0,"independent","mlma_cr2",43.5307793837303,43.5394655400438,0.198235498225304,42.6496018328936,43.1964155659759,43.2732826691486,44.138200302006,0,0,0,NA,0.0462,0.9538,5000
156,80,"balanced","70_30","moderate",0.1,"independent","aggregate_hksj",78,78,0,78,78,78,78,0,0,0,0.903,NA,0.9488,5000
156,80,"balanced","70_30","moderate",0.1,"independent","che_rve",43.2495187422759,43.2762444350065,0.497419763397828,40.9379084051948,42.3978662480766,42.5969620566912,44.7428214964811,0,0,0,0.8962,NA,0.9486,5000
156,80,"balanced","70_30","moderate",0.1,"independent","mlma",NA,NA,NA,NA,NA,NA,NA,NA,NA,NA,0.906,NA,0.9464,5000
156,80,"balanced","70_30","moderate",0.1,"independent","mlma_cr2",43.52790657671,43.538375353019,0.196254807680615,42.6266291519271,43.1895941633377,43.2701097496358,44.1174664997054,0,0,0,0.8952,NA,0.949,5000
157,80,"balanced","70_30","severe",0,"independent","aggregate_hksj",78,78,0,78,78,78,78,0,0,0,NA,0.0446,0.9554,5000
157,80,"balanced","70_30","severe",0,"independent","che_rve",41.8767163094114,41.9246285548558,1.38352629317736,35.9271372092629,39.55863022914,40.1025590386135,46.5368567426552,0,0,0,NA,0.044,0.956,5000
157,80,"balanced","70_30","severe",0,"independent","mlma",NA,NA,NA,NA,NA,NA,NA,NA,NA,NA,NA,0.049,0.951,5000
157,80,"balanced","70_30","severe",0,"independent","mlma_cr2",43.1690213066785,43.20230438789,0.62219828575454,40.1835730256992,42.1208100802408,42.3487590162606,45.1608383208748,0,0,0,NA,0.046,0.954,5000
158,80,"balanced","70_30","severe",0.1,"independent","aggregate_hksj",78,78,0,78,78,78,78,0,0,0,0.892,NA,0.947,5000
158,80,"balanced","70_30","severe",0.1,"independent","che_rve",41.8734018260896,41.9450621252398,1.44222010367871,35.826198514216,39.3750241062057,39.9874031209396,46.4931245724513,0,0,0,0.8846,NA,0.9474,5000
158,80,"balanced","70_30","severe",0.1,"independent","mlma",NA,NA,NA,NA,NA,NA,NA,NA,NA,NA,0.8938,NA,0.9424,5000
158,80,"balanced","70_30","severe",0.1,"independent","mlma_cr2",43.1654941453142,43.2139015033529,0.6501905107202,40.3934411327177,42.0329794091044,42.2978170065376,45.1272309246201,0,0,0,0.8802,NA,0.9456,5000
159,80,"balanced","70_30","extreme",0,"independent","aggregate_hksj",78,78,0,78,78,78,78,0,0,0,NA,0.0526,0.9474,5000
159,80,"balanced","70_30","extreme",0,"independent","che_rve",38.7197452391456,38.7937691029684,2.58352659579975,27.4973641023425,34.4599565730274,35.3878338534429,46.6423195965072,0,0,0,NA,0.0546,0.9454,5000
159,80,"balanced","70_30","extreme",0,"independent","mlma",NA,NA,NA,NA,NA,NA,NA,NA,NA,NA,NA,0.0556,0.9444,5000
159,80,"balanced","70_30","extreme",0,"independent","mlma_cr2",42.2047960808083,42.2521358342028,1.21424328846131,36.4662126874116,40.1452707405175,40.6339368274172,46.4128595936073,0,0,0,NA,0.0536,0.9464,5000
160,80,"balanced","70_30","extreme",0.1,"independent","aggregate_hksj",78,78,0,78,78,78,78,0,0,0,0.8406,NA,0.9518,5000
160,80,"balanced","70_30","extreme",0.1,"independent","che_rve",38.7556361029452,38.8308791431245,2.53185296216874,27.2585841327944,34.4901914456062,35.4278989749885,47.6777527290311,0,0,0,0.8312,NA,0.9546,5000
160,80,"balanced","70_30","extreme",0.1,"independent","mlma",NA,NA,NA,NA,NA,NA,NA,NA,NA,NA,0.8308,NA,0.952,5000
160,80,"balanced","70_30","extreme",0.1,"independent","mlma_cr2",42.2170658104826,42.2747535716248,1.18480700293312,36.2736902511363,40.2044514103721,40.6914189610438,46.0997777902662,0,0,0,0.8182,NA,0.9554,5000
161,80,"balanced","85_15","balanced",0,"independent","aggregate_hksj",78,78,0,78,78,78,78,0,0,0,NA,0.0518,0.9482,5000
161,80,"balanced","85_15","balanced",0,"independent","che_rve",15.1474668584935,15.1474668584935,4.40935147562469e-14,15.1474668584934,15.1474668584934,15.1474668584934,15.1474668584936,0,0,0,NA,0.05,0.95,5000
161,80,"balanced","85_15","balanced",0,"independent","mlma",NA,NA,NA,NA,NA,NA,NA,NA,NA,NA,NA,0.0558,0.9442,5000
161,80,"balanced","85_15","balanced",0,"independent","mlma_cr2",15.1474668584935,15.1474668584935,4.46611657773729e-14,15.1474668584934,15.1474668584934,15.1474668584934,15.1474668584936,0,0,0,NA,0.05,0.95,5000
162,80,"balanced","85_15","balanced",0.1,"independent","aggregate_hksj",78,78,0,78,78,78,78,0,0,0,0.7484,NA,0.9482,5000
162,80,"balanced","85_15","balanced",0.1,"independent","che_rve",15.1474668584935,15.1474668584935,4.427735600038e-14,15.1474668584934,15.1474668584934,15.1474668584934,15.1474668584936,0,0,0,0.702,NA,0.9494,5000
162,80,"balanced","85_15","balanced",0.1,"independent","mlma",NA,NA,NA,NA,NA,NA,NA,NA,NA,NA,0.758,NA,0.9446,5000
162,80,"balanced","85_15","balanced",0.1,"independent","mlma_cr2",15.1474668584935,15.1474668584935,4.40909235981879e-14,15.1474668584934,15.1474668584934,15.1474668584934,15.1474668584936,0,0,0,0.702,NA,0.9494,5000
163,80,"balanced","85_15","moderate",0,"independent","aggregate_hksj",78,78,0,78,78,78,78,0,0,0,NA,0.05,0.95,5000
163,80,"balanced","85_15","moderate",0,"independent","che_rve",15.0311879662769,15.0450129336275,0.164413493513578,14.1486561910245,14.7484805713915,14.8188209666046,15.5383147928678,0,0,0,NA,0.0526,0.9474,5000
163,80,"balanced","85_15","moderate",0,"independent","mlma",NA,NA,NA,NA,NA,NA,NA,NA,NA,NA,NA,0.0532,0.9468,5000
163,80,"balanced","85_15","moderate",0,"independent","mlma_cr2",15.1265973078292,15.131115488205,0.0601498611440675,14.8339547002047,15.0234407283236,15.0471684364395,15.30587035188,0,0,0,NA,0.0526,0.9474,5000
164,80,"balanced","85_15","moderate",0.1,"independent","aggregate_hksj",78,78,0,78,78,78,78,0,0,0,0.7242,NA,0.9488,5000
164,80,"balanced","85_15","moderate",0.1,"independent","che_rve",15.0312582710799,15.044143241157,0.165359977985309,14.2538788210468,14.7416166623457,14.8171337599325,15.5350921051658,0,0,0,0.6798,NA,0.9476,5000
164,80,"balanced","85_15","moderate",0.1,"independent","mlma",NA,NA,NA,NA,NA,NA,NA,NA,NA,NA,0.735,NA,0.9442,5000
164,80,"balanced","85_15","moderate",0.1,"independent","mlma_cr2",15.1268039566042,15.1313282963627,0.0608074385659643,14.8276177382497,15.019032072233,15.0474676421556,15.3108700155959,0,0,0,0.6794,NA,0.9476,5000
165,80,"balanced","85_15","severe",0,"independent","aggregate_hksj",78,78,0,78,78,78,78,0,0,0,NA,0.048,0.952,5000
165,80,"balanced","85_15","severe",0,"independent","che_rve",14.5259226600769,14.5771166650668,0.548787401566846,11.918907177391,13.5497026776445,13.7781132195903,16.0727907134767,0,0,0,NA,0.049,0.951,5000
165,80,"balanced","85_15","severe",0,"independent","mlma",NA,NA,NA,NA,NA,NA,NA,NA,NA,NA,NA,0.05,0.95,5000
165,80,"balanced","85_15","severe",0,"independent","mlma_cr2",14.9899107096807,15.0280444636796,0.233106682713197,13.8024594546397,14.5458557625675,14.6610987259257,15.6063334677752,0,0,0,NA,0.0472,0.9528,5000
166,80,"balanced","85_15","severe",0.1,"independent","aggregate_hksj",78,78,0,78,78,78,78,0,0,0,0.6918,NA,0.9438,5000
166,80,"balanced","85_15","severe",0.1,"independent","che_rve",14.5373874352407,14.5940939427564,0.551909945485135,11.2315129931643,13.5231206220955,13.7810338406205,15.8409162742785,0,0,0,0.645,NA,0.9478,5000
166,80,"balanced","85_15","severe",0.1,"independent","mlma",NA,NA,NA,NA,NA,NA,NA,NA,NA,NA,0.6958,NA,0.941,5000
166,80,"balanced","85_15","severe",0.1,"independent","mlma_cr2",14.9941257075461,15.0362442827923,0.234871459279358,13.486379161275,14.5480377354986,14.6553219147989,15.5184104957749,0,0,0,0.639,NA,0.9476,5000
167,80,"balanced","85_15","extreme",0,"independent","aggregate_hksj",78,78,0,78,78,78,78,0,0,0,NA,0.0556,0.9444,5000
167,80,"balanced","85_15","extreme",0,"independent","che_rve",13.4245701600238,13.4505854970429,1.0326195583394,8.87567677110069,11.6851851015275,12.0831848425435,16.5371346418981,0,0,0.0022,NA,0.0552,0.9448,5000
167,80,"balanced","85_15","extreme",0,"independent","mlma",NA,NA,NA,NA,NA,NA,NA,NA,NA,NA,NA,0.0582,0.9418,5000
167,80,"balanced","85_15","extreme",0,"independent","mlma_cr2",14.6579194177552,14.6835933421335,0.446734131763196,12.1265654701452,13.8909934993101,14.0786818707171,15.9246656545313,0,0,0,NA,0.0528,0.9472,5000
168,80,"balanced","85_15","extreme",0.1,"independent","aggregate_hksj",78,78,0,78,78,78,78,0,0,0,0.6358,NA,0.9496,5000
168,80,"balanced","85_15","extreme",0.1,"independent","che_rve",13.4351218745173,13.4654725507368,1.0313654105871,9.56103001989007,11.6845575217811,12.078374517307,16.8442491622982,0,0,4e-04,0.5848,NA,0.951,5000
168,80,"balanced","85_15","extreme",0.1,"independent","mlma",NA,NA,NA,NA,NA,NA,NA,NA,NA,NA,0.6318,NA,0.9472,5000
168,80,"balanced","85_15","extreme",0.1,"independent","mlma_cr2",14.6618683090609,14.6839687486996,0.444384175945445,12.7705986660557,13.8933818169405,14.0828515341617,16.0228295796939,0,0,0,0.5772,NA,0.954,5000
169,80,"moderate","50_50","balanced",0,"independent","aggregate_hksj",78,78,0,78,78,78,78,0,0,0,NA,0.0472,0.9528,5000
169,80,"moderate","50_50","balanced",0,"independent","che_rve",74.8407512290015,74.9466339878786,0.879202693226496,70.6788695088545,73.2250249403178,73.6716244226069,76.7780920075953,0,0,0,NA,0.0506,0.9494,5000
169,80,"moderate","50_50","balanced",0,"independent","mlma",NA,NA,NA,NA,NA,NA,NA,NA,NA,NA,NA,0.053,0.947,5000
169,80,"moderate","50_50","balanced",0,"independent","mlma_cr2",74.8407518022502,74.9466252674679,0.879203042979759,70.6788745916716,73.2250235836013,73.6716249671782,76.7780925746579,0,0,0,NA,0.0506,0.9494,5000
170,80,"moderate","50_50","balanced",0.1,"independent","aggregate_hksj",78,78,0,78,78,78,78,0,0,0,0.929,NA,0.95,5000
170,80,"moderate","50_50","balanced",0.1,"independent","che_rve",74.8348135468769,74.9455079416177,0.892161308883971,69.6976790593416,73.1848710448541,73.6611482107811,76.9744679226391,0,0,0,0.938,NA,0.9498,5000
170,80,"moderate","50_50","balanced",0.1,"independent","mlma",NA,NA,NA,NA,NA,NA,NA,NA,NA,NA,0.9402,NA,0.9474,5000
170,80,"moderate","50_50","balanced",0.1,"independent","mlma_cr2",74.8348138017489,74.9455095494856,0.892161444609446,69.6976790206443,73.1848710346924,73.6611487616588,76.9744698437786,0,0,0,0.938,NA,0.9498,5000
171,80,"moderate","50_50","moderate",0,"independent","aggregate_hksj",78,78,0,78,78,78,78,0,0,0,NA,0.0484,0.9516,5000
171,80,"moderate","50_50","moderate",0,"independent","che_rve",74.2538243679029,74.3886196830052,1.06981126067731,68.6852676781021,72.2594393119523,72.8411360028775,76.7294366285403,0,0,0,NA,0.0498,0.9502,5000
171,80,"moderate","50_50","moderate",0,"independent","mlma",NA,NA,NA,NA,NA,NA,NA,NA,NA,NA,NA,0.0548,0.9452,5000
171,80,"moderate","50_50","moderate",0,"independent","mlma_cr2",74.6475348222836,74.7501677816307,0.931986813687893,69.9173379084539,72.9008527895173,73.4199098027572,76.8656623176593,0,0,0,NA,0.0498,0.9502,5000
172,80,"moderate","50_50","moderate",0.1,"independent","aggregate_hksj",78,78,0,78,78,78,78,0,0,0,0.9286,NA,0.9494,5000
172,80,"moderate","50_50","moderate",0.1,"independent","che_rve",74.2526303104483,74.3965023151649,1.08734219986183,68.2296946055673,72.2585584055678,72.8785930117485,76.6364531737223,0,0,0,0.9352,NA,0.9492,5000
172,80,"moderate","50_50","moderate",0.1,"independent","mlma",NA,NA,NA,NA,NA,NA,NA,NA,NA,NA,0.939,NA,0.9452,5000
172,80,"moderate","50_50","moderate",0.1,"independent","mlma_cr2",74.6443869263937,74.7505058518213,0.945463180311937,69.8001142459116,72.943992755982,73.4462628423557,76.7599979488609,0,0,0,0.9346,NA,0.9484,5000
173,80,"moderate","50_50","severe",0,"independent","aggregate_hksj",78,78,0,78,78,78,78,0,0,0,NA,0.0492,0.9508,5000
173,80,"moderate","50_50","severe",0,"independent","che_rve",71.8149163256927,72.0657271245278,1.63105771093897,62.9851818420058,68.9060722558783,69.6540480549137,75.6202414612739,0,0,0,NA,0.048,0.952,5000
173,80,"moderate","50_50","severe",0,"independent","mlma",NA,NA,NA,NA,NA,NA,NA,NA,NA,NA,NA,0.0512,0.9488,5000
173,80,"moderate","50_50","severe",0,"independent","mlma_cr2",73.7633884141121,73.8976571343093,1.14802711890237,68.1515646119885,71.6625864437821,72.2645330718103,76.5554884099612,0,0,0,NA,0.0492,0.9508,5000
174,80,"moderate","50_50","severe",0.1,"independent","aggregate_hksj",78,78,0,78,78,78,78,0,0,0,0.9098,NA,0.9514,5000
174,80,"moderate","50_50","severe",0.1,"independent","che_rve",71.7887106087132,71.9931738178745,1.63064203795685,63.9795135262381,68.8123638958299,69.6906116649744,75.9845371564473,0,0,0,0.9186,NA,0.9512,5000
174,80,"moderate","50_50","severe",0.1,"independent","mlma",NA,NA,NA,NA,NA,NA,NA,NA,NA,NA,0.921,NA,0.9482,5000
174,80,"moderate","50_50","severe",0.1,"independent","mlma_cr2",73.7475354904934,73.8583831454552,1.1437576005928,68.3055092577689,71.7167713509776,72.2676760145724,76.7845004382146,0,0,0,0.9164,NA,0.9496,5000
175,80,"moderate","50_50","extreme",0,"independent","aggregate_hksj",78,78,0,78,78,78,78,0,0,0,NA,0.0508,0.9492,5000
175,80,"moderate","50_50","extreme",0,"independent","che_rve",66.3280524247606,66.6567354334878,2.64244567753742,43.0185957505243,61.4294249652923,62.8772164306886,72.3260161916721,0,0,0,NA,0.0502,0.9498,5000
175,80,"moderate","50_50","extreme",0,"independent","mlma",NA,NA,NA,NA,NA,NA,NA,NA,NA,NA,NA,0.0532,0.9468,5000
175,80,"moderate","50_50","extreme",0,"independent","mlma_cr2",71.7571449995463,71.9652825929071,1.63110817583427,62.8904583408149,68.7606619297688,69.5732278296484,75.8769179556124,0,0,0,NA,0.0506,0.9494,5000
176,80,"moderate","50_50","extreme",0.1,"independent","aggregate_hksj",78,78,0,78,78,78,78,0,0,0,0.8626,NA,0.9514,5000
176,80,"moderate","50_50","extreme",0.1,"independent","che_rve",66.2917876535561,66.6578117048307,2.72537529025886,49.0530078921881,61.3217198242435,62.7774375920141,72.6888080132415,0,0,0,0.8778,NA,0.9514,5000
176,80,"moderate","50_50","extreme",0.1,"independent","mlma",NA,NA,NA,NA,NA,NA,NA,NA,NA,NA,0.8698,NA,0.9464,5000
176,80,"moderate","50_50","extreme",0.1,"independent","mlma_cr2",71.7449016396102,71.916405037085,1.61869811312672,60.7277160781578,68.8599963990112,69.6526344062965,76.0530794269294,0,0,0,0.8618,NA,0.9506,5000
177,80,"moderate","70_30","balanced",0,"independent","aggregate_hksj",78,78,0,78,78,78,78,0,0,0,NA,0.0468,0.9532,5000
177,80,"moderate","70_30","balanced",0,"independent","che_rve",41.8503597416523,41.9045241673807,1.36917373185346,35.8672771904455,39.5269784928172,40.0604122558416,46.6072752421488,0,0,0,NA,0.0488,0.9512,5000
177,80,"moderate","70_30","balanced",0,"independent","mlma",NA,NA,NA,NA,NA,NA,NA,NA,NA,NA,NA,0.051,0.949,5000
177,80,"moderate","70_30","balanced",0,"independent","mlma_cr2",41.8503601093967,41.9045243271383,1.36917363023389,35.8672775703104,39.5269779207114,40.0604107552628,46.6072787006711,0,0,0,NA,0.0488,0.9512,5000
178,80,"moderate","70_30","balanced",0.1,"independent","aggregate_hksj",78,78,0,78,78,78,78,0,0,0,0.8798,NA,0.948,5000
178,80,"moderate","70_30","balanced",0.1,"independent","che_rve",41.9008752973602,41.9413767834732,1.36948657208606,35.480441399226,39.6362835338488,40.1356260330218,46.6767423322162,0,0,0,0.8856,NA,0.9484,5000
178,80,"moderate","70_30","balanced",0.1,"independent","mlma",NA,NA,NA,NA,NA,NA,NA,NA,NA,NA,0.9006,NA,0.945,5000
178,80,"moderate","70_30","balanced",0.1,"independent","mlma_cr2",41.9008755479053,41.9413746926488,1.36948643248248,35.4804463532811,39.6362819891106,40.1356244640319,46.6767422733052,0,0,0,0.8856,NA,0.9484,5000
179,80,"moderate","70_30","moderate",0,"independent","aggregate_hksj",78,78,0,78,78,78,78,0,0,0,NA,0.0508,0.9492,5000
179,80,"moderate","70_30","moderate",0,"independent","che_rve",41.544125490633,41.6331359788347,1.47046381401169,34.2680370877036,39.0183591353598,39.619326745731,46.4301060110821,0,0,0,NA,0.0482,0.9518,5000
179,80,"moderate","70_30","moderate",0,"independent","mlma",NA,NA,NA,NA,NA,NA,NA,NA,NA,NA,NA,0.0488,0.9512,5000
179,80,"moderate","70_30","moderate",0,"independent","mlma_cr2",41.7520759714933,41.8357542102929,1.42559945421045,35.6890588516263,39.3196041248071,39.8777748911943,46.3548161793518,0,0,0,NA,0.0486,0.9514,5000
180,80,"moderate","70_30","moderate",0.1,"independent","aggregate_hksj",78,78,0,78,78,78,78,0,0,0,0.8808,NA,0.953,5000
180,80,"moderate","70_30","moderate",0.1,"independent","che_rve",41.5383912741183,41.6154266640095,1.46388066375862,34.4182551176769,39.0049166223314,39.5978108918139,46.0395931531672,0,0,0,0.8856,NA,0.951,5000
180,80,"moderate","70_30","moderate",0.1,"independent","mlma",NA,NA,NA,NA,NA,NA,NA,NA,NA,NA,0.8956,NA,0.9468,5000
180,80,"moderate","70_30","moderate",0.1,"independent","mlma_cr2",41.7498831806061,41.8188518553929,1.42054288773701,34.8780527414143,39.293941466371,39.9032431617944,46.0155960839072,0,0,0,0.8856,NA,0.9502,5000
181,80,"moderate","70_30","severe",0,"independent","aggregate_hksj",78,78,0,78,78,78,78,0,0,0,NA,0.044,0.956,5000
181,80,"moderate","70_30","severe",0,"independent","che_rve",40.2078031585789,40.2839726058566,2.02209957908193,31.4570708456357,36.7236915504752,37.588057776059,47.1052240685238,0,0,0,NA,0.0444,0.9556,5000
181,80,"moderate","70_30","severe",0,"independent","mlma",NA,NA,NA,NA,NA,NA,NA,NA,NA,NA,NA,0.0488,0.9512,5000
181,80,"moderate","70_30","severe",0,"independent","mlma_cr2",41.275139063756,41.3744870915791,1.73622430988936,32.8262400696155,38.2758974054428,39.0411478659593,47.3420997849945,0,0,0,NA,0.0458,0.9542,5000
182,80,"moderate","70_30","severe",0.1,"independent","aggregate_hksj",78,78,0,78,78,78,78,0,0,0,0.8542,NA,0.952,5000
182,80,"moderate","70_30","severe",0.1,"independent","che_rve",40.2620302719085,40.3504096694158,1.9993669532436,32.3303586435226,36.8025991694273,37.6532716241166,46.3526022122749,0,0,0,0.854,NA,0.9494,5000
182,80,"moderate","70_30","severe",0.1,"independent","mlma",NA,NA,NA,NA,NA,NA,NA,NA,NA,NA,0.8648,NA,0.9472,5000
182,80,"moderate","70_30","severe",0.1,"independent","mlma_cr2",41.3247749625293,41.4286006186626,1.7046445553231,34.9623045082418,38.3877899817088,39.0440681179477,46.5783117349431,0,0,0,0.8508,NA,0.9498,5000
183,80,"moderate","70_30","extreme",0,"independent","aggregate_hksj",78,78,0,78,78,78,78,0,0,0,NA,0.0502,0.9498,5000
183,80,"moderate","70_30","extreme",0,"independent","che_rve",37.1533976346917,37.290363327583,2.95325152811036,25.1288649411163,32.107553794365,33.3428720671581,46.5657343042751,0,0,0,NA,0.0504,0.9496,5000
183,80,"moderate","70_30","extreme",0,"independent","mlma",NA,NA,NA,NA,NA,NA,NA,NA,NA,NA,NA,0.0542,0.9458,5000
183,80,"moderate","70_30","extreme",0,"independent","mlma_cr2",40.1710664398452,40.2991063273807,2.23642786718768,30.4030882946663,36.2960736309545,37.2845623019179,47.8015445546566,0,0,0,NA,0.0498,0.9502,5000
184,80,"moderate","70_30","extreme",0.1,"independent","aggregate_hksj",78,78,0,78,78,78,78,0,0,0,0.8034,NA,0.9462,5000
184,80,"moderate","70_30","extreme",0.1,"independent","che_rve",37.1311084765968,37.3023077451307,2.95880894932101,24.0876479738174,32.0640116277289,33.2182268890242,47.730152870692,0,0,0,0.8018,NA,0.9482,5000
184,80,"moderate","70_30","extreme",0.1,"independent","mlma",NA,NA,NA,NA,NA,NA,NA,NA,NA,NA,0.8022,NA,0.949,5000
184,80,"moderate","70_30","extreme",0.1,"independent","mlma_cr2",40.1410856530082,40.3291785724924,2.23437791776936,29.4344282730058,36.1675831299087,37.2133221216274,47.1763925328077,0,0,0,0.7812,NA,0.953,5000
185,80,"moderate","85_15","balanced",0,"independent","aggregate_hksj",78,78,0,78,78,78,78,0,0,0,NA,0.0458,0.9542,5000
185,80,"moderate","85_15","balanced",0,"independent","che_rve",14.5505009465007,14.5656997254198,0.507575286634247,12.4158103059417,13.6856090782534,13.8937247728308,15.9481795681461,0,0,0,NA,0.0462,0.9538,5000
185,80,"moderate","85_15","balanced",0,"independent","mlma",NA,NA,NA,NA,NA,NA,NA,NA,NA,NA,NA,0.0486,0.9514,5000
185,80,"moderate","85_15","balanced",0,"independent","mlma_cr2",14.5505011139673,14.5657002368177,0.50757520527496,12.4158088292492,13.6856058142821,13.8937243734245,15.9481797136793,0,0,0,NA,0.0462,0.9538,5000
186,80,"moderate","85_15","balanced",0.1,"independent","aggregate_hksj",78,78,0,78,78,78,78,0,0,0,0.6922,NA,0.9558,5000
186,80,"moderate","85_15","balanced",0.1,"independent","che_rve",14.5446475040843,14.5581298345527,0.497310290631039,12.3572518009177,13.6938682519255,13.9198378387709,16.145020154855,0,0,0,0.6542,NA,0.9534,5000
186,80,"moderate","85_15","balanced",0.1,"independent","mlma",NA,NA,NA,NA,NA,NA,NA,NA,NA,NA,0.7206,NA,0.9484,5000
186,80,"moderate","85_15","balanced",0.1,"independent","mlma_cr2",14.5446475988987,14.5581296100059,0.497310305831455,12.3572513642204,13.6938668218235,13.9198152687818,16.145020202949,0,0,0,0.6542,NA,0.9534,5000
187,80,"moderate","85_15","moderate",0,"independent","aggregate_hksj",78,78,0,78,78,78,78,0,0,0,NA,0.0548,0.9452,5000
187,80,"moderate","85_15","moderate",0,"independent","che_rve",14.4258450298513,14.4544112150497,0.537791564373054,12.0420441215486,13.4676184754743,13.7020752448731,16.057210058647,0,0,0,NA,0.0518,0.9482,5000
187,80,"moderate","85_15","moderate",0,"independent","mlma",NA,NA,NA,NA,NA,NA,NA,NA,NA,NA,NA,0.0594,0.9406,5000
187,80,"moderate","85_15","moderate",0,"independent","mlma_cr2",14.500937324843,14.5342200384553,0.535097883766913,12.2333789038839,13.5653969153296,13.7758118805779,15.9402499872455,0,0,0,NA,0.0512,0.9488,5000
188,80,"moderate","85_15","moderate",0.1,"independent","aggregate_hksj",78,78,0,78,78,78,78,0,0,0,0.6692,NA,0.947,5000
188,80,"moderate","85_15","moderate",0.1,"independent","che_rve",14.4263818183114,14.460493669695,0.549966226783669,11.3915016133406,13.4614336949671,13.7027754057435,15.9982840949467,0,0,0,0.6376,NA,0.9468,5000
188,80,"moderate","85_15","moderate",0.1,"independent","mlma",NA,NA,NA,NA,NA,NA,NA,NA,NA,NA,0.6926,NA,0.9424,5000
188,80,"moderate","85_15","moderate",0.1,"independent","mlma_cr2",14.4999088617504,14.5336610930231,0.544915023817538,11.655262648241,13.5440173913421,13.7892837144589,16.1498117915864,0,0,0,0.6372,NA,0.9458,5000
189,80,"moderate","85_15","severe",0,"independent","aggregate_hksj",78,78,0,78,78,78,78,0,0,0,NA,0.0504,0.9496,5000
189,80,"moderate","85_15","severe",0,"independent","che_rve",13.9640859938196,14.0054736717557,0.767587648357857,10.3998955519582,12.6175508486122,12.9574577573218,16.3489485883308,0,0,0,NA,0.0462,0.9538,5000
189,80,"moderate","85_15","severe",0,"independent","mlma",NA,NA,NA,NA,NA,NA,NA,NA,NA,NA,NA,0.0536,0.9464,5000
189,80,"moderate","85_15","severe",0,"independent","mlma_cr2",14.3258091705275,14.3730420006609,0.673496035688322,11.5056050621174,13.1276023260762,13.4477546882216,16.1209846326815,0,0,0,NA,0.047,0.953,5000
190,80,"moderate","85_15","severe",0.1,"independent","aggregate_hksj",78,78,0,78,78,78,78,0,0,0,0.6418,NA,0.9494,5000
190,80,"moderate","85_15","severe",0.1,"independent","che_rve",13.9528839755087,14.0084378707472,0.772203242223184,10.56968253482,12.598532336747,12.9315264206007,16.2344662761629,0,0,0,0.6052,NA,0.9496,5000
190,80,"moderate","85_15","severe",0.1,"independent","mlma",NA,NA,NA,NA,NA,NA,NA,NA,NA,NA,0.6614,NA,0.9432,5000
190,80,"moderate","85_15","severe",0.1,"independent","mlma_cr2",14.3292018607906,14.3794579624499,0.677116591054467,11.0856144870778,13.1170057101523,13.442821791701,16.0607891199858,0,0,0,0.603,NA,0.9518,5000
191,80,"moderate","85_15","extreme",0,"independent","aggregate_hksj",78,78,0,78,78,78,78,0,0,0,NA,0.061,0.939,5000
191,80,"moderate","85_15","extreme",0,"independent","che_rve",12.9158573641177,12.9414480643967,1.16241130993959,7.78305172110047,10.9579214596287,11.4332940691282,16.8060211779787,0,0,0.0098,NA,0.056,0.944,5000
191,80,"moderate","85_15","extreme",0,"independent","mlma",NA,NA,NA,NA,NA,NA,NA,NA,NA,NA,NA,0.0648,0.9352,5000
191,80,"moderate","85_15","extreme",0,"independent","mlma_cr2",13.9445061761956,14.0111813469546,0.907158975891633,9.2658332619058,12.3450136920127,12.7488661520685,16.3453673676844,0,0,2e-04,NA,0.0526,0.9474,5000
192,80,"moderate","85_15","extreme",0.1,"independent","aggregate_hksj",78,78,0,78,78,78,78,0,0,0,0.5934,NA,0.9468,5000
192,80,"moderate","85_15","extreme",0.1,"independent","che_rve",12.9114243997329,12.952878405614,1.14051010066384,8.49817418783478,10.9945409729573,11.4189194694589,16.4081231236578,0,0,0.0092,0.551,NA,0.9506,5000
192,80,"moderate","85_15","extreme",0.1,"independent","mlma",NA,NA,NA,NA,NA,NA,NA,NA,NA,NA,0.6014,NA,0.9448,5000
192,80,"moderate","85_15","extreme",0.1,"independent","mlma_cr2",13.9521750721367,14.0310516989881,0.878667366818634,10.2422885945174,12.3974087871981,12.7531442728287,16.3772902707983,0,0,0,0.5434,NA,0.9502,5000
193,80,"severe","50_50","balanced",0,"independent","aggregate_hksj",78,78,0,78,78,78,78,0,0,0,NA,0.0482,0.9518,5000
193,80,"severe","50_50","balanced",0,"independent","che_rve",72.2750037954938,72.6568923559568,2.22426582787548,55.5989755877234,67.9961643025344,69.3206063360142,76.8048971857991,0,0,0,NA,0.0508,0.9492,5000
193,80,"severe","50_50","balanced",0,"independent","mlma",NA,NA,NA,NA,NA,NA,NA,NA,NA,NA,NA,0.055,0.945,5000
193,80,"severe","50_50","balanced",0,"independent","mlma_cr2",72.2750052823406,72.6568921119579,2.22426672547687,55.5989758697011,67.9961620168896,69.320606425826,76.804897004461,0,0,0,NA,0.0508,0.9492,5000
194,80,"severe","50_50","balanced",0.1,"independent","aggregate_hksj",78,78,0,78,78,78,78,0,0,0,0.8988,NA,0.9528,5000
194,80,"severe","50_50","balanced",0.1,"independent","che_rve",72.3342494290399,72.7297127112154,2.19448537438373,52.6857083588204,68.1871679605368,69.4687427854367,76.3231651783623,0,0,0,0.9104,NA,0.9506,5000
194,80,"severe","50_50","balanced",0.1,"independent","mlma",NA,NA,NA,NA,NA,NA,NA,NA,NA,NA,0.917,NA,0.9462,5000
194,80,"severe","50_50","balanced",0.1,"independent","mlma_cr2",72.3342510636598,72.7297125851967,2.19448566275929,52.685704295678,68.1871685449622,69.4687371237352,76.3231645833409,0,0,0,0.9104,NA,0.9506,5000
195,80,"severe","50_50","moderate",0,"independent","aggregate_hksj",78,78,0,78,78,78,78,0,0,0,NA,0.0458,0.9542,5000
195,80,"severe","50_50","moderate",0,"independent","che_rve",71.7173818859151,72.1466967514654,2.44572493811756,56.1276392037517,67.2362349042391,68.507874861434,76.2322235134157,0,0,0,NA,0.0464,0.9536,5000
195,80,"severe","50_50","moderate",0,"independent","mlma",NA,NA,NA,NA,NA,NA,NA,NA,NA,NA,NA,0.0506,0.9494,5000
195,80,"severe","50_50","moderate",0,"independent","mlma_cr2",71.916769543203,72.3238651251696,2.30295961503121,58.1369320532796,67.5828073760827,68.8983479339741,76.2452495454235,0,0,0,NA,0.0478,0.9522,5000
196,80,"severe","50_50","moderate",0.1,"independent","aggregate_hksj",78,78,0,78,78,78,78,0,0,0,0.877,NA,0.952,5000
196,80,"severe","50_50","moderate",0.1,"independent","che_rve",71.6746635911582,72.121847219818,2.42254362457708,56.9705021655448,67.1433032945164,68.6023214823422,76.1443875212798,0,0,0,0.8878,NA,0.9544,5000
196,80,"severe","50_50","moderate",0.1,"independent","mlma",NA,NA,NA,NA,NA,NA,NA,NA,NA,NA,0.8934,NA,0.9502,5000
196,80,"severe","50_50","moderate",0.1,"independent","mlma_cr2",71.8705537074995,72.2665384527648,2.2880577766179,56.9073981397996,67.5936925074041,68.949774946219,76.1838075755409,0,0,0,0.8866,NA,0.954,5000
197,80,"severe","50_50","severe",0,"independent","aggregate_hksj",78,78,0,78,78,78,78,0,0,0,NA,0.055,0.945,5000
197,80,"severe","50_50","severe",0,"independent","che_rve",69.3976727270421,69.919653324907,3.10132895722435,37.273030142203,63.7435636014421,65.5433034539992,75.4600136411848,0,0,0,NA,0.0532,0.9468,5000
197,80,"severe","50_50","severe",0,"independent","mlma",NA,NA,NA,NA,NA,NA,NA,NA,NA,NA,NA,0.0548,0.9452,5000
197,80,"severe","50_50","severe",0,"independent","mlma_cr2",70.5480068837792,70.9498925960435,2.52459065760182,48.3411921430091,65.8816989819338,67.2594357964141,76.2907297225972,0,0,0,NA,0.0512,0.9488,5000
198,80,"severe","50_50","severe",0.1,"independent","aggregate_hksj",78,78,0,78,78,78,78,0,0,0,0.8616,NA,0.9574,5000
198,80,"severe","50_50","severe",0.1,"independent","che_rve",69.3362650068229,69.9137620106467,3.02932989288327,44.7005322294057,63.762265062107,65.3357398860422,75.29153321877,0,0,0,0.8738,NA,0.9562,5000
198,80,"severe","50_50","severe",0.1,"independent","mlma",NA,NA,NA,NA,NA,NA,NA,NA,NA,NA,0.8746,NA,0.9544,5000
198,80,"severe","50_50","severe",0.1,"independent","mlma_cr2",70.4828495702055,70.8903012163797,2.51950572012552,53.0628626923891,65.7564179689817,67.1908571499733,75.8524355803383,0,0,0,0.869,NA,0.9578,5000
199,80,"severe","50_50","extreme",0,"independent","aggregate_hksj",78,78,0,78,78,78,78,0,0,0,NA,0.049,0.951,5000
199,80,"severe","50_50","extreme",0,"independent","che_rve",63.9630974486929,64.6510740178977,4.18621187045764,34.3798131262786,56.5021334029122,58.937715052625,72.7384036846424,0,0,0,NA,0.0506,0.9494,5000
199,80,"severe","50_50","extreme",0,"independent","mlma",NA,NA,NA,NA,NA,NA,NA,NA,NA,NA,NA,0.055,0.945,5000
199,80,"severe","50_50","extreme",0,"independent","mlma_cr2",67.5560139582517,67.9146554799869,3.00204945296246,47.8041539316714,62.1898155444202,63.6854934126262,74.5418472849485,0,0,0,NA,0.0508,0.9492,5000
200,80,"severe","50_50","extreme",0.1,"independent","aggregate_hksj",78,78,0,78,78,78,78,0,0,0,0.8194,NA,0.953,5000
200,80,"severe","50_50","extreme",0.1,"independent","che_rve",63.8511438718429,64.5500788686401,4.25053467531395,30.0453704943768,55.9287655644474,58.464130206904,72.5577638704232,0,0,0,0.8316,NA,0.9492,5000
200,80,"severe","50_50","extreme",0.1,"independent","mlma",NA,NA,NA,NA,NA,NA,NA,NA,NA,NA,0.8236,NA,0.945,5000
200,80,"severe","50_50","extreme",0.1,"independent","mlma_cr2",67.4787029195499,67.8493534511858,2.9754824703727,50.0202512835948,62.0079575252099,63.6992576789503,74.23241701821,0,0,0,0.8142,NA,0.9492,5000
201,80,"severe","70_30","balanced",0,"independent","aggregate_hksj",78,78,0,78,78,78,78,0,0,0,NA,0.0486,0.9514,5000
201,80,"severe","70_30","balanced",0,"independent","che_rve",40.4633490047962,40.6339188571011,1.76415544076778,27.6738578891227,37.3894647628518,38.2412758635757,46.071079769071,0,0,0,NA,0.0478,0.9522,5000
201,80,"severe","70_30","balanced",0,"independent","mlma",NA,NA,NA,NA,NA,NA,NA,NA,NA,NA,NA,0.0522,0.9478,5000
201,80,"severe","70_30","balanced",0,"independent","mlma_cr2",40.4633498090835,40.6339204921307,1.76415574851563,27.6738619212739,37.3894464566369,38.2412763163305,46.0710801127476,0,0,0,NA,0.0478,0.9522,5000
202,80,"severe","70_30","balanced",0.1,"independent","aggregate_hksj",78,78,0,78,78,78,78,0,0,0,0.8342,NA,0.9498,5000
202,80,"severe","70_30","balanced",0.1,"independent","che_rve",40.5100529374183,40.677239268382,1.71163409080185,31.7045547004954,37.5393684039458,38.353101863431,46.226645595627,0,0,0,0.8468,NA,0.9476,5000
202,80,"severe","70_30","balanced",0.1,"independent","mlma",NA,NA,NA,NA,NA,NA,NA,NA,NA,NA,0.863,NA,0.9434,5000
202,80,"severe","70_30","balanced",0.1,"independent","mlma_cr2",40.5100537059562,40.6772418831266,1.71163436997453,31.7045413652022,37.5393676069713,38.3531022734225,46.2266457103724,0,0,0,0.8468,NA,0.9476,5000
203,80,"severe","70_30","moderate",0,"independent","aggregate_hksj",78,78,0,78,78,78,78,0,0,0,NA,0.0492,0.9508,5000
203,80,"severe","70_30","moderate",0,"independent","che_rve",40.1154888508233,40.2975407712284,1.89099911429711,28.716861286293,36.7523960715908,37.7508093777041,45.4996518067084,0,0,0,NA,0.0502,0.9498,5000
203,80,"severe","70_30","moderate",0,"independent","mlma",NA,NA,NA,NA,NA,NA,NA,NA,NA,NA,NA,0.0542,0.9458,5000
203,80,"severe","70_30","moderate",0,"independent","mlma_cr2",40.232304035738,40.3872430789403,1.82938136491348,29.2432780858959,37.0137442524446,37.923984329724,45.4037326932539,0,0,0,NA,0.0494,0.9506,5000
204,80,"severe","70_30","moderate",0.1,"independent","aggregate_hksj",78,78,0,78,78,78,78,0,0,0,0.8304,NA,0.9528,5000
204,80,"severe","70_30","moderate",0.1,"independent","che_rve",40.1437009182335,40.323445431713,1.85862604939379,31.7809645594575,36.7543077172491,37.732292632832,45.7598554618491,0,0,0,0.8396,NA,0.9536,5000
204,80,"severe","70_30","moderate",0.1,"independent","mlma",NA,NA,NA,NA,NA,NA,NA,NA,NA,NA,0.855,NA,0.9482,5000
204,80,"severe","70_30","moderate",0.1,"independent","mlma_cr2",40.2550080407685,40.4083409257992,1.811690431594,32.1620188003856,37.0080481589236,37.9139158643221,45.4307406215657,0,0,0,0.8384,NA,0.9542,5000
205,80,"severe","70_30","severe",0,"independent","aggregate_hksj",78,78,0,78,78,78,78,0,0,0,NA,0.0558,0.9442,5000
205,80,"severe","70_30","severe",0,"independent","che_rve",38.7860174186552,38.9766035832381,2.52687704295427,24.6494746217964,34.3696055197859,35.5416660392649,45.9320454715057,0,0,0,NA,0.054,0.946,5000
205,80,"severe","70_30","severe",0,"independent","mlma",NA,NA,NA,NA,NA,NA,NA,NA,NA,NA,NA,0.0604,0.9396,5000
205,80,"severe","70_30","severe",0,"independent","mlma_cr2",39.4119155967505,39.5749094723583,2.2912401064947,28.6256461847804,35.3503659948287,36.4633411890064,45.8906757219465,0,0,0,NA,0.0554,0.9446,5000
206,80,"severe","70_30","severe",0.1,"independent","aggregate_hksj",78,78,0,78,78,78,78,0,0,0,0.7966,NA,0.9506,5000
206,80,"severe","70_30","severe",0.1,"independent","che_rve",38.8066087753093,39.0348463958574,2.4196077167514,24.8823088521194,34.6394299304073,35.7225327475664,46.1360472766746,0,0,0,0.8014,NA,0.948,5000
206,80,"severe","70_30","severe",0.1,"independent","mlma",NA,NA,NA,NA,NA,NA,NA,NA,NA,NA,0.8172,NA,0.9442,5000
206,80,"severe","70_30","severe",0.1,"independent","mlma_cr2",39.4374670502173,39.6399705966726,2.24271786686868,27.5570464588652,35.6433904277867,36.5809724132161,48.197986063026,0,0,0,0.797,NA,0.9466,5000
207,80,"severe","70_30","extreme",0,"independent","aggregate_hksj",78,78,0,78,78,78,78,0,0,0,NA,0.0494,0.9506,5000
207,80,"severe","70_30","extreme",0,"independent","che_rve",35.9519189427511,36.218862697869,3.40731573631249,16.0797984687218,29.9152103503296,31.5561651734669,46.6291788891964,0,0,0,NA,0.0528,0.9472,5000
207,80,"severe","70_30","extreme",0,"independent","mlma",NA,NA,NA,NA,NA,NA,NA,NA,NA,NA,NA,0.0544,0.9456,5000
207,80,"severe","70_30","extreme",0,"independent","mlma_cr2",37.872815923089,38.0331215702375,2.8676107420756,26.4268302607698,32.9900743032192,34.1947335612962,48.296170926558,0,0,0,NA,0.0496,0.9504,5000
208,80,"severe","70_30","extreme",0.1,"independent","aggregate_hksj",78,78,0,78,78,78,78,0,0,0,0.7346,NA,0.9468,5000
208,80,"severe","70_30","extreme",0.1,"independent","che_rve",35.9287776114228,36.208000898488,3.34994973167397,15.2909201322333,30.1094347721368,31.5772052532581,46.8536073076889,0,0,0,0.7422,NA,0.9468,5000
208,80,"severe","70_30","extreme",0.1,"independent","mlma",NA,NA,NA,NA,NA,NA,NA,NA,NA,NA,0.7426,NA,0.944,5000
208,80,"severe","70_30","extreme",0.1,"independent","mlma_cr2",37.8735591802029,38.069200626561,2.87076829276816,26.3376994613574,32.9106768540668,34.1130914861729,48.2407539439196,0,0,0,0.7254,NA,0.9492,5000
209,80,"severe","85_15","balanced",0,"independent","aggregate_hksj",78,78,0,78,78,78,78,0,0,0,NA,0.0464,0.9536,5000
209,80,"severe","85_15","balanced",0,"independent","che_rve",14.0799039383888,14.1343739659045,0.562810663792949,10.6042880861593,13.1148666913322,13.377434603841,15.9328027882319,0,0,0,NA,0.0476,0.9524,5000
209,80,"severe","85_15","balanced",0,"independent","mlma",NA,NA,NA,NA,NA,NA,NA,NA,NA,NA,NA,0.0508,0.9492,5000
209,80,"severe","85_15","balanced",0,"independent","mlma_cr2",14.0799041783562,14.1343729230837,0.562810780322391,10.6042881038493,13.1148666550127,13.3774400170409,15.9328027298356,0,0,0,NA,0.0476,0.9524,5000
210,80,"severe","85_15","balanced",0.1,"independent","aggregate_hksj",78,78,0,78,78,78,78,0,0,0,0.6232,NA,0.9484,5000
210,80,"severe","85_15","balanced",0.1,"independent","che_rve",14.0778333105096,14.1420600231549,0.563738219014973,9.68095558986476,13.0629629634197,13.3520230056218,15.9250170196715,0,0,2e-04,0.5992,NA,0.9556,5000
210,80,"severe","85_15","balanced",0.1,"independent","mlma",NA,NA,NA,NA,NA,NA,NA,NA,NA,NA,0.655,NA,0.946,5000
210,80,"severe","85_15","balanced",0.1,"independent","mlma_cr2",14.0778336366856,14.1420599335807,0.563738260545599,9.68095551851665,13.0629634536344,13.352026562483,15.9250177910832,0,0,2e-04,0.5992,NA,0.9556,5000
211,80,"severe","85_15","moderate",0,"independent","aggregate_hksj",78,78,0,78,78,78,78,0,0,0,NA,0.0472,0.9528,5000
211,80,"severe","85_15","moderate",0,"independent","che_rve",13.9669278918424,14.0348370842913,0.62458479153505,10.0216472033533,12.8323544421462,13.1780693533165,16.0840480533684,0,0,0,NA,0.0482,0.9518,5000
211,80,"severe","85_15","moderate",0,"independent","mlma",NA,NA,NA,NA,NA,NA,NA,NA,NA,NA,NA,0.0554,0.9446,5000
211,80,"severe","85_15","moderate",0,"independent","mlma_cr2",13.9996592390292,14.0557867372,0.606422701797979,10.5259673595072,12.9187611846864,13.2298603187871,16.187329881598,0,0,0,NA,0.0476,0.9524,5000
212,80,"severe","85_15","moderate",0.1,"independent","aggregate_hksj",78,78,0,78,78,78,78,0,0,0,0.6198,NA,0.9496,5000
212,80,"severe","85_15","moderate",0.1,"independent","che_rve",13.9723592089556,14.0450857075613,0.615110406035594,8.65273978239698,12.8610054549071,13.1875936391467,15.780104157972,0,0,2e-04,0.5872,NA,0.9508,5000
212,80,"severe","85_15","moderate",0.1,"independent","mlma",NA,NA,NA,NA,NA,NA,NA,NA,NA,NA,0.6498,NA,0.9474,5000
212,80,"severe","85_15","moderate",0.1,"independent","mlma_cr2",14.0022320150481,14.0666571092049,0.598008280828537,10.1607920857717,12.9732312225482,13.2484970276529,15.7043621572394,0,0,0,0.5866,NA,0.9512,5000
213,80,"severe","85_15","severe",0,"independent","aggregate_hksj",78,78,0,78,78,78,78,0,0,0,NA,0.049,0.951,5000
213,80,"severe","85_15","severe",0,"independent","che_rve",13.5179675005267,13.6125309105473,0.871741085928842,7.42257252353326,11.9975851216724,12.4137842571678,16.1265669828716,0,0,0.0014,NA,0.0504,0.9496,5000
213,80,"severe","85_15","severe",0,"independent","mlma",NA,NA,NA,NA,NA,NA,NA,NA,NA,NA,NA,0.0538,0.9462,5000
213,80,"severe","85_15","severe",0,"independent","mlma_cr2",13.7117371946403,13.79178928793,0.805087517159193,9.95005737703007,12.298578423644,12.648045079987,16.1148699794512,0,0,4e-04,NA,0.051,0.949,5000
214,80,"severe","85_15","severe",0.1,"independent","aggregate_hksj",78,78,0,78,78,78,78,0,0,0,0.5852,NA,0.9478,5000
214,80,"severe","85_15","severe",0.1,"independent","che_rve",13.5258795687937,13.6323778877741,0.884246747208331,7.19303417931946,11.9665878928467,12.383843475489,15.9653285797324,0,0,0.002,0.5524,NA,0.9512,5000
214,80,"severe","85_15","severe",0.1,"independent","mlma",NA,NA,NA,NA,NA,NA,NA,NA,NA,NA,0.6102,NA,0.9464,5000
214,80,"severe","85_15","severe",0.1,"independent","mlma_cr2",13.721626246165,13.7991581276166,0.811011607767372,7.48298328668731,12.2600041287188,12.6692353311983,16.0976060389443,0,0,6e-04,0.548,NA,0.9508,5000
215,80,"severe","85_15","extreme",0,"independent","aggregate_hksj",78,78,0,78,78,78,78,0,0,0,NA,0.0522,0.9478,5000
215,80,"severe","85_15","extreme",0,"independent","che_rve",12.5297915283303,12.6125927425547,1.27989063842901,5.94567555645877,10.3035214339423,10.8995494325879,15.8879777658357,0,0,0.0344,NA,0.0524,0.9476,5000
215,80,"severe","85_15","extreme",0,"independent","mlma",NA,NA,NA,NA,NA,NA,NA,NA,NA,NA,NA,0.0578,0.9422,5000
215,80,"severe","85_15","extreme",0,"independent","mlma_cr2",13.1522093709054,13.2115163693551,1.12935452760723,7.13280134127879,11.2570169311558,11.7271978144052,16.2903128744855,0,0,0.0084,NA,0.0528,0.9472,5000
216,80,"severe","85_15","extreme",0.1,"independent","aggregate_hksj",78,78,0,78,78,78,78,0,0,0,0.5318,NA,0.9534,5000
216,80,"severe","85_15","extreme",0.1,"independent","che_rve",12.5049655648232,12.6057740801198,1.29208306925674,6.53976842658015,10.2597288653298,10.8171730343247,16.5232048197826,0,0,0.038,0.5026,NA,0.952,5000
216,80,"severe","85_15","extreme",0.1,"independent","mlma",NA,NA,NA,NA,NA,NA,NA,NA,NA,NA,0.5458,NA,0.9484,5000
216,80,"severe","85_15","extreme",0.1,"independent","mlma_cr2",13.138516777672,13.2123739292056,1.12925626738957,8.08300073198756,11.1575147823702,11.696100724322,16.2378868003101,0,0,0.0062,0.4858,NA,0.9566,5000
217,20,"severe","85_15","extreme",0,"n_majority","aggregate_hksj",18,18,0,18,18,18,18,0,0,0,NA,0.0368,0.9632,5000
217,20,"severe","85_15","extreme",0,"n_majority","che_rve",2.13813852829515,2.14644917043233,0.118931147249926,1.71745169342303,1.92444079536332,1.98109328207645,2.53230674047402,0.124,1,1,NA,0.0284,0.9716,5000
217,20,"severe","85_15","extreme",0,"n_majority","mlma",NA,NA,NA,NA,NA,NA,NA,NA,NA,NA,NA,0.11,0.89,5000
217,20,"severe","85_15","extreme",0,"n_majority","mlma_cr2",2.00691521492798,2.03619848502298,0.238752534906192,1.24268309149059,1.59081853321653,1.68508545660496,3.10823824490425,0.4466,1,1,NA,0.0264,0.9736,5000
218,20,"severe","85_15","extreme",0,"n_minority","aggregate_hksj",18,18,0,18,18,18,18,0,0,0,NA,0.0662,0.9338,5000
218,20,"severe","85_15","extreme",0,"n_minority","che_rve",3.09228243929216,3.02003557214492,0.387395150386178,2.19256698730953,2.71214414815214,2.80273374499141,10.0209395676571,0,0.9742,0.9998,NA,0.0406,0.9594,5000
218,20,"severe","85_15","extreme",0,"n_minority","mlma",NA,NA,NA,NA,NA,NA,NA,NA,NA,NA,NA,0.068,0.932,5000
218,20,"severe","85_15","extreme",0,"n_minority","mlma_cr2",2.92808451917745,2.91649743189438,0.209785970287828,1.91137565790534,2.64249354097145,2.74341547464935,5.2288372120659,6e-04,0.9964,1,NA,0.0326,0.9674,5000
219,20,"severe","85_15","extreme",0,"nk_majority","aggregate_hksj",18,18,0,18,18,18,18,0,0,0,NA,0.0422,0.9578,5000
219,20,"severe","85_15","extreme",0,"nk_majority","che_rve",2.16052356145103,2.16122888849323,0.0624962550369207,2.00953650810714,2.05431292352438,2.07925429465329,2.41042415109492,0,1,1,NA,0.038,0.962,5000
219,20,"severe","85_15","extreme",0,"nk_majority","mlma",NA,NA,NA,NA,NA,NA,NA,NA,NA,NA,NA,0.0506,0.9494,5000
219,20,"severe","85_15","extreme",0,"nk_majority","mlma_cr2",2.16075384005141,2.16092274302749,0.0619855378088127,1.99291149416178,2.0572622858605,2.08127862233367,2.40696460422815,6e-04,1,1,NA,0.0384,0.9616,5000
220,20,"severe","85_15","extreme",0,"nk_minority","aggregate_hksj",18,18,0,18,18,18,18,0,0,0,NA,0.0448,0.9552,5000
220,20,"severe","85_15","extreme",0,"nk_minority","che_rve",4.16237581250779,3.90552863801004,0.827257092873089,3.07821937784335,3.32961840407475,3.40586682050528,6.88754280069395,0,0.5592,1,NA,0.0474,0.9526,5000
220,20,"severe","85_15","extreme",0,"nk_minority","mlma",NA,NA,NA,NA,NA,NA,NA,NA,NA,NA,NA,0.085,0.915,5000
220,20,"severe","85_15","extreme",0,"nk_minority","mlma_cr2",3.9590636861602,3.78212294844135,0.624321663910152,3.05800769037988,3.28861646271455,3.35884946818433,6.00501574768399,0,0.6548,1,NA,0.0444,0.9556,5000
221,20,"severe","85_15","extreme",0.1,"n_majority","aggregate_hksj",18,18,0,18,18,18,18,0,0,0,0.0876,NA,0.9608,5000
221,20,"severe","85_15","extreme",0.1,"n_majority","che_rve",2.13982195231473,2.14971759607095,0.119435600769449,1.72452780421833,1.9292139660832,1.98096099322278,2.58971955387573,0.1186,1,1,0.0562,NA,0.9686,5000
221,20,"severe","85_15","extreme",0.1,"n_majority","mlma",NA,NA,NA,NA,NA,NA,NA,NA,NA,NA,0.191,NA,0.879,5000
221,20,"severe","85_15","extreme",0.1,"n_majority","mlma_cr2",2.0124764453873,2.04030057868629,0.239445460867614,1.25166733094629,1.59182542155345,1.68811783311233,3.16376851226773,0.4376,1,1,0.0532,NA,0.9676,5000
222,20,"severe","85_15","extreme",0.1,"n_minority","aggregate_hksj",18,18,0,18,18,18,18,0,0,0,0.2226,NA,0.9328,5000
222,20,"severe","85_15","extreme",0.1,"n_minority","che_rve",3.09440009455868,3.01605934930216,0.385347054126178,2.21995633462783,2.71311708592264,2.79990898762509,7.18053836539622,0,0.9686,1,0.1306,NA,0.9606,5000
222,20,"severe","85_15","extreme",0.1,"n_minority","mlma",NA,NA,NA,NA,NA,NA,NA,NA,NA,NA,0.2266,NA,0.9348,5000
222,20,"severe","85_15","extreme",0.1,"n_minority","mlma_cr2",2.92792827059776,2.91577325307042,0.20636575725798,1.82483634323223,2.65580870663557,2.74898833375652,5.17004820287252,6e-04,0.9974,1,0.1114,NA,0.971,5000
223,20,"severe","85_15","extreme",0.1,"nk_majority","aggregate_hksj",18,18,0,18,18,18,18,0,0,0,0.0864,NA,0.9558,5000
223,20,"severe","85_15","extreme",0.1,"nk_majority","che_rve",2.159316998944,2.15821485384813,0.0638025148243435,2.01230500790648,2.05000619148741,2.07638607715467,2.41652930319955,0,1,1,0.0608,NA,0.9596,5000
223,20,"severe","85_15","extreme",0.1,"nk_majority","mlma",NA,NA,NA,NA,NA,NA,NA,NA,NA,NA,0.1014,NA,0.9486,5000
223,20,"severe","85_15","extreme",0.1,"nk_majority","mlma_cr2",2.15959589106627,2.15853668075156,0.0631431362942641,1.99292535185907,2.05521748460221,2.07810747876363,2.41426565134865,8e-04,1,1,0.0608,NA,0.96,5000
224,20,"severe","85_15","extreme",0.1,"nk_minority","aggregate_hksj",18,18,0,18,18,18,18,0,0,0,0.216,NA,0.9574,5000
224,20,"severe","85_15","extreme",0.1,"nk_minority","che_rve",4.15132121135752,3.89525209722004,0.818466024331386,3.04291182975165,3.3208318109401,3.41224439534349,6.81501050764739,0,0.5728,1,0.184,NA,0.9542,5000
224,20,"severe","85_15","extreme",0.1,"nk_minority","mlma",NA,NA,NA,NA,NA,NA,NA,NA,NA,NA,0.314,NA,0.915,5000
224,20,"severe","85_15","extreme",0.1,"nk_minority","mlma_cr2",3.95188045077827,3.7707742382197,0.621102501397627,3.0273115757005,3.2818795589677,3.36284861475667,6.00317698218598,0,0.6618,1,0.1776,NA,0.9568,5000
225,40,"severe","85_15","extreme",0,"n_majority","aggregate_hksj",38,38,0,38,38,38,38,0,0,0,NA,0.048,0.952,5000
225,40,"severe","85_15","extreme",0,"n_majority","che_rve",5.23040109042384,5.26423728484186,0.278434685165542,3.96103805372806,4.71307924462143,4.85834302442039,5.9855798656409,0,2e-04,1,NA,0.05,0.95,5000
225,40,"severe","85_15","extreme",0,"n_majority","mlma",NA,NA,NA,NA,NA,NA,NA,NA,NA,NA,NA,0.1172,0.8828,5000
225,40,"severe","85_15","extreme",0,"n_majority","mlma_cr2",4.43940300279957,4.44806443634438,0.692782431892904,1.84143269648256,3.26985895053069,3.51388163886258,6.62530793053069,4e-04,0.2664,1,NA,0.0512,0.9488,5000
226,40,"severe","85_15","extreme",0,"n_minority","aggregate_hksj",38,38,0,38,38,38,38,0,0,0,NA,0.0584,0.9416,5000
226,40,"severe","85_15","extreme",0,"n_minority","che_rve",7.38244621680657,7.40480723554835,0.588150904528791,4.04180137297002,6.42765478230452,6.81935319236223,11.8309697886699,0,0,0.998,NA,0.0532,0.9468,5000
226,40,"severe","85_15","extreme",0,"n_minority","mlma",NA,NA,NA,NA,NA,NA,NA,NA,NA,NA,NA,0.054,0.946,5000
226,40,"severe","85_15","extreme",0,"n_minority","mlma_cr2",7.22891932555638,7.23387776059223,0.312345007720992,3.65487942683416,6.75861942581732,6.91609866249961,8.9086612355388,0,2e-04,1,NA,0.047,0.953,5000
227,40,"severe","85_15","extreme",0,"nk_majority","aggregate_hksj",38,38,0,38,38,38,38,0,0,0,NA,0.0468,0.9532,5000
227,40,"severe","85_15","extreme",0,"nk_majority","che_rve",5.37222280281694,5.37488363836747,0.113334245649135,4.98239678547092,5.18352386182205,5.22416907870963,5.78780611077158,0,0,1,NA,0.0426,0.9574,5000
227,40,"severe","85_15","extreme",0,"nk_majority","mlma",NA,NA,NA,NA,NA,NA,NA,NA,NA,NA,NA,0.0484,0.9516,5000
227,40,"severe","85_15","extreme",0,"nk_majority","mlma_cr2",5.3725828301213,5.37462122926968,0.112079364223549,5.00730206234672,5.18861067750363,5.22598128324723,5.787041571935,0,0,1,NA,0.0428,0.9572,5000
228,40,"severe","85_15","extreme",0,"nk_minority","aggregate_hksj",38,38,0,38,38,38,38,0,0,0,NA,0.0382,0.9618,5000
228,40,"severe","85_15","extreme",0,"nk_minority","che_rve",9.79080284406501,9.53827147894115,1.1088434227657,7.99744895663656,8.55001125987879,8.70628031055864,15.7186355811572,0,0,0.6884,NA,0.0554,0.9446,5000
228,40,"severe","85_15","extreme",0,"nk_minority","mlma",NA,NA,NA,NA,NA,NA,NA,NA,NA,NA,NA,0.0724,0.9276,5000
228,40,"severe","85_15","extreme",0,"nk_minority","mlma_cr2",9.46621136210614,9.27934271780935,0.886093118572592,7.92754781632524,8.42663159943375,8.5673075913364,14.1864493023449,0,0,0.7906,NA,0.0556,0.9444,5000
229,40,"severe","85_15","extreme",0.1,"n_majority","aggregate_hksj",38,38,0,38,38,38,38,0,0,0,0.1558,NA,0.9566,5000
229,40,"severe","85_15","extreme",0.1,"n_majority","che_rve",5.21618590208382,5.2515299191003,0.281378280167752,4.00462128554258,4.69500377356346,4.84613224259618,5.99933098767231,0,0,1,0.1282,NA,0.9532,5000
229,40,"severe","85_15","extreme",0.1,"n_majority","mlma",NA,NA,NA,NA,NA,NA,NA,NA,NA,NA,0.2782,NA,0.8862,5000
229,40,"severe","85_15","extreme",0.1,"n_majority","mlma_cr2",4.42504520682715,4.43362318221026,0.694438878690393,2.09289515935809,3.25664436734928,3.51360961869859,6.82295565291267,0,0.2792,1,0.131,NA,0.9522,5000
230,40,"severe","85_15","extreme",0.1,"n_minority","aggregate_hksj",38,38,0,38,38,38,38,0,0,0,0.3716,NA,0.9448,5000
230,40,"severe","85_15","extreme",0.1,"n_minority","che_rve",7.37674778382642,7.40080424121954,0.610311681524809,3.8564680962251,6.36680023429821,6.7755637127408,13.755821078177,0,4e-04,0.9978,0.3236,NA,0.9528,5000
230,40,"severe","85_15","extreme",0.1,"n_minority","mlma",NA,NA,NA,NA,NA,NA,NA,NA,NA,NA,0.3594,NA,0.955,5000
230,40,"severe","85_15","extreme",0.1,"n_minority","mlma_cr2",7.22320537831085,7.23080978120854,0.340402186375594,3.60624655861589,6.72908146042981,6.90567745183464,9.32715953568132,0,4e-04,1,0.3084,NA,0.9552,5000
231,40,"severe","85_15","extreme",0.1,"nk_majority","aggregate_hksj",38,38,0,38,38,38,38,0,0,0,0.1458,NA,0.955,5000
231,40,"severe","85_15","extreme",0.1,"nk_majority","che_rve",5.3714748754357,5.3718549893462,0.116065373574913,4.97573474583065,5.18163407334358,5.22288500606624,5.84690000230946,0,0,1,0.114,NA,0.9548,5000
231,40,"severe","85_15","extreme",0.1,"nk_majority","mlma",NA,NA,NA,NA,NA,NA,NA,NA,NA,NA,0.1504,NA,0.9528,5000
231,40,"severe","85_15","extreme",0.1,"nk_majority","mlma_cr2",5.37179291350534,5.37183173252151,0.114657957773898,4.96985916137364,5.18324210949115,5.22544254243303,5.84143440666674,0,0,1,0.1138,NA,0.9546,5000
232,40,"severe","85_15","extreme",0.1,"nk_minority","aggregate_hksj",38,38,0,38,38,38,38,0,0,0,0.3924,NA,0.9612,5000
232,40,"severe","85_15","extreme",0.1,"nk_minority","che_rve",9.75997318861516,9.53594765101326,1.04594482483247,8.04379475361411,8.5686560579152,8.72440736274661,15.6859295957332,0,0,0.6886,0.4092,NA,0.9486,5000
232,40,"severe","85_15","extreme",0.1,"nk_minority","mlma",NA,NA,NA,NA,NA,NA,NA,NA,NA,NA,0.4904,NA,0.9344,5000
232,40,"severe","85_15","extreme",0.1,"nk_minority","mlma_cr2",9.44227759420356,9.27327457094282,0.841050863595087,7.98130393291643,8.44189879944244,8.57711549552699,14.1740382745689,0,0,0.807,0.4072,NA,0.9498,5000
