"condition_id","J","k_imbalance","moderator_split","n_imbalance","beta1_true","allocation_pattern","method","mean_se","empirical_sd","se_ratio","n_success"
1,20,"balanced","50_50","balanced",0,"independent","aggregate_hksj",0.0533183605205929,0.0543698793761662,0.980659900892953,5000
1,20,"balanced","50_50","balanced",0,"independent","che_rve",0.0533183605205929,0.0543698793761662,0.980659900892953,5000
1,20,"balanced","50_50","balanced",0,"independent","mlma",0.0533183778719643,0.0543698793761662,0.980660220028687,5000
1,20,"balanced","50_50","balanced",0,"independent","mlma_cr2",0.0533183605205929,0.0543698793761662,0.980659900892953,5000
2,20,"balanced","50_50","balanced",0.1,"independent","aggregate_hksj",0.0532078933909815,0.05456525025026,0.975124152220449,5000
2,20,"balanced","50_50","balanced",0.1,"independent","che_rve",0.0532078933909815,0.05456525025026,0.975124152220449,5000
2,20,"balanced","50_50","balanced",0.1,"independent","mlma",0.0532090704001126,0.0545652502502601,0.975145722892732,5000
2,20,"balanced","50_50","balanced",0.1,"independent","mlma_cr2",0.0532078933909815,0.0545652502502601,0.975124152220449,5000
3,20,"balanced","50_50","moderate",0,"independent","aggregate_hksj",0.0540261666015698,0.054630154217881,0.988944061664144,5000
3,20,"balanced","50_50","moderate",0,"independent","che_rve",0.0540273366202645,0.0546300850562496,0.988966730779123,5000
3,20,"balanced","50_50","moderate",0,"independent","mlma",0.0541319774685822,0.0546794759889749,0.989987129348075,5000
3,20,"balanced","50_50","moderate",0,"independent","mlma_cr2",0.0541352586144519,0.0546794759889749,0.990047136248476,5000
4,20,"balanced","50_50","moderate",0.1,"independent","aggregate_hksj",0.054268968878902,0.0551483419834685,0.984054405392095,5000
4,20,"balanced","50_50","moderate",0.1,"independent","che_rve",0.054282341963357,0.0551492261200817,0.984281118381659,5000
4,20,"balanced","50_50","moderate",0.1,"independent","mlma",0.0543677990758873,0.0552188182122405,0.984588240677623,5000
4,20,"balanced","50_50","moderate",0.1,"independent","mlma_cr2",0.0543640667810199,0.0552188182122405,0.984520649682592,5000
5,20,"balanced","50_50","severe",0,"independent","aggregate_hksj",0.0561632189380473,0.0563698264089439,0.996334786107062,5000
5,20,"balanced","50_50","severe",0,"independent","che_rve",0.0561816015981375,0.056369284433419,0.996670476888824,5000
5,20,"balanced","50_50","severe",0,"independent","mlma",0.0567171840526407,0.0567861625738147,0.998785293493211,5000
5,20,"balanced","50_50","severe",0,"independent","mlma_cr2",0.0567115207572842,0.0567861625738147,0.998685563293109,5000
6,20,"balanced","50_50","severe",0.1,"independent","aggregate_hksj",0.0562152617329294,0.0570747616307959,0.98494080617583,5000
6,20,"balanced","50_50","severe",0.1,"independent","che_rve",0.0562429538718606,0.0570756693105166,0.985410325472914,5000
6,20,"balanced","50_50","severe",0.1,"independent","mlma",0.0567661242937597,0.0573457599561414,0.989892266440885,5000
6,20,"balanced","50_50","severe",0.1,"independent","mlma_cr2",0.0567747628125403,0.0573457599561414,0.990042905630028,5000
7,20,"balanced","50_50","extreme",0,"independent","aggregate_hksj",0.0599910709615429,0.0623245491285384,0.96255924511892,5000
7,20,"balanced","50_50","extreme",0,"independent","che_rve",0.0601183263817984,0.062310139923192,0.964824127435833,5000
7,20,"balanced","50_50","extreme",0,"independent","mlma",0.0620301396812512,0.0636363203137898,0.974760001448566,5000
7,20,"balanced","50_50","extreme",0,"independent","mlma_cr2",0.062044176578246,0.0636363203137898,0.974980581408652,5000
8,20,"balanced","50_50","extreme",0.1,"independent","aggregate_hksj",0.0604056672530595,0.061744452447507,0.97831732015786,5000
8,20,"balanced","50_50","extreme",0.1,"independent","che_rve",0.0604652578965453,0.0617500219540124,0.979194111729646,5000
8,20,"balanced","50_50","extreme",0.1,"independent","mlma",0.0624436935131859,0.0627560370779926,0.995022892149507,5000
8,20,"balanced","50_50","extreme",0.1,"independent","mlma_cr2",0.0624536195239999,0.0627560370779926,0.99518106037166,5000
9,20,"balanced","70_30","balanced",0,"independent","aggregate_hksj",0.0582783419512559,0.059337172555577,0.982155695010083,5000
9,20,"balanced","70_30","balanced",0,"independent","che_rve",0.0573601243213642,0.059337172555577,0.966681118276051,5000
9,20,"balanced","70_30","balanced",0,"independent","mlma",0.058278340601363,0.059337172555577,0.982155672260551,5000
9,20,"balanced","70_30","balanced",0,"independent","mlma_cr2",0.0573601243213642,0.059337172555577,0.966681118276051,5000
10,20,"balanced","70_30","balanced",0.1,"independent","aggregate_hksj",0.0580047490509611,0.0595158587803554,0.974609965135998,5000
10,20,"balanced","70_30","balanced",0.1,"independent","che_rve",0.0574349887913091,0.0595158587803554,0.965036714050859,5000
10,20,"balanced","70_30","balanced",0.1,"independent","mlma",0.0580047476852797,0.0595158587803554,0.974609942189484,5000
10,20,"balanced","70_30","balanced",0.1,"independent","mlma_cr2",0.0574349887913091,0.0595158587803554,0.965036714050859,5000
11,20,"balanced","70_30","moderate",0,"independent","aggregate_hksj",0.0587687835996945,0.0597800012556644,0.98308434869974,5000
11,20,"balanced","70_30","moderate",0,"independent","che_rve",0.0579626404778244,0.059779499800873,0.969607318075584,5000
11,20,"balanced","70_30","moderate",0,"independent","mlma",0.0588708131323483,0.0597717770752849,0.984926599358058,5000
11,20,"balanced","70_30","moderate",0,"independent","mlma_cr2",0.058067441652648,0.0597717770752849,0.971485950292389,5000
12,20,"balanced","70_30","moderate",0.1,"independent","aggregate_hksj",0.0588839781422817,0.0587965236420314,1.00148740937105,5000
12,20,"balanced","70_30","moderate",0.1,"independent","che_rve",0.0581675561617008,0.0587964414386415,0.98930402484312,5000
12,20,"balanced","70_30","moderate",0.1,"independent","mlma",0.058999337578368,0.0588535162721077,1.00247769913332,5000
12,20,"balanced","70_30","moderate",0.1,"independent","mlma_cr2",0.058272391294698,0.0588535162721077,0.990125908964847,5000
13,20,"balanced","70_30","severe",0,"independent","aggregate_hksj",0.0613508645910731,0.0639744210265678,0.958990540384801,5000
13,20,"balanced","70_30","severe",0,"independent","che_rve",0.060759040458467,0.063971994804354,0.949775611098057,5000
13,20,"balanced","70_30","severe",0,"independent","mlma",0.0619279951522294,0.0642760250936833,0.963469583907349,5000
13,20,"balanced","70_30","severe",0,"independent","mlma_cr2",0.0613139988766053,0.0642760250936833,0.953917090971933,5000
14,20,"balanced","70_30","severe",0.1,"independent","aggregate_hksj",0.0611339922588572,0.0625116873935766,0.977960999100131,5000
14,20,"balanced","70_30","severe",0.1,"independent","che_rve",0.0605016855930049,0.0625105156068655,0.967864126629601,5000
14,20,"balanced","70_30","severe",0.1,"independent","mlma",0.0617043448919682,0.0628939571342728,0.981085428608588,5000
14,20,"balanced","70_30","severe",0.1,"independent","mlma_cr2",0.0611243782488558,0.0628939571342728,0.97186408732974,5000
15,20,"balanced","70_30","extreme",0,"independent","aggregate_hksj",0.0657690769765746,0.067291005505952,0.977382883225859,5000
15,20,"balanced","70_30","extreme",0,"independent","che_rve",0.0651384079999857,0.0672652074152767,0.96838187977091,5000
15,20,"balanced","70_30","extreme",0,"independent","mlma",0.0678458420876965,0.0686591316552058,0.988154677347313,5000
15,20,"balanced","70_30","extreme",0,"independent","mlma_cr2",0.0672238632055247,0.0686591316552058,0.979095738395167,5000
16,20,"balanced","70_30","extreme",0.1,"independent","aggregate_hksj",0.0657782432796804,0.0678366060377871,0.969657049809359,5000
16,20,"balanced","70_30","extreme",0.1,"independent","che_rve",0.0648081915691071,0.0678286137963044,0.955469792788808,5000
16,20,"balanced","70_30","extreme",0.1,"independent","mlma",0.0679043009359869,0.0693296991109231,0.979440294805612,5000
16,20,"balanced","70_30","extreme",0.1,"independent","mlma_cr2",0.0670311457284261,0.0693296991109231,0.966846049932808,5000
17,20,"balanced","85_15","balanced",0,"independent","aggregate_hksj",0.0745773486046033,0.0755826525224136,0.986699277092555,5000
17,20,"balanced","85_15","balanced",0,"independent","che_rve",0.0704203164082013,0.0755826525224136,0.93169945824961,5000
17,20,"balanced","85_15","balanced",0,"independent","mlma",0.0745773876651437,0.0755826525224136,0.986699793884955,5000
17,20,"balanced","85_15","balanced",0,"independent","mlma_cr2",0.0704203164082013,0.0755826525224136,0.93169945824961,5000
18,20,"balanced","85_15","balanced",0.1,"independent","aggregate_hksj",0.0746347578576569,0.0758833023480023,0.983546518776694,5000
18,20,"balanced","85_15","balanced",0.1,"independent","che_rve",0.0699249880333659,0.0758833023480023,0.921480561200257,5000
18,20,"balanced","85_15","balanced",0.1,"independent","mlma",0.0746353026679133,0.0758833023480023,0.983553698356911,5000
18,20,"balanced","85_15","balanced",0.1,"independent","mlma_cr2",0.0699249880333659,0.0758833023480023,0.921480561200257,5000
19,20,"balanced","85_15","moderate",0,"independent","aggregate_hksj",0.0756091089696087,0.0779009820087532,0.970579664337389,5000
19,20,"balanced","85_15","moderate",0,"independent","che_rve",0.0708050673307095,0.0779009060111607,0.908911987757438,5000
19,20,"balanced","85_15","moderate",0,"independent","mlma",0.0757164391349097,0.077978504550653,0.97099116700457,5000
19,20,"balanced","85_15","moderate",0,"independent","mlma_cr2",0.0710272545563774,0.077978504550653,0.910856844019621,5000
20,20,"balanced","85_15","moderate",0.1,"independent","aggregate_hksj",0.0756889727853858,0.0763386140862218,0.991490003995851,5000
20,20,"balanced","85_15","moderate",0.1,"independent","che_rve",0.0712738962763564,0.0763379624470141,0.93366254471132,5000
20,20,"balanced","85_15","moderate",0.1,"independent","mlma",0.0758120911954806,0.0764690515559184,0.991408807261622,5000
20,20,"balanced","85_15","moderate",0.1,"independent","mlma_cr2",0.0713958039414505,0.0764690515559184,0.933656198014197,5000
21,20,"balanced","85_15","severe",0,"independent","aggregate_hksj",0.0787945501101592,0.0794764382692834,0.991420247635986,5000
21,20,"balanced","85_15","severe",0,"independent","che_rve",0.0734864635876178,0.0794746258558011,0.924653155599018,5000
21,20,"balanced","85_15","severe",0,"independent","mlma",0.0793747632104233,0.0799228386624176,0.993142442621323,5000
21,20,"balanced","85_15","severe",0,"independent","mlma_cr2",0.0742397318694333,0.0799228386624176,0.928892580792971,5000
22,20,"balanced","85_15","severe",0.1,"independent","aggregate_hksj",0.078828354028674,0.0791178441248366,0.996341026485684,5000
22,20,"balanced","85_15","severe",0.1,"independent","che_rve",0.073621707995718,0.0791208409929449,0.930497035569714,5000
22,20,"balanced","85_15","severe",0.1,"independent","mlma",0.079414753156454,0.0796328388696352,0.997261359556223,5000
22,20,"balanced","85_15","severe",0.1,"independent","mlma_cr2",0.0743718435572222,0.0796328388696352,0.933934349357736,5000
23,20,"balanced","85_15","extreme",0,"independent","aggregate_hksj",0.0858277169223181,0.0866075858448249,0.990995373962922,5000
23,20,"balanced","85_15","extreme",0,"independent","che_rve",0.0797203115239466,0.0865851864454125,0.920715364795178,5000
23,20,"balanced","85_15","extreme",0,"independent","mlma",0.0877832923700164,0.0882517800684086,0.994691464602425,5000
23,20,"balanced","85_15","extreme",0,"independent","mlma_cr2",0.0828661958370282,0.0882517800684086,0.938974780710306,5000
24,20,"balanced","85_15","extreme",0.1,"independent","aggregate_hksj",0.0852331229011925,0.0874077717535267,0.975120646497358,5000
24,20,"balanced","85_15","extreme",0.1,"independent","che_rve",0.0790422335695855,0.0873906015787619,0.904470642627945,5000
24,20,"balanced","85_15","extreme",0.1,"independent","mlma",0.0871382905352607,0.0891499161635805,0.97743547369547,5000
24,20,"balanced","85_15","extreme",0.1,"independent","mlma_cr2",0.082292543437285,0.0891499161635805,0.923080435502453,5000
25,20,"moderate","50_50","balanced",0,"independent","aggregate_hksj",0.0565136047553956,0.0573122764070481,0.986064562398812,5000
25,20,"moderate","50_50","balanced",0,"independent","che_rve",0.0551969851249082,0.0563256811975981,0.979961253043167,5000
25,20,"moderate","50_50","balanced",0,"independent","mlma",0.0552029636041618,0.0563326262356452,0.979946565481292,5000
25,20,"moderate","50_50","balanced",0,"independent","mlma_cr2",0.05519372181439,0.0563326262356452,0.9797825079823,5000
26,20,"moderate","50_50","balanced",0.1,"independent","aggregate_hksj",0.0562682808250639,0.0569530043957163,0.987977393327753,5000
26,20,"moderate","50_50","balanced",0.1,"independent","che_rve",0.0550081167082802,0.0561726644435682,0.97926842625637,5000
26,20,"moderate","50_50","balanced",0.1,"independent","mlma",0.055027701154663,0.0561730596046849,0.979610182210435,5000
26,20,"moderate","50_50","balanced",0.1,"independent","mlma_cr2",0.0550037568867721,0.0561730596046849,0.979183923287397,5000
27,20,"moderate","50_50","moderate",0,"independent","aggregate_hksj",0.0574726043746137,0.0579564973973698,0.991650754540284,5000
27,20,"moderate","50_50","moderate",0,"independent","che_rve",0.0562035126513104,0.0572311274638258,0.98204447722675,5000
27,20,"moderate","50_50","moderate",0,"independent","mlma",0.0563093984824546,0.057221571328172,0.984058933990365,5000
27,20,"moderate","50_50","moderate",0,"independent","mlma_cr2",0.0562897855962188,0.057221571328172,0.983716180623399,5000
28,20,"moderate","50_50","moderate",0.1,"independent","aggregate_hksj",0.0574502333084022,0.0578979516843852,0.992267111996922,5000
28,20,"moderate","50_50","moderate",0.1,"independent","che_rve",0.0562087682764383,0.0574642835847093,0.978151379779751,5000
28,20,"moderate","50_50","moderate",0.1,"independent","mlma",0.0563434121854425,0.0575363349394381,0.979266618993871,5000
28,20,"moderate","50_50","moderate",0.1,"independent","mlma_cr2",0.0563061923131844,0.0575363349394381,0.978619725647306,5000
29,20,"moderate","50_50","severe",0,"independent","aggregate_hksj",0.0592747204666063,0.0596887634207656,0.993063301525605,5000
29,20,"moderate","50_50","severe",0,"independent","che_rve",0.0581802912900742,0.0591107303306648,0.984259388517352,5000
29,20,"moderate","50_50","severe",0,"independent","mlma",0.0586804132375129,0.0592579782807395,0.9902533792076,5000
29,20,"moderate","50_50","severe",0,"independent","mlma_cr2",0.0586694439998103,0.0592579782807395,0.99006826931994,5000
30,20,"moderate","50_50","severe",0.1,"independent","aggregate_hksj",0.0593976373302603,0.0592392339313634,1.00267396096108,5000
30,20,"moderate","50_50","severe",0.1,"independent","che_rve",0.05824558539863,0.0585026550031767,0.995605847212699,5000
30,20,"moderate","50_50","severe",0.1,"independent","mlma",0.058783199668677,0.0588676515115214,0.998565394734189,5000
30,20,"moderate","50_50","severe",0.1,"independent","mlma_cr2",0.0587586158280995,0.0588676515115214,0.99814778268502,5000
31,20,"moderate","50_50","extreme",0,"independent","aggregate_hksj",0.0636498849929356,0.0651210333645071,0.977409013715477,5000
31,20,"moderate","50_50","extreme",0,"independent","che_rve",0.0625344144165848,0.064320129459797,0.972237073242703,5000
31,20,"moderate","50_50","extreme",0,"independent","mlma",0.0645516270729922,0.0650906589133257,0.991718752746823,5000
31,20,"moderate","50_50","extreme",0,"independent","mlma_cr2",0.064519988754526,0.0650906589133257,0.99123268732677,5000
32,20,"moderate","50_50","extreme",0.1,"independent","aggregate_hksj",0.0634800653156196,0.0658399618835199,0.964157078765092,4999
32,20,"moderate","50_50","extreme",0.1,"independent","che_rve",0.0623649269249026,0.0656179195321949,0.950425240079484,5000
32,20,"moderate","50_50","extreme",0.1,"independent","mlma",0.064321814058518,0.0667839447512977,0.963132895159928,5000
32,20,"moderate","50_50","extreme",0.1,"independent","mlma_cr2",0.0643035586260861,0.0667839447512977,0.962859544543999,5000
33,20,"moderate","70_30","balanced",0,"independent","aggregate_hksj",0.0618593046898723,0.0613653133846357,1.00805000867738,5000
33,20,"moderate","70_30","balanced",0,"independent","che_rve",0.0597922757775198,0.0606264350496117,0.986240997488812,5000
33,20,"moderate","70_30","balanced",0,"independent","mlma",0.0606134771013471,0.0606308269938121,0.999713843710778,5000
33,20,"moderate","70_30","balanced",0,"independent","mlma_cr2",0.0597880553987456,0.0606308269938121,0.986099948873326,5000
34,20,"moderate","70_30","balanced",0.1,"independent","aggregate_hksj",0.0616773539282377,0.062602204920873,0.985226542838159,5000
34,20,"moderate","70_30","balanced",0.1,"independent","che_rve",0.0598258537064788,0.0616928252093977,0.969737623514857,5000
34,20,"moderate","70_30","balanced",0.1,"independent","mlma",0.0604232812417319,0.0616960664883455,0.979370074640754,5000
34,20,"moderate","70_30","balanced",0.1,"independent","mlma_cr2",0.0598216584252254,0.0616960664883455,0.969618677983722,5000
35,20,"moderate","70_30","moderate",0,"independent","aggregate_hksj",0.0627004134252298,0.0631076259928897,0.993547331859611,5000
35,20,"moderate","70_30","moderate",0,"independent","che_rve",0.0606985952980471,0.0623279113554581,0.973858965879363,5000
35,20,"moderate","70_30","moderate",0,"independent","mlma",0.0613930536908418,0.0624099824056128,0.983705672144533,5000
35,20,"moderate","70_30","moderate",0,"independent","mlma_cr2",0.0607841292147471,0.0624099824056128,0.97394882792469,5000
36,20,"moderate","70_30","moderate",0.1,"independent","aggregate_hksj",0.0627304595973905,0.0627839787516347,0.999147566699206,5000
36,20,"moderate","70_30","moderate",0.1,"independent","che_rve",0.0608135291574876,0.0620526830224961,0.980030615846872,5000
36,20,"moderate","70_30","moderate",0.1,"independent","mlma",0.0615639676355042,0.0621404871781321,0.990722320200431,5000
36,20,"moderate","70_30","moderate",0.1,"independent","mlma_cr2",0.060918230263944,0.0621404871781321,0.980330747799185,5000
37,20,"moderate","70_30","severe",0,"independent","aggregate_hksj",0.0646316285445394,0.0649219733627154,0.995527788156501,5000
37,20,"moderate","70_30","severe",0,"independent","che_rve",0.0626692091203581,0.064105501330286,0.977594868145125,5000
37,20,"moderate","70_30","severe",0,"independent","mlma",0.0639433112785172,0.064662119684249,0.988883624458311,5000
37,20,"moderate","70_30","severe",0,"independent","mlma_cr2",0.0632177628495561,0.064662119684249,0.97766301442412,5000
38,20,"moderate","70_30","severe",0.1,"independent","aggregate_hksj",0.0648678471367614,0.0664151411341476,0.976702692022276,5000
38,20,"moderate","70_30","severe",0.1,"independent","che_rve",0.0627968839605352,0.0657157096469084,0.955584049810067,5000
38,20,"moderate","70_30","severe",0.1,"independent","mlma",0.0642320646305409,0.0658037440293083,0.976115653874232,5000
38,20,"moderate","70_30","severe",0.1,"independent","mlma_cr2",0.0634195393919065,0.0658037440293083,0.96376794857843,5000
39,20,"moderate","70_30","extreme",0,"independent","aggregate_hksj",0.0695000781658428,0.0708932845018737,0.9803478376574,5000
39,20,"moderate","70_30","extreme",0,"independent","che_rve",0.067295215204643,0.0699614638156089,0.961889753793701,5000
39,20,"moderate","70_30","extreme",0,"independent","mlma",0.0705375671226857,0.0715147704376734,0.986335643545982,5000
39,20,"moderate","70_30","extreme",0,"independent","mlma_cr2",0.0697743961423537,0.0715147704376734,0.975664128058182,5000
40,20,"moderate","70_30","extreme",0.1,"independent","aggregate_hksj",0.0697403804268677,0.0718489156316626,0.970653207689252,4999
40,20,"moderate","70_30","extreme",0.1,"independent","che_rve",0.0676398684403682,0.0714342938979831,0.946882299095251,5000
40,20,"moderate","70_30","extreme",0.1,"independent","mlma",0.0706885017814708,0.0725785154429983,0.973959047660435,5000
40,20,"moderate","70_30","extreme",0.1,"independent","mlma_cr2",0.0698944084521829,0.0725785154429983,0.963017885190509,5000
41,20,"moderate","85_15","balanced",0,"independent","aggregate_hksj",0.0795366096497296,0.0798598312911216,0.995952638063888,5000
41,20,"moderate","85_15","balanced",0,"independent","che_rve",0.0727725101478494,0.0791367008587966,0.919579782302237,5000
41,20,"moderate","85_15","balanced",0,"independent","mlma",0.0781243177948648,0.0791346069071907,0.987233283239647,5000
41,20,"moderate","85_15","balanced",0,"independent","mlma_cr2",0.0727666961418613,0.0791346069071907,0.919530645134843,5000
42,20,"moderate","85_15","balanced",0.1,"independent","aggregate_hksj",0.0788843090200347,0.0793785537625962,0.993773573350307,5000
42,20,"moderate","85_15","balanced",0.1,"independent","che_rve",0.0729262733394707,0.0787005142006166,0.926630201596565,5000
42,20,"moderate","85_15","balanced",0.1,"independent","mlma",0.0776313875934305,0.0787004751531829,0.986415741993024,5000
42,20,"moderate","85_15","balanced",0.1,"independent","mlma_cr2",0.0729188240260206,0.0787004751531829,0.926536007363248,5000
43,20,"moderate","85_15","moderate",0,"independent","aggregate_hksj",0.0804634820912861,0.0815327207651294,0.986885772192941,5000
43,20,"moderate","85_15","moderate",0,"independent","che_rve",0.0734564203646288,0.0805131674031086,0.912352882564556,5000
43,20,"moderate","85_15","moderate",0,"independent","mlma",0.0791634134208891,0.0806535352459033,0.981524407820798,5000
43,20,"moderate","85_15","moderate",0,"independent","mlma_cr2",0.0735625462072921,0.0806535352459033,0.912080865184749,5000
44,20,"moderate","85_15","moderate",0.1,"independent","aggregate_hksj",0.0803202096860314,0.0814507573186207,0.986119863463432,5000
44,20,"moderate","85_15","moderate",0.1,"independent","che_rve",0.0740800277821626,0.080334522402344,0.922144372890441,5000
44,20,"moderate","85_15","moderate",0.1,"independent","mlma",0.0790418051904424,0.0804010525331125,0.983094159841871,5000
44,20,"moderate","85_15","moderate",0.1,"independent","mlma_cr2",0.0741997355130183,0.0804010525331125,0.922870201014592,5000
45,20,"moderate","85_15","severe",0,"independent","aggregate_hksj",0.083359353118046,0.0838635972050659,0.993987330572204,5000
45,20,"moderate","85_15","severe",0,"independent","che_rve",0.0765554854144389,0.0829333326818456,0.923096696332296,5000
45,20,"moderate","85_15","severe",0,"independent","mlma",0.0826423436859609,0.0831861119992468,0.993463232020138,5000
45,20,"moderate","85_15","severe",0,"independent","mlma_cr2",0.0772786909488094,0.0831861119992468,0.928985489182486,5000
46,20,"moderate","85_15","severe",0.1,"independent","aggregate_hksj",0.0828519879130531,0.0844151948242074,0.981481924973228,5000
46,20,"moderate","85_15","severe",0.1,"independent","che_rve",0.0769377365248134,0.0838412937695394,0.917659223345213,5000
46,20,"moderate","85_15","severe",0.1,"independent","mlma",0.0822760975707165,0.084282617691703,0.976192954420018,5000
46,20,"moderate","85_15","severe",0.1,"independent","mlma_cr2",0.0775957334978534,0.084282617691703,0.920661170986531,5000
47,20,"moderate","85_15","extreme",0,"independent","aggregate_hksj",0.090169577339289,0.0929368270487819,0.970224400839074,5000
47,20,"moderate","85_15","extreme",0,"independent","che_rve",0.0829469354434732,0.0920246208275834,0.901355905599241,5000
47,20,"moderate","85_15","extreme",0,"independent","mlma",0.0912751112911079,0.0937560770265897,0.973538080792586,5000
47,20,"moderate","85_15","extreme",0,"independent","mlma_cr2",0.085464041752383,0.0937560770265897,0.91155735673694,5000
48,20,"moderate","85_15","extreme",0.1,"independent","aggregate_hksj",0.0898995446802793,0.0931771847440912,0.964823577007464,5000
48,20,"moderate","85_15","extreme",0.1,"independent","che_rve",0.0824402809274846,0.092455843579551,0.891671934792864,5000
48,20,"moderate","85_15","extreme",0.1,"independent","mlma",0.0907345290939346,0.0937834476234829,0.967489801166311,5000
48,20,"moderate","85_15","extreme",0.1,"independent","mlma_cr2",0.0851635489343332,0.0937834476234829,0.908087206137309,5000
49,20,"severe","50_50","balanced",0,"independent","aggregate_hksj",0.0610291628014728,0.0614676703744559,0.992866045348526,5000
49,20,"severe","50_50","balanced",0,"independent","che_rve",0.0590601140032538,0.0601461532726783,0.981943329534296,5000
49,20,"severe","50_50","balanced",0,"independent","mlma",0.0590058385352636,0.0601814306638444,0.980465866038524,5000
49,20,"severe","50_50","balanced",0,"independent","mlma_cr2",0.0590128518657606,0.0601814306638444,0.980582402492039,5000
50,20,"severe","50_50","balanced",0.1,"independent","aggregate_hksj",0.060828106120378,0.060458291042367,1.00611686290888,5000
50,20,"severe","50_50","balanced",0.1,"independent","che_rve",0.0587368750582897,0.0596771393343309,0.984244146309133,5000
50,20,"severe","50_50","balanced",0.1,"independent","mlma",0.0586906330428751,0.0597269985886596,0.982648290215921,5000
50,20,"severe","50_50","balanced",0.1,"independent","mlma_cr2",0.0586589461523996,0.0597269985886596,0.982117761456328,5000
51,20,"severe","50_50","moderate",0,"independent","aggregate_hksj",0.0617795117143409,0.0612481731551394,1.00867517399834,5000
51,20,"severe","50_50","moderate",0,"independent","che_rve",0.0597817612033011,0.0604445781616333,0.989034302521563,5000
51,20,"severe","50_50","moderate",0,"independent","mlma",0.0598625122929385,0.0605588076273269,0.988502162415856,5000
51,20,"severe","50_50","moderate",0,"independent","mlma_cr2",0.0597826087276371,0.0605588076273269,0.987182724857028,5000
52,20,"severe","50_50","moderate",0.1,"independent","aggregate_hksj",0.0618413156922607,0.0627692555602682,0.985216650098445,5000
52,20,"severe","50_50","moderate",0.1,"independent","che_rve",0.0598746711799898,0.0617669853815674,0.969363662644571,5000
52,20,"severe","50_50","moderate",0.1,"independent","mlma",0.0599349357299298,0.0618743319609532,0.968655884119326,5000
52,20,"severe","50_50","moderate",0.1,"independent","mlma_cr2",0.059889778055192,0.0618743319609532,0.967926055233798,5000
53,20,"severe","50_50","severe",0,"independent","aggregate_hksj",0.0638246641991602,0.0653094275144007,0.977265712290725,5000
53,20,"severe","50_50","severe",0,"independent","che_rve",0.061753885884642,0.0645705269980233,0.956378842726999,5000
53,20,"severe","50_50","severe",0,"independent","mlma",0.0621126280220155,0.0648587700702461,0.957659665065243,5000
53,20,"severe","50_50","severe",0,"independent","mlma_cr2",0.0620656550232156,0.0648587700702461,0.956935429950254,5000
54,20,"severe","50_50","severe",0.1,"independent","aggregate_hksj",0.0642070065308058,0.0659352895123744,0.973788194541191,5000
54,20,"severe","50_50","severe",0.1,"independent","che_rve",0.062175703260965,0.0647247312726801,0.960617402937121,5000
54,20,"severe","50_50","severe",0.1,"independent","mlma",0.0625737743137337,0.0651035646610166,0.96114206095388,5000
54,20,"severe","50_50","severe",0.1,"independent","mlma_cr2",0.0625071231934956,0.0651035646610166,0.960118290280413,5000
55,20,"severe","50_50","extreme",0,"independent","aggregate_hksj",0.0682272608675724,0.0712578887374758,0.957469580932033,4999
55,20,"severe","50_50","extreme",0,"independent","che_rve",0.0661535879176334,0.070316666687308,0.940795277054478,5000
55,20,"severe","50_50","extreme",0,"independent","mlma",0.0676923562957821,0.0715829166787297,0.945649596810803,5000
55,20,"severe","50_50","extreme",0,"independent","mlma_cr2",0.067631359307092,0.0715829166787297,0.944797480251152,5000
56,20,"severe","50_50","extreme",0.1,"independent","aggregate_hksj",0.068723531663915,0.0708792011242225,0.969586713364201,5000
56,20,"severe","50_50","extreme",0.1,"independent","che_rve",0.0667036904275786,0.0702014598797297,0.950175260483991,5000
56,20,"severe","50_50","extreme",0.1,"independent","mlma",0.0685439029543651,0.0714289519563597,0.959609529147827,5000
56,20,"severe","50_50","extreme",0.1,"independent","mlma_cr2",0.0684292266676722,0.0714289519563597,0.958004069687034,5000
57,20,"severe","70_30","balanced",0,"independent","aggregate_hksj",0.0666874803574678,0.066413820606878,1.00412052413322,5000
57,20,"severe","70_30","balanced",0,"independent","che_rve",0.0639517565752729,0.0654842662918261,0.976597283541001,5000
57,20,"severe","70_30","balanced",0,"independent","mlma",0.0645418680372527,0.0655521304255865,0.984588412584383,5000
57,20,"severe","70_30","balanced",0,"independent","mlma_cr2",0.0638732285794966,0.0655521304255865,0.9743882947024,5000
58,20,"severe","70_30","balanced",0.1,"independent","aggregate_hksj",0.0665517400830385,0.0671979360568022,0.990383693135791,5000
58,20,"severe","70_30","balanced",0.1,"independent","che_rve",0.0634775723074872,0.0661445035056609,0.959680229545521,5000
58,20,"severe","70_30","balanced",0.1,"independent","mlma",0.0643221617332284,0.066168350555644,0.972098611996334,5000
58,20,"severe","70_30","balanced",0.1,"independent","mlma_cr2",0.0634063201716979,0.066168350555644,0.958257530061545,5000
59,20,"severe","70_30","moderate",0,"independent","aggregate_hksj",0.0673526313443931,0.0676311264276207,0.995882146314306,5000
59,20,"severe","70_30","moderate",0,"independent","che_rve",0.0646250495959208,0.0667500674152131,0.968164559204506,5000
59,20,"severe","70_30","moderate",0,"independent","mlma",0.065457314310406,0.0667707575018049,0.980329065588879,5000
59,20,"severe","70_30","moderate",0,"independent","mlma_cr2",0.0646492622564547,0.0667707575018049,0.968227180209947,5000
60,20,"severe","70_30","moderate",0.1,"independent","aggregate_hksj",0.0674510062117541,0.0679958024835008,0.991987795542543,5000
60,20,"severe","70_30","moderate",0.1,"independent","che_rve",0.064572599113477,0.0672506966576745,0.960177400721515,5000
60,20,"severe","70_30","moderate",0.1,"independent","mlma",0.0654455227659053,0.0673634392942659,0.971528821146105,5000
60,20,"severe","70_30","moderate",0.1,"independent","mlma_cr2",0.0646014171092623,0.0673634392942659,0.958998201191329,5000
61,20,"severe","70_30","severe",0,"independent","aggregate_hksj",0.0698450210399816,0.0703727754779119,0.992500587985251,5000
61,20,"severe","70_30","severe",0,"independent","che_rve",0.0668845407603971,0.0693137278392505,0.964953737815298,5000
61,20,"severe","70_30","severe",0,"independent","mlma",0.06836740958614,0.0695733583476782,0.982666515025598,5000
61,20,"severe","70_30","severe",0,"independent","mlma_cr2",0.0672559678202416,0.0695733583476782,0.966691409147509,5000
62,20,"severe","70_30","severe",0.1,"independent","aggregate_hksj",0.0696190364501345,0.069631440162983,0.999821866202689,5000
62,20,"severe","70_30","severe",0.1,"independent","che_rve",0.0665269935234467,0.0688261457281062,0.966594784869369,5000
62,20,"severe","70_30","severe",0.1,"independent","mlma",0.0680304063453721,0.0690654879533504,0.985013041409664,5000
62,20,"severe","70_30","severe",0.1,"independent","mlma_cr2",0.0668668200973795,0.0690654879533504,0.968165462648205,5000
63,20,"severe","70_30","extreme",0,"independent","aggregate_hksj",0.0748267207501696,0.0770153731408008,0.971581616742545,5000
63,20,"severe","70_30","extreme",0,"independent","che_rve",0.0719163772910495,0.0759547622547917,0.946831708192367,5000
63,20,"severe","70_30","extreme",0,"independent","mlma",0.0747400316207801,0.0768948966498057,0.97197648838987,5000
63,20,"severe","70_30","extreme",0,"independent","mlma_cr2",0.0738119767414532,0.0768948966498057,0.959907353508873,5000
64,20,"severe","70_30","extreme",0.1,"independent","aggregate_hksj",0.0747664442763998,0.07692964685989,0.971880768055131,5000
64,20,"severe","70_30","extreme",0.1,"independent","che_rve",0.0717998641777899,0.0760517661245961,0.944092002546788,5000
64,20,"severe","70_30","extreme",0.1,"independent","mlma",0.0744818332790508,0.0769703630037799,0.967668988067435,5000
64,20,"severe","70_30","extreme",0.1,"independent","mlma_cr2",0.0733042844068187,0.0769703630037799,0.95237025714974,5000
65,20,"severe","85_15","balanced",0,"independent","aggregate_hksj",0.0856329624120343,0.0861730399965224,0.99373263860124,5000
65,20,"severe","85_15","balanced",0,"independent","che_rve",0.0779605663152137,0.0853706629836037,0.913200900526997,5000
65,20,"severe","85_15","balanced",0,"independent","mlma",0.0831107582983105,0.0854476564081344,0.972651115220038,5000
65,20,"severe","85_15","balanced",0,"independent","mlma_cr2",0.0778681862417273,0.0854476564081344,0.911296921588998,5000
66,20,"severe","85_15","balanced",0.1,"independent","aggregate_hksj",0.085067640482719,0.0849909108110097,1.00090279855783,5000
66,20,"severe","85_15","balanced",0.1,"independent","che_rve",0.0765181898053972,0.0844606976879524,0.905962085325183,5000
66,20,"severe","85_15","balanced",0.1,"independent","mlma",0.0827205859808014,0.0845046131119585,0.978888405431861,5000
66,20,"severe","85_15","balanced",0.1,"independent","mlma_cr2",0.076443108881036,0.0845046131119585,0.904602791089736,5000
67,20,"severe","85_15","moderate",0,"independent","aggregate_hksj",0.0859916803118997,0.0870509422002244,0.987831701052835,5000
67,20,"severe","85_15","moderate",0,"independent","che_rve",0.0782480332610628,0.0858328957240286,0.91163221980355,5000
67,20,"severe","85_15","moderate",0,"independent","mlma",0.0840107470769202,0.0858057652467257,0.97908044797871,5000
67,20,"severe","85_15","moderate",0,"independent","mlma_cr2",0.0782620564527044,0.0858057652467257,0.912083893520089,5000
68,20,"severe","85_15","moderate",0.1,"independent","aggregate_hksj",0.0861800769069715,0.0863459262068128,0.998079245806641,5000
68,20,"severe","85_15","moderate",0.1,"independent","che_rve",0.0786778058204461,0.0858330601456371,0.916637548363645,5000
68,20,"severe","85_15","moderate",0.1,"independent","mlma",0.0839323726254683,0.0860348116797238,0.975562926062044,5000
68,20,"severe","85_15","moderate",0.1,"independent","mlma_cr2",0.0786597344112644,0.0860348116797238,0.91427798673037,5000
69,20,"severe","85_15","severe",0,"independent","aggregate_hksj",0.0895863188278076,0.0918023203243987,0.975861160276118,5000
69,20,"severe","85_15","severe",0,"independent","che_rve",0.0810352078056113,0.0908816964259069,0.891655976863029,5000
69,20,"severe","85_15","severe",0,"independent","mlma",0.0881137418975061,0.0912191149489441,0.965956992093422,5000
69,20,"severe","85_15","severe",0,"independent","mlma_cr2",0.0813692213692656,0.0912191149489441,0.892019412979489,5000
70,20,"severe","85_15","severe",0.1,"independent","aggregate_hksj",0.0899727964662213,0.0929267704899985,0.968211807983846,5000
70,20,"severe","85_15","severe",0.1,"independent","che_rve",0.0817639896199627,0.0919026499907767,0.889680434983849,5000
70,20,"severe","85_15","severe",0.1,"independent","mlma",0.088055396971688,0.0923418293668663,0.953580815708679,5000
70,20,"severe","85_15","severe",0.1,"independent","mlma_cr2",0.0819569247965257,0.0923418293668663,0.887538457473241,5000
71,20,"severe","85_15","extreme",0,"independent","aggregate_hksj",0.0966563053616154,0.0986384944441788,0.979904507933411,5000
71,20,"severe","85_15","extreme",0,"independent","che_rve",0.0885360920238555,0.0975994535206651,0.907137169626769,5000
71,20,"severe","85_15","extreme",0,"independent","mlma",0.0971306697925218,0.0991008762288284,0.980119182480714,5000
71,20,"severe","85_15","extreme",0,"independent","mlma_cr2",0.0899398859129558,0.0991008762288284,0.907558937271962,5000
72,20,"severe","85_15","extreme",0.1,"independent","aggregate_hksj",0.0974820923024925,0.100464002285451,0.97031862244064,5000
72,20,"severe","85_15","extreme",0.1,"independent","che_rve",0.0890571854544342,0.0998597246716327,0.891822861992457,5000
72,20,"severe","85_15","extreme",0.1,"independent","mlma",0.0975048133347866,0.100724714349476,0.968032661740618,5000
72,20,"severe","85_15","extreme",0.1,"independent","mlma_cr2",0.0908283066058822,0.100724714349476,0.901747969130426,5000
73,40,"balanced","50_50","balanced",0,"independent","aggregate_hksj",0.0380170110217851,0.0392272783363546,0.969147303460819,5000
73,40,"balanced","50_50","balanced",0,"independent","che_rve",0.0380170110217851,0.0392272783363546,0.969147303460819,5000
73,40,"balanced","50_50","balanced",0,"independent","mlma",0.0380170108234335,0.0392272783363546,0.969147298404348,5000
73,40,"balanced","50_50","balanced",0,"independent","mlma_cr2",0.0380170110217851,0.0392272783363546,0.969147303460819,5000
74,40,"balanced","50_50","balanced",0.1,"independent","aggregate_hksj",0.0379895138557197,0.0378622274347399,1.00336183129213,5000
74,40,"balanced","50_50","balanced",0.1,"independent","che_rve",0.0379895138557197,0.0378622274347398,1.00336183129213,5000
74,40,"balanced","50_50","balanced",0.1,"independent","mlma",0.0379895136283419,0.0378622274347399,1.00336182528673,5000
74,40,"balanced","50_50","balanced",0.1,"independent","mlma_cr2",0.0379895138557197,0.0378622274347399,1.00336183129213,5000
75,40,"balanced","50_50","moderate",0,"independent","aggregate_hksj",0.0385833728891883,0.038617668844576,0.999111910262483,5000
75,40,"balanced","50_50","moderate",0,"independent","che_rve",0.0385832967881476,0.0386176697219595,0.999109916935451,5000
75,40,"balanced","50_50","moderate",0,"independent","mlma",0.038644679696324,0.0386465731707982,0.999951005372048,5000
75,40,"balanced","50_50","moderate",0,"independent","mlma_cr2",0.0386436716775937,0.0386465731707982,0.999924922367848,5000
76,40,"balanced","50_50","moderate",0.1,"independent","aggregate_hksj",0.0384812197335607,0.0388333233035718,0.990932952936874,5000
76,40,"balanced","50_50","moderate",0.1,"independent","che_rve",0.0384853882008737,0.0388333219629065,0.991040329684771,5000
76,40,"balanced","50_50","moderate",0.1,"independent","mlma",0.0385430020468072,0.0388842804199134,0.99122323032802,5000
76,40,"balanced","50_50","moderate",0.1,"independent","mlma_cr2",0.0385436793245377,0.0388842804199134,0.991240648105158,5000
77,40,"balanced","50_50","severe",0,"independent","aggregate_hksj",0.0400780293151345,0.0406978801597819,0.984769456241607,5000
77,40,"balanced","50_50","severe",0,"independent","che_rve",0.0400816808540681,0.0406979103976566,0.984858447582017,5000
77,40,"balanced","50_50","severe",0,"independent","mlma",0.0404204481533452,0.0410558167700549,0.984524272887609,5000
77,40,"balanced","50_50","severe",0,"independent","mlma_cr2",0.0404187624374656,0.0410558167700549,0.984483213763417,5000
78,40,"balanced","50_50","severe",0.1,"independent","aggregate_hksj",0.0401169823721675,0.0399388867789186,1.00445920273729,5000
78,40,"balanced","50_50","severe",0.1,"independent","che_rve",0.0401241000804608,0.0399388888513821,1.00463736559542,5000
78,40,"balanced","50_50","severe",0.1,"independent","mlma",0.0404583935760809,0.0401449512376397,1.00780776483164,5000
78,40,"balanced","50_50","severe",0.1,"independent","mlma_cr2",0.0404580129366894,0.0401449512376397,1.00779828320619,5000
79,40,"balanced","50_50","extreme",0,"independent","aggregate_hksj",0.0428137962111425,0.0427878650237194,1.00060604069422,5000
79,40,"balanced","50_50","extreme",0,"independent","che_rve",0.0428312206251745,0.0427878496937768,1.00101362727289,5000
79,40,"balanced","50_50","extreme",0,"independent","mlma",0.0439538456548691,0.0437277438145193,1.00517067245246,5000
79,40,"balanced","50_50","extreme",0,"independent","mlma_cr2",0.0439580807846567,0.0437277438145193,1.005267524689,5000
80,40,"balanced","50_50","extreme",0.1,"independent","aggregate_hksj",0.0428241969361875,0.0432342380229726,0.990515824829219,5000
80,40,"balanced","50_50","extreme",0.1,"independent","che_rve",0.0428442912637761,0.0432342592150792,0.990980117194489,5000
80,40,"balanced","50_50","extreme",0.1,"independent","mlma",0.0439545420399313,0.0440498443338176,0.99783648965558,5000
80,40,"balanced","50_50","extreme",0.1,"independent","mlma_cr2",0.0439483329938522,0.0440498443338176,0.997695534649426,5000
81,40,"balanced","70_30","balanced",0,"independent","aggregate_hksj",0.0414373916303,0.0419947417962799,0.98672809637255,5000
81,40,"balanced","70_30","balanced",0,"independent","che_rve",0.0411447029142917,0.0419947417962799,0.979758444852173,5000
81,40,"balanced","70_30","balanced",0,"independent","mlma",0.0414373913136715,0.0419947417962799,0.986728088832831,5000
81,40,"balanced","70_30","balanced",0,"independent","mlma_cr2",0.0411447029142917,0.0419947417962799,0.979758444852173,5000
82,40,"balanced","70_30","balanced",0.1,"independent","aggregate_hksj",0.0415348707067932,0.0412080798505281,1.00793026167321,5000
82,40,"balanced","70_30","balanced",0.1,"independent","che_rve",0.0413732968866074,0.0412080798505281,1.00400933595253,5000
82,40,"balanced","70_30","balanced",0.1,"independent","mlma",0.041534870394466,0.0412080798505281,1.00793025409394,5000
82,40,"balanced","70_30","balanced",0.1,"independent","mlma_cr2",0.0413732968866074,0.0412080798505281,1.00400933595253,5000
83,40,"balanced","70_30","moderate",0,"independent","aggregate_hksj",0.0420789367937822,0.0420723816340938,1.00015580671771,5000
83,40,"balanced","70_30","moderate",0,"independent","che_rve",0.0418013061862397,0.0420723810731446,0.99355693973123,5000
83,40,"balanced","70_30","moderate",0,"independent","mlma",0.0421456131762324,0.0421196970692018,1.00061529661498,5000
83,40,"balanced","70_30","moderate",0,"independent","mlma_cr2",0.0418574333605737,0.0421196970692018,0.993773371441936,5000
84,40,"balanced","70_30","moderate",0.1,"independent","aggregate_hksj",0.0422303774161935,0.0423754246545939,0.996577090623099,5000
84,40,"balanced","70_30","moderate",0.1,"independent","che_rve",0.0419297194156751,0.042375467593677,0.989480985029453,5000
84,40,"balanced","70_30","moderate",0.1,"independent","mlma",0.0422971545522157,0.0424261323928737,0.996959943473902,5000
84,40,"balanced","70_30","moderate",0.1,"independent","mlma_cr2",0.0420010746951795,0.0424261323928737,0.989981229168898,5000
85,40,"balanced","70_30","severe",0,"independent","aggregate_hksj",0.0436091537556352,0.0448444788164623,0.972453129271878,5000
85,40,"balanced","70_30","severe",0,"independent","che_rve",0.0433124492391892,0.0448444699132898,0.965837021218829,5000
85,40,"balanced","70_30","severe",0,"independent","mlma",0.0439743151716315,0.0450411550559266,0.976314109108203,5000
85,40,"balanced","70_30","severe",0,"independent","mlma_cr2",0.0437005153339603,0.0450411550559266,0.970235227753337,5000
86,40,"balanced","70_30","severe",0.1,"independent","aggregate_hksj",0.0436382820134231,0.0445720917230026,0.979049452841864,5000
86,40,"balanced","70_30","severe",0.1,"independent","che_rve",0.0433284094206107,0.0445720949801884,0.972097215530692,5000
86,40,"balanced","70_30","severe",0.1,"independent","mlma",0.0440093799290969,0.0448558230586837,0.981129693496441,5000
86,40,"balanced","70_30","severe",0.1,"independent","mlma_cr2",0.0437057008537098,0.0448558230586837,0.974359578611027,5000
87,40,"balanced","70_30","extreme",0,"independent","aggregate_hksj",0.0466520370447737,0.0480900445945453,0.970097604152883,5000
87,40,"balanced","70_30","extreme",0,"independent","che_rve",0.046338129135269,0.0480902170772442,0.963566645183553,5000
87,40,"balanced","70_30","extreme",0,"independent","mlma",0.0478762970460959,0.0489307332937161,0.978450430299281,5000
87,40,"balanced","70_30","extreme",0,"independent","mlma_cr2",0.0476394461412989,0.0489307332937161,0.973609895754758,5000
88,40,"balanced","70_30","extreme",0.1,"independent","aggregate_hksj",0.0467200392495659,0.0477489302761767,0.978452061215618,5000
88,40,"balanced","70_30","extreme",0.1,"independent","che_rve",0.0465276859885013,0.0477484565672567,0.974433297607517,5000
88,40,"balanced","70_30","extreme",0.1,"independent","mlma",0.0479091981166214,0.0488671274651672,0.980397265027935,5000
88,40,"balanced","70_30","extreme",0.1,"independent","mlma_cr2",0.0476906844851547,0.0488671274651672,0.975925677627541,5000
89,40,"balanced","85_15","balanced",0,"independent","aggregate_hksj",0.0530707505024188,0.0531987064117289,0.997594755249877,5000
89,40,"balanced","85_15","balanced",0,"independent","che_rve",0.0514972412488666,0.0531987064117289,0.968016794436808,5000
89,40,"balanced","85_15","balanced",0,"independent","mlma",0.0530707502320971,0.0531987064117289,0.997594750168521,5000
89,40,"balanced","85_15","balanced",0,"independent","mlma_cr2",0.0514972412488666,0.0531987064117289,0.968016794436808,5000
90,40,"balanced","85_15","balanced",0.1,"independent","aggregate_hksj",0.0531076525000699,0.0529660743457697,1.0026729969334,5000
90,40,"balanced","85_15","balanced",0.1,"independent","che_rve",0.0516454610991496,0.0529660743457696,0.975066809029513,5000
90,40,"balanced","85_15","balanced",0.1,"independent","mlma",0.053107652347413,0.0529660743457696,1.00267299405123,5000
90,40,"balanced","85_15","balanced",0.1,"independent","mlma_cr2",0.0516454610991496,0.0529660743457696,0.975066809029513,5000
91,40,"balanced","85_15","moderate",0,"independent","aggregate_hksj",0.054041267405046,0.0548679346115649,0.984933509665138,5000
91,40,"balanced","85_15","moderate",0,"independent","che_rve",0.0524450834823975,0.0548679361815854,0.955842102550212,5000
91,40,"balanced","85_15","moderate",0,"independent","mlma",0.0541209111915186,0.0549118783399442,0.985595700377814,5000
91,40,"balanced","85_15","moderate",0,"independent","mlma_cr2",0.0525665635698304,0.0549118783399442,0.957289481966095,5000
92,40,"balanced","85_15","moderate",0.1,"independent","aggregate_hksj",0.0538984788322576,0.0546067475361357,0.987029648608729,5000
92,40,"balanced","85_15","moderate",0.1,"independent","che_rve",0.0524568399963245,0.0546067178450033,0.960629791836582,5000
92,40,"balanced","85_15","moderate",0.1,"independent","mlma",0.0539768336239304,0.054591898176896,0.988733409654074,5000
92,40,"balanced","85_15","moderate",0.1,"independent","mlma_cr2",0.0525404313394175,0.054591898176896,0.962421771252009,5000
93,40,"balanced","85_15","severe",0,"independent","aggregate_hksj",0.0562864505283087,0.0565146972407874,0.995961285760654,5000
93,40,"balanced","85_15","severe",0,"independent","che_rve",0.0545291754947404,0.0565144053313314,0.964872144987601,5000
93,40,"balanced","85_15","severe",0,"independent","mlma",0.0567250479755078,0.0567214440127127,1.00006353792393,5000
93,40,"balanced","85_15","severe",0,"independent","mlma_cr2",0.055120129917835,0.0567214440127127,0.971768805911942,5000
94,40,"balanced","85_15","severe",0.1,"independent","aggregate_hksj",0.0562337067601715,0.0556823996128277,1.00990092293395,5000
94,40,"balanced","85_15","severe",0.1,"independent","che_rve",0.0548336657882022,0.0556824015499927,0.984757558256022,5000
94,40,"balanced","85_15","severe",0.1,"independent","mlma",0.0566250863211246,0.056221339271751,1.00718138441032,5000
94,40,"balanced","85_15","severe",0.1,"independent","mlma_cr2",0.0553136955940459,0.056221339271751,0.983855886582176,5000
95,40,"balanced","85_15","extreme",0,"independent","aggregate_hksj",0.0604226244479061,0.0600080381172132,1.00690884660957,5000
95,40,"balanced","85_15","extreme",0,"independent","che_rve",0.0585261488717081,0.0600077333041417,0.975310108366793,5000
95,40,"balanced","85_15","extreme",0,"independent","mlma",0.0617546705042948,0.0614924162181547,1.004264823246,5000
95,40,"balanced","85_15","extreme",0,"independent","mlma_cr2",0.0602972150401257,0.0614924162181547,0.980563437712565,5000
96,40,"balanced","85_15","extreme",0.1,"independent","aggregate_hksj",0.0602404839871384,0.0611509741359088,0.985110782589549,5000
96,40,"balanced","85_15","extreme",0.1,"independent","che_rve",0.0583186971418152,0.0611498324257742,0.953701667336612,5000
96,40,"balanced","85_15","extreme",0.1,"independent","mlma",0.0615741322142016,0.0623195702942892,0.988038459242138,5000
96,40,"balanced","85_15","extreme",0.1,"independent","mlma_cr2",0.0601145929231676,0.0623195702942892,0.96461821927351,5000
97,40,"moderate","50_50","balanced",0,"independent","aggregate_hksj",0.0402586019139002,0.0403688291074935,0.997269497381264,5000
97,40,"moderate","50_50","balanced",0,"independent","che_rve",0.0394669690118353,0.039635323043686,0.995752424380013,5000
97,40,"moderate","50_50","balanced",0,"independent","mlma",0.0394709721047347,0.039635323030945,0.995853422814745,5000
97,40,"moderate","50_50","balanced",0,"independent","mlma_cr2",0.0394669690311027,0.039635323030945,0.995752425186219,5000
98,40,"moderate","50_50","balanced",0.1,"independent","aggregate_hksj",0.0403169157670793,0.0404018059313915,0.997898852233082,5000
98,40,"moderate","50_50","balanced",0.1,"independent","che_rve",0.0395025554828335,0.039815010125725,0.992152340489054,5000
98,40,"moderate","50_50","balanced",0.1,"independent","mlma",0.0395032551569938,0.0398151023577766,0.992167615243568,5000
98,40,"moderate","50_50","balanced",0.1,"independent","mlma_cr2",0.0395025578131985,0.0398151023577766,0.992150100688688,5000
99,40,"moderate","50_50","moderate",0,"independent","aggregate_hksj",0.0409039343417114,0.0416393262023015,0.982339006711654,5000
99,40,"moderate","50_50","moderate",0,"independent","che_rve",0.0401338395495966,0.0409671672289909,0.979658645306466,5000
99,40,"moderate","50_50","moderate",0,"independent","mlma",0.0401703271306055,0.0409946286054121,0.979892451697981,5000
99,40,"moderate","50_50","moderate",0,"independent","mlma_cr2",0.0401802894071114,0.0409946286054121,0.980135465888982,5000
100,40,"moderate","50_50","moderate",0.1,"independent","aggregate_hksj",0.0407569692148017,0.0405452450329051,1.00522192384643,5000
100,40,"moderate","50_50","moderate",0.1,"independent","che_rve",0.0399179204302865,0.0399235540710252,0.999858889298065,5000
100,40,"moderate","50_50","moderate",0.1,"independent","mlma",0.0399957307753388,0.0399921026486037,1.00009072107978,5000
100,40,"moderate","50_50","moderate",0.1,"independent","mlma_cr2",0.0399899850281867,0.0399921026486037,0.999947049035265,5000
101,40,"moderate","50_50","severe",0,"independent","aggregate_hksj",0.0423931392297236,0.042733338394619,0.99203902204518,5000
101,40,"moderate","50_50","severe",0,"independent","che_rve",0.0416083814368648,0.042166504121557,0.986763837877494,5000
101,40,"moderate","50_50","severe",0,"independent","mlma",0.041968723974716,0.0423707249529472,0.990512294073854,5000
101,40,"moderate","50_50","severe",0,"independent","mlma_cr2",0.0419731742271615,0.0423707249529472,0.990617325376728,5000
102,40,"moderate","50_50","severe",0.1,"independent","aggregate_hksj",0.0423942592870917,0.0431368918644171,0.982784281731295,5000
102,40,"moderate","50_50","severe",0.1,"independent","che_rve",0.0416329454418509,0.0426218784370314,0.97679752672934,5000
102,40,"moderate","50_50","severe",0.1,"independent","mlma",0.0419662391689009,0.0428179696452151,0.980108106867943,5000
102,40,"moderate","50_50","severe",0.1,"independent","mlma_cr2",0.0419670113371826,0.0428179696452151,0.980126140611442,5000
103,40,"moderate","50_50","extreme",0,"independent","aggregate_hksj",0.0450465835438346,0.0461143803752829,0.976844601992732,5000
103,40,"moderate","50_50","extreme",0,"independent","che_rve",0.0443295977919067,0.0456991084834688,0.970032004189808,5000
103,40,"moderate","50_50","extreme",0,"independent","mlma",0.0455943640105786,0.04671703999274,0.975968597703623,5000
103,40,"moderate","50_50","extreme",0,"independent","mlma_cr2",0.0455887446753609,0.04671703999274,0.975848313216024,5000
104,40,"moderate","50_50","extreme",0.1,"independent","aggregate_hksj",0.0453411344862645,0.0460760549706538,0.984049839230868,5000
104,40,"moderate","50_50","extreme",0.1,"independent","che_rve",0.0445971277213317,0.0455664121210572,0.978728094782834,5000
104,40,"moderate","50_50","extreme",0.1,"independent","mlma",0.0458568014205256,0.0463283720407636,0.989821126893408,5000
104,40,"moderate","50_50","extreme",0.1,"independent","mlma_cr2",0.0458538298931588,0.0463283720407636,0.989756986341174,5000
105,40,"moderate","70_30","balanced",0,"independent","aggregate_hksj",0.0440454126295412,0.0435013694038234,1.01250634711444,5000
105,40,"moderate","70_30","balanced",0,"independent","che_rve",0.0428664751069081,0.0427150623184206,1.00354471655358,5000
105,40,"moderate","70_30","balanced",0,"independent","mlma",0.0431501093687553,0.0427150622286621,1.01018486494915,5000
105,40,"moderate","70_30","balanced",0,"independent","mlma_cr2",0.0428664751660849,0.0427150622286621,1.00354472004775,5000
106,40,"moderate","70_30","balanced",0.1,"independent","aggregate_hksj",0.0440102747049477,0.0444185412259717,0.990808646350022,5000
106,40,"moderate","70_30","balanced",0.1,"independent","che_rve",0.0429170337912818,0.0436950354674105,0.982194735218628,5000
106,40,"moderate","70_30","balanced",0.1,"independent","mlma",0.0431144373675706,0.0436950355039571,0.986712491941244,5000
106,40,"moderate","70_30","balanced",0.1,"independent","mlma_cr2",0.0429170338595795,0.0436950355039571,0.982194735960173,5000
107,40,"moderate","70_30","moderate",0,"independent","aggregate_hksj",0.0445506612659303,0.0450231424163661,0.989505815785438,5000
107,40,"moderate","70_30","moderate",0,"independent","che_rve",0.0434266535370854,0.0445155187586145,0.975539648825986,5000
107,40,"moderate","70_30","moderate",0,"independent","mlma",0.0437564659133204,0.0445157855429291,0.982942688299268,5000
107,40,"moderate","70_30","moderate",0,"independent","mlma_cr2",0.0435015114685586,0.0445157855429291,0.977215406579935,5000
108,40,"moderate","70_30","moderate",0.1,"independent","aggregate_hksj",0.0446560342948514,0.0447179358123761,0.998615734013652,5000
108,40,"moderate","70_30","moderate",0.1,"independent","che_rve",0.0433970694640186,0.0441338890326496,0.983304902767894,5000
108,40,"moderate","70_30","moderate",0.1,"independent","mlma",0.0438432836548722,0.0441658237647377,0.992697065686274,5000
108,40,"moderate","70_30","moderate",0.1,"independent","mlma_cr2",0.043454814587721,0.0441658237647377,0.983901371775513,5000
109,40,"moderate","70_30","severe",0,"independent","aggregate_hksj",0.0463711955394326,0.0468944848653351,0.988841132866579,5000
109,40,"moderate","70_30","severe",0,"independent","che_rve",0.0451462866272398,0.0461376051162906,0.978513872001977,5000
109,40,"moderate","70_30","severe",0,"independent","mlma",0.0459091758276705,0.0464254812905893,0.988878834455434,5000
109,40,"moderate","70_30","severe",0,"independent","mlma_cr2",0.0455169908669251,0.0464254812905893,0.980431211515555,5000
110,40,"moderate","70_30","severe",0.1,"independent","aggregate_hksj",0.0462524882384155,0.0467949321542445,0.98840806277823,5000
110,40,"moderate","70_30","severe",0.1,"independent","che_rve",0.0451696878723569,0.0460898961079262,0.980034490999623,5000
110,40,"moderate","70_30","severe",0.1,"independent","mlma",0.0457815382401009,0.046471669871555,0.985149411816669,5000
110,40,"moderate","70_30","severe",0.1,"independent","mlma_cr2",0.0455526770364678,0.046471669871555,0.980224665099678,5000
111,40,"moderate","70_30","extreme",0,"independent","aggregate_hksj",0.0493277476765607,0.0496213394385927,0.994083356770421,5000
111,40,"moderate","70_30","extreme",0,"independent","che_rve",0.0483125800674533,0.0489284653720638,0.987412535833136,5000
111,40,"moderate","70_30","extreme",0,"independent","mlma",0.0498450486271707,0.0498344124213081,1.00021343094753,5000
111,40,"moderate","70_30","extreme",0,"independent","mlma_cr2",0.0497029111548701,0.0498344124213081,0.997361235739548,5000
112,40,"moderate","70_30","extreme",0.1,"independent","aggregate_hksj",0.0494184008001196,0.0506624186548283,0.975444957273271,5000
112,40,"moderate","70_30","extreme",0.1,"independent","che_rve",0.0482249973143928,0.0500698098303365,0.963155192276644,5000
112,40,"moderate","70_30","extreme",0.1,"independent","mlma",0.0498966609344181,0.0509154675618798,0.979990233297503,5000
112,40,"moderate","70_30","extreme",0.1,"independent","mlma_cr2",0.0496328019833436,0.0509154675618798,0.974807938727514,5000
113,40,"moderate","85_15","balanced",0,"independent","aggregate_hksj",0.056505806009056,0.0557909936684729,1.01281232495751,5000
113,40,"moderate","85_15","balanced",0,"independent","che_rve",0.0543099008954646,0.0550980137059988,0.985696166567101,5000
113,40,"moderate","85_15","balanced",0,"independent","mlma",0.0553873479817112,0.0550980136404788,1.00525126628194,5000
113,40,"moderate","85_15","balanced",0,"independent","mlma_cr2",0.0543099010426559,0.0550980136404788,0.985696170410691,5000
114,40,"moderate","85_15","balanced",0.1,"independent","aggregate_hksj",0.0562576074984431,0.0564216979327279,0.99709171399839,5000
114,40,"moderate","85_15","balanced",0.1,"independent","che_rve",0.0534732550313143,0.0557907202946313,0.958461456473792,5000
114,40,"moderate","85_15","balanced",0.1,"independent","mlma",0.0551720406790809,0.0557907203992901,0.988910705655326,5000
114,40,"moderate","85_15","balanced",0.1,"independent","mlma_cr2",0.0534732551677976,0.0557907203992901,0.958461457122143,5000
115,40,"moderate","85_15","moderate",0,"independent","aggregate_hksj",0.0573327769880531,0.0577045958065649,0.993556512903093,5000
115,40,"moderate","85_15","moderate",0,"independent","che_rve",0.0548645097172899,0.0568469778202096,0.965126235748369,5000
115,40,"moderate","85_15","moderate",0,"independent","mlma",0.0563614230838977,0.0569512193797574,0.989643833753113,5000
115,40,"moderate","85_15","moderate",0,"independent","mlma_cr2",0.0549673621042918,0.0569512193797574,0.965165675167778,5000
116,40,"moderate","85_15","moderate",0.1,"independent","aggregate_hksj",0.0570410899682113,0.0577632740172974,0.987497522234113,5000
116,40,"moderate","85_15","moderate",0.1,"independent","che_rve",0.0542670586811445,0.0571337487841379,0.949824925477509,5000
116,40,"moderate","85_15","moderate",0.1,"independent","mlma",0.0560023097471008,0.0571703341545808,0.979569396877727,5000
116,40,"moderate","85_15","moderate",0.1,"independent","mlma_cr2",0.0543812383933558,0.0571703341545808,0.951214282678781,5000
117,40,"moderate","85_15","severe",0,"independent","aggregate_hksj",0.0593920082616263,0.0596648899623588,0.995426427486841,5000
117,40,"moderate","85_15","severe",0,"independent","che_rve",0.0564381100483431,0.0589814856689767,0.95687840698168,5000
117,40,"moderate","85_15","severe",0,"independent","mlma",0.0588543522088693,0.0592956976500291,0.992556872443519,5000
117,40,"moderate","85_15","severe",0,"independent","mlma_cr2",0.0569109679594206,0.0592956976500291,0.959782416176575,5000
118,40,"moderate","85_15","severe",0.1,"independent","aggregate_hksj",0.059360029537055,0.059687680598177,0.994510574747781,5000
118,40,"moderate","85_15","severe",0.1,"independent","che_rve",0.056680684319567,0.0586792200431117,0.965941337971493,5000
118,40,"moderate","85_15","severe",0.1,"independent","mlma",0.0587848966409454,0.0589328043495839,0.99749023128509,5000
118,40,"moderate","85_15","severe",0.1,"independent","mlma_cr2",0.0572047370246411,0.0589328043495839,0.970677327440722,5000
119,40,"moderate","85_15","extreme",0,"independent","aggregate_hksj",0.0638587974991695,0.0658655921687031,0.969531972560216,5000
119,40,"moderate","85_15","extreme",0,"independent","che_rve",0.0609979689617078,0.0651875503802841,0.935730344304463,5000
119,40,"moderate","85_15","extreme",0,"independent","mlma",0.0643293694194298,0.0663718715809725,0.969226388937204,5000
119,40,"moderate","85_15","extreme",0,"independent","mlma_cr2",0.0626885075986563,0.0663718715809725,0.944504141670577,5000
120,40,"moderate","85_15","extreme",0.1,"independent","aggregate_hksj",0.0635661031844597,0.0632429336268589,1.00510997101285,5000
120,40,"moderate","85_15","extreme",0.1,"independent","che_rve",0.0602191553524946,0.0628123871492522,0.958714643489099,5000
120,40,"moderate","85_15","extreme",0.1,"independent","mlma",0.0640916785180112,0.0636320256585798,1.00722360878306,5000
120,40,"moderate","85_15","extreme",0.1,"independent","mlma_cr2",0.0619738095798181,0.0636320256585798,0.973940542335412,5000
121,40,"severe","50_50","balanced",0,"independent","aggregate_hksj",0.0435526280432253,0.0435249994233424,1.00063477588165,5000
121,40,"severe","50_50","balanced",0,"independent","che_rve",0.0422856625054115,0.0427604805479125,0.988895867482851,5000
121,40,"severe","50_50","balanced",0,"independent","mlma",0.0422843151465762,0.0427637969748812,0.988787669425459,5000
121,40,"severe","50_50","balanced",0,"independent","mlma_cr2",0.0422817896170186,0.0427637969748812,0.988728611770706,5000
122,40,"severe","50_50","balanced",0.1,"independent","aggregate_hksj",0.0433248643216792,0.0427084118013497,1.01443398371255,5000
122,40,"severe","50_50","balanced",0.1,"independent","che_rve",0.0420035182982886,0.0418699292294565,1.00319057307453,5000
122,40,"severe","50_50","balanced",0.1,"independent","mlma",0.0420078601380962,0.0418701902093793,1.00328801775269,5000
122,40,"severe","50_50","balanced",0.1,"independent","mlma_cr2",0.0420026233784483,0.0418701902093793,1.0031629464401,5000
123,40,"severe","50_50","moderate",0,"independent","aggregate_hksj",0.0441406676182808,0.0440347758482286,1.00240473053427,5000
123,40,"severe","50_50","moderate",0,"independent","che_rve",0.042866213406375,0.0430981862524334,0.994617572890429,5000
123,40,"severe","50_50","moderate",0,"independent","mlma",0.0429120600169439,0.0431349997177678,0.994831582188881,5000
123,40,"severe","50_50","moderate",0,"independent","mlma_cr2",0.0429293291420847,0.0431349997177678,0.995231932838095,5000
124,40,"severe","50_50","moderate",0.1,"independent","aggregate_hksj",0.04398838648418,0.0440178918606181,0.999329695830697,5000
124,40,"severe","50_50","moderate",0.1,"independent","che_rve",0.0427315809589601,0.0433037262932589,0.986787618912419,5000
124,40,"severe","50_50","moderate",0.1,"independent","mlma",0.0427737767918144,0.0433549277605061,0.986595503701402,5000
124,40,"severe","50_50","moderate",0.1,"independent","mlma_cr2",0.042775511300175,0.0433549277605061,0.986635510880522,5000
125,40,"severe","50_50","severe",0,"independent","aggregate_hksj",0.0456391678153239,0.0455627841515774,1.00167644855706,5000
125,40,"severe","50_50","severe",0,"independent","che_rve",0.0443449295984239,0.0448842176907178,0.987984906052947,5000
125,40,"severe","50_50","severe",0,"independent","mlma",0.0446407958789996,0.0450197835236924,0.991581753286455,5000
125,40,"severe","50_50","severe",0,"independent","mlma_cr2",0.044643581252139,0.0450197835236924,0.991643623267193,5000
126,40,"severe","50_50","severe",0.1,"independent","aggregate_hksj",0.0456328025357363,0.0451164240953982,1.01144546472137,5000
126,40,"severe","50_50","severe",0.1,"independent","che_rve",0.044401899623714,0.0445169712640875,0.997415106259344,5000
126,40,"severe","50_50","severe",0.1,"independent","mlma",0.0447679115215065,0.0448085162679602,0.999093816313602,5000
126,40,"severe","50_50","severe",0.1,"independent","mlma_cr2",0.0447569074014726,0.0448085162679602,0.998848235318058,5000
127,40,"severe","50_50","extreme",0,"independent","aggregate_hksj",0.0488258484077834,0.0492543166320602,0.991300900031208,5000
127,40,"severe","50_50","extreme",0,"independent","che_rve",0.0475418020218825,0.0486960310587207,0.976297266702365,5000
127,40,"severe","50_50","extreme",0,"independent","mlma",0.0486675429912003,0.0494161400475623,0.984851162886428,5000
127,40,"severe","50_50","extreme",0,"independent","mlma_cr2",0.0486534547057863,0.0494161400475623,0.984566068069219,5000
128,40,"severe","50_50","extreme",0.1,"independent","aggregate_hksj",0.048465199516191,0.0499885793357372,0.969525442815353,5000
128,40,"severe","50_50","extreme",0.1,"independent","che_rve",0.0472164848104962,0.0490111045974725,0.963383404603601,5000
128,40,"severe","50_50","extreme",0.1,"independent","mlma",0.0483175845802314,0.0497957061475805,0.970316284641725,5000
128,40,"severe","50_50","extreme",0.1,"independent","mlma_cr2",0.0483157144249082,0.0497957061475805,0.970278728083782,5000
129,40,"severe","70_30","balanced",0,"independent","aggregate_hksj",0.047320381515218,0.0472590772531506,1.00129719549409,5000
129,40,"severe","70_30","balanced",0,"independent","che_rve",0.0456094054504441,0.046240984194601,0.986341580847437,5000
129,40,"severe","70_30","balanced",0,"independent","mlma",0.0459563261582321,0.0462443596060127,0.993771490183137,5000
129,40,"severe","70_30","balanced",0,"independent","mlma_cr2",0.045606612044367,0.0462443596060127,0.98620918168012,5000
130,40,"severe","70_30","balanced",0.1,"independent","aggregate_hksj",0.0473128614678024,0.047480586587707,0.996467501099744,5000
130,40,"severe","70_30","balanced",0.1,"independent","che_rve",0.0457343899490463,0.0467421383031659,0.978440259887484,5000
130,40,"severe","70_30","balanced",0.1,"independent","mlma",0.045981905381085,0.0467414828442117,0.983749393110646,5000
130,40,"severe","70_30","balanced",0.1,"independent","mlma_cr2",0.0457338359076511,0.0467414828442117,0.978442127308646,5000
131,40,"severe","70_30","moderate",0,"independent","aggregate_hksj",0.0479455485635469,0.0477505734640543,1.00408319911884,5000
131,40,"severe","70_30","moderate",0,"independent","che_rve",0.0464024467632149,0.0467982922487531,0.991541454473722,5000
131,40,"severe","70_30","moderate",0,"independent","mlma",0.0467002993311189,0.0468520243323995,0.99676161268499,5000
131,40,"severe","70_30","moderate",0,"independent","mlma_cr2",0.0464580383887852,0.0468520243323995,0.9915908448092,5000
132,40,"severe","70_30","moderate",0.1,"independent","aggregate_hksj",0.0480410238261756,0.04804795263424,0.999855793895795,5000
132,40,"severe","70_30","moderate",0.1,"independent","che_rve",0.0462626054435315,0.0468738056515538,0.986960729995644,5000
132,40,"severe","70_30","moderate",0.1,"independent","mlma",0.0466678301400318,0.0468921657240762,0.99521592614501,5000
132,40,"severe","70_30","moderate",0.1,"independent","mlma_cr2",0.0463219558550487,0.0468921657240762,0.987839975820636,5000
133,40,"severe","70_30","severe",0,"independent","aggregate_hksj",0.049695422897725,0.0505262148690355,0.983557209391917,5000
133,40,"severe","70_30","severe",0,"independent","che_rve",0.0481219469612288,0.0498331691273338,0.965660980506127,5000
133,40,"severe","70_30","severe",0,"independent","mlma",0.0487128004735075,0.050050420270906,0.973274554136441,5000
133,40,"severe","70_30","severe",0,"independent","mlma_cr2",0.0484546068788927,0.050050420270906,0.968115884274784,5000
134,40,"severe","70_30","severe",0.1,"independent","aggregate_hksj",0.0499729586778751,0.049331743731817,1.01299801907559,5000
134,40,"severe","70_30","severe",0.1,"independent","che_rve",0.0482928781709736,0.0486019983128111,0.993639764771647,5000
134,40,"severe","70_30","severe",0.1,"independent","mlma",0.0489334794848407,0.0487968169358014,1.00280064474736,5000
134,40,"severe","70_30","severe",0.1,"independent","mlma_cr2",0.0485841640272899,0.0487968169358014,0.995642074178912,5000
135,40,"severe","70_30","extreme",0,"independent","aggregate_hksj",0.0531876486109789,0.0527520382847015,1.00825769658276,5000
135,40,"severe","70_30","extreme",0,"independent","che_rve",0.0517118118859485,0.0520007835716538,0.994442935935625,5000
135,40,"severe","70_30","extreme",0,"independent","mlma",0.0530846841115427,0.0530555292148764,1.00054951664978,5000
135,40,"severe","70_30","extreme",0,"independent","mlma_cr2",0.0528918660293699,0.0530555292148764,0.996915247328064,5000
136,40,"severe","70_30","extreme",0.1,"independent","aggregate_hksj",0.0531448114802536,0.0528500714918695,1.00557690803558,5000
136,40,"severe","70_30","extreme",0.1,"independent","che_rve",0.0516157237246381,0.0523395371591054,0.986170809415701,5000
136,40,"severe","70_30","extreme",0.1,"independent","mlma",0.0531064710294327,0.053359759096853,0.995253200694542,5000
136,40,"severe","70_30","extreme",0.1,"independent","mlma_cr2",0.0527845515975929,0.053359759096853,0.989220200596931,5000
137,40,"severe","85_15","balanced",0,"independent","aggregate_hksj",0.0608301139126923,0.0615696156515629,0.987989177274459,5000
137,40,"severe","85_15","balanced",0,"independent","che_rve",0.0573137347398138,0.0601436107327278,0.952948019607775,5000
137,40,"severe","85_15","balanced",0,"independent","mlma",0.0592596750494155,0.0601454599676592,0.985272622094503,5000
137,40,"severe","85_15","balanced",0,"independent","mlma_cr2",0.0573134445554758,0.0601454599676592,0.95291389551753,5000
138,40,"severe","85_15","balanced",0.1,"independent","aggregate_hksj",0.0608447549382456,0.0606726786629386,1.00283614106216,5000
138,40,"severe","85_15","balanced",0.1,"independent","che_rve",0.0573364910024826,0.0593548380264809,0.965995239965142,5000
138,40,"severe","85_15","balanced",0.1,"independent","mlma",0.0592376951084756,0.0593540970362355,0.998038856059274,5000
138,40,"severe","85_15","balanced",0.1,"independent","mlma_cr2",0.0573342814344772,0.0593540970362355,0.965970072790003,5000
139,40,"severe","85_15","moderate",0,"independent","aggregate_hksj",0.0619027123630381,0.0607160451801868,1.01954454015128,5000
139,40,"severe","85_15","moderate",0,"independent","che_rve",0.0587320607192775,0.0596931536176471,0.983899445076638,5000
139,40,"severe","85_15","moderate",0,"independent","mlma",0.0602909402340693,0.059740146708785,1.00921982210672,5000
139,40,"severe","85_15","moderate",0,"independent","mlma_cr2",0.0587620506274734,0.059740146708785,0.983627491139593,5000
140,40,"severe","85_15","moderate",0.1,"independent","aggregate_hksj",0.061687004664572,0.0623199218809357,0.989844062744929,5000
140,40,"severe","85_15","moderate",0.1,"independent","che_rve",0.0581911562207985,0.0614695121087148,0.946666960978669,5000
140,40,"severe","85_15","moderate",0.1,"independent","mlma",0.0600557597520872,0.0615846205840646,0.975174632603437,5000
140,40,"severe","85_15","moderate",0.1,"independent","mlma_cr2",0.0582379372843227,0.0615846205840646,0.945657158102102,5000
141,40,"severe","85_15","severe",0,"independent","aggregate_hksj",0.064091294349861,0.0638227206886143,1.00420811990383,5000
141,40,"severe","85_15","severe",0,"independent","che_rve",0.0609024572795502,0.0627733470575888,0.97019611243093,5000
141,40,"severe","85_15","severe",0,"independent","mlma",0.0630075378056569,0.063096113313632,0.998596181233307,5000
141,40,"severe","85_15","severe",0,"independent","mlma_cr2",0.0612038618826154,0.063096113313632,0.970010015963888,5000
142,40,"severe","85_15","severe",0.1,"independent","aggregate_hksj",0.0641588688174149,0.0635945792253568,1.00887323414875,5000
142,40,"severe","85_15","severe",0.1,"independent","che_rve",0.0609035184391255,0.0623973010173839,0.976060141161519,5000
142,40,"severe","85_15","severe",0.1,"independent","mlma",0.0629103054923519,0.0627535776744682,1.00249751207328,5000
142,40,"severe","85_15","severe",0.1,"independent","mlma_cr2",0.0612372936718349,0.0627535776744682,0.975837489130914,5000
143,40,"severe","85_15","extreme",0,"independent","aggregate_hksj",0.0683110707425676,0.0693752247597531,0.984660892690861,5000
143,40,"severe","85_15","extreme",0,"independent","che_rve",0.0644887715154558,0.0681641216176922,0.946080870478312,5000
143,40,"severe","85_15","extreme",0,"independent","mlma",0.0681948161786771,0.0693353962494481,0.983549815354519,5000
143,40,"severe","85_15","extreme",0,"independent","mlma_cr2",0.0657833084252935,0.0693353962494481,0.948769488366732,5000
144,40,"severe","85_15","extreme",0.1,"independent","aggregate_hksj",0.0684818197950777,0.0683758166086338,1.00155030231011,5000
144,40,"severe","85_15","extreme",0.1,"independent","che_rve",0.0648599684814218,0.0676653347872967,0.958540568598478,5000
144,40,"severe","85_15","extreme",0.1,"independent","mlma",0.0685172454797165,0.06861524537373,0.998571747525208,5000
144,40,"severe","85_15","extreme",0.1,"independent","mlma_cr2",0.0661964420637916,0.06861524537373,0.964748310717775,5000
145,80,"balanced","50_50","balanced",0,"independent","aggregate_hksj",0.0269145753509012,0.0267945326786228,1.00448011815389,5000
145,80,"balanced","50_50","balanced",0,"independent","che_rve",0.0269145753509012,0.0267945326786228,1.00448011815388,5000
145,80,"balanced","50_50","balanced",0,"independent","mlma",0.0269145786848247,0.0267945326786228,1.0044802425794,5000
145,80,"balanced","50_50","balanced",0,"independent","mlma_cr2",0.0269145753509012,0.0267945326786228,1.00448011815388,5000
146,80,"balanced","50_50","balanced",0.1,"independent","aggregate_hksj",0.0269522435769869,0.0270217066419718,0.997429360554266,5000
146,80,"balanced","50_50","balanced",0.1,"independent","che_rve",0.0269522435769869,0.0270217066419718,0.997429360554266,5000
146,80,"balanced","50_50","balanced",0.1,"independent","mlma",0.0269522468490862,0.0270217066419717,0.997429481645779,5000
146,80,"balanced","50_50","balanced",0.1,"independent","mlma_cr2",0.0269522435769869,0.0270217066419717,0.997429360554268,5000
147,80,"balanced","50_50","moderate",0,"independent","aggregate_hksj",0.027347393648953,0.0279561436670976,0.978224821513527,5000
147,80,"balanced","50_50","moderate",0,"independent","che_rve",0.0273505603301105,0.027956143860584,0.97833808791751,5000
147,80,"balanced","50_50","moderate",0,"independent","mlma",0.0273874637876107,0.0280164792847813,0.977548374627059,5000
147,80,"balanced","50_50","moderate",0,"independent","mlma_cr2",0.0273875507234971,0.0280164792847813,0.977551477653871,5000
148,80,"balanced","50_50","moderate",0.1,"independent","aggregate_hksj",0.0273480845676259,0.0275506472642448,0.992647624766268,5000
148,80,"balanced","50_50","moderate",0.1,"independent","che_rve",0.0273492605985111,0.0275506477813501,0.9926902922778,5000
148,80,"balanced","50_50","moderate",0.1,"independent","mlma",0.0273886325632222,0.0275717699649185,0.99335779306409,5000
148,80,"balanced","50_50","moderate",0.1,"independent","mlma_cr2",0.0273888894710252,0.0275717699649185,0.993367110848305,5000
149,80,"balanced","50_50","severe",0,"independent","aggregate_hksj",0.0284810831160263,0.0282706622732934,1.00744308147785,5000
149,80,"balanced","50_50","severe",0,"independent","che_rve",0.0284830783165994,0.0282706636863961,1.00751360606739,5000
149,80,"balanced","50_50","severe",0,"independent","mlma",0.0287042058311212,0.0284746492022562,1.00806178953196,5000
149,80,"balanced","50_50","severe",0,"independent","mlma_cr2",0.0287036349121331,0.0284746492022562,1.00804173945218,5000
150,80,"balanced","50_50","severe",0.1,"independent","aggregate_hksj",0.0284833762824275,0.0285663553232459,0.997095217787515,5000
150,80,"balanced","50_50","severe",0.1,"independent","che_rve",0.0284908658006211,0.028566356151402,0.997357368563887,5000
150,80,"balanced","50_50","severe",0.1,"independent","mlma",0.0287064842990979,0.0287882766628261,0.997158830843327,5000
150,80,"balanced","50_50","severe",0.1,"independent","mlma_cr2",0.0287076586254357,0.0287882766628261,0.997199622668124,5000
151,80,"balanced","50_50","extreme",0,"independent","aggregate_hksj",0.0304499582711378,0.0304902871239986,0.998677321315581,5000
151,80,"balanced","50_50","extreme",0,"independent","che_rve",0.0304425400244447,0.0304902889234813,0.998433963707054,5000
151,80,"balanced","50_50","extreme",0,"independent","mlma",0.0311779474260143,0.0311358522131734,1.00135198524687,5000
151,80,"balanced","50_50","extreme",0,"independent","mlma_cr2",0.0311795987170378,0.0311358522131734,1.00140502028224,5000
152,80,"balanced","50_50","extreme",0.1,"independent","aggregate_hksj",0.0304392954078112,0.0303147296495865,1.00410908359285,5000
152,80,"balanced","50_50","extreme",0.1,"independent","che_rve",0.0304384633342148,0.0303147296191754,1.00408163676846,5000
152,80,"balanced","50_50","extreme",0.1,"independent","mlma",0.0311628676650324,0.0310499241298968,1.00363748183935,5000
152,80,"balanced","50_50","extreme",0.1,"independent","mlma_cr2",0.0311624015118191,0.0310499241298968,1.00362246881673,5000
153,80,"balanced","70_30","balanced",0,"independent","aggregate_hksj",0.0294097602513107,0.0294156611244457,0.999799396888955,5000
153,80,"balanced","70_30","balanced",0,"independent","che_rve",0.0293063298020748,0.0294156611244457,0.996283227430844,5000
153,80,"balanced","70_30","balanced",0,"independent","mlma",0.0294097634592794,0.0294156611244457,0.999799505945443,5000
153,80,"balanced","70_30","balanced",0,"independent","mlma_cr2",0.0293063298020748,0.0294156611244457,0.996283227430844,5000
154,80,"balanced","70_30","balanced",0.1,"independent","aggregate_hksj",0.0294064966308675,0.0299116674609786,0.9831112447753,5000
154,80,"balanced","70_30","balanced",0.1,"independent","che_rve",0.0292787174113282,0.0299116674609786,0.9788393592408,5000
154,80,"balanced","70_30","balanced",0.1,"independent","mlma",0.0294065001644618,0.0299116674609786,0.983111362909613,5000
154,80,"balanced","70_30","balanced",0.1,"independent","mlma_cr2",0.0292787174113282,0.0299116674609786,0.9788393592408,5000
155,80,"balanced","70_30","moderate",0,"independent","aggregate_hksj",0.0298418269822986,0.0294545621406575,1.01314787297777,5000
155,80,"balanced","70_30","moderate",0,"independent","che_rve",0.0297938997340601,0.0294545620470971,1.01152071745017,5000
155,80,"balanced","70_30","moderate",0,"independent","mlma",0.0298856718068346,0.0294688886212433,1.01414315928056,5000
155,80,"balanced","70_30","moderate",0,"independent","mlma_cr2",0.0298405987184211,0.0294688886212433,1.01261364491737,5000
156,80,"balanced","70_30","moderate",0.1,"independent","aggregate_hksj",0.0298858832541682,0.0301552215717911,0.991068269321729,5000
156,80,"balanced","70_30","moderate",0.1,"independent","che_rve",0.029905869510851,0.030155222029212,0.991731033579542,5000
156,80,"balanced","70_30","moderate",0.1,"independent","mlma",0.0299279893910474,0.0301783752128086,0.991703137760218,5000
156,80,"balanced","70_30","moderate",0.1,"independent","mlma_cr2",0.0299466725335883,0.0301783752128086,0.992322228165486,5000
157,80,"balanced","70_30","severe",0,"independent","aggregate_hksj",0.031045673069005,0.0309552409488138,1.0029213831784,5000
157,80,"balanced","70_30","severe",0,"independent","che_rve",0.0310326585170864,0.0309552396416068,1.00250099422185,5000
157,80,"balanced","70_30","severe",0,"independent","mlma",0.0312832641352028,0.0311615581607721,1.0039056446986,5000
157,80,"balanced","70_30","severe",0,"independent","mlma_cr2",0.0312601971545258,0.0311615581607721,1.00316540633959,5000
158,80,"balanced","70_30","severe",0.1,"independent","aggregate_hksj",0.031061909654716,0.0312316406145099,0.994565416466945,5000
158,80,"balanced","70_30","severe",0.1,"independent","che_rve",0.0310009078494101,0.0312316429994457,0.992612135389749,5000
158,80,"balanced","70_30","severe",0.1,"independent","mlma",0.0313056769025319,0.0314637561652633,0.99497582990724,5000
158,80,"balanced","70_30","severe",0.1,"independent","mlma_cr2",0.0312593881172181,0.0314637561652633,0.993504651924846,5000
159,80,"balanced","70_30","extreme",0,"independent","aggregate_hksj",0.0332904327091236,0.0338967925964526,0.982111585171263,5000
159,80,"balanced","70_30","extreme",0,"independent","che_rve",0.0331684455548847,0.0338967991165046,0.978512615332305,5000
159,80,"balanced","70_30","extreme",0,"independent","mlma",0.0340703589051433,0.034528527719695,0.986730716749027,5000
159,80,"balanced","70_30","extreme",0,"independent","mlma_cr2",0.0339888301482737,0.034528527719695,0.984369516829602,5000
160,80,"balanced","70_30","extreme",0.1,"independent","aggregate_hksj",0.0332392214169384,0.0331741853765714,1.00196044121743,5000
160,80,"balanced","70_30","extreme",0.1,"independent","che_rve",0.0331083307379507,0.033174184159197,0.998014919645641,5000
160,80,"balanced","70_30","extreme",0.1,"independent","mlma",0.0340212912255549,0.0337505294386744,1.00802244561445,5000
160,80,"balanced","70_30","extreme",0.1,"independent","mlma_cr2",0.0339101157491663,0.0337505294386744,1.00472840909894,5000
161,80,"balanced","85_15","balanced",0,"independent","aggregate_hksj",0.0376794763818357,0.0378371191580418,0.995833647494471,5000
161,80,"balanced","85_15","balanced",0,"independent","che_rve",0.037311106961408,0.0378371191580417,0.98609798503854,5000
161,80,"balanced","85_15","balanced",0,"independent","mlma",0.0376794807135399,0.0378371191580417,0.995833761977403,5000
161,80,"balanced","85_15","balanced",0,"independent","mlma_cr2",0.037311106961408,0.0378371191580417,0.986097985038541,5000
162,80,"balanced","85_15","balanced",0.1,"independent","aggregate_hksj",0.0376864148487653,0.0378503078778964,0.995669968401318,5000
162,80,"balanced","85_15","balanced",0.1,"independent","che_rve",0.0371184537994968,0.0378503078778963,0.980664514519659,5000
162,80,"balanced","85_15","balanced",0.1,"independent","mlma",0.0376864191553857,0.0378503078778963,0.995670082181648,5000
162,80,"balanced","85_15","balanced",0.1,"independent","mlma_cr2",0.0371184537994968,0.0378503078778963,0.980664514519658,5000
163,80,"balanced","85_15","moderate",0,"independent","aggregate_hksj",0.0383936648610713,0.0381999837667925,1.0050701878687,5000
163,80,"balanced","85_15","moderate",0,"independent","che_rve",0.0379918733650796,0.0381999838573644,0.994552079051606,5000
163,80,"balanced","85_15","moderate",0,"independent","mlma",0.0384458048391375,0.0382827423320683,1.00425942597463,5000
163,80,"balanced","85_15","moderate",0,"independent","mlma_cr2",0.038034661076221,0.0382827423320683,0.993519762672815,5000
164,80,"balanced","85_15","moderate",0.1,"independent","aggregate_hksj",0.0383370819765183,0.0385041752506438,0.99566038558058,5000
164,80,"balanced","85_15","moderate",0.1,"independent","che_rve",0.0376916283133797,0.0385041754796821,0.978897167484312,5000
164,80,"balanced","85_15","moderate",0.1,"independent","mlma",0.0383921326995119,0.0385463847518703,0.995998274459425,5000
164,80,"balanced","85_15","moderate",0.1,"independent","mlma_cr2",0.0377403092440649,0.0385463847518703,0.97908816837184,5000
165,80,"balanced","85_15","severe",0,"independent","aggregate_hksj",0.0399482606913081,0.0401607577193139,0.994708839173529,5000
165,80,"balanced","85_15","severe",0,"independent","che_rve",0.0393968253486558,0.0401607593995797,0.980978097467653,5000
165,80,"balanced","85_15","severe",0,"independent","mlma",0.0402289958384379,0.0403784191749786,0.996299425792447,5000
165,80,"balanced","85_15","severe",0,"independent","mlma_cr2",0.0397445040405376,0.0403784191749786,0.984300645062554,5000
166,80,"balanced","85_15","severe",0.1,"independent","aggregate_hksj",0.0399338500457089,0.0402947765883163,0.991042845421508,5000
166,80,"balanced","85_15","severe",0.1,"independent","che_rve",0.0395082285545781,0.0402947759000199,0.980480165781455,5000
166,80,"balanced","85_15","severe",0.1,"independent","mlma",0.0402183477488388,0.0405216744199993,0.992514458607594,5000
166,80,"balanced","85_15","severe",0.1,"independent","mlma_cr2",0.0397893606171802,0.0405216744199993,0.981927849396626,5000
167,80,"balanced","85_15","extreme",0,"independent","aggregate_hksj",0.0427413998188395,0.0437845893329927,0.976174505001762,5000
167,80,"balanced","85_15","extreme",0,"independent","che_rve",0.0421082576131175,0.0437845906061001,0.961714087769749,5000
167,80,"balanced","85_15","extreme",0,"independent","mlma",0.0436700743688052,0.0445418903715654,0.980427054274357,5000
167,80,"balanced","85_15","extreme",0,"independent","mlma_cr2",0.0431151650528739,0.0445418903715654,0.967968909563785,5000
168,80,"balanced","85_15","extreme",0.1,"independent","aggregate_hksj",0.0426363167659764,0.0427338826802843,0.997716895629685,5000
168,80,"balanced","85_15","extreme",0.1,"independent","che_rve",0.0419027498808972,0.0427338864860004,0.980550877220694,5000
168,80,"balanced","85_15","extreme",0.1,"independent","mlma",0.043577794635548,0.0435895299934648,0.999730775763846,5000
168,80,"balanced","85_15","extreme",0.1,"independent","mlma_cr2",0.0429313225173636,0.0435895299934648,0.98489987214361,5000
169,80,"moderate","50_50","balanced",0,"independent","aggregate_hksj",0.0285819939487151,0.0285221193082118,1.00209923532878,5000
169,80,"moderate","50_50","balanced",0,"independent","che_rve",0.0279820079944401,0.028068159492646,0.996930632440347,5000
169,80,"moderate","50_50","balanced",0,"independent","mlma",0.0279819891003752,0.0280681595124019,0.996929958589247,5000
169,80,"moderate","50_50","balanced",0,"independent","mlma_cr2",0.0279820079795204,0.0280681595124019,0.996930631207098,5000
170,80,"moderate","50_50","balanced",0.1,"independent","aggregate_hksj",0.028607712917796,0.0285594648671267,1.00168938917076,5000
170,80,"moderate","50_50","balanced",0.1,"independent","che_rve",0.0280138858761797,0.0280297796617512,0.999432967873335,5000
170,80,"moderate","50_50","balanced",0.1,"independent","mlma",0.0280119236667018,0.0280297796644808,0.999362963319985,5000
170,80,"moderate","50_50","balanced",0.1,"independent","mlma_cr2",0.0280138859474706,0.0280297796644808,0.999432970319408,5000
171,80,"moderate","50_50","moderate",0,"independent","aggregate_hksj",0.0290201454825857,0.0290895246416309,0.99761497790356,5000
171,80,"moderate","50_50","moderate",0,"independent","che_rve",0.0284601323653985,0.0285571885804987,0.996601338579719,5000
171,80,"moderate","50_50","moderate",0,"independent","mlma",0.0285036031863053,0.0286244232424702,0.995779126966456,5000
171,80,"moderate","50_50","moderate",0,"independent","mlma_cr2",0.028502713902643,0.0286244232424702,0.995748059662328,5000
172,80,"moderate","50_50","moderate",0.1,"independent","aggregate_hksj",0.0290339808483312,0.029071480123122,0.998710100943192,5000
172,80,"moderate","50_50","moderate",0.1,"independent","che_rve",0.0284606207336134,0.028636254215096,0.993866743877764,5000
172,80,"moderate","50_50","moderate",0.1,"independent","mlma",0.0285011641364072,0.0286875834958645,0.99350174058808,5000
172,80,"moderate","50_50","moderate",0.1,"independent","mlma_cr2",0.0285026748714713,0.0286875834958645,0.993554402223531,5000
173,80,"moderate","50_50","severe",0,"independent","aggregate_hksj",0.0301923974228225,0.0301272600979162,1.00216207264433,5000
173,80,"moderate","50_50","severe",0,"independent","che_rve",0.0296619344866249,0.0298348517187905,0.994204186640664,5000
173,80,"moderate","50_50","severe",0,"independent","mlma",0.029901112679052,0.0299163570394634,0.99949043393247,5000
173,80,"moderate","50_50","severe",0,"independent","mlma_cr2",0.0299007042019292,0.0299163570394634,0.999476779959755,5000
174,80,"moderate","50_50","severe",0.1,"independent","aggregate_hksj",0.0301250846082874,0.0299038506914258,1.00739817487535,5000
174,80,"moderate","50_50","severe",0.1,"independent","che_rve",0.029596067764485,0.0294887516174565,1.00363922313229,5000
174,80,"moderate","50_50","severe",0.1,"independent","mlma",0.0298314793922346,0.0297424332046311,1.00299391065253,5000
174,80,"moderate","50_50","severe",0.1,"independent","mlma_cr2",0.0298322051530466,0.0297424332046311,1.00301831218037,5000
175,80,"moderate","50_50","extreme",0,"independent","aggregate_hksj",0.0322412582807372,0.0320790779852788,1.00505564079905,5000
175,80,"moderate","50_50","extreme",0,"independent","che_rve",0.0317025491711382,0.0315944343575385,1.00342195756304,5000
175,80,"moderate","50_50","extreme",0,"independent","mlma",0.0324983255843679,0.0322809853151525,1.00673276441514,5000
175,80,"moderate","50_50","extreme",0,"independent","mlma_cr2",0.0324977660180843,0.0322809853151525,1.0067154301771,5000
176,80,"moderate","50_50","extreme",0.1,"independent","aggregate_hksj",0.0321667652931,0.0321845039300884,0.999448845412471,5000
176,80,"moderate","50_50","extreme",0.1,"independent","che_rve",0.0316777452797349,0.0317056045824667,0.999121312995015,5000
176,80,"moderate","50_50","extreme",0.1,"independent","mlma",0.0324606851894124,0.0324503191694363,1.00031944277411,5000
176,80,"moderate","50_50","extreme",0.1,"independent","mlma_cr2",0.0324582947744291,0.0324503191694363,1.00024577893829,5000
177,80,"moderate","70_30","balanced",0,"independent","aggregate_hksj",0.0311761834701213,0.031115429347307,1.00195254007702,5000
177,80,"moderate","70_30","balanced",0,"independent","che_rve",0.0304753186196784,0.0305834710038781,0.996463698179125,5000
177,80,"moderate","70_30","balanced",0,"independent","mlma",0.0305514565624533,0.0305834708220671,0.998953216925572,5000
177,80,"moderate","70_30","balanced",0,"independent","mlma_cr2",0.0304753185843694,0.0305834708220671,0.996463702948337,5000
178,80,"moderate","70_30","balanced",0.1,"independent","aggregate_hksj",0.0311698685493699,0.0315769549761685,0.987108116437896,5000
178,80,"moderate","70_30","balanced",0.1,"independent","che_rve",0.0304538445065578,0.0310653756838433,0.980314702017155,5000
178,80,"moderate","70_30","balanced",0.1,"independent","mlma",0.0305509935571483,0.0310653756386244,0.983441948764446,5000
178,80,"moderate","70_30","balanced",0.1,"independent","mlma_cr2",0.0304538444952276,0.0310653756386244,0.980314703079383,5000
179,80,"moderate","70_30","moderate",0,"independent","aggregate_hksj",0.0316779916249123,0.0316268838649632,1.00161595938972,5000
179,80,"moderate","70_30","moderate",0,"independent","che_rve",0.0309654217436364,0.0311333883882073,0.994604935303652,5000
179,80,"moderate","70_30","moderate",0,"independent","mlma",0.0311235431148964,0.031187424982107,0.997951678689496,5000
179,80,"moderate","70_30","moderate",0,"independent","mlma_cr2",0.0310056233079758,0.031187424982107,0.994170673781645,5000
180,80,"moderate","70_30","moderate",0.1,"independent","aggregate_hksj",0.0316504719083025,0.0314353050398412,1.00684475204515,5000
180,80,"moderate","70_30","moderate",0.1,"independent","che_rve",0.0309897411036814,0.0310444739845322,0.998236952544983,5000
180,80,"moderate","70_30","moderate",0.1,"independent","mlma",0.031107400551638,0.0310929250374547,1.00046555652663,5000
180,80,"moderate","70_30","moderate",0.1,"independent","mlma_cr2",0.0310292212505226,0.0310929250374547,0.997951180634973,5000
181,80,"moderate","70_30","severe",0,"independent","aggregate_hksj",0.0328391441386312,0.0327852349059019,1.00164431436542,5000
181,80,"moderate","70_30","severe",0,"independent","che_rve",0.032221044040586,0.0323098714685357,0.997250765047572,5000
181,80,"moderate","70_30","severe",0,"independent","mlma",0.0325041308672024,0.0325137116769933,0.999705330173126,5000
181,80,"moderate","70_30","severe",0,"independent","mlma_cr2",0.0324758214041994,0.0325137116769933,0.998834637116478,5000
182,80,"moderate","70_30","severe",0.1,"independent","aggregate_hksj",0.032949300832945,0.0330910734050544,0.995715685303588,5000
182,80,"moderate","70_30","severe",0.1,"independent","che_rve",0.0322976832149964,0.032666140042062,0.988720527537349,5000
182,80,"moderate","70_30","severe",0.1,"independent","mlma",0.0326199295585676,0.0330055156522495,0.988317525538929,5000
182,80,"moderate","70_30","severe",0.1,"independent","mlma_cr2",0.0325467056307798,0.0330055156522495,0.986098989444559,5000
183,80,"moderate","70_30","extreme",0,"independent","aggregate_hksj",0.0350580936715598,0.0353530566159591,0.991656649448914,5000
183,80,"moderate","70_30","extreme",0,"independent","che_rve",0.0344327289130548,0.0349884095513539,0.984118150969865,5000
183,80,"moderate","70_30","extreme",0,"independent","mlma",0.0353619264647135,0.0357792269955201,0.988336792998383,5000
183,80,"moderate","70_30","extreme",0,"independent","mlma_cr2",0.0353525130709427,0.0357792269955201,0.988073696376088,5000
184,80,"moderate","70_30","extreme",0.1,"independent","aggregate_hksj",0.0350731138721419,0.0354520220039506,0.989312086860194,5000
184,80,"moderate","70_30","extreme",0.1,"independent","che_rve",0.0344292597782024,0.0348194819003658,0.988792994586192,5000
184,80,"moderate","70_30","extreme",0.1,"independent","mlma",0.0353805977598928,0.0356281722064706,0.993051160605626,5000
184,80,"moderate","70_30","extreme",0.1,"independent","mlma_cr2",0.0352912426855993,0.0356281722064706,0.99054317131626,5000
185,80,"moderate","85_15","balanced",0,"independent","aggregate_hksj",0.0400352407573955,0.0392686441534742,1.01952185058708,5000
185,80,"moderate","85_15","balanced",0,"independent","che_rve",0.0385586817456048,0.0386564705560167,0.997470311981272,5000
185,80,"moderate","85_15","balanced",0,"independent","mlma",0.0392473976257047,0.0386564705565574,1.01528662758497,5000
185,80,"moderate","85_15","balanced",0,"independent","mlma_cr2",0.038558681717585,0.0386564705565574,0.997470311242478,5000
186,80,"moderate","85_15","balanced",0.1,"independent","aggregate_hksj",0.0400457268635131,0.0393970118355754,1.01646609724223,5000
186,80,"moderate","85_15","balanced",0.1,"independent","che_rve",0.03863895993709,0.0387775223874549,0.996426732760788,5000
186,80,"moderate","85_15","balanced",0.1,"independent","mlma",0.0392666403249722,0.0387775223003092,1.01261344190263,5000
186,80,"moderate","85_15","balanced",0.1,"independent","mlma_cr2",0.0386389599888396,0.0387775223003092,0.996426736334609,5000
187,80,"moderate","85_15","moderate",0,"independent","aggregate_hksj",0.0406069860899164,0.0409017687777356,0.992792911000473,5000
187,80,"moderate","85_15","moderate",0,"independent","che_rve",0.0391812406719933,0.0403550646624944,0.970912597952245,5000
187,80,"moderate","85_15","moderate",0,"independent","mlma",0.0398963841641974,0.0403958493546601,0.987635729946471,5000
187,80,"moderate","85_15","moderate",0,"independent","mlma_cr2",0.0392457309721748,0.0403958493546601,0.971528798110228,5000
188,80,"moderate","85_15","moderate",0.1,"independent","aggregate_hksj",0.0406252029599225,0.0409053373343466,0.993151642482878,5000
188,80,"moderate","85_15","moderate",0.1,"independent","che_rve",0.0393563934864754,0.040300833282227,0.976565253895926,5000
188,80,"moderate","85_15","moderate",0.1,"independent","mlma",0.0399174007349928,0.0403555965514387,0.98914163452181,5000
188,80,"moderate","85_15","moderate",0.1,"independent","mlma_cr2",0.0393959246964116,0.0403555965514387,0.976219609247906,5000
189,80,"moderate","85_15","severe",0,"independent","aggregate_hksj",0.0422597107403903,0.042071181819217,1.00448118909479,5000
189,80,"moderate","85_15","severe",0,"independent","che_rve",0.0409148856110153,0.0414269069300323,0.987640368133644,5000
189,80,"moderate","85_15","severe",0,"independent","mlma",0.041856942145693,0.0416954304588254,1.00387360641419,5000
189,80,"moderate","85_15","severe",0,"independent","mlma_cr2",0.0411841066095074,0.0416954304588254,0.987736693357251,5000
190,80,"moderate","85_15","severe",0.1,"independent","aggregate_hksj",0.0422979141562127,0.0424784927633864,0.995748940336006,5000
190,80,"moderate","85_15","severe",0.1,"independent","che_rve",0.041101222765746,0.0417979023917141,0.983332186877727,5000
190,80,"moderate","85_15","severe",0.1,"independent","mlma",0.0418605854929411,0.0422494314210352,0.990796422223553,5000
190,80,"moderate","85_15","severe",0.1,"independent","mlma_cr2",0.0414656190062694,0.0422494314210352,0.981447977205781,5000
191,80,"moderate","85_15","extreme",0,"independent","aggregate_hksj",0.0451163950719432,0.0471101235361848,0.957679404879713,5000
191,80,"moderate","85_15","extreme",0,"independent","che_rve",0.0437141586471972,0.0464821512666645,0.940450419267655,5000
191,80,"moderate","85_15","extreme",0,"independent","mlma",0.0454884326252124,0.047374205394399,0.960194102392069,5000
191,80,"moderate","85_15","extreme",0,"independent","mlma_cr2",0.0448580078637715,0.047374205394399,0.946886760217303,5000
192,80,"moderate","85_15","extreme",0.1,"independent","aggregate_hksj",0.0450078124757529,0.0451150816810045,0.997622320491183,5000
192,80,"moderate","85_15","extreme",0.1,"independent","che_rve",0.043551804925301,0.0446922417820327,0.974482442337672,5000
192,80,"moderate","85_15","extreme",0.1,"independent","mlma",0.0453576957153294,0.0455731025188333,0.99527337855888,5000
192,80,"moderate","85_15","extreme",0.1,"independent","mlma_cr2",0.0447906009357531,0.0455731025188333,0.982829749570883,5000
193,80,"severe","50_50","balanced",0,"independent","aggregate_hksj",0.030804734996429,0.0306136155723649,1.00624295498884,5000
193,80,"severe","50_50","balanced",0,"independent","che_rve",0.0299507760441925,0.0298583302659434,1.00309614695215,5000
193,80,"severe","50_50","balanced",0,"independent","mlma",0.0299522365103154,0.0298583304018883,1.00314505557287,5000
193,80,"severe","50_50","balanced",0,"independent","mlma_cr2",0.0299507760719961,0.0298583304018883,1.00309614331624,5000
194,80,"severe","50_50","balanced",0.1,"independent","aggregate_hksj",0.0308073445278789,0.0302768743321096,1.01752063934839,5000
194,80,"severe","50_50","balanced",0.1,"independent","che_rve",0.0299429817407456,0.0295845688066068,1.01211486084119,5000
194,80,"severe","50_50","balanced",0.1,"independent","mlma",0.0299391061235845,0.029584568859958,1.0119838577099,5000
194,80,"severe","50_50","balanced",0.1,"independent","mlma_cr2",0.0299429817392391,0.029584568859958,1.01211485896508,5000
195,80,"severe","50_50","moderate",0,"independent","aggregate_hksj",0.0312834204479856,0.0311734929249775,1.00352631395117,5000
195,80,"severe","50_50","moderate",0,"independent","che_rve",0.0304565922900241,0.0303082580063504,1.00489418704442,5000
195,80,"severe","50_50","moderate",0,"independent","mlma",0.0304891166897078,0.0303924715134202,1.00317990513687,5000
195,80,"severe","50_50","moderate",0,"independent","mlma_cr2",0.030487362884084,0.0303924715134202,1.00312219987183,5000
196,80,"severe","50_50","moderate",0.1,"independent","aggregate_hksj",0.0312150371838625,0.0316346252350557,0.98673643047529,5000
196,80,"severe","50_50","moderate",0.1,"independent","che_rve",0.0303626471797792,0.0309105313994558,0.982275160119498,5000
196,80,"severe","50_50","moderate",0.1,"independent","mlma",0.0303977082784163,0.0309636180270532,0.981723397177212,5000
196,80,"severe","50_50","moderate",0.1,"independent","mlma_cr2",0.0303941384410037,0.0309636180270532,0.981608105824326,5000
197,80,"severe","50_50","severe",0,"independent","aggregate_hksj",0.0325549515763065,0.0328721562596288,0.990350353630073,5000
197,80,"severe","50_50","severe",0,"independent","che_rve",0.0317370912007244,0.0322413514590053,0.984359828745947,5000
197,80,"severe","50_50","severe",0,"independent","mlma",0.0319611351799376,0.0323261016379328,0.988709852425664,5000
197,80,"severe","50_50","severe",0,"independent","mlma_cr2",0.0319600677206336,0.0323261016379328,0.988676830834755,5000
198,80,"severe","50_50","severe",0.1,"independent","aggregate_hksj",0.0324589968689338,0.0319318805929104,1.01650752371097,5000
198,80,"severe","50_50","severe",0.1,"independent","che_rve",0.0316746101009211,0.0312207662325455,1.01453660249704,5000
198,80,"severe","50_50","severe",0.1,"independent","mlma",0.031893491638457,0.0314130902884415,1.01529303056797,5000
198,80,"severe","50_50","severe",0.1,"independent","mlma_cr2",0.0318885626042961,0.0314130902884415,1.01513612037175,5000
199,80,"severe","50_50","extreme",0,"independent","aggregate_hksj",0.0346533544106064,0.0348170388571976,0.995298725797372,5000
199,80,"severe","50_50","extreme",0,"independent","che_rve",0.0338494469816125,0.0340566432754814,0.993916126959638,5000
199,80,"severe","50_50","extreme",0,"independent","mlma",0.034635592559457,0.0347639153241674,0.996308736702589,5000
199,80,"severe","50_50","extreme",0,"independent","mlma_cr2",0.0346348478253331,0.0347639153241674,0.996287314083275,5000
200,80,"severe","50_50","extreme",0.1,"independent","aggregate_hksj",0.0346008827168003,0.0344906722310714,1.00319537076548,5000
200,80,"severe","50_50","extreme",0.1,"independent","che_rve",0.0337680286605524,0.0340293631642932,0.992320323407787,5000
200,80,"severe","50_50","extreme",0.1,"independent","mlma",0.0345405893106068,0.03482080647382,0.991952594107091,5000
200,80,"severe","50_50","extreme",0.1,"independent","mlma_cr2",0.0345442144976279,0.03482080647382,0.992056703902018,5000
201,80,"severe","70_30","balanced",0,"independent","aggregate_hksj",0.0336191995148116,0.0336269520553747,0.999769454556857,5000
201,80,"severe","70_30","balanced",0,"independent","che_rve",0.032601566460638,0.0328263882600826,0.993151186854208,5000
201,80,"severe","70_30","balanced",0,"independent","mlma",0.0326744632289248,0.0328263883554198,0.995371859832703,5000
201,80,"severe","70_30","balanced",0,"independent","mlma_cr2",0.0326015665052135,0.0328263883554198,0.993151185327729,5000
202,80,"severe","70_30","balanced",0.1,"independent","aggregate_hksj",0.0336141928916167,0.0335505009714474,1.00189838954189,5000
202,80,"severe","70_30","balanced",0.1,"independent","che_rve",0.0326423999246452,0.0328999582948349,0.992171468186021,5000
202,80,"severe","70_30","balanced",0.1,"independent","mlma",0.0326855068350366,0.0328999581165253,0.993481715668781,5000
202,80,"severe","70_30","balanced",0.1,"independent","mlma_cr2",0.0326423999291315,0.0328999581165253,0.992171473699705,5000
203,80,"severe","70_30","moderate",0,"independent","aggregate_hksj",0.0340644846515684,0.0341733112998511,0.996815449128478,5000
203,80,"severe","70_30","moderate",0,"independent","che_rve",0.0330460178790707,0.0334812155136554,0.987001737305292,5000
203,80,"severe","70_30","moderate",0,"independent","mlma",0.0331877984728088,0.0335053834111786,0.990521375789905,5000
203,80,"severe","70_30","moderate",0,"independent","mlma_cr2",0.0330856919134145,0.0335053834111786,0.987473908517519,5000
204,80,"severe","70_30","moderate",0.1,"independent","aggregate_hksj",0.0340541340865473,0.0336450823872846,1.01215784507686,5000
204,80,"severe","70_30","moderate",0.1,"independent","che_rve",0.0330805276042005,0.0327765976201477,1.0092727740559,5000
204,80,"severe","70_30","moderate",0.1,"independent","mlma",0.0331864763681207,0.0328309969855673,1.01082755368988,5000
204,80,"severe","70_30","moderate",0.1,"independent","mlma_cr2",0.0331163713062703,0.0328309969855673,1.00869222219564,5000
205,80,"severe","70_30","severe",0,"independent","aggregate_hksj",0.0354087599213362,0.0358409187482372,0.987942306112833,5000
205,80,"severe","70_30","severe",0,"independent","che_rve",0.034455910221245,0.0350780674953028,0.98226363883526,5000
205,80,"severe","70_30","severe",0,"independent","mlma",0.0347533992654464,0.0353673364346428,0.982641125086394,5000
205,80,"severe","70_30","severe",0,"independent","mlma_cr2",0.0346806717349499,0.0353673364346428,0.980584777681467,5000
206,80,"severe","70_30","severe",0.1,"independent","aggregate_hksj",0.0354288426742236,0.0351581184686066,1.00770019038017,5000
206,80,"severe","70_30","severe",0.1,"independent","che_rve",0.0344911361127369,0.0345301693120116,0.998869591431134,5000
206,80,"severe","70_30","severe",0.1,"independent","mlma",0.0347630849088311,0.0347794808524817,0.999528574226852,5000
206,80,"severe","70_30","severe",0.1,"independent","mlma_cr2",0.03471744216661,0.0347794808524817,0.998216227374559,5000
207,80,"severe","70_30","extreme",0,"independent","aggregate_hksj",0.0378163641386925,0.0379063583984971,0.997625879572537,5000
207,80,"severe","70_30","extreme",0,"independent","che_rve",0.0368691956588616,0.0374117454398713,0.985497875743818,5000
207,80,"severe","70_30","extreme",0,"independent","mlma",0.037756287878508,0.0380625611045865,0.991953425697318,5000
207,80,"severe","70_30","extreme",0,"independent","mlma_cr2",0.0376779563580419,0.0380625611045865,0.989895458020081,5000
208,80,"severe","70_30","extreme",0.1,"independent","aggregate_hksj",0.0378116032144371,0.038176537407983,0.990440877609042,5000
208,80,"severe","70_30","extreme",0.1,"independent","che_rve",0.0368196862103288,0.0375633732779468,0.980201802907444,5000
208,80,"severe","70_30","extreme",0.1,"independent","mlma",0.0377727260136951,0.0381163259589572,0.990985491475962,5000
208,80,"severe","70_30","extreme",0.1,"independent","mlma_cr2",0.0376784836253736,0.0381163259589572,0.988512997447472,5000
209,80,"severe","85_15","balanced",0,"independent","aggregate_hksj",0.0430657281725274,0.0423224853814028,1.01756141645337,5000
209,80,"severe","85_15","balanced",0,"independent","che_rve",0.041395347912401,0.0413344884804366,1.00147236446372,5000
209,80,"severe","85_15","balanced",0,"independent","mlma",0.0419478536755827,0.0413344886562312,1.01483906150268,5000
209,80,"severe","85_15","balanced",0,"independent","mlma_cr2",0.0413953480400083,0.0413344886562312,1.00147236329166,5000
210,80,"severe","85_15","balanced",0.1,"independent","aggregate_hksj",0.0430821429682796,0.0431514312012129,0.99839430046688,5000
210,80,"severe","85_15","balanced",0.1,"independent","che_rve",0.0412376392705752,0.0418878403222198,0.984477570420366,5000
210,80,"severe","85_15","balanced",0.1,"independent","mlma",0.0419564054182503,0.041887840485935,1.00163686959079,5000
210,80,"severe","85_15","balanced",0.1,"independent","mlma_cr2",0.0412376393745515,0.041887840485935,0.98447756905487,5000
211,80,"severe","85_15","moderate",0,"independent","aggregate_hksj",0.0438063542899983,0.0434633483743157,1.00789184286329,5000
211,80,"severe","85_15","moderate",0,"independent","che_rve",0.0420942988770134,0.0427292833867849,0.985139359721443,5000
211,80,"severe","85_15","moderate",0,"independent","mlma",0.0427061382249313,0.0427722152845528,0.998455140581757,5000
211,80,"severe","85_15","moderate",0,"independent","mlma_cr2",0.0421393179310782,0.0427722152845528,0.985203072853158,5000
212,80,"severe","85_15","moderate",0.1,"independent","aggregate_hksj",0.0438410033305047,0.0439866921870755,0.996687887874106,5000
212,80,"severe","85_15","moderate",0.1,"independent","che_rve",0.0421987540483031,0.043030743917949,0.980665222259873,5000
212,80,"severe","85_15","moderate",0.1,"independent","mlma",0.0428074051814735,0.0430156984897907,0.995157737392857,5000
212,80,"severe","85_15","moderate",0.1,"independent","mlma_cr2",0.0422401069414484,0.0430156984897907,0.981969569818181,5000
213,80,"severe","85_15","severe",0,"independent","aggregate_hksj",0.0454678559769973,0.0447191615078155,1.01674214014614,5000
213,80,"severe","85_15","severe",0,"independent","che_rve",0.043740652704907,0.0439943874610079,0.994232565316978,5000
213,80,"severe","85_15","severe",0,"independent","mlma",0.0446572972270684,0.0443251543783272,1.00749332638317,5000
213,80,"severe","85_15","severe",0,"independent","mlma_cr2",0.0440002778062822,0.0443251543783272,0.992670604838236,5000
214,80,"severe","85_15","severe",0.1,"independent","aggregate_hksj",0.0455280582927617,0.0455372895814385,0.999797280673452,5000
214,80,"severe","85_15","severe",0.1,"independent","che_rve",0.0439709417711773,0.0445912418813703,0.986089194110286,5000
214,80,"severe","85_15","severe",0.1,"independent","mlma",0.0446647862148823,0.0449371128703978,0.993939827502917,5000
214,80,"severe","85_15","severe",0.1,"independent","mlma_cr2",0.0441983641307953,0.0449371128703978,0.98356038711848,5000
215,80,"severe","85_15","extreme",0,"independent","aggregate_hksj",0.0485697733926165,0.0493201727084068,0.984785144199986,5000
215,80,"severe","85_15","extreme",0,"independent","che_rve",0.0468139006457714,0.0486190124474191,0.962872306310213,5000
215,80,"severe","85_15","extreme",0,"independent","mlma",0.0484597358648343,0.0494637101711695,0.97970281034599,5000
215,80,"severe","85_15","extreme",0,"independent","mlma_cr2",0.0477686298381079,0.0494637101711695,0.965730829183743,5000
216,80,"severe","85_15","extreme",0.1,"independent","aggregate_hksj",0.0486522544577931,0.0485055662649325,1.00302415174496,5000
216,80,"severe","85_15","extreme",0.1,"independent","che_rve",0.0469541492355632,0.0477618101059473,0.98308981865234,5000
216,80,"severe","85_15","extreme",0.1,"independent","mlma",0.0485267990835552,0.0487263951762395,0.995903737759332,5000
216,80,"severe","85_15","extreme",0.1,"independent","mlma_cr2",0.047965975654109,0.0487263951762395,0.984394094424999,5000
217,20,"severe","85_15","extreme",0,"n_majority","aggregate_hksj",0.144612797099639,0.143823251511123,1.00548969363591,5000
217,20,"severe","85_15","extreme",0,"n_majority","che_rve",0.129190371152469,0.143483684492118,0.900383702925926,5000
217,20,"severe","85_15","extreme",0,"n_majority","mlma",0.124815170358938,0.148141202590992,0.842541900402575,5000
217,20,"severe","85_15","extreme",0,"n_majority","mlma_cr2",0.124134036237318,0.148141202590992,0.837944029521908,5000
218,20,"severe","85_15","extreme",0,"n_minority","aggregate_hksj",0.0825736369311027,0.0852058568222311,0.969107523950845,5000
218,20,"severe","85_15","extreme",0,"n_minority","che_rve",0.0773053814114395,0.0844675074216883,0.915208507639592,5000
218,20,"severe","85_15","extreme",0,"n_minority","mlma",0.0871679276454038,0.0847373310019068,1.02868389427373,5000
218,20,"severe","85_15","extreme",0,"n_minority","mlma_cr2",0.078480758914539,0.0847373310019068,0.926165103226735,5000
219,20,"severe","85_15","extreme",0,"nk_majority","aggregate_hksj",0.157052398365478,0.160647792166693,0.977619401096503,5000
219,20,"severe","85_15","extreme",0,"nk_majority","che_rve",0.143603490548354,0.160533812505357,0.894537345791637,5000
219,20,"severe","85_15","extreme",0,"nk_majority","mlma",0.160634222536325,0.160540047627585,1.00058661318551,5000
219,20,"severe","85_15","extreme",0,"nk_majority","mlma_cr2",0.143636552345045,0.160540047627585,0.894708544488836,5000
220,20,"severe","85_15","extreme",0,"nk_minority","aggregate_hksj",0.0795109381780596,0.0724159602283959,1.09797533481965,5000
220,20,"severe","85_15","extreme",0,"nk_minority","che_rve",0.0685435001899722,0.0722715765935521,0.9484157316154,5000
220,20,"severe","85_15","extreme",0,"nk_minority","mlma",0.0710143876053998,0.0723136429481219,0.982033053656911,5000
220,20,"severe","85_15","extreme",0,"nk_minority","mlma_cr2",0.0685689764020138,0.0723136429481219,0.948216319999332,5000
221,20,"severe","85_15","extreme",0.1,"n_majority","aggregate_hksj",0.145227963603191,0.146208519538628,0.993293441869659,5000
221,20,"severe","85_15","extreme",0.1,"n_majority","che_rve",0.130741789546602,0.146130020065918,0.894694940078881,5000
221,20,"severe","85_15","extreme",0.1,"n_majority","mlma",0.12519200862536,0.150590117474586,0.831342791445049,5000
221,20,"severe","85_15","extreme",0.1,"n_majority","mlma_cr2",0.12507234923047,0.150590117474586,0.830548188207483,5000
222,20,"severe","85_15","extreme",0.1,"n_minority","aggregate_hksj",0.0821309698901069,0.0857732352227292,0.957536108750424,5000
222,20,"severe","85_15","extreme",0.1,"n_minority","che_rve",0.0768900548972814,0.0846244218806659,0.908603606246301,5000
222,20,"severe","85_15","extreme",0.1,"n_minority","mlma",0.0870103314162578,0.084698570061215,1.02729398327943,5000
222,20,"severe","85_15","extreme",0.1,"n_minority","mlma_cr2",0.0782202535490601,0.084698570061215,0.923513271741509,5000
223,20,"severe","85_15","extreme",0.1,"nk_majority","aggregate_hksj",0.15672963543855,0.162280373888312,0.965795380447039,5000
223,20,"severe","85_15","extreme",0.1,"nk_majority","che_rve",0.143955960542633,0.162223352658706,0.887393573017163,5000
223,20,"severe","85_15","extreme",0.1,"nk_majority","mlma",0.160460704723535,0.16222421451191,0.989129182756834,5000
223,20,"severe","85_15","extreme",0.1,"nk_majority","mlma_cr2",0.14398566567703,0.16222421451191,0.887571970129398,5000
224,20,"severe","85_15","extreme",0.1,"nk_minority","aggregate_hksj",0.079536367212379,0.0728155062395274,1.0922998591913,5000
224,20,"severe","85_15","extreme",0.1,"nk_minority","che_rve",0.0684881348181461,0.0726716256884915,0.942432953292141,5000
224,20,"severe","85_15","extreme",0.1,"nk_minority","mlma",0.0711344598411168,0.0726879037924266,0.978628576829702,5000
224,20,"severe","85_15","extreme",0.1,"nk_minority","mlma_cr2",0.0684879232900514,0.0726879037924266,0.942218989911044,5000
225,40,"severe","85_15","extreme",0,"n_majority","aggregate_hksj",0.101411321169322,0.102418060475734,0.990170295143889,5000
225,40,"severe","85_15","extreme",0,"n_majority","che_rve",0.0953169339433987,0.102116635847753,0.933412398010333,5000
225,40,"severe","85_15","extreme",0,"n_majority","mlma",0.0861832743694256,0.106168219494568,0.81176151186971,5000
225,40,"severe","85_15","extreme",0,"n_majority","mlma_cr2",0.0942456050748634,0.106168219494568,0.887700721774707,5000
226,40,"severe","85_15","extreme",0,"n_minority","aggregate_hksj",0.0594473156949648,0.0607615586544274,0.978370486396881,5000
226,40,"severe","85_15","extreme",0,"n_minority","che_rve",0.0569811294400368,0.0599526916014358,0.950434883205013,5000
226,40,"severe","85_15","extreme",0,"n_minority","mlma",0.0625118301760402,0.0600190688717298,1.04153282200425,5000
226,40,"severe","85_15","extreme",0,"n_minority","mlma_cr2",0.0577400052635416,0.0600190688717298,0.962027674686874,5000
227,40,"severe","85_15","extreme",0,"nk_majority","aggregate_hksj",0.110410376090738,0.1134159288987,0.973499729384165,5000
227,40,"severe","85_15","extreme",0,"nk_majority","che_rve",0.10807432383788,0.11328548202357,0.953999770380059,5000
227,40,"severe","85_15","extreme",0,"nk_majority","mlma",0.112701367906291,0.113266884478165,0.995007220561605,5000
227,40,"severe","85_15","extreme",0,"nk_majority","mlma_cr2",0.108084264335644,0.113266884478165,0.954244171485797,5000
228,40,"severe","85_15","extreme",0,"nk_minority","aggregate_hksj",0.0568680323568432,0.052221125012705,1.08898520173603,5000
228,40,"severe","85_15","extreme",0,"nk_minority","che_rve",0.050012047521409,0.0520141862744722,0.961507832834331,5000
228,40,"severe","85_15","extreme",0,"nk_minority","mlma",0.0511162992651809,0.0520223158287684,0.9825840785987,5000
228,40,"severe","85_15","extreme",0,"nk_minority","mlma_cr2",0.0500222230344956,0.0520223158287684,0.961553176508788,5000
229,40,"severe","85_15","extreme",0.1,"n_majority","aggregate_hksj",0.101269675169184,0.101044818405639,1.00222531711267,5000
229,40,"severe","85_15","extreme",0.1,"n_majority","che_rve",0.0954367381688437,0.100597586724373,0.948698087861003,5000
229,40,"severe","85_15","extreme",0.1,"n_majority","mlma",0.0861394355486552,0.10456292200434,0.82380478564935,5000
229,40,"severe","85_15","extreme",0.1,"n_majority","mlma_cr2",0.0946946825913055,0.10456292200434,0.905623913105401,5000
230,40,"severe","85_15","extreme",0.1,"n_minority","aggregate_hksj",0.0593041463378806,0.0594904680249305,0.996868041331063,5000
230,40,"severe","85_15","extreme",0.1,"n_minority","che_rve",0.0564517678160429,0.0581128196470809,0.971416774454834,5000
230,40,"severe","85_15","extreme",0.1,"n_minority","mlma",0.0623893413154776,0.0584494470062335,1.06740687057012,5000
230,40,"severe","85_15","extreme",0.1,"n_minority","mlma_cr2",0.0572844383662462,0.0584494470062335,0.980068098165873,5000
231,40,"severe","85_15","extreme",0.1,"nk_majority","aggregate_hksj",0.110184048287557,0.112236560274778,0.981712625705958,5000
231,40,"severe","85_15","extreme",0.1,"nk_majority","che_rve",0.107703981835423,0.112233999887811,0.959637738502443,5000
231,40,"severe","85_15","extreme",0.1,"nk_majority","mlma",0.112682670863205,0.112214432721833,1.00417270871504,5000
231,40,"severe","85_15","extreme",0.1,"nk_majority","mlma_cr2",0.107713762416376,0.112214432721833,0.959892233144254,5000
232,40,"severe","85_15","extreme",0.1,"nk_minority","aggregate_hksj",0.0569121132776097,0.0515894602595919,1.10317326429148,5000
232,40,"severe","85_15","extreme",0.1,"nk_minority","che_rve",0.0500833593743213,0.051438132136643,0.973662092575158,5000
232,40,"severe","85_15","extreme",0.1,"nk_minority","mlma",0.0511898464252379,0.0514609023276419,0.994732779835879,5000
232,40,"severe","85_15","extreme",0.1,"nk_minority","mlma_cr2",0.0501048261398632,0.0514609023276419,0.973648417994212,5000
