"condition_id","J","k_imbalance","moderator_split","n_imbalance","beta1_true","allocation_pattern","method","coverage","mcse_coverage","mean_ci_width","n_success"
1,20,"balanced","50_50","balanced",0,"independent","aggregate_hksj",0.9494,0.00309966578843591,0.224035437534463,5000
1,20,"balanced","50_50","balanced",0,"independent","che_rve",0.9494,0.00309966578843591,0.224035437534463,5000
1,20,"balanced","50_50","balanced",0,"independent","mlma",0.9328,0.00354073890593475,0.209004200686295,5000
1,20,"balanced","50_50","balanced",0,"independent","mlma_cr2",0.9494,0.00309966578843591,0.224035437534463,5000
2,20,"balanced","50_50","balanced",0.1,"independent","aggregate_hksj",0.9474,0.00315699984162179,0.223571271879817,5000
2,20,"balanced","50_50","balanced",0.1,"independent","che_rve",0.9474,0.00315699984162179,0.223571271879817,5000
2,20,"balanced","50_50","balanced",0.1,"independent","mlma",0.9284,0.00364618814654428,0.208575723270154,5000
2,20,"balanced","50_50","balanced",0.1,"independent","mlma_cr2",0.9474,0.00315699984162179,0.223571271879817,5000
3,20,"balanced","50_50","moderate",0,"independent","aggregate_hksj",0.9474,0.00315699984162179,0.227009528325944,5000
3,20,"balanced","50_50","moderate",0,"independent","che_rve",0.9478,0.00314563697841948,0.227164898037793,5000
3,20,"balanced","50_50","moderate",0,"independent","mlma",0.9326,0.00354562378150869,0.21219345250071,5000
3,20,"balanced","50_50","moderate",0,"independent","mlma_cr2",0.948,0.00313993630508646,0.227494531608761,5000
4,20,"balanced","50_50","moderate",0.1,"independent","aggregate_hksj",0.9526,0.00300510365877785,0.228029745637681,5000
4,20,"balanced","50_50","moderate",0.1,"independent","che_rve",0.953,0.00299302522541993,0.228234264456394,5000
4,20,"balanced","50_50","moderate",0.1,"independent","mlma",0.937,0.00343601513384327,0.213117856214898,5000
4,20,"balanced","50_50","moderate",0.1,"independent","mlma_cr2",0.952,0.00302311098043059,0.228455596143064,5000
5,20,"balanced","50_50","severe",0,"independent","aggregate_hksj",0.9494,0.00309966578843591,0.235989089035653,5000
5,20,"balanced","50_50","severe",0,"independent","che_rve",0.95,0.00308220700148449,0.236866782676327,5000
5,20,"balanced","50_50","severe",0,"independent","mlma",0.9358,0.00346636293541228,0.22232727609541,5000
5,20,"balanced","50_50","severe",0,"independent","mlma_cr2",0.9502,0.00307636018697421,0.238471211943975,5000
6,20,"balanced","50_50","severe",0.1,"independent","aggregate_hksj",0.9512,0.00304691844328003,0.23620776474526,5000
6,20,"balanced","50_50","severe",0.1,"independent","che_rve",0.9492,0.00310545842026584,0.237122525143664,5000
6,20,"balanced","50_50","severe",0.1,"independent","mlma",0.936,0.00346132922444543,0.222519118315386,5000
6,20,"balanced","50_50","severe",0.1,"independent","mlma_cr2",0.952,0.00302311098043059,0.23873619179665,5000
7,20,"balanced","50_50","extreme",0,"independent","aggregate_hksj",0.9452,0.00321860093829602,0.252073126401539,5000
7,20,"balanced","50_50","extreme",0,"independent","che_rve",0.9506,0.0030646252625729,0.255652769055558,5000
7,20,"balanced","50_50","extreme",0,"independent","mlma",0.9348,0.00349138826256834,0.243153679462482,5000
7,20,"balanced","50_50","extreme",0,"independent","mlma_cr2",0.9524,0.00301112072159188,0.261474605355498,5000
8,20,"balanced","50_50","extreme",0.1,"independent","aggregate_hksj",0.9466,0.00317957355631223,0.253815195374838,5000
8,20,"balanced","50_50","extreme",0.1,"independent","che_rve",0.9526,0.00300510365877785,0.257090180647549,5000
8,20,"balanced","50_50","extreme",0.1,"independent","mlma",0.9408,0.0033375248313683,0.244774780695004,5000
8,20,"balanced","50_50","extreme",0.1,"independent","mlma_cr2",0.9536,0.00297479545515318,0.263185936804317,5000
9,20,"balanced","70_30","balanced",0,"independent","aggregate_hksj",0.9506,0.0030646252625729,0.244876506148195,5000
9,20,"balanced","70_30","balanced",0,"independent","che_rve",0.954,0.00296256645495084,0.257328699055967,5000
9,20,"balanced","70_30","balanced",0,"independent","mlma",0.9358,0.00346636293541228,0.22844689731486,5000
9,20,"balanced","70_30","balanced",0,"independent","mlma_cr2",0.954,0.00296256645495084,0.257328699055967,5000
10,20,"balanced","70_30","balanced",0.1,"independent","aggregate_hksj",0.95,0.00308220700148449,0.243726911439629,5000
10,20,"balanced","70_30","balanced",0.1,"independent","che_rve",0.951,0.00305283474822991,0.257664555661655,5000
10,20,"balanced","70_30","balanced",0.1,"independent","mlma",0.935,0.00348640215695206,0.227374432790963,5000
10,20,"balanced","70_30","balanced",0.1,"independent","mlma_cr2",0.951,0.00305283474822991,0.257664555661655,5000
11,20,"balanced","70_30","moderate",0,"independent","aggregate_hksj",0.9506,0.0030646252625729,0.246937265485509,5000
11,20,"balanced","70_30","moderate",0,"independent","che_rve",0.9514,0.0030409879973456,0.260379815816285,5000
11,20,"balanced","70_30","moderate",0,"independent","mlma",0.9374,0.00342582077756557,0.230769346959981,5000
11,20,"balanced","70_30","moderate",0,"independent","mlma_cr2",0.9526,0.00300510365877785,0.260565461657974,5000
12,20,"balanced","70_30","moderate",0.1,"independent","aggregate_hksj",0.9514,0.0030409879973456,0.247421294992382,5000
12,20,"balanced","70_30","moderate",0.1,"independent","che_rve",0.954,0.00296256645495084,0.2612760496622,5000
12,20,"balanced","70_30","moderate",0.1,"independent","mlma",0.9402,0.00335332551357604,0.231273153530644,5000
12,20,"balanced","70_30","moderate",0.1,"independent","mlma_cr2",0.954,0.00296256645495084,0.261474961060348,5000
13,20,"balanced","70_30","severe",0,"independent","aggregate_hksj",0.9406,0.00334280241713446,0.257786767214458,5000
13,20,"balanced","70_30","severe",0,"independent","che_rve",0.946,0.00319637294444813,0.274467366956418,5000
13,20,"balanced","70_30","severe",0,"independent","mlma",0.93,0.00360832371053374,0.242753280266281,5000
13,20,"balanced","70_30","severe",0,"independent","mlma_cr2",0.9472,0.00316266216975509,0.275492405964333,5000
14,20,"balanced","70_30","severe",0.1,"independent","aggregate_hksj",0.9442,0.00324611644892786,0.256875503489116,5000
14,20,"balanced","70_30","severe",0.1,"independent","che_rve",0.9496,0.00309385972532693,0.273349193636124,5000
14,20,"balanced","70_30","severe",0.1,"independent","mlma",0.9322,0.00355536664775941,0.241876587355791,5000
14,20,"balanced","70_30","severe",0.1,"independent","mlma_cr2",0.9522,0.00301712313305241,0.274648407883438,5000
15,20,"balanced","70_30","extreme",0,"independent","aggregate_hksj",0.9444,0.00324063697442339,0.27635140677279,5000
15,20,"balanced","70_30","extreme",0,"independent","che_rve",0.954,0.00296256645495084,0.299699298265309,5000
15,20,"balanced","70_30","extreme",0,"independent","mlma",0.9358,0.00346636293541228,0.265950813985354,5000
15,20,"balanced","70_30","extreme",0,"independent","mlma_cr2",0.9518,0.00302908435009658,0.303448001924711,5000
16,20,"balanced","70_30","extreme",0.1,"independent","aggregate_hksj",0.9426,0.0032895361375124,0.276389922149235,5000
16,20,"balanced","70_30","extreme",0.1,"independent","che_rve",0.9494,0.00309966578843591,0.298026720016994,5000
16,20,"balanced","70_30","extreme",0.1,"independent","mlma",0.931,0.00358438279205779,0.266179968459808,5000
16,20,"balanced","70_30","extreme",0.1,"independent","mlma_cr2",0.9502,0.00307636018697421,0.302522188141712,5000
17,20,"balanced","85_15","balanced",0,"independent","aggregate_hksj",0.9456,0.0032075111847038,0.3133623907723,5000
17,20,"balanced","85_15","balanced",0,"independent","che_rve",0.97,0.00241246761636296,0.471370698273992,5000
17,20,"balanced","85_15","balanced",0,"independent","mlma",0.9306,0.00359398497492686,0.292337987769527,5000
17,20,"balanced","85_15","balanced",0,"independent","mlma_cr2",0.97,0.00241246761636296,0.471370698273992,5000
18,20,"balanced","85_15","balanced",0.1,"independent","aggregate_hksj",0.9502,0.00307636018697421,0.313603615502409,5000
18,20,"balanced","85_15","balanced",0.1,"independent","che_rve",0.9716,0.00234918879615922,0.468055131207129,5000
18,20,"balanced","85_15","balanced",0.1,"independent","mlma",0.936,0.00346132922444543,0.292565010408713,5000
18,20,"balanced","85_15","balanced",0.1,"independent","mlma_cr2",0.9716,0.00234918879615922,0.468055131207129,5000
19,20,"balanced","85_15","moderate",0,"independent","aggregate_hksj",0.9452,0.00321860093829602,0.317697686954475,5000
19,20,"balanced","85_15","moderate",0,"independent","che_rve",0.9708,0.00238106530779817,0.476396047705921,5000
19,20,"balanced","85_15","moderate",0,"independent","mlma",0.9286,0.0036414843127494,0.296802987484084,5000
19,20,"balanced","85_15","moderate",0,"independent","mlma_cr2",0.9702,0.00240466047499434,0.475884755740454,5000
20,20,"balanced","85_15","moderate",0.1,"independent","aggregate_hksj",0.9502,0.00307636018697421,0.318033262256042,5000
20,20,"balanced","85_15","moderate",0.1,"independent","che_rve",0.969,0.00245108139399735,0.479307050668323,5000
20,20,"balanced","85_15","moderate",0.1,"independent","mlma",0.9334,0.00352603006226549,0.297177936671616,5000
20,20,"balanced","85_15","moderate",0.1,"independent","mlma_cr2",0.9696,0.00242799670510485,0.478280443738954,5000
21,20,"balanced","85_15","severe",0,"independent","aggregate_hksj",0.9524,0.00301112072159188,0.331082413954621,5000
21,20,"balanced","85_15","severe",0,"independent","che_rve",0.9708,0.00238106530779817,0.506909743330949,5000
21,20,"balanced","85_15","severe",0,"independent","mlma",0.9396,0.00336903072114221,0.311143354347649,5000
21,20,"balanced","85_15","severe",0,"independent","mlma_cr2",0.971,0.00237314137800511,0.500230625589286,5000
22,20,"balanced","85_15","severe",0.1,"independent","aggregate_hksj",0.9504,0.00307049963361014,0.331224452749529,5000
22,20,"balanced","85_15","severe",0.1,"independent","che_rve",0.9698,0.00242024626846113,0.507604294539251,5000
22,20,"balanced","85_15","severe",0.1,"independent","mlma",0.9356,0.00347138704266753,0.311300112055577,5000
22,20,"balanced","85_15","severe",0.1,"independent","mlma_cr2",0.9704,0.00239682456596222,0.501048923138763,5000
23,20,"balanced","85_15","extreme",0,"independent","aggregate_hksj",0.946,0.00319637294444813,0.360634684291334,5000
23,20,"balanced","85_15","extreme",0,"independent","che_rve",0.9782,0.00206517602155361,0.590790556073229,5000
23,20,"balanced","85_15","extreme",0,"independent","mlma",0.9354,0.00347640158784914,0.344104182979164,5000
23,20,"balanced","85_15","extreme",0,"independent","mlma_cr2",0.9754,0.00219065469666034,0.569777790634485,5000
24,20,"balanced","85_15","extreme",0.1,"independent","aggregate_hksj",0.9488,0.0031170036894428,0.358136292923377,5000
24,20,"balanced","85_15","extreme",0.1,"independent","che_rve",0.9774,0.00210186774084384,0.588308657743624,5000
24,20,"balanced","85_15","extreme",0.1,"independent","mlma",0.9338,0.00351617860752266,0.341575822246997,5000
24,20,"balanced","85_15","extreme",0.1,"independent","mlma_cr2",0.9732,0.00228393344911799,0.566647733793851,5000
25,20,"moderate","50_50","balanced",0,"independent","aggregate_hksj",0.9506,0.0030646252625729,0.237461355608163,5000
25,20,"moderate","50_50","balanced",0,"independent","che_rve",0.9434,0.00326791799162708,0.232795358033495,5000
25,20,"moderate","50_50","balanced",0,"independent","mlma",0.927,0.00367888570086106,0.216391641008065,5000
25,20,"moderate","50_50","balanced",0,"independent","mlma_cr2",0.9434,0.00326791799162708,0.232786316433511,5000
26,20,"moderate","50_50","balanced",0.1,"independent","aggregate_hksj",0.9504,0.00307049963361014,0.236430542703698,5000
26,20,"moderate","50_50","balanced",0.1,"independent","che_rve",0.9484,0.00312849612433834,0.232015488311589,5000
26,20,"moderate","50_50","balanced",0.1,"independent","mlma",0.9322,0.00355536664775941,0.215704624830345,5000
26,20,"moderate","50_50","balanced",0.1,"independent","mlma_cr2",0.9484,0.00312849612433834,0.232002507703824,5000
27,20,"moderate","50_50","moderate",0,"independent","aggregate_hksj",0.95,0.00308220700148449,0.241490922481359,5000
27,20,"moderate","50_50","moderate",0,"independent","che_rve",0.9448,0.00322964270469661,0.237207484179456,5000
27,20,"moderate","50_50","moderate",0,"independent","mlma",0.931,0.00358438279205779,0.220728786033451,5000
27,20,"moderate","50_50","moderate",0,"independent","mlma_cr2",0.9446,0.00323514574633045,0.237455748405267,5000
28,20,"moderate","50_50","moderate",0.1,"independent","aggregate_hksj",0.9538,0.00296868859936505,0.241396922749224,5000
28,20,"moderate","50_50","moderate",0.1,"independent","che_rve",0.9494,0.00309966578843591,0.237223129237976,5000
28,20,"moderate","50_50","moderate",0.1,"independent","mlma",0.9334,0.00352603006226549,0.220862117299125,5000
28,20,"moderate","50_50","moderate",0.1,"independent","mlma_cr2",0.949,0.00311123769583746,0.237517526605064,5000
29,20,"moderate","50_50","severe",0,"independent","aggregate_hksj",0.9506,0.0030646252625729,0.249063133314839,5000
29,20,"moderate","50_50","severe",0,"independent","che_rve",0.9476,0.00315132480077824,0.246314547501481,5000
29,20,"moderate","50_50","severe",0,"independent","mlma",0.9354,0.00347640158784914,0.230022993086905,5000
29,20,"moderate","50_50","severe",0,"independent","mlma_cr2",0.951,0.00305283474822991,0.247757637075751,5000
30,20,"moderate","50_50","severe",0.1,"independent","aggregate_hksj",0.9496,0.00309385972532693,0.249579610810776,5000
30,20,"moderate","50_50","severe",0.1,"independent","che_rve",0.9544,0.00295027591929975,0.246562204870884,5000
30,20,"moderate","50_50","severe",0.1,"independent","mlma",0.9396,0.00336903072114221,0.230425908493268,5000
30,20,"moderate","50_50","severe",0.1,"independent","mlma_cr2",0.9542,0.00295642892693195,0.248110814133598,5000
31,20,"moderate","50_50","extreme",0,"independent","aggregate_hksj",0.943,0.00327874976172321,0.267446892480931,5000
31,20,"moderate","50_50","extreme",0,"independent","che_rve",0.9478,0.00314563697841948,0.267206453429079,5000
31,20,"moderate","50_50","extreme",0,"independent","mlma",0.9322,0.00355536664775941,0.253037728413051,5000
31,20,"moderate","50_50","extreme",0,"independent","mlma_cr2",0.9506,0.0030646252625729,0.273252860756321,5000
32,20,"moderate","50_50","extreme",0.1,"independent","aggregate_hksj",0.937987597519504,0.00341111419096802,0.266733336675052,4999
32,20,"moderate","50_50","extreme",0.1,"independent","che_rve",0.941,0.00333223648620562,0.266485210523556,5000
32,20,"moderate","50_50","extreme",0.1,"independent","mlma",0.9274,0.00366958417262774,0.252136877949955,5000
32,20,"moderate","50_50","extreme",0.1,"independent","mlma_cr2",0.9436,0.00326248494249399,0.272335792440127,5000
33,20,"moderate","70_30","balanced",0,"independent","aggregate_hksj",0.9546,0.00294410733499986,0.259923153233877,5000
33,20,"moderate","70_30","balanced",0,"independent","che_rve",0.9566,0.00288154264240528,0.27021755861475,5000
33,20,"moderate","70_30","balanced",0,"independent","mlma",0.9348,0.00349138826256834,0.237600464192767,5000
33,20,"moderate","70_30","balanced",0,"independent","mlma_cr2",0.9566,0.00288154264240528,0.270206804310625,5000
34,20,"moderate","70_30","balanced",0.1,"independent","aggregate_hksj",0.9514,0.0030409879973456,0.259158624503163,5000
34,20,"moderate","70_30","balanced",0.1,"independent","che_rve",0.9538,0.00296868859936505,0.270443777646496,5000
34,20,"moderate","70_30","balanced",0.1,"independent","mlma",0.9338,0.00351617860752266,0.236854910123058,5000
34,20,"moderate","70_30","balanced",0.1,"independent","mlma_cr2",0.9536,0.00297479545515318,0.270436181899353,5000
35,20,"moderate","70_30","moderate",0,"independent","aggregate_hksj",0.95,0.00308220700148449,0.263457360994581,5000
35,20,"moderate","70_30","moderate",0,"independent","che_rve",0.9512,0.00304691844328003,0.274819482033585,5000
35,20,"moderate","70_30","moderate",0,"independent","mlma",0.9328,0.00354073890593475,0.240656348269967,5000
35,20,"moderate","70_30","moderate",0,"independent","mlma_cr2",0.9508,0.00305873699425106,0.274952165598988,5000
36,20,"moderate","70_30","moderate",0.1,"independent","aggregate_hksj",0.9558,0.00290676314824583,0.263583610325215,5000
36,20,"moderate","70_30","moderate",0.1,"independent","che_rve",0.9532,0.00298696367570816,0.275351744354838,5000
36,20,"moderate","70_30","moderate",0.1,"independent","mlma",0.9358,0.00346636293541228,0.241326318621956,5000
36,20,"moderate","70_30","moderate",0.1,"independent","mlma_cr2",0.9532,0.00298696367570816,0.275585975001493,5000
37,20,"moderate","70_30","severe",0,"independent","aggregate_hksj",0.9488,0.0031170036894428,0.271572025811789,5000
37,20,"moderate","70_30","severe",0,"independent","che_rve",0.9548,0.00293792307591605,0.285381486956114,5000
37,20,"moderate","70_30","severe",0,"independent","mlma",0.9326,0.00354562378150869,0.250653174316255,5000
37,20,"moderate","70_30","severe",0,"independent","mlma_cr2",0.9542,0.00295642892693195,0.286528449724088,5000
38,20,"moderate","70_30","severe",0.1,"independent","aggregate_hksj",0.9468,0.00317394895989208,0.272564579505217,5000
38,20,"moderate","70_30","severe",0.1,"independent","che_rve",0.951,0.00305283474822991,0.28593688547982,5000
38,20,"moderate","70_30","severe",0.1,"independent","mlma",0.9342,0.00350629034736144,0.251785066657018,5000
38,20,"moderate","70_30","severe",0.1,"independent","mlma_cr2",0.9508,0.00305873699425106,0.287408399535772,5000
39,20,"moderate","70_30","extreme",0,"independent","aggregate_hksj",0.9496,0.00309385972532693,0.292028492034188,5000
39,20,"moderate","70_30","extreme",0,"independent","che_rve",0.9536,0.00297479545515318,0.312678238269898,5000
39,20,"moderate","70_30","extreme",0,"independent","mlma",0.9382,0.00340531232047811,0.276502182235081,5000
39,20,"moderate","70_30","extreme",0,"independent","mlma_cr2",0.9532,0.00298696367570816,0.3184599804252,5000
40,20,"moderate","70_30","extreme",0.1,"independent","aggregate_hksj",0.944788957791558,0.00323026988563598,0.293038204667202,4999
40,20,"moderate","70_30","extreme",0.1,"independent","che_rve",0.9514,0.0030409879973456,0.314182792861565,5000
40,20,"moderate","70_30","extreme",0.1,"independent","mlma",0.9332,0.00353094208392038,0.277093835225556,5000
40,20,"moderate","70_30","extreme",0.1,"independent","mlma_cr2",0.9518,0.00302908435009658,0.319028134593791,5000
41,20,"moderate","85_15","balanced",0,"independent","aggregate_hksj",0.9474,0.00315699984162179,0.33420043243833,5000
41,20,"moderate","85_15","balanced",0,"independent","che_rve",0.9728,0.00230044169671826,0.502577226082801,5000
41,20,"moderate","85_15","balanced",0,"independent","mlma",0.9318,0.00356507391227728,0.306241698389393,5000
41,20,"moderate","85_15","balanced",0,"independent","mlma_cr2",0.9728,0.00230044169671826,0.502624894708266,5000
42,20,"moderate","85_15","balanced",0.1,"independent","aggregate_hksj",0.952,0.00302311098043059,0.331459566898752,5000
42,20,"moderate","85_15","balanced",0.1,"independent","che_rve",0.975,0.00220794021658196,0.504545579043026,5000
42,20,"moderate","85_15","balanced",0.1,"independent","mlma",0.9348,0.00349138826256834,0.304309447505987,5000
42,20,"moderate","85_15","balanced",0.1,"independent","mlma_cr2",0.9748,0.00221652701314466,0.504562516679527,5000
43,20,"moderate","85_15","moderate",0,"independent","aggregate_hksj",0.9514,0.0030409879973456,0.338095005920246,5000
43,20,"moderate","85_15","moderate",0,"independent","che_rve",0.9728,0.00230044169671826,0.509546149989572,5000
43,20,"moderate","85_15","moderate",0,"independent","mlma",0.9306,0.00359398497492686,0.310314878396395,5000
43,20,"moderate","85_15","moderate",0,"independent","mlma_cr2",0.9728,0.00230044169671826,0.50937175500759,5000
44,20,"moderate","85_15","moderate",0.1,"independent","aggregate_hksj",0.9496,0.00309385972532693,0.33749299761233,5000
44,20,"moderate","85_15","moderate",0.1,"independent","che_rve",0.9724,0.00231681850821336,0.513673777142403,5000
44,20,"moderate","85_15","moderate",0.1,"independent","mlma",0.9356,0.00347138704266753,0.309838182892596,5000
44,20,"moderate","85_15","moderate",0.1,"independent","mlma_cr2",0.973,0.00229220417938717,0.513811078029436,5000
45,20,"moderate","85_15","severe",0,"independent","aggregate_hksj",0.947,0.00316831185333767,0.350263004451877,5000
45,20,"moderate","85_15","severe",0,"independent","che_rve",0.9728,0.00230044169671826,0.543134836426913,5000
45,20,"moderate","85_15","severe",0,"independent","mlma",0.9296,0.00361784023970103,0.323952034444929,5000
45,20,"moderate","85_15","severe",0,"independent","mlma_cr2",0.9738,0.00225891832521674,0.541573930534329,5000
46,20,"moderate","85_15","severe",0.1,"independent","aggregate_hksj",0.9498,0.00308804015517933,0.348131134968635,5000
46,20,"moderate","85_15","severe",0.1,"independent","che_rve",0.9736,0.00226729089443768,0.545538249872104,5000
46,20,"moderate","85_15","severe",0.1,"independent","mlma",0.9322,0.00355536664775941,0.322516376054215,5000
46,20,"moderate","85_15","severe",0.1,"independent","mlma_cr2",0.9722,0.00232495849425318,0.543624661230174,5000
47,20,"moderate","85_15","extreme",0,"independent","aggregate_hksj",0.9406,0.00334280241713446,0.378878504782662,5000
47,20,"moderate","85_15","extreme",0,"independent","che_rve",0.9754,0.00219065469666034,0.627604406885612,5000
47,20,"moderate","85_15","extreme",0,"independent","mlma",0.9314,0.00357474586509307,0.357791861630914,5000
47,20,"moderate","85_15","extreme",0,"independent","mlma_cr2",0.9732,0.00228393344911799,0.620123840640374,5000
48,20,"moderate","85_15","extreme",0.1,"independent","aggregate_hksj",0.9426,0.0032895361375124,0.377743869652866,5000
48,20,"moderate","85_15","extreme",0.1,"independent","che_rve",0.9788,0.00203718236787971,0.623285082578509,5000
48,20,"moderate","85_15","extreme",0.1,"independent","mlma",0.9282,0.00365088372863338,0.355672818356627,5000
48,20,"moderate","85_15","extreme",0.1,"independent","mlma_cr2",0.9766,0.00213786996798215,0.615851033930771,5000
49,20,"severe","50_50","balanced",0,"independent","aggregate_hksj",0.9496,0.00309385972532693,0.256435026454145,5000
49,20,"severe","50_50","balanced",0,"independent","che_rve",0.9476,0.00315132480077824,0.250105033505913,5000
49,20,"severe","50_50","balanced",0,"independent","mlma",0.9282,0.00365088372863338,0.231298636813405,5000
49,20,"severe","50_50","balanced",0,"independent","mlma_cr2",0.947,0.00316831185333767,0.250001594678469,5000
50,20,"severe","50_50","balanced",0.1,"independent","aggregate_hksj",0.955,0.00293172304285381,0.255590217628846,5000
50,20,"severe","50_50","balanced",0.1,"independent","che_rve",0.9472,0.00316266216975509,0.248790919416681,5000
50,20,"severe","50_50","balanced",0.1,"independent","mlma",0.9258,0.00370659844061911,0.230063053987783,5000
50,20,"severe","50_50","balanced",0.1,"independent","mlma_cr2",0.9462,0.00319078548323136,0.248591468591037,5000
51,20,"severe","50_50","moderate",0,"independent","aggregate_hksj",0.9544,0.00295027591929975,0.259587875591976,5000
51,20,"severe","50_50","moderate",0,"independent","che_rve",0.9524,0.00301112072159188,0.253378912986079,5000
51,20,"severe","50_50","moderate",0,"independent","mlma",0.929,0.00363205176174569,0.234656736236491,5000
51,20,"severe","50_50","moderate",0,"independent","mlma_cr2",0.9498,0.00308804015517933,0.253413475080436,5000
52,20,"severe","50_50","moderate",0.1,"independent","aggregate_hksj",0.9484,0.00312849612433834,0.259847566270749,5000
52,20,"severe","50_50","moderate",0.1,"independent","che_rve",0.9458,0.00320194815698193,0.253767693526185,5000
52,20,"severe","50_50","moderate",0.1,"independent","mlma",0.9262,0.00369739259478893,0.234940630892771,5000
52,20,"severe","50_50","moderate",0.1,"independent","mlma_cr2",0.9452,0.00321860093829602,0.253856829564869,5000
53,20,"severe","50_50","severe",0,"independent","aggregate_hksj",0.9434,0.00326791799162708,0.268181287453998,5000
53,20,"severe","50_50","severe",0,"independent","che_rve",0.9432,0.00327333957908433,0.262724031122528,5000
53,20,"severe","50_50","severe",0,"independent","mlma",0.9196,0.0038454086908936,0.243477027816567,5000
53,20,"severe","50_50","severe",0,"independent","mlma_cr2",0.9428,0.00328414859590732,0.263682835150726,5000
54,20,"severe","50_50","severe",0.1,"independent","aggregate_hksj",0.946,0.00319637294444813,0.269787830316941,5000
54,20,"severe","50_50","severe",0.1,"independent","che_rve",0.9428,0.00328414859590732,0.26439834543099,5000
54,20,"severe","50_50","severe",0.1,"independent","mlma",0.923,0.00377017240985077,0.245284688063311,5000
54,20,"severe","50_50","severe",0.1,"independent","mlma_cr2",0.9408,0.0033375248313683,0.265458812172792,5000
55,20,"severe","50_50","extreme",0,"independent","aggregate_hksj",0.935787157431486,0.00346703255630897,0.286680312203915,4999
55,20,"severe","50_50","extreme",0,"independent","che_rve",0.9366,0.00344617004803884,0.284210014284388,5000
55,20,"severe","50_50","extreme",0,"independent","mlma",0.913,0.00398574961581884,0.265349160736772,5000
55,20,"severe","50_50","extreme",0,"independent","mlma_cr2",0.9382,0.00340531232047811,0.288816478322993,5000
56,20,"severe","50_50","extreme",0.1,"independent","aggregate_hksj",0.9378,0.00341558662604244,0.288765564711844,5000
56,20,"severe","50_50","extreme",0.1,"independent","che_rve",0.9338,0.00351617860752266,0.286458777278699,5000
56,20,"severe","50_50","extreme",0.1,"independent","mlma",0.9176,0.00388870775451177,0.268687162300728,5000
56,20,"severe","50_50","extreme",0.1,"independent","mlma_cr2",0.9404,0.00334806929438445,0.292041493410415,5000
57,20,"severe","70_30","balanced",0,"independent","aggregate_hksj",0.9562,0.00289418589589542,0.280210394582291,5000
57,20,"severe","70_30","balanced",0,"independent","che_rve",0.9554,0.00291927525252416,0.29110136114334,5000
57,20,"severe","70_30","balanced",0,"independent","mlma",0.934,0.00351123909752668,0.252999473695904,5000
57,20,"severe","70_30","balanced",0,"independent","mlma_cr2",0.9548,0.00293792307591605,0.290960645788012,5000
58,20,"severe","70_30","balanced",0.1,"independent","aggregate_hksj",0.9484,0.00312849612433834,0.279640035113697,5000
58,20,"severe","70_30","balanced",0.1,"independent","che_rve",0.948,0.00313993630508646,0.289047518867759,5000
58,20,"severe","70_30","balanced",0.1,"independent","mlma",0.923,0.00377017240985077,0.252138240809776,5000
58,20,"severe","70_30","balanced",0.1,"independent","mlma_cr2",0.947,0.00316831185333767,0.288962859019539,5000
59,20,"severe","70_30","moderate",0,"independent","aggregate_hksj",0.9528,0.00299907185642492,0.28300525531933,5000
59,20,"severe","70_30","moderate",0,"independent","che_rve",0.9532,0.00298696367570816,0.294509575959889,5000
59,20,"severe","70_30","moderate",0,"independent","mlma",0.9296,0.00361784023970103,0.256587957146228,5000
59,20,"severe","70_30","moderate",0,"independent","mlma_cr2",0.9528,0.00299907185642492,0.294673940564036,5000
60,20,"severe","70_30","moderate",0.1,"independent","aggregate_hksj",0.951,0.00305283474822991,0.283418611173419,5000
60,20,"severe","70_30","moderate",0.1,"independent","che_rve",0.9472,0.00316266216975509,0.294531025668867,5000
60,20,"severe","70_30","moderate",0.1,"independent","mlma",0.9248,0.00372947610261817,0.256541735141141,5000
60,20,"severe","70_30","moderate",0.1,"independent","mlma_cr2",0.9496,0.00309385972532693,0.294762199615501,5000
61,20,"severe","70_30","severe",0,"independent","aggregate_hksj",0.9506,0.0030646252625729,0.293477888207993,5000
61,20,"severe","70_30","severe",0,"independent","che_rve",0.9504,0.00307049963361014,0.306728806224893,5000
61,20,"severe","70_30","severe",0,"independent","mlma",0.9292,0.00362732297982961,0.267995321010266,5000
61,20,"severe","70_30","severe",0,"independent","mlma_cr2",0.9518,0.00302908435009658,0.307885288695777,5000
62,20,"severe","70_30","severe",0.1,"independent","aggregate_hksj",0.9476,0.00315132480077824,0.292528336196864,5000
62,20,"severe","70_30","severe",0.1,"independent","che_rve",0.9514,0.0030409879973456,0.305455494362165,5000
62,20,"severe","70_30","severe",0.1,"independent","mlma",0.93,0.00360832371053374,0.266674292581109,5000
62,20,"severe","70_30","severe",0.1,"independent","mlma_cr2",0.9516,0.00303504332753257,0.30652567603444,5000
63,20,"severe","70_30","extreme",0,"independent","aggregate_hksj",0.9446,0.00323514574633045,0.314410213645985,5000
63,20,"severe","70_30","extreme",0,"independent","che_rve",0.9468,0.00317394895989208,0.336129272063062,5000
63,20,"severe","70_30","extreme",0,"independent","mlma",0.9248,0.00372947610261817,0.292975540360227,5000
63,20,"severe","70_30","extreme",0,"independent","mlma_cr2",0.9512,0.00304691844328003,0.341663329097429,5000
64,20,"severe","70_30","extreme",0.1,"independent","aggregate_hksj",0.9426,0.0032895361375124,0.314156941301484,5000
64,20,"severe","70_30","extreme",0.1,"independent","che_rve",0.95,0.00308220700148449,0.335674659099618,5000
64,20,"severe","70_30","extreme",0.1,"independent","mlma",0.929,0.00363205176174569,0.291963421458913,5000
64,20,"severe","70_30","extreme",0.1,"independent","mlma_cr2",0.9506,0.0030646252625729,0.339418346220307,5000
65,20,"severe","85_15","balanced",0,"independent","aggregate_hksj",0.9514,0.0030409879973456,0.359816356205151,5000
65,20,"severe","85_15","balanced",0,"independent","che_rve",0.9766,0.00213786996798215,0.543526650406787,5000
65,20,"severe","85_15","balanced",0,"independent","mlma",0.924,0.00374763925691895,0.325788185985004,5000
65,20,"severe","85_15","balanced",0,"independent","mlma_cr2",0.976,0.00216443988135499,0.543322167319474,5000
66,20,"severe","85_15","balanced",0.1,"independent","aggregate_hksj",0.9544,0.00295027591929975,0.35744096160289,5000
66,20,"severe","85_15","balanced",0.1,"independent","che_rve",0.9774,0.00210186774084384,0.533859024108643,5000
66,20,"severe","85_15","balanced",0.1,"independent","mlma",0.9304,0.00359877312427444,0.324258738604839,5000
66,20,"severe","85_15","balanced",0.1,"independent","mlma_cr2",0.9768,0.0021289321266776,0.533797800699959,5000
67,20,"severe","85_15","moderate",0,"independent","aggregate_hksj",0.9484,0.00312849612433834,0.361323632889263,5000
67,20,"severe","85_15","moderate",0,"independent","che_rve",0.9718,0.00234114331043616,0.548409108338723,5000
67,20,"severe","85_15","moderate",0,"independent","mlma",0.9316,0.00356991428468528,0.329316077170135,5000
67,20,"severe","85_15","moderate",0,"independent","mlma_cr2",0.9712,0.00236518751899295,0.548665763287653,5000
68,20,"severe","85_15","moderate",0.1,"independent","aggregate_hksj",0.954,0.00296256645495084,0.362115246007049,5000
68,20,"severe","85_15","moderate",0.1,"independent","che_rve",0.975,0.00220794021658196,0.551387300404917,5000
68,20,"severe","85_15","moderate",0.1,"independent","mlma",0.9294,0.00362258581678889,0.329008854965827,5000
68,20,"severe","85_15","moderate",0.1,"independent","mlma_cr2",0.9746,0.00222507707731665,0.55167889925359,5000
69,20,"severe","85_15","severe",0,"independent","aggregate_hksj",0.9456,0.0032075111847038,0.376427743458803,5000
69,20,"severe","85_15","severe",0,"independent","che_rve",0.9714,0.0023572034277932,0.57931652571683,5000
69,20,"severe","85_15","severe",0,"independent","mlma",0.9226,0.00377913323395723,0.34539952132434,5000
69,20,"severe","85_15","severe",0,"independent","mlma_cr2",0.9706,0.00238895960618843,0.580453383432745,5000
70,20,"severe","85_15","severe",0.1,"independent","aggregate_hksj",0.9438,0.00325704037432759,0.378051662236011,5000
70,20,"severe","85_15","severe",0.1,"independent","che_rve",0.9698,0.00242024626846113,0.58496526296905,5000
70,20,"severe","85_15","severe",0.1,"independent","mlma",0.9194,0.00384976986325157,0.345170813417772,5000
70,20,"severe","85_15","severe",0.1,"independent","mlma_cr2",0.97,0.00241246761636296,0.585079720820207,5000
71,20,"severe","85_15","extreme",0,"independent","aggregate_hksj",0.946,0.00319637294444813,0.406134724524972,5000
71,20,"severe","85_15","extreme",0,"independent","che_rve",0.9776,0.00209276085590303,0.673971100355893,5000
71,20,"severe","85_15","extreme",0,"independent","mlma",0.926,0.00370199945975144,0.38074522917519,5000
71,20,"severe","85_15","extreme",0,"independent","mlma_cr2",0.9788,0.00203718236787971,0.673557268460399,5000
72,20,"severe","85_15","extreme",0.1,"independent","aggregate_hksj",0.9488,0.0031170036894428,0.409604552494236,5000
72,20,"severe","85_15","extreme",0.1,"independent","che_rve",0.9776,0.00209276085590303,0.677256643183878,5000
72,20,"severe","85_15","extreme",0.1,"independent","mlma",0.928,0.00365557109081467,0.382211844910965,5000
72,20,"severe","85_15","extreme",0.1,"independent","mlma_cr2",0.9784,0.00205589104769684,0.679104548885003,5000
73,40,"balanced","50_50","balanced",0,"independent","aggregate_hksj",0.9442,0.00324611644892786,0.153922830483758,5000
73,40,"balanced","50_50","balanced",0,"independent","che_rve",0.9442,0.00324611644892786,0.153922830483758,5000
73,40,"balanced","50_50","balanced",0,"independent","mlma",0.9348,0.00349138826256834,0.149023944027598,5000
73,40,"balanced","50_50","balanced",0,"independent","mlma_cr2",0.9442,0.00324611644892786,0.153922830483758,5000
74,40,"balanced","50_50","balanced",0.1,"independent","aggregate_hksj",0.9564,0.00288787257336607,0.153811500278744,5000
74,40,"balanced","50_50","balanced",0.1,"independent","che_rve",0.9564,0.00288787257336607,0.153811500278744,5000
74,40,"balanced","50_50","balanced",0.1,"independent","mlma",0.9484,0.00312849612433834,0.148916157003487,5000
74,40,"balanced","50_50","balanced",0.1,"independent","mlma_cr2",0.9564,0.00288787257336607,0.153811500278744,5000
75,40,"balanced","50_50","moderate",0,"independent","aggregate_hksj",0.9484,0.00312849612433834,0.156215909801824,5000
75,40,"balanced","50_50","moderate",0,"independent","che_rve",0.9488,0.0031170036894428,0.156257485695762,5000
75,40,"balanced","50_50","moderate",0,"independent","mlma",0.9402,0.00335332551357604,0.151484360797763,5000
75,40,"balanced","50_50","moderate",0,"independent","mlma_cr2",0.9492,0.00310545842026584,0.156467511853439,5000
76,40,"balanced","50_50","moderate",0.1,"independent","aggregate_hksj",0.9458,0.00320194815698193,0.155802313297669,5000
76,40,"balanced","50_50","moderate",0.1,"independent","che_rve",0.9452,0.00321860093829602,0.155861433652413,5000
76,40,"balanced","50_50","moderate",0.1,"independent","mlma",0.939,0.00338464178311384,0.151085791735591,5000
76,40,"balanced","50_50","moderate",0.1,"independent","mlma_cr2",0.9454,0.00321306209090332,0.156062725355799,5000
77,40,"balanced","50_50","severe",0,"independent","aggregate_hksj",0.9468,0.00317394895989208,0.162267457293302,5000
77,40,"balanced","50_50","severe",0,"independent","che_rve",0.9464,0.00318518570887162,0.162514800881368,5000
77,40,"balanced","50_50","severe",0,"independent","mlma",0.9386,0.00339499749631719,0.15844524523905,5000
77,40,"balanced","50_50","severe",0,"independent","mlma_cr2",0.947,0.00316831185333767,0.163701718694179,5000
78,40,"balanced","50_50","severe",0.1,"independent","aggregate_hksj",0.9488,0.0031170036894428,0.16242516997595,5000
78,40,"balanced","50_50","severe",0.1,"independent","che_rve",0.95,0.00308220700148449,0.162686333657525,5000
78,40,"balanced","50_50","severe",0.1,"independent","mlma",0.9452,0.00321860093829602,0.15859398856293,5000
78,40,"balanced","50_50","severe",0.1,"independent","mlma_cr2",0.9528,0.00299907185642492,0.16386053792481,5000
79,40,"balanced","50_50","extreme",0,"independent","aggregate_hksj",0.9506,0.0030646252625729,0.173343998369506,5000
79,40,"balanced","50_50","extreme",0,"independent","che_rve",0.9508,0.00305873699425106,0.174198815503198,5000
79,40,"balanced","50_50","extreme",0,"independent","mlma",0.9434,0.00326791799162708,0.172295908931151,5000
79,40,"balanced","50_50","extreme",0,"independent","mlma_cr2",0.9522,0.00301712313305241,0.178181494486958,5000
80,40,"balanced","50_50","extreme",0.1,"independent","aggregate_hksj",0.9474,0.00315699984162179,0.17338610870367,5000
80,40,"balanced","50_50","extreme",0.1,"independent","che_rve",0.9498,0.00308804015517933,0.174249501139841,5000
80,40,"balanced","50_50","extreme",0.1,"independent","mlma",0.9394,0.00337424480439698,0.172298638710434,5000
80,40,"balanced","50_50","extreme",0.1,"independent","mlma_cr2",0.949,0.00311123769583746,0.17814174848802,5000
81,40,"balanced","70_30","balanced",0,"independent","aggregate_hksj",0.952,0.00302311098043059,0.167771227568228,5000
81,40,"balanced","70_30","balanced",0,"independent","che_rve",0.9528,0.00299907185642492,0.171187042297725,5000
81,40,"balanced","70_30","balanced",0,"independent","mlma",0.9442,0.00324611644892786,0.162431589176178,5000
81,40,"balanced","70_30","balanced",0,"independent","mlma_cr2",0.9528,0.00299907185642492,0.171187042297725,5000
82,40,"balanced","70_30","balanced",0.1,"independent","aggregate_hksj",0.953,0.00299302522541993,0.168165899715341,5000
82,40,"balanced","70_30","balanced",0.1,"independent","che_rve",0.9512,0.00304691844328003,0.172138132553239,5000
82,40,"balanced","70_30","balanced",0.1,"independent","mlma",0.9464,0.00318518570887162,0.162813700151385,5000
82,40,"balanced","70_30","balanced",0.1,"independent","mlma_cr2",0.9512,0.00304691844328003,0.172138132553239,5000
83,40,"balanced","70_30","moderate",0,"independent","aggregate_hksj",0.9524,0.00301112072159188,0.170368708137907,5000
83,40,"balanced","70_30","moderate",0,"independent","che_rve",0.9536,0.00297479545515318,0.174005250551509,5000
83,40,"balanced","70_30","moderate",0,"independent","mlma",0.9446,0.00323514574633045,0.165207767863545,5000
83,40,"balanced","70_30","moderate",0,"independent","mlma_cr2",0.9538,0.00296868859936505,0.174167749811689,5000
84,40,"balanced","70_30","moderate",0.1,"independent","aggregate_hksj",0.9566,0.00288154264240528,0.170981859162284,5000
84,40,"balanced","70_30","moderate",0.1,"independent","che_rve",0.9538,0.00296868859936505,0.174537878653756,5000
84,40,"balanced","70_30","moderate",0.1,"independent","mlma",0.9482,0.0031342227106573,0.165801799141734,5000
84,40,"balanced","70_30","moderate",0.1,"independent","mlma_cr2",0.954,0.00296256645495084,0.174764849308386,5000
85,40,"balanced","70_30","severe",0,"independent","aggregate_hksj",0.9438,0.00325704037432759,0.176564232712095,5000
85,40,"balanced","70_30","severe",0,"independent","che_rve",0.9462,0.00319078548323136,0.18070643387293,5000
85,40,"balanced","70_30","severe",0,"independent","mlma",0.9384,0.00340015999623547,0.172376147962422,5000
85,40,"balanced","70_30","severe",0,"independent","mlma_cr2",0.9478,0.00314563697841948,0.181939063795248,5000
86,40,"balanced","70_30","severe",0.1,"independent","aggregate_hksj",0.947,0.00316831185333767,0.176682166862237,5000
86,40,"balanced","70_30","severe",0.1,"independent","che_rve",0.9472,0.00316266216975509,0.180763616569184,5000
86,40,"balanced","70_30","severe",0.1,"independent","mlma",0.9386,0.00339499749631719,0.17251359928594,5000
86,40,"balanced","70_30","severe",0.1,"independent","mlma_cr2",0.947,0.00316831185333767,0.181957494021748,5000
87,40,"balanced","70_30","extreme",0,"independent","aggregate_hksj",0.9468,0.00317394895989208,0.18888422305609,5000
87,40,"balanced","70_30","extreme",0,"independent","che_rve",0.951,0.00305283474822991,0.194467932295054,5000
87,40,"balanced","70_30","extreme",0,"independent","mlma",0.9396,0.00336903072114221,0.187671635846979,5000
87,40,"balanced","70_30","extreme",0,"independent","mlma_cr2",0.951,0.00305283474822991,0.198641168936696,5000
88,40,"balanced","70_30","extreme",0.1,"independent","aggregate_hksj",0.9434,0.00326791799162708,0.189159549589119,5000
88,40,"balanced","70_30","extreme",0.1,"independent","che_rve",0.9492,0.00310545842026584,0.195293794939998,5000
88,40,"balanced","70_30","extreme",0.1,"independent","mlma",0.9378,0.00341558662604244,0.187800605673544,5000
88,40,"balanced","70_30","extreme",0.1,"independent","mlma_cr2",0.95,0.00308220700148449,0.198870142329736,5000
89,40,"balanced","85_15","balanced",0,"independent","aggregate_hksj",0.9498,0.00308804015517933,0.21487223518305,5000
89,40,"balanced","85_15","balanced",0,"independent","che_rve",0.9502,0.00307636018697421,0.244348953108329,5000
89,40,"balanced","85_15","balanced",0,"independent","mlma",0.9416,0.00331630637909105,0.208033518174862,5000
89,40,"balanced","85_15","balanced",0,"independent","mlma_cr2",0.9502,0.00307636018697421,0.244348953108329,5000
90,40,"balanced","85_15","balanced",0.1,"independent","aggregate_hksj",0.957,0.00286883251515316,0.215021643560413,5000
90,40,"balanced","85_15","balanced",0.1,"independent","che_rve",0.9584,0.00282380735886852,0.245052240592633,5000
90,40,"balanced","85_15","balanced",0.1,"independent","mlma",0.947,0.00316831185333767,0.208178171808807,5000
90,40,"balanced","85_15","balanced",0.1,"independent","mlma_cr2",0.9584,0.00282380735886852,0.245052240592633,5000
91,40,"balanced","85_15","moderate",0,"independent","aggregate_hksj",0.9482,0.0031342227106573,0.218801652690362,5000
91,40,"balanced","85_15","moderate",0,"independent","che_rve",0.951,0.00305283474822991,0.249248541137389,5000
91,40,"balanced","85_15","moderate",0,"independent","mlma",0.9406,0.00334280241713446,0.212150073491734,5000
91,40,"balanced","85_15","moderate",0,"independent","mlma_cr2",0.9516,0.00303504332753257,0.249492360473389,5000
92,40,"balanced","85_15","moderate",0.1,"independent","aggregate_hksj",0.9492,0.00310545842026584,0.21822353198351,5000
92,40,"balanced","85_15","moderate",0.1,"independent","che_rve",0.9496,0.00309385972532693,0.249321790015385,5000
92,40,"balanced","85_15","moderate",0.1,"independent","mlma",0.9418,0.00331097447891101,0.211585299804828,5000
92,40,"balanced","85_15","moderate",0.1,"independent","mlma_cr2",0.9502,0.00307636018697421,0.249372892056551,5000
93,40,"balanced","85_15","severe",0,"independent","aggregate_hksj",0.9504,0.00307049963361014,0.227891923913656,5000
93,40,"balanced","85_15","severe",0,"independent","che_rve",0.9518,0.00302908435009658,0.261197131133014,5000
93,40,"balanced","85_15","severe",0,"independent","mlma",0.9458,0.00320194815698193,0.222358102106604,5000
93,40,"balanced","85_15","severe",0,"independent","mlma_cr2",0.95,0.00308220700148449,0.262106237916397,5000
94,40,"balanced","85_15","severe",0.1,"independent","aggregate_hksj",0.9546,0.00294410733499986,0.227678375560856,5000
94,40,"balanced","85_15","severe",0.1,"independent","che_rve",0.9586,0.00281730509529941,0.26275706175801,5000
94,40,"balanced","85_15","severe",0.1,"independent","mlma",0.9496,0.00309385972532693,0.221966259621752,5000
94,40,"balanced","85_15","severe",0.1,"independent","mlma_cr2",0.9568,0.00287519599331941,0.263059629001618,5000
95,40,"balanced","85_15","extreme",0,"independent","aggregate_hksj",0.9516,0.00303504332753257,0.244638416601172,5000
95,40,"balanced","85_15","extreme",0,"independent","che_rve",0.9618,0.0027107474983849,0.286612228764313,5000
95,40,"balanced","85_15","extreme",0,"independent","mlma",0.9482,0.0031342227106573,0.242073860131111,5000
95,40,"balanced","85_15","extreme",0,"independent","mlma_cr2",0.9624,0.00269021337443705,0.288358167778827,5000
96,40,"balanced","85_15","extreme",0.1,"independent","aggregate_hksj",0.9472,0.00316266216975509,0.243900968429591,5000
96,40,"balanced","85_15","extreme",0.1,"independent","che_rve",0.9554,0.00291927525252416,0.285749693563885,5000
96,40,"balanced","85_15","extreme",0.1,"independent","mlma",0.9422,0.00330027756408457,0.241366163038285,5000
96,40,"balanced","85_15","extreme",0.1,"independent","mlma_cr2",0.9548,0.00293792307591605,0.28752631333348,5000
97,40,"moderate","50_50","balanced",0,"independent","aggregate_hksj",0.9532,0.00298696367570816,0.16299855752351,5000
97,40,"moderate","50_50","balanced",0,"independent","che_rve",0.952,0.00302311098043059,0.160024438826948,5000
97,40,"moderate","50_50","balanced",0,"independent","mlma",0.944,0.00325158422926425,0.15472336752013,5000
97,40,"moderate","50_50","balanced",0,"independent","mlma_cr2",0.952,0.00302311098043059,0.160024438897752,5000
98,40,"moderate","50_50","balanced",0.1,"independent","aggregate_hksj",0.9494,0.00309966578843591,0.163234657971612,5000
98,40,"moderate","50_50","balanced",0.1,"independent","che_rve",0.95,0.00308220700148449,0.160170025960358,5000
98,40,"moderate","50_50","balanced",0.1,"independent","mlma",0.9416,0.00331630637909105,0.154849914759608,5000
98,40,"moderate","50_50","balanced",0.1,"independent","mlma_cr2",0.95,0.00308220700148449,0.16017003756769,5000
99,40,"moderate","50_50","moderate",0,"independent","aggregate_hksj",0.9458,0.00320194815698193,0.165611371924798,5000
99,40,"moderate","50_50","moderate",0,"independent","che_rve",0.9484,0.00312849612433834,0.162775797813781,5000
99,40,"moderate","50_50","moderate",0,"independent","mlma",0.9408,0.0033375248313683,0.157464788846358,5000
99,40,"moderate","50_50","moderate",0,"independent","mlma_cr2",0.9476,0.00315132480077824,0.16293327327617,5000
100,40,"moderate","50_50","moderate",0.1,"independent","aggregate_hksj",0.9502,0.00307636018697421,0.165016341234369,5000
100,40,"moderate","50_50","moderate",0.1,"independent","che_rve",0.9496,0.00309385972532693,0.161906168126511,5000
100,40,"moderate","50_50","moderate",0.1,"independent","mlma",0.9408,0.0033375248313683,0.156780383710049,5000
100,40,"moderate","50_50","moderate",0.1,"independent","mlma_cr2",0.9504,0.00307049963361014,0.162165862368599,5000
101,40,"moderate","50_50","severe",0,"independent","aggregate_hksj",0.9512,0.00304691844328003,0.17164084729312,5000
101,40,"moderate","50_50","severe",0,"independent","che_rve",0.9508,0.00305873699425106,0.168970453318424,5000
101,40,"moderate","50_50","severe",0,"independent","mlma",0.9404,0.00334806929438445,0.164514374935092,5000
101,40,"moderate","50_50","severe",0,"independent","mlma_cr2",0.9526,0.00300510365877785,0.170277966140057,5000
102,40,"moderate","50_50","severe",0.1,"independent","aggregate_hksj",0.947,0.00316831185333767,0.171645382168318,5000
102,40,"moderate","50_50","severe",0.1,"independent","che_rve",0.9442,0.00324611644892786,0.169069465832997,5000
102,40,"moderate","50_50","severe",0.1,"independent","mlma",0.9396,0.00336903072114221,0.16450463467528,5000
102,40,"moderate","50_50","severe",0.1,"independent","mlma_cr2",0.9468,0.00317394895989208,0.170253653068653,5000
103,40,"moderate","50_50","extreme",0,"independent","aggregate_hksj",0.9436,0.00326248494249399,0.182384081660624,5000
103,40,"moderate","50_50","extreme",0,"independent","che_rve",0.9454,0.00321306209090332,0.180626685435285,5000
103,40,"moderate","50_50","extreme",0,"independent","mlma",0.9382,0.00340531232047811,0.178726622717486,5000
103,40,"moderate","50_50","extreme",0,"independent","mlma_cr2",0.9454,0.00321306209090332,0.185144552935404,5000
104,40,"moderate","50_50","extreme",0.1,"independent","aggregate_hksj",0.9426,0.0032895361375124,0.183576656078283,5000
104,40,"moderate","50_50","extreme",0.1,"independent","che_rve",0.9468,0.00317394895989208,0.181691629220572,5000
104,40,"moderate","50_50","extreme",0.1,"independent","mlma",0.9418,0.00331097447891101,0.179755358460871,5000
104,40,"moderate","50_50","extreme",0.1,"independent","mlma_cr2",0.9484,0.00312849612433834,0.186207918053797,5000
105,40,"moderate","70_30","balanced",0,"independent","aggregate_hksj",0.9536,0.00297479545515318,0.178330552548675,5000
105,40,"moderate","70_30","balanced",0,"independent","che_rve",0.9514,0.0030409879973456,0.178845570254646,5000
105,40,"moderate","70_30","balanced",0,"independent","mlma",0.9428,0.00328414859590732,0.16914532058345,5000
105,40,"moderate","70_30","balanced",0,"independent","mlma_cr2",0.9514,0.0030409879973456,0.178845570517182,5000
106,40,"moderate","70_30","balanced",0.1,"independent","aggregate_hksj",0.9494,0.00309966578843591,0.178188286529717,5000
106,40,"moderate","70_30","balanced",0.1,"independent","che_rve",0.9502,0.00307636018697421,0.179063761483756,5000
106,40,"moderate","70_30","balanced",0.1,"independent","mlma",0.9402,0.00335332551357604,0.169005488908293,5000
106,40,"moderate","70_30","balanced",0.1,"independent","mlma_cr2",0.9502,0.00307636018697421,0.179063761797201,5000
107,40,"moderate","70_30","moderate",0,"independent","aggregate_hksj",0.9524,0.00301112072159188,0.180376197330337,5000
107,40,"moderate","70_30","moderate",0,"independent","che_rve",0.9464,0.00318518570887162,0.181293719579142,5000
107,40,"moderate","70_30","moderate",0,"independent","mlma",0.9414,0.00332162731202644,0.171522194561725,5000
107,40,"moderate","70_30","moderate",0,"independent","mlma_cr2",0.9484,0.00312849612433834,0.181540746236927,5000
108,40,"moderate","70_30","moderate",0.1,"independent","aggregate_hksj",0.9532,0.00298696367570816,0.1808028304199,5000
108,40,"moderate","70_30","moderate",0.1,"independent","che_rve",0.951,0.00305283474822991,0.181141036686319,5000
108,40,"moderate","70_30","moderate",0.1,"independent","mlma",0.9436,0.00326248494249399,0.171862513855046,5000
108,40,"moderate","70_30","moderate",0.1,"independent","mlma_cr2",0.951,0.00305283474822991,0.181320755110292,5000
109,40,"moderate","70_30","severe",0,"independent","aggregate_hksj",0.953,0.00299302522541993,0.187747155247296,5000
109,40,"moderate","70_30","severe",0,"independent","che_rve",0.9472,0.00316266216975509,0.188909412157782,5000
109,40,"moderate","70_30","severe",0,"independent","mlma",0.9468,0.00317394895989208,0.179960662364302,5000
109,40,"moderate","70_30","severe",0,"independent","mlma_cr2",0.9506,0.0030646252625729,0.190099785161694,5000
110,40,"moderate","70_30","severe",0.1,"independent","aggregate_hksj",0.9492,0.00310545842026584,0.187266534512511,5000
110,40,"moderate","70_30","severe",0.1,"independent","che_rve",0.9488,0.0031170036894428,0.188981896268646,5000
110,40,"moderate","70_30","severe",0.1,"independent","mlma",0.944,0.00325158422926425,0.179460332214882,5000
110,40,"moderate","70_30","severe",0.1,"independent","mlma_cr2",0.9516,0.00303504332753257,0.190223636229208,5000
111,40,"moderate","70_30","extreme",0,"independent","aggregate_hksj",0.9488,0.0031170036894428,0.199717609030704,5000
111,40,"moderate","70_30","extreme",0,"independent","che_rve",0.9522,0.00301712313305241,0.203462533896319,5000
111,40,"moderate","70_30","extreme",0,"independent","mlma",0.946,0.00319637294444813,0.195389000233804,5000
111,40,"moderate","70_30","extreme",0,"independent","mlma_cr2",0.954,0.00296256645495084,0.208017048677126,5000
112,40,"moderate","70_30","extreme",0.1,"independent","aggregate_hksj",0.946,0.00319637294444813,0.200084644339249,5000
112,40,"moderate","70_30","extreme",0.1,"independent","che_rve",0.9472,0.00316266216975509,0.203119440641737,5000
112,40,"moderate","70_30","extreme",0.1,"independent","mlma",0.9408,0.0033375248313683,0.195591316760532,5000
112,40,"moderate","70_30","extreme",0.1,"independent","mlma_cr2",0.9508,0.00305873699425106,0.207740080757694,5000
113,40,"moderate","85_15","balanced",0,"independent","aggregate_hksj",0.9558,0.00290676314824583,0.22878004782375,5000
113,40,"moderate","85_15","balanced",0,"independent","che_rve",0.9608,0.0027445713690848,0.260179268126609,5000
113,40,"moderate","85_15","balanced",0,"independent","mlma",0.945,0.0032241277890307,0.217114414486682,5000
113,40,"moderate","85_15","balanced",0,"independent","mlma_cr2",0.9608,0.0027445713690848,0.260179268774565,5000
114,40,"moderate","85_15","balanced",0.1,"independent","aggregate_hksj",0.9504,0.00307049963361014,0.227775144590997,5000
114,40,"moderate","85_15","balanced",0.1,"independent","che_rve",0.9492,0.00310545842026584,0.256231884255321,5000
114,40,"moderate","85_15","balanced",0.1,"independent","mlma",0.938,0.00341045451516363,0.216270425369155,5000
114,40,"moderate","85_15","balanced",0.1,"independent","mlma_cr2",0.9492,0.00310545842026584,0.256231884854216,5000
115,40,"moderate","85_15","moderate",0,"independent","aggregate_hksj",0.9482,0.0031342227106573,0.232128278270962,5000
115,40,"moderate","85_15","moderate",0,"independent","che_rve",0.9574,0.00285605462132642,0.263334023385418,5000
115,40,"moderate","85_15","moderate",0,"independent","mlma",0.9398,0.00336380617753164,0.220932718723728,5000
115,40,"moderate","85_15","moderate",0,"independent","mlma_cr2",0.9566,0.00288154264240528,0.263547625425495,5000
116,40,"moderate","85_15","moderate",0.1,"independent","aggregate_hksj",0.95,0.00308220700148449,0.230947299269649,5000
116,40,"moderate","85_15","moderate",0.1,"independent","che_rve",0.9566,0.00288154264240528,0.260467607065322,5000
116,40,"moderate","85_15","moderate",0.1,"independent","mlma",0.9384,0.00340015999623547,0.219525020310748,5000
116,40,"moderate","85_15","moderate",0.1,"independent","mlma_cr2",0.9566,0.00288154264240528,0.260736083781311,5000
117,40,"moderate","85_15","severe",0,"independent","aggregate_hksj",0.9484,0.00312849612433834,0.240465669815696,5000
117,40,"moderate","85_15","severe",0,"independent","che_rve",0.9542,0.00295642892693195,0.273180732279715,5000
117,40,"moderate","85_15","severe",0,"independent","mlma",0.9412,0.00332693733033852,0.230704821325639,5000
117,40,"moderate","85_15","severe",0,"independent","mlma_cr2",0.952,0.00302311098043059,0.273748842927806,5000
118,40,"moderate","85_15","severe",0.1,"independent","aggregate_hksj",0.9526,0.00300510365877785,0.240336194728913,5000
118,40,"moderate","85_15","severe",0.1,"independent","che_rve",0.954,0.00296256645495084,0.274279444746591,5000
118,40,"moderate","85_15","severe",0.1,"independent","mlma",0.9448,0.00322964270469661,0.230432560502325,5000
118,40,"moderate","85_15","severe",0.1,"independent","mlma_cr2",0.9538,0.00296868859936505,0.275079193410014,5000
119,40,"moderate","85_15","extreme",0,"independent","aggregate_hksj",0.943,0.00327874976172321,0.25855075394351,5000
119,40,"moderate","85_15","extreme",0,"independent","che_rve",0.9514,0.0030409879973456,0.301903621618409,5000
119,40,"moderate","85_15","extreme",0,"independent","mlma",0.937,0.00343601513384327,0.25216649442051,5000
119,40,"moderate","85_15","extreme",0,"independent","mlma_cr2",0.953,0.00299302522541993,0.303974996808336,5000
120,40,"moderate","85_15","extreme",0.1,"independent","aggregate_hksj",0.9508,0.00305873699425106,0.257365696618493,5000
120,40,"moderate","85_15","extreme",0.1,"independent","che_rve",0.9562,0.00289418589589542,0.298271439027321,5000
120,40,"moderate","85_15","extreme",0.1,"independent","mlma",0.9444,0.00324063697442339,0.251234763208043,5000
120,40,"moderate","85_15","extreme",0.1,"independent","mlma_cr2",0.9576,0.00284963997726029,0.300456186778493,5000
121,40,"severe","50_50","balanced",0,"independent","aggregate_hksj",0.9554,0.00291927525252416,0.176335372067468,5000
121,40,"severe","50_50","balanced",0,"independent","che_rve",0.9526,0.00300510365877785,0.171688806401585,5000
121,40,"severe","50_50","balanced",0,"independent","mlma",0.9454,0.00321306209090332,0.165751469596462,5000
121,40,"severe","50_50","balanced",0,"independent","mlma_cr2",0.9524,0.00301112072159188,0.171676118042106,5000
122,40,"severe","50_50","balanced",0.1,"independent","aggregate_hksj",0.9528,0.00299907185642492,0.175413204970171,5000
122,40,"severe","50_50","balanced",0.1,"independent","che_rve",0.9522,0.00301712313305241,0.170557109547552,5000
122,40,"severe","50_50","balanced",0.1,"independent","mlma",0.9424,0.00329491244193226,0.164667785876529,5000
122,40,"severe","50_50","balanced",0.1,"independent","mlma_cr2",0.9522,0.00301712313305241,0.170554218337775,5000
123,40,"severe","50_50","moderate",0,"independent","aggregate_hksj",0.9508,0.00305873699425106,0.178716219835251,5000
123,40,"severe","50_50","moderate",0,"independent","che_rve",0.9508,0.00305873699425106,0.174112855416669,5000
123,40,"severe","50_50","moderate",0,"independent","mlma",0.9406,0.00334280241713446,0.168212184271262,5000
123,40,"severe","50_50","moderate",0,"independent","mlma_cr2",0.9498,0.00308804015517933,0.174345372587117,5000
124,40,"severe","50_50","moderate",0.1,"independent","aggregate_hksj",0.9504,0.00307049963361014,0.178099665756956,5000
124,40,"severe","50_50","moderate",0.1,"independent","che_rve",0.9472,0.00316266216975509,0.173570399211039,5000
124,40,"severe","50_50","moderate",0.1,"independent","mlma",0.94,0.00335857112474933,0.167670123989423,5000
124,40,"severe","50_50","moderate",0.1,"independent","mlma_cr2",0.9482,0.0031342227106573,0.173726428124135,5000
125,40,"severe","50_50","severe",0,"independent","aggregate_hksj",0.9532,0.00298696367570816,0.184783329942281,5000
125,40,"severe","50_50","severe",0,"independent","che_rve",0.9482,0.0031342227106573,0.180386547965723,5000
125,40,"severe","50_50","severe",0,"independent","mlma",0.9392,0.00337944847571316,0.174988704328087,5000
125,40,"severe","50_50","severe",0,"independent","mlma_cr2",0.9486,0.00312275647465504,0.181457951280238,5000
126,40,"severe","50_50","severe",0.1,"independent","aggregate_hksj",0.9544,0.00295027591929975,0.184757558272584,5000
126,40,"severe","50_50","severe",0.1,"independent","che_rve",0.9518,0.00302908435009658,0.180601792971224,5000
126,40,"severe","50_50","severe",0.1,"independent","mlma",0.9432,0.00327333957908433,0.175486988490457,5000
126,40,"severe","50_50","severe",0.1,"independent","mlma_cr2",0.9504,0.00307049963361014,0.1819063668835,5000
127,40,"severe","50_50","extreme",0,"independent","aggregate_hksj",0.9496,0.00309385972532693,0.197685525129534,5000
127,40,"severe","50_50","extreme",0,"independent","che_rve",0.9446,0.00323514574633045,0.194079271247225,5000
127,40,"severe","50_50","extreme",0,"independent","mlma",0.9374,0.00342582077756557,0.190773262957615,5000
127,40,"severe","50_50","extreme",0,"independent","mlma_cr2",0.9472,0.00316266216975509,0.198102817767208,5000
128,40,"severe","50_50","extreme",0.1,"independent","aggregate_hksj",0.9402,0.00335332551357604,0.196225334106813,5000
128,40,"severe","50_50","extreme",0.1,"independent","che_rve",0.9416,0.00331630637909105,0.192801026045286,5000
128,40,"severe","50_50","extreme",0.1,"independent","mlma",0.9324,0.0035504996831432,0.189401451194443,5000
128,40,"severe","50_50","extreme",0.1,"independent","mlma_cr2",0.941,0.00333223648620562,0.196750879445431,5000
129,40,"severe","70_30","balanced",0,"independent","aggregate_hksj",0.9522,0.00301712313305241,0.19159020834699,5000
129,40,"severe","70_30","balanced",0,"independent","che_rve",0.9502,0.00307636018697421,0.190770810608819,5000
129,40,"severe","70_30","balanced",0,"independent","mlma",0.9406,0.00334280241713446,0.180145488263822,5000
129,40,"severe","70_30","balanced",0,"independent","mlma_cr2",0.9502,0.00307636018697421,0.190764467493629,5000
130,40,"severe","70_30","balanced",0.1,"independent","aggregate_hksj",0.9554,0.00291927525252416,0.191559761266789,5000
130,40,"severe","70_30","balanced",0.1,"independent","che_rve",0.953,0.00299302522541993,0.191291026055632,5000
130,40,"severe","70_30","balanced",0.1,"independent","mlma",0.9428,0.00328414859590732,0.18024575697491,5000
130,40,"severe","70_30","balanced",0.1,"independent","mlma_cr2",0.953,0.00299302522541993,0.191289202074176,5000
131,40,"severe","70_30","moderate",0,"independent","aggregate_hksj",0.9522,0.00301712313305241,0.194121377395204,5000
131,40,"severe","70_30","moderate",0,"independent","che_rve",0.9538,0.00296868859936505,0.194224380613527,5000
131,40,"severe","70_30","moderate",0,"independent","mlma",0.9424,0.00329491244193226,0.183061809512466,5000
131,40,"severe","70_30","moderate",0,"independent","mlma_cr2",0.9532,0.00298696367570816,0.194424825572742,5000
132,40,"severe","70_30","moderate",0.1,"independent","aggregate_hksj",0.9496,0.00309385972532693,0.194507936524131,5000
132,40,"severe","70_30","moderate",0.1,"independent","che_rve",0.9482,0.0031342227106573,0.193618566173839,5000
132,40,"severe","70_30","moderate",0.1,"independent","mlma",0.9446,0.00323514574633045,0.18293453262219,5000
132,40,"severe","70_30","moderate",0.1,"independent","mlma_cr2",0.9496,0.00309385972532693,0.193825431245445,5000
133,40,"severe","70_30","severe",0,"independent","aggregate_hksj",0.9482,0.0031342227106573,0.201206248174583,5000
133,40,"severe","70_30","severe",0,"independent","che_rve",0.947,0.00316831185333767,0.201952188941121,5000
133,40,"severe","70_30","severe",0,"independent","mlma",0.9362,0.00345628586780665,0.190950669028321,5000
133,40,"severe","70_30","severe",0,"independent","mlma_cr2",0.9466,0.00317957355631223,0.20308619060179,5000
134,40,"severe","70_30","severe",0.1,"independent","aggregate_hksj",0.9526,0.00300510365877785,0.202329931801809,5000
134,40,"severe","70_30","severe",0.1,"independent","che_rve",0.952,0.00302311098043059,0.202612490549608,5000
134,40,"severe","70_30","severe",0.1,"independent","mlma",0.9456,0.0032075111847038,0.191815714857035,5000
134,40,"severe","70_30","severe",0.1,"independent","mlma_cr2",0.955,0.00293172304285381,0.203580672912694,5000
135,40,"severe","70_30","extreme",0,"independent","aggregate_hksj",0.9504,0.00307049963361014,0.215345530880533,5000
135,40,"severe","70_30","extreme",0,"independent","che_rve",0.9528,0.00299907185642492,0.218538521994303,5000
135,40,"severe","70_30","extreme",0,"independent","mlma",0.9412,0.00332693733033852,0.208088137978619,5000
135,40,"severe","70_30","extreme",0,"independent","mlma_cr2",0.9526,0.00300510365877785,0.222468520217371,5000
136,40,"severe","70_30","extreme",0.1,"independent","aggregate_hksj",0.954,0.00296256645495084,0.215172092405655,5000
136,40,"severe","70_30","extreme",0.1,"independent","che_rve",0.9474,0.00315699984162179,0.218053198577542,5000
136,40,"severe","70_30","extreme",0.1,"independent","mlma",0.9434,0.00326791799162708,0.208173541127416,5000
136,40,"severe","70_30","extreme",0.1,"independent","mlma_cr2",0.9532,0.00298696367570816,0.221973223529725,5000
137,40,"severe","85_15","balanced",0,"independent","aggregate_hksj",0.9508,0.00305873699425106,0.246288255189909,5000
137,40,"severe","85_15","balanced",0,"independent","che_rve",0.955,0.00293172304285381,0.27651761749437,5000
137,40,"severe","85_15","balanced",0,"independent","mlma",0.943,0.00327874976172321,0.232293657664803,5000
137,40,"severe","85_15","balanced",0,"independent","mlma_cr2",0.955,0.00293172304285381,0.276524578342186,5000
138,40,"severe","85_15","balanced",0.1,"independent","aggregate_hksj",0.9554,0.00291927525252416,0.246347533603277,5000
138,40,"severe","85_15","balanced",0.1,"independent","che_rve",0.9552,0.00292550713552368,0.276648159674598,5000
138,40,"severe","85_15","balanced",0.1,"independent","mlma",0.946,0.00319637294444813,0.232207497879553,5000
138,40,"severe","85_15","balanced",0.1,"independent","mlma_cr2",0.9552,0.00292550713552368,0.276645264563992,5000
139,40,"severe","85_15","moderate",0,"independent","aggregate_hksj",0.954,0.00296256645495084,0.250630979276111,5000
139,40,"severe","85_15","moderate",0,"independent","che_rve",0.9562,0.00289418589589542,0.283875974073941,5000
139,40,"severe","85_15","moderate",0,"independent","mlma",0.9424,0.00329491244193226,0.236336142905665,5000
139,40,"severe","85_15","moderate",0,"independent","mlma_cr2",0.9576,0.00284963997726029,0.283908256104936,5000
140,40,"severe","85_15","moderate",0.1,"independent","aggregate_hksj",0.9478,0.00314563697841948,0.24975762446434,5000
140,40,"severe","85_15","moderate",0.1,"independent","che_rve",0.9538,0.00296868859936505,0.281322870371488,5000
140,40,"severe","85_15","moderate",0.1,"independent","mlma",0.937,0.00343601513384327,0.235414252356562,5000
140,40,"severe","85_15","moderate",0.1,"independent","mlma_cr2",0.953,0.00299302522541993,0.281442320704319,5000
141,40,"severe","85_15","severe",0,"independent","aggregate_hksj",0.9516,0.00303504332753257,0.259492084478846,5000
141,40,"severe","85_15","severe",0,"independent","che_rve",0.9566,0.00288154264240528,0.296906053624457,5000
141,40,"severe","85_15","severe",0,"independent","mlma",0.9444,0.00324063697442339,0.246985009707267,5000
141,40,"severe","85_15","severe",0,"independent","mlma_cr2",0.9574,0.00285605462132642,0.29742690817125,5000
142,40,"severe","85_15","severe",0.1,"independent","aggregate_hksj",0.9532,0.00298696367570816,0.259765679194337,5000
142,40,"severe","85_15","severe",0.1,"independent","che_rve",0.962,0.0027039230758289,0.296925077190306,5000
142,40,"severe","85_15","severe",0.1,"independent","mlma",0.947,0.00316831185333767,0.246603866042844,5000
142,40,"severe","85_15","severe",0.1,"independent","mlma_cr2",0.9614,0.00272433624943765,0.297616335252524,5000
143,40,"severe","85_15","extreme",0,"independent","aggregate_hksj",0.951,0.00305283474822991,0.276577065883663,5000
143,40,"severe","85_15","extreme",0,"independent","che_rve",0.9558,0.00290676314824583,0.322206810886496,5000
143,40,"severe","85_15","extreme",0,"independent","mlma",0.9416,0.00331630637909105,0.267318767285073,5000
143,40,"severe","85_15","extreme",0,"independent","mlma_cr2",0.9574,0.00285605462132642,0.324261516977735,5000
144,40,"severe","85_15","extreme",0.1,"independent","aggregate_hksj",0.9494,0.00309966578843591,0.277268392654453,5000
144,40,"severe","85_15","extreme",0.1,"independent","che_rve",0.9568,0.00287519599331941,0.323631650851235,5000
144,40,"severe","85_15","extreme",0.1,"independent","mlma",0.9426,0.0032895361375124,0.268582666920268,5000
144,40,"severe","85_15","extreme",0.1,"independent","mlma_cr2",0.9602,0.00276463234445378,0.326212096552691,5000
145,80,"balanced","50_50","balanced",0,"independent","aggregate_hksj",0.95,0.00308220700148449,0.107165606891306,5000
145,80,"balanced","50_50","balanced",0,"independent","che_rve",0.95,0.00308220700148449,0.107165606891306,5000
145,80,"balanced","50_50","balanced",0,"independent","mlma",0.9482,0.0031342227106573,0.105503209762651,5000
145,80,"balanced","50_50","balanced",0,"independent","mlma_cr2",0.95,0.00308220700148449,0.107165606891306,5000
146,80,"balanced","50_50","balanced",0.1,"independent","aggregate_hksj",0.9486,0.00312275647465504,0.107315590246286,5000
146,80,"balanced","50_50","balanced",0.1,"independent","che_rve",0.9486,0.00312275647465504,0.107315590246286,5000
146,80,"balanced","50_50","balanced",0.1,"independent","mlma",0.946,0.00319637294444813,0.105650866253284,5000
146,80,"balanced","50_50","balanced",0.1,"independent","mlma_cr2",0.9486,0.00312275647465504,0.107315590246286,5000
147,80,"balanced","50_50","moderate",0,"independent","aggregate_hksj",0.9514,0.0030409879973456,0.108888956971315,5000
147,80,"balanced","50_50","moderate",0,"independent","che_rve",0.9496,0.00309385972532693,0.108914963015416,5000
147,80,"balanced","50_50","moderate",0,"independent","mlma",0.9454,0.00321306209090332,0.107356885303224,5000
147,80,"balanced","50_50","moderate",0,"independent","mlma_cr2",0.9498,0.00308804015517933,0.109051259459176,5000
148,80,"balanced","50_50","moderate",0.1,"independent","aggregate_hksj",0.948,0.00313993630508646,0.108891707998144,5000
148,80,"balanced","50_50","moderate",0.1,"independent","che_rve",0.9484,0.00312849612433834,0.10890978296116,5000
148,80,"balanced","50_50","moderate",0.1,"independent","mlma",0.9436,0.00326248494249399,0.107361466819433,5000
148,80,"balanced","50_50","moderate",0.1,"independent","mlma_cr2",0.9474,0.00315699984162179,0.109056587788571,5000
149,80,"balanced","50_50","severe",0,"independent","aggregate_hksj",0.9534,0.00298088711627931,0.113402961676246,5000
149,80,"balanced","50_50","severe",0,"independent","che_rve",0.9536,0.00297479545515318,0.113485283498908,5000
149,80,"balanced","50_50","severe",0,"independent","mlma",0.9514,0.0030409879973456,0.112518419267644,5000
149,80,"balanced","50_50","severe",0,"independent","mlma_cr2",0.9544,0.00295027591929975,0.11430716757421,5000
150,80,"balanced","50_50","severe",0.1,"independent","aggregate_hksj",0.9502,0.00307636018697421,0.113412092363462,5000
150,80,"balanced","50_50","severe",0.1,"independent","che_rve",0.9508,0.00305873699425106,0.113516332201927,5000
150,80,"balanced","50_50","severe",0.1,"independent","mlma",0.9468,0.00317394895989208,0.112527350697993,5000
150,80,"balanced","50_50","severe",0.1,"independent","mlma_cr2",0.9504,0.00307049963361014,0.11432321025175,5000
151,80,"balanced","50_50","extreme",0,"independent","aggregate_hksj",0.9494,0.00309966578843591,0.121242420339066,5000
151,80,"balanced","50_50","extreme",0,"independent","che_rve",0.951,0.00305283474822991,0.121455721838901,5000
151,80,"balanced","50_50","extreme",0,"independent","mlma",0.9478,0.00314563697841948,0.122215308133743,5000
151,80,"balanced","50_50","extreme",0,"independent","mlma_cr2",0.951,0.00305283474822991,0.124211331089589,5000
152,80,"balanced","50_50","extreme",0.1,"independent","aggregate_hksj",0.9548,0.00293792307591605,0.121199964078668,5000
152,80,"balanced","50_50","extreme",0.1,"independent","che_rve",0.9548,0.00293792307591605,0.121439764021534,5000
152,80,"balanced","50_50","extreme",0.1,"independent","mlma",0.9498,0.00308804015517933,0.122156196556903,5000
152,80,"balanced","50_50","extreme",0.1,"independent","mlma_cr2",0.9546,0.00294410733499986,0.124142998377697,5000
153,80,"balanced","70_30","balanced",0,"independent","aggregate_hksj",0.9512,0.00304691844328003,0.117100669981553,5000
153,80,"balanced","70_30","balanced",0,"independent","che_rve",0.9522,0.00301712313305241,0.118157394746387,5000
153,80,"balanced","70_30","balanced",0,"independent","mlma",0.9482,0.0031342227106573,0.115284154348059,5000
153,80,"balanced","70_30","balanced",0,"independent","mlma_cr2",0.9522,0.00301712313305241,0.118157394746387,5000
154,80,"balanced","70_30","balanced",0.1,"independent","aggregate_hksj",0.9456,0.0032075111847038,0.117087675243167,5000
154,80,"balanced","70_30","balanced",0.1,"independent","che_rve",0.9478,0.00314563697841948,0.118046066982884,5000
154,80,"balanced","70_30","balanced",0.1,"independent","mlma",0.9426,0.0032895361375124,0.115271362467433,5000
154,80,"balanced","70_30","balanced",0.1,"independent","mlma_cr2",0.9478,0.00314563697841948,0.118046066982884,5000
155,80,"balanced","70_30","moderate",0,"independent","aggregate_hksj",0.95,0.00308220700148449,0.11882102755139,5000
155,80,"balanced","70_30","moderate",0,"independent","che_rve",0.9528,0.00299907185642492,0.120149687756714,5000
155,80,"balanced","70_30","moderate",0,"independent","mlma",0.9488,0.0031170036894428,0.11714968079036,5000
155,80,"balanced","70_30","moderate",0,"independent","mlma_cr2",0.9538,0.00296868859936505,0.120316185761732,5000
156,80,"balanced","70_30","moderate",0.1,"independent","aggregate_hksj",0.9488,0.0031170036894428,0.118996446150819,5000
156,80,"balanced","70_30","moderate",0.1,"independent","che_rve",0.9486,0.00312275647465504,0.120601696369531,5000
156,80,"balanced","70_30","moderate",0.1,"independent","mlma",0.9464,0.00318518570887162,0.1173155626723,5000
156,80,"balanced","70_30","moderate",0.1,"independent","mlma_cr2",0.949,0.00311123769583746,0.120744093336219,5000
157,80,"balanced","70_30","severe",0,"independent","aggregate_hksj",0.9554,0.00291927525252416,0.123614374457429,5000
157,80,"balanced","70_30","severe",0,"independent","che_rve",0.956,0.00290048271844533,0.125266060847417,5000
157,80,"balanced","70_30","severe",0,"independent","mlma",0.951,0.00305283474822991,0.122628142047702,5000
157,80,"balanced","70_30","severe",0,"independent","mlma_cr2",0.954,0.00296256645495084,0.126070582117726,5000
158,80,"balanced","70_30","severe",0.1,"independent","aggregate_hksj",0.947,0.00316831185333767,0.12367902357557,5000
158,80,"balanced","70_30","severe",0.1,"independent","che_rve",0.9474,0.00315699984162179,0.125138529810822,5000
158,80,"balanced","70_30","severe",0.1,"independent","mlma",0.9424,0.00329491244193226,0.12271599848122,5000
158,80,"balanced","70_30","severe",0.1,"independent","mlma_cr2",0.9456,0.0032075111847038,0.126067721087349,5000
159,80,"balanced","70_30","extreme",0,"independent","aggregate_hksj",0.9474,0.00315699984162179,0.132552320756863,5000
159,80,"balanced","70_30","extreme",0,"independent","che_rve",0.9454,0.00321306209090332,0.134224575619653,5000
159,80,"balanced","70_30","extreme",0,"independent","mlma",0.9444,0.00324063697442339,0.133553352788869,5000
159,80,"balanced","70_30","extreme",0,"independent","mlma_cr2",0.9464,0.00318518570887162,0.137166972245801,5000
160,80,"balanced","70_30","extreme",0.1,"independent","aggregate_hksj",0.9518,0.00302908435009658,0.132348413054989,5000
160,80,"balanced","70_30","extreme",0.1,"independent","che_rve",0.9546,0.00294410733499986,0.133976949016323,5000
160,80,"balanced","70_30","extreme",0.1,"independent","mlma",0.952,0.00302311098043059,0.133361011019272,5000
160,80,"balanced","70_30","extreme",0.1,"independent","mlma_cr2",0.9554,0.00291927525252416,0.136848133219242,5000
161,80,"balanced","85_15","balanced",0,"independent","aggregate_hksj",0.9482,0.0031342227106573,0.150028150218274,5000
161,80,"balanced","85_15","balanced",0,"independent","che_rve",0.95,0.00308220700148449,0.158918724575364,5000
161,80,"balanced","85_15","balanced",0,"independent","mlma",0.9442,0.00324611644892786,0.147700850309419,5000
161,80,"balanced","85_15","balanced",0,"independent","mlma_cr2",0.95,0.00308220700148449,0.158918724575364,5000
162,80,"balanced","85_15","balanced",0.1,"independent","aggregate_hksj",0.9482,0.0031342227106573,0.150055777071372,5000
162,80,"balanced","85_15","balanced",0.1,"independent","che_rve",0.9494,0.00309966578843591,0.158098159406713,5000
162,80,"balanced","85_15","balanced",0.1,"independent","mlma",0.9446,0.00323514574633045,0.147728048501673,5000
162,80,"balanced","85_15","balanced",0.1,"independent","mlma_cr2",0.9494,0.00309966578843591,0.158098159406713,5000
163,80,"balanced","85_15","moderate",0,"independent","aggregate_hksj",0.95,0.00308220700148449,0.152871830299205,5000
163,80,"balanced","85_15","moderate",0,"independent","che_rve",0.9474,0.00315699984162179,0.161926789668256,5000
163,80,"balanced","85_15","moderate",0,"independent","mlma",0.9468,0.00317394895989208,0.15070478568273,5000
163,80,"balanced","85_15","moderate",0,"independent","mlma_cr2",0.9474,0.00315699984162179,0.162020161575067,5000
164,80,"balanced","85_15","moderate",0.1,"independent","aggregate_hksj",0.9488,0.0031170036894428,0.15264653455949,5000
164,80,"balanced","85_15","moderate",0.1,"independent","che_rve",0.9476,0.00315132480077824,0.160647634598418,5000
164,80,"balanced","85_15","moderate",0.1,"independent","mlma",0.9442,0.00324611644892786,0.150494394761452,5000
164,80,"balanced","85_15","moderate",0.1,"independent","mlma_cr2",0.9476,0.00315132480077824,0.160766233327204,5000
165,80,"balanced","85_15","severe",0,"independent","aggregate_hksj",0.952,0.00302311098043059,0.159061755402832,5000
165,80,"balanced","85_15","severe",0,"independent","che_rve",0.951,0.00305283474822991,0.168445116951539,5000
165,80,"balanced","85_15","severe",0,"independent","mlma",0.95,0.00308220700148449,0.1576947659551,5000
165,80,"balanced","85_15","severe",0,"independent","mlma_cr2",0.9528,0.00299907185642492,0.16944184190705,5000
166,80,"balanced","85_15","severe",0.1,"independent","aggregate_hksj",0.9438,0.00325704037432759,0.15900437661973,5000
166,80,"balanced","85_15","severe",0.1,"independent","che_rve",0.9478,0.00314563697841948,0.168911711498983,5000
166,80,"balanced","85_15","severe",0.1,"independent","mlma",0.941,0.00333223648620562,0.157653026210863,5000
166,80,"balanced","85_15","severe",0.1,"independent","mlma_cr2",0.9476,0.00315132480077824,0.169629575336236,5000
167,80,"balanced","85_15","extreme",0,"independent","aggregate_hksj",0.9444,0.00324063697442339,0.17018318109249,5000
167,80,"balanced","85_15","extreme",0,"independent","che_rve",0.9448,0.00322964270469661,0.181473953362928,5000
167,80,"balanced","85_15","extreme",0,"independent","mlma",0.9418,0.00331097447891101,0.171183545930088,5000
167,80,"balanced","85_15","extreme",0,"independent","mlma_cr2",0.9472,0.00316266216975509,0.184189512285885,5000
168,80,"balanced","85_15","extreme",0.1,"independent","aggregate_hksj",0.9496,0.00309385972532693,0.169764772516942,5000
168,80,"balanced","85_15","extreme",0.1,"independent","che_rve",0.951,0.00305283474822991,0.180576341287831,5000
168,80,"balanced","85_15","extreme",0.1,"independent","mlma",0.9472,0.00316266216975509,0.170821816022714,5000
168,80,"balanced","85_15","extreme",0.1,"independent","mlma_cr2",0.954,0.00296256645495084,0.183401438092004,5000
169,80,"moderate","50_50","balanced",0,"independent","aggregate_hksj",0.9528,0.00299907185642492,0.113804757747186,5000
169,80,"moderate","50_50","balanced",0,"independent","che_rve",0.9494,0.00309966578843591,0.111488663129802,5000
169,80,"moderate","50_50","balanced",0,"independent","mlma",0.947,0.00316831185333767,0.109687381705056,5000
169,80,"moderate","50_50","balanced",0,"independent","mlma_cr2",0.9494,0.00309966578843591,0.111488663056317,5000
170,80,"moderate","50_50","balanced",0.1,"independent","aggregate_hksj",0.95,0.00308220700148449,0.113907162815601,5000
170,80,"moderate","50_50","balanced",0.1,"independent","che_rve",0.9498,0.00308804015517933,0.111615784467733,5000
170,80,"moderate","50_50","balanced",0.1,"independent","mlma",0.9474,0.00315699984162179,0.109804723048841,5000
170,80,"moderate","50_50","balanced",0.1,"independent","mlma_cr2",0.9498,0.00308804015517933,0.11161578474562,5000
171,80,"moderate","50_50","moderate",0,"independent","aggregate_hksj",0.9516,0.00303504332753257,0.115549343140989,5000
171,80,"moderate","50_50","moderate",0,"independent","che_rve",0.9502,0.00307636018697421,0.113408114452804,5000
171,80,"moderate","50_50","moderate",0,"independent","mlma",0.9452,0.00321860093829602,0.111732071349559,5000
171,80,"moderate","50_50","moderate",0,"independent","mlma_cr2",0.9502,0.00307636018697421,0.113568093491278,5000
172,80,"moderate","50_50","moderate",0.1,"independent","aggregate_hksj",0.9494,0.00309966578843591,0.11560443133567,5000
172,80,"moderate","50_50","moderate",0.1,"independent","che_rve",0.9492,0.00310545842026584,0.113410056611821,5000
172,80,"moderate","50_50","moderate",0.1,"independent","mlma",0.9452,0.00321860093829602,0.111722510449646,5000
172,80,"moderate","50_50","moderate",0.1,"independent","mlma_cr2",0.9484,0.00312849612433834,0.113567991389741,5000
173,80,"moderate","50_50","severe",0,"independent","aggregate_hksj",0.9508,0.00305873699425106,0.120216891819248,5000
173,80,"moderate","50_50","severe",0,"independent","che_rve",0.952,0.00302311098043059,0.118262676154119,5000
173,80,"moderate","50_50","severe",0,"independent","mlma",0.9488,0.0031170036894428,0.117210207897232,5000
173,80,"moderate","50_50","severe",0,"independent","mlma_cr2",0.9508,0.00305873699425106,0.119161576772669,5000
174,80,"moderate","50_50","severe",0.1,"independent","aggregate_hksj",0.9514,0.0030409879973456,0.119948872780226,5000
174,80,"moderate","50_50","severe",0.1,"independent","che_rve",0.9512,0.00304691844328003,0.118000817564642,5000
174,80,"moderate","50_50","severe",0.1,"independent","mlma",0.9482,0.0031342227106573,0.116937250428657,5000
174,80,"moderate","50_50","severe",0.1,"independent","mlma_cr2",0.9496,0.00309385972532693,0.118889031618241,5000
175,80,"moderate","50_50","extreme",0,"independent","aggregate_hksj",0.9492,0.00310545842026584,0.128374829086013,5000
175,80,"moderate","50_50","extreme",0,"independent","che_rve",0.9498,0.00308804015517933,0.126576787248015,5000
175,80,"moderate","50_50","extreme",0,"independent","mlma",0.9468,0.00317394895989208,0.127391095406435,5000
175,80,"moderate","50_50","extreme",0,"independent","mlma_cr2",0.9494,0.00309966578843591,0.129571182365149,5000
176,80,"moderate","50_50","extreme",0.1,"independent","aggregate_hksj",0.9514,0.0030409879973456,0.128078220793844,5000
176,80,"moderate","50_50","extreme",0.1,"independent","che_rve",0.9514,0.0030409879973456,0.126478806427646,5000
176,80,"moderate","50_50","extreme",0.1,"independent","mlma",0.9464,0.00318518570887162,0.127243547769482,5000
176,80,"moderate","50_50","extreme",0.1,"independent","mlma_cr2",0.9506,0.0030646252625729,0.129414116571163,5000
177,80,"moderate","70_30","balanced",0,"independent","aggregate_hksj",0.9532,0.00298696367570816,0.124134026956453,5000
177,80,"moderate","70_30","balanced",0,"independent","che_rve",0.9512,0.00304691844328003,0.123018586591514,5000
177,80,"moderate","70_30","balanced",0,"independent","mlma",0.949,0.00311123769583746,0.119759509075297,5000
177,80,"moderate","70_30","balanced",0,"independent","mlma_cr2",0.9512,0.00304691844328003,0.123018586413658,5000
178,80,"moderate","70_30","balanced",0.1,"independent","aggregate_hksj",0.948,0.00313993630508646,0.124108882873518,5000
178,80,"moderate","70_30","balanced",0.1,"independent","che_rve",0.9484,0.00312849612433834,0.122927390687482,5000
178,80,"moderate","70_30","balanced",0.1,"independent","mlma",0.945,0.0032241277890307,0.119757694127852,5000
178,80,"moderate","70_30","balanced",0.1,"independent","mlma_cr2",0.9484,0.00312849612433834,0.122927390616917,5000
179,80,"moderate","70_30","moderate",0,"independent","aggregate_hksj",0.9492,0.00310545842026584,0.126132073544596,5000
179,80,"moderate","70_30","moderate",0,"independent","che_rve",0.9518,0.00302908435009658,0.125024103389041,5000
179,80,"moderate","70_30","moderate",0,"independent","mlma",0.9512,0.00304691844328003,0.122002047152953,5000
179,80,"moderate","70_30","moderate",0,"independent","mlma_cr2",0.9514,0.0030409879973456,0.125167873102998,5000
180,80,"moderate","70_30","moderate",0.1,"independent","aggregate_hksj",0.953,0.00299302522541993,0.126022498450302,5000
180,80,"moderate","70_30","moderate",0.1,"independent","che_rve",0.951,0.00305283474822991,0.125122948618063,5000
180,80,"moderate","70_30","moderate",0.1,"independent","mlma",0.9468,0.00317394895989208,0.121938769467744,5000
180,80,"moderate","70_30","moderate",0.1,"independent","mlma_cr2",0.9502,0.00307636018697421,0.125263577988094,5000
181,80,"moderate","70_30","severe",0,"independent","aggregate_hksj",0.956,0.00290048271844533,0.130755427701357,5000
181,80,"moderate","70_30","severe",0,"independent","che_rve",0.9556,0.00291302729132427,0.130227571723708,5000
181,80,"moderate","70_30","severe",0,"independent","mlma",0.9512,0.00304691844328003,0.127413851696987,5000
181,80,"moderate","70_30","severe",0,"independent","mlma_cr2",0.9542,0.00295642892693195,0.131151154249682,5000
182,80,"moderate","70_30","severe",0.1,"independent","aggregate_hksj",0.952,0.00302311098043059,0.131194037965326,5000
182,80,"moderate","70_30","severe",0.1,"independent","che_rve",0.9494,0.00309966578843591,0.130531472397705,5000
182,80,"moderate","70_30","severe",0.1,"independent","mlma",0.9472,0.00316266216975509,0.127867774226052,5000
182,80,"moderate","70_30","severe",0.1,"independent","mlma_cr2",0.9498,0.00308804015517933,0.131431994382757,5000
183,80,"moderate","70_30","extreme",0,"independent","aggregate_hksj",0.9498,0.00308804015517933,0.139590606048301,5000
183,80,"moderate","70_30","extreme",0,"independent","che_rve",0.9496,0.00309385972532693,0.139537165901519,5000
183,80,"moderate","70_30","extreme",0,"independent","mlma",0.9458,0.00320194815698193,0.138616204589584,5000
183,80,"moderate","70_30","extreme",0,"independent","mlma_cr2",0.9502,0.00307636018697421,0.142891989425626,5000
184,80,"moderate","70_30","extreme",0.1,"independent","aggregate_hksj",0.9462,0.00319078548323136,0.139650411892905,5000
184,80,"moderate","70_30","extreme",0.1,"independent","che_rve",0.9482,0.0031342227106573,0.139525481730187,5000
184,80,"moderate","70_30","extreme",0.1,"independent","mlma",0.949,0.00311123769583746,0.138689394721777,5000
184,80,"moderate","70_30","extreme",0.1,"independent","mlma_cr2",0.953,0.00299302522541993,0.142647556661455,5000
185,80,"moderate","85_15","balanced",0,"independent","aggregate_hksj",0.9542,0.00295642892693195,0.159408083422062,5000
185,80,"moderate","85_15","balanced",0,"independent","che_rve",0.9538,0.00296868859936505,0.164829379300805,5000
185,80,"moderate","85_15","balanced",0,"independent","mlma",0.9514,0.0030409879973456,0.153846971666608,5000
185,80,"moderate","85_15","balanced",0,"independent","mlma_cr2",0.9538,0.00296868859936505,0.164829378995945,5000
186,80,"moderate","85_15","balanced",0.1,"independent","aggregate_hksj",0.9558,0.00290676314824583,0.159449835889317,5000
186,80,"moderate","85_15","balanced",0.1,"independent","che_rve",0.9534,0.00298088711627931,0.165181627544421,5000
186,80,"moderate","85_15","balanced",0.1,"independent","mlma",0.9484,0.00312849612433834,0.153922401661667,5000
186,80,"moderate","85_15","balanced",0.1,"independent","mlma_cr2",0.9534,0.00298088711627931,0.165181627672315,5000
187,80,"moderate","85_15","moderate",0,"independent","aggregate_hksj",0.9452,0.00321860093829602,0.161684598460774,5000
187,80,"moderate","85_15","moderate",0,"independent","che_rve",0.9482,0.0031342227106573,0.167623922722878,5000
187,80,"moderate","85_15","moderate",0,"independent","mlma",0.9406,0.00334280241713446,0.156390952150402,5000
187,80,"moderate","85_15","moderate",0,"independent","mlma_cr2",0.9488,0.0031170036894428,0.167822752723333,5000
188,80,"moderate","85_15","moderate",0.1,"independent","aggregate_hksj",0.947,0.00316831185333767,0.161757132465284,5000
188,80,"moderate","85_15","moderate",0.1,"independent","che_rve",0.9468,0.00317394895989208,0.16837297300484,5000
188,80,"moderate","85_15","moderate",0.1,"independent","mlma",0.9424,0.00329491244193226,0.156473335594077,5000
188,80,"moderate","85_15","moderate",0.1,"independent","mlma_cr2",0.9458,0.00320194815698193,0.168466108656004,5000
189,80,"moderate","85_15","severe",0,"independent","aggregate_hksj",0.9496,0.00309385972532693,0.168265242512672,5000
189,80,"moderate","85_15","severe",0,"independent","che_rve",0.9538,0.00296868859936505,0.175599088210569,5000
189,80,"moderate","85_15","severe",0,"independent","mlma",0.9464,0.00318518570887162,0.16407619821707,5000
189,80,"moderate","85_15","severe",0,"independent","mlma_cr2",0.953,0.00299302522541993,0.17632390420409,5000
190,80,"moderate","85_15","severe",0.1,"independent","aggregate_hksj",0.9494,0.00309966578843591,0.168417356829489,5000
190,80,"moderate","85_15","severe",0.1,"independent","che_rve",0.9496,0.00309385972532693,0.176413874330334,5000
190,80,"moderate","85_15","severe",0.1,"independent","mlma",0.9432,0.00327333957908433,0.164090479875849,5000
190,80,"moderate","85_15","severe",0.1,"independent","mlma_cr2",0.9518,0.00302908435009658,0.177529861506451,5000
191,80,"moderate","85_15","extreme",0,"independent","aggregate_hksj",0.939,0.00338464178311384,0.179639685768657,5000
191,80,"moderate","85_15","extreme",0,"independent","che_rve",0.944,0.00325158422926425,0.189171644458125,5000
191,80,"moderate","85_15","extreme",0,"independent","mlma",0.9352,0.00348140661227613,0.178311379317186,5000
191,80,"moderate","85_15","extreme",0,"independent","mlma_cr2",0.9474,0.00315699984162179,0.192589369310272,5000
192,80,"moderate","85_15","extreme",0.1,"independent","aggregate_hksj",0.9468,0.00317394895989208,0.179207343081958,5000
192,80,"moderate","85_15","extreme",0.1,"independent","che_rve",0.9506,0.0030646252625729,0.188471645855951,5000
192,80,"moderate","85_15","extreme",0.1,"independent","mlma",0.9448,0.00322964270469661,0.177798900047545,5000
192,80,"moderate","85_15","extreme",0.1,"independent","mlma_cr2",0.9502,0.00307636018697421,0.19228305804987,5000
193,80,"severe","50_50","balanced",0,"independent","aggregate_hksj",0.9518,0.00302908435009658,0.122655032746323,5000
193,80,"severe","50_50","balanced",0,"independent","che_rve",0.9492,0.00310545842026584,0.119401202944226,5000
193,80,"severe","50_50","balanced",0,"independent","mlma",0.945,0.0032241277890307,0.117410609633288,5000
193,80,"severe","50_50","balanced",0,"independent","mlma_cr2",0.9492,0.00310545842026584,0.119401203013567,5000
194,80,"severe","50_50","balanced",0.1,"independent","aggregate_hksj",0.9528,0.00299907185642492,0.122665423102399,5000
194,80,"severe","50_50","balanced",0.1,"independent","che_rve",0.9506,0.0030646252625729,0.119368659621134,5000
194,80,"severe","50_50","balanced",0.1,"independent","mlma",0.9462,0.00319078548323136,0.117359139463096,5000
194,80,"severe","50_50","balanced",0.1,"independent","mlma_cr2",0.9506,0.0030646252625729,0.119368659569274,5000
195,80,"severe","50_50","moderate",0,"independent","aggregate_hksj",0.9542,0.00295642892693195,0.124561011802552,5000
195,80,"severe","50_50","moderate",0,"independent","che_rve",0.9536,0.00297479545515318,0.121433730112815,5000
195,80,"severe","50_50","moderate",0,"independent","mlma",0.9494,0.00309966578843591,0.119515141264533,5000
195,80,"severe","50_50","moderate",0,"independent","mlma_cr2",0.9522,0.00301712313305241,0.121550676448641,5000
196,80,"severe","50_50","moderate",0.1,"independent","aggregate_hksj",0.952,0.00302311098043059,0.124288730560681,5000
196,80,"severe","50_50","moderate",0.1,"independent","che_rve",0.9544,0.00295027591929975,0.121060544278947,5000
196,80,"severe","50_50","moderate",0.1,"independent","mlma",0.9502,0.00307636018697421,0.119156826876502,5000
196,80,"severe","50_50","moderate",0.1,"independent","mlma_cr2",0.954,0.00296256645495084,0.12118046869888,5000
197,80,"severe","50_50","severe",0,"independent","aggregate_hksj",0.945,0.0032241277890307,0.129623859841993,5000
197,80,"severe","50_50","severe",0,"independent","che_rve",0.9468,0.00317394895989208,0.126611606392518,5000
197,80,"severe","50_50","severe",0,"independent","mlma",0.9452,0.00321860093829602,0.125285347715387,5000
197,80,"severe","50_50","severe",0,"independent","mlma_cr2",0.9488,0.0031170036894428,0.127464349247102,5000
198,80,"severe","50_50","severe",0.1,"independent","aggregate_hksj",0.9574,0.00285605462132642,0.129241797546169,5000
198,80,"severe","50_50","severe",0.1,"independent","che_rve",0.9562,0.00289418589589542,0.126364236081179,5000
198,80,"severe","50_50","severe",0.1,"independent","mlma",0.9544,0.00295027591929975,0.12502018990521,5000
198,80,"severe","50_50","severe",0.1,"independent","mlma_cr2",0.9578,0.00284320804725929,0.127181107612212,5000
199,80,"severe","50_50","extreme",0,"independent","aggregate_hksj",0.951,0.00305283474822991,0.137979058105697,5000
199,80,"severe","50_50","extreme",0,"independent","che_rve",0.9494,0.00309966578843591,0.135243501470124,5000
199,80,"severe","50_50","extreme",0,"independent","mlma",0.945,0.0032241277890307,0.135769027999478,5000
199,80,"severe","50_50","extreme",0,"independent","mlma_cr2",0.9492,0.00310545842026584,0.138238220593376,5000
200,80,"severe","50_50","extreme",0.1,"independent","aggregate_hksj",0.953,0.00299302522541993,0.137770131870078,5000
200,80,"severe","50_50","extreme",0.1,"independent","che_rve",0.9492,0.00310545842026584,0.134922638152748,5000
200,80,"severe","50_50","extreme",0.1,"independent","mlma",0.945,0.0032241277890307,0.135396622107157,5000
200,80,"severe","50_50","extreme",0.1,"independent","mlma_cr2",0.9492,0.00310545842026584,0.137879455550923,5000
201,80,"severe","70_30","balanced",0,"independent","aggregate_hksj",0.9514,0.0030409879973456,0.133861369619716,5000
201,80,"severe","70_30","balanced",0,"independent","che_rve",0.9522,0.00301712313305241,0.131733532631291,5000
201,80,"severe","70_30","balanced",0,"independent","mlma",0.9478,0.00314563697841948,0.128081542285742,5000
201,80,"severe","70_30","balanced",0,"independent","mlma_cr2",0.9522,0.00301712313305241,0.131733532730985,5000
202,80,"severe","70_30","balanced",0.1,"independent","aggregate_hksj",0.9498,0.00308804015517933,0.133841434777492,5000
202,80,"severe","70_30","balanced",0.1,"independent","che_rve",0.9476,0.00315132480077824,0.131893974821847,5000
202,80,"severe","70_30","balanced",0.1,"independent","mlma",0.9434,0.00326791799162708,0.128124832426219,5000
202,80,"severe","70_30","balanced",0.1,"independent","mlma_cr2",0.9476,0.00315132480077824,0.131893974762647,5000
203,80,"severe","70_30","moderate",0,"independent","aggregate_hksj",0.9508,0.00305873699425106,0.135634358838311,5000
203,80,"severe","70_30","moderate",0,"independent","che_rve",0.9498,0.00308804015517933,0.13356578168137,5000
203,80,"severe","70_30","moderate",0,"independent","mlma",0.9458,0.00320194815698193,0.130093779465757,5000
203,80,"severe","70_30","moderate",0,"independent","mlma_cr2",0.9506,0.0030646252625729,0.133714368792446,5000
204,80,"severe","70_30","moderate",0.1,"independent","aggregate_hksj",0.9528,0.00299907185642492,0.135593146054246,5000
204,80,"severe","70_30","moderate",0.1,"independent","che_rve",0.9536,0.00297479545515318,0.133702931213961,5000
204,80,"severe","70_30","moderate",0.1,"independent","mlma",0.9482,0.0031342227106573,0.130088596910612,5000
204,80,"severe","70_30","moderate",0.1,"independent","mlma_cr2",0.9542,0.00295642892693195,0.133836573445323,5000
205,80,"severe","70_30","severe",0,"independent","aggregate_hksj",0.9442,0.00324611644892786,0.140986851799298,5000
205,80,"severe","70_30","severe",0,"independent","che_rve",0.946,0.00319637294444813,0.139418507993576,5000
205,80,"severe","70_30","severe",0,"independent","mlma",0.9396,0.00336903072114221,0.136230821801232,5000
205,80,"severe","70_30","severe",0,"independent","mlma_cr2",0.9446,0.00323514574633045,0.140255046792853,5000
206,80,"severe","70_30","severe",0.1,"independent","aggregate_hksj",0.9506,0.0030646252625729,0.141066815178737,5000
206,80,"severe","70_30","severe",0.1,"independent","che_rve",0.948,0.00313993630508646,0.139558408136123,5000
206,80,"severe","70_30","severe",0.1,"independent","mlma",0.9442,0.00324611644892786,0.136268788825634,5000
206,80,"severe","70_30","severe",0.1,"independent","mlma_cr2",0.9466,0.00317957355631223,0.140401146473071,5000
207,80,"severe","70_30","extreme",0,"independent","aggregate_hksj",0.9506,0.0030646252625729,0.150573195397263,5000
207,80,"severe","70_30","extreme",0,"independent","che_rve",0.9472,0.00316266216975509,0.149584249603488,5000
207,80,"severe","70_30","extreme",0,"independent","mlma",0.9456,0.0032075111847038,0.148001928863604,5000
207,80,"severe","70_30","extreme",0,"independent","mlma_cr2",0.9504,0.00307049963361014,0.152585560660842,5000
208,80,"severe","70_30","extreme",0.1,"independent","aggregate_hksj",0.9468,0.00317394895989208,0.150554238853066,5000
208,80,"severe","70_30","extreme",0.1,"independent","che_rve",0.9468,0.00317394895989208,0.149385358297801,5000
208,80,"severe","70_30","extreme",0.1,"independent","mlma",0.944,0.00325158422926425,0.148066365169483,5000
208,80,"severe","70_30","extreme",0.1,"independent","mlma_cr2",0.9492,0.00310545842026584,0.152587637800328,5000
209,80,"severe","85_15","balanced",0,"independent","aggregate_hksj",0.9536,0.00297479545515318,0.171474557397034,5000
209,80,"severe","85_15","balanced",0,"independent","che_rve",0.9524,0.00301112072159188,0.177477500041428,5000
209,80,"severe","85_15","balanced",0,"independent","mlma",0.9492,0.00310545842026584,0.164432564865796,5000
209,80,"severe","85_15","balanced",0,"independent","mlma_cr2",0.9524,0.00301112072159188,0.177477500300304,5000
210,80,"severe","85_15","balanced",0.1,"independent","aggregate_hksj",0.9484,0.00312849612433834,0.171539916093051,5000
210,80,"severe","85_15","balanced",0.1,"independent","che_rve",0.9556,0.00291302729132427,0.176802167717816,5000
210,80,"severe","85_15","balanced",0.1,"independent","mlma",0.946,0.00319637294444813,0.164466087081064,5000
210,80,"severe","85_15","balanced",0.1,"independent","mlma_cr2",0.9556,0.00291302729132427,0.17680216777682,5000
211,80,"severe","85_15","moderate",0,"independent","aggregate_hksj",0.9528,0.00299907185642492,0.174423504067139,5000
211,80,"severe","85_15","moderate",0,"independent","che_rve",0.9518,0.00302908435009658,0.180615800471385,5000
211,80,"severe","85_15","moderate",0,"independent","mlma",0.9446,0.00323514574633045,0.167404985679309,5000
211,80,"severe","85_15","moderate",0,"independent","mlma_cr2",0.9524,0.00301112072159188,0.180768967134148,5000
212,80,"severe","85_15","moderate",0.1,"independent","aggregate_hksj",0.9496,0.00309385972532693,0.174561465948598,5000
212,80,"severe","85_15","moderate",0.1,"independent","che_rve",0.9508,0.00305873699425106,0.181054437592989,5000
212,80,"severe","85_15","moderate",0.1,"independent","mlma",0.9474,0.00315699984162179,0.167801944854603,5000
212,80,"severe","85_15","moderate",0.1,"independent","mlma_cr2",0.9512,0.00304691844328003,0.181196535931243,5000
213,80,"severe","85_15","severe",0,"independent","aggregate_hksj",0.951,0.00305283474822991,0.181039095593915,5000
213,80,"severe","85_15","severe",0,"independent","che_rve",0.9496,0.00309385972532693,0.188309505847864,5000
213,80,"severe","85_15","severe",0,"independent","mlma",0.9462,0.00319078548323136,0.175053388423909,5000
213,80,"severe","85_15","severe",0,"independent","mlma_cr2",0.949,0.00311123769583746,0.189161558586817,5000
214,80,"severe","85_15","severe",0.1,"independent","aggregate_hksj",0.9478,0.00314563697841948,0.181278802801665,5000
214,80,"severe","85_15","severe",0.1,"independent","che_rve",0.9512,0.00304691844328003,0.189287648349149,5000
214,80,"severe","85_15","severe",0.1,"independent","mlma",0.9464,0.00318518570887162,0.175082744716701,5000
214,80,"severe","85_15","severe",0.1,"independent","mlma_cr2",0.9508,0.00305873699425106,0.189996575473857,5000
215,80,"severe","85_15","extreme",0,"independent","aggregate_hksj",0.9478,0.00314563697841948,0.193389981983077,5000
215,80,"severe","85_15","extreme",0,"independent","che_rve",0.9476,0.00315132480077824,0.203258253860188,5000
215,80,"severe","85_15","extreme",0,"independent","mlma",0.9422,0.00330027756408457,0.189958673990798,5000
215,80,"severe","85_15","extreme",0,"independent","mlma_cr2",0.9472,0.00316266216975509,0.206312075608888,5000
216,80,"severe","85_15","extreme",0.1,"independent","aggregate_hksj",0.9534,0.00298088711627931,0.193718396356756,5000
216,80,"severe","85_15","extreme",0.1,"independent","che_rve",0.952,0.00302311098043059,0.203904064510965,5000
216,80,"severe","85_15","extreme",0.1,"independent","mlma",0.9484,0.00312849612433834,0.190221556977559,5000
216,80,"severe","85_15","extreme",0.1,"independent","mlma_cr2",0.9566,0.00288154264240528,0.207175060041948,5000
217,20,"severe","85_15","extreme",0,"n_majority","aggregate_hksj",0.9632,0.00266254614983478,0.607640425455074,5000
217,20,"severe","85_15","extreme",0,"n_majority","che_rve",0.9716,0.00234918879615922,1.04712639843632,5000
217,20,"severe","85_15","extreme",0,"n_majority","mlma",0.89,0.00442492937796752,0.489266477255498,5000
217,20,"severe","85_15","extreme",0,"n_majority","mlma_cr2",0.9736,0.00226729089443768,1.07080281679138,5000
218,20,"severe","85_15","extreme",0,"n_minority","aggregate_hksj",0.9338,0.00351617860752266,0.34696154754283,5000
218,20,"severe","85_15","extreme",0,"n_minority","che_rve",0.9594,0.00279111590586991,0.489566170287744,5000
218,20,"severe","85_15","extreme",0,"n_minority","mlma",0.932,0.00356022471200906,0.341691997583969,5000
218,20,"severe","85_15","extreme",0,"n_minority","mlma_cr2",0.9674,0.00251146331846595,0.508314928102599,5000
219,20,"severe","85_15","extreme",0,"nk_majority","aggregate_hksj",0.9578,0.00284320804725929,0.659909690397498,5000
219,20,"severe","85_15","extreme",0,"nk_majority","che_rve",0.962,0.0027039230758289,1.1514711928005,5000
219,20,"severe","85_15","extreme",0,"nk_majority","mlma",0.9494,0.00309966578843591,0.629674581711579,5000
219,20,"severe","85_15","extreme",0,"nk_majority","mlma_cr2",0.9616,0.00271755183943195,1.15164705418917,5000
220,20,"severe","85_15","extreme",0,"nk_minority","aggregate_hksj",0.9552,0.00292550713552368,0.334092564917056,5000
220,20,"severe","85_15","extreme",0,"nk_minority","che_rve",0.9526,0.00300510365877785,0.38649943451591,5000
220,20,"severe","85_15","extreme",0,"nk_minority","mlma",0.915,0.003943982758583,0.278371284181502,5000
220,20,"severe","85_15","extreme",0,"nk_minority","mlma_cr2",0.9556,0.00291302729132427,0.391548556018912,5000
221,20,"severe","85_15","extreme",0.1,"n_majority","aggregate_hksj",0.9608,0.0027445713690848,0.610225259186536,5000
221,20,"severe","85_15","extreme",0.1,"n_majority","che_rve",0.9686,0.00246633493264804,1.05948136599552,5000
221,20,"severe","85_15","extreme",0.1,"n_majority","mlma",0.879,0.00461213616451206,0.490743656115868,5000
221,20,"severe","85_15","extreme",0.1,"n_majority","mlma_cr2",0.9676,0.0025040063897682,1.0762824655941,5000
222,20,"severe","85_15","extreme",0.1,"n_minority","aggregate_hksj",0.9328,0.00354073890593475,0.345101529656998,5000
222,20,"severe","85_15","extreme",0.1,"n_minority","che_rve",0.9606,0.00275127752144345,0.486850016948007,5000
222,20,"severe","85_15","extreme",0.1,"n_minority","mlma",0.9348,0.00349138826256834,0.341074231717518,5000
222,20,"severe","85_15","extreme",0.1,"n_minority","mlma_cr2",0.971,0.00237314137800511,0.506622942886836,5000
223,20,"severe","85_15","extreme",0.1,"nk_majority","aggregate_hksj",0.9558,0.00290676314824583,0.658553490903587,5000
223,20,"severe","85_15","extreme",0.1,"nk_majority","che_rve",0.9596,0.00278452293939195,1.15490830532997,5000
223,20,"severe","85_15","extreme",0.1,"nk_majority","mlma",0.9486,0.00312275647465504,0.628994404384089,5000
223,20,"severe","85_15","extreme",0.1,"nk_majority","mlma_cr2",0.96,0.0027712812921102,1.15499360866679,5000
224,20,"severe","85_15","extreme",0.1,"nk_minority","aggregate_hksj",0.9574,0.00285605462132642,0.334199413754384,5000
224,20,"severe","85_15","extreme",0.1,"nk_minority","che_rve",0.9542,0.00295642892693195,0.38640166814141,5000
224,20,"severe","85_15","extreme",0.1,"nk_minority","mlma",0.915,0.003943982758583,0.278841958696599,5000
224,20,"severe","85_15","extreme",0.1,"nk_minority","mlma_cr2",0.9568,0.00287519599331941,0.391284483427951,5000
225,40,"severe","85_15","extreme",0,"n_majority","aggregate_hksj",0.952,0.00302311098043059,0.410592973459555,5000
225,40,"severe","85_15","extreme",0,"n_majority","che_rve",0.95,0.00308220700148449,0.483857359688454,5000
225,40,"severe","85_15","extreme",0,"n_majority","mlma",0.8828,0.00454893745835222,0.337832227667616,5000
225,40,"severe","85_15","extreme",0,"n_majority","mlma_cr2",0.9488,0.0031170036894428,0.507407984508553,5000
226,40,"severe","85_15","extreme",0,"n_minority","aggregate_hksj",0.9416,0.00331630637909105,0.240689597906238,5000
226,40,"severe","85_15","extreme",0,"n_minority","che_rve",0.9468,0.00317394895989208,0.266938123627283,5000
226,40,"severe","85_15","extreme",0,"n_minority","mlma",0.946,0.00319637294444813,0.245041871505446,5000
226,40,"severe","85_15","extreme",0,"n_minority","mlma_cr2",0.953,0.00299302522541993,0.271428983606627,5000
227,40,"severe","85_15","extreme",0,"nk_majority","aggregate_hksj",0.9532,0.00298696367570816,0.447028241986831,5000
227,40,"severe","85_15","extreme",0,"nk_majority","che_rve",0.9574,0.00285605462132642,0.544210984467214,5000
227,40,"severe","85_15","extreme",0,"nk_majority","mlma",0.9516,0.00303504332753257,0.441781244209458,5000
227,40,"severe","85_15","extreme",0,"nk_majority","mlma_cr2",0.9572,0.00286245209566902,0.544249882389531,5000
228,40,"severe","85_15","extreme",0,"nk_minority","aggregate_hksj",0.9618,0.0027107474983849,0.230246625632701,5000
228,40,"severe","85_15","extreme",0,"nk_minority","che_rve",0.9446,0.00323514574633045,0.224425109598678,5000
228,40,"severe","85_15","extreme",0,"nk_minority","mlma",0.9276,0.00366492128155572,0.200372211165452,5000
228,40,"severe","85_15","extreme",0,"nk_minority","mlma_cr2",0.9444,0.00324063697442339,0.225361498219123,5000
229,40,"severe","85_15","extreme",0.1,"n_majority","aggregate_hksj",0.9566,0.00288154264240528,0.410019478787513,5000
229,40,"severe","85_15","extreme",0.1,"n_majority","che_rve",0.9532,0.00298696367570816,0.484846713289676,5000
229,40,"severe","85_15","extreme",0.1,"n_majority","mlma",0.8862,0.00449109251741712,0.337660382647947,5000
229,40,"severe","85_15","extreme",0.1,"n_majority","mlma_cr2",0.9522,0.00301712313305241,0.510401958811904,5000
230,40,"severe","85_15","extreme",0.1,"n_minority","aggregate_hksj",0.9448,0.00322964270469661,0.240109935484374,5000
230,40,"severe","85_15","extreme",0.1,"n_minority","che_rve",0.9528,0.00299907185642492,0.264481030974212,5000
230,40,"severe","85_15","extreme",0.1,"n_minority","mlma",0.955,0.00293172304285381,0.244561723995026,5000
230,40,"severe","85_15","extreme",0.1,"n_minority","mlma_cr2",0.9552,0.00292550713552368,0.269322289842437,5000
231,40,"severe","85_15","extreme",0.1,"nk_majority","aggregate_hksj",0.955,0.00293172304285381,0.446111888619049,5000
231,40,"severe","85_15","extreme",0.1,"nk_majority","che_rve",0.9548,0.00293792307591605,0.542373959309961,5000
231,40,"severe","85_15","extreme",0.1,"nk_majority","mlma",0.9528,0.00299907185642492,0.441707953147325,5000
231,40,"severe","85_15","extreme",0.1,"nk_majority","mlma_cr2",0.9546,0.00294410733499986,0.542413540311571,5000
232,40,"severe","85_15","extreme",0.1,"nk_minority","aggregate_hksj",0.9612,0.00273110087693589,0.23042509995018,5000
232,40,"severe","85_15","extreme",0.1,"nk_minority","che_rve",0.9486,0.00312275647465504,0.224766515535694,5000
232,40,"severe","85_15","extreme",0.1,"nk_minority","mlma",0.9344,0.00350133231784702,0.200660510735205,5000
232,40,"severe","85_15","extreme",0.1,"nk_minority","mlma_cr2",0.9498,0.00308804015517933,0.225753987473835,5000
