"condition_id","J","k_imbalance","moderator_split","n_imbalance","beta1_true","allocation_pattern","method","coverage","type1_error","power","mean_ci_width","mean_df","bias","se_ratio","error_rate","warning_rate"
1,20,"balanced","50_50","balanced",0,"independent","aggregate_hksj",0.9494,0.0506,NA,0.224035437534463,18,-0.000670303933114567,0.980659900892953,0,0
1,20,"balanced","50_50","balanced",0,"independent","che_rve",0.9494,0.0506,NA,0.224035437534463,18,-0.000670303933114562,0.980659900892953,0,0
1,20,"balanced","50_50","balanced",0,"independent","mlma",0.9328,0.0672,NA,0.209004200686295,NA,-0.000670303933114562,0.980660220028687,0,0
1,20,"balanced","50_50","balanced",0,"independent","mlma_cr2",0.9494,0.0506,NA,0.224035437534463,18,-0.000670303933114562,0.980659900892953,0,0
2,20,"balanced","50_50","balanced",0.1,"independent","aggregate_hksj",0.9474,NA,0.4096,0.223571271879817,18,-0.000924984484501692,0.975124152220449,0,0
2,20,"balanced","50_50","balanced",0.1,"independent","che_rve",0.9474,NA,0.4096,0.223571271879817,18,-0.000924984484501692,0.975124152220449,0,0
2,20,"balanced","50_50","balanced",0.1,"independent","mlma",0.9284,NA,0.4612,0.208575723270154,NA,-0.000924984484501692,0.975145722892732,0,0
2,20,"balanced","50_50","balanced",0.1,"independent","mlma_cr2",0.9474,NA,0.4096,0.223571271879817,18,-0.000924984484501692,0.975124152220449,0,0
3,20,"balanced","50_50","moderate",0,"independent","aggregate_hksj",0.9474,0.0526,NA,0.227009528325944,18,-0.000866639937541566,0.988944061664144,0,0
3,20,"balanced","50_50","moderate",0,"independent","che_rve",0.9478,0.0522,NA,0.227164898037793,17.8159403833897,-0.00086571160072052,0.988966730779123,0,0
3,20,"balanced","50_50","moderate",0,"independent","mlma",0.9326,0.0674,NA,0.21219345250071,NA,-0.000856806729860433,0.989987129348075,0,0
3,20,"balanced","50_50","moderate",0,"independent","mlma_cr2",0.948,0.052,NA,0.227494531608761,17.9668296594021,-0.000856806729860433,0.990047136248476,0,0
4,20,"balanced","50_50","moderate",0.1,"independent","aggregate_hksj",0.9526,NA,0.3882,0.228029745637681,18,-0.00164388136963846,0.984054405392095,0,0
4,20,"balanced","50_50","moderate",0.1,"independent","che_rve",0.953,NA,0.3876,0.228234264456394,17.8194054494214,-0.00164193339596451,0.984281118381659,0,0
4,20,"balanced","50_50","moderate",0.1,"independent","mlma",0.937,NA,0.435,0.213117856214898,NA,-0.00168407639027192,0.984588240677623,0,0
4,20,"balanced","50_50","moderate",0.1,"independent","mlma_cr2",0.952,NA,0.3886,0.228455596143064,17.9673737406228,-0.00168407639027192,0.984520649682592,0,0
5,20,"balanced","50_50","severe",0,"independent","aggregate_hksj",0.9494,0.0506,NA,0.235989089035653,18,-0.000459659555590207,0.996334786107062,0,0
5,20,"balanced","50_50","severe",0,"independent","che_rve",0.95,0.05,NA,0.236866782676327,17.1233480242417,-0.000460786879414948,0.996670476888824,0,0
5,20,"balanced","50_50","severe",0,"independent","mlma",0.9358,0.0642,NA,0.22232727609541,NA,-0.000335092238290834,0.998785293493211,0,0
5,20,"balanced","50_50","severe",0,"independent","mlma_cr2",0.9502,0.0498,NA,0.238471211943975,17.7937259176164,-0.000335092238290834,0.998685563293109,0,0
6,20,"balanced","50_50","severe",0.1,"independent","aggregate_hksj",0.9512,NA,0.374,0.23620776474526,18,-8.78923270752618e-05,0.98494080617583,0,0
6,20,"balanced","50_50","severe",0.1,"independent","che_rve",0.9492,NA,0.3718,0.237122525143664,17.1282965397966,-8.39849750587235e-05,0.985410325472914,0,0
6,20,"balanced","50_50","severe",0.1,"independent","mlma",0.936,NA,0.4196,0.222519118315386,NA,-0.000217573336444843,0.989892266440885,0,0
6,20,"balanced","50_50","severe",0.1,"independent","mlma_cr2",0.952,NA,0.3692,0.23873619179665,17.795428837706,-0.000217573336444843,0.990042905630028,0,0
7,20,"balanced","50_50","extreme",0,"independent","aggregate_hksj",0.9452,0.0548,NA,0.252073126401539,18,0.00022640836885786,0.96255924511892,0,0
7,20,"balanced","50_50","extreme",0,"independent","che_rve",0.9506,0.0494,NA,0.255652769055558,15.3234089628032,0.000219294983110349,0.964824127435833,0,0
7,20,"balanced","50_50","extreme",0,"independent","mlma",0.9348,0.0652,NA,0.243153679462482,NA,0.000375955212419198,0.974760001448566,0,0
7,20,"balanced","50_50","extreme",0,"independent","mlma_cr2",0.9524,0.0476,NA,0.261474605355498,17.2192313228675,0.000375955212419198,0.974980581408652,0,0
8,20,"balanced","50_50","extreme",0.1,"independent","aggregate_hksj",0.9466,NA,0.3298,0.253815195374838,18,-0.00114508573420034,0.97831732015786,0,2e-04
8,20,"balanced","50_50","extreme",0.1,"independent","che_rve",0.9526,NA,0.3192,0.257090180647549,15.3483843412567,-0.00114123413247211,0.979194111729646,0,0
8,20,"balanced","50_50","extreme",0.1,"independent","mlma",0.9408,NA,0.3652,0.244774780695004,NA,-0.0012663237091107,0.995022892149507,0,0
8,20,"balanced","50_50","extreme",0.1,"independent","mlma_cr2",0.9536,NA,0.3128,0.263185936804317,17.2307236820308,-0.0012663237091107,0.99518106037166,0,0
9,20,"balanced","70_30","balanced",0,"independent","aggregate_hksj",0.9506,0.0494,NA,0.244876506148195,18,-0.000606755034354029,0.982155695010083,0,0
9,20,"balanced","70_30","balanced",0,"independent","che_rve",0.954,0.046,NA,0.257328699055967,9.53079178885631,-0.000606755034354066,0.966681118276051,0,0
9,20,"balanced","70_30","balanced",0,"independent","mlma",0.9358,0.0642,NA,0.22844689731486,NA,-0.000606755034354063,0.982155672260551,0,0
9,20,"balanced","70_30","balanced",0,"independent","mlma_cr2",0.954,0.046,NA,0.257328699055967,9.53079178885631,-0.000606755034354063,0.966681118276051,0,0
10,20,"balanced","70_30","balanced",0.1,"independent","aggregate_hksj",0.95,NA,0.3654,0.243726911439629,18,0.000653626955741782,0.974609965135998,0,0
10,20,"balanced","70_30","balanced",0.1,"independent","che_rve",0.951,NA,0.3382,0.257664555661655,9.53079178885631,0.00065362695574174,0.965036714050859,0,0
10,20,"balanced","70_30","balanced",0.1,"independent","mlma",0.935,NA,0.4216,0.227374432790963,NA,0.000653626955741754,0.974609942189484,0,0
10,20,"balanced","70_30","balanced",0.1,"independent","mlma_cr2",0.951,NA,0.3382,0.257664555661655,9.53079178885631,0.000653626955741754,0.965036714050859,0,0
11,20,"balanced","70_30","moderate",0,"independent","aggregate_hksj",0.9506,0.0494,NA,0.246937265485509,18,0.00018726215650737,0.98308434869974,0,0
11,20,"balanced","70_30","moderate",0,"independent","che_rve",0.9514,0.0486,NA,0.260379815816285,9.44204236551085,0.00018769374859299,0.969607318075584,0,0
11,20,"balanced","70_30","moderate",0,"independent","mlma",0.9374,0.0626,NA,0.230769346959981,NA,0.000249801616369249,0.984926599358058,0,0
11,20,"balanced","70_30","moderate",0,"independent","mlma_cr2",0.9526,0.0474,NA,0.260565461657974,9.51449309108164,0.000249801616369249,0.971485950292389,0,0
12,20,"balanced","70_30","moderate",0.1,"independent","aggregate_hksj",0.9514,NA,0.3544,0.247421294992382,18,-0.000180756070390087,1.00148740937105,0,0
12,20,"balanced","70_30","moderate",0.1,"independent","che_rve",0.954,NA,0.3294,0.2612760496622,9.44896419796413,-0.000183034080671995,0.98930402484312,0,0
12,20,"balanced","70_30","moderate",0.1,"independent","mlma",0.9402,NA,0.4042,0.231273153530644,NA,-0.000264262138846061,1.00247769913332,0,0
12,20,"balanced","70_30","moderate",0.1,"independent","mlma_cr2",0.954,NA,0.332,0.261474961060348,9.51768211874145,-0.000264262138846061,0.990125908964847,0,0
13,20,"balanced","70_30","severe",0,"independent","aggregate_hksj",0.9406,0.0594,NA,0.257786767214458,18,-0.00138775768913957,0.958990540384801,0,0
13,20,"balanced","70_30","severe",0,"independent","che_rve",0.946,0.054,NA,0.274467366956418,9.11357028659959,-0.00138992379671091,0.949775611098057,0,0
13,20,"balanced","70_30","severe",0,"independent","mlma",0.93,0.07,NA,0.242753280266281,NA,-0.00146823499962201,0.963469583907349,0,0
13,20,"balanced","70_30","severe",0,"independent","mlma_cr2",0.9472,0.0528,NA,0.275492405964333,9.42937446167729,-0.00146823499962201,0.953917090971933,0,0
14,20,"balanced","70_30","severe",0.1,"independent","aggregate_hksj",0.9442,NA,0.3314,0.256875503489116,18,-0.000812395751851561,0.977960999100131,0,0
14,20,"balanced","70_30","severe",0.1,"independent","che_rve",0.9496,NA,0.299,0.273349193636124,9.1099931994778,-0.000817017709828838,0.967864126629601,0,0
14,20,"balanced","70_30","severe",0.1,"independent","mlma",0.9322,NA,0.3746,0.241876587355791,NA,-0.000837759277139097,0.981085428608588,0,0
14,20,"balanced","70_30","severe",0.1,"independent","mlma_cr2",0.9522,NA,0.2968,0.274648407883438,9.43159403222033,-0.000837759277139097,0.97186408732974,0,0
15,20,"balanced","70_30","extreme",0,"independent","aggregate_hksj",0.9444,0.0556,NA,0.27635140677279,18,-0.000353275653220559,0.977382883225859,0,0
15,20,"balanced","70_30","extreme",0,"independent","che_rve",0.954,0.046,NA,0.299699298265309,8.2813863336528,-0.000353233121060775,0.96838187977091,0,0
15,20,"balanced","70_30","extreme",0,"independent","mlma",0.9358,0.0642,NA,0.265950813985354,NA,-0.000234299931884618,0.988154677347313,0,0
15,20,"balanced","70_30","extreme",0,"independent","mlma_cr2",0.9518,0.0482,NA,0.303448001924711,9.16654504599435,-0.000234299931884618,0.979095738395167,0,0
16,20,"balanced","70_30","extreme",0.1,"independent","aggregate_hksj",0.9426,NA,0.3018,0.276389922149235,18,-0.000183217076198783,0.969657049809359,0,0
16,20,"balanced","70_30","extreme",0.1,"independent","che_rve",0.9494,NA,0.265,0.298026720016994,8.30905038186489,-0.000180898380743089,0.955469792788808,0,0
16,20,"balanced","70_30","extreme",0.1,"independent","mlma",0.931,NA,0.3248,0.266179968459808,NA,-0.000297640334619126,0.979440294805612,0,0
16,20,"balanced","70_30","extreme",0.1,"independent","mlma_cr2",0.9502,NA,0.2572,0.302522188141712,9.18075097062094,-0.000297640334619126,0.966846049932808,0,0
17,20,"balanced","85_15","balanced",0,"independent","aggregate_hksj",0.9456,0.0544,NA,0.3133623907723,18,0.00073077025777714,0.986699277092555,0,0
17,20,"balanced","85_15","balanced",0,"independent","che_rve",0.97,0.03,NA,0.471370698273992,2.7574321413184,0.000730770257777183,0.93169945824961,0,0
17,20,"balanced","85_15","balanced",0,"independent","mlma",0.9306,0.0694,NA,0.292337987769527,NA,0.00073077025777717,0.986699793884955,0,0
17,20,"balanced","85_15","balanced",0,"independent","mlma_cr2",0.97,0.03,NA,0.471370698273992,2.7574321413184,0.00073077025777717,0.93169945824961,0,0
18,20,"balanced","85_15","balanced",0.1,"independent","aggregate_hksj",0.9502,NA,0.242,0.313603615502409,18,-0.000359996624623299,0.983546518776694,0,0
18,20,"balanced","85_15","balanced",0.1,"independent","che_rve",0.9716,NA,0.1288,0.468055131207129,2.7574321413184,-0.000359996624623229,0.921480561200257,0,0
18,20,"balanced","85_15","balanced",0.1,"independent","mlma",0.936,NA,0.2858,0.292565010408713,NA,-0.000359996624623229,0.983553698356911,0,0
18,20,"balanced","85_15","balanced",0.1,"independent","mlma_cr2",0.9716,NA,0.1288,0.468055131207129,2.7574321413184,-0.000359996624623229,0.921480561200257,0,0
19,20,"balanced","85_15","moderate",0,"independent","aggregate_hksj",0.9452,0.0548,NA,0.317697686954475,18,-0.000430482661013831,0.970579664337389,0,0
19,20,"balanced","85_15","moderate",0,"independent","che_rve",0.9708,0.0292,NA,0.476396047705921,2.73558573778825,-0.000432058949609984,0.908911987757438,0,0
19,20,"balanced","85_15","moderate",0,"independent","mlma",0.9286,0.0714,NA,0.296802987484084,NA,-0.000474178192514187,0.97099116700457,0,0
19,20,"balanced","85_15","moderate",0,"independent","mlma_cr2",0.9702,0.0298,NA,0.475884755740454,2.75338335662062,-0.000474178192514187,0.910856844019621,0,0
20,20,"balanced","85_15","moderate",0.1,"independent","aggregate_hksj",0.9502,NA,0.232,0.318033262256042,18,-1.44239114309302e-05,0.991490003995851,0,0
20,20,"balanced","85_15","moderate",0.1,"independent","che_rve",0.969,NA,0.126,0.479307050668323,2.73858837074127,-1.43912872733604e-05,0.93366254471132,0,0
20,20,"balanced","85_15","moderate",0.1,"independent","mlma",0.9334,NA,0.2774,0.297177936671616,NA,-0.000104948882589689,0.991408807261622,0,0
20,20,"balanced","85_15","moderate",0.1,"independent","mlma_cr2",0.9696,NA,0.124,0.478280443738954,2.75429982445306,-0.000104948882589689,0.933656198014197,0,0
21,20,"balanced","85_15","severe",0,"independent","aggregate_hksj",0.9524,0.0476,NA,0.331082413954621,18,-0.000506840037874175,0.991420247635986,0,0
21,20,"balanced","85_15","severe",0,"independent","che_rve",0.9708,0.0292,NA,0.506909743330949,2.65365335498342,-0.000503918544587548,0.924653155599018,0,0
21,20,"balanced","85_15","severe",0,"independent","mlma",0.9396,0.0604,NA,0.311143354347649,NA,-0.000489002410096808,0.993142442621323,0,0
21,20,"balanced","85_15","severe",0,"independent","mlma_cr2",0.971,0.029,NA,0.500230625589286,2.73248764392637,-0.000489002410096808,0.928892580792971,0,0
22,20,"balanced","85_15","severe",0.1,"independent","aggregate_hksj",0.9504,NA,0.226,0.331224452749529,18,0.000402333673610714,0.996341026485684,0,0
22,20,"balanced","85_15","severe",0.1,"independent","che_rve",0.9698,NA,0.1132,0.507604294539251,2.65574080939582,0.000400001523935725,0.930497035569714,0,0
22,20,"balanced","85_15","severe",0.1,"independent","mlma",0.9356,NA,0.2618,0.311300112055577,NA,0.000394516144872847,0.997261359556223,0,0
22,20,"balanced","85_15","severe",0.1,"independent","mlma_cr2",0.9704,NA,0.1166,0.501048923138763,2.733446090461,0.000394516144872847,0.933934349357736,0,0
23,20,"balanced","85_15","extreme",0,"independent","aggregate_hksj",0.946,0.054,NA,0.360634684291334,18,0.00120078407657209,0.990995373962922,0,0
23,20,"balanced","85_15","extreme",0,"independent","che_rve",0.9782,0.0218,NA,0.590790556073229,2.45847766141438,0.00119781294456064,0.920715364795178,0,0
23,20,"balanced","85_15","extreme",0,"independent","mlma",0.9354,0.0646,NA,0.344104182979164,NA,0.000782881675035017,0.994691464602425,0,0
23,20,"balanced","85_15","extreme",0,"independent","mlma_cr2",0.9754,0.0246,NA,0.569777790634485,2.66439124561075,0.000782881675035017,0.938974780710306,0,0
24,20,"balanced","85_15","extreme",0.1,"independent","aggregate_hksj",0.9488,NA,0.197,0.358136292923377,18,-0.00223051258025447,0.975120646497358,0,0
24,20,"balanced","85_15","extreme",0.1,"independent","che_rve",0.9774,NA,0.0842,0.588308657743624,2.4465282855765,-0.0022403733818573,0.904470642627945,0,0
24,20,"balanced","85_15","extreme",0.1,"independent","mlma",0.9338,NA,0.222,0.341575822246997,NA,-0.00182711551925563,0.97743547369547,0,0
24,20,"balanced","85_15","extreme",0.1,"independent","mlma_cr2",0.9732,NA,0.0914,0.566647733793851,2.65964298964974,-0.00182711551925563,0.923080435502453,0,0
25,20,"moderate","50_50","balanced",0,"independent","aggregate_hksj",0.9506,0.0494,NA,0.237461355608163,18,-0.00127431640580573,0.986064562398812,0,0
25,20,"moderate","50_50","balanced",0,"independent","che_rve",0.9434,0.0566,NA,0.232795358033495,17.0448391746353,-0.0011761789875391,0.979961253043167,0,0
25,20,"moderate","50_50","balanced",0,"independent","mlma",0.927,0.073,NA,0.216391641008065,NA,-0.00118175923307017,0.979946565481292,0,0
25,20,"moderate","50_50","balanced",0,"independent","mlma_cr2",0.9434,0.0566,NA,0.232786316433511,17.0387007771025,-0.00118175923307017,0.9797825079823,0,0
26,20,"moderate","50_50","balanced",0.1,"independent","aggregate_hksj",0.9504,NA,0.3756,0.236430542703698,18,-0.000484615141729178,0.987977393327753,0,0
26,20,"moderate","50_50","balanced",0.1,"independent","che_rve",0.9484,NA,0.3868,0.232015488311589,17.0271068624914,-0.000301487451686816,0.97926842625637,0,0
26,20,"moderate","50_50","balanced",0.1,"independent","mlma",0.9322,NA,0.4434,0.215704624830345,NA,-0.000310073062936234,0.979610182210435,0,0
26,20,"moderate","50_50","balanced",0.1,"independent","mlma_cr2",0.9484,NA,0.387,0.232002507703824,17.020193840696,-0.000310073062936234,0.979183923287397,0,0
27,20,"moderate","50_50","moderate",0,"independent","aggregate_hksj",0.95,0.05,NA,0.241490922481359,18,0.000358528651104882,0.991650754540284,0,0
27,20,"moderate","50_50","moderate",0,"independent","che_rve",0.9448,0.0552,NA,0.237207484179456,16.8776224709297,0.000305752990199918,0.98204447722675,0,0
27,20,"moderate","50_50","moderate",0,"independent","mlma",0.931,0.069,NA,0.220728786033451,NA,0.000240303016161989,0.984058933990365,0,0
27,20,"moderate","50_50","moderate",0,"independent","mlma_cr2",0.9446,0.0554,NA,0.237455748405267,16.9952636394395,0.000240303016161989,0.983716180623399,0,0
28,20,"moderate","50_50","moderate",0.1,"independent","aggregate_hksj",0.9538,NA,0.3726,0.241396922749224,18,9.14890045577987e-05,0.992267111996922,0,0
28,20,"moderate","50_50","moderate",0.1,"independent","che_rve",0.9494,NA,0.3872,0.237223129237976,16.8860797050618,0.000126550943544884,0.978151379779751,0,0
28,20,"moderate","50_50","moderate",0.1,"independent","mlma",0.9334,NA,0.4356,0.220862117299125,NA,0.00014227295844621,0.979266618993871,0,0
28,20,"moderate","50_50","moderate",0.1,"independent","mlma_cr2",0.949,NA,0.384,0.237517526605064,17.0045732793119,0.00014227295844621,0.978619725647306,0,0
29,20,"moderate","50_50","severe",0,"independent","aggregate_hksj",0.9506,0.0494,NA,0.249063133314839,18,-0.000750252862705146,0.993063301525605,0,0
29,20,"moderate","50_50","severe",0,"independent","che_rve",0.9476,0.0524,NA,0.246314547501481,16.1980227580938,-0.000890705567064142,0.984259388517352,0,0
29,20,"moderate","50_50","severe",0,"independent","mlma",0.9354,0.0646,NA,0.230022993086905,NA,-0.000828118550253044,0.9902533792076,0,0
29,20,"moderate","50_50","severe",0,"independent","mlma_cr2",0.951,0.049,NA,0.247757637075751,16.7515967692785,-0.000828118550253044,0.99006826931994,0,0
30,20,"moderate","50_50","severe",0.1,"independent","aggregate_hksj",0.9496,NA,0.3496,0.249579610810776,18,0.000142492330302377,1.00267396096108,0,0
30,20,"moderate","50_50","severe",0.1,"independent","che_rve",0.9544,NA,0.3606,0.246562204870884,16.218438594687,9.31870933851275e-06,0.995605847212699,0,0
30,20,"moderate","50_50","severe",0.1,"independent","mlma",0.9396,NA,0.4046,0.230425908493268,NA,-0.000249905938300349,0.998565394734189,0,0
30,20,"moderate","50_50","severe",0.1,"independent","mlma_cr2",0.9542,NA,0.3518,0.248110814133598,16.7712840841345,-0.000249905938300349,0.99814778268502,0,0
31,20,"moderate","50_50","extreme",0,"independent","aggregate_hksj",0.943,0.057,NA,0.267446892480931,18,-0.00187599218428626,0.977409013715477,0,0
31,20,"moderate","50_50","extreme",0,"independent","che_rve",0.9478,0.0522,NA,0.267206453429079,14.5169765943096,-0.00200114223236459,0.972237073242703,0,0
31,20,"moderate","50_50","extreme",0,"independent","mlma",0.9322,0.0678,NA,0.253037728413051,NA,-0.00197841199876921,0.991718752746823,0,0
31,20,"moderate","50_50","extreme",0,"independent","mlma_cr2",0.9506,0.0494,NA,0.273252860756321,16.1255143139951,-0.00197841199876921,0.99123268732677,0,0
32,20,"moderate","50_50","extreme",0.1,"independent","aggregate_hksj",0.937987597519504,NA,0.319863972794559,0.266733336675052,18,0.000329309767874361,0.964157078765092,2e-04,0
32,20,"moderate","50_50","extreme",0.1,"independent","che_rve",0.941,NA,0.3158,0.266485210523556,14.5214081605846,0.000263722189875318,0.950425240079484,0,0
32,20,"moderate","50_50","extreme",0.1,"independent","mlma",0.9274,NA,0.3598,0.252136877949955,NA,0.000284108843863401,0.963132895159928,0,0
32,20,"moderate","50_50","extreme",0.1,"independent","mlma_cr2",0.9436,NA,0.3088,0.272335792440127,16.1297092686989,0.000284108843863401,0.962859544543999,0,0
33,20,"moderate","70_30","balanced",0,"independent","aggregate_hksj",0.9546,0.0454,NA,0.259923153233877,18,0.000530109269543346,1.00805000867738,0,0
33,20,"moderate","70_30","balanced",0,"independent","che_rve",0.9566,0.0434,NA,0.27021755861475,9.096384583588,0.000396453867182552,0.986240997488812,0,0
33,20,"moderate","70_30","balanced",0,"independent","mlma",0.9348,0.0652,NA,0.237600464192767,NA,0.000396752453140862,0.999713843710778,0,0
33,20,"moderate","70_30","balanced",0,"independent","mlma_cr2",0.9566,0.0434,NA,0.270206804310625,9.09444969023641,0.000396752453140862,0.986099948873326,0,0
34,20,"moderate","70_30","balanced",0.1,"independent","aggregate_hksj",0.9514,NA,0.333,0.259158624503163,18,0.000552635171806398,0.985226542838159,0,0
34,20,"moderate","70_30","balanced",0.1,"independent","che_rve",0.9538,NA,0.311,0.270443777646496,9.08297753582663,0.000646856810085236,0.969737623514857,0,0
34,20,"moderate","70_30","balanced",0.1,"independent","mlma",0.9338,NA,0.391,0.236854910123058,NA,0.000650781583345389,0.979370074640754,0,0
34,20,"moderate","70_30","balanced",0.1,"independent","mlma_cr2",0.9536,NA,0.311,0.270436181899353,9.08064371519962,0.000650781583345389,0.969618677983722,0,0
35,20,"moderate","70_30","moderate",0,"independent","aggregate_hksj",0.95,0.05,NA,0.263457360994581,18,-0.00118343000353233,0.993547331859611,0,0
35,20,"moderate","70_30","moderate",0,"independent","che_rve",0.9512,0.0488,NA,0.274819482033585,8.99264386553716,-0.000986724084738898,0.973858965879363,0,0
35,20,"moderate","70_30","moderate",0,"independent","mlma",0.9328,0.0672,NA,0.240656348269967,NA,-0.00102652454061083,0.983705672144533,0,0
35,20,"moderate","70_30","moderate",0,"independent","mlma_cr2",0.9508,0.0492,NA,0.274952165598988,9.05027864294027,-0.00102652454061083,0.97394882792469,0,0
36,20,"moderate","70_30","moderate",0.1,"independent","aggregate_hksj",0.9558,NA,0.323,0.263583610325215,18,0.000349297254492828,0.999147566699206,0,0
36,20,"moderate","70_30","moderate",0.1,"independent","che_rve",0.9532,NA,0.3024,0.275351744354838,8.98924028369892,0.000173713789400759,0.980030615846872,0,0
36,20,"moderate","70_30","moderate",0.1,"independent","mlma",0.9358,NA,0.3798,0.241326318621956,NA,0.000154780412955746,0.990722320200431,0,0
36,20,"moderate","70_30","moderate",0.1,"independent","mlma_cr2",0.9532,NA,0.3004,0.275585975001493,9.04299782341516,0.000154780412955746,0.980330747799185,0,0
37,20,"moderate","70_30","severe",0,"independent","aggregate_hksj",0.9488,0.0512,NA,0.271572025811789,18,-0.00196362914690315,0.995527788156501,0,0
37,20,"moderate","70_30","severe",0,"independent","che_rve",0.9548,0.0452,NA,0.285381486956114,8.69762169111724,-0.00194018413842715,0.977594868145125,0,0
37,20,"moderate","70_30","severe",0,"independent","mlma",0.9326,0.0674,NA,0.250653174316255,NA,-0.00176217004847037,0.988883624458311,0,0
37,20,"moderate","70_30","severe",0,"independent","mlma_cr2",0.9542,0.0458,NA,0.286528449724088,8.95390371007207,-0.00176217004847037,0.97766301442412,0,0
38,20,"moderate","70_30","severe",0.1,"independent","aggregate_hksj",0.9468,NA,0.3168,0.272564579505217,18,0.00145300725114085,0.976702692022276,0,0
38,20,"moderate","70_30","severe",0.1,"independent","che_rve",0.951,NA,0.2904,0.28593688547982,8.70495762803647,0.00127059240622286,0.955584049810067,0,0
38,20,"moderate","70_30","severe",0.1,"independent","mlma",0.9342,NA,0.3654,0.251785066657018,NA,0.00120137769342174,0.976115653874232,0,0
38,20,"moderate","70_30","severe",0.1,"independent","mlma_cr2",0.9508,NA,0.2864,0.287408399535772,8.96166577917137,0.00120137769342174,0.96376794857843,0,0
39,20,"moderate","70_30","extreme",0,"independent","aggregate_hksj",0.9496,0.0504,NA,0.292028492034188,18,-0.00068291923399212,0.9803478376574,0,0
39,20,"moderate","70_30","extreme",0,"independent","che_rve",0.9536,0.0464,NA,0.312678238269898,7.8756720174215,-0.000931322760419327,0.961889753793701,0,0
39,20,"moderate","70_30","extreme",0,"independent","mlma",0.9382,0.0618,NA,0.276502182235081,NA,-0.000720917245849046,0.986335643545982,0,0
39,20,"moderate","70_30","extreme",0,"independent","mlma_cr2",0.9532,0.0468,NA,0.3184599804252,8.6341442172433,-0.000720917245849046,0.975664128058182,0,0
40,20,"moderate","70_30","extreme",0.1,"independent","aggregate_hksj",0.944788957791558,NA,0.279455891178236,0.293038204667202,18,0.000470495525654716,0.970653207689252,2e-04,2e-04
40,20,"moderate","70_30","extreme",0.1,"independent","che_rve",0.9514,NA,0.2438,0.314182792861565,7.88845749294425,0.000402886519959261,0.946882299095251,0,0
40,20,"moderate","70_30","extreme",0.1,"independent","mlma",0.9332,NA,0.3162,0.277093835225556,NA,0.000283671305970054,0.973959047660435,0,0
40,20,"moderate","70_30","extreme",0.1,"independent","mlma_cr2",0.9518,NA,0.2436,0.319028134593791,8.63139576989447,0.000283671305970054,0.963017885190509,0,0
41,20,"moderate","85_15","balanced",0,"independent","aggregate_hksj",0.9474,0.0526,NA,0.33420043243833,18,0.000413777022939704,0.995952638063888,0,0
41,20,"moderate","85_15","balanced",0,"independent","che_rve",0.9728,0.0272,NA,0.502577226082801,2.64549742938219,0.000522013106500295,0.919579782302237,0,0
41,20,"moderate","85_15","balanced",0,"independent","mlma",0.9318,0.0682,NA,0.306241698389393,NA,0.000527366718656102,0.987233283239647,0,0
41,20,"moderate","85_15","balanced",0,"independent","mlma_cr2",0.9728,0.0272,NA,0.502624894708266,2.64495059889382,0.000527366718656102,0.919530645134843,0,0
42,20,"moderate","85_15","balanced",0.1,"independent","aggregate_hksj",0.952,NA,0.2246,0.331459566898752,18,0.00059228523555821,0.993773573350307,0,0
42,20,"moderate","85_15","balanced",0.1,"independent","che_rve",0.975,NA,0.1086,0.504545579043026,2.63834207858313,0.000591285049767534,0.926630201596565,0,0
42,20,"moderate","85_15","balanced",0.1,"independent","mlma",0.9348,NA,0.2668,0.304309447505987,NA,0.000594281679537553,0.986415741993024,0,0
42,20,"moderate","85_15","balanced",0.1,"independent","mlma_cr2",0.9748,NA,0.1086,0.504562516679527,2.63784151663172,0.000594281679537553,0.926536007363248,0,0
43,20,"moderate","85_15","moderate",0,"independent","aggregate_hksj",0.9514,0.0486,NA,0.338095005920246,18,-0.00178581332400963,0.986885772192941,0,0
43,20,"moderate","85_15","moderate",0,"independent","che_rve",0.9728,0.0272,NA,0.509546149989572,2.62958995662265,-0.00187850849604164,0.912352882564556,0,0
43,20,"moderate","85_15","moderate",0,"independent","mlma",0.9306,0.0694,NA,0.310314878396395,NA,-0.00182088158748994,0.981524407820798,0,0
43,20,"moderate","85_15","moderate",0,"independent","mlma_cr2",0.9728,0.0272,NA,0.50937175500759,2.63811921122429,-0.00182088158748994,0.912080865184749,0,0
44,20,"moderate","85_15","moderate",0.1,"independent","aggregate_hksj",0.9496,NA,0.2128,0.33749299761233,18,-0.000527995616117979,0.986119863463432,0,0
44,20,"moderate","85_15","moderate",0.1,"independent","che_rve",0.9724,NA,0.1088,0.513673777142403,2.63363131996691,-0.000432218103504758,0.922144372890441,0,0
44,20,"moderate","85_15","moderate",0.1,"independent","mlma",0.9356,NA,0.26,0.309838182892596,NA,-0.000430540841200283,0.983094159841871,0,0
44,20,"moderate","85_15","moderate",0.1,"independent","mlma_cr2",0.973,NA,0.1084,0.513811078029436,2.64083343675438,-0.000430540841200283,0.922870201014592,0,0
45,20,"moderate","85_15","severe",0,"independent","aggregate_hksj",0.947,0.053,NA,0.350263004451877,18,0.000229688150443421,0.993987330572204,0,0
45,20,"moderate","85_15","severe",0,"independent","che_rve",0.9728,0.0272,NA,0.543134836426913,2.56525662330156,5.76875367097663e-05,0.923096696332296,0,0
45,20,"moderate","85_15","severe",0,"independent","mlma",0.9296,0.0704,NA,0.323952034444929,NA,7.64467003380869e-05,0.993463232020138,0,0
45,20,"moderate","85_15","severe",0,"independent","mlma_cr2",0.9738,0.0262,NA,0.541573930534329,2.61086818804269,7.64467003380869e-05,0.928985489182486,0,0
46,20,"moderate","85_15","severe",0.1,"independent","aggregate_hksj",0.9498,NA,0.2082,0.348131134968635,18,0.000825195793288686,0.981481924973228,0,0
46,20,"moderate","85_15","severe",0.1,"independent","che_rve",0.9736,NA,0.103,0.545538249872104,2.56652050379054,0.000695320341920713,0.917659223345213,0,0
46,20,"moderate","85_15","severe",0.1,"independent","mlma",0.9322,NA,0.249,0.322516376054215,NA,0.000712319416601714,0.976192954420018,0,0
46,20,"moderate","85_15","severe",0.1,"independent","mlma_cr2",0.9722,NA,0.1046,0.543624661230174,2.60997048517226,0.000712319416601714,0.920661170986531,0,0
47,20,"moderate","85_15","extreme",0,"independent","aggregate_hksj",0.9406,0.0594,NA,0.378878504782662,18,0.00233316539122517,0.970224400839074,0,0
47,20,"moderate","85_15","extreme",0,"independent","che_rve",0.9754,0.0246,NA,0.627604406885612,2.40522312914387,0.00208280713386126,0.901355905599241,0,0
47,20,"moderate","85_15","extreme",0,"independent","mlma",0.9314,0.0686,NA,0.357791861630914,NA,0.0023073808887238,0.973538080792586,0,0
47,20,"moderate","85_15","extreme",0,"independent","mlma_cr2",0.9732,0.0268,NA,0.620123840640374,2.531498764288,0.0023073808887238,0.91155735673694,0,0
48,20,"moderate","85_15","extreme",0.1,"independent","aggregate_hksj",0.9426,NA,0.1964,0.377743869652866,18,0.000328391845387049,0.964823577007464,0,2e-04
48,20,"moderate","85_15","extreme",0.1,"independent","che_rve",0.9788,NA,0.0828,0.623285082578509,2.4067309818762,0.000659982069141363,0.891671934792864,0,0
48,20,"moderate","85_15","extreme",0.1,"independent","mlma",0.9282,NA,0.225,0.355672818356627,NA,0.00088822638766517,0.967489801166311,0,0
48,20,"moderate","85_15","extreme",0.1,"independent","mlma_cr2",0.9766,NA,0.0868,0.615851033930771,2.54128588213291,0.00088822638766517,0.908087206137309,0,0
49,20,"severe","50_50","balanced",0,"independent","aggregate_hksj",0.9496,0.0504,NA,0.256435026454145,18,0.00102598529621379,0.992866045348526,0,0
49,20,"severe","50_50","balanced",0,"independent","che_rve",0.9476,0.0524,NA,0.250105033505913,16.1629860369366,0.000873417314117453,0.981943329534296,0,0
49,20,"severe","50_50","balanced",0,"independent","mlma",0.9282,0.0718,NA,0.231298636813405,NA,0.000875556373977078,0.980465866038524,0,0
49,20,"severe","50_50","balanced",0,"independent","mlma_cr2",0.947,0.053,NA,0.250001594678469,16.1189767856773,0.000875556373977078,0.980582402492039,0,0
50,20,"severe","50_50","balanced",0.1,"independent","aggregate_hksj",0.955,NA,0.3338,0.255590217628846,18,-3.39455601362504e-05,1.00611686290888,0,0
50,20,"severe","50_50","balanced",0.1,"independent","che_rve",0.9472,NA,0.3478,0.248790919416681,16.1178215173884,-2.37541444167433e-05,0.984244146309133,0,0
50,20,"severe","50_50","balanced",0.1,"independent","mlma",0.9258,NA,0.4098,0.230063053987783,NA,-4.74828299541347e-05,0.982648290215921,0,0
50,20,"severe","50_50","balanced",0.1,"independent","mlma_cr2",0.9462,NA,0.3474,0.248591468591037,16.056656196088,-4.74828299541347e-05,0.982117761456328,0,0
51,20,"severe","50_50","moderate",0,"independent","aggregate_hksj",0.9544,0.0456,NA,0.259587875591976,18,-0.000157410080694183,1.00867517399834,0,0
51,20,"severe","50_50","moderate",0,"independent","che_rve",0.9524,0.0476,NA,0.253378912986079,16.0036386939273,-0.000369272482473213,0.989034302521563,0,0
51,20,"severe","50_50","moderate",0,"independent","mlma",0.929,0.071,NA,0.234656736236491,NA,-0.000426884973859992,0.988502162415856,0,0
51,20,"severe","50_50","moderate",0,"independent","mlma_cr2",0.9498,0.0502,NA,0.253413475080436,16.0118516985443,-0.000426884973859992,0.987182724857028,0,0
52,20,"severe","50_50","moderate",0.1,"independent","aggregate_hksj",0.9484,NA,0.3322,0.259847566270749,18,-3.24420514441065e-05,0.985216650098445,0,0
52,20,"severe","50_50","moderate",0.1,"independent","che_rve",0.9458,NA,0.3426,0.253767693526185,16.0082364191362,-4.9248758476117e-05,0.969363662644571,0,0
52,20,"severe","50_50","moderate",0.1,"independent","mlma",0.9262,NA,0.3952,0.234940630892771,NA,-6.19432848229101e-05,0.968655884119326,0,0
52,20,"severe","50_50","moderate",0.1,"independent","mlma_cr2",0.9452,NA,0.3422,0.253856829564869,16.0179495746762,-6.19432848229101e-05,0.967926055233798,0,0
53,20,"severe","50_50","severe",0,"independent","aggregate_hksj",0.9434,0.0566,NA,0.268181287453998,18,-0.00162709911077583,0.977265712290725,0,0
53,20,"severe","50_50","severe",0,"independent","che_rve",0.9432,0.0568,NA,0.262724031122528,15.327586957328,-0.00143454394152802,0.956378842726999,0,0
53,20,"severe","50_50","severe",0,"independent","mlma",0.9196,0.0804,NA,0.243477027816567,NA,-0.00134254651432527,0.957659665065243,0,0
53,20,"severe","50_50","severe",0,"independent","mlma_cr2",0.9428,0.0572,NA,0.263682835150726,15.5905902061514,-0.00134254651432527,0.956935429950254,0,0
54,20,"severe","50_50","severe",0.1,"independent","aggregate_hksj",0.946,NA,0.3068,0.269787830316941,18,-0.000913440595386894,0.973788194541191,0,0
54,20,"severe","50_50","severe",0.1,"independent","che_rve",0.9428,NA,0.3122,0.26439834543099,15.4023555377009,-0.0010326925070136,0.960617402937121,0,0
54,20,"severe","50_50","severe",0.1,"independent","mlma",0.923,NA,0.3634,0.245284688063311,NA,-0.000964154149806329,0.96114206095388,0,0
54,20,"severe","50_50","severe",0.1,"independent","mlma_cr2",0.9408,NA,0.3126,0.265458812172792,15.6616407347773,-0.000964154149806329,0.960118290280413,0,0
55,20,"severe","50_50","extreme",0,"independent","aggregate_hksj",0.935787157431486,0.0642128425685137,NA,0.286680312203915,18,-0.000815998194431209,0.957469580932033,2e-04,4e-04
55,20,"severe","50_50","extreme",0,"independent","che_rve",0.9366,0.0634,NA,0.284210014284388,13.8257815968937,-0.00108387580639311,0.940795277054478,0,0
55,20,"severe","50_50","extreme",0,"independent","mlma",0.913,0.087,NA,0.265349160736772,NA,-0.000782195087923017,0.945649596810803,0,0
55,20,"severe","50_50","extreme",0,"independent","mlma_cr2",0.9382,0.0618,NA,0.288816478322993,14.7175823392537,-0.000782195087923017,0.944797480251152,0,0
56,20,"severe","50_50","extreme",0.1,"independent","aggregate_hksj",0.9378,NA,0.276,0.288765564711844,18,0.000132423545287488,0.969586713364201,0,0
56,20,"severe","50_50","extreme",0.1,"independent","che_rve",0.9338,NA,0.277,0.286458777278699,13.8935612783213,0.00037628387253677,0.950175260483991,0,0
56,20,"severe","50_50","extreme",0.1,"independent","mlma",0.9176,NA,0.3232,0.268687162300728,NA,0.000539846021403542,0.959609529147827,0,0
56,20,"severe","50_50","extreme",0.1,"independent","mlma_cr2",0.9404,NA,0.2728,0.292041493410415,14.8063490541653,0.000539846021403542,0.958004069687034,0,0
57,20,"severe","70_30","balanced",0,"independent","aggregate_hksj",0.9562,0.0438,NA,0.280210394582291,18,-0.000189339410742895,1.00412052413322,0,0
57,20,"severe","70_30","balanced",0,"independent","che_rve",0.9554,0.0446,NA,0.29110136114334,8.67620822391006,-0.000189691495129953,0.976597283541001,0,0
57,20,"severe","70_30","balanced",0,"independent","mlma",0.934,0.066,NA,0.252999473695904,NA,-0.000213391080029885,0.984588412584383,0,0
57,20,"severe","70_30","balanced",0,"independent","mlma_cr2",0.9548,0.0452,NA,0.290960645788012,8.65078130798738,-0.000213391080029885,0.9743882947024,0,0
58,20,"severe","70_30","balanced",0.1,"independent","aggregate_hksj",0.9484,NA,0.2996,0.279640035113697,18,0.00132035977182253,0.990383693135791,0,0
58,20,"severe","70_30","balanced",0.1,"independent","che_rve",0.948,NA,0.284,0.289047518867759,8.65847128089183,0.00109712124605299,0.959680229545521,0,0
58,20,"severe","70_30","balanced",0.1,"independent","mlma",0.923,NA,0.3642,0.252138240809776,NA,0.00108749568034751,0.972098611996334,0,0
58,20,"severe","70_30","balanced",0.1,"independent","mlma_cr2",0.947,NA,0.284,0.288962859019539,8.63085986656736,0.00108749568034751,0.958257530061545,0,0
59,20,"severe","70_30","moderate",0,"independent","aggregate_hksj",0.9528,0.0472,NA,0.28300525531933,18,0.000463706439182572,0.995882146314306,0,0
59,20,"severe","70_30","moderate",0,"independent","che_rve",0.9532,0.0468,NA,0.294509575959889,8.62090148966859,0.000265783531343852,0.968164559204506,0,0
59,20,"severe","70_30","moderate",0,"independent","mlma",0.9296,0.0704,NA,0.256587957146228,NA,0.000281203568771769,0.980329065588879,0,0
59,20,"severe","70_30","moderate",0,"independent","mlma_cr2",0.9528,0.0472,NA,0.294673940564036,8.62382050801931,0.000281203568771769,0.968227180209947,0,0
60,20,"severe","70_30","moderate",0.1,"independent","aggregate_hksj",0.951,NA,0.2806,0.283418611173419,18,-0.000759670505254939,0.991987795542543,0,0
60,20,"severe","70_30","moderate",0.1,"independent","che_rve",0.9472,NA,0.2676,0.294531025668867,8.58145941797979,-0.00021797397118993,0.960177400721515,0,0
60,20,"severe","70_30","moderate",0.1,"independent","mlma",0.9248,NA,0.3404,0.256541735141141,NA,-0.000200041946749954,0.971528821146105,0,0
60,20,"severe","70_30","moderate",0.1,"independent","mlma_cr2",0.9496,NA,0.2672,0.294762199615501,8.58200381474034,-0.000200041946749954,0.958998201191329,0,0
61,20,"severe","70_30","severe",0,"independent","aggregate_hksj",0.9506,0.0494,NA,0.293477888207993,18,0.000729897309606746,0.992500587985251,0,0
61,20,"severe","70_30","severe",0,"independent","che_rve",0.9504,0.0496,NA,0.306728806224893,8.33676371039731,0.000787004361987678,0.964953737815298,0,0
61,20,"severe","70_30","severe",0,"independent","mlma",0.9292,0.0708,NA,0.267995321010266,NA,0.000632506754810799,0.982666515025598,0,0
61,20,"severe","70_30","severe",0,"independent","mlma_cr2",0.9518,0.0482,NA,0.307885288695777,8.43709770154862,0.000632506754810799,0.966691409147509,0,0
62,20,"severe","70_30","severe",0.1,"independent","aggregate_hksj",0.9476,NA,0.2624,0.292528336196864,18,-0.000303934672843342,0.999821866202689,0,0
62,20,"severe","70_30","severe",0.1,"independent","che_rve",0.9514,NA,0.2564,0.305455494362165,8.29109618493775,-0.000575454179542828,0.966594784869369,0,0
62,20,"severe","70_30","severe",0.1,"independent","mlma",0.93,NA,0.3154,0.266674292581109,NA,-0.000420541466965754,0.985013041409664,0,0
62,20,"severe","70_30","severe",0.1,"independent","mlma_cr2",0.9516,NA,0.2512,0.30652567603444,8.39017611370468,-0.000420541466965754,0.968165462648205,0,0
63,20,"severe","70_30","extreme",0,"independent","aggregate_hksj",0.9446,0.0554,NA,0.314410213645985,18,7.52283380441307e-05,0.971581616742545,0,0
63,20,"severe","70_30","extreme",0,"independent","che_rve",0.9468,0.0532,NA,0.336129272063062,7.65515616845909,7.65394689837808e-05,0.946831708192367,0,0
63,20,"severe","70_30","extreme",0,"independent","mlma",0.9248,0.0752,NA,0.292975540360227,NA,-0.000208202216083598,0.97197648838987,0,0
63,20,"severe","70_30","extreme",0,"independent","mlma_cr2",0.9512,0.0488,NA,0.341663329097429,8.04738528846672,-0.000208202216083598,0.959907353508873,0,0
64,20,"severe","70_30","extreme",0.1,"independent","aggregate_hksj",0.9426,NA,0.2374,0.314156941301484,18,-0.000801685904745206,0.971880768055131,0,0
64,20,"severe","70_30","extreme",0.1,"independent","che_rve",0.95,NA,0.2132,0.335674659099618,7.63418050393324,-0.000775481597667577,0.944092002546788,0,0
64,20,"severe","70_30","extreme",0.1,"independent","mlma",0.929,NA,0.2882,0.291963421458913,NA,-0.00103051345323672,0.967668988067435,0,0
64,20,"severe","70_30","extreme",0.1,"independent","mlma_cr2",0.9506,NA,0.2072,0.339418346220307,8.02179007270873,-0.00103051345323672,0.95237025714974,0,0
65,20,"severe","85_15","balanced",0,"independent","aggregate_hksj",0.9514,0.0486,NA,0.359816356205151,18,7.89729777988937e-05,0.99373263860124,0,0
65,20,"severe","85_15","balanced",0,"independent","che_rve",0.9766,0.0234,NA,0.543526650406787,2.59827828863173,0.000344869121975761,0.913200900526997,0,0
65,20,"severe","85_15","balanced",0,"independent","mlma",0.924,0.076,NA,0.325788185985004,NA,0.000370491968569071,0.972651115220038,0,0
65,20,"severe","85_15","balanced",0,"independent","mlma_cr2",0.976,0.024,NA,0.543322167319474,2.59522140766521,0.000370491968569071,0.911296921588998,0,0
66,20,"severe","85_15","balanced",0.1,"independent","aggregate_hksj",0.9544,NA,0.1872,0.35744096160289,18,-0.000286920266807697,1.00090279855783,0,0
66,20,"severe","85_15","balanced",0.1,"independent","che_rve",0.9774,NA,0.104,0.533859024108643,2.59274569716892,0.000238987583824776,0.905962085325183,0,0
66,20,"severe","85_15","balanced",0.1,"independent","mlma",0.9304,NA,0.2456,0.324258738604839,NA,0.000254662988893109,0.978888405431861,0,0
66,20,"severe","85_15","balanced",0.1,"independent","mlma_cr2",0.9768,NA,0.1046,0.533797800699959,2.58987318072301,0.000254662988893109,0.904602791089736,0,0
67,20,"severe","85_15","moderate",0,"independent","aggregate_hksj",0.9484,0.0516,NA,0.361323632889263,18,0.000418853435857286,0.987831701052835,0,0
67,20,"severe","85_15","moderate",0,"independent","che_rve",0.9718,0.0282,NA,0.548409108338723,2.58008626832705,0.000581962728069054,0.91163221980355,0,0
67,20,"severe","85_15","moderate",0,"independent","mlma",0.9316,0.0684,NA,0.329316077170135,NA,0.000510964775622869,0.97908044797871,0,0
67,20,"severe","85_15","moderate",0,"independent","mlma_cr2",0.9712,0.0288,NA,0.548665763287653,2.5787656098842,0.000510964775622869,0.912083893520089,0,0
68,20,"severe","85_15","moderate",0.1,"independent","aggregate_hksj",0.954,NA,0.1946,0.362115246007049,18,0.00123782502060278,0.998079245806641,0,0
68,20,"severe","85_15","moderate",0.1,"independent","che_rve",0.975,NA,0.1074,0.551387300404917,2.57946027389897,0.00111583591042762,0.916637548363645,0,0
68,20,"severe","85_15","moderate",0.1,"independent","mlma",0.9294,NA,0.2456,0.329008854965827,NA,0.00109654853069939,0.975562926062044,0,0
68,20,"severe","85_15","moderate",0.1,"independent","mlma_cr2",0.9746,NA,0.1082,0.55167889925359,2.57762878126552,0.00109654853069939,0.91427798673037,0,0
69,20,"severe","85_15","severe",0,"independent","aggregate_hksj",0.9456,0.0544,NA,0.376427743458803,18,0.000901956244799515,0.975861160276118,0,0
69,20,"severe","85_15","severe",0,"independent","che_rve",0.9714,0.0286,NA,0.57931652571683,2.53114557351856,0.000810475560317398,0.891655976863029,0,0
69,20,"severe","85_15","severe",0,"independent","mlma",0.9226,0.0774,NA,0.34539952132434,NA,0.000909753138901197,0.965956992093422,0,0
69,20,"severe","85_15","severe",0,"independent","mlma_cr2",0.9706,0.0294,NA,0.580453383432745,2.53779442727865,0.000909753138901197,0.892019412979489,0,0
70,20,"severe","85_15","severe",0.1,"independent","aggregate_hksj",0.9438,NA,0.1762,0.378051662236011,18,-0.00251688893308719,0.968211807983846,0,0
70,20,"severe","85_15","severe",0.1,"independent","che_rve",0.9698,NA,0.085,0.58496526296905,2.52965917213341,-0.00250225653690593,0.889680434983849,0,0
70,20,"severe","85_15","severe",0.1,"independent","mlma",0.9194,NA,0.2242,0.345170813417772,NA,-0.0024872794928292,0.953580815708679,0,0
70,20,"severe","85_15","severe",0.1,"independent","mlma_cr2",0.97,NA,0.0852,0.585079720820207,2.53698024701419,-0.0024872794928292,0.887538457473241,0,0
71,20,"severe","85_15","extreme",0,"independent","aggregate_hksj",0.946,0.054,NA,0.406134724524972,18,0.000228049848436641,0.979904507933411,0,0
71,20,"severe","85_15","extreme",0,"independent","che_rve",0.9776,0.0224,NA,0.673971100355893,2.38766092436208,0.000390750084895705,0.907137169626769,0,0
71,20,"severe","85_15","extreme",0,"independent","mlma",0.926,0.074,NA,0.38074522917519,NA,0.000616030170607709,0.980119182480714,0,0
71,20,"severe","85_15","extreme",0,"independent","mlma_cr2",0.9788,0.0212,NA,0.673557268460399,2.43210801429028,0.000616030170607709,0.907558937271962,0,0
72,20,"severe","85_15","extreme",0.1,"independent","aggregate_hksj",0.9488,NA,0.1634,0.409604552494236,18,-0.00196878293062619,0.97031862244064,0,0
72,20,"severe","85_15","extreme",0.1,"independent","che_rve",0.9776,NA,0.0722,0.677256643183878,2.38861528768983,-0.00160825726127529,0.891822861992457,0,0
72,20,"severe","85_15","extreme",0.1,"independent","mlma",0.928,NA,0.2004,0.382211844910965,NA,-0.00128060916955465,0.968032661740618,0,0
72,20,"severe","85_15","extreme",0.1,"independent","mlma_cr2",0.9784,NA,0.0708,0.679104548885003,2.43916029571973,-0.00128060916955465,0.901747969130426,0,0
73,40,"balanced","50_50","balanced",0,"independent","aggregate_hksj",0.9442,0.0558,NA,0.153922830483758,38,-0.00091430307473142,0.969147303460819,0,0
73,40,"balanced","50_50","balanced",0,"independent","che_rve",0.9442,0.0558,NA,0.153922830483758,38,-0.000914303074731356,0.969147303460819,0,0
73,40,"balanced","50_50","balanced",0,"independent","mlma",0.9348,0.0652,NA,0.149023944027598,NA,-0.000914303074731354,0.969147298404348,0,0
73,40,"balanced","50_50","balanced",0,"independent","mlma_cr2",0.9442,0.0558,NA,0.153922830483758,38,-0.000914303074731354,0.969147303460819,0,0
74,40,"balanced","50_50","balanced",0.1,"independent","aggregate_hksj",0.9564,NA,0.713,0.153811500278744,38,-0.000246605529918925,1.00336183129213,0,0
74,40,"balanced","50_50","balanced",0.1,"independent","che_rve",0.9564,NA,0.713,0.153811500278744,38,-0.000246605529918842,1.00336183129213,0,0
74,40,"balanced","50_50","balanced",0.1,"independent","mlma",0.9484,NA,0.7368,0.148916157003487,NA,-0.00024660552991887,1.00336182528673,0,0
74,40,"balanced","50_50","balanced",0.1,"independent","mlma_cr2",0.9564,NA,0.713,0.153811500278744,38,-0.00024660552991887,1.00336183129213,0,0
75,40,"balanced","50_50","moderate",0,"independent","aggregate_hksj",0.9484,0.0516,NA,0.156215909801824,38,0.000595633564040995,0.999111910262483,0,0
75,40,"balanced","50_50","moderate",0,"independent","che_rve",0.9488,0.0512,NA,0.156257485695762,37.6770075857438,0.000595632391478985,0.999109916935451,0,0
75,40,"balanced","50_50","moderate",0,"independent","mlma",0.9402,0.0598,NA,0.151484360797763,NA,0.000641792095801516,0.999951005372048,0,0
75,40,"balanced","50_50","moderate",0,"independent","mlma_cr2",0.9492,0.0508,NA,0.156467511853439,37.941878492313,0.000641792095801516,0.999924922367848,0,0
76,40,"balanced","50_50","moderate",0.1,"independent","aggregate_hksj",0.9458,NA,0.711,0.155802313297669,38,-0.000269610807304185,0.990932952936874,0,0
76,40,"balanced","50_50","moderate",0.1,"independent","che_rve",0.9452,NA,0.7114,0.155861433652413,37.6728973480623,-0.000269616323429714,0.991040329684771,0,0
76,40,"balanced","50_50","moderate",0.1,"independent","mlma",0.939,NA,0.7312,0.151085791735591,NA,-0.000270544899025574,0.99122323032802,0,0
76,40,"balanced","50_50","moderate",0.1,"independent","mlma_cr2",0.9454,NA,0.713,0.156062725355799,37.9411776341261,-0.000270544899025574,0.991240648105158,0,0
77,40,"balanced","50_50","severe",0,"independent","aggregate_hksj",0.9468,0.0532,NA,0.162267457293302,38,0.0001051833968743,0.984769456241607,0,0
77,40,"balanced","50_50","severe",0,"independent","che_rve",0.9464,0.0536,NA,0.162514800881368,36.3537148405878,0.000105235131648423,0.984858447582017,0,0
77,40,"balanced","50_50","severe",0,"independent","mlma",0.9386,0.0614,NA,0.15844524523905,NA,9.32434467195974e-05,0.984524272887609,0,0
77,40,"balanced","50_50","severe",0,"independent","mlma_cr2",0.947,0.053,NA,0.163701718694179,37.5989819965184,9.32434467195974e-05,0.984483213763417,0,0
78,40,"balanced","50_50","severe",0.1,"independent","aggregate_hksj",0.9488,NA,0.67,0.16242516997595,38,-0.000854897118760162,1.00445920273729,0,0
78,40,"balanced","50_50","severe",0.1,"independent","che_rve",0.95,NA,0.6684,0.162686333657525,36.3570830678549,-0.000854895693328639,1.00463736559542,0,0
78,40,"balanced","50_50","severe",0.1,"independent","mlma",0.9452,NA,0.686,0.15859398856293,NA,-0.000853490488308614,1.00780776483164,0,0
78,40,"balanced","50_50","severe",0.1,"independent","mlma_cr2",0.9528,NA,0.6584,0.16386053792481,37.6000699683873,-0.000853490488308614,1.00779828320619,0,0
79,40,"balanced","50_50","extreme",0,"independent","aggregate_hksj",0.9506,0.0494,NA,0.173343998369506,38,-0.000171173012278965,1.00060604069422,0,0
79,40,"balanced","50_50","extreme",0,"independent","che_rve",0.9508,0.0492,NA,0.174198815503198,33.3135654510635,-0.000171186382952592,1.00101362727289,0,0
79,40,"balanced","50_50","extreme",0,"independent","mlma",0.9434,0.0566,NA,0.172295908931151,NA,-0.000185615093109863,1.00517067245246,0,0
79,40,"balanced","50_50","extreme",0,"independent","mlma_cr2",0.9522,0.0478,NA,0.178181494486958,36.6631198486139,-0.000185615093109863,1.005267524689,0,0
80,40,"balanced","50_50","extreme",0.1,"independent","aggregate_hksj",0.9474,NA,0.6358,0.17338610870367,38,0.000534524989666926,0.990515824829219,0,0
80,40,"balanced","50_50","extreme",0.1,"independent","che_rve",0.9498,NA,0.6312,0.174249501139841,33.3236778151166,0.000534234421292495,0.990980117194489,0,0
80,40,"balanced","50_50","extreme",0.1,"independent","mlma",0.9394,NA,0.6338,0.172298638710434,NA,0.000506141368795981,0.99783648965558,0,0
80,40,"balanced","50_50","extreme",0.1,"independent","mlma_cr2",0.949,NA,0.61,0.17814174848802,36.6638700089515,0.000506141368795981,0.997695534649426,0,0
81,40,"balanced","70_30","balanced",0,"independent","aggregate_hksj",0.952,0.048,NA,0.167771227568228,38,0.000916916016743462,0.98672809637255,0,0
81,40,"balanced","70_30","balanced",0,"independent","che_rve",0.9528,0.0472,NA,0.171187042297725,20.8860759493671,0.000916916016743537,0.979758444852173,0,0
81,40,"balanced","70_30","balanced",0,"independent","mlma",0.9442,0.0558,NA,0.162431589176178,NA,0.000916916016743544,0.986728088832831,0,0
81,40,"balanced","70_30","balanced",0,"independent","mlma_cr2",0.9528,0.0472,NA,0.171187042297725,20.8860759493671,0.000916916016743544,0.979758444852173,0,0
82,40,"balanced","70_30","balanced",0.1,"independent","aggregate_hksj",0.953,NA,0.6334,0.168165899715341,38,-0.00109863442553852,1.00793026167321,0,0
82,40,"balanced","70_30","balanced",0.1,"independent","che_rve",0.9512,NA,0.6178,0.172138132553239,20.8860759493671,-0.00109863442553849,1.00400933595253,0,0
82,40,"balanced","70_30","balanced",0.1,"independent","mlma",0.9464,NA,0.6594,0.162813700151385,NA,-0.00109863442553849,1.00793025409394,0,0
82,40,"balanced","70_30","balanced",0.1,"independent","mlma_cr2",0.9512,NA,0.6178,0.172138132553239,20.8860759493671,-0.00109863442553849,1.00400933595253,0,0
83,40,"balanced","70_30","moderate",0,"independent","aggregate_hksj",0.9524,0.0476,NA,0.170368708137907,38,0.000498259579855861,1.00015580671771,0,0
83,40,"balanced","70_30","moderate",0,"independent","che_rve",0.9536,0.0464,NA,0.174005250551509,20.7182935582381,0.00049825948920171,0.99355693973123,0,0
83,40,"balanced","70_30","moderate",0,"independent","mlma",0.9446,0.0554,NA,0.165207767863545,NA,0.000485552742133143,1.00061529661498,0,0
83,40,"balanced","70_30","moderate",0,"independent","mlma_cr2",0.9538,0.0462,NA,0.174167749811689,20.8564372707076,0.000485552742133143,0.993773371441936,0,0
84,40,"balanced","70_30","moderate",0.1,"independent","aggregate_hksj",0.9566,NA,0.625,0.170981859162284,38,0.000202671801386223,0.996577090623099,0,0
84,40,"balanced","70_30","moderate",0.1,"independent","che_rve",0.9538,NA,0.6146,0.174537878653756,20.7196793346653,0.000202616102550596,0.989480985029453,0,0
84,40,"balanced","70_30","moderate",0.1,"independent","mlma",0.9482,NA,0.6476,0.165801799141734,NA,0.000148761078415216,0.996959943473902,0,0
84,40,"balanced","70_30","moderate",0.1,"independent","mlma_cr2",0.954,NA,0.613,0.174764849308386,20.8567262495865,0.000148761078415216,0.989981229168898,0,0
85,40,"balanced","70_30","severe",0,"independent","aggregate_hksj",0.9438,0.0562,NA,0.176564232712095,38,-0.000940673303781607,0.972453129271878,0,0
85,40,"balanced","70_30","severe",0,"independent","che_rve",0.9462,0.0538,NA,0.18070643387293,20.0123522411385,-0.00094073503819666,0.965837021218829,0,0
85,40,"balanced","70_30","severe",0,"independent","mlma",0.9384,0.0616,NA,0.172376147962422,NA,-0.00102476036249948,0.976314109108203,0,0
85,40,"balanced","70_30","severe",0,"independent","mlma_cr2",0.9478,0.0522,NA,0.181939063795248,20.6733686532168,-0.00102476036249948,0.970235227753337,0,0
86,40,"balanced","70_30","severe",0.1,"independent","aggregate_hksj",0.947,NA,0.6012,0.176682166862237,38,-5.30215163874748e-05,0.979049452841864,0,0
86,40,"balanced","70_30","severe",0.1,"independent","che_rve",0.9472,NA,0.5808,0.180763616569184,20.0252594527553,-5.30148844099659e-05,0.972097215530692,0,0
86,40,"balanced","70_30","severe",0.1,"independent","mlma",0.9386,NA,0.6148,0.17251359928594,NA,-8.73933152445161e-05,0.981129693496441,0,0
86,40,"balanced","70_30","severe",0.1,"independent","mlma_cr2",0.947,NA,0.5738,0.181957494021748,20.6775412679257,-8.73933152445161e-05,0.974359578611027,0,0
87,40,"balanced","70_30","extreme",0,"independent","aggregate_hksj",0.9468,0.0532,NA,0.18888422305609,38,0.000254019074917451,0.970097604152883,0,0
87,40,"balanced","70_30","extreme",0,"independent","che_rve",0.951,0.049,NA,0.194467932295054,18.4551895170204,0.000252584980433357,0.963566645183553,0,0
87,40,"balanced","70_30","extreme",0,"independent","mlma",0.9396,0.0604,NA,0.187671635846979,NA,5.02513138117587e-05,0.978450430299281,0,0
87,40,"balanced","70_30","extreme",0,"independent","mlma_cr2",0.951,0.049,NA,0.198641168936696,20.19373734705,5.02513138117587e-05,0.973609895754758,0,0
88,40,"balanced","70_30","extreme",0.1,"independent","aggregate_hksj",0.9434,NA,0.5404,0.189159549589119,38,-0.000916538115257187,0.978452061215618,0,0
88,40,"balanced","70_30","extreme",0.1,"independent","che_rve",0.9492,NA,0.52,0.195293794939998,18.413437389888,-0.000915623056520612,0.974433297607517,0,0
88,40,"balanced","70_30","extreme",0.1,"independent","mlma",0.9378,NA,0.5448,0.187800605673544,NA,-0.000968165971386645,0.980397265027935,0,0
88,40,"balanced","70_30","extreme",0.1,"independent","mlma_cr2",0.95,NA,0.5042,0.198870142329736,20.1698679534274,-0.000968165971386645,0.975925677627541,0,0
89,40,"balanced","85_15","balanced",0,"independent","aggregate_hksj",0.9498,0.0502,NA,0.21487223518305,38,-0.000286367527827315,0.997594755249877,0,0
89,40,"balanced","85_15","balanced",0,"independent","che_rve",0.9502,0.0498,NA,0.244348953108329,6.88791484032561,-0.000286367527827226,0.968016794436808,0,0
89,40,"balanced","85_15","balanced",0,"independent","mlma",0.9416,0.0584,NA,0.208033518174862,NA,-0.000286367527827225,0.997594750168521,0,0
89,40,"balanced","85_15","balanced",0,"independent","mlma_cr2",0.9502,0.0498,NA,0.244348953108329,6.88791484032561,-0.000286367527827225,0.968016794436808,0,0
90,40,"balanced","85_15","balanced",0.1,"independent","aggregate_hksj",0.957,NA,0.4514,0.215021643560413,38,-0.000203611833083095,1.0026729969334,0,0
90,40,"balanced","85_15","balanced",0.1,"independent","che_rve",0.9584,NA,0.3642,0.245052240592633,6.88791484032561,-0.000203611833083137,0.975066809029513,0,0
90,40,"balanced","85_15","balanced",0.1,"independent","mlma",0.947,NA,0.476,0.208178171808807,NA,-0.00020361183308315,1.00267299405123,0,0
90,40,"balanced","85_15","balanced",0.1,"independent","mlma_cr2",0.9584,NA,0.3642,0.245052240592633,6.88791484032561,-0.00020361183308315,0.975066809029513,0,0
91,40,"balanced","85_15","moderate",0,"independent","aggregate_hksj",0.9482,0.0518,NA,0.218801652690362,38,-0.000170137936756054,0.984933509665138,0,0
91,40,"balanced","85_15","moderate",0,"independent","che_rve",0.951,0.049,NA,0.249248541137389,6.83473955469694,-0.0001701374966519,0.955842102550212,0,0
91,40,"balanced","85_15","moderate",0,"independent","mlma",0.9406,0.0594,NA,0.212150073491734,NA,-0.000197636447961302,0.985595700377814,0,0
91,40,"balanced","85_15","moderate",0,"independent","mlma_cr2",0.9516,0.0484,NA,0.249492360473389,6.87881791421741,-0.000197636447961302,0.957289481966095,0,0
92,40,"balanced","85_15","moderate",0.1,"independent","aggregate_hksj",0.9492,NA,0.424,0.21822353198351,38,-0.00135275765290242,0.987029648608729,0,0
92,40,"balanced","85_15","moderate",0.1,"independent","che_rve",0.9496,NA,0.3518,0.249321790015385,6.832505357097,-0.00135260904029171,0.960629791836582,0,0
92,40,"balanced","85_15","moderate",0.1,"independent","mlma",0.9418,NA,0.4456,0.211585299804828,NA,-0.00131777861130293,0.988733409654074,0,0
92,40,"balanced","85_15","moderate",0.1,"independent","mlma_cr2",0.9502,NA,0.3518,0.249372892056551,6.8781966094069,-0.00131777861130293,0.962421771252009,0,0
93,40,"balanced","85_15","severe",0,"independent","aggregate_hksj",0.9504,0.0496,NA,0.227891923913656,38,0.000599187399438384,0.995961285760654,0,0
93,40,"balanced","85_15","severe",0,"independent","che_rve",0.9518,0.0482,NA,0.261197131133014,6.60986413378365,0.000598868695420623,0.964872144987601,0,0
93,40,"balanced","85_15","severe",0,"independent","mlma",0.9458,0.0542,NA,0.222358102106604,NA,0.000453963165836152,1.00006353792393,0,0
93,40,"balanced","85_15","severe",0,"independent","mlma_cr2",0.95,0.05,NA,0.262106237916397,6.82147238105172,0.000453963165836152,0.971768805911942,0,0
94,40,"balanced","85_15","severe",0.1,"independent","aggregate_hksj",0.9546,NA,0.409,0.227678375560856,38,9.34722629716001e-05,1.00990092293395,0,0
94,40,"balanced","85_15","severe",0.1,"independent","che_rve",0.9586,NA,0.3248,0.26275706175801,6.59535197160507,9.34742059598148e-05,0.984757558256022,0,0
94,40,"balanced","85_15","severe",0.1,"independent","mlma",0.9496,NA,0.4292,0.221966259621752,NA,-0.000130185753757867,1.00718138441032,0,0
94,40,"balanced","85_15","severe",0.1,"independent","mlma_cr2",0.9568,NA,0.3282,0.263059629001618,6.81676161580483,-0.000130185753757867,0.983855886582176,0,0
95,40,"balanced","85_15","extreme",0,"independent","aggregate_hksj",0.9516,0.0484,NA,0.244638416601172,38,-3.94411163667176e-05,1.00690884660957,0,0
95,40,"balanced","85_15","extreme",0,"independent","che_rve",0.9618,0.0382,NA,0.286612228764313,6.07743955086645,-3.91398368410279e-05,0.975310108366793,0,0
95,40,"balanced","85_15","extreme",0,"independent","mlma",0.9482,0.0518,NA,0.242073860131111,NA,1.28446202042114e-06,1.004264823246,0,0
95,40,"balanced","85_15","extreme",0,"independent","mlma_cr2",0.9624,0.0376,NA,0.288358167778827,6.65603994525811,1.28446202042114e-06,0.980563437712565,0,0
96,40,"balanced","85_15","extreme",0.1,"independent","aggregate_hksj",0.9472,NA,0.3532,0.243900968429591,38,-0.00183793401242777,0.985110782589549,0,0
96,40,"balanced","85_15","extreme",0.1,"independent","che_rve",0.9554,NA,0.2778,0.285749693563885,6.06932913111999,-0.00183881283024387,0.953701667336612,0,0
96,40,"balanced","85_15","extreme",0.1,"independent","mlma",0.9422,NA,0.3638,0.241366163038285,NA,-0.00192102048151853,0.988038459242138,0,0
96,40,"balanced","85_15","extreme",0.1,"independent","mlma_cr2",0.9548,NA,0.274,0.28752631333348,6.65248867411978,-0.00192102048151853,0.96461821927351,0,0
97,40,"moderate","50_50","balanced",0,"independent","aggregate_hksj",0.9532,0.0468,NA,0.16299855752351,38,0.00177784354041754,0.997269497381264,0,0
97,40,"moderate","50_50","balanced",0,"independent","che_rve",0.952,0.048,NA,0.160024438826948,36.3458018610346,0.00176208587765563,0.995752424380013,0,0
97,40,"moderate","50_50","balanced",0,"independent","mlma",0.944,0.056,NA,0.15472336752013,NA,0.00176208589526078,0.995853422814745,0,0
97,40,"moderate","50_50","balanced",0,"independent","mlma_cr2",0.952,0.048,NA,0.160024438897752,36.3458019126388,0.00176208589526078,0.995752425186219,0,0
98,40,"moderate","50_50","balanced",0.1,"independent","aggregate_hksj",0.9494,NA,0.676,0.163234657971612,38,0.000377670410147149,0.997898852233082,0,0
98,40,"moderate","50_50","balanced",0.1,"independent","che_rve",0.95,NA,0.6918,0.160170025960358,36.3363445040354,0.000404207202388207,0.992152340489054,0,0
98,40,"moderate","50_50","balanced",0.1,"independent","mlma",0.9416,NA,0.7114,0.154849914759608,NA,0.00040416970585154,0.992167615243568,0,0
98,40,"moderate","50_50","balanced",0.1,"independent","mlma_cr2",0.95,NA,0.6918,0.16017003756769,36.3363274770202,0.00040416970585154,0.992150100688688,0,0
99,40,"moderate","50_50","moderate",0,"independent","aggregate_hksj",0.9458,0.0542,NA,0.165611371924798,38,0.000339977944374842,0.982339006711654,0,0
99,40,"moderate","50_50","moderate",0,"independent","che_rve",0.9484,0.0516,NA,0.162775797813781,36.0270841450991,0.000210553305545971,0.979658645306466,0,0
99,40,"moderate","50_50","moderate",0,"independent","mlma",0.9408,0.0592,NA,0.157464788846358,NA,0.000208614974286065,0.979892451697981,0,0
99,40,"moderate","50_50","moderate",0,"independent","mlma_cr2",0.9476,0.0524,NA,0.16293327327617,36.234582250129,0.000208614974286065,0.980135465888982,0,0
100,40,"moderate","50_50","moderate",0.1,"independent","aggregate_hksj",0.9502,NA,0.6576,0.165016341234369,38,-0.000204000669825066,1.00522192384643,0,0
100,40,"moderate","50_50","moderate",0.1,"independent","che_rve",0.9496,NA,0.6788,0.161906168126511,35.9865472137076,-0.000248767524505367,0.999858889298065,0,0
100,40,"moderate","50_50","moderate",0.1,"independent","mlma",0.9408,NA,0.6986,0.156780383710049,NA,-0.000258974939375337,1.00009072107978,0,0
100,40,"moderate","50_50","moderate",0.1,"independent","mlma_cr2",0.9504,NA,0.6744,0.162165862368599,36.2066767085763,-0.000258974939375337,0.999947049035265,0,0
101,40,"moderate","50_50","severe",0,"independent","aggregate_hksj",0.9512,0.0488,NA,0.17164084729312,38,0.000390227272750259,0.99203902204518,0,0
101,40,"moderate","50_50","severe",0,"independent","che_rve",0.9508,0.0492,NA,0.168970453318424,34.7240189477852,0.000591381895484816,0.986763837877494,0,0
101,40,"moderate","50_50","severe",0,"independent","mlma",0.9404,0.0596,NA,0.164514374935092,NA,0.000631492136888361,0.990512294073854,0,0
101,40,"moderate","50_50","severe",0,"independent","mlma_cr2",0.9526,0.0474,NA,0.170277966140057,35.7687497356823,0.000631492136888361,0.990617325376728,0,0
102,40,"moderate","50_50","severe",0.1,"independent","aggregate_hksj",0.947,NA,0.6322,0.171645382168318,38,0.000641419577290414,0.982784281731295,0,0
102,40,"moderate","50_50","severe",0.1,"independent","che_rve",0.9442,NA,0.6464,0.169069465832997,34.7255499815314,0.000544787454290499,0.97679752672934,0,0
102,40,"moderate","50_50","severe",0.1,"independent","mlma",0.9396,NA,0.6614,0.16450463467528,NA,0.000519861055664331,0.980108106867943,0,0
102,40,"moderate","50_50","severe",0.1,"independent","mlma_cr2",0.9468,NA,0.6378,0.170253653068653,35.7627253831064,0.000519861055664331,0.980126140611442,0,0
103,40,"moderate","50_50","extreme",0,"independent","aggregate_hksj",0.9436,0.0564,NA,0.182384081660624,38,-0.000212010402895586,0.976844601992732,0,0
103,40,"moderate","50_50","extreme",0,"independent","che_rve",0.9454,0.0546,NA,0.180626685435285,31.742692286956,-0.000275846803085128,0.970032004189808,0,0
103,40,"moderate","50_50","extreme",0,"independent","mlma",0.9382,0.0618,NA,0.178726622717486,NA,-4.82699445987207e-05,0.975968597703623,0,0
103,40,"moderate","50_50","extreme",0,"independent","mlma_cr2",0.9454,0.0546,NA,0.185144552935404,34.6808147411663,-4.82699445987207e-05,0.975848313216024,0,0
104,40,"moderate","50_50","extreme",0.1,"independent","aggregate_hksj",0.9426,NA,0.5632,0.183576656078283,38,-0.000351539678908594,0.984049839230868,0,0
104,40,"moderate","50_50","extreme",0.1,"independent","che_rve",0.9468,NA,0.5762,0.181691629220572,31.8555415335876,-0.000359582342722917,0.978728094782834,0,0
104,40,"moderate","50_50","extreme",0.1,"independent","mlma",0.9418,NA,0.5828,0.179755358460871,NA,-0.000435365628106144,0.989821126893408,0,0
104,40,"moderate","50_50","extreme",0.1,"independent","mlma_cr2",0.9484,NA,0.552,0.186207918053797,34.7516209172324,-0.000435365628106144,0.989756986341174,0,0
105,40,"moderate","70_30","balanced",0,"independent","aggregate_hksj",0.9536,0.0464,NA,0.178330552548675,38,6.87670218235834e-05,1.01250634711444,0,0
105,40,"moderate","70_30","balanced",0,"independent","che_rve",0.9514,0.0486,NA,0.178845570254646,20.0085518496349,0.000198555593952461,1.00354471655358,0,0
105,40,"moderate","70_30","balanced",0,"independent","mlma",0.9428,0.0572,NA,0.16914532058345,NA,0.000198555514403337,1.01018486494915,0,0
105,40,"moderate","70_30","balanced",0,"independent","mlma_cr2",0.9514,0.0486,NA,0.178845570517182,20.0085518320304,0.000198555514403337,1.00354472004775,0,0
106,40,"moderate","70_30","balanced",0.1,"independent","aggregate_hksj",0.9494,NA,0.607,0.178188286529717,38,0.00172019058327298,0.990808646350022,0,0
106,40,"moderate","70_30","balanced",0.1,"independent","che_rve",0.9502,NA,0.6054,0.179063761483756,19.9939140704317,0.00169342537384724,0.982194735218628,0,0
106,40,"moderate","70_30","balanced",0.1,"independent","mlma",0.9402,NA,0.6466,0.169005488908293,NA,0.00169342542945604,0.986712491941244,0,0
106,40,"moderate","70_30","balanced",0.1,"independent","mlma_cr2",0.9502,NA,0.6054,0.179063761797201,19.9939140295814,0.00169342542945604,0.982194735960173,0,0
107,40,"moderate","70_30","moderate",0,"independent","aggregate_hksj",0.9524,0.0476,NA,0.180376197330337,38,0.000241784805454842,0.989505815785438,0,0
107,40,"moderate","70_30","moderate",0,"independent","che_rve",0.9464,0.0536,NA,0.181293719579142,19.8189419900681,0.000289835405870387,0.975539648825986,0,0
107,40,"moderate","70_30","moderate",0,"independent","mlma",0.9414,0.0586,NA,0.171522194561725,NA,0.000317370292232356,0.982942688299268,0,0
107,40,"moderate","70_30","moderate",0,"independent","mlma_cr2",0.9484,0.0516,NA,0.181540746236927,19.9335402344106,0.000317370292232356,0.977215406579935,0,0
108,40,"moderate","70_30","moderate",0.1,"independent","aggregate_hksj",0.9532,NA,0.58,0.1808028304199,38,-5.87668452548123e-05,0.998615734013652,0,0
108,40,"moderate","70_30","moderate",0.1,"independent","che_rve",0.951,NA,0.579,0.181141036686319,19.8732543490157,-5.84412472789952e-06,0.983304902767894,0,0
108,40,"moderate","70_30","moderate",0.1,"independent","mlma",0.9436,NA,0.6224,0.171862513855046,NA,-1.2547831071269e-05,0.992697065686274,0,0
108,40,"moderate","70_30","moderate",0.1,"independent","mlma_cr2",0.951,NA,0.58,0.181320755110292,19.9807892454098,-1.2547831071269e-05,0.983901371775513,0,0
109,40,"moderate","70_30","severe",0,"independent","aggregate_hksj",0.953,0.047,NA,0.187747155247296,38,-0.000398927347321534,0.988841132866579,0,0
109,40,"moderate","70_30","severe",0,"independent","che_rve",0.9472,0.0528,NA,0.188909412157782,19.1692056583463,-0.000466932993277464,0.978513872001977,0,0
109,40,"moderate","70_30","severe",0,"independent","mlma",0.9468,0.0532,NA,0.179960662364302,NA,-0.000510963145935385,0.988878834455434,0,0
109,40,"moderate","70_30","severe",0,"independent","mlma_cr2",0.9506,0.0494,NA,0.190099785161694,19.7151802958747,-0.000510963145935385,0.980431211515555,0,0
110,40,"moderate","70_30","severe",0.1,"independent","aggregate_hksj",0.9492,NA,0.5576,0.187266534512511,38,0.000575353369755463,0.98840806277823,0,0
110,40,"moderate","70_30","severe",0.1,"independent","che_rve",0.9488,NA,0.5552,0.188981896268646,19.2106632152282,0.000576069790791306,0.980034490999623,0,0
110,40,"moderate","70_30","severe",0.1,"independent","mlma",0.944,NA,0.5912,0.179460332214882,NA,0.000601158350503089,0.985149411816669,0,0
110,40,"moderate","70_30","severe",0.1,"independent","mlma_cr2",0.9516,NA,0.5474,0.190223636229208,19.7566586083207,0.000601158350503089,0.980224665099678,0,0
111,40,"moderate","70_30","extreme",0,"independent","aggregate_hksj",0.9488,0.0512,NA,0.199717609030704,38,-0.000337496955306819,0.994083356770421,0,0
111,40,"moderate","70_30","extreme",0,"independent","che_rve",0.9522,0.0478,NA,0.203462533896319,17.6313724280794,-0.000426639637235836,0.987412535833136,0,0
111,40,"moderate","70_30","extreme",0,"independent","mlma",0.946,0.054,NA,0.195389000233804,NA,-0.000171539324988289,1.00021343094753,0,0
111,40,"moderate","70_30","extreme",0,"independent","mlma_cr2",0.954,0.046,NA,0.208017048677126,19.158048090769,-0.000171539324988289,0.997361235739548,0,0
112,40,"moderate","70_30","extreme",0.1,"independent","aggregate_hksj",0.946,NA,0.5068,0.200084644339249,38,0.0014224474021616,0.975444957273271,0,0
112,40,"moderate","70_30","extreme",0.1,"independent","che_rve",0.9472,NA,0.5016,0.203119440641737,17.6038924621319,0.00114355091104867,0.963155192276644,0,0
112,40,"moderate","70_30","extreme",0.1,"independent","mlma",0.9408,NA,0.5258,0.195591316760532,NA,0.00117288447359513,0.979990233297503,0,0
112,40,"moderate","70_30","extreme",0.1,"independent","mlma_cr2",0.9508,NA,0.4816,0.207740080757694,19.1373023815378,0.00117288447359513,0.974807938727514,0,0
113,40,"moderate","85_15","balanced",0,"independent","aggregate_hksj",0.9558,0.0442,NA,0.22878004782375,38,0.00142790051899945,1.01281232495751,0,0
113,40,"moderate","85_15","balanced",0,"independent","che_rve",0.9608,0.0392,NA,0.260179268126609,6.60452409258193,0.0015040068663874,0.985696166567101,0,0
113,40,"moderate","85_15","balanced",0,"independent","mlma",0.945,0.055,NA,0.217114414486682,NA,0.00150400680499508,1.00525126628194,0,0
113,40,"moderate","85_15","balanced",0,"independent","mlma_cr2",0.9608,0.0392,NA,0.260179268774565,6.60452409787868,0.00150400680499508,0.985696170410691,0,0
114,40,"moderate","85_15","balanced",0.1,"independent","aggregate_hksj",0.9504,NA,0.4006,0.227775144590997,38,-0.000235694178399901,0.99709171399839,0,0
114,40,"moderate","85_15","balanced",0.1,"independent","che_rve",0.9492,NA,0.3362,0.256231884255321,6.59653962582552,-0.000221933784168099,0.958461456473792,0,0
114,40,"moderate","85_15","balanced",0.1,"independent","mlma",0.938,NA,0.4382,0.216270425369155,NA,-0.000221933674724353,0.988910705655326,0,0
114,40,"moderate","85_15","balanced",0.1,"independent","mlma_cr2",0.9492,NA,0.3362,0.256231884854216,6.59653964438052,-0.000221933674724353,0.958461457122143,0,0
115,40,"moderate","85_15","moderate",0,"independent","aggregate_hksj",0.9482,0.0518,NA,0.232128278270962,38,-0.000668621127523844,0.993556512903093,0,0
115,40,"moderate","85_15","moderate",0,"independent","che_rve",0.9574,0.0426,NA,0.263334023385418,6.54607361569553,-0.000371339106778698,0.965126235748369,0,0
115,40,"moderate","85_15","moderate",0,"independent","mlma",0.9398,0.0602,NA,0.220932718723728,NA,-0.000352704210591163,0.989643833753113,0,0
115,40,"moderate","85_15","moderate",0,"independent","mlma_cr2",0.9566,0.0434,NA,0.263547625425495,6.57925219052843,-0.000352704210591163,0.965165675167778,0,0
116,40,"moderate","85_15","moderate",0.1,"independent","aggregate_hksj",0.95,NA,0.4008,0.230947299269649,38,0.000519725665262552,0.987497522234113,0,0
116,40,"moderate","85_15","moderate",0.1,"independent","che_rve",0.9566,NA,0.3364,0.260467607065322,6.54572820285991,0.000294515763415729,0.949824925477509,0,0
116,40,"moderate","85_15","moderate",0.1,"independent","mlma",0.9384,NA,0.4362,0.219525020310748,NA,0.000240180269538787,0.979569396877727,0,0
116,40,"moderate","85_15","moderate",0.1,"independent","mlma_cr2",0.9566,NA,0.3378,0.260736083781311,6.57957367276178,0.000240180269538787,0.951214282678781,0,0
117,40,"moderate","85_15","severe",0,"independent","aggregate_hksj",0.9484,0.0516,NA,0.240465669815696,38,-0.000159244158662867,0.995426427486841,0,0
117,40,"moderate","85_15","severe",0,"independent","che_rve",0.9542,0.0458,NA,0.273180732279715,6.32504842687681,2.64332808811194e-05,0.95687840698168,0,0
117,40,"moderate","85_15","severe",0,"independent","mlma",0.9412,0.0588,NA,0.230704821325639,NA,-3.914453701541e-05,0.992556872443519,0,0
117,40,"moderate","85_15","severe",0,"independent","mlma_cr2",0.952,0.048,NA,0.273748842927806,6.4950460218292,-3.914453701541e-05,0.959782416176575,0,0
118,40,"moderate","85_15","severe",0.1,"independent","aggregate_hksj",0.9526,NA,0.3768,0.240336194728913,38,0.000808896633153339,0.994510574747781,0,0
118,40,"moderate","85_15","severe",0.1,"independent","che_rve",0.954,NA,0.3018,0.274279444746591,6.33693310131534,0.000670707416945374,0.965941337971493,0,0
118,40,"moderate","85_15","severe",0.1,"independent","mlma",0.9448,NA,0.4058,0.230432560502325,NA,0.000644360311521722,0.99749023128509,0,0
118,40,"moderate","85_15","severe",0.1,"independent","mlma_cr2",0.9538,NA,0.2966,0.275079193410014,6.50953005314891,0.000644360311521722,0.970677327440722,0,0
119,40,"moderate","85_15","extreme",0,"independent","aggregate_hksj",0.943,0.057,NA,0.25855075394351,38,-0.00160028014922413,0.969531972560216,0,0
119,40,"moderate","85_15","extreme",0,"independent","che_rve",0.9514,0.0486,NA,0.301903621618409,5.85625256306089,-0.00169865075761722,0.935730344304463,0,0
119,40,"moderate","85_15","extreme",0,"independent","mlma",0.937,0.063,NA,0.25216649442051,NA,-0.0016629803505764,0.969226388937204,0,0
119,40,"moderate","85_15","extreme",0,"independent","mlma_cr2",0.953,0.047,NA,0.303974996808336,6.31806484614984,-0.0016629803505764,0.944504141670577,0,0
120,40,"moderate","85_15","extreme",0.1,"independent","aggregate_hksj",0.9508,NA,0.33,0.257365696618493,38,-0.00134886754056773,1.00510997101285,0,0
120,40,"moderate","85_15","extreme",0.1,"independent","che_rve",0.9562,NA,0.2608,0.298271439027321,5.84696495831519,-0.00134191837052905,0.958714643489099,0,0
120,40,"moderate","85_15","extreme",0.1,"independent","mlma",0.9444,NA,0.3442,0.251234763208043,NA,-0.00156624173423572,1.00722360878306,0,0
120,40,"moderate","85_15","extreme",0.1,"independent","mlma_cr2",0.9576,NA,0.2544,0.300456186778493,6.32561697080785,-0.00156624173423572,0.973940542335412,0,0
121,40,"severe","50_50","balanced",0,"independent","aggregate_hksj",0.9554,0.0446,NA,0.176335372067468,38,-0.000897369649324753,1.00063477588165,0,0
121,40,"severe","50_50","balanced",0,"independent","che_rve",0.9526,0.0474,NA,0.171688806401585,34.9100088530035,-0.000644231345041904,0.988895867482851,0,0
121,40,"severe","50_50","balanced",0,"independent","mlma",0.9454,0.0546,NA,0.165751469596462,NA,-0.000644262204228289,0.988787669425459,0,0
121,40,"severe","50_50","balanced",0,"independent","mlma_cr2",0.9524,0.0476,NA,0.171676118042106,34.9010669516002,-0.000644262204228289,0.988728611770706,0,0
122,40,"severe","50_50","balanced",0.1,"independent","aggregate_hksj",0.9528,NA,0.6038,0.175413204970171,38,-9.32141034493128e-05,1.01443398371255,0,0
122,40,"severe","50_50","balanced",0.1,"independent","che_rve",0.9522,NA,0.625,0.170557109547552,34.8297842606686,-0.000142654919783297,1.00319057307453,0,0
122,40,"severe","50_50","balanced",0.1,"independent","mlma",0.9424,NA,0.6534,0.164667785876529,NA,-0.000142506001271317,1.00328801775269,0,0
122,40,"severe","50_50","balanced",0.1,"independent","mlma_cr2",0.9522,NA,0.625,0.170554218337775,34.8273031163204,-0.000142506001271317,1.0031629464401,0,0
123,40,"severe","50_50","moderate",0,"independent","aggregate_hksj",0.9508,0.0492,NA,0.178716219835251,38,-0.000776573714633139,1.00240473053427,0,0
123,40,"severe","50_50","moderate",0,"independent","che_rve",0.9508,0.0492,NA,0.174112855416669,34.5409050142051,-0.000579010303514132,0.994617572890429,0,0
123,40,"severe","50_50","moderate",0,"independent","mlma",0.9406,0.0594,NA,0.168212184271262,NA,-0.000586236242214392,0.994831582188881,0,0
123,40,"severe","50_50","moderate",0,"independent","mlma_cr2",0.9498,0.0502,NA,0.174345372587117,34.6724525406146,-0.000586236242214392,0.995231932838095,0,0
124,40,"severe","50_50","moderate",0.1,"independent","aggregate_hksj",0.9504,NA,0.5938,0.178099665756956,38,-0.000281410816141733,0.999329695830697,0,0
124,40,"severe","50_50","moderate",0.1,"independent","che_rve",0.9472,NA,0.6142,0.173570399211039,34.5186055394953,-0.000272784447277824,0.986787618912419,0,0
124,40,"severe","50_50","moderate",0.1,"independent","mlma",0.94,NA,0.6438,0.167670123989423,NA,-0.000295552004934238,0.986595503701402,0,0
124,40,"severe","50_50","moderate",0.1,"independent","mlma_cr2",0.9482,NA,0.6134,0.173726428124135,34.6411544883164,-0.000295552004934238,0.986635510880522,0,0
125,40,"severe","50_50","severe",0,"independent","aggregate_hksj",0.9532,0.0468,NA,0.184783329942281,38,-0.000730931295929046,1.00167644855706,0,0
125,40,"severe","50_50","severe",0,"independent","che_rve",0.9482,0.0518,NA,0.180386547965723,33.2121038099195,-0.000811527480604035,0.987984906052947,0,0
125,40,"severe","50_50","severe",0,"independent","mlma",0.9392,0.0608,NA,0.174988704328087,NA,-0.000793262509030469,0.991581753286455,0,0
125,40,"severe","50_50","severe",0,"independent","mlma_cr2",0.9486,0.0514,NA,0.181457951280238,33.891433708563,-0.000793262509030469,0.991643623267193,0,0
126,40,"severe","50_50","severe",0.1,"independent","aggregate_hksj",0.9544,NA,0.5786,0.184757558272584,38,0.00105074877690746,1.01144546472137,0,0
126,40,"severe","50_50","severe",0.1,"independent","che_rve",0.9518,NA,0.5948,0.180601792971224,33.2794398752911,0.00108321543159941,0.997415106259344,0,0
126,40,"severe","50_50","severe",0.1,"independent","mlma",0.9432,NA,0.6156,0.175486988490457,NA,0.00111892265151391,0.999093816313602,0,0
126,40,"severe","50_50","severe",0.1,"independent","mlma_cr2",0.9504,NA,0.589,0.1819063668835,33.9526407820782,0.00111892265151391,0.998848235318058,0,0
127,40,"severe","50_50","extreme",0,"independent","aggregate_hksj",0.9496,0.0504,NA,0.197685525129534,38,5.56434393180903e-05,0.991300900031208,0,0
127,40,"severe","50_50","extreme",0,"independent","che_rve",0.9446,0.0554,NA,0.194079271247225,30.4449489292799,0.000208140747079249,0.976297266702365,0,0
127,40,"severe","50_50","extreme",0,"independent","mlma",0.9374,0.0626,NA,0.190773262957615,NA,-0.000143276997360558,0.984851162886428,0,0
127,40,"severe","50_50","extreme",0,"independent","mlma_cr2",0.9472,0.0528,NA,0.198102817767208,32.3586488579251,-0.000143276997360558,0.984566068069219,0,0
128,40,"severe","50_50","extreme",0.1,"independent","aggregate_hksj",0.9402,NA,0.5226,0.196225334106813,38,0.000432187173621965,0.969525442815353,0,0
128,40,"severe","50_50","extreme",0.1,"independent","che_rve",0.9416,NA,0.5356,0.192801026045286,30.2658376535211,0.000430158527134405,0.963383404603601,0,0
128,40,"severe","50_50","extreme",0.1,"independent","mlma",0.9324,NA,0.5504,0.189401451194443,NA,0.000614293959049619,0.970316284641725,0,0
128,40,"severe","50_50","extreme",0.1,"independent","mlma_cr2",0.941,NA,0.519,0.196750879445431,32.2610235890521,0.000614293959049619,0.970278728083782,0,0
129,40,"severe","70_30","balanced",0,"independent","aggregate_hksj",0.9522,0.0478,NA,0.19159020834699,38,-0.000227956770090771,1.00129719549409,0,0
129,40,"severe","70_30","balanced",0,"independent","che_rve",0.9502,0.0498,NA,0.190770810608819,19.2328124903198,-0.000212718507227515,0.986341580847437,0,0
129,40,"severe","70_30","balanced",0,"independent","mlma",0.9406,0.0594,NA,0.180145488263822,NA,-0.000214065785464247,0.993771490183137,0,0
129,40,"severe","70_30","balanced",0,"independent","mlma_cr2",0.9502,0.0498,NA,0.190764467493629,19.2286723371094,-0.000214065785464247,0.98620918168012,0,0
130,40,"severe","70_30","balanced",0.1,"independent","aggregate_hksj",0.9554,NA,0.5312,0.191559761266789,38,0.000219825397796219,0.996467501099744,0,0
130,40,"severe","70_30","balanced",0.1,"independent","che_rve",0.953,NA,0.5332,0.191291026055632,19.2426457055299,0.000333845568596128,0.978440259887484,0,0
130,40,"severe","70_30","balanced",0.1,"independent","mlma",0.9428,NA,0.575,0.18024575697491,NA,0.000334641427832891,0.983749393110646,0,0
130,40,"severe","70_30","balanced",0.1,"independent","mlma_cr2",0.953,NA,0.5332,0.191289202074176,19.2419803109187,0.000334641427832891,0.978442127308646,0,0
131,40,"severe","70_30","moderate",0,"independent","aggregate_hksj",0.9522,0.0478,NA,0.194121377395204,38,0.000320519905204151,1.00408319911884,0,0
131,40,"severe","70_30","moderate",0,"independent","che_rve",0.9538,0.0462,NA,0.194224380613527,19.0493867184955,0.000334054142369568,0.991541454473722,0,0
131,40,"severe","70_30","moderate",0,"independent","mlma",0.9424,0.0576,NA,0.183061809512466,NA,0.000331935668286256,0.99676161268499,0,0
131,40,"severe","70_30","moderate",0,"independent","mlma_cr2",0.9532,0.0468,NA,0.194424825572742,19.102118787636,0.000331935668286256,0.9915908448092,0,0
132,40,"severe","70_30","moderate",0.1,"independent","aggregate_hksj",0.9496,NA,0.5182,0.194507936524131,38,-0.000724461905651272,0.999855793895795,0,0
132,40,"severe","70_30","moderate",0.1,"independent","che_rve",0.9482,NA,0.5186,0.193618566173839,19.0803805020384,-0.000613907376921935,0.986960729995644,0,0
132,40,"severe","70_30","moderate",0.1,"independent","mlma",0.9446,NA,0.5648,0.18293453262219,NA,-0.000634150709473202,0.99521592614501,0,0
132,40,"severe","70_30","moderate",0.1,"independent","mlma_cr2",0.9496,NA,0.5174,0.193825431245445,19.1420104717735,-0.000634150709473202,0.987839975820636,0,0
133,40,"severe","70_30","severe",0,"independent","aggregate_hksj",0.9482,0.0518,NA,0.201206248174583,38,-0.000368196297263441,0.983557209391917,0,0
133,40,"severe","70_30","severe",0,"independent","che_rve",0.947,0.053,NA,0.201952188941121,18.3910699958619,-0.000340707792921503,0.965660980506127,0,0
133,40,"severe","70_30","severe",0,"independent","mlma",0.9362,0.0638,NA,0.190950669028321,NA,-0.000244683566008016,0.973274554136441,0,0
133,40,"severe","70_30","severe",0,"independent","mlma_cr2",0.9466,0.0534,NA,0.20308619060179,18.7229827984682,-0.000244683566008016,0.968115884274784,0,0
134,40,"severe","70_30","severe",0.1,"independent","aggregate_hksj",0.9526,NA,0.504,0.202329931801809,38,0.00101922768723321,1.01299801907559,0,0
134,40,"severe","70_30","severe",0.1,"independent","che_rve",0.952,NA,0.5014,0.202612490549608,18.4608046926939,0.000988374948303214,0.993639764771647,0,0
134,40,"severe","70_30","severe",0.1,"independent","mlma",0.9456,NA,0.5452,0.191815714857035,NA,0.001055761319093,1.00280064474736,0,0
134,40,"severe","70_30","severe",0.1,"independent","mlma_cr2",0.955,NA,0.4988,0.203580672912694,18.7851147840889,0.001055761319093,0.995642074178912,0,0
135,40,"severe","70_30","extreme",0,"independent","aggregate_hksj",0.9504,0.0496,NA,0.215345530880533,38,2.63827771895978e-05,1.00825769658276,0,0
135,40,"severe","70_30","extreme",0,"independent","che_rve",0.9528,0.0472,NA,0.218538521994303,16.9156011942701,-0.0001016562041275,0.994442935935625,0,0
135,40,"severe","70_30","extreme",0,"independent","mlma",0.9412,0.0588,NA,0.208088137978619,NA,-0.000173553410829796,1.00054951664978,0,0
135,40,"severe","70_30","extreme",0,"independent","mlma_cr2",0.9526,0.0474,NA,0.222468520217371,17.9198581281889,-0.000173553410829796,0.996915247328064,0,0
136,40,"severe","70_30","extreme",0.1,"independent","aggregate_hksj",0.954,NA,0.4334,0.215172092405655,38,-0.00103813084322406,1.00557690803558,0,0
136,40,"severe","70_30","extreme",0.1,"independent","che_rve",0.9474,NA,0.4276,0.218053198577542,16.9768500232073,-0.000950649940060652,0.986170809415701,0,0
136,40,"severe","70_30","extreme",0.1,"independent","mlma",0.9434,NA,0.4632,0.208173541127416,NA,-0.000763856377852243,0.995253200694542,0,0
136,40,"severe","70_30","extreme",0.1,"independent","mlma_cr2",0.9532,NA,0.4204,0.221973223529725,17.9569901748216,-0.000763856377852243,0.989220200596931,0,0
137,40,"severe","85_15","balanced",0,"independent","aggregate_hksj",0.9508,0.0492,NA,0.246288255189909,38,-0.00080394333922966,0.987989177274459,0,0
137,40,"severe","85_15","balanced",0,"independent","che_rve",0.955,0.045,NA,0.27651761749437,6.38393467535535,-0.000994015352745292,0.952948019607775,0,0
137,40,"severe","85_15","balanced",0,"independent","mlma",0.943,0.057,NA,0.232293657664803,NA,-0.000991684469712114,0.985272622094503,0,0
137,40,"severe","85_15","balanced",0,"independent","mlma_cr2",0.955,0.045,NA,0.276524578342186,6.38351408805944,-0.000991684469712114,0.95291389551753,0,0
138,40,"severe","85_15","balanced",0.1,"independent","aggregate_hksj",0.9554,NA,0.3472,0.246347533603277,38,-0.000261802866732677,1.00283614106216,0,0
138,40,"severe","85_15","balanced",0.1,"independent","che_rve",0.9552,NA,0.297,0.276648159674598,6.38029696588882,-0.000298643373509641,0.965995239965142,0,0
138,40,"severe","85_15","balanced",0.1,"independent","mlma",0.946,NA,0.3922,0.232207497879553,NA,-0.000299291894160433,0.998038856059274,0,0
138,40,"severe","85_15","balanced",0.1,"independent","mlma_cr2",0.9552,NA,0.297,0.276645264563992,6.37990855121693,-0.000299291894160433,0.965970072790003,0,0
139,40,"severe","85_15","moderate",0,"independent","aggregate_hksj",0.954,0.046,NA,0.250630979276111,38,-0.00104957650279312,1.01954454015128,0,0
139,40,"severe","85_15","moderate",0,"independent","che_rve",0.9562,0.0438,NA,0.283875974073941,6.3385891579262,-0.0013434503078459,0.983899445076638,0,0
139,40,"severe","85_15","moderate",0,"independent","mlma",0.9424,0.0576,NA,0.236336142905665,NA,-0.0013046791531086,1.00921982210672,0,0
139,40,"severe","85_15","moderate",0,"independent","mlma_cr2",0.9576,0.0424,NA,0.283908256104936,6.3497753684239,-0.0013046791531086,0.983627491139593,0,0
140,40,"severe","85_15","moderate",0.1,"independent","aggregate_hksj",0.9478,NA,0.358,0.24975762446434,38,0.00124171715873871,0.989844062744929,0,0
140,40,"severe","85_15","moderate",0.1,"independent","che_rve",0.9538,NA,0.2992,0.281322870371488,6.33041746009805,0.000761461184475856,0.946666960978669,0,0
140,40,"severe","85_15","moderate",0.1,"independent","mlma",0.937,NA,0.3968,0.235414252356562,NA,0.000750279278470517,0.975174632603437,0,0
140,40,"severe","85_15","moderate",0.1,"independent","mlma_cr2",0.953,NA,0.2956,0.281442320704319,6.34208816627399,0.000750279278470517,0.945657158102102,0,0
141,40,"severe","85_15","severe",0,"independent","aggregate_hksj",0.9516,0.0484,NA,0.259492084478846,38,-8.68867301365819e-06,1.00420811990383,0,0
141,40,"severe","85_15","severe",0,"independent","che_rve",0.9566,0.0434,NA,0.296906053624457,6.1374293722187,-0.000254812489025563,0.97019611243093,0,0
141,40,"severe","85_15","severe",0,"independent","mlma",0.9444,0.0556,NA,0.246985009707267,NA,-0.000368053530102189,0.998596181233307,0,0
141,40,"severe","85_15","severe",0,"independent","mlma_cr2",0.9574,0.0426,NA,0.29742690817125,6.21850688144429,-0.000368053530102189,0.970010015963888,0,0
142,40,"severe","85_15","severe",0.1,"independent","aggregate_hksj",0.9532,NA,0.3248,0.259765679194337,38,-0.00045597793055463,1.00887323414875,0,0
142,40,"severe","85_15","severe",0.1,"independent","che_rve",0.962,NA,0.2626,0.296925077190306,6.13643928143246,-0.000426693836203293,0.976060141161519,0,0
142,40,"severe","85_15","severe",0.1,"independent","mlma",0.947,NA,0.3634,0.246603866042844,NA,-0.000405292968003068,1.00249751207328,0,0
142,40,"severe","85_15","severe",0.1,"independent","mlma_cr2",0.9614,NA,0.262,0.297616335252524,6.21562641825839,-0.000405292968003068,0.975837489130914,0,0
143,40,"severe","85_15","extreme",0,"independent","aggregate_hksj",0.951,0.049,NA,0.276577065883663,38,-0.00123285099265721,0.984660892690861,0,0
143,40,"severe","85_15","extreme",0,"independent","che_rve",0.9558,0.0442,NA,0.322206810886496,5.66475854627357,-0.000794834799437784,0.946080870478312,0,0
143,40,"severe","85_15","extreme",0,"independent","mlma",0.9416,0.0584,NA,0.267318767285073,NA,-0.00100683651793006,0.983549815354519,0,0
143,40,"severe","85_15","extreme",0,"independent","mlma_cr2",0.9574,0.0426,NA,0.324261516977735,5.93978676554752,-0.00100683651793006,0.948769488366732,0,0
144,40,"severe","85_15","extreme",0.1,"independent","aggregate_hksj",0.9494,NA,0.3008,0.277268392654453,38,0.000744657396159948,1.00155030231011,0,0
144,40,"severe","85_15","extreme",0.1,"independent","che_rve",0.9568,NA,0.239,0.323631650851235,5.68526564080042,0.000859592851464433,0.958540568598478,0,0
144,40,"severe","85_15","extreme",0.1,"independent","mlma",0.9426,NA,0.3302,0.268582666920268,NA,0.000816845993511714,0.998571747525208,0,0
144,40,"severe","85_15","extreme",0.1,"independent","mlma_cr2",0.9602,NA,0.2398,0.326212096552691,5.939357628008,0.000816845993511714,0.964748310717775,0,0
145,80,"balanced","50_50","balanced",0,"independent","aggregate_hksj",0.95,0.05,NA,0.107165606891306,78,-0.00105134774619453,1.00448011815389,0,0
145,80,"balanced","50_50","balanced",0,"independent","che_rve",0.95,0.05,NA,0.107165606891306,78,-0.00105134774619436,1.00448011815388,0,0
145,80,"balanced","50_50","balanced",0,"independent","mlma",0.9482,0.0518,NA,0.105503209762651,NA,-0.00105134774619435,1.0044802425794,0,0
145,80,"balanced","50_50","balanced",0,"independent","mlma_cr2",0.95,0.05,NA,0.107165606891306,78,-0.00105134774619435,1.00448011815388,0,0
146,80,"balanced","50_50","balanced",0.1,"independent","aggregate_hksj",0.9486,NA,0.9574,0.107315590246286,78,-0.000294812038046988,0.997429360554266,0,0
146,80,"balanced","50_50","balanced",0.1,"independent","che_rve",0.9486,NA,0.9574,0.107315590246286,78,-0.000294812038046807,0.997429360554266,0,0
146,80,"balanced","50_50","balanced",0.1,"independent","mlma",0.946,NA,0.9594,0.105650866253284,NA,-0.000294812038046807,0.997429481645779,0,0
146,80,"balanced","50_50","balanced",0.1,"independent","mlma_cr2",0.9486,NA,0.9574,0.107315590246286,78,-0.000294812038046807,0.997429360554268,0,0
147,80,"balanced","50_50","moderate",0,"independent","aggregate_hksj",0.9514,0.0486,NA,0.108888956971315,78,-0.000680133355315302,0.978224821513527,0,0
147,80,"balanced","50_50","moderate",0,"independent","che_rve",0.9496,0.0504,NA,0.108914963015416,77.3811576520491,-0.000680133265565383,0.97833808791751,0,0
147,80,"balanced","50_50","moderate",0,"independent","mlma",0.9454,0.0546,NA,0.107356885303224,NA,-0.000665516776817177,0.977548374627059,0,0
147,80,"balanced","50_50","moderate",0,"independent","mlma_cr2",0.9498,0.0502,NA,0.109051259459176,77.8879238887415,-0.000665516776817177,0.977551477653871,0,0
148,80,"balanced","50_50","moderate",0.1,"independent","aggregate_hksj",0.948,NA,0.9526,0.108891707998144,78,0.000121721922030707,0.992647624766268,0,0
148,80,"balanced","50_50","moderate",0.1,"independent","che_rve",0.9484,NA,0.952,0.10890978296116,77.3815942339872,0.000121721815402473,0.9926902922778,0,0
148,80,"balanced","50_50","moderate",0.1,"independent","mlma",0.9436,NA,0.9544,0.107361466819433,NA,0.000164864967339987,0.99335779306409,0,0
148,80,"balanced","50_50","moderate",0.1,"independent","mlma_cr2",0.9474,NA,0.9518,0.109056587788571,77.8880836824931,0.000164864967339987,0.993367110848305,0,0
149,80,"balanced","50_50","severe",0,"independent","aggregate_hksj",0.9534,0.0466,NA,0.113402961676246,78,-0.000424730083664491,1.00744308147785,0,0
149,80,"balanced","50_50","severe",0,"independent","che_rve",0.9536,0.0464,NA,0.113485283498908,74.8317531948657,-0.000424731717346457,1.00751360606739,0,0
149,80,"balanced","50_50","severe",0,"independent","mlma",0.9514,0.0486,NA,0.112518419267644,NA,-0.000446049151844412,1.00806178953196,0,0
149,80,"balanced","50_50","severe",0,"independent","mlma_cr2",0.9544,0.0456,NA,0.11430716757421,77.2085858241236,-0.000446049151844412,1.00804173945218,0,0
150,80,"balanced","50_50","severe",0.1,"independent","aggregate_hksj",0.9502,NA,0.9332,0.113412092363462,78,0.000423076601356001,0.997095217787515,0,0
150,80,"balanced","50_50","severe",0.1,"independent","che_rve",0.9508,NA,0.9332,0.113516332201927,74.828824667673,0.000423077493054272,0.997357368563887,0,0
150,80,"balanced","50_50","severe",0.1,"independent","mlma",0.9468,NA,0.934,0.112527350697993,NA,0.000374450610873794,0.997158830843327,0,0
150,80,"balanced","50_50","severe",0.1,"independent","mlma_cr2",0.9504,NA,0.93,0.11432321025175,77.2068475140673,0.000374450610873794,0.997199622668124,0,0
151,80,"balanced","50_50","extreme",0,"independent","aggregate_hksj",0.9494,0.0506,NA,0.121242420339066,78,-0.000177980171027955,0.998677321315581,0,0
151,80,"balanced","50_50","extreme",0,"independent","che_rve",0.951,0.049,NA,0.121455721838901,69.1109989920519,-0.00017797849432993,0.998433963707054,0,0
151,80,"balanced","50_50","extreme",0,"independent","mlma",0.9478,0.0522,NA,0.122215308133743,NA,-0.000213608731003689,1.00135198524687,0,0
151,80,"balanced","50_50","extreme",0,"independent","mlma_cr2",0.951,0.049,NA,0.124211331089589,75.4900528475801,-0.000213608731003689,1.00140502028224,0,0
152,80,"balanced","50_50","extreme",0.1,"independent","aggregate_hksj",0.9548,NA,0.9022,0.121199964078668,78,0.000167405547597865,1.00410908359285,0,0
152,80,"balanced","50_50","extreme",0.1,"independent","che_rve",0.9548,NA,0.9018,0.121439764021534,69.0976494346877,0.000167409422055162,1.00408163676846,0,0
152,80,"balanced","50_50","extreme",0.1,"independent","mlma",0.9498,NA,0.896,0.122156196556903,NA,9.53067590153817e-05,1.00363748183935,0,0
152,80,"balanced","50_50","extreme",0.1,"independent","mlma_cr2",0.9546,NA,0.8904,0.124142998377697,75.4809736383489,9.53067590153817e-05,1.00362246881673,0,0
153,80,"balanced","70_30","balanced",0,"independent","aggregate_hksj",0.9512,0.0488,NA,0.117100669981553,78,-7.35217166397991e-05,0.999799396888955,0,0
153,80,"balanced","70_30","balanced",0,"independent","che_rve",0.9522,0.0478,NA,0.118157394746387,43.5906271536871,-7.3521716639912e-05,0.996283227430844,0,0
153,80,"balanced","70_30","balanced",0,"independent","mlma",0.9482,0.0518,NA,0.115284154348059,NA,-7.35217166399316e-05,0.999799505945443,0,0
153,80,"balanced","70_30","balanced",0,"independent","mlma_cr2",0.9522,0.0478,NA,0.118157394746387,43.5906271536871,-7.35217166399316e-05,0.996283227430844,0,0
154,80,"balanced","70_30","balanced",0.1,"independent","aggregate_hksj",0.9456,NA,0.916,0.117087675243167,78,0.000452889214420452,0.9831112447753,0,0
154,80,"balanced","70_30","balanced",0.1,"independent","che_rve",0.9478,NA,0.9126,0.118046066982884,43.5906271536871,0.000452889214420341,0.9788393592408,0,0
154,80,"balanced","70_30","balanced",0.1,"independent","mlma",0.9426,NA,0.9206,0.115271362467433,NA,0.000452889214420313,0.983111362909613,0,0
154,80,"balanced","70_30","balanced",0.1,"independent","mlma_cr2",0.9478,NA,0.9126,0.118046066982884,43.5906271536871,0.000452889214420313,0.9788393592408,0,0
155,80,"balanced","70_30","moderate",0,"independent","aggregate_hksj",0.95,0.05,NA,0.11882102755139,78,-0.000858135434025939,1.01314787297777,0,0
155,80,"balanced","70_30","moderate",0,"independent","che_rve",0.9528,0.0472,NA,0.120149687756714,43.2555928503371,-0.00085813516802913,1.01152071745017,0,0
155,80,"balanced","70_30","moderate",0,"independent","mlma",0.9488,0.0512,NA,0.11714968079036,NA,-0.000885662896721411,1.01414315928056,0,0
155,80,"balanced","70_30","moderate",0,"independent","mlma_cr2",0.9538,0.0462,NA,0.120316185761732,43.5307793837303,-0.000885662896721411,1.01261364491737,0,0
156,80,"balanced","70_30","moderate",0.1,"independent","aggregate_hksj",0.9488,NA,0.903,0.118996446150819,78,-0.000511381945149533,0.991068269321729,0,0
156,80,"balanced","70_30","moderate",0.1,"independent","che_rve",0.9486,NA,0.8962,0.120601696369531,43.2495187422759,-0.000511381854700829,0.991731033579542,0,0
156,80,"balanced","70_30","moderate",0.1,"independent","mlma",0.9464,NA,0.906,0.1173155626723,NA,-0.000504085613761446,0.991703137760218,0,0
156,80,"balanced","70_30","moderate",0.1,"independent","mlma_cr2",0.949,NA,0.8952,0.120744093336219,43.52790657671,-0.000504085613761446,0.992322228165486,0,0
157,80,"balanced","70_30","severe",0,"independent","aggregate_hksj",0.9554,0.0446,NA,0.123614374457429,78,0.000166954294989388,1.0029213831784,0,0
157,80,"balanced","70_30","severe",0,"independent","che_rve",0.956,0.044,NA,0.125266060847417,41.8767163094114,0.000166951443654601,1.00250099422185,0,0
157,80,"balanced","70_30","severe",0,"independent","mlma",0.951,0.049,NA,0.122628142047702,NA,0.000255109291990112,1.0039056446986,0,0
157,80,"balanced","70_30","severe",0,"independent","mlma_cr2",0.954,0.046,NA,0.126070582117726,43.1690213066785,0.000255109291990112,1.00316540633959,0,0
158,80,"balanced","70_30","severe",0.1,"independent","aggregate_hksj",0.947,NA,0.892,0.12367902357557,78,0.000829216072168404,0.994565416466945,0,0
158,80,"balanced","70_30","severe",0.1,"independent","che_rve",0.9474,NA,0.8846,0.125138529810822,41.8734018260896,0.000829216447837733,0.992612135389749,0,0
158,80,"balanced","70_30","severe",0.1,"independent","mlma",0.9424,NA,0.8938,0.12271599848122,NA,0.000890580224857399,0.99497582990724,0,0
158,80,"balanced","70_30","severe",0.1,"independent","mlma_cr2",0.9456,NA,0.8802,0.126067721087349,43.1654941453142,0.000890580224857399,0.993504651924846,0,0
159,80,"balanced","70_30","extreme",0,"independent","aggregate_hksj",0.9474,0.0526,NA,0.132552320756863,78,0.000104915322248566,0.982111585171263,0,0
159,80,"balanced","70_30","extreme",0,"independent","che_rve",0.9454,0.0546,NA,0.134224575619653,38.7197452391456,0.000104916399805529,0.978512615332305,0,0
159,80,"balanced","70_30","extreme",0,"independent","mlma",0.9444,0.0556,NA,0.133553352788869,NA,-7.15069003765202e-05,0.986730716749027,0,0
159,80,"balanced","70_30","extreme",0,"independent","mlma_cr2",0.9464,0.0536,NA,0.137166972245801,42.2047960808083,-7.15069003765202e-05,0.984369516829602,0,0
160,80,"balanced","70_30","extreme",0.1,"independent","aggregate_hksj",0.9518,NA,0.8406,0.132348413054989,78,-5.00085161436736e-05,1.00196044121743,0,0
160,80,"balanced","70_30","extreme",0.1,"independent","che_rve",0.9546,NA,0.8312,0.133976949016323,38.7556361029452,-5.00065767596869e-05,0.998014919645641,0,0
160,80,"balanced","70_30","extreme",0.1,"independent","mlma",0.952,NA,0.8308,0.133361011019272,NA,3.71953407361653e-05,1.00802244561445,0,0
160,80,"balanced","70_30","extreme",0.1,"independent","mlma_cr2",0.9554,NA,0.8182,0.136848133219242,42.2170658104826,3.71953407361653e-05,1.00472840909894,0,0
161,80,"balanced","85_15","balanced",0,"independent","aggregate_hksj",0.9482,0.0518,NA,0.150028150218274,78,0.000704638927731367,0.995833647494471,0,0
161,80,"balanced","85_15","balanced",0,"independent","che_rve",0.95,0.05,NA,0.158918724575364,15.1474668584935,0.000704638927731096,0.98609798503854,0,0
161,80,"balanced","85_15","balanced",0,"independent","mlma",0.9442,0.0558,NA,0.147700850309419,NA,0.000704638927731073,0.995833761977403,0,0
161,80,"balanced","85_15","balanced",0,"independent","mlma_cr2",0.95,0.05,NA,0.158918724575364,15.1474668584935,0.000704638927731073,0.986097985038541,0,0
162,80,"balanced","85_15","balanced",0.1,"independent","aggregate_hksj",0.9482,NA,0.7484,0.150055777071372,78,0.00122394048560387,0.995669968401318,0,0
162,80,"balanced","85_15","balanced",0.1,"independent","che_rve",0.9494,NA,0.702,0.158098159406713,15.1474668584935,0.0012239404856033,0.980664514519659,0,0
162,80,"balanced","85_15","balanced",0.1,"independent","mlma",0.9446,NA,0.758,0.147728048501673,NA,0.00122394048560329,0.995670082181648,0,0
162,80,"balanced","85_15","balanced",0.1,"independent","mlma_cr2",0.9494,NA,0.702,0.158098159406713,15.1474668584935,0.00122394048560329,0.980664514519658,0,0
163,80,"balanced","85_15","moderate",0,"independent","aggregate_hksj",0.95,0.05,NA,0.152871830299205,78,-9.90617898916115e-05,1.0050701878687,0,0
163,80,"balanced","85_15","moderate",0,"independent","che_rve",0.9474,0.0526,NA,0.161926789668256,15.0311879662769,-9.90615266888252e-05,0.994552079051606,0,0
163,80,"balanced","85_15","moderate",0,"independent","mlma",0.9468,0.0532,NA,0.15070478568273,NA,-0.000135891799677748,1.00425942597463,0,0
163,80,"balanced","85_15","moderate",0,"independent","mlma_cr2",0.9474,0.0526,NA,0.162020161575067,15.1265973078292,-0.000135891799677748,0.993519762672815,0,0
164,80,"balanced","85_15","moderate",0.1,"independent","aggregate_hksj",0.9488,NA,0.7242,0.15264653455949,78,-0.000376111922396172,0.99566038558058,0,0
164,80,"balanced","85_15","moderate",0.1,"independent","che_rve",0.9476,NA,0.6798,0.160647634598418,15.0312582710799,-0.000376111657504827,0.978897167484312,0,0
164,80,"balanced","85_15","moderate",0.1,"independent","mlma",0.9442,NA,0.735,0.150494394761452,NA,-0.000395009819637915,0.995998274459425,0,0
164,80,"balanced","85_15","moderate",0.1,"independent","mlma_cr2",0.9476,NA,0.6794,0.160766233327204,15.1268039566042,-0.000395009819637915,0.97908816837184,0,0
165,80,"balanced","85_15","severe",0,"independent","aggregate_hksj",0.952,0.048,NA,0.159061755402832,78,6.73201710488305e-05,0.994708839173529,0,0
165,80,"balanced","85_15","severe",0,"independent","che_rve",0.951,0.049,NA,0.168445116951539,14.5259226600769,6.73187680828729e-05,0.980978097467653,0,0
165,80,"balanced","85_15","severe",0,"independent","mlma",0.95,0.05,NA,0.1576947659551,NA,0.00014681031148172,0.996299425792447,0,0
165,80,"balanced","85_15","severe",0,"independent","mlma_cr2",0.9528,0.0472,NA,0.16944184190705,14.9899107096807,0.00014681031148172,0.984300645062554,0,0
166,80,"balanced","85_15","severe",0.1,"independent","aggregate_hksj",0.9438,NA,0.6918,0.15900437661973,78,-0.000279133846226728,0.991042845421508,0,0
166,80,"balanced","85_15","severe",0.1,"independent","che_rve",0.9478,NA,0.645,0.168911711498983,14.5373874352407,-0.000279132336180765,0.980480165781455,0,0
166,80,"balanced","85_15","severe",0.1,"independent","mlma",0.941,NA,0.6958,0.157653026210863,NA,-0.000386175656295368,0.992514458607594,0,0
166,80,"balanced","85_15","severe",0.1,"independent","mlma_cr2",0.9476,NA,0.639,0.169629575336236,14.9941257075461,-0.000386175656295368,0.981927849396626,0,0
167,80,"balanced","85_15","extreme",0,"independent","aggregate_hksj",0.9444,0.0556,NA,0.17018318109249,78,0.000496163260648629,0.976174505001762,0,0
167,80,"balanced","85_15","extreme",0,"independent","che_rve",0.9448,0.0552,NA,0.181473953362928,13.4245701600238,0.000496163233522912,0.961714087769749,0,0
167,80,"balanced","85_15","extreme",0,"independent","mlma",0.9418,0.0582,NA,0.171183545930088,NA,0.000629936398713273,0.980427054274357,0,0
167,80,"balanced","85_15","extreme",0,"independent","mlma_cr2",0.9472,0.0528,NA,0.184189512285885,14.6579194177552,0.000629936398713273,0.967968909563785,0,0
168,80,"balanced","85_15","extreme",0.1,"independent","aggregate_hksj",0.9496,NA,0.6358,0.169764772516942,78,0.000508070546963696,0.997716895629685,0,0
168,80,"balanced","85_15","extreme",0.1,"independent","che_rve",0.951,NA,0.5848,0.180576341287831,13.4351218745173,0.00050806912572221,0.980550877220694,0,0
168,80,"balanced","85_15","extreme",0.1,"independent","mlma",0.9472,NA,0.6318,0.170821816022714,NA,0.000552901626541244,0.999730775763846,0,0
168,80,"balanced","85_15","extreme",0.1,"independent","mlma_cr2",0.954,NA,0.5772,0.183401438092004,14.6618683090609,0.000552901626541244,0.98489987214361,0,0
169,80,"moderate","50_50","balanced",0,"independent","aggregate_hksj",0.9528,0.0472,NA,0.113804757747186,78,0.00115365669137152,1.00209923532878,0,0
169,80,"moderate","50_50","balanced",0,"independent","che_rve",0.9494,0.0506,NA,0.111488663129802,74.8407512290015,0.00108893122408614,0.996930632440347,0,0
169,80,"moderate","50_50","balanced",0,"independent","mlma",0.947,0.053,NA,0.109687381705056,NA,0.00108893092060837,0.996929958589247,0,0
169,80,"moderate","50_50","balanced",0,"independent","mlma_cr2",0.9494,0.0506,NA,0.111488663056317,74.8407518022502,0.00108893092060837,0.996930631207098,0,0
170,80,"moderate","50_50","balanced",0.1,"independent","aggregate_hksj",0.95,NA,0.929,0.113907162815601,78,0.000231352673967442,1.00168938917076,0,0
170,80,"moderate","50_50","balanced",0.1,"independent","che_rve",0.9498,NA,0.938,0.111615784467733,74.8348135468769,0.000361063804389591,0.999432967873335,0,0
170,80,"moderate","50_50","balanced",0.1,"independent","mlma",0.9474,NA,0.9402,0.109804723048841,NA,0.000361063680653945,0.999362963319985,0,0
170,80,"moderate","50_50","balanced",0.1,"independent","mlma_cr2",0.9498,NA,0.938,0.11161578474562,74.8348138017489,0.000361063680653945,0.999432970319408,0,0
171,80,"moderate","50_50","moderate",0,"independent","aggregate_hksj",0.9516,0.0484,NA,0.115549343140989,78,0.00022061926708489,0.99761497790356,0,0
171,80,"moderate","50_50","moderate",0,"independent","che_rve",0.9502,0.0498,NA,0.113408114452804,74.2538243679029,0.000207064504640991,0.996601338579719,0,0
171,80,"moderate","50_50","moderate",0,"independent","mlma",0.9452,0.0548,NA,0.111732071349559,NA,0.000164861883307705,0.995779126966456,0,0
171,80,"moderate","50_50","moderate",0,"independent","mlma_cr2",0.9502,0.0498,NA,0.113568093491278,74.6475348222836,0.000164861883307705,0.995748059662328,0,0
172,80,"moderate","50_50","moderate",0.1,"independent","aggregate_hksj",0.9494,NA,0.9286,0.11560443133567,78,0.000252337048769577,0.998710100943192,0,0
172,80,"moderate","50_50","moderate",0.1,"independent","che_rve",0.9492,NA,0.9352,0.113410056611821,74.2526303104483,0.000213673380633703,0.993866743877764,0,0
172,80,"moderate","50_50","moderate",0.1,"independent","mlma",0.9452,NA,0.939,0.111722510449646,NA,0.000228685601576406,0.99350174058808,0,0
172,80,"moderate","50_50","moderate",0.1,"independent","mlma_cr2",0.9484,NA,0.9346,0.113567991389741,74.6443869263937,0.000228685601576406,0.993554402223531,0,0
173,80,"moderate","50_50","severe",0,"independent","aggregate_hksj",0.9508,0.0492,NA,0.120216891819248,78,-0.000926787627561871,1.00216207264433,0,0
173,80,"moderate","50_50","severe",0,"independent","che_rve",0.952,0.048,NA,0.118262676154119,71.8149163256927,-0.000986396952787066,0.994204186640664,0,0
173,80,"moderate","50_50","severe",0,"independent","mlma",0.9488,0.0512,NA,0.117210207897232,NA,-0.000938379821695734,0.99949043393247,0,0
173,80,"moderate","50_50","severe",0,"independent","mlma_cr2",0.9508,0.0492,NA,0.119161576772669,73.7633884141121,-0.000938379821695734,0.999476779959755,0,0
174,80,"moderate","50_50","severe",0.1,"independent","aggregate_hksj",0.9514,NA,0.9098,0.119948872780226,78,0.000357983560476116,1.00739817487535,0,0
174,80,"moderate","50_50","severe",0.1,"independent","che_rve",0.9512,NA,0.9186,0.118000817564642,71.7887106087132,0.000399227769400934,1.00363922313229,0,0
174,80,"moderate","50_50","severe",0.1,"independent","mlma",0.9482,NA,0.921,0.116937250428657,NA,0.000384249247808999,1.00299391065253,0,0
174,80,"moderate","50_50","severe",0.1,"independent","mlma_cr2",0.9496,NA,0.9164,0.118889031618241,73.7475354904934,0.000384249247808999,1.00301831218037,0,0
175,80,"moderate","50_50","extreme",0,"independent","aggregate_hksj",0.9492,0.0508,NA,0.128374829086013,78,-0.000115884192951674,1.00505564079905,0,0
175,80,"moderate","50_50","extreme",0,"independent","che_rve",0.9498,0.0502,NA,0.126576787248015,66.3280524247606,-0.000149303925206869,1.00342195756304,0,0
175,80,"moderate","50_50","extreme",0,"independent","mlma",0.9468,0.0532,NA,0.127391095406435,NA,-0.000138881310875261,1.00673276441514,0,0
175,80,"moderate","50_50","extreme",0,"independent","mlma_cr2",0.9494,0.0506,NA,0.129571182365149,71.7571449995463,-0.000138881310875261,1.0067154301771,0,0
176,80,"moderate","50_50","extreme",0.1,"independent","aggregate_hksj",0.9514,NA,0.8626,0.128078220793844,78,3.88383124150515e-05,0.999448845412471,0,0
176,80,"moderate","50_50","extreme",0.1,"independent","che_rve",0.9514,NA,0.8778,0.126478806427646,66.2917876535561,0.000109819485082485,0.999121312995015,0,0
176,80,"moderate","50_50","extreme",0.1,"independent","mlma",0.9464,NA,0.8698,0.127243547769482,NA,9.17283656497597e-05,1.00031944277411,0,0
176,80,"moderate","50_50","extreme",0.1,"independent","mlma_cr2",0.9506,NA,0.8618,0.129414116571163,71.7449016396102,9.17283656497597e-05,1.00024577893829,0,0
177,80,"moderate","70_30","balanced",0,"independent","aggregate_hksj",0.9532,0.0468,NA,0.124134026956453,78,-0.000168420883314856,1.00195254007702,0,0
177,80,"moderate","70_30","balanced",0,"independent","che_rve",0.9512,0.0488,NA,0.123018586591514,41.8503597416523,-0.000152842768212496,0.996463698179125,0,0
177,80,"moderate","70_30","balanced",0,"independent","mlma",0.949,0.051,NA,0.119759509075297,NA,-0.000152842644855229,0.998953216925572,0,0
177,80,"moderate","70_30","balanced",0,"independent","mlma_cr2",0.9512,0.0488,NA,0.123018586413658,41.8503601093967,-0.000152842644855229,0.996463702948337,0,0
178,80,"moderate","70_30","balanced",0.1,"independent","aggregate_hksj",0.948,NA,0.8798,0.124108882873518,78,-0.000293897479093433,0.987108116437896,0,0
178,80,"moderate","70_30","balanced",0.1,"independent","che_rve",0.9484,NA,0.8856,0.122927390687482,41.9008752973602,-0.000253089256926395,0.980314702017155,0,0
178,80,"moderate","70_30","balanced",0.1,"independent","mlma",0.945,NA,0.9006,0.119757694127852,NA,-0.000253089079435928,0.983441948764446,0,0
178,80,"moderate","70_30","balanced",0.1,"independent","mlma_cr2",0.9484,NA,0.8856,0.122927390616917,41.9008755479053,-0.000253089079435928,0.980314703079383,0,0
179,80,"moderate","70_30","moderate",0,"independent","aggregate_hksj",0.9492,0.0508,NA,0.126132073544596,78,0.000919975542684287,1.00161595938972,0,0
179,80,"moderate","70_30","moderate",0,"independent","che_rve",0.9518,0.0482,NA,0.125024103389041,41.544125490633,0.000781253026288948,0.994604935303652,0,0
179,80,"moderate","70_30","moderate",0,"independent","mlma",0.9512,0.0488,NA,0.122002047152953,NA,0.000782326912535611,0.997951678689496,0,0
179,80,"moderate","70_30","moderate",0,"independent","mlma_cr2",0.9514,0.0486,NA,0.125167873102998,41.7520759714933,0.000782326912535611,0.994170673781645,0,0
180,80,"moderate","70_30","moderate",0.1,"independent","aggregate_hksj",0.953,NA,0.8808,0.126022498450302,78,0.000187249705197776,1.00684475204515,0,0
180,80,"moderate","70_30","moderate",0.1,"independent","che_rve",0.951,NA,0.8856,0.125122948618063,41.5383912741183,0.000286152176608837,0.998236952544983,0,0
180,80,"moderate","70_30","moderate",0.1,"independent","mlma",0.9468,NA,0.8956,0.121938769467744,NA,0.000264427992916899,1.00046555652663,0,0
180,80,"moderate","70_30","moderate",0.1,"independent","mlma_cr2",0.9502,NA,0.8856,0.125263577988094,41.7498831806061,0.000264427992916899,0.997951180634973,0,0
181,80,"moderate","70_30","severe",0,"independent","aggregate_hksj",0.956,0.044,NA,0.130755427701357,78,-0.000236674143888935,1.00164431436542,0,0
181,80,"moderate","70_30","severe",0,"independent","che_rve",0.9556,0.0444,NA,0.130227571723708,40.2078031585789,-0.000164515817293128,0.997250765047572,0,0
181,80,"moderate","70_30","severe",0,"independent","mlma",0.9512,0.0488,NA,0.127413851696987,NA,-6.974340089067e-05,0.999705330173126,0,0
181,80,"moderate","70_30","severe",0,"independent","mlma_cr2",0.9542,0.0458,NA,0.131151154249682,41.275139063756,-6.974340089067e-05,0.998834637116478,0,0
182,80,"moderate","70_30","severe",0.1,"independent","aggregate_hksj",0.952,NA,0.8542,0.131194037965326,78,-5.99302147261116e-05,0.995715685303588,0,0
182,80,"moderate","70_30","severe",0.1,"independent","che_rve",0.9494,NA,0.854,0.130531472397705,40.2620302719085,-4.51199926961021e-05,0.988720527537349,0,0
182,80,"moderate","70_30","severe",0.1,"independent","mlma",0.9472,NA,0.8648,0.127867774226052,NA,-1.17373781068769e-05,0.988317525538929,0,0
182,80,"moderate","70_30","severe",0.1,"independent","mlma_cr2",0.9498,NA,0.8508,0.131431994382757,41.3247749625293,-1.17373781068769e-05,0.986098989444559,0,0
183,80,"moderate","70_30","extreme",0,"independent","aggregate_hksj",0.9498,0.0502,NA,0.139590606048301,78,-0.000102518641612039,0.991656649448914,0,0
183,80,"moderate","70_30","extreme",0,"independent","che_rve",0.9496,0.0504,NA,0.139537165901519,37.1533976346917,-0.000164122505239917,0.984118150969865,0,0
183,80,"moderate","70_30","extreme",0,"independent","mlma",0.9458,0.0542,NA,0.138616204589584,NA,-0.000183383068076325,0.988336792998383,0,0
183,80,"moderate","70_30","extreme",0,"independent","mlma_cr2",0.9502,0.0498,NA,0.142891989425626,40.1710664398452,-0.000183383068076325,0.988073696376088,0,0
184,80,"moderate","70_30","extreme",0.1,"independent","aggregate_hksj",0.9462,NA,0.8034,0.139650411892905,78,0.000456064909984233,0.989312086860194,0,0
184,80,"moderate","70_30","extreme",0.1,"independent","che_rve",0.9482,NA,0.8018,0.139525481730187,37.1311084765968,0.000282054395667891,0.988792994586192,0,0
184,80,"moderate","70_30","extreme",0.1,"independent","mlma",0.949,NA,0.8022,0.138689394721777,NA,8.54091776414379e-06,0.993051160605626,0,0
184,80,"moderate","70_30","extreme",0.1,"independent","mlma_cr2",0.953,NA,0.7812,0.142647556661455,40.1410856530082,8.54091776414379e-06,0.99054317131626,0,0
185,80,"moderate","85_15","balanced",0,"independent","aggregate_hksj",0.9542,0.0458,NA,0.159408083422062,78,0.000326014670850481,1.01952185058708,0,0
185,80,"moderate","85_15","balanced",0,"independent","che_rve",0.9538,0.0462,NA,0.164829379300805,14.5505009465007,0.000340965821381407,0.997470311981272,0,0
185,80,"moderate","85_15","balanced",0,"independent","mlma",0.9514,0.0486,NA,0.153846971666608,NA,0.000340965673936581,1.01528662758497,0,0
185,80,"moderate","85_15","balanced",0,"independent","mlma_cr2",0.9538,0.0462,NA,0.164829378995945,14.5505011139673,0.000340965673936581,0.997470311242478,0,0
186,80,"moderate","85_15","balanced",0.1,"independent","aggregate_hksj",0.9558,NA,0.6922,0.159449835889317,78,-0.000839968105497427,1.01646609724223,0,0
186,80,"moderate","85_15","balanced",0.1,"independent","che_rve",0.9534,NA,0.6542,0.165181627544421,14.5446475040843,-0.000811308385778878,0.996426732760788,0,0
186,80,"moderate","85_15","balanced",0.1,"independent","mlma",0.9484,NA,0.7206,0.153922401661667,NA,-0.000811308408899411,1.01261344190263,0,0
186,80,"moderate","85_15","balanced",0.1,"independent","mlma_cr2",0.9534,NA,0.6542,0.165181627672315,14.5446475988987,-0.000811308408899411,0.996426736334609,0,0
187,80,"moderate","85_15","moderate",0,"independent","aggregate_hksj",0.9452,0.0548,NA,0.161684598460774,78,-2.2551587401361e-05,0.992792911000473,0,0
187,80,"moderate","85_15","moderate",0,"independent","che_rve",0.9482,0.0518,NA,0.167623922722878,14.4258450298513,-6.25591305248905e-05,0.970912597952245,0,0
187,80,"moderate","85_15","moderate",0,"independent","mlma",0.9406,0.0594,NA,0.156390952150402,NA,-5.05369276071517e-05,0.987635729946471,0,0
187,80,"moderate","85_15","moderate",0,"independent","mlma_cr2",0.9488,0.0512,NA,0.167822752723333,14.500937324843,-5.05369276071517e-05,0.971528798110228,0,0
188,80,"moderate","85_15","moderate",0.1,"independent","aggregate_hksj",0.947,NA,0.6692,0.161757132465284,78,-0.000739435680419204,0.993151642482878,0,0
188,80,"moderate","85_15","moderate",0.1,"independent","che_rve",0.9468,NA,0.6376,0.16837297300484,14.4263818183114,-0.000791640720675613,0.976565253895926,0,0
188,80,"moderate","85_15","moderate",0.1,"independent","mlma",0.9424,NA,0.6926,0.156473335594077,NA,-0.000792454743870852,0.98914163452181,0,0
188,80,"moderate","85_15","moderate",0.1,"independent","mlma_cr2",0.9458,NA,0.6372,0.168466108656004,14.4999088617504,-0.000792454743870852,0.976219609247906,0,0
189,80,"moderate","85_15","severe",0,"independent","aggregate_hksj",0.9496,0.0504,NA,0.168265242512672,78,0.00131445835881786,1.00448118909479,0,0
189,80,"moderate","85_15","severe",0,"independent","che_rve",0.9538,0.0462,NA,0.175599088210569,13.9640859938196,0.00122926918795887,0.987640368133644,0,0
189,80,"moderate","85_15","severe",0,"independent","mlma",0.9464,0.0536,NA,0.16407619821707,NA,0.00121369979812319,1.00387360641419,0,0
189,80,"moderate","85_15","severe",0,"independent","mlma_cr2",0.953,0.047,NA,0.17632390420409,14.3258091705275,0.00121369979812319,0.987736693357251,0,0
190,80,"moderate","85_15","severe",0.1,"independent","aggregate_hksj",0.9494,NA,0.6418,0.168417356829489,78,0.000375435656924092,0.995748940336006,0,0
190,80,"moderate","85_15","severe",0.1,"independent","che_rve",0.9496,NA,0.6052,0.176413874330334,13.9528839755087,0.000261269819340229,0.983332186877727,0,0
190,80,"moderate","85_15","severe",0.1,"independent","mlma",0.9432,NA,0.6614,0.164090479875849,NA,0.000293971129922729,0.990796422223553,0,0
190,80,"moderate","85_15","severe",0.1,"independent","mlma_cr2",0.9518,NA,0.603,0.177529861506451,14.3292018607906,0.000293971129922729,0.981447977205781,0,0
191,80,"moderate","85_15","extreme",0,"independent","aggregate_hksj",0.939,0.061,NA,0.179639685768657,78,0.000232555813223962,0.957679404879713,0,0
191,80,"moderate","85_15","extreme",0,"independent","che_rve",0.944,0.056,NA,0.189171644458125,12.9158573641177,0.000161646362991994,0.940450419267655,0,0
191,80,"moderate","85_15","extreme",0,"independent","mlma",0.9352,0.0648,NA,0.178311379317186,NA,-5.05322993529127e-05,0.960194102392069,0,0
191,80,"moderate","85_15","extreme",0,"independent","mlma_cr2",0.9474,0.0526,NA,0.192589369310272,13.9445061761956,-5.05322993529127e-05,0.946886760217303,0,0
192,80,"moderate","85_15","extreme",0.1,"independent","aggregate_hksj",0.9468,NA,0.5934,0.179207343081958,78,0.000395025534797297,0.997622320491183,0,0
192,80,"moderate","85_15","extreme",0.1,"independent","che_rve",0.9506,NA,0.551,0.188471645855951,12.9114243997329,0.000256653825281589,0.974482442337672,0,0
192,80,"moderate","85_15","extreme",0.1,"independent","mlma",0.9448,NA,0.6014,0.177798900047545,NA,0.000367814073377326,0.99527337855888,0,0
192,80,"moderate","85_15","extreme",0.1,"independent","mlma_cr2",0.9502,NA,0.5434,0.19228305804987,13.9521750721367,0.000367814073377326,0.982829749570883,0,0
193,80,"severe","50_50","balanced",0,"independent","aggregate_hksj",0.9518,0.0482,NA,0.122655032746323,78,-9.42785094071691e-05,1.00624295498884,0,0
193,80,"severe","50_50","balanced",0,"independent","che_rve",0.9492,0.0508,NA,0.119401202944226,72.2750037954938,-3.52200423241995e-05,1.00309614695215,0,0
193,80,"severe","50_50","balanced",0,"independent","mlma",0.945,0.055,NA,0.117410609633288,NA,-3.52199823096771e-05,1.00314505557287,0,0
193,80,"severe","50_50","balanced",0,"independent","mlma_cr2",0.9492,0.0508,NA,0.119401203013567,72.2750052823406,-3.52199823096771e-05,1.00309614331624,0,0
194,80,"severe","50_50","balanced",0.1,"independent","aggregate_hksj",0.9528,NA,0.8988,0.122665423102399,78,-0.00058874251323264,1.01752063934839,0,0
194,80,"severe","50_50","balanced",0.1,"independent","che_rve",0.9506,NA,0.9104,0.119368659621134,72.3342494290399,-0.000565083325598639,1.01211486084119,0,0
194,80,"severe","50_50","balanced",0.1,"independent","mlma",0.9462,NA,0.917,0.117359139463096,NA,-0.000565083365825961,1.0119838577099,0,0
194,80,"severe","50_50","balanced",0.1,"independent","mlma_cr2",0.9506,NA,0.9104,0.119368659569274,72.3342510636598,-0.000565083365825961,1.01211485896508,0,0
195,80,"severe","50_50","moderate",0,"independent","aggregate_hksj",0.9542,0.0458,NA,0.124561011802552,78,-0.000432343162277528,1.00352631395117,0,0
195,80,"severe","50_50","moderate",0,"independent","che_rve",0.9536,0.0464,NA,0.121433730112815,71.7173818859151,-0.000430717711234236,1.00489418704442,0,0
195,80,"severe","50_50","moderate",0,"independent","mlma",0.9494,0.0506,NA,0.119515141264533,NA,-0.000398618122390854,1.00317990513687,0,0
195,80,"severe","50_50","moderate",0,"independent","mlma_cr2",0.9522,0.0478,NA,0.121550676448641,71.916769543203,-0.000398618122390854,1.00312219987183,0,0
196,80,"severe","50_50","moderate",0.1,"independent","aggregate_hksj",0.952,NA,0.877,0.124288730560681,78,-0.000520420582626482,0.98673643047529,0,0
196,80,"severe","50_50","moderate",0.1,"independent","che_rve",0.9544,NA,0.8878,0.121060544278947,71.6746635911582,-0.00050354212416194,0.982275160119498,0,0
196,80,"severe","50_50","moderate",0.1,"independent","mlma",0.9502,NA,0.8934,0.119156826876502,NA,-0.000506265327372357,0.981723397177212,0,0
196,80,"severe","50_50","moderate",0.1,"independent","mlma_cr2",0.954,NA,0.8866,0.12118046869888,71.8705537074995,-0.000506265327372357,0.981608105824326,0,0
197,80,"severe","50_50","severe",0,"independent","aggregate_hksj",0.945,0.055,NA,0.129623859841993,78,-0.000210554771449814,0.990350353630073,0,0
197,80,"severe","50_50","severe",0,"independent","che_rve",0.9468,0.0532,NA,0.126611606392518,69.3976727270421,-0.0003081425470663,0.984359828745947,0,0
197,80,"severe","50_50","severe",0,"independent","mlma",0.9452,0.0548,NA,0.125285347715387,NA,-0.000266578826125164,0.988709852425664,0,0
197,80,"severe","50_50","severe",0,"independent","mlma_cr2",0.9488,0.0512,NA,0.127464349247102,70.5480068837792,-0.000266578826125164,0.988676830834755,0,0
198,80,"severe","50_50","severe",0.1,"independent","aggregate_hksj",0.9574,NA,0.8616,0.129241797546169,78,0.000250974791993555,1.01650752371097,0,0
198,80,"severe","50_50","severe",0.1,"independent","che_rve",0.9562,NA,0.8738,0.126364236081179,69.3362650068229,0.000102810663924646,1.01453660249704,0,0
198,80,"severe","50_50","severe",0.1,"independent","mlma",0.9544,NA,0.8746,0.12502018990521,NA,0.000156286631917149,1.01529303056797,0,0
198,80,"severe","50_50","severe",0.1,"independent","mlma_cr2",0.9578,NA,0.869,0.127181107612212,70.4828495702055,0.000156286631917149,1.01513612037175,0,0
199,80,"severe","50_50","extreme",0,"independent","aggregate_hksj",0.951,0.049,NA,0.137979058105697,78,5.71464915936585e-05,0.995298725797372,0,0
199,80,"severe","50_50","extreme",0,"independent","che_rve",0.9494,0.0506,NA,0.135243501470124,63.9630974486929,8.17421638590284e-05,0.993916126959638,0,0
199,80,"severe","50_50","extreme",0,"independent","mlma",0.945,0.055,NA,0.135769027999478,NA,0.000256159986024798,0.996308736702589,0,0
199,80,"severe","50_50","extreme",0,"independent","mlma_cr2",0.9492,0.0508,NA,0.138238220593376,67.5560139582517,0.000256159986024798,0.996287314083275,0,0
200,80,"severe","50_50","extreme",0.1,"independent","aggregate_hksj",0.953,NA,0.8194,0.137770131870078,78,0.00068299615624258,1.00319537076548,0,0
200,80,"severe","50_50","extreme",0.1,"independent","che_rve",0.9492,NA,0.8316,0.134922638152748,63.8511438718429,0.00063809988714128,0.992320323407787,0,0
200,80,"severe","50_50","extreme",0.1,"independent","mlma",0.945,NA,0.8236,0.135396622107157,NA,0.000667489727019924,0.991952594107091,0,0
200,80,"severe","50_50","extreme",0.1,"independent","mlma_cr2",0.9492,NA,0.8142,0.137879455550923,67.4787029195499,0.000667489727019924,0.992056703902018,0,0
201,80,"severe","70_30","balanced",0,"independent","aggregate_hksj",0.9514,0.0486,NA,0.133861369619716,78,-0.000124815221831335,0.999769454556857,0,0
201,80,"severe","70_30","balanced",0,"independent","che_rve",0.9522,0.0478,NA,0.131733532631291,40.4633490047962,3.42807715693232e-05,0.993151186854208,0,0
201,80,"severe","70_30","balanced",0,"independent","mlma",0.9478,0.0522,NA,0.128081542285742,NA,3.42808698632862e-05,0.995371859832703,0,0
201,80,"severe","70_30","balanced",0,"independent","mlma_cr2",0.9522,0.0478,NA,0.131733532730985,40.4633498090835,3.42808698632862e-05,0.993151185327729,0,0
202,80,"severe","70_30","balanced",0.1,"independent","aggregate_hksj",0.9498,NA,0.8342,0.133841434777492,78,-6.74433708119093e-05,1.00189838954189,0,0
202,80,"severe","70_30","balanced",0.1,"independent","che_rve",0.9476,NA,0.8468,0.131893974821847,40.5100529374183,-3.71471901529363e-05,0.992171468186021,0,0
202,80,"severe","70_30","balanced",0.1,"independent","mlma",0.9434,NA,0.863,0.128124832426219,NA,-3.71472324822431e-05,0.993481715668781,0,0
202,80,"severe","70_30","balanced",0.1,"independent","mlma_cr2",0.9476,NA,0.8468,0.131893974762647,40.5100537059562,-3.71472324822431e-05,0.992171473699705,0,0
203,80,"severe","70_30","moderate",0,"independent","aggregate_hksj",0.9508,0.0492,NA,0.135634358838311,78,3.78398749196741e-05,0.996815449128478,0,0
203,80,"severe","70_30","moderate",0,"independent","che_rve",0.9498,0.0502,NA,0.13356578168137,40.1154888508233,0.000142885614008611,0.987001737305292,0,0
203,80,"severe","70_30","moderate",0,"independent","mlma",0.9458,0.0542,NA,0.130093779465757,NA,0.000113213485066126,0.990521375789905,0,0
203,80,"severe","70_30","moderate",0,"independent","mlma_cr2",0.9506,0.0494,NA,0.133714368792446,40.232304035738,0.000113213485066126,0.987473908517519,0,0
204,80,"severe","70_30","moderate",0.1,"independent","aggregate_hksj",0.9528,NA,0.8304,0.135593146054246,78,1.82021093894508e-05,1.01215784507686,0,0
204,80,"severe","70_30","moderate",0.1,"independent","che_rve",0.9536,NA,0.8396,0.133702931213961,40.1437009182335,0.000126558871257204,1.0092727740559,0,0
204,80,"severe","70_30","moderate",0.1,"independent","mlma",0.9482,NA,0.855,0.130088596910612,NA,0.000138938878499112,1.01082755368988,0,0
204,80,"severe","70_30","moderate",0.1,"independent","mlma_cr2",0.9542,NA,0.8384,0.133836573445323,40.2550080407685,0.000138938878499112,1.00869222219564,0,0
205,80,"severe","70_30","severe",0,"independent","aggregate_hksj",0.9442,0.0558,NA,0.140986851799298,78,-7.53934404729511e-05,0.987942306112833,0,0
205,80,"severe","70_30","severe",0,"independent","che_rve",0.946,0.054,NA,0.139418507993576,38.7860174186552,1.80073733321863e-05,0.98226363883526,0,0
205,80,"severe","70_30","severe",0,"independent","mlma",0.9396,0.0604,NA,0.136230821801232,NA,0.000179125377893804,0.982641125086394,0,0
205,80,"severe","70_30","severe",0,"independent","mlma_cr2",0.9446,0.0554,NA,0.140255046792853,39.4119155967505,0.000179125377893804,0.980584777681467,0,0
206,80,"severe","70_30","severe",0.1,"independent","aggregate_hksj",0.9506,NA,0.7966,0.141066815178737,78,-0.000126479896594672,1.00770019038017,0,0
206,80,"severe","70_30","severe",0.1,"independent","che_rve",0.948,NA,0.8014,0.139558408136123,38.8066087753093,-8.59379142213318e-05,0.998869591431134,0,0
206,80,"severe","70_30","severe",0.1,"independent","mlma",0.9442,NA,0.8172,0.136268788825634,NA,-4.65849475515812e-06,0.999528574226852,0,0
206,80,"severe","70_30","severe",0.1,"independent","mlma_cr2",0.9466,NA,0.797,0.140401146473071,39.4374670502173,-4.65849475515812e-06,0.998216227374559,0,0
207,80,"severe","70_30","extreme",0,"independent","aggregate_hksj",0.9506,0.0494,NA,0.150573195397263,78,-0.000211117492098815,0.997625879572537,0,0
207,80,"severe","70_30","extreme",0,"independent","che_rve",0.9472,0.0528,NA,0.149584249603488,35.9519189427511,-0.000187850200000157,0.985497875743818,0,0
207,80,"severe","70_30","extreme",0,"independent","mlma",0.9456,0.0544,NA,0.148001928863604,NA,-0.000141704958667523,0.991953425697318,0,0
207,80,"severe","70_30","extreme",0,"independent","mlma_cr2",0.9504,0.0496,NA,0.152585560660842,37.872815923089,-0.000141704958667523,0.989895458020081,0,0
208,80,"severe","70_30","extreme",0.1,"independent","aggregate_hksj",0.9468,NA,0.7346,0.150554238853066,78,-0.000533794523246173,0.990440877609042,0,0
208,80,"severe","70_30","extreme",0.1,"independent","che_rve",0.9468,NA,0.7422,0.149385358297801,35.9287776114228,-0.000500457872086357,0.980201802907444,0,0
208,80,"severe","70_30","extreme",0.1,"independent","mlma",0.944,NA,0.7426,0.148066365169483,NA,-0.000595579129216858,0.990985491475962,0,0
208,80,"severe","70_30","extreme",0.1,"independent","mlma_cr2",0.9492,NA,0.7254,0.152587637800328,37.8735591802029,-0.000595579129216858,0.988512997447472,0,0
209,80,"severe","85_15","balanced",0,"independent","aggregate_hksj",0.9536,0.0464,NA,0.171474557397034,78,-0.00119157118819405,1.01756141645337,0,0
209,80,"severe","85_15","balanced",0,"independent","che_rve",0.9524,0.0476,NA,0.177477500041428,14.0799039383888,-0.00143464682463703,1.00147236446372,0,0
209,80,"severe","85_15","balanced",0,"independent","mlma",0.9492,0.0508,NA,0.164432564865796,NA,-0.00143464694892435,1.01483906150268,0,0
209,80,"severe","85_15","balanced",0,"independent","mlma_cr2",0.9524,0.0476,NA,0.177477500300304,14.0799041783562,-0.00143464694892435,1.00147236329166,0,0
210,80,"severe","85_15","balanced",0.1,"independent","aggregate_hksj",0.9484,NA,0.6232,0.171539916093051,78,0.000149193131315326,0.99839430046688,0,0
210,80,"severe","85_15","balanced",0.1,"independent","che_rve",0.9556,NA,0.5992,0.176802167717816,14.0778333105096,0.00025395246259155,0.984477570420366,0,0
210,80,"severe","85_15","balanced",0.1,"independent","mlma",0.946,NA,0.655,0.164466087081064,NA,0.000253952357945078,1.00163686959079,0,0
210,80,"severe","85_15","balanced",0.1,"independent","mlma_cr2",0.9556,NA,0.5992,0.17680216777682,14.0778336366856,0.000253952357945078,0.98447756905487,0,0
211,80,"severe","85_15","moderate",0,"independent","aggregate_hksj",0.9528,0.0472,NA,0.174423504067139,78,4.32194524145193e-05,1.00789184286329,0,0
211,80,"severe","85_15","moderate",0,"independent","che_rve",0.9518,0.0482,NA,0.180615800471385,13.9669278918424,4.09696667829017e-06,0.985139359721443,0,0
211,80,"severe","85_15","moderate",0,"independent","mlma",0.9446,0.0554,NA,0.167404985679309,NA,1.82121738180742e-05,0.998455140581757,0,0
211,80,"severe","85_15","moderate",0,"independent","mlma_cr2",0.9524,0.0476,NA,0.180768967134148,13.9996592390292,1.82121738180742e-05,0.985203072853158,0,0
212,80,"severe","85_15","moderate",0.1,"independent","aggregate_hksj",0.9496,NA,0.6198,0.174561465948598,78,0.000261443944877857,0.996687887874106,0,0
212,80,"severe","85_15","moderate",0.1,"independent","che_rve",0.9508,NA,0.5872,0.181054437592989,13.9723592089556,0.000345521633270021,0.980665222259873,0,0
212,80,"severe","85_15","moderate",0.1,"independent","mlma",0.9474,NA,0.6498,0.167801944854603,NA,0.000364985743292523,0.995157737392857,0,0
212,80,"severe","85_15","moderate",0.1,"independent","mlma_cr2",0.9512,NA,0.5866,0.181196535931243,14.0022320150481,0.000364985743292523,0.981969569818181,0,0
213,80,"severe","85_15","severe",0,"independent","aggregate_hksj",0.951,0.049,NA,0.181039095593915,78,-0.000613009344008199,1.01674214014614,0,0
213,80,"severe","85_15","severe",0,"independent","che_rve",0.9496,0.0504,NA,0.188309505847864,13.5179675005267,-0.000562343722466644,0.994232565316978,0,0
213,80,"severe","85_15","severe",0,"independent","mlma",0.9462,0.0538,NA,0.175053388423909,NA,-0.000593560696388398,1.00749332638317,0,0
213,80,"severe","85_15","severe",0,"independent","mlma_cr2",0.949,0.051,NA,0.189161558586817,13.7117371946403,-0.000593560696388398,0.992670604838236,0,0
214,80,"severe","85_15","severe",0.1,"independent","aggregate_hksj",0.9478,NA,0.5852,0.181278802801665,78,-2.72274181302296e-05,0.999797280673452,0,0
214,80,"severe","85_15","severe",0.1,"independent","che_rve",0.9512,NA,0.5524,0.189287648349149,13.5258795687937,-9.96892813151518e-06,0.986089194110286,0,0
214,80,"severe","85_15","severe",0.1,"independent","mlma",0.9464,NA,0.6102,0.175082744716701,NA,-4.48223684118704e-05,0.993939827502917,0,0
214,80,"severe","85_15","severe",0.1,"independent","mlma_cr2",0.9508,NA,0.548,0.189996575473857,13.721626246165,-4.48223684118704e-05,0.98356038711848,0,0
215,80,"severe","85_15","extreme",0,"independent","aggregate_hksj",0.9478,0.0522,NA,0.193389981983077,78,0.000285585021878834,0.984785144199986,0,0
215,80,"severe","85_15","extreme",0,"independent","che_rve",0.9476,0.0524,NA,0.203258253860188,12.5297915283303,0.000248613460728745,0.962872306310213,0,0
215,80,"severe","85_15","extreme",0,"independent","mlma",0.9422,0.0578,NA,0.189958673990798,NA,0.000289419366155981,0.97970281034599,0,0
215,80,"severe","85_15","extreme",0,"independent","mlma_cr2",0.9472,0.0528,NA,0.206312075608888,13.1522093709054,0.000289419366155981,0.965730829183743,0,0
216,80,"severe","85_15","extreme",0.1,"independent","aggregate_hksj",0.9534,NA,0.5318,0.193718396356756,78,0.000494158474090636,1.00302415174496,0,0
216,80,"severe","85_15","extreme",0.1,"independent","che_rve",0.952,NA,0.5026,0.203904064510965,12.5049655648232,0.000487584526502077,0.98308981865234,0,0
216,80,"severe","85_15","extreme",0.1,"independent","mlma",0.9484,NA,0.5458,0.190221556977559,NA,0.000467225469798174,0.995903737759332,0,0
216,80,"severe","85_15","extreme",0.1,"independent","mlma_cr2",0.9566,NA,0.4858,0.207175060041948,13.138516777672,0.000467225469798174,0.984394094424999,0,0
217,20,"severe","85_15","extreme",0,"n_majority","aggregate_hksj",0.9632,0.0368,NA,0.607640425455074,18,-0.00114346356587649,1.00548969363591,0,0
217,20,"severe","85_15","extreme",0,"n_majority","che_rve",0.9716,0.0284,NA,1.04712639843632,2.13813852829515,-0.000965038902638691,0.900383702925926,0,0
217,20,"severe","85_15","extreme",0,"n_majority","mlma",0.89,0.11,NA,0.489266477255498,NA,-0.00132584074996357,0.842541900402575,0,0
217,20,"severe","85_15","extreme",0,"n_majority","mlma_cr2",0.9736,0.0264,NA,1.07080281679138,2.00691521492798,-0.00132584074996357,0.837944029521908,0,0
218,20,"severe","85_15","extreme",0,"n_minority","aggregate_hksj",0.9338,0.0662,NA,0.34696154754283,18,-0.00065753910643114,0.969107523950845,0,0
218,20,"severe","85_15","extreme",0,"n_minority","che_rve",0.9594,0.0406,NA,0.489566170287744,3.09228243929216,-0.000493276000491936,0.915208507639592,0,0
218,20,"severe","85_15","extreme",0,"n_minority","mlma",0.932,0.068,NA,0.341691997583969,NA,-0.000258615135508374,1.02868389427373,0,0
218,20,"severe","85_15","extreme",0,"n_minority","mlma_cr2",0.9674,0.0326,NA,0.508314928102599,2.92808451917745,-0.000258615135508374,0.926165103226735,0,0
219,20,"severe","85_15","extreme",0,"nk_majority","aggregate_hksj",0.9578,0.0422,NA,0.659909690397498,18,0.00112546716665566,0.977619401096503,0,2e-04
219,20,"severe","85_15","extreme",0,"nk_majority","che_rve",0.962,0.038,NA,1.1514711928005,2.16052356145103,0.00123373140747265,0.894537345791637,0,0
219,20,"severe","85_15","extreme",0,"nk_majority","mlma",0.9494,0.0506,NA,0.629674581711579,NA,0.00123475554365153,1.00058661318551,0,0
219,20,"severe","85_15","extreme",0,"nk_majority","mlma_cr2",0.9616,0.0384,NA,1.15164705418917,2.16075384005141,0.00123475554365153,0.894708544488836,0,0
220,20,"severe","85_15","extreme",0,"nk_minority","aggregate_hksj",0.9552,0.0448,NA,0.334092564917056,18,0.00018698300496983,1.09797533481965,0,0
220,20,"severe","85_15","extreme",0,"nk_minority","che_rve",0.9526,0.0474,NA,0.38649943451591,4.16237581250779,5.73367498516362e-05,0.9484157316154,0,0
220,20,"severe","85_15","extreme",0,"nk_minority","mlma",0.915,0.085,NA,0.278371284181502,NA,5.92025388926081e-05,0.982033053656911,0,0
220,20,"severe","85_15","extreme",0,"nk_minority","mlma_cr2",0.9556,0.0444,NA,0.391548556018912,3.9590636861602,5.92025388926081e-05,0.948216319999332,0,0
221,20,"severe","85_15","extreme",0.1,"n_majority","aggregate_hksj",0.9608,NA,0.0876,0.610225259186536,18,-0.00022896770534768,0.993293441869659,0,0
221,20,"severe","85_15","extreme",0.1,"n_majority","che_rve",0.9686,NA,0.0562,1.05948136599552,2.13982195231473,-0.000106088342699123,0.894694940078881,0,0
221,20,"severe","85_15","extreme",0.1,"n_majority","mlma",0.879,NA,0.191,0.490743656115868,NA,0.000317898339758052,0.831342791445049,0,0
221,20,"severe","85_15","extreme",0.1,"n_majority","mlma_cr2",0.9676,NA,0.0532,1.0762824655941,2.0124764453873,0.000317898339758052,0.830548188207483,0,0
222,20,"severe","85_15","extreme",0.1,"n_minority","aggregate_hksj",0.9328,NA,0.2226,0.345101529656998,18,9.22546992210976e-05,0.957536108750424,0,0
222,20,"severe","85_15","extreme",0.1,"n_minority","che_rve",0.9606,NA,0.1306,0.486850016948007,3.09440009455868,0.000727112662254004,0.908603606246301,0,0
222,20,"severe","85_15","extreme",0.1,"n_minority","mlma",0.9348,NA,0.2266,0.341074231717518,NA,0.000453018474782504,1.02729398327943,0,0
222,20,"severe","85_15","extreme",0.1,"n_minority","mlma_cr2",0.971,NA,0.1114,0.506622942886836,2.92792827059776,0.000453018474782504,0.923513271741509,0,0
223,20,"severe","85_15","extreme",0.1,"nk_majority","aggregate_hksj",0.9558,NA,0.0864,0.658553490903587,18,-0.000914677562503949,0.965795380447039,0,0
223,20,"severe","85_15","extreme",0.1,"nk_majority","che_rve",0.9596,NA,0.0608,1.15490830532997,2.159316998944,-0.000981371231325787,0.887393573017163,0,0
223,20,"severe","85_15","extreme",0.1,"nk_majority","mlma",0.9486,NA,0.1014,0.628994404384089,NA,-0.000995926790364698,0.989129182756834,0,0
223,20,"severe","85_15","extreme",0.1,"nk_majority","mlma_cr2",0.96,NA,0.0608,1.15499360866679,2.15959589106627,-0.000995926790364698,0.887571970129398,0,0
224,20,"severe","85_15","extreme",0.1,"nk_minority","aggregate_hksj",0.9574,NA,0.216,0.334199413754384,18,-0.000418898241175081,1.0922998591913,0,0
224,20,"severe","85_15","extreme",0.1,"nk_minority","che_rve",0.9542,NA,0.184,0.38640166814141,4.15132121135752,-0.000376050097541214,0.942432953292141,0,0
224,20,"severe","85_15","extreme",0.1,"nk_minority","mlma",0.915,NA,0.314,0.278841958696599,NA,-0.000343447605390429,0.978628576829702,0,0
224,20,"severe","85_15","extreme",0.1,"nk_minority","mlma_cr2",0.9568,NA,0.1776,0.391284483427951,3.95188045077827,-0.000343447605390429,0.942218989911044,0,0
225,40,"severe","85_15","extreme",0,"n_majority","aggregate_hksj",0.952,0.048,NA,0.410592973459555,38,-0.00172900950296118,0.990170295143889,0,0
225,40,"severe","85_15","extreme",0,"n_majority","che_rve",0.95,0.05,NA,0.483857359688454,5.23040109042384,-0.0015857262331917,0.933412398010333,0,0
225,40,"severe","85_15","extreme",0,"n_majority","mlma",0.8828,0.1172,NA,0.337832227667616,NA,-0.000631253313805208,0.81176151186971,0,0
225,40,"severe","85_15","extreme",0,"n_majority","mlma_cr2",0.9488,0.0512,NA,0.507407984508553,4.43940300279957,-0.000631253313805208,0.887700721774707,0,0
226,40,"severe","85_15","extreme",0,"n_minority","aggregate_hksj",0.9416,0.0584,NA,0.240689597906238,38,0.000704839055689817,0.978370486396881,0,0
226,40,"severe","85_15","extreme",0,"n_minority","che_rve",0.9468,0.0532,NA,0.266938123627283,7.38244621680657,0.000808053564798952,0.950434883205013,0,0
226,40,"severe","85_15","extreme",0,"n_minority","mlma",0.946,0.054,NA,0.245041871505446,NA,0.00080683502715344,1.04153282200425,0,0
226,40,"severe","85_15","extreme",0,"n_minority","mlma_cr2",0.953,0.047,NA,0.271428983606627,7.22891932555638,0.00080683502715344,0.962027674686874,0,0
227,40,"severe","85_15","extreme",0,"nk_majority","aggregate_hksj",0.9532,0.0468,NA,0.447028241986831,38,0.000667709439583932,0.973499729384165,0,0
227,40,"severe","85_15","extreme",0,"nk_majority","che_rve",0.9574,0.0426,NA,0.544210984467214,5.37222280281694,0.000658688146068325,0.953999770380059,0,0
227,40,"severe","85_15","extreme",0,"nk_majority","mlma",0.9516,0.0484,NA,0.441781244209458,NA,0.000670394301322323,0.995007220561605,0,0
227,40,"severe","85_15","extreme",0,"nk_majority","mlma_cr2",0.9572,0.0428,NA,0.544249882389531,5.3725828301213,0.000670394301322323,0.954244171485797,0,0
228,40,"severe","85_15","extreme",0,"nk_minority","aggregate_hksj",0.9618,0.0382,NA,0.230246625632701,38,-1.84854261730773e-05,1.08898520173603,0,0
228,40,"severe","85_15","extreme",0,"nk_minority","che_rve",0.9446,0.0554,NA,0.224425109598678,9.79080284406501,-0.000125427209682232,0.961507832834331,0,0
228,40,"severe","85_15","extreme",0,"nk_minority","mlma",0.9276,0.0724,NA,0.200372211165452,NA,-0.000137780592752468,0.9825840785987,0,0
228,40,"severe","85_15","extreme",0,"nk_minority","mlma_cr2",0.9444,0.0556,NA,0.225361498219123,9.46621136210614,-0.000137780592752468,0.961553176508788,0,0
229,40,"severe","85_15","extreme",0.1,"n_majority","aggregate_hksj",0.9566,NA,0.1558,0.410019478787513,38,0.00123484513015369,1.00222531711267,0,0
229,40,"severe","85_15","extreme",0.1,"n_majority","che_rve",0.9532,NA,0.1282,0.484846713289676,5.21618590208382,0.00129956945957906,0.948698087861003,0,0
229,40,"severe","85_15","extreme",0.1,"n_majority","mlma",0.8862,NA,0.2782,0.337660382647947,NA,0.00165935013245568,0.82380478564935,0,0
229,40,"severe","85_15","extreme",0.1,"n_majority","mlma_cr2",0.9522,NA,0.131,0.510401958811904,4.42504520682715,0.00165935013245568,0.905623913105401,0,0
230,40,"severe","85_15","extreme",0.1,"n_minority","aggregate_hksj",0.9448,NA,0.3716,0.240109935484374,38,-0.000596554848145678,0.996868041331063,0,0
230,40,"severe","85_15","extreme",0.1,"n_minority","che_rve",0.9528,NA,0.3236,0.264481030974212,7.37674778382642,-0.000527531096155692,0.971416774454834,0,0
230,40,"severe","85_15","extreme",0.1,"n_minority","mlma",0.955,NA,0.3594,0.244561723995026,NA,-0.00047560591722666,1.06740687057012,0,0
230,40,"severe","85_15","extreme",0.1,"n_minority","mlma_cr2",0.9552,NA,0.3084,0.269322289842437,7.22320537831085,-0.00047560591722666,0.980068098165873,0,0
231,40,"severe","85_15","extreme",0.1,"nk_majority","aggregate_hksj",0.955,NA,0.1458,0.446111888619049,38,0.00152772690635077,0.981712625705958,0,0
231,40,"severe","85_15","extreme",0.1,"nk_majority","che_rve",0.9548,NA,0.114,0.542373959309961,5.3714748754357,0.00159853574121083,0.959637738502443,0,0
231,40,"severe","85_15","extreme",0.1,"nk_majority","mlma",0.9528,NA,0.1504,0.441707953147325,NA,0.00159681277475601,1.00417270871504,0,0
231,40,"severe","85_15","extreme",0.1,"nk_majority","mlma_cr2",0.9546,NA,0.1138,0.542413540311571,5.37179291350534,0.00159681277475601,0.959892233144254,0,0
232,40,"severe","85_15","extreme",0.1,"nk_minority","aggregate_hksj",0.9612,NA,0.3924,0.23042509995018,38,-0.000749046664274194,1.10317326429148,0,0
232,40,"severe","85_15","extreme",0.1,"nk_minority","che_rve",0.9486,NA,0.4092,0.224766515535694,9.75997318861516,-0.000681045497252078,0.973662092575158,0,0
232,40,"severe","85_15","extreme",0.1,"nk_minority","mlma",0.9344,NA,0.4904,0.200660510735205,NA,-0.000663523210193723,0.994732779835879,0,0
232,40,"severe","85_15","extreme",0.1,"nk_minority","mlma_cr2",0.9498,NA,0.4072,0.225753987473835,9.44227759420356,-0.000663523210193723,0.973648417994212,0,0
